,x1,y,rep,ymodel
0,-1.9950000000000427,0.0034004969860008,0.0,-0.0234549076536143
1,-1.9900000000000428,0.0034008070880304,0.0,-0.022984633638579777
2,-1.985000000000043,0.00340111719006,0.0,-0.02251402650523343
3,-1.980000000000043,0.0034014272920895,0.0,-0.02204308722415871
4,-1.9750000000000432,0.0034017373941191,0.0,-0.021571816768069574
5,-1.9700000000000435,0.0034020474961487,0.0,-0.021100216111801018
6,-1.9650000000000436,0.0034023575981783,0.0,-0.020628286232296122
7,-1.9600000000000437,0.0034026677002079,0.0,-0.020156028108596735
8,-1.955000000000044,0.0034029778022375,0.0,-0.01968344272183159
9,-1.950000000000044,0.0034032879042671,0.0,-0.019210531055206204
10,-1.945000000000044,0.0034035980062967,0.0,-0.018737294093990775
11,-1.940000000000044,0.0034039081083263,0.0,-0.018263732825510415
12,-1.935000000000044,0.0034042182103559,0.0,-0.01778984823913371
13,-1.930000000000044,0.0034045283123855,0.0,-0.017315641326260733
14,-1.925000000000044,0.0034048384144151,0.0,-0.01684111308031422
15,-1.9200000000000443,0.0034051485164447,0.0,-0.01636626449672629
16,-1.9150000000000444,0.0034054586184742,0.0,-0.015891096572928864
17,-1.9100000000000448,0.0034057687205039,0.0,-0.01541561030834221
18,-1.9050000000000449,0.0034060788225335,0.0,-0.014939806704363678
19,-1.9000000000000448,0.003406388924563,0.0,-0.014463686764357664
20,-1.8950000000000449,0.0034066990265926,0.0,-0.013987251493642439
21,-1.890000000000045,0.0034070091286222,0.0,-0.01351050189948183
22,-1.885000000000045,0.0034073192306518,0.0,-0.013033438991071622
23,-1.8800000000000447,0.0034076293326814,0.0,-0.01255606377953078
24,-1.8750000000000453,0.003407939434711,0.0,-0.012078377277888408
25,-1.8700000000000452,0.0034082495367406,0.0,-0.011600380501074092
26,-1.8650000000000453,0.0034085596387702,0.0,-0.011122074465905851
27,-1.8600000000000456,0.0034088697407998,0.0,-0.010643460191079646
28,-1.8550000000000455,0.0034091798428293,0.0,-0.010164538697158443
29,-1.8500000000000456,0.0034094899448589,0.0,-0.00968531100656056
30,-1.845000000000046,0.0034098000468885,0.0,-0.009205778143549226
31,-1.840000000000046,0.0034101101489181,0.0,-0.008725941134220594
32,-1.835000000000046,0.0034104202509478,0.0,-0.008245801006493747
33,-1.8300000000000465,0.0034107303529773,0.0,-0.007765358790099264
34,-1.8250000000000464,0.0034110404550069,0.0,-0.007284615516567838
35,-1.8200000000000465,0.0034113505570365,0.0,-0.006803572219218679
36,-1.8150000000000464,0.0034116606590661,0.0,-0.006322229933150458
37,-1.810000000000047,0.0034119707610957,0.0,-0.005840589695228382
38,-1.8050000000000468,0.0034122808631253,0.0,-0.00535865254407325
39,-1.800000000000047,0.0034125909651549,0.0,-0.004876419520052022
40,-1.795000000000047,0.0034129010671845,0.0,-0.004393891665264549
41,-1.790000000000047,0.0034132111692141,0.0,-0.003911070023533969
42,-1.7850000000000472,0.0034135212712436,0.0,-0.0034279556403961076
43,-1.780000000000047,0.0034138313732733,0.0,-0.0029445495630864293
44,-1.7750000000000474,0.0034141414753028,0.0,-0.0024608528405311025
45,-1.7700000000000475,0.0034144515773324,0.0,-0.0019768665233349525
46,-1.7650000000000476,0.003414761679362,0.0,-0.0014925916637710257
47,-1.7600000000000475,0.0034150717813916,0.0,-0.0010080293157684883
48,-1.755000000000048,0.0034153818834212,0.0,-0.0005231805349032448
49,-1.750000000000048,0.0034156919854508,0.0,-3.8046378385836466e-05
50,-1.745000000000048,0.0034160020874804,0.0,0.00044737209494899455
51,-1.7400000000000482,0.00341631218951,0.0,0.0009330738246536852
52,-1.7350000000000485,0.0034166222915396,0.0,0.0014190577486782874
53,-1.7300000000000484,0.0034169323935692,0.0,0.0019053228033820702
54,-1.7250000000000485,0.0034172424955988,0.0,0.0023918679235430673
55,-1.7200000000000486,0.0034175525976283,0.0,0.0028786920423709006
56,-1.7150000000000487,0.0034178626996579,0.0,0.0033657940915156614
57,-1.7100000000000488,0.0034181728016876,0.0,0.003853173001080401
58,-1.705000000000049,0.0034184829037171,0.0,0.004340827699631122
59,-1.700000000000049,0.0034187930057467,0.0,0.004828757114207161
60,-1.6950000000000491,0.0034191031077764,0.0,0.005316960170333562
61,-1.6900000000000492,0.0034194132098059,0.0,0.005805435792030411
62,-1.6850000000000491,0.0034197233118355,0.0,0.006294182901823986
63,-1.6800000000000497,0.0034200334138651,0.0,0.006783200420757696
64,-1.6750000000000496,0.0034203435158947,0.0,0.007272487268402794
65,-1.6700000000000497,0.0034206536179243,0.0,0.007762042362869093
66,-1.6650000000000498,0.0034209637199539,0.0,0.008251864620815286
67,-1.66000000000005,0.0034212738219835,0.0,0.008741952957460497
68,-1.65500000000005,0.0034215839240131,0.0,0.009232306286593939
69,-1.65000000000005,0.0034218940260427,0.0,0.009722923520585569
70,-1.6450000000000502,0.0034222041280722,0.0,0.010213803570398194
71,-1.6400000000000503,0.0034225142301019,0.0,0.010704945345596018
72,-1.6350000000000504,0.0034228243321314,0.0,0.011196347754356017
73,-1.6300000000000503,0.003423134434161,0.0,0.01168800970347944
74,-1.6250000000000506,0.0034234445361906,0.0,0.012179930098400904
75,-1.6200000000000507,0.0034237546382202,0.0,0.012672107843199498
76,-1.6150000000000508,0.0034240647402498,0.0,0.013164541840608945
77,-1.610000000000051,0.0034243748422794,0.0,0.013657230992028924
78,-1.605000000000051,0.003424684944309,0.0,0.014150174197534504
79,-1.6000000000000512,0.0034249950463386,0.0,0.014643370355886143
80,-1.5950000000000513,0.0034253051483682,0.0,0.015136818364541949
81,-1.5900000000000514,0.0034256152503978,0.0,0.0156305171196664
82,-1.5850000000000517,0.0034259253524273,0.0,0.01612446551614055
83,-1.5800000000000516,0.0034262354544569,0.0,0.01661866244757315
84,-1.5750000000000517,0.0034265455564866,0.0,0.017113106806310674
85,-1.5700000000000518,0.0034268556585162,0.0,0.017607797483446985
86,-1.565000000000052,0.0034271657605457,0.0,0.018102733368834334
87,-1.560000000000052,0.0034274758625753,0.0,0.018597913351092732
88,-1.555000000000052,0.0034277859646049,0.0,0.01909333631762078
89,-1.5500000000000522,0.0034280960666345,0.0,0.01958900115460488
90,-1.5450000000000523,0.0034284061686641,0.0,0.020084906747030284
91,-1.5400000000000524,0.0034287162706937,0.0,0.020581051978690423
92,-1.5350000000000523,0.0034290263727233,0.0,0.02107743573219656
93,-1.5300000000000529,0.0034293364747528,0.0,0.021574056888989224
94,-1.5250000000000528,0.0034296465767825,0.0,0.02207091432934688
95,-1.5200000000000529,0.003429956678812,0.0,0.022568006932395523
96,-1.515000000000053,0.0034302667808416,0.0,0.02306533357611973
97,-1.510000000000053,0.0034305768828712,0.0,0.023562893137371477
98,-1.5050000000000532,0.0034308869849008,0.0,0.02406068449188048
99,-1.5000000000000533,0.0034311970869304,0.0,0.02455870651426384
100,-1.4950000000000534,0.00343150718896,0.0,0.025056958078035096
101,-1.4900000000000535,0.0034318172909896,0.0,0.025555438055615054
102,-1.4850000000000536,0.0034321273930192,0.0,0.026054145318340716
103,-1.4800000000000535,0.0034324374950488,0.0,0.026553078736474722
104,-1.4750000000000538,0.0034327475970784,0.0,0.02705223717921512
105,-1.470000000000054,0.003433057699108,0.0,0.027551619514704695
106,-1.465000000000054,0.0034333678011376,0.0,0.028051224610041448
107,-1.460000000000054,0.0034336779031672,0.0,0.028551051331286215
108,-1.4550000000000542,0.0034339880051967,0.0,0.029051098543473874
109,-1.4500000000000544,0.0034342981072263,0.0,0.029551365110621453
110,-1.4450000000000545,0.003434608209256,0.0,0.030051849895737892
111,-1.4400000000000546,0.0034349183112855,0.0,0.030552551760833213
112,-1.435000000000055,0.0034352284133151,0.0,0.03105346956692817
113,-1.4300000000000548,0.0034355385153447,0.0,0.03155460217406325
114,-1.425000000000055,0.0033982622143195,0.0,0.03205594844130666
115,-1.420000000000055,0.003338495872956,0.0,0.03255750722676576
116,-1.415000000000055,0.0032787295315924,0.0,0.03305927738759373
117,-1.4100000000000552,0.0032189631902289,0.0,0.03356125778000041
118,-1.405000000000055,0.0031591968488654,0.0,0.034063447259259805
119,-1.4000000000000554,0.0030994305075018,0.0,0.034565844679720514
120,-1.3950000000000555,0.0030396641661383,0.0,0.035068448894813475
121,-1.3900000000000556,0.0029798978247747,0.0,0.0355712587570608
122,-1.3850000000000555,0.0029201314834112,0.0,0.0360742731180857
123,-1.3800000000000558,0.0028603651420477,0.0,0.03657749082861955
124,-1.375000000000056,0.0028005988006841,0.0,0.03708091073851255
125,-1.370000000000056,0.0027408324593206,0.0,0.03758453169674042
126,-1.3650000000000562,0.002681066117957,0.0,0.038088352551414295
127,-1.3600000000000565,0.0026212997765936,0.0,0.0385923721497895
128,-1.3550000000000564,0.00256153343523,0.0,0.039096589338272036
129,-1.3500000000000565,0.0025017670938664,0.0,0.039601002962430076
130,-1.3450000000000566,0.0024420007525029,0.0,0.040105611867000124
131,-1.3400000000000567,0.0023822344111394,0.0,0.04061041489589573
132,-1.3350000000000568,0.0023224680697758,0.0,0.0411154108922171
133,-1.330000000000057,0.0022627017284123,0.0,0.04162059869825763
134,-1.325000000000057,0.0022029353870488,0.0,0.04212597715551325
135,-1.3200000000000571,0.0021431690456852,0.0,0.04263154510469053
136,-1.3150000000000572,0.0020834027043217,0.0,0.04313730138571448
137,-1.3100000000000571,0.0020236363629582,0.0,0.04364324483773635
138,-1.3050000000000574,0.0019638700215946,0.0,0.04414937429914251
139,-1.3000000000000576,0.0019041036802311,0.0,0.044655688607562416
140,-1.2950000000000577,0.0018443373388676,0.0,0.04516218659987481
141,-1.2900000000000578,0.001784570997504,0.0,0.0456688671122184
142,-1.285000000000058,0.0017248046561405,0.0,0.04617572897999722
143,-1.280000000000058,0.001665038314777,0.0,0.04668277103788976
144,-1.275000000000058,0.0016052719734134,0.0,0.04718999211985636
145,-1.2700000000000582,0.0015455056320499,0.0,0.04769739105914683
146,-1.2650000000000583,0.0014857392906863,0.0,0.04820496668830815
147,-1.2600000000000584,0.0014259729493228,0.0,0.04871271783919179
148,-1.2550000000000583,0.0013662066079593,0.0,0.049220643342961945
149,-1.2500000000000586,0.0013064402665957,0.0,0.04972874203010208
150,-1.2450000000000587,0.0012466739252322,0.0,0.050237012730423414
151,-1.2400000000000588,0.0011869075838687,0.0,0.05074545427307081
152,-1.235000000000059,0.0011271412425051,0.0,0.051254065486531886
153,-1.230000000000059,0.0010673749011416,0.0,0.05176284519864249
154,-1.2250000000000592,0.001007608559778,0.0,0.05227179223659578
155,-1.2200000000000593,0.0009478422184145,0.0,0.05278090542694763
156,-1.2150000000000594,0.0008880758770509,0.0,0.05329018359562476
157,-1.2100000000000597,0.0008283095356875,0.0,0.053799625567931275
158,-1.2050000000000596,0.0007685431943239,0.0,0.05430923016855682
159,-1.2000000000000597,0.0007087768529603,0.0,0.05481899622158126
160,-1.1950000000000598,0.0006490105115969,0.0,0.05532892255048416
161,-1.19000000000006,0.0005892441702333,0.0,0.055839007978149835
162,-1.18500000000006,0.0005294778288698,0.0,0.056349251326875016
163,-1.18000000000006,0.0004697114875062,0.0,0.05685965141837496
164,-1.1750000000000602,0.0004099451461427,0.0,0.0573702070737907
165,-1.1700000000000603,0.0003501788047791,0.0,0.05788091711369553
166,-1.1650000000000604,0.0002904124634156,0.0,0.05839178035810094
167,-1.1600000000000603,0.0002306461220521,0.0,0.058902795626464444
168,-1.1550000000000606,0.0001708797806885,0.0,0.059413961737694754
169,-1.1500000000000608,0.0001305353424955,0.0,0.05992527751015886
170,-1.1450000000000609,0.0001174818082461,0.0,0.060436741761688395
171,-1.140000000000061,0.0001044282739968,0.0,0.060948353309585535
172,-1.135000000000061,9.137473974760044e-05,0.0,0.06146011097062937
173,-1.1300000000000612,7.832120549826105e-05,0.0,0.061972013561082784
174,-1.1250000000000613,6.526767124892393e-05,0.0,0.06248405989669742
175,-1.1200000000000614,5.221413699958908e-05,0.0,0.06299624879272103
176,-1.1150000000000615,3.916060275033596e-05,0.0,0.06350857906390223
177,-1.1100000000000616,2.61070685009943e-05,0.0,0.06402104952449733
178,-1.1050000000000617,1.3053534251668531e-05,0.0,0.06453365898827612
179,-1.1000000000000618,2.351843829571674e-15,0.0,0.06504640626852709
180,-1.095000000000062,6.368373402456329e-05,0.0,0.06555929017806494
181,-1.090000000000062,0.0001974648112708,0.0,0.06607230952923437
182,-1.085000000000062,0.0003312458885171,0.0,0.06658546313391628
183,-1.0800000000000622,0.0004650269657634,0.0,0.06709874980353459
184,-1.0750000000000624,0.0005988080430096,0.0,0.06761216834906042
185,-1.0700000000000625,0.0007325891202559,0.0,0.0681257175810181
186,-1.0650000000000626,0.0008663701975022,0.0,0.06863939630949134
187,-1.060000000000063,0.0010001512747484,0.0,0.06915320334412756
188,-1.0550000000000628,0.0011339323519947,0.0,0.0696671374941441
189,-1.0500000000000629,0.001267713429241,0.0,0.07018119756833269
190,-1.045000000000063,0.0014014945064873,0.0,0.0706953823750659
191,-1.040000000000063,0.0015352755837335,0.0,0.07120969072230104
192,-1.0350000000000632,0.0016690566609798,0.0,0.0717241214175871
193,-1.0300000000000633,0.0023155962404619,0.0,0.0722386732680671
194,-1.0250000000000634,0.003424370538903,0.0,0.07275334508048631
195,-1.0200000000000635,0.0045331448373441,0.0,0.07326813566119444
196,-1.0150000000000636,0.0056419191357852,0.0,0.07378304381615303
197,-1.0100000000000635,0.0067506934342264,0.0,0.07429806835093855
198,-1.0050000000000638,0.0078594677326675,0.0,0.0748132080707476
199,-1.000000000000064,0.0089682420311086,0.0,0.07532846178040292
200,-0.995000000000064,0.0100770163295497,0.0,0.07584382828435593
201,-0.9900000000000642,0.0111857906279908,0.0,0.07635930638669353
202,-0.9850000000000644,0.0122945649264319,0.0,0.07687489489114158
203,-0.9800000000000644,0.013403339224873,0.0,0.07739059260106984
204,-0.9750000000000644,0.0143574256409288,0.0,0.07790639831949608
205,-0.9700000000000646,0.0150829908333121,0.0,0.07842231084909124
206,-0.9650000000000648,0.0158085560256954,0.0,0.07893832899218306
207,-0.9600000000000648,0.0165341212180787,0.0,0.07945445155076125
208,-0.9550000000000648,0.017259686410462,0.0,0.07997067732648111
209,-0.950000000000065,0.0179852516028451,0.0,0.08048700512066809
210,-0.9450000000000652,0.0187108167952284,0.0,0.08100343373432217
211,-0.9400000000000652,0.0194363819876117,0.0,0.08151996196812167
212,-0.9350000000000652,0.020161947179995,0.0,0.0820365886224278
213,-0.9300000000000654,0.0208875123723783,0.0,0.08255331249728787
214,-0.9250000000000655,0.0216130775647616,0.0,0.08307013239244027
215,-0.9200000000000657,0.0223386427571449,0.0,0.08358704710731857
216,-0.9150000000000658,0.0232380622442148,0.0,0.08410405544105354
217,-0.910000000000066,0.0245153070933412,0.0,0.08462115619247929
218,-0.905000000000066,0.0257925519424676,0.0,0.08513834816013588
219,-0.9000000000000661,0.027069796791594,0.0,0.0856556301422734
220,-0.8950000000000662,0.0283470416407203,0.0,0.08617300093685548
221,-0.8900000000000663,0.0296242864898468,0.0,0.08669045934156322
222,-0.8850000000000664,0.0309015313389732,0.0,0.08720800415379826
223,-0.8800000000000665,0.0321787761880996,0.0,0.08772563417068713
224,-0.8750000000000666,0.033456021037226,0.0,0.08824334818908425
225,-0.8700000000000667,0.0347332658863523,0.0,0.08876114500557497
226,-0.8650000000000668,0.0360105107354787,0.0,0.08927902341648081
227,-0.8600000000000669,0.0372877555846051,0.0,0.08979698221785981
228,-0.855000000000067,0.0385650004337315,0.0,0.0903150202055128
229,-0.8500000000000671,0.0398422452828579,0.0,0.09083313617498506
230,-0.8450000000000673,0.0411194901319843,0.0,0.09135132892156961
231,-0.8400000000000674,0.0423967349811106,0.0,0.09186959724031146
232,-0.8350000000000675,0.043673979830237,0.0,0.09238793992600908
233,-0.8300000000000676,0.0449512246793635,0.0,0.09290635577321876
234,-0.8250000000000677,0.0462284695284898,0.0,0.0934248435762578
235,-0.8200000000000678,0.0475057143776163,0.0,0.0939434021292061
236,-0.8150000000000679,0.0487829592267426,0.0,0.09446203022591038
237,-0.810000000000068,0.050060204075869,0.0,0.0949807266599873
238,-0.8050000000000681,0.0513374489249954,0.0,0.09549949022482457
239,-0.8000000000000682,0.0526146937741218,0.0,0.09601831971358588
240,-0.7950000000000683,0.0538919386232482,0.0,0.09653721391921233
241,-0.7900000000000684,0.0551691834723746,0.0,0.0970561716344257
242,-0.7850000000000685,0.056446428321501,0.0,0.09757519165173101
243,-0.7800000000000686,0.0577236731706273,0.0,0.09809427276341892
244,-0.7750000000000687,0.0590009180197538,0.0,0.09861341376156896
245,-0.7700000000000689,0.0602781628688801,0.0,0.0991326134380513
246,-0.765000000000069,0.0615554077180065,0.0,0.09965187058453046
247,-0.7600000000000691,0.0628326525671329,0.0,0.1001711839924661
248,-0.7550000000000692,0.0641098974162593,0.0,0.10069055245311687
249,-0.7500000000000693,0.0653871422653858,0.0,0.10120997475754279
250,-0.7450000000000694,0.0666643871145122,0.0,0.1017294496966058
251,-0.7400000000000695,0.0679416319636385,0.0,0.10224897606097488
252,-0.7350000000000696,0.0692188768127649,0.0,0.10276855264112633
253,-0.7300000000000697,0.0704961216618912,0.0,0.10328817822734648
254,-0.7250000000000698,0.0717733665110177,0.0,0.10380785160973405
255,-0.7200000000000699,0.0730506113601441,0.0,0.10432757157820283
256,-0.71500000000007,0.0743278562092704,0.0,0.10484733692248255
257,-0.7100000000000701,0.0756051010583968,0.0,0.10536714643212192
258,-0.7050000000000702,0.0768823459075232,0.0,0.10588699889649067
259,-0.7000000000000703,0.0781595907566496,0.0,0.10640689310478108
260,-0.6950000000000705,0.079436835605776,0.0,0.1069268278460106
261,-0.6900000000000706,0.0807140804549024,0.0,0.10744680190902323
262,-0.6850000000000707,0.0819913253040287,0.0,0.10796681408249209
263,-0.6800000000000708,0.0832685701531552,0.0,0.10848686315492001
264,-0.6750000000000709,0.0845458150022816,0.0,0.10900694791464355
265,-0.670000000000071,0.0858230598514079,0.0,0.10952706714983262
266,-0.6650000000000711,0.0871003047005343,0.0,0.11004721964849329
267,-0.6600000000000712,0.0883775495496607,0.0,0.11056740419847
268,-0.6550000000000713,0.0896547943987871,0.0,0.11108761958744628
269,-0.6500000000000714,0.0909320392479136,0.0,0.11160786460294708
270,-0.6450000000000715,0.0922092840970398,0.0,0.11212813803234006
271,-0.6400000000000716,0.0934865289461664,0.0,0.11264843866283825
272,-0.6350000000000717,0.0947637737952926,0.0,0.11316876528149944
273,-0.6300000000000718,0.0960410186444191,0.0,0.11368911667523018
274,-0.6250000000000719,0.0973182634935454,0.0,0.1142094916307862
275,-0.620000000000072,0.0985955083426719,0.0,0.11472988893477354
276,-0.6150000000000722,0.0998727531917982,0.0,0.11525030737365144
277,-0.6100000000000723,0.1011499980409246,0.0,0.11577074573373186
278,-0.6050000000000724,0.102427242890051,0.0,0.1162912028011826
279,-0.6000000000000725,0.1037044877391774,0.0,0.11681167736202785
280,-0.5950000000000726,0.1049817325883038,0.0,0.1173321682021497
281,-0.5900000000000727,0.1062298841605883,0.0,0.11785267410729
282,-0.5850000000000728,0.1074634178164292,0.0,0.11837319386305067
283,-0.5800000000000729,0.1086969514722701,0.0,0.11889372625489575
284,-0.575000000000073,0.1099304851281108,0.0,0.11941427006815375
285,-0.5700000000000731,0.1111640187839517,0.0,0.11993482408801576
286,-0.5650000000000732,0.1123975524397926,0.0,0.12045538709953979
287,-0.5600000000000733,0.1136310860956334,0.0,0.12097595788765125
288,-0.5550000000000734,0.1148646197514743,0.0,0.12149653523714282
289,-0.5500000000000735,0.1160981534073151,0.0,0.12201711793267717
290,-0.5450000000000736,0.117331687063156,0.0,0.12253770475878734
291,-0.5400000000000738,0.1185652207189968,0.0,0.12305829449987815
292,-0.5350000000000739,0.1197987543748376,0.0,0.12357888594022681
293,-0.530000000000074,0.1210322880306785,0.0,0.12409947786398567
294,-0.5250000000000741,0.1222658216865193,0.0,0.12462006905518036
295,-0.5200000000000742,0.1234993553423601,0.0,0.1251406582977142
296,-0.5150000000000743,0.1247328889982011,0.0,0.1256612443753663
297,-0.5100000000000744,0.1259664226540419,0.0,0.1261818260717949
298,-0.5050000000000745,0.1271999563098827,0.0,0.12670240217053713
299,-0.5000000000000746,0.1284334899657235,0.0,0.12722297145501044
300,-0.4950000000000747,0.1296670236215644,0.0,0.12774353270851257
301,-0.4900000000000748,0.1309005572774052,0.0,0.1282640847142249
302,-0.4850000000000749,0.1321340909332461,0.0,0.12878462625521053
303,-0.480000000000075,0.133367624589087,0.0,0.1293051561144175
304,-0.4750000000000751,0.1346011582449278,0.0,0.1298256730746788
305,-0.4700000000000752,0.1358346919007687,0.0,0.13034617591871273
306,-0.4650000000000753,0.1370682255566095,0.0,0.13086666342912517
307,-0.4600000000000754,0.1383017592124503,0.0,0.13138713438840943
308,-0.4550000000000755,0.1395352928682912,0.0,0.13190758757894755
309,-0.4500000000000757,0.140768826524132,0.0,0.13242802178301072
310,-0.4450000000000758,0.1420023601799728,0.0,0.1329484357827611
311,-0.4400000000000759,0.1432358938358137,0.0,0.13346882836025198
312,-0.435000000000076,0.1444694274916545,0.0,0.13398919829742834
313,-0.4300000000000761,0.1457029611474954,0.0,0.13450954437612878
314,-0.4250000000000762,0.1469364948033361,0.0,0.13502986537808592
315,-0.4200000000000763,0.1481700284591771,0.0,0.13555016008492593
316,-0.4150000000000764,0.149403562115018,0.0,0.13607042727817203
317,-0.4100000000000765,0.1506370957708587,0.0,0.13659066573924256
318,-0.4050000000000766,0.1518706294266996,0.0,0.13711087424945384
319,-0.4000000000000767,0.1531041630825404,0.0,0.13763105159001982
320,-0.3950000000000768,0.1539947117397507,0.0,0.13815119654205343
321,-0.3900000000000769,0.1548397453362045,0.0,0.13867130788656784
322,-0.385000000000077,0.1556847789326581,0.0,0.13919138440447587
323,-0.3800000000000771,0.1565298125291118,0.0,0.13971142487659194
324,-0.3750000000000772,0.1573748461255657,0.0,0.1402314280836327
325,-0.3700000000000774,0.1582198797220194,0.0,0.14075139280621812
326,-0.3650000000000775,0.1590649133184732,0.0,0.14127131782487168
327,-0.3600000000000776,0.1599099469149269,0.0,0.1417912019200217
328,-0.3550000000000777,0.1607549805113806,0.0,0.1423110438720015
329,-0.3500000000000778,0.1616000141078345,0.0,0.14283084246105116
330,-0.3450000000000779,0.1624450477042882,0.0,0.14335059646731785
331,-0.340000000000078,0.1632900813007419,0.0,0.14387030467085654
332,-0.3350000000000781,0.1641351148971957,0.0,0.14438996585163139
333,-0.3300000000000782,0.1649801484936494,0.0,0.14490957878951571
334,-0.3250000000000783,0.1658251820901032,0.0,0.1454291422642942
335,-0.3200000000000784,0.1666702156865569,0.0,0.1459486550556619
336,-0.3150000000000785,0.1674828797140832,0.0,0.14646811594322712
337,-0.3100000000000786,0.1681371511645866,0.0,0.14698752370651086
338,-0.3050000000000787,0.1687914226150901,0.0,0.1475068771249481
339,-0.3000000000000788,0.1694456940655934,0.0,0.1480261749778891
340,-0.295000000000079,0.1700999655160969,0.0,0.1485454160445996
341,-0.2900000000000791,0.1707542369666003,0.0,0.149064599104263
342,-0.2850000000000792,0.1714085084171038,0.0,0.14958372293597932
343,-0.2800000000000793,0.1720627798676073,0.0,0.15010278631876767
344,-0.2750000000000794,0.1727170513181106,0.0,0.1506217880315675
345,-0.2700000000000795,0.1733713227686142,0.0,0.1511407268532377
346,-0.2650000000000796,0.1740255942191176,0.0,0.1516596015625596
347,-0.2600000000000797,0.174679865669621,0.0,0.15217841093823653
348,-0.2550000000000798,0.1753341371201245,0.0,0.1526971537588961
349,-0.2500000000000799,0.1759884085706279,0.0,0.1532158288030902
350,-0.24500000000008,0.1766426800211313,0.0,0.15373443484929622
351,-0.2400000000000801,0.1772969514716348,0.0,0.15425297067591826
352,-0.2350000000000802,0.1779512229221382,0.0,0.15477143506128882
353,-0.2300000000000803,0.1786054943726416,0.0,0.15528982678366893
354,-0.2250000000000804,0.1792597658231451,0.0,0.15580814462124942
355,-0.2200000000000805,0.1799140372736485,0.0,0.1563263873521531
356,-0.2150000000000806,0.1805683087241519,0.0,0.15684455375443423
357,-0.2100000000000808,0.1812225801746553,0.0,0.15736264260608096
358,-0.2050000000000809,0.1818768516251588,0.0,0.1578806526850161
359,-0.200000000000081,0.1825311230756623,0.0,0.1583985827690989
360,-0.1950000000000811,0.1831853945261656,0.0,0.15891643163612496
361,-0.1900000000000812,0.1838396659766691,0.0,0.1594341980638287
362,-0.1850000000000813,0.1844939374271725,0.0,0.1599518808298846
363,-0.1800000000000814,0.185148208877676,0.0,0.16046947871190764
364,-0.1750000000000815,0.1858024803281795,0.0,0.16098699048745546
365,-0.1700000000000816,0.1864567517786829,0.0,0.16150441493403
366,-0.1650000000000817,0.1871110232291863,0.0,0.16202175082907722
367,-0.1600000000000818,0.1877652946796898,0.0,0.1625389969499904
368,-0.1550000000000819,0.1884195661301931,0.0,0.16305615207411073
369,-0.150000000000082,0.1890738375806967,0.0,0.163573214978729
370,-0.1450000000000821,0.1897281090312,0.0,0.16409018444108692
371,-0.1400000000000822,0.1903823804817036,0.0,0.16460705923837843
372,-0.1350000000000824,0.1910366519322069,0.0,0.16512383814775233
373,-0.1300000000000825,0.1916909233827104,0.0,0.16564051994631196
374,-0.1250000000000826,0.1923451948332138,0.0,0.16615710341111894
375,-0.1200000000000827,0.1929994662837173,0.0,0.1666735873191933
376,-0.1150000000000828,0.1936537377342207,0.0,0.1671899704475161
377,-0.1100000000000829,0.1943080091847241,0.0,0.16770625157303093
378,-0.105000000000083,0.1949622806352277,0.0,0.1682224294726446
379,-0.1000000000000831,0.1956165520857309,0.0,0.16873850292323056
380,-0.0950000000000832,0.1962708235362345,0.0,0.1692544707016302
381,-0.0900000000000833,0.1969250949867378,0.0,0.16977033158465366
382,-0.0850000000000834,0.1975793664372413,0.0,0.1702860843490832
383,-0.0800000000000835,0.1982336378877448,0.0,0.17080172777167435
384,-0.0750000000000836,0.1988879093382482,0.0,0.17131726062915775
385,-0.0700000000000837,0.1995421807887516,0.0,0.171832681698242
386,-0.0650000000000838,0.2001964522392551,0.0,0.1723479897556145
387,-0.0600000000000839,0.2008507236897585,0.0,0.17286318357794433
388,-0.055000000000084,0.2015049951402619,0.0,0.17337826194188416
389,-0.0500000000000842,0.2021592665907654,0.0,0.17389322362407256
390,-0.0450000000000843,0.2028135380412688,0.0,0.174408067401136
391,-0.0400000000000844,0.2034678094917723,0.0,0.17492279204969108
392,-0.0350000000000845,0.2041220809422757,0.0,0.17543739634634675
393,-0.0300000000000846,0.2047763523927792,0.0,0.17595187906770682
394,-0.0250000000000847,0.2054306238432826,0.0,0.17646623899037245
395,-0.0200000000000848,0.206084895293786,0.0,0.17698047489094415
396,-0.0150000000000849,0.2067391667442893,0.0,0.1774945855460242
397,-0.010000000000085,0.207393438194793,0.0,0.17800856973221996
398,-0.0050000000000851,0.2080477096452963,0.0,0.1785224262261454
399,-8.526512829121202e-14,0.2087019810957998,0.0,0.179036153804424
400,0.0049999999999146,0.2093562525463033,0.0,0.17954975124369177
401,0.0099999999999145,0.2100105239968067,0.0,0.18006321732059943
402,0.0149999999999144,0.2106647954473101,0.0,0.1805765508118154
403,0.0199999999999143,0.2113190668978135,0.0,0.18108975049402815
404,0.0249999999999142,0.2119733383483171,0.0,0.18160281514394994
405,0.029999999999914,0.2126276097988204,0.0,0.1821157435383184
406,0.0349999999999139,0.213281881249324,0.0,0.18262853445390076
407,0.0399999999999138,0.2139361526998272,0.0,0.18314118666749563
408,0.0449999999999137,0.2145904241503307,0.0,0.18365369895593658
409,0.0499999999999136,0.2152446956008341,0.0,0.1841660700960956
410,0.0549999999999135,0.2158989670513376,0.0,0.1846782988648848
411,0.0599999999999134,0.2165532385018411,0.0,0.18519038403926186
412,0.0649999999999133,0.2172075099523444,0.0,0.18570232439623097
413,0.0699999999999132,0.2178617814028479,0.0,0.1862141187128465
414,0.0749999999999131,0.2185160528533514,0.0,0.1867257657662182
415,0.079999999999913,0.2191703243038548,0.0,0.18723726433351234
416,0.0849999999999129,0.2198245957543582,0.0,0.18774861319195552
417,0.0899999999999128,0.2204788672048616,0.0,0.18825981111884
418,0.0949999999999127,0.221133138655365,0.0,0.18877085689152379
419,0.0999999999999126,0.2217874101058686,0.0,0.1892817492874383
420,0.1049999999999125,0.222441681556372,0.0,0.18979248708408808
421,0.1099999999999123,0.2230959530068754,0.0,0.1903030690590573
422,0.1149999999999122,0.2237502244573787,0.0,0.19081349399001296
423,0.1199999999999121,0.2244044959078823,0.0,0.19132376065470752
424,0.124999999999912,0.2250587673583859,0.0,0.1918338678309825
425,0.1299999999999119,0.2257130388088891,0.0,0.19234381429677544
426,0.1349999999999118,0.2263673102593926,0.0,0.19285359883012027
427,0.1399999999999117,0.2270215817098961,0.0,0.19336322020915359
428,0.1449999999999116,0.2276758531603996,0.0,0.19387267721211737
429,0.1499999999999115,0.228330124610903,0.0,0.1943819686173643
430,0.1549999999999114,0.2289843960614064,0.0,0.19489109320336134
431,0.1599999999999113,0.2296386675119097,0.0,0.19540004974869346
432,0.1649999999999112,0.2302929389624133,0.0,0.19590883703206924
433,0.1699999999999111,0.2309472104129168,0.0,0.19641745383232384
434,0.174999999999911,0.23160148186342,0.0,0.1969258989284251
435,0.1799999999999109,0.2322557533139235,0.0,0.19743417109947609
436,0.1849999999999108,0.2329100247644271,0.0,0.1979422691247213
437,0.1899999999999106,0.2335642962149305,0.0,0.1984501917835499
438,0.1949999999999105,0.2342185676654338,0.0,0.19895793785550214
439,0.1999999999999104,0.2348728391159373,0.0,0.1994655061202723
440,0.2049999999999103,0.2355271105664408,0.0,0.19997289535771418
441,0.2099999999999102,0.2361813820169442,0.0,0.2004801043478464
442,0.2149999999999101,0.2368356534674477,0.0,0.20098713187085732
443,0.21999999999991,0.237489924917951,0.0,0.20149397670710884
444,0.2249999999999099,0.2381441963684545,0.0,0.20200063763714288
445,0.2299999999999098,0.238798467818958,0.0,0.20250711344168587
446,0.2349999999999097,0.2394527392694613,0.0,0.2030134029016532
447,0.2399999999999096,0.2401070107199648,0.0,0.20351950479815656
448,0.2449999999999095,0.2407612821704682,0.0,0.20402541791250678
449,0.2499999999999094,0.2414155536209716,0.0,0.20453114102622122
450,0.2549999999999093,0.2420698250714751,0.0,0.20503667292102762
451,0.2599999999999092,0.2427240965219785,0.0,0.20554201237887043
452,0.2649999999999091,0.2433783679724819,0.0,0.2060471581819166
453,0.269999999999909,0.2440326394229853,0.0,0.20655210911256078
454,0.2749999999999089,0.244686910873489,0.0,0.20705686395343076
455,0.2799999999999087,0.2453411823239924,0.0,0.20756142148739415
456,0.2849999999999086,0.2459954537744957,0.0,0.20806578049756336
457,0.2899999999999085,0.2466497252249993,0.0,0.20856993976730137
458,0.2949999999999084,0.2473039966755027,0.0,0.20907389808022908
459,0.2999999999999083,0.2479582681260061,0.0,0.20957765422022973
460,0.3049999999999082,0.2486125395765094,0.0,0.21008120697145555
461,0.3099999999999081,0.2492668110270129,0.0,0.21058455511833413
462,0.314999999999908,0.2499210824775164,0.0,0.21108769744557515
463,0.3199999999999079,0.2505753539280198,0.0,0.2115906327381752
464,0.3249999999999078,0.2512296253785234,0.0,0.21209335978142557
465,0.3299999999999077,0.2518838968290268,0.0,0.21259587736091817
466,0.3349999999999076,0.2525381682795301,0.0,0.21309818426255162
467,0.3399999999999075,0.2531924397300336,0.0,0.2136002792725385
468,0.3449999999999074,0.2538655834003694,0.0,0.21410216117741182
469,0.3499999999999073,0.2545551319751143,0.0,0.21460382876403133
470,0.3549999999999071,0.255244680549859,0.0,0.21510528081959118
471,0.359999999999907,0.2559342291246035,0.0,0.21560651613162535
472,0.3649999999999069,0.2566237776993484,0.0,0.21610753348801598
473,0.3699999999999068,0.2573133262740932,0.0,0.2166083316769996
474,0.3749999999999067,0.258002874848838,0.0,0.21710890948717493
475,0.3799999999999066,0.2586924234235828,0.0,0.21760926570750821
476,0.3849999999999065,0.2593819719983276,0.0,0.218109399127343
477,0.3899999999999064,0.2600715205730723,0.0,0.21860930853640542
478,0.3949999999999063,0.2607610691478171,0.0,0.21910899272481227
479,0.3999999999999062,0.2614506177225617,0.0,0.21960845048307803
480,0.4049999999999061,0.2621401662973065,0.0,0.22010768060212332
481,0.409999999999906,0.2628297148720516,0.0,0.22060668187328075
482,0.4149999999999059,0.2635192634467961,0.0,0.22110545308830482
483,0.4199999999999058,0.264208812021541,0.0,0.22160399303937733
484,0.4249999999999057,0.2648983605962856,0.0,0.22210230051911645
485,0.4299999999999055,0.2655879091710305,0.0,0.22260037432058438
486,0.4349999999999054,0.2662774577457751,0.0,0.22309821323729512
487,0.4399999999999053,0.26696700632052,0.0,0.22359581606322204
488,0.4449999999999052,0.2676565548952647,0.0,0.2240931815928065
489,0.4499999999999051,0.2683461034700095,0.0,0.22459030862096624
490,0.454999999999905,0.2690356520447544,0.0,0.22508719594310217
491,0.4599999999999049,0.2697252006194992,0.0,0.22558384235510848
492,0.4649999999999048,0.2704147491942439,0.0,0.22608024665337895
493,0.4699999999999047,0.2711042977689887,0.0,0.22657640763481773
494,0.4749999999999046,0.2717938463437335,0.0,0.22707232409684502
495,0.4799999999999045,0.2724833949184782,0.0,0.22756799483740825
496,0.4849999999999044,0.2731729434932229,0.0,0.22806341865498864
497,0.4899999999999043,0.2738624920679678,0.0,0.2285585943486112
498,0.4949999999999042,0.2745520406427125,0.0,0.22905352071785307
499,0.4999999999999041,0.2752415892174574,0.0,0.22954819656285147
500,0.504999999999904,0.275931137792202,0.0,0.23004262068431441
501,0.5099999999999039,0.276620686366947,0.0,0.23053679188352766
502,0.5149999999999038,0.2773102349416917,0.0,0.23103070896236516
503,0.5199999999999037,0.2779997835164364,0.0,0.23152437072329773
504,0.5249999999999035,0.2786893320911812,0.0,0.2320177759694017
505,0.5299999999999034,0.2793788806659258,0.0,0.23251092350436914
506,0.5349999999999033,0.2800684292406708,0.0,0.23300381213251614
507,0.5399999999999032,0.2807579778154155,0.0,0.23349644065879277
508,0.5449999999999031,0.2814475263901603,0.0,0.23398880788879256
509,0.549999999999903,0.2821370749649051,0.0,0.23448091262876164
510,0.5549999999999029,0.2828266235396499,0.0,0.23497275368560827
511,0.5599999999999028,0.2835161721143945,0.0,0.23546432986691362
512,0.5649999999999027,0.2842057206891394,0.0,0.23595563998093966
513,0.5699999999999026,0.284895269263884,0.0,0.23644668283664033
514,0.5749999999999025,0.285584817838629,0.0,0.2369374572436707
515,0.5799999999999024,0.2864078229614723,0.0,0.23742796201239708
516,0.5849999999999023,0.2872988458856437,0.0,0.23791819595390779
517,0.5899999999999022,0.288189868809815,0.0,0.23840815788002118
518,0.594999999999902,0.2890808917339865,0.0,0.2388978466032981
519,0.599999999999902,0.2899719146581579,0.0,0.23938726093705082
520,0.6049999999999018,0.2908629375823295,0.0,0.23987639969535318
521,0.6099999999999017,0.2917539605065011,0.0,0.24036526169305156
522,0.6149999999999016,0.2926449834306723,0.0,0.24085384574577479
523,0.6199999999999015,0.2935360063548439,0.0,0.24134215066994485
524,0.6249999999999014,0.2944270292790152,0.0,0.24183017528278755
525,0.6299999999999013,0.2953180522031867,0.0,0.24231791840234224
526,0.6349999999999012,0.2962090751273583,0.0,0.24280537884747372
527,0.6399999999999011,0.2971000980515296,0.0,0.24329255543788192
528,0.644999999999901,0.2979911209757011,0.0,0.24377944699411386
529,0.6499999999999009,0.2988821438998726,0.0,0.24426605233757298
530,0.6549999999999008,0.299773166824044,0.0,0.24475237029053115
531,0.6599999999999007,0.3006641897482156,0.0,0.24523839967613975
532,0.6649999999999006,0.3015552126723869,0.0,0.24572413931843945
533,0.6699999999999005,0.3024462355965583,0.0,0.24620958804237308
534,0.6749999999999003,0.3033372585207299,0.0,0.24669474467379532
535,0.6799999999999002,0.3042282814449014,0.0,0.24717960803948485
536,0.6849999999999001,0.3051193043690728,0.0,0.24766417696715565
537,0.6899999999999,0.3060103272932443,0.0,0.24814845028546745
538,0.6949999999998999,0.3069013502174156,0.0,0.2486324268240379
539,0.6999999999998998,0.3077923731415871,0.0,0.2491161054134548
540,0.7049999999998997,0.3086833960657585,0.0,0.2495994848852851
541,0.7099999999998996,0.30957441898993,0.0,0.25008256407209023
542,0.7149999999998995,0.3104654419141014,0.0,0.2505653418074338
543,0.7199999999998994,0.311356464838273,0.0,0.2510478169258972
544,0.7249999999998993,0.3122474877624444,0.0,0.25152998826308787
545,0.7299999999998992,0.3131385106866158,0.0,0.25201185465565396
546,0.7349999999998991,0.3140295336107873,0.0,0.2524934149412941
547,0.739999999999899,0.3149205565349587,0.0,0.2529746679587716
548,0.7449999999998989,0.3158115794591302,0.0,0.25345561254792376
549,0.7499999999998987,0.3167026023833017,0.0,0.25393624754967675
550,0.7549999999998986,0.3175936253074733,0.0,0.25441657180605554
551,0.7599999999998985,0.3184846482316446,0.0,0.2548965841601976
552,0.7649999999998984,0.3193756711558162,0.0,0.25537628345636426
553,0.7699999999998983,0.3202666940799877,0.0,0.25585566853995406
554,0.7749999999998982,0.3211577170041589,0.0,0.25633473825751335
555,0.7799999999998981,0.3220487399283305,0.0,0.256813491456751
556,0.784999999999898,0.322939762852502,0.0,0.25729192698654885
557,0.7899999999998979,0.3238307857766734,0.0,0.2577700436969757
558,0.7949999999998978,0.3247218087008448,0.0,0.258247840439299
559,0.7999999999998977,0.3256128316250162,0.0,0.2587253160659983
560,0.8049999999998976,0.3265038545491875,0.0,0.25920246943077724
561,0.8099999999998975,0.3273948774733592,0.0,0.25967929938857665
562,0.8149999999998974,0.3282859003975305,0.0,0.2601558047955875
563,0.8199999999998973,0.329176923321702,0.0,0.26063198450926356
564,0.8249999999998971,0.3300679462458734,0.0,0.26110783738833415
565,0.829999999999897,0.3309589691700449,0.0,0.26158336229281814
566,0.8349999999998969,0.3318499920942164,0.0,0.2620585580840353
567,0.8399999999998968,0.3327410150183879,0.0,0.26253342362462023
568,0.8449999999998967,0.3336320379425592,0.0,0.2630079577785372
569,0.8499999999998966,0.3345230608667308,0.0,0.26348215941108927
570,0.8549999999998965,0.3354140837909022,0.0,0.2639560273889356
571,0.8599999999998964,0.3363051067150736,0.0,0.26442956058010264
572,0.8649999999998963,0.3371961296392452,0.0,0.2649027578539978
573,0.8699999999998962,0.3380871525634165,0.0,0.265375618081423
574,0.8749999999998961,0.3389781754875881,0.0,0.26584814013458763
575,0.879999999999896,0.3398691984117595,0.0,0.2663203228871233
576,0.8849999999998959,0.340760221335931,0.0,0.26679216521409527
577,0.8899999999998958,0.3416512442601025,0.0,0.2672636659920182
578,0.8949999999998957,0.342542267184274,0.0,0.2677348240988678
579,0.8999999999998956,0.3434332901084452,0.0,0.26820563841409656
580,0.9049999999998954,0.3443243130326169,0.0,0.2686761078186451
581,0.9099999999998952,0.3452153359567882,0.0,0.269146231194958
582,0.9149999999998952,0.3461063588809598,0.0,0.2696160074269964
583,0.9199999999998952,0.3469973818051312,0.0,0.27008543540025204
584,0.924999999999895,0.3478884047293026,0.0,0.27055451400176084
585,0.9299999999998948,0.3487794276534742,0.0,0.27102324212011825
586,0.9349999999998948,0.3496704505776456,0.0,0.27149161864549104
587,0.9399999999998948,0.3505614735018169,0.0,0.2719596424696326
588,0.9449999999998946,0.3514524964259884,0.0,0.2724273124858972
589,0.9499999999998944,0.35234351935016,0.0,0.27289462758925326
590,0.9549999999998944,0.3532345422743314,0.0,0.27336158667629723
591,0.9599999999998944,0.3541255651985028,0.0,0.2738281886452692
592,0.9649999999998942,0.3550165881226743,0.0,0.27429443239606505
593,0.969999999999894,0.3559076110468459,0.0,0.27476031683025287
594,0.974999999999894,0.3567986339710172,0.0,0.27522584085108565
595,0.9799999999998938,0.3576896568951886,0.0,0.2756910033635153
596,0.9849999999998936,0.3585806798193602,0.0,0.27615580327420836
597,0.9899999999998936,0.3594717027435315,0.0,0.27662023949155984
598,0.9949999999998936,0.3603627256677031,0.0,0.2770843109257067
599,0.9999999999998934,0.3612537485918746,0.0,0.27754801648854327
600,1.004999999999893,0.362144771516046,0.0,0.27801135509373537
601,1.0099999999998932,0.3630357944402173,0.0,0.27847432565673474
602,1.014999999999893,0.3639268173643887,0.0,0.27893692709479373
603,1.019999999999893,0.3648178402885603,0.0,0.2793991583269793
604,1.0249999999998929,0.3657088632127316,0.0,0.2798610182741889
605,1.0299999999998928,0.3665998861369032,0.0,0.2803225058591626
606,1.034999999999893,0.3674909090610746,0.0,0.28078362000650064
607,1.0399999999998926,0.3683819319852461,0.0,0.2812443596426762
608,1.0449999999998925,0.3693788314790492,0.0,0.2817047236960503
609,1.0499999999998924,0.3703918169532348,0.0,0.28216471109688696
610,1.0549999999998922,0.3714048024274204,0.0,0.2826243207773678
611,1.059999999999892,0.3724177879016064,0.0,0.2830835516716064
612,1.064999999999892,0.373430773375792,0.0,0.2835424027156634
613,1.069999999999892,0.3744437588499776,0.0,0.28400087284756165
614,1.0749999999998918,0.3754567443241634,0.0,0.2844589610072999
615,1.0799999999998915,0.3764697297983491,0.0,0.2849166661368688
616,1.0849999999998916,0.3774827152725347,0.0,0.2853739871802656
617,1.0899999999998915,0.3784957007467204,0.0,0.2858309230835078
618,1.0949999999998914,0.3795086862209062,0.0,0.28628747279465
619,1.0999999999998913,0.3805216716950918,0.0,0.2867436352637966
620,1.1049999999998912,0.3815346571692776,0.0,0.28719940944311856
621,1.109999999999891,0.3825476426434634,0.0,0.2876547942868682
622,1.114999999999891,0.383560628117649,0.0,0.2881097887513924
623,1.1199999999998909,0.3845736135918348,0.0,0.28856439179514953
624,1.1249999999998908,0.3855865990660205,0.0,0.28901860237872384
625,1.1299999999998906,0.3865995845402061,0.0,0.28947241946483976
626,1.1349999999998903,0.3876125700143919,0.0,0.28992584201837773
627,1.1399999999998904,0.3886255554885774,0.0,0.2903788690063894
628,1.1449999999998903,0.3896385409627633,0.0,0.2908314993981114
629,1.1499999999998902,0.3906515264369489,0.0,0.2912837321649821
630,1.15499999999989,0.3916645119111349,0.0,0.29173556628065483
631,1.15999999999989,0.3926774973853205,0.0,0.2921870007210145
632,1.16499999999989,0.3936904828595062,0.0,0.2926380344641923
633,1.1699999999998898,0.3947034683336918,0.0,0.2930886664905799
634,1.1749999999998897,0.3957164538078776,0.0,0.2935388957828459
635,1.1799999999998896,0.3967294392820633,0.0,0.29398872132594916
636,1.1849999999998897,0.397742424756249,0.0,0.2944381421071565
637,1.1899999999998894,0.3987554102304346,0.0,0.294887157116055
638,1.1949999999998893,0.3997683957046204,0.0,0.2953357653445687
639,1.1999999999998892,0.400781381178806,0.0,0.29578396578697336
640,1.204999999999889,0.4017943666529919,0.0,0.2962317574399121
641,1.209999999999889,0.4028073521271775,0.0,0.29667913930240913
642,1.2149999999998888,0.4038203376013631,0.0,0.2971261103758865
643,1.2199999999998887,0.4048333230755489,0.0,0.29757266966417745
644,1.2249999999998886,0.4058463085497345,0.0,0.2980188161735436
645,1.2299999999998883,0.4068592940239203,0.0,0.29846454891268887
646,1.2349999999998884,0.4078722794981061,0.0,0.2989098668927736
647,1.2399999999998883,0.4088852649722919,0.0,0.2993547691274319
648,1.2449999999998882,0.4098982504464774,0.0,0.2997992546327853
649,1.249999999999888,0.4109112359206631,0.0,0.3002433224274576
650,1.254999999999888,0.4119242213948489,0.0,0.3006869715325909
651,1.259999999999888,0.4129372068690347,0.0,0.30113020097186044
652,1.2649999999998878,0.4139501923432202,0.0,0.3015730097714893
653,1.2699999999998877,0.414963177817406,0.0,0.3020153969602632
654,1.2749999999998876,0.4160240102759617,0.0,0.3024573615695468
655,1.2799999999998877,0.4173208882198153,0.0,0.3028989026332973
656,1.2849999999998871,0.4186177661636691,0.0,0.30334001918808057
657,1.2899999999998872,0.419914644107523,0.0,0.30378071027308534
658,1.2949999999998871,0.4212115220513768,0.0,0.30422097493013917
659,1.299999999999887,0.4225083999952304,0.0,0.30466081220372193
660,1.304999999999887,0.4238052779390844,0.0,0.3051002211409825
661,1.3099999999998868,0.425102155882938,0.0,0.30553920079175284
662,1.3149999999998867,0.4263990338267918,0.0,0.3059777502085628
663,1.3199999999998866,0.4276959117706455,0.0,0.3064158684466553
664,1.3249999999998865,0.4289927897144996,0.0,0.3068535545640014
665,1.3299999999998864,0.4302896676583529,0.0,0.30729080762131505
666,1.3349999999998865,0.4315865456022069,0.0,0.3077276266820675
667,1.3399999999998862,0.4328834235460607,0.0,0.3081640108125034
668,1.344999999999886,0.4341803014899145,0.0,0.3085999590816542
669,1.349999999999886,0.4354771794337683,0.0,0.3090354705613542
670,1.354999999999886,0.4367740573776221,0.0,0.3094705443262539
671,1.3599999999998855,0.4380709353214758,0.0,0.30990517945383617
672,1.3649999999998856,0.4393678132653297,0.0,0.3103393750244305
673,1.3699999999998855,0.4406646912091833,0.0,0.31077313012122737
674,1.3749999999998854,0.441961569153037,0.0,0.31120644383029344
675,1.379999999999885,0.4432584470968909,0.0,0.31163931524058636
676,1.3849999999998852,0.4445553250407445,0.0,0.31207174344396843
677,1.389999999999885,0.4458522029845985,0.0,0.31250372753522165
678,1.394999999999885,0.447149080928452,0.0,0.31293526661206345
679,1.399999999999885,0.448445958872306,0.0,0.3133663597751594
680,1.4049999999998848,0.4497428368161597,0.0,0.3137970061281397
681,1.409999999999885,0.4510397147600134,0.0,0.31422720477761096
682,1.4149999999998846,0.4520672945543495,0.0,0.31465695483317374
683,1.4199999999998845,0.4530937271236527,0.0,0.31508625540743457
684,1.4249999999998844,0.454120159692956,0.0,0.3155151056160221
685,1.4299999999998845,0.4551465922622591,0.0,0.31594350457759995
686,1.434999999999884,0.4561730248315618,0.0,0.3163714514138822
687,1.439999999999884,0.4571994574008652,0.0,0.3167989452496471
688,1.444999999999884,0.4582258899701684,0.0,0.3172259852127511
689,1.4499999999998838,0.4592523225394716,0.0,0.31765257043414336
690,1.4549999999998835,0.4602787551087746,0.0,0.3180787000478808
691,1.4599999999998836,0.4613051876780778,0.0,0.3185043731911403
692,1.4649999999998835,0.4623316202473808,0.0,0.31892958900423424
693,1.4699999999998834,0.4633580528166839,0.0,0.3193543466306245
694,1.4749999999998833,0.4643844853859867,0.0,0.3197786452169356
695,1.4799999999998832,0.4654109179552901,0.0,0.3202024839129696
696,1.484999999999883,0.4664373505245929,0.0,0.320625861871719
697,1.489999999999883,0.4674637830938963,0.0,0.3210487782493823
698,1.4949999999998829,0.4684902156631995,0.0,0.3214712322053757
699,1.4999999999998828,0.4695166482325025,0.0,0.32189322290234806
700,1.5049999999998829,0.4705430808018056,0.0,0.32231474950619526
701,1.5099999999998823,0.4715695133711087,0.0,0.3227358111860727
702,1.5149999999998824,0.4725959459404117,0.0,0.3231564071144089
703,1.5199999999998823,0.4736223785097148,0.0,0.32357653646692036
704,1.5249999999998822,0.4746488110790181,0.0,0.3239961984226238
705,1.529999999999882,0.4756752436483208,0.0,0.32441539216385046
706,1.534999999999882,0.476701676217624,0.0,0.324834116876259
707,1.539999999999882,0.4777281087869272,0.0,0.32525237174884897
708,1.5449999999998818,0.4787545413562304,0.0,0.32567015597397536
709,1.5499999999998817,0.4797809739255335,0.0,0.3260874687473591
710,1.5549999999998816,0.4808074064948365,0.0,0.3265043092681032
711,1.5599999999998817,0.4818338390641396,0.0,0.3269206767387049
712,1.5649999999998814,0.48284154022305,0.0,0.32733657036506775
713,1.5699999999998813,0.4837857573348596,0.0,0.327751989356516
714,1.5749999999998812,0.4847299744466692,0.0,0.3281669329258073
715,1.579999999999881,0.4856741915584791,0.0,0.3285814002891449
716,1.584999999999881,0.486618408670289,0.0,0.32899539066619127
717,1.5899999999998808,0.4875626257820988,0.0,0.32940890328008116
718,1.5949999999998807,0.4886382643476386,0.0,0.32982193735743376
719,1.5999999999998806,0.4897239580539068,0.0,0.33023449212836536
720,1.6049999999998803,0.4908096517601749,0.0,0.3306465668265018
721,1.6099999999998804,0.4918953454664431,0.0,0.3310581606889929
722,1.6149999999998803,0.4929810391727109,0.0,0.3314692729565221
723,1.6199999999998802,0.4940667328789793,0.0,0.3318799028733203
724,1.62499999999988,0.4951524265852474,0.0,0.3322900496871796
725,1.62999999999988,0.4962381202915154,0.0,0.33269971264946313
726,1.63499999999988,0.4973238139977836,0.0,0.3331088910151187
727,1.6399999999998798,0.4984095077040517,0.0,0.3335175840426908
728,1.6449999999998797,0.4994952014103198,0.0,0.33392579099433256
729,1.6499999999998796,0.500580895116588,0.0,0.33433351113581805
730,1.6549999999998797,0.5016665888228564,0.0,0.3347407437365539
731,1.6599999999998791,0.5027522825291244,0.0,0.3351474880695912
732,1.6649999999998792,0.5038379762353924,0.0,0.33555374341163774
733,1.6699999999998791,0.5049236699416605,0.0,0.3359595090430702
734,1.674999999999879,0.5060093636479288,0.0,0.3363647842479434
735,1.679999999999879,0.5070950573541966,0.0,0.3367695683140057
736,1.6849999999998788,0.5081807510604648,0.0,0.3371738605327071
737,1.6899999999998787,0.5092664447667332,0.0,0.33757766019921326
738,1.6949999999998786,0.5103521384730014,0.0,0.33798096661241445
739,1.6999999999998785,0.5114378321792694,0.0,0.3383837790749393
740,1.7049999999998784,0.5125235258855371,0.0,0.33878609689316447
741,1.7099999999998785,0.5136092195918056,0.0,0.33918791937722653
742,1.7149999999998782,0.5146949132980735,0.0,0.3395892458410325
743,1.719999999999878,0.515780607004342,0.0,0.3399900756022713
744,1.724999999999878,0.5168663007106102,0.0,0.34039040798242465
745,1.729999999999878,0.5179519944168782,0.0,0.34079024230677785
746,1.7349999999998778,0.5190376881231461,0.0,0.3411895779044299
747,1.7399999999998776,0.5201233818294145,0.0,0.34158841410830537
748,1.7449999999998775,0.5212090755356826,0.0,0.3419867502551645
749,1.7499999999998774,0.5222947692419506,0.0,0.34238458568561375
750,1.754999999999877,0.5233804629482186,0.0,0.34278191974411504
751,1.7599999999998772,0.5244661566544868,0.0,0.34317875177899876
752,1.7649999999998771,0.5255518503607551,0.0,0.34357508114247154
753,1.769999999999877,0.5266375440670232,0.0,0.34397090719062734
754,1.774999999999877,0.5277232377732912,0.0,0.3443662292834588
755,1.7799999999998768,0.5288089314795594,0.0,0.34476104678486436
756,1.784999999999877,0.5298946251858274,0.0,0.3451553590626612
757,1.7899999999998766,0.5309803188920953,0.0,0.34554916548859343
758,1.7949999999998765,0.532066012598364,0.0,0.3459424654383419
759,1.7999999999998764,0.5331517063046317,0.0,0.34633525829153516
760,1.8049999999998765,0.5342374000108997,0.0,0.34672754343175644
761,1.809999999999876,0.5353230937171684,0.0,0.3471193202465565
762,1.814999999999876,0.536408787423436,0.0,0.34751058812746044
763,1.819999999999876,0.5374944811297044,0.0,0.3479013464699782
764,1.824999999999876,0.5385801748359724,0.0,0.34829159467361287
765,1.829999999999876,0.5396658685422407,0.0,0.3486813321418713
766,1.834999999999876,0.540751562248509,0.0,0.34907055828227146
767,1.8399999999998755,0.5418372559547769,0.0,0.34945927250635317
768,1.8449999999998756,0.5429229496610455,0.0,0.3498474742296854
769,1.8499999999998755,0.544008643367313,0.0,0.3502351628718751
770,1.8549999999998752,0.545094337073581,0.0,0.3506223378565773
771,1.859999999999875,0.5461800307798496,0.0,0.3510089986115022
772,1.864999999999875,0.5472657244861179,0.0,0.35139514456842486
773,1.8699999999998749,0.5483514181923855,0.0,0.3517807751631921
774,1.8749999999998748,0.5494371118986539,0.0,0.3521658898357323
775,1.8799999999998749,0.550522805604922,0.0,0.35255048803006256
776,1.8849999999998743,0.5516084993111903,0.0,0.35293456919429694
777,1.8899999999998744,0.5526941930174583,0.0,0.35331813278065566
778,1.8949999999998743,0.5537798867237264,0.0,0.35370117824547126
779,1.8999999999998745,0.5548655804299945,0.0,0.3540837050491967
780,1.904999999999874,0.5559512741362626,0.0,0.3544657126564145
781,1.909999999999874,0.5570369678425308,0.0,0.3548472005358428
782,1.914999999999874,0.5581226615487991,0.0,0.3552281681603438
783,1.9199999999998736,0.5592083552550671,0.0,0.35560861500693025
784,1.9249999999998737,0.5602940489613352,0.0,0.3559885405567735
785,1.9299999999998736,0.5613797426676034,0.0,0.35636794429521096
786,1.9349999999998733,0.5624654363738716,0.0,0.35674682571175204
787,1.9399999999998732,0.5635511300801395,0.0,0.3571251843000863
788,1.9449999999998733,0.5646368237864077,0.0,0.3575030195580898
789,1.9499999999998727,0.5657225174926758,0.0,0.35788033098783173
790,1.954999999999873,0.5668082111989441,0.0,0.35825711809558164
791,1.959999999999873,0.567893904905212,0.0,0.35863338039181586
792,1.9649999999998728,0.5689795986114802,0.0,0.3590091173912235
793,1.9699999999998727,0.5700652923177485,0.0,0.35938432861271313
794,1.9749999999998729,0.5711509860240165,0.0,0.3597590135794199
795,1.9799999999998723,0.5722366797302849,0.0,0.36013317181871013
796,1.9849999999998724,0.5733223734365531,0.0,0.36050680286218867
797,1.9899999999998723,0.5744080671428207,0.0,0.36087990624570404
798,1.994999999999872,0.575493760849089,0.0,0.3612524815093546
799,1.999999999999872,0.5765794545553572,0.0,0.3616245281974952
800,-1.9950000000000427,0.97250649431489,1.0,0.9406689790392826
801,-1.9900000000000428,0.9721310348725508,1.0,0.9406557841923833
802,-1.985000000000043,0.9717555754302108,1.0,0.9406436274659955
803,-1.980000000000043,0.9713801159878708,1.0,0.9406325120602854
804,-1.9750000000000432,0.9710046565455313,1.0,0.9406224411506152
805,-1.9700000000000435,0.9706291971031916,1.0,0.9406134178870289
806,-1.9650000000000436,0.9702537376608512,1.0,0.9406054453937331
807,-1.9600000000000437,0.9698782782185116,1.0,0.9405985267685713
808,-1.955000000000044,0.969502818776172,1.0,0.9405926650824921
809,-1.950000000000044,0.9691273593338328,1.0,0.9405878633790166
810,-1.945000000000044,0.9687518998914928,1.0,0.9405841246736957
811,-1.940000000000044,0.9683764404491532,1.0,0.9405814519535642
812,-1.935000000000044,0.9680009810068136,1.0,0.9405798481765915
813,-1.930000000000044,0.967625521564474,1.0,0.9405793162711233
814,-1.925000000000044,0.9672500621221336,1.0,0.9405798591353218
815,-1.9200000000000443,0.9668746026797944,1.0,0.9405814796365979
816,-1.9150000000000444,0.9664991432374542,1.0,0.94058418061104
817,-1.9100000000000448,0.9661236837951144,1.0,0.9405879648628355
818,-1.9050000000000449,0.9657482243527749,1.0,0.9405928351636899
819,-1.9000000000000448,0.9653727649104348,1.0,0.940598794252238
820,-1.8950000000000449,0.9649973054680951,1.0,0.9406058448334502
821,-1.890000000000045,0.9646218460257552,1.0,0.940613989578035
822,-1.885000000000045,0.9642463865834152,1.0,0.9406232311218337
823,-1.8800000000000447,0.963870927141076,1.0,0.9406335720652128
824,-1.8750000000000453,0.9634954676987362,1.0,0.9406450149724483
825,-1.8700000000000452,0.9631200082563964,1.0,0.9406575623711053
826,-1.8650000000000453,0.9627445488140564,1.0,0.9406712167514137
827,-1.8600000000000456,0.9623690893717176,1.0,0.9406859805656369
828,-1.8550000000000455,0.9619936299293774,1.0,0.9407018562274343
829,-1.8500000000000456,0.9616181704870372,1.0,0.940718846111221
830,-1.845000000000046,0.9612427110446976,1.0,0.9407369525515215
831,-1.840000000000046,0.9608672516023576,1.0,0.9407561778423139
832,-1.835000000000046,0.960491792160018,1.0,0.9407765242363753
833,-1.8300000000000465,0.960116332717678,1.0,0.9407979939446163
834,-1.8250000000000464,0.959740873275339,1.0,0.9408205891354133
835,-1.8200000000000465,0.9593654138329984,1.0,0.9408443119339327
836,-1.8150000000000464,0.9589899543906591,1.0,0.9408691644214531
837,-1.810000000000047,0.9586144949483192,1.0,0.9408951486346782
838,-1.8050000000000468,0.95823903550598,1.0,0.9409222665650472
839,-1.800000000000047,0.9578635760636396,1.0,0.9409505201580366
840,-1.795000000000047,0.9574881166212998,1.0,0.9409799113124626
841,-1.790000000000047,0.95711265717896,1.0,0.9410104418797698
842,-1.7850000000000472,0.9567371977366204,1.0,0.941042113663322
843,-1.780000000000047,0.956361738294281,1.0,0.9410749284176814
844,-1.7750000000000474,0.9559862788519408,1.0,0.9411088878478873
845,-1.7700000000000475,0.9556108194096016,1.0,0.9411439936087265
846,-1.7650000000000476,0.9552353599672618,1.0,0.9411802473039992
847,-1.7600000000000475,0.954859900524922,1.0,0.9412176504857794
848,-1.755000000000048,0.9544844410825818,1.0,0.9412562046536703
849,-1.750000000000048,0.9541089816402424,1.0,0.9412959112540522
850,-1.745000000000048,0.9537335221979027,1.0,0.9413367716793302
851,-1.7400000000000482,0.9533580627555628,1.0,0.9413787872671688
852,-1.7350000000000485,0.9529826033132228,1.0,0.9414219592997295
853,-1.7300000000000484,0.9526071438708836,1.0,0.9414662890028969
854,-1.7250000000000485,0.952231684428543,1.0,0.9415117775455006
855,-1.7200000000000486,0.9518562249862036,1.0,0.9415584260385357
856,-1.7150000000000487,0.951480765543865,1.0,0.9416062355343744
857,-1.7100000000000488,0.9511053061015236,1.0,0.9416552070259712
858,-1.705000000000049,0.9507298466591848,1.0,0.941705341446067
859,-1.700000000000049,0.9503543872168448,1.0,0.9417566396663859
860,-1.6950000000000491,0.9499789277745048,1.0,0.9418091024968254
861,-1.6900000000000492,0.949603468332165,1.0,0.941862730684645
862,-1.6850000000000491,0.9492280088898252,1.0,0.9419175249136447
863,-1.6800000000000497,0.9488525494474858,1.0,0.9419734858033451
864,-1.6750000000000496,0.9484770900051456,1.0,0.9420306139081562
865,-1.6700000000000497,0.9481016305628056,1.0,0.9420889097165448
866,-1.6650000000000498,0.9477261711204664,1.0,0.9421483736501941
867,-1.66000000000005,0.9473507116781268,1.0,0.9422090060631638
868,-1.65500000000005,0.9469752522357866,1.0,0.9422708072410388
869,-1.65000000000005,0.9465997927934464,1.0,0.9423337774000771
870,-1.6450000000000502,0.9462243333511072,1.0,0.9423979166863512
871,-1.6400000000000503,0.945848873908768,1.0,0.9424632251748868
872,-1.6350000000000504,0.945473414466428,1.0,0.9425297028687931
873,-1.6300000000000503,0.945097955024088,1.0,0.9425973496983933
874,-1.6250000000000506,0.944821645417966,1.0,0.9426661655203468
875,-1.6200000000000507,0.9446913793128152,1.0,0.9427361501167664
876,-1.6150000000000508,0.9444003423204608,1.0,0.9428073031943363
877,-1.610000000000051,0.9438900264143256,1.0,0.9428796243834188
878,-1.605000000000051,0.94337971050819,1.0,0.9429531132371609
879,-1.6000000000000512,0.9428693946020552,1.0,0.9430277692305966
880,-1.5950000000000513,0.942359078695919,1.0,0.9431035917597415
881,-1.5900000000000514,0.9418487627897836,1.0,0.9431805801406892
882,-1.5850000000000517,0.941338446883648,1.0,0.9432587336086955
883,-1.5800000000000516,0.9408281309775128,1.0,0.9433380513172671
884,-1.5750000000000517,0.9403178150713776,1.0,0.9434185323372404
885,-1.5700000000000518,0.9398074991652416,1.0,0.9435001756558581
886,-1.565000000000052,0.9392971832591062,1.0,0.9435829801758431
887,-1.560000000000052,0.9387868673529708,1.0,0.9436669447144688
888,-1.555000000000052,0.938276551446835,1.0,0.9437520680026199
889,-1.5500000000000522,0.9377662355407,1.0,0.9438383486838617
890,-1.5450000000000523,0.9372559196345642,1.0,0.9439257853134924
891,-1.5400000000000524,0.9367456037284289,1.0,0.9440143763576012
892,-1.5350000000000523,0.9362352878222934,1.0,0.9441041201921208
893,-1.5300000000000529,0.935724971916158,1.0,0.9441950151018732
894,-1.5250000000000528,0.9352146560100228,1.0,0.9442870592796178
895,-1.5200000000000529,0.9347043401038868,1.0,0.9443802508250934
896,-1.515000000000053,0.9341940241977515,1.0,0.9444745877440561
897,-1.510000000000053,0.9336837082916158,1.0,0.9445700679473183
898,-1.5050000000000532,0.9331733923854806,1.0,0.9446666892497819
899,-1.5000000000000533,0.9326630764793444,1.0,0.9447644493694685
900,-1.4950000000000534,0.9321527605732098,1.0,0.9448633459265512
901,-1.4900000000000535,0.9316424446670744,1.0,0.9449633764423777
902,-1.4850000000000536,0.9311321287609384,1.0,0.945064538338497
903,-1.4800000000000535,0.9306218128548032,1.0,0.9451668289356814
904,-1.4750000000000538,0.930111496948668,1.0,0.9452702454529447
905,-1.470000000000054,0.9296011810425324,1.0,0.9453747850065632
906,-1.465000000000054,0.9290908651363972,1.0,0.9454804446090908
907,-1.460000000000054,0.9285805492302612,1.0,0.9455872211683722
908,-1.4550000000000542,0.928070233324126,1.0,0.9456951114865595
909,-1.4500000000000544,0.9275599174179904,1.0,0.9458041122591223
910,-1.4450000000000545,0.9270496015118552,1.0,0.9459142200738573
911,-1.4400000000000546,0.9265392856057196,1.0,0.9460254314099004
912,-1.435000000000055,0.926028969699584,1.0,0.9461377426367339
913,-1.4300000000000548,0.9255186537934488,1.0,0.9462511500131943
914,-1.425000000000055,0.9250083378873132,1.0,0.9463656496864801
915,-1.420000000000055,0.9244980219811778,1.0,0.946481237691158
916,-1.415000000000055,0.923987706075042,1.0,0.9465979099481705
917,-1.4100000000000552,0.9234773901689074,1.0,0.9467156622638397
918,-1.405000000000055,0.9229670742627712,1.0,0.9468344903288763
919,-1.4000000000000554,0.9224567583566364,1.0,0.946954389717384
920,-1.3950000000000555,0.9219464424505004,1.0,0.9470753558858664
921,-1.3900000000000556,0.9214361265443654,1.0,0.9471973841722359
922,-1.3850000000000555,0.9209258106382294,1.0,0.9473204697948188
923,-1.3800000000000558,0.920415494732094,1.0,0.9474446078513661
924,-1.375000000000056,0.9199051788259588,1.0,0.9475697933180622
925,-1.370000000000056,0.9193948629198232,1.0,0.9476960210485366
926,-1.3650000000000562,0.9188845470136872,1.0,0.9478232857728754
927,-1.3600000000000565,0.9183742311075525,1.0,0.9479515820966351
928,-1.3550000000000564,0.9178639152014167,1.0,0.9480809044998604
929,-1.3500000000000565,0.9173535992952814,1.0,0.9482112473360991
930,-1.3450000000000566,0.916843283389146,1.0,0.9483426048314232
931,-1.3400000000000567,0.9163329674830104,1.0,0.9484749710834517
932,-1.3350000000000568,0.9158226515768751,1.0,0.9486083400603746
933,-1.330000000000057,0.9153123356707394,1.0,0.9487427055999822
934,-1.325000000000057,0.914802019764604,1.0,0.9488780614086936
935,-1.3200000000000571,0.9142917038584688,1.0,0.9490144010605917
936,-1.3150000000000572,0.9137813879523332,1.0,0.9491517179964628
937,-1.3100000000000571,0.9132710720461972,1.0,0.9492900055228335
938,-1.3050000000000574,0.9127607561400628,1.0,0.9494292568110194
939,-1.3000000000000576,0.9122504402339272,1.0,0.9495694648961732
940,-1.2950000000000577,0.9117401243277914,1.0,0.9497106226763374
941,-1.2900000000000578,0.9112298084216562,1.0,0.9498527229115048
942,-1.285000000000058,0.9107194925155204,1.0,0.9499957582226795
943,-1.280000000000058,0.910209176609385,1.0,0.9501397210909464
944,-1.275000000000058,0.9096988607032492,1.0,0.9502846038565447
945,-1.2700000000000582,0.9091885447971144,1.0,0.950430398717947
946,-1.2650000000000583,0.9086782288909784,1.0,0.9505770977309445
947,-1.2600000000000584,0.9081679129848428,1.0,0.9507246928077393
948,-1.2550000000000583,0.907657597078708,1.0,0.9508731757160398
949,-1.2500000000000586,0.9071472811725724,1.0,0.9510225380781672
950,-1.2450000000000587,0.9066369652664368,1.0,0.951172771370167
951,-1.2400000000000588,0.9061266493603014,1.0,0.9513238669209259
952,-1.235000000000059,0.905616333454166,1.0,0.9514758159112988
953,-1.230000000000059,0.90510601754803,1.0,0.9516286093732431
954,-1.2250000000000592,0.9045957016418952,1.0,0.9517822381889591
955,-1.2200000000000593,0.9040853857357596,1.0,0.9519366930900424
956,-1.2150000000000594,0.903575069829624,1.0,0.9520919646566399
957,-1.2100000000000597,0.903064753923489,1.0,0.9522480433166212
958,-1.2050000000000596,0.9029725217287676,1.0,0.9524049193447512
959,-1.2000000000000597,0.90512095264676,1.0,0.9525625828618802
960,-1.1950000000000598,0.9072693835647528,1.0,0.9527210238341393
961,-1.19000000000006,0.9094178144827456,1.0,0.952880232072145
962,-1.18500000000006,0.911566245400738,1.0,0.9530401972302189
963,-1.18000000000006,0.9137146763187306,1.0,0.9532009088056133
964,-1.1750000000000602,0.9158631072367236,1.0,0.9533623561377504
965,-1.1700000000000603,0.9180115381547164,1.0,0.9535245284074727
966,-1.1650000000000604,0.9201599690727088,1.0,0.9536874146363044
967,-1.1600000000000603,0.922308399990702,1.0,0.9538510036857257
968,-1.1550000000000606,0.9244568309086943,1.0,0.954015284256458
969,-1.1500000000000608,0.9266052618266872,1.0,0.954180244887763
970,-1.1450000000000609,0.9287536927446798,1.0,0.9543458739567559
971,-1.140000000000061,0.9309021236626724,1.0,0.9545121596777288
972,-1.135000000000061,0.9330505545806652,1.0,0.9546790901014892
973,-1.1300000000000612,0.9351989854986578,1.0,0.9548466531147155
974,-1.1250000000000613,0.9373474164166504,1.0,0.9550148364393218
975,-1.1200000000000614,0.9394958473346432,1.0,0.9551836276318417
976,-1.1150000000000615,0.941644278252636,1.0,0.9553530140828224
977,-1.1100000000000616,0.9437927091706284,1.0,0.9555229830162413
978,-1.1050000000000617,0.9459411400886214,1.0,0.9556935214889306
979,-1.1000000000000618,0.948089571006614,1.0,0.955864616390024
980,-1.095000000000062,0.9502380019246064,1.0,0.9560362544404162
981,-1.090000000000062,0.9523864328425996,1.0,0.9562084221922416
982,-1.085000000000062,0.953315012701908,1.0,0.956381106028368
983,-1.0800000000000622,0.9540941505308604,1.0,0.9565542921619106
984,-1.0750000000000624,0.9548732883598132,1.0,0.9567279666357607
985,-1.0700000000000625,0.9556524261887654,1.0,0.9569021153221358
986,-1.0650000000000626,0.9564315640177176,1.0,0.9570767239221463
987,-1.060000000000063,0.95721070184667,1.0,0.9572517779653822
988,-1.0550000000000628,0.9579898396756223,1.0,0.9574272628095193
989,-1.0500000000000629,0.9587689775045748,1.0,0.9576031636399438
990,-1.045000000000063,0.9595481153335276,1.0,0.9577794654693983
991,-1.040000000000063,0.9603272531624796,1.0,0.9579561531376501
992,-1.0350000000000632,0.961106390991432,1.0,0.958133211311176
993,-1.0300000000000633,0.9618855288203846,1.0,0.9583106244828727
994,-1.0250000000000634,0.962664666649337,1.0,0.9584883769717853
995,-1.0200000000000635,0.963443804478289,1.0,0.9586664529228621
996,-1.0150000000000636,0.9642229423072416,1.0,0.9588448363067272
997,-1.0100000000000635,0.9650020801361942,1.0,0.9590235109194793
998,-1.0050000000000638,0.9657812179651468,1.0,0.9592024603825124
999,-1.000000000000064,0.966560355794099,1.0,0.9593816681423608
1000,-0.995000000000064,0.9673394936230516,1.0,0.9595611174705665
1001,-0.9900000000000642,0.9681186314520036,1.0,0.9597407914635729
1002,-0.9850000000000644,0.9688977692809562,1.0,0.959920673042642
1003,-0.9800000000000644,0.9696769071099086,1.0,0.9601007449537973
1004,-0.9750000000000644,0.9704560449388608,1.0,0.9602809897677935
1005,-0.9700000000000646,0.9712351827678134,1.0,0.960461389880108
1006,-0.9650000000000648,0.9720143205967656,1.0,0.9606419275109632
1007,-0.9600000000000648,0.972793458425718,1.0,0.9608225847053746
1008,-0.9550000000000648,0.9735725962546704,1.0,0.9610033433332221
1009,-0.950000000000065,0.974351734083623,1.0,0.9611841850893548
1010,-0.9450000000000652,0.9751308719125752,1.0,0.9613650914937195
1011,-0.9400000000000652,0.975607065192645,1.0,0.9615460438915178
1012,-0.9350000000000652,0.9755488118263472,1.0,0.9617270234533934
1013,-0.9300000000000654,0.9754905584600496,1.0,0.9619080111756466
1014,-0.9250000000000655,0.975432305093752,1.0,0.9620889878804804
1015,-0.9200000000000657,0.9753740517274544,1.0,0.9622699342162739
1016,-0.9150000000000658,0.9753157983611568,1.0,0.9624508306578861
1017,-0.910000000000066,0.9752575449948592,1.0,0.9626316575069926
1018,-0.905000000000066,0.9751992916285616,1.0,0.9628123948924503
1019,-0.9000000000000661,0.9751410382622638,1.0,0.9629930227706949
1020,-0.8950000000000662,0.9750827848959666,1.0,0.9631735209261687
1021,-0.8900000000000663,0.9750245315296686,1.0,0.9633538689717815
1022,-0.8850000000000664,0.9749662781633714,1.0,0.9635340463494044
1023,-0.8800000000000665,0.9749080247970736,1.0,0.9637140323303934
1024,-0.8750000000000666,0.974849771430776,1.0,0.9638938060161479
1025,-0.8700000000000667,0.9747915180644784,1.0,0.9640733463387043
1026,-0.8650000000000668,0.9747332646981806,1.0,0.9642526320613596
1027,-0.8600000000000669,0.9746750113318832,1.0,0.9644316417793304
1028,-0.855000000000067,0.9746167579655854,1.0,0.9646103539204482
1029,-0.8500000000000671,0.9745585045992878,1.0,0.9647887467458864
1030,-0.8450000000000673,0.9745002512329904,1.0,0.9649667983509242
1031,-0.8400000000000674,0.9744419978666926,1.0,0.9651444866657457
1032,-0.8350000000000675,0.974383744500395,1.0,0.9653217894562729
1033,-0.8300000000000676,0.9743254911340974,1.0,0.9654986843250362
1034,-0.8250000000000677,0.9742672377677996,1.0,0.9656751487120829
1035,-0.8200000000000678,0.9742089844015024,1.0,0.9658511598959183
1036,-0.8150000000000679,0.9741507310352046,1.0,0.9660266949944851
1037,-0.810000000000068,0.9740924776689072,1.0,0.9662017309661826
1038,-0.8050000000000681,0.9740342243026096,1.0,0.9663762446109181
1039,-0.8000000000000682,0.9739759709363122,1.0,0.9665502125712029
1040,-0.7950000000000683,0.9739177175700144,1.0,0.9667236113332789
1041,-0.7900000000000684,0.9738594642037164,1.0,0.966896417228289
1042,-0.7850000000000685,0.9738012108374192,1.0,0.9670686064334828
1043,-0.7800000000000686,0.9737429574711216,1.0,0.967240154973463
1044,-0.7750000000000687,0.973684704104824,1.0,0.9674110387214696
1045,-0.7700000000000689,0.9736264507385264,1.0,0.9675812334007028
1046,-0.765000000000069,0.9735681973722288,1.0,0.9677507145856881
1047,-0.7600000000000691,0.9735099440059312,1.0,0.9679194577036763
1048,-0.7550000000000692,0.9734516906396335,1.0,0.9680874380360898
1049,-0.7500000000000693,0.9734792799423329,1.0,0.9682546307200015
1050,-0.7450000000000694,0.9735506623050014,1.0,0.9684210107496607
1051,-0.7400000000000695,0.9736220446676696,1.0,0.9685865529780544
1052,-0.7350000000000696,0.973693427030338,1.0,0.9687512321185143
1053,-0.7300000000000697,0.9737648093930068,1.0,0.9689150227463577
1054,-0.7250000000000698,0.973836191755675,1.0,0.9690778993005751
1055,-0.7200000000000699,0.9739075741183434,1.0,0.9692398360855587
1056,-0.71500000000007,0.973978956481012,1.0,0.9694008072728684
1057,-0.7100000000000701,0.9740503388436804,1.0,0.96956078690304
1058,-0.7050000000000702,0.9741217212063492,1.0,0.9697197488874396
1059,-0.7000000000000703,0.9741931035690174,1.0,0.9698776670101537
1060,-0.6950000000000705,0.974264485931686,1.0,0.9700345149299214
1061,-0.6900000000000706,0.9743358682943544,1.0,0.9701902661821142
1062,-0.6850000000000707,0.9744072506570226,1.0,0.9703448941807509
1063,-0.6800000000000708,0.9744786330196912,1.0,0.9704983722205578
1064,-0.6750000000000709,0.9745500153823596,1.0,0.9706506734790685
1065,-0.670000000000071,0.974621397745028,1.0,0.9708017710187702
1066,-0.6650000000000711,0.9746927801076964,1.0,0.9709516377892848
1067,-0.6600000000000712,0.9747641624703652,1.0,0.9711002466296002
1068,-0.6550000000000713,0.9748355448330336,1.0,0.9712475702703356
1069,-0.6500000000000714,0.974906927195702,1.0,0.9713935813360557
1070,-0.6450000000000715,0.9749783095583704,1.0,0.9715382523476215
1071,-0.6400000000000716,0.975049691921039,1.0,0.9716815557245853
1072,-0.6350000000000717,0.9751210742837072,1.0,0.9718234637876284
1073,-0.6300000000000718,0.9751924566463758,1.0,0.9719639487610394
1074,-0.6250000000000719,0.975263839009044,1.0,0.972102982775233
1075,-0.620000000000072,0.9753352213717128,1.0,0.9722405378693122
1076,-0.6150000000000722,0.9754066037343812,1.0,0.9723765859936722
1077,-0.6100000000000723,0.9754779860970496,1.0,0.9725110990126431
1078,-0.6050000000000724,0.975549368459718,1.0,0.9726440487071781
1079,-0.6000000000000725,0.9756207508223866,1.0,0.9727754067775767
1080,-0.5950000000000726,0.975692133185055,1.0,0.9729051448462545
1081,-0.5900000000000727,0.9757635155477232,1.0,0.9730332344605512
1082,-0.5850000000000728,0.975834897910392,1.0,0.9731596470955788
1083,-0.5800000000000729,0.9759062802730604,1.0,0.9732843541571092
1084,-0.575000000000073,0.9759776626357288,1.0,0.9734073269845063
1085,-0.5700000000000731,0.976049044998397,1.0,0.9735285368536917
1086,-0.5650000000000732,0.9761204273610656,1.0,0.9736479549801538
1087,-0.5600000000000733,0.9761918097237338,1.0,0.9737655525219957
1088,-0.5550000000000734,0.9762631920864028,1.0,0.9738813005830209
1089,-0.5500000000000735,0.976334574449071,1.0,0.9739951702158596
1090,-0.5450000000000736,0.9775752717971756,1.0,0.9741071324251307
1091,-0.5400000000000738,0.9790769753082816,1.0,0.9742171581706429
1092,-0.5350000000000739,0.9800188647860868,1.0,0.9743252183706355
1093,-0.530000000000074,0.9806906124175114,1.0,0.9744312839050515
1094,-0.5250000000000741,0.981362360048936,1.0,0.974535325618854
1095,-0.5200000000000742,0.9820341076803604,1.0,0.9746373143253726
1096,-0.5150000000000743,0.982705855311785,1.0,0.9747372208096907
1097,-0.5100000000000744,0.9833776029432092,1.0,0.9748350158320647
1098,-0.5050000000000745,0.9840493505746338,1.0,0.9749306701313813
1099,-0.5000000000000746,0.984721098206058,1.0,0.9750241544286484
1100,-0.4950000000000747,0.9853928458374824,1.0,0.9751154394305177
1101,-0.4900000000000748,0.9860645934689072,1.0,0.9752044958328454
1102,-0.4850000000000749,0.9867363411003314,1.0,0.9752912943242817
1103,-0.480000000000075,0.987408088731756,1.0,0.975375805589896
1104,-0.4750000000000751,0.9880798363631808,1.0,0.9754580003148321
1105,-0.4700000000000752,0.9887515839946048,1.0,0.9755378491879936
1106,-0.4650000000000753,0.9894233316260296,1.0,0.9756153229057671
1107,-0.4600000000000754,0.9900950792574538,1.0,0.9756903921757629
1108,-0.4550000000000755,0.9907668268888784,1.0,0.9757630277206004
1109,-0.4500000000000757,0.9914385745203028,1.0,0.9758332002817076
1110,-0.4450000000000758,0.9921103221517272,1.0,0.9759008806231606
1111,-0.4400000000000759,0.9927820697831516,1.0,0.9759660395355445
1112,-0.435000000000076,0.993453817414576,1.0,0.9760286478398408
1113,-0.4300000000000761,0.9941255650460008,1.0,0.9760886763913452
1114,-0.4250000000000762,0.9947973126774252,1.0,0.9761460960836059
1115,-0.4200000000000763,0.9954690603088496,1.0,0.9762008778523903
1116,-0.4150000000000764,0.9963671234182268,1.0,0.9762529926796721
1117,-0.4100000000000765,0.9979567516656712,1.0,0.9763024115976462
1118,-0.4050000000000766,0.99883477063208,1.0,0.9763491056927598
1119,-0.4000000000000767,0.9988506669145544,1.0,0.9763930461097694
1120,-0.3950000000000768,0.9988665631970288,1.0,0.9764342040558187
1121,-0.3900000000000769,0.9988824594795032,1.0,0.9764725508045311
1122,-0.385000000000077,0.9988983557619776,1.0,0.9765080577001284
1123,-0.3800000000000771,0.998914252044452,1.0,0.9765406961615604
1124,-0.3750000000000772,0.9989301483269264,1.0,0.9765704376866573
1125,-0.3700000000000774,0.9989460446094008,1.0,0.9765972538562955
1126,-0.3650000000000775,0.9989619408918754,1.0,0.9766211163385772
1127,-0.3600000000000776,0.9989778371743498,1.0,0.9766419968930291
1128,-0.3550000000000777,0.9989937334568242,1.0,0.9766598673748084
1129,-0.3500000000000778,0.9990096297392986,1.0,0.9766746997389266
1130,-0.3450000000000779,0.9990255260217732,1.0,0.9766864660444821
1131,-0.340000000000078,0.9990414223042476,1.0,0.9766951384589024
1132,-0.3350000000000781,0.999057318586722,1.0,0.9767006892621977
1133,-0.3300000000000782,0.9990732148691964,1.0,0.9767030908512213
1134,-0.3250000000000783,0.999089111151671,1.0,0.9767023157439381
1135,-0.3200000000000784,0.9991050074341452,1.0,0.9766983365837005
1136,-0.3150000000000785,0.9991209037166198,1.0,0.9766911261435258
1137,-0.3100000000000786,0.9991367999990944,1.0,0.9766806573303817
1138,-0.3050000000000787,0.9991523614264046,1.0,0.9766669031894721
1139,-0.3000000000000788,0.9991657561860864,1.0,0.9766498369085275
1140,-0.295000000000079,0.9991791509457684,1.0,0.9766294318220927
1141,-0.2900000000000791,0.99919254570545,1.0,0.9766056614158174
1142,-0.2850000000000792,0.999205940465132,1.0,0.976578499330744
1143,-0.2800000000000793,0.9992144936277936,1.0,0.9765479193675926
1144,-0.2750000000000794,0.9992075450061296,1.0,0.9765138954910406
1145,-0.2700000000000795,0.9992009718357252,1.0,0.9764764018340018
1146,-0.2650000000000796,0.9991943986653208,1.0,0.9764354127018966
1147,-0.2600000000000797,0.9991878254949162,1.0,0.976390902576914
1148,-0.2550000000000798,0.9991812523245116,1.0,0.9763428461222659
1149,-0.2500000000000799,0.9991746791541072,1.0,0.9762912181864332
1150,-0.24500000000008,0.9991681059837026,1.0,0.9762359938074003
1151,-0.2400000000000801,0.999161532813298,1.0,0.9761771482168753
1152,-0.2350000000000802,0.9991549596428936,1.0,0.9761146568445007
1153,-0.2300000000000803,0.9991483864724892,1.0,0.9760484953220461
1154,-0.2250000000000804,0.9991418133020844,1.0,0.9759786394875878
1155,-0.2200000000000805,0.99913524013168,1.0,0.975905065389669
1156,-0.2150000000000806,0.9991286669612754,1.0,0.9758277492914442
1157,-0.2100000000000808,0.999122093790871,1.0,0.9757466676748023
1158,-0.2050000000000809,0.9991155206204664,1.0,0.9756617972444708
1159,-0.200000000000081,0.999108947450062,1.0,0.9755731149320948
1160,-0.1950000000000811,0.9991023742796572,1.0,0.9754805979002961
1161,-0.1900000000000812,0.9990958011092528,1.0,0.9753842235467074
1162,-0.1850000000000813,0.9990892279388484,1.0,0.9752839695079778
1163,-0.1800000000000814,0.9990826547684436,1.0,0.9751798136637571
1164,-0.1750000000000815,0.9990760815980392,1.0,0.9750717341406445
1165,-0.1700000000000816,0.9990695084276346,1.0,0.9749597093161135
1166,-0.1650000000000817,0.9990629352572302,1.0,0.9748437178224052
1167,-0.1600000000000818,0.9990563620868256,1.0,0.9747237385503869
1168,-0.1550000000000819,0.9990497889164212,1.0,0.9745997506533792
1169,-0.150000000000082,0.9990432157460164,1.0,0.9744717335509518
1170,-0.1450000000000821,0.999036642575612,1.0,0.974339666932676
1171,-0.1400000000000822,0.9990300694052074,1.0,0.9742035307618497
1172,-0.1350000000000824,0.999023496234803,1.0,0.9740633052791736
1173,-0.1300000000000825,0.9990169230643984,1.0,0.9739189710063996
1174,-0.1250000000000826,0.999010349893994,1.0,0.9737705087499289
1175,-0.1200000000000827,0.9990037767235894,1.0,0.9736178996043743
1176,-0.1150000000000828,0.998997203553185,1.0,0.9734611249560752
1177,-0.1100000000000829,0.9989906303827804,1.0,0.9733001664865732
1178,-0.105000000000083,0.9989840572123756,1.0,0.9731350061760373
1179,-0.1000000000000831,0.9989774840419712,1.0,0.9729656263066464
1180,-0.0950000000000832,0.9989709108715666,1.0,0.972792009465921
1181,-0.0900000000000833,0.9989643377011622,1.0,0.9726141385500093
1182,-0.0850000000000834,0.9989577645307576,1.0,0.9724319967669199
1183,-0.0800000000000835,0.9989511913603532,1.0,0.9722455676397053
1184,-0.0750000000000836,0.9989446181899486,1.0,0.9720548350095923
1185,-0.0700000000000837,0.998938045019544,1.0,0.9718597830390612
1186,-0.0650000000000838,0.9989314718491396,1.0,0.9716603962148649
1187,-0.0600000000000839,0.9989248986787352,1.0,0.971456659350999
1188,-0.055000000000084,0.9989183255083304,1.0,0.9712485575916112
1189,-0.0500000000000842,0.998911752337926,1.0,0.9710360764138544
1190,-0.0450000000000843,0.9989051791675214,1.0,0.9708192016306789
1191,-0.0400000000000844,0.998898605997117,1.0,0.9705979193935688
1192,-0.0350000000000845,0.9988920328267124,1.0,0.970372216195214
1193,-0.0300000000000846,0.998885459656308,1.0,0.9701420788721222
1194,-0.0250000000000847,0.9988788864859032,1.0,0.9699074946071666
1195,-0.0200000000000848,0.9988723133154987,1.0,0.9696684509320723
1196,-0.0150000000000849,0.9988657401450944,1.0,0.9694249357298357
1197,-0.010000000000085,0.9988591669746896,1.0,0.9691769372370793
1198,-0.0050000000000851,0.9988525938042851,1.0,0.9689244440463407
1199,-8.526512829121202e-14,0.9988460206338806,1.0,0.9686674451082931
1200,0.0049999999999146,0.9988394474634762,1.0,0.9684059297338974
1201,0.0099999999999145,0.9988328742930715,1.0,0.9681398875964884
1202,0.0149999999999144,0.9986994289718428,1.0,0.967869308733786
1203,0.0199999999999143,0.99804211193139,1.0,0.9675941835498403
1204,0.0249999999999142,0.997384794890937,1.0,0.9673145028169026
1205,0.029999999999914,0.996727477850484,1.0,0.9670302576772287
1206,0.0349999999999139,0.9960701608100312,1.0,0.9667414396448004
1207,0.0399999999999138,0.995412843769578,1.0,0.9664480406069853
1208,0.0449999999999137,0.9947830829854346,1.0,0.9661500528261115
1209,0.0499999999999136,0.994314965676074,1.0,0.9658474689409764
1210,0.0549999999999135,0.9938468483667132,1.0,0.965540281968273
1211,0.0599999999999134,0.9933787310573522,1.0,0.9652284853039466
1212,0.0649999999999133,0.9929106137479916,1.0,0.9649120727244693
1213,0.0699999999999132,0.99244249643863,1.0,0.9645910383880416
1214,0.0749999999999131,0.9919743791292696,1.0,0.9642653768357143
1215,0.079999999999913,0.9915062618199088,1.0,0.9639350829924334
1216,0.0849999999999129,0.991038144510548,1.0,0.9636001521680055
1217,0.0899999999999128,0.9905700272011873,1.0,0.9632605800579861
1218,0.0949999999999127,0.9901019098918262,1.0,0.9629163627444879
1219,0.0999999999999126,0.9896337925824654,1.0,0.9625674966969071
1220,0.1049999999999125,0.9891656752731048,1.0,0.9622139787725748
1221,0.1099999999999123,0.9886975579637436,1.0,0.9618558062173235
1222,0.1149999999999122,0.9882294406543828,1.0,0.961492976665975
1223,0.1199999999999121,0.9877613233450222,1.0,0.9611254881427493
1224,0.124999999999912,0.9872932060356616,1.0,0.9607533390615892
1225,0.1299999999999119,0.9868250887263004,1.0,0.9603765282264061
1226,0.1349999999999118,0.9863569714169396,1.0,0.959995054831245
1227,0.1399999999999117,0.9858888541075788,1.0,0.9596089184603644
1228,0.1449999999999116,0.9854207367982184,1.0,0.9592181190882414
1229,0.1499999999999115,0.9849526194888572,1.0,0.9588226570794893
1230,0.1549999999999114,0.9844845021794963,1.0,0.9584225331886949
1231,0.1599999999999113,0.9840163848701358,1.0,0.9580177485601786
1232,0.1649999999999112,0.9835482675607756,1.0,0.9576083047276676
1233,0.1699999999999111,0.9830801502514144,1.0,0.9571942036138914
1234,0.174999999999911,0.9826120329420536,1.0,0.9567754475300925
1235,0.1799999999999109,0.9821439156326928,1.0,0.9563520391754616
1236,0.1849999999999108,0.9816757983233316,1.0,0.9559239816364866
1237,0.1899999999999106,0.9812076810139708,1.0,0.9554912783862226
1238,0.1949999999999105,0.9807395637046104,1.0,0.9550539332834829
1239,0.1999999999999104,0.9802714463952492,1.0,0.9546119505719486
1240,0.2049999999999103,0.9798033290858886,1.0,0.954165334879197
1241,0.2099999999999102,0.9794011039541354,1.0,0.9537140912156525
1242,0.2149999999999101,0.9790185330693824,1.0,0.9532582249734598
1243,0.21999999999991,0.9786359621846292,1.0,0.9527977419252716
1244,0.2249999999999099,0.9782533912998762,1.0,0.9523326482229661
1245,0.2299999999999098,0.9778708204151232,1.0,0.9518629503962808
1246,0.2349999999999097,0.97748824953037,1.0,0.9513886553513713
1247,0.2399999999999096,0.9771056786456171,1.0,0.9509097703692937
1248,0.2449999999999095,0.976723107760864,1.0,0.9504263031044078
1249,0.2499999999999094,0.9763405368761108,1.0,0.949938261582707
1250,0.2549999999999093,0.975957965991358,1.0,0.9494456542000733
1251,0.2599999999999092,0.9755753951066048,1.0,0.9489484897204541
1252,0.2649999999999091,0.9751928242218516,1.0,0.9484467772739698
1253,0.269999999999909,0.9748102533370988,1.0,0.9479405263549441
1254,0.2749999999999089,0.9744276824523458,1.0,0.9474297468198658
1255,0.2799999999999087,0.9740451115675932,1.0,0.9469144488852719
1256,0.2849999999999086,0.97366254068284,1.0,0.9463946431255703
1257,0.2899999999999085,0.9732799697980868,1.0,0.9458703404707807
1258,0.2949999999999084,0.9728973989133332,1.0,0.9453415522042143
1259,0.2999999999999083,0.9725148280285808,1.0,0.9448082899600814
1260,0.3049999999999082,0.9721322571438274,1.0,0.9442705657210322
1261,0.3099999999999081,0.9717496862590744,1.0,0.9437283918156287
1262,0.314999999999908,0.9713671153743212,1.0,0.9431817809157559
1263,0.3199999999999079,0.970984544489568,1.0,0.9426307460339605
1264,0.3249999999999078,0.9706019736048148,1.0,0.9420753005207332
1265,0.3299999999999077,0.9703680019874652,1.0,0.9415154580617215
1266,0.3349999999999076,0.9701417511562006,1.0,0.9409512326748852
1267,0.3399999999999075,0.9699155003249362,1.0,0.9403826387075895
1268,0.3449999999999074,0.9696892494936712,1.0,0.9398096908336351
1269,0.3499999999999073,0.9694629986624066,1.0,0.9392324040502351
1270,0.3549999999999071,0.9692367478311412,1.0,0.9386507936749291
1271,0.359999999999907,0.9690104969998772,1.0,0.9380648753424436
1272,0.3649999999999069,0.968784246168612,1.0,0.9374746650014947
1273,0.3699999999999068,0.9685579953373468,1.0,0.9368801789115395
1274,0.3749999999999067,0.9683317445060824,1.0,0.9362814336394698
1275,0.3799999999999066,0.9681054936748176,1.0,0.935678446056259
1276,0.3849999999999065,0.9678792428435528,1.0,0.9350712333335529
1277,0.3899999999999064,0.9676529920122878,1.0,0.9344598129402144
1278,0.3949999999999063,0.967426741181023,1.0,0.933844202638819
1279,0.3999999999999062,0.9672004903497584,1.0,0.9332244204821027
1280,0.4049999999999061,0.9669742395184936,1.0,0.9326004848093628
1281,0.409999999999906,0.9667479886872284,1.0,0.9319724142428167
1282,0.4149999999999059,0.9665217378559634,1.0,0.9313402276839147
1283,0.4199999999999058,0.966295487024699,1.0,0.9307039443096132
1284,0.4249999999999057,0.966069236193434,1.0,0.9300635835686037
1285,0.4299999999999055,0.9658429853621696,1.0,0.9294191651775052
1286,0.4349999999999054,0.9656167345309046,1.0,0.928770709117019
1287,0.4399999999999053,0.9653904836996396,1.0,0.9281182356280411
1288,0.4449999999999052,0.9651642328683752,1.0,0.9274617652077457
1289,0.4499999999999051,0.9654100319053136,1.0,0.9268013186056319
1290,0.454999999999905,0.9662874286172544,1.0,0.9261369168195357
1291,0.4599999999999049,0.9671648253291952,1.0,0.925468581091613
1292,0.4649999999999048,0.9680422220411362,1.0,0.9247963329042896
1293,0.4699999999999047,0.968510852054802,1.0,0.9241201939761876
1294,0.4749999999999046,0.9678065464732456,1.0,0.9234401862580162
1295,0.4799999999999045,0.9671022408916892,1.0,0.9227563319284457
1296,0.4849999999999044,0.9663979353101328,1.0,0.9220686533899483
1297,0.4899999999999043,0.9656936297285772,1.0,0.9213771732646205
1298,0.4949999999999042,0.9649893241470208,1.0,0.9206819143899823
1299,0.4999999999999041,0.9642850185654648,1.0,0.919982899814755
1300,0.504999999999904,0.9635807129839088,1.0,0.9192801527946206
1301,0.5099999999999039,0.9628764074023524,1.0,0.9185736967879621
1302,0.5149999999999038,0.9621721018207962,1.0,0.9178635554515879
1303,0.5199999999999037,0.96146779623924,1.0,0.9171497526364414
1304,0.5249999999999035,0.9607634906576838,1.0,0.9164323123832945
1305,0.5299999999999034,0.9600591850761276,1.0,0.9157112589184317
1306,0.5349999999999033,0.9593548794945712,1.0,0.914986616649321
1307,0.5399999999999032,0.9586505739130154,1.0,0.9142584101602746
1308,0.5449999999999031,0.9579462683314588,1.0,0.9135266642081008
1309,0.549999999999903,0.957241962749903,1.0,0.9127914037177505
1310,0.5549999999999029,0.9565376571683468,1.0,0.9120526537779563
1311,0.5599999999999028,0.9558333515867904,1.0,0.9113104396368679
1312,0.5649999999999027,0.9551290460052348,1.0,0.9105647866976809
1313,0.5699999999999026,0.954424740423678,1.0,0.9098157205142676
1314,0.5749999999999025,0.953720434842122,1.0,0.9090632667868066
1315,0.5799999999999024,0.9530161292605658,1.0,0.9083074513574074
1316,0.5849999999999023,0.9523118236790096,1.0,0.9075483002057465
1317,0.5899999999999022,0.9516075180974536,1.0,0.9067858394446953
1318,0.594999999999902,0.9509032125158976,1.0,0.9060200953159603
1319,0.599999999999902,0.9501989069343412,1.0,0.9052510941857255
1320,0.6049999999999018,0.949494601352785,1.0,0.9044788625403015
1321,0.6099999999999017,0.948790295771229,1.0,0.9037034269817823
1322,0.6149999999999016,0.9480859901896728,1.0,0.9029248142237118
1323,0.6199999999999015,0.9473816846081168,1.0,0.9021430510867587
1324,0.6249999999999014,0.9466773790265604,1.0,0.9013581644944058
1325,0.6299999999999013,0.945973073445004,1.0,0.9005701814686466
1326,0.6349999999999012,0.945268767863448,1.0,0.8997791291257009
1327,0.6399999999999011,0.9445644622818918,1.0,0.8989850346717403
1328,0.644999999999901,0.943860156700336,1.0,0.8981879253986336
1329,0.6499999999999009,0.9431558511187796,1.0,0.8973878286797043
1330,0.6549999999999008,0.9424515455372235,1.0,0.8965847719655096
1331,0.6599999999999007,0.9417472399556668,1.0,0.8957787827796357
1332,0.6649999999999006,0.9410429343741108,1.0,0.8949698887145148
1333,0.6699999999999005,0.9403386287925548,1.0,0.894158117427261
1334,0.6749999999999003,0.9396343232109988,1.0,0.8933434966355303
1335,0.6799999999999002,0.9389300176294426,1.0,0.892526054113399
1336,0.6849999999999001,0.9382257120478864,1.0,0.8917058176872716
1337,0.6899999999999,0.9375214064663304,1.0,0.8908828152318082
1338,0.6949999999998999,0.9368171008847744,1.0,0.89005707466588
1339,0.6999999999998998,0.936112795303218,1.0,0.8892286239485494
1340,0.7049999999998997,0.9354084897216616,1.0,0.88839749107508
1341,0.7099999999998996,0.9347041841401056,1.0,0.8875637040729707
1342,0.7149999999998995,0.9339998785585496,1.0,0.8867272909980224
1343,0.7199999999998994,0.9332955729769932,1.0,0.8858882799304304
1344,0.7249999999998993,0.9325912673954374,1.0,0.8850466989709125
1345,0.7299999999998992,0.9318869618138808,1.0,0.8842025762368619
1346,0.7349999999998991,0.9311826562323254,1.0,0.883355939858538
1347,0.739999999999899,0.9304783506507686,1.0,0.8825068179752835
1348,0.7449999999998989,0.9297740450692124,1.0,0.8816552387317813
1349,0.7499999999998987,0.9290697394876564,1.0,0.8808012302743415
1350,0.7549999999998986,0.9283654339060994,1.0,0.879944820747222
1351,0.7599999999998985,0.9276611283245436,1.0,0.879086038288988
1352,0.7649999999998984,0.9269568227429876,1.0,0.878224911028904
1353,0.7699999999998983,0.9262525171614312,1.0,0.8773614670833656
1354,0.7749999999998982,0.9255482115798752,1.0,0.876495734552363
1355,0.7799999999998981,0.9248439059983196,1.0,0.8756277415159883
1356,0.784999999999898,0.9241396004167632,1.0,0.8747575160309757
1357,0.7899999999998979,0.9234352948352068,1.0,0.873885086127284
1358,0.7949999999998978,0.9227309892536508,1.0,0.8730104798047158
1359,0.7999999999998977,0.9220266836720944,1.0,0.8721337250295764
1360,0.8049999999998976,0.921322378090538,1.0,0.8712548497313741
1361,0.8099999999998975,0.9206180725089822,1.0,0.8703738817995592
1362,0.8149999999998974,0.919913766927426,1.0,0.869490849080305
1363,0.8199999999998973,0.9192094613458696,1.0,0.86860577937333
1364,0.8249999999998971,0.9185051557643138,1.0,0.8677187004287581
1365,0.829999999999897,0.9178008501827576,1.0,0.8668296399440283
1366,0.8349999999998969,0.9170965446012016,1.0,0.8659386255608379
1367,0.8399999999998968,0.9163922390196456,1.0,0.8650456848621348
1368,0.8449999999998967,0.915687933438089,1.0,0.8641508453691469
1369,0.8499999999998966,0.9149836278565328,1.0,0.8632541345384608
1370,0.8549999999998965,0.9142793222749768,1.0,0.8623555797591389
1371,0.8599999999998964,0.913575016693421,1.0,0.8614552083498812
1372,0.8649999999998963,0.9128707111118644,1.0,0.8605530475562315
1373,0.8699999999998962,0.912166405530308,1.0,0.8596491245478275
1374,0.8749999999998961,0.9114620999487524,1.0,0.8587434664156939
1375,0.879999999999896,0.910757794367196,1.0,0.8578361001695811
1376,0.8849999999998959,0.9100534887856402,1.0,0.8569270527353472
1377,0.8899999999998958,0.9093491832040836,1.0,0.8560163509523839
1378,0.8949999999998957,0.9086448776225275,1.0,0.8551040215710886
1379,0.8999999999998956,0.9079405720409712,1.0,0.8541900912503801
1380,0.9049999999998954,0.9072362664594152,1.0,0.85327458655526
1381,0.9099999999998952,0.9065319608778588,1.0,0.8523575339544163
1382,0.9149999999998952,0.9058276552963028,1.0,0.8514389598178742
1383,0.9199999999998952,0.9051233497147464,1.0,0.8505188904146912
1384,0.924999999999895,0.9044190441331904,1.0,0.8495973519106967
1385,0.9299999999998948,0.9037147385516344,1.0,0.8486743703662756
1386,0.9349999999998948,0.903010432970078,1.0,0.8477499717341983
1387,0.9399999999998948,0.902306127388522,1.0,0.8468241818574946
1388,0.9449999999998946,0.9016018218069656,1.0,0.8458970264673706
1389,0.9499999999998944,0.9008975162254094,1.0,0.8449685311811728
1390,0.9549999999998944,0.9001932106438538,1.0,0.8440387215003953
1391,0.9599999999998944,0.899488905062297,1.0,0.8431076228087311
1392,0.9649999999998942,0.898486299026214,1.0,0.8421752603701691
1393,0.969999999999894,0.8949261182062467,1.0,0.8412416593271326
1394,0.974999999999894,0.8913659373862798,1.0,0.8403068446986646
1395,0.9799999999998938,0.8878057565663124,1.0,0.8393708413786543
1396,0.9849999999998936,0.8842455757463453,1.0,0.8384336741341103
1397,0.9899999999998936,0.8806853949263774,1.0,0.837495367603474
1398,0.9949999999998936,0.8771252141064109,1.0,0.8365559462949768
1399,0.9999999999998934,0.8735650332864435,1.0,0.8356154345850451
1400,1.004999999999893,0.8700048524664757,1.0,0.8346738567167393
1401,1.0099999999998932,0.8664446716465082,1.0,0.8337312367982459
1402,1.014999999999893,0.8628844908265411,1.0,0.8327875988014009
1403,1.019999999999893,0.8593243100065742,1.0,0.8318429665602658
1404,1.0249999999998929,0.8557641291866066,1.0,0.8308973637697366
1405,1.0299999999998928,0.8522039483666392,1.0,0.8299508139842027
1406,1.034999999999893,0.8486437675466711,1.0,0.8290033406162383
1407,1.0399999999998926,0.8450835867267041,1.0,0.8280549669353443
1408,1.0449999999998925,0.8415234059067374,1.0,0.8271057160667212
1409,1.0499999999998924,0.8379632250867699,1.0,0.8261556109900914
1410,1.0549999999998922,0.8344030442668027,1.0,0.8252046745385557
1411,1.059999999999892,0.8308428634468351,1.0,0.8242529293974923
1412,1.064999999999892,0.8272826826268675,1.0,0.8233003981034936
1413,1.069999999999892,0.8237225018069004,1.0,0.8223471030433458
1414,1.0749999999998918,0.8201623209869329,1.0,0.8213930664530407
1415,1.0799999999998915,0.8166021401669659,1.0,0.8204383104168342
1416,1.0849999999998916,0.813041959346998,1.0,0.8194828568663364
1417,1.0899999999998915,0.8094817785270315,1.0,0.8185267275796428
1418,1.0949999999998914,0.8059215977070637,1.0,0.8175699441805027
1419,1.0999999999998913,0.8023614168870961,1.0,0.8166125281375223
1420,1.1049999999998912,0.7988012360671288,1.0,0.8156545007634077
1421,1.109999999999891,0.7952869922933119,1.0,0.8146958832142441
1422,1.114999999999891,0.7931883543172122,1.0,0.8137366964888058
1423,1.1199999999998909,0.7910897163411127,1.0,0.8127769614279095
1424,1.1249999999998908,0.7889910783650137,1.0,0.811816698713798
1425,1.1299999999998906,0.7868924403889145,1.0,0.8108559288695583
1426,1.1349999999998903,0.7847938024128152,1.0,0.8098946722585754
1427,1.1399999999998904,0.7826951644367158,1.0,0.8089329490840227
1428,1.1449999999998903,0.7805965264606161,1.0,0.8079707793883801
1429,1.1499999999998902,0.7784978884845168,1.0,0.8070081830529912
1430,1.15499999999989,0.7763992505084176,1.0,0.8060451797976476
1431,1.15999999999989,0.7743006125323184,1.0,0.8050817891802118
1432,1.16499999999989,0.7722019745562186,1.0,0.8041180305962665
1433,1.1699999999998898,0.7701033365801191,1.0,0.8031539232787976
1434,1.1749999999998897,0.7680046986040202,1.0,0.8021894862979104
1435,1.1799999999998896,0.7659060606279204,1.0,0.8012247385605726
1436,1.1849999999998897,0.7638074226518212,1.0,0.8002596988103894
1437,1.1899999999998894,0.7617087846757219,1.0,0.7992943856274093
1438,1.1949999999998893,0.7596101466996227,1.0,0.7983288174279572
1439,1.1999999999998892,0.7575115087235238,1.0,0.7973630124644999
1440,1.204999999999889,0.7554128707474244,1.0,0.7963969888255344
1441,1.209999999999889,0.753314232771325,1.0,0.7954307644355108
1442,1.2149999999998888,0.7512155947952254,1.0,0.7944643570547802
1443,1.2199999999998887,0.749116956819126,1.0,0.7934977842795667
1444,1.2249999999998886,0.747018318843026,1.0,0.7925310635419707
1445,1.2299999999998883,0.7449196808669273,1.0,0.7915642121099993
1446,1.2349999999998884,0.742821042890828,1.0,0.7905972470876155
1447,1.2399999999998883,0.7407224049147287,1.0,0.7896301854148233
1448,1.2449999999998882,0.7386237669386292,1.0,0.7886630438677691
1449,1.249999999999888,0.7365251289625298,1.0,0.7876958390588722
1450,1.254999999999888,0.7344264909864304,1.0,0.7867285874369783
1451,1.259999999999888,0.7323278530103312,1.0,0.7857613052875378
1452,1.2649999999998878,0.7302292150342321,1.0,0.7847940087328085
1453,1.2699999999998877,0.7281305770581321,1.0,0.7838267137320754
1454,1.2749999999998876,0.7260319390820329,1.0,0.7828594360819023
1455,1.2799999999998877,0.723933301105934,1.0,0.7818921914163974
1456,1.2849999999998871,0.7218346631298347,1.0,0.7809249952075064
1457,1.2899999999998872,0.7197360251537354,1.0,0.7799578627653234
1458,1.2949999999998871,0.7176373871776354,1.0,0.7789908092384239
1459,1.299999999999887,0.7155387492015365,1.0,0.7780238496142193
1460,1.304999999999887,0.7134401112254372,1.0,0.7770569987193292
1461,1.3099999999998868,0.7113414732493372,1.0,0.776090271219978
1462,1.3149999999998867,0.7092428352732383,1.0,0.7751236816224034
1463,1.3199999999998866,0.7071441972971387,1.0,0.7741572442732909
1464,1.3249999999998865,0.7050455593210395,1.0,0.7731909733602245
1465,1.3299999999998864,0.7029469213449403,1.0,0.7722248829121534
1466,1.3349999999998865,0.700848283368841,1.0,0.7712589867998787
1467,1.3399999999998862,0.6987496453927421,1.0,0.7702932987365587
1468,1.344999999999886,0.6966510074166418,1.0,0.769327832278226
1469,1.349999999999886,0.6945523694405432,1.0,0.7683626008243272
1470,1.354999999999886,0.6924537314644433,1.0,0.7673976176182757
1471,1.3599999999998855,0.6900530543295633,1.0,0.7664328957480204
1472,1.3649999999998856,0.6874370525971656,1.0,0.7654684481466301
1473,1.3699999999998855,0.6848210508647674,1.0,0.7645042875928934
1474,1.3749999999998854,0.6822050491323693,1.0,0.763540426711933
1475,1.379999999999885,0.6795890473999716,1.0,0.7625768779758353
1476,1.3849999999998852,0.6769730456675735,1.0,0.7616136537042901
1477,1.389999999999885,0.6743570439351757,1.0,0.7606507660652517
1478,1.394999999999885,0.671741042202778,1.0,0.7596882270756031
1479,1.399999999999885,0.6691250404703797,1.0,0.7587260486018437
1480,1.4049999999998848,0.6665090387379817,1.0,0.7577642423607791
1481,1.409999999999885,0.6638930370055847,1.0,0.756802819920233
1482,1.4149999999998846,0.6612770352731865,1.0,0.7558417926997631
1483,1.4199999999998845,0.6586610335407883,1.0,0.7548811719713948
1484,1.4249999999998844,0.6560450318083906,1.0,0.7539209688603601
1485,1.4299999999998845,0.6534290300759926,1.0,0.752961194345851
1486,1.434999999999884,0.6508130283435949,1.0,0.7520018592617868
1487,1.439999999999884,0.6481970266111969,1.0,0.751042974297581
1488,1.444999999999884,0.6455810248787989,1.0,0.7500845499989303
1489,1.4499999999998838,0.6429650231464012,1.0,0.7491265967686062
1490,1.4549999999998835,0.6403490214140035,1.0,0.7481691248672558
1491,1.4599999999998836,0.6377330196816056,1.0,0.7472121444142158
1492,1.4649999999998835,0.6364016849349653,1.0,0.74625566538833
1493,1.4699999999998834,0.6351633835192985,1.0,0.7452996976287803
1494,1.4749999999998833,0.6339250821036322,1.0,0.7443442508359217
1495,1.4799999999998832,0.6326867806879661,1.0,0.7433893345721262
1496,1.484999999999883,0.6314484792722992,1.0,0.7424349582626368
1497,1.489999999999883,0.6302101778566328,1.0,0.7414811311964251
1498,1.4949999999998829,0.628971876440967,1.0,0.7405278625270559
1499,1.4999999999998828,0.6277335750253006,1.0,0.7395751612735636
1500,1.5049999999998829,0.6264952736096339,1.0,0.7386230363213279
1501,1.5099999999998823,0.625256972193967,1.0,0.7376714964229616
1502,1.5149999999998824,0.6240186707783011,1.0,0.7367205501991979
1503,1.5199999999998823,0.6227803693626349,1.0,0.735770206139792
1504,1.5249999999998822,0.6215420679469684,1.0,0.7348204726044192
1505,1.529999999999882,0.6203037665313018,1.0,0.7338713578235837
1506,1.534999999999882,0.619065465115635,1.0,0.7329228698995296
1507,1.539999999999882,0.6178271636999692,1.0,0.7319750168071585
1508,1.5449999999998818,0.6165888622843029,1.0,0.7310278063949498
1509,1.5499999999998817,0.6153505608686366,1.0,0.7300812463858845
1510,1.5549999999998816,0.6141122594529709,1.0,0.7291353443783755
1511,1.5599999999998817,0.6128739580373036,1.0,0.7281901078471994
1512,1.5649999999998814,0.6116356566216369,1.0,0.7272455441444333
1513,1.5699999999998813,0.6103973552059712,1.0,0.7263016605003906
1514,1.5749999999998812,0.6091590537903052,1.0,0.7253584640245667
1515,1.579999999999881,0.607920752374638,1.0,0.7244159617065828
1516,1.584999999999881,0.6066824509589714,1.0,0.7234741604171308
1517,1.5899999999998808,0.6054441495433052,1.0,0.7225330669089257
1518,1.5949999999998807,0.6042058481276386,1.0,0.7215926878176552
1519,1.5999999999998806,0.6029675467119725,1.0,0.7206530296629349
1520,1.6049999999998803,0.601729245296306,1.0,0.7197140988492623
1521,1.6099999999998804,0.6004909438806393,1.0,0.7187759016669734
1522,1.6149999999998803,0.5992526424649736,1.0,0.7178384442932039
1523,1.6199999999998802,0.5980143410493065,1.0,0.716901732792842
1524,1.62499999999988,0.5967760396336398,1.0,0.7159657731194959
1525,1.62999999999988,0.5955377382179737,1.0,0.7150305711164491
1526,1.63499999999988,0.5942994368023073,1.0,0.7140961325176257
1527,1.6399999999998798,0.593061135386641,1.0,0.7131624629485499
1528,1.6449999999998797,0.591822833970974,1.0,0.7122295679273092
1529,1.6499999999998796,0.5905845325553077,1.0,0.7112974528655159
1530,1.6549999999998797,0.589346231139642,1.0,0.7103661230692703
1531,1.6599999999998791,0.5881079297239759,1.0,0.7094355837401225
1532,1.6649999999998792,0.586869628308309,1.0,0.7085058399760316
1533,1.6699999999998791,0.5856313268926429,1.0,0.7075768967723302
1534,1.674999999999879,0.5843930254769761,1.0,0.7066487590226808
1535,1.679999999999879,0.5831547240613099,1.0,0.7057214315200382
1536,1.6849999999998788,0.5819164226456434,1.0,0.704794918957606
1537,1.6899999999998787,0.5806781212299768,1.0,0.7038692259297938
1538,1.6949999999998786,0.5794398198143106,1.0,0.7029443569331734
1539,1.6999999999998785,0.5782015183986446,1.0,0.7020203163674322
1540,1.7049999999998784,0.5769632169829778,1.0,0.7010971085363273
1541,1.7099999999998785,0.5757249155673115,1.0,0.700174737648635
1542,1.7149999999998782,0.574486614151645,1.0,0.6992532078191014
1543,1.719999999999878,0.5732483127359792,1.0,0.6983325230693881
1544,1.724999999999878,0.5720100113203126,1.0,0.6974126873290178
1545,1.729999999999878,0.5707717099046455,1.0,0.6964937044363188
1546,1.7349999999998778,0.5695334084889793,1.0,0.6955755781393619
1547,1.7399999999998776,0.5682951070733124,1.0,0.694658312096902
1548,1.7449999999998775,0.5670568056576463,1.0,0.6937419098793111
1549,1.7499999999998774,0.56581850424198,1.0,0.6928263749695144
1550,1.754999999999877,0.5645802028263137,1.0,0.6919117107639157
1551,1.7599999999998772,0.563341901410647,1.0,0.6909979205733272
1552,1.7649999999998771,0.5621035999949808,1.0,0.690085007623895
1553,1.769999999999877,0.5608652985793143,1.0,0.6891729750580177
1554,1.774999999999877,0.5596269971636482,1.0,0.6882618259352657
1555,1.7799999999998768,0.5583886957479816,1.0,0.6873515632332949
1556,1.784999999999877,0.5571503943323152,1.0,0.6864421898487592
1557,1.7899999999998766,0.5559120929166481,1.0,0.6855337085982165
1558,1.7949999999998765,0.5546737915009824,1.0,0.6846261222190351
1559,1.7999999999998764,0.5534354900853162,1.0,0.6837194333702927
1560,1.8049999999998765,0.5521971886696493,1.0,0.6828136446336743
1561,1.809999999999876,0.5509588872539833,1.0,0.6819087585143656
1562,1.814999999999876,0.5497205858383171,1.0,0.6810047774419387
1563,1.819999999999876,0.5484822844226503,1.0,0.6801017037712437
1564,1.824999999999876,0.547243983006984,1.0,0.6791995397832845
1565,1.829999999999876,0.5460056815913179,1.0,0.6782982876860993
1566,1.834999999999876,0.5447673801756515,1.0,0.677397949615631
1567,1.8399999999998755,0.5435290787599855,1.0,0.6764985276365986
1568,1.8449999999998756,0.5422907773443184,1.0,0.6756000237433597
1569,1.8499999999998755,0.5410524759286526,1.0,0.6747024398607716
1570,1.8549999999998752,0.5398141745129859,1.0,0.6738057778450471
1571,1.859999999999875,0.5385758730973192,1.0,0.6729100394846053
1572,1.864999999999875,0.5373375716816531,1.0,0.6720152265009185
1573,1.8699999999998749,0.5360992702659864,1.0,0.6711213405493544
1574,1.8749999999998748,0.5348609688503201,1.0,0.6702283832200135
1575,1.8799999999998749,0.5336226674346539,1.0,0.6693363560385622
1576,1.8849999999998743,0.5323843660189878,1.0,0.6684452604670599
1577,1.8899999999998744,0.5311460646033209,1.0,0.6675550979047843
1578,1.8949999999998743,0.5299077631876544,1.0,0.6666658696890462
1579,1.8999999999998745,0.528669461771988,1.0,0.6657775770960077
1580,1.904999999999874,0.5274311603563216,1.0,0.6648902213414868
1581,1.909999999999874,0.5261928589406552,1.0,0.6640038035817631
1582,1.914999999999874,0.5249545575249882,1.0,0.6631183249143765
1583,1.9199999999998736,0.523716256109322,1.0,0.6622337863789195
1584,1.9249999999998737,0.5224779546936561,1.0,0.6613501889578273
1585,1.9299999999998736,0.5212396532779897,1.0,0.6604675335771596
1586,1.9349999999998733,0.5200013518623235,1.0,0.6595858211073801
1587,1.9399999999998732,0.5187630504466562,1.0,0.6587050523641292
1588,1.9449999999998733,0.5175247490309908,1.0,0.657825228108993
1589,1.9499999999998727,0.5162864476153247,1.0,0.6569463490502624
1590,1.954999999999873,0.5150481461996577,1.0,0.6560684158436951
1591,1.959999999999873,0.5138026244656883,1.0,0.6551914290932649
1592,1.9649999999998728,0.5125562096004606,1.0,0.6543153893519084
1593,1.9699999999998727,0.5113097947352329,1.0,0.6534402971222683
1594,1.9749999999998729,0.5100633798700046,1.0,0.6525661528574281
1595,1.9799999999998723,0.5088169650047777,1.0,0.6516929569616433
1596,1.9849999999998724,0.5075705501395508,1.0,0.6508207097910658
1597,1.9899999999998723,0.5063241352743224,1.0,0.6499494116544665
1598,1.994999999999872,0.5050777204090955,1.0,0.6490790628139461
1599,1.999999999999872,0.5038313055438676,1.0,0.6482096634856469
1600,-1.9950000000000427,0.4485510673548427,2.0,0.5161417544490792
1601,-1.9900000000000428,0.4496696485701916,2.0,0.5163437235085581
1602,-1.985000000000043,0.45078822978554,2.0,0.5165515311424269
1603,-1.980000000000043,0.4519068110008892,2.0,0.5167651985602256
1604,-1.9750000000000432,0.4530253922162374,2.0,0.5169847468424776
1605,-1.9700000000000435,0.4541439734315863,2.0,0.5172101969373007
1606,-1.9650000000000436,0.455262554646935,2.0,0.5174415696569756
1607,-1.9600000000000437,0.4563811358622839,2.0,0.5176788856744827
1608,-1.955000000000044,0.4574997170776328,2.0,0.5179221655200008
1609,-1.950000000000044,0.4586182982929812,2.0,0.5181714295773673
1610,-1.945000000000044,0.4597368795083298,2.0,0.5184266980805021
1611,-1.940000000000044,0.4608554607236786,2.0,0.518687991109797
1612,-1.935000000000044,0.4619740419390278,2.0,0.5189553285884665
1613,-1.930000000000044,0.4630926231543761,2.0,0.5192287302788602
1614,-1.925000000000044,0.464211204369725,2.0,0.5195082157787405
1615,-1.9200000000000443,0.4653297855850741,2.0,0.5197938045175243
1616,-1.9150000000000444,0.4664483668004224,2.0,0.5200855157524872
1617,-1.9100000000000448,0.4675669480157709,2.0,0.5203833685649286
1618,-1.9050000000000449,0.4686855292311199,2.0,0.5206873818563067
1619,-1.9000000000000448,0.4698041104464689,2.0,0.5209975743443297
1620,-1.8950000000000449,0.4709226916618174,2.0,0.5213139645590164
1621,-1.890000000000045,0.472041272877166,2.0,0.5216365708387182
1622,-1.885000000000045,0.4731598540925147,2.0,0.5219654113261066
1623,-1.8800000000000447,0.4742784353078636,2.0,0.5223005039641244
1624,-1.8750000000000453,0.4753970165232126,2.0,0.522641866491899
1625,-1.8700000000000452,0.4765155977385609,2.0,0.5229895164406259
1626,-1.8650000000000453,0.4776341789539098,2.0,0.5233434711294107
1627,-1.8600000000000456,0.4787527601692581,2.0,0.523703747661084
1628,-1.8550000000000455,0.4798713413846072,2.0,0.5240703629179718
1629,-1.8500000000000456,0.480989922599956,2.0,0.5244433335576406
1630,-1.845000000000046,0.4821085038153048,2.0,0.5248226760086049
1631,-1.840000000000046,0.4832270850306535,2.0,0.5252084064659983
1632,-1.835000000000046,0.484345666246002,2.0,0.5256005408872184
1633,-1.8300000000000465,0.485464247461351,2.0,0.525999094987529
1634,-1.8250000000000464,0.4865828286766998,2.0,0.5264040842356397
1635,-1.8200000000000465,0.4877014098920484,2.0,0.5268155238492463
1636,-1.8150000000000464,0.4888199911073969,2.0,0.5272334287905407
1637,-1.810000000000047,0.4899385723227463,2.0,0.527657813761693
1638,-1.8050000000000468,0.4910571535380943,2.0,0.5280886932002979
1639,-1.800000000000047,0.4921757347534434,2.0,0.5285260812747936
1640,-1.795000000000047,0.4932943159687921,2.0,0.5289699918798481
1641,-1.790000000000047,0.4944128971841405,2.0,0.5294204386317222
1642,-1.7850000000000472,0.4955314783994891,2.0,0.5298774348635947
1643,-1.780000000000047,0.4966500596148382,2.0,0.5303409936208653
1644,-1.7750000000000474,0.4977686408301867,2.0,0.5308111276564293
1645,-1.7700000000000475,0.4988872220455357,2.0,0.5312878494259251
1646,-1.7650000000000476,0.5000058032608841,2.0,0.53177117108295
1647,-1.7600000000000475,0.5011243844762333,2.0,0.5322611044742596
1648,-1.755000000000048,0.5022429656915816,2.0,0.5327576611349343
1649,-1.750000000000048,0.5033615469069307,2.0,0.533260852283525
1650,-1.745000000000048,0.5044801281222792,2.0,0.5337706888171744
1651,-1.7400000000000482,0.5055987093376278,2.0,0.534287181306715
1652,-1.7350000000000485,0.5067172905529765,2.0,0.534810339991747
1653,-1.7300000000000484,0.5078358717683258,2.0,0.535340174775691
1654,-1.7250000000000485,0.5089544529836743,2.0,0.5358766952208251
1655,-1.7200000000000486,0.5100730341990228,2.0,0.5364199105432989
1656,-1.7150000000000487,0.5111916154143719,2.0,0.5369698296081298
1657,-1.7100000000000488,0.5123101966297207,2.0,0.5375264609241849
1658,-1.705000000000049,0.5134287778450691,2.0,0.5380898126391398
1659,-1.700000000000049,0.5145473590604178,2.0,0.5386598925344271
1660,-1.6950000000000491,0.5156659402757668,2.0,0.5392367080201702
1661,-1.6900000000000492,0.5167845214911152,2.0,0.5398202661300985
1662,-1.6850000000000491,0.5179031027064641,2.0,0.5404105735164553
1663,-1.6800000000000497,0.519021683921813,2.0,0.5410076364448947
1664,-1.6750000000000496,0.5201402651371618,2.0,0.541611460789362
1665,-1.6700000000000497,0.5212588463525104,2.0,0.5422220520269724
1666,-1.6650000000000498,0.522377427567859,2.0,0.5428394152328787
1667,-1.66000000000005,0.5234960087832078,2.0,0.5434635550751297
1668,-1.65500000000005,0.5246145899985567,2.0,0.5440944758095313
1669,-1.65000000000005,0.5257331712139052,2.0,0.5447321812744926
1670,-1.6450000000000502,0.5268517524292542,2.0,0.545376674885881
1671,-1.6400000000000503,0.5279703336446029,2.0,0.5460279596318671
1672,-1.6350000000000504,0.5290889148599512,2.0,0.5466860380677745
1673,-1.6300000000000503,0.5302074960752998,2.0,0.5473509123109294
1674,-1.6250000000000506,0.5313260772906493,2.0,0.5480225840355145
1675,-1.6200000000000507,0.5324446585059978,2.0,0.5487010544674272
1676,-1.6150000000000508,0.5335836994789548,2.0,0.5493863243791437
1677,-1.610000000000051,0.5347933229064431,2.0,0.5500783940845901
1678,-1.605000000000051,0.5360029463339316,2.0,0.5507772634340254
1679,-1.6000000000000512,0.5372125697614204,2.0,0.5514829318089329
1680,-1.5950000000000513,0.5384221931889088,2.0,0.5521953981169262
1681,-1.5900000000000514,0.5396318166163975,2.0,0.5529146607866688
1682,-1.5850000000000517,0.5408414400438859,2.0,0.5536407177628093
1683,-1.5800000000000516,0.5420510634713746,2.0,0.5543735665009378
1684,-1.5750000000000517,0.5432606868988634,2.0,0.5551132039625554
1685,-1.5700000000000518,0.5444703103263515,2.0,0.5558596266100753
1686,-1.565000000000052,0.5456799337538403,2.0,0.556612830401838
1687,-1.560000000000052,0.5468895571813287,2.0,0.5573728107871581
1688,-1.555000000000052,0.5480991806088176,2.0,0.5581395627013951
1689,-1.5500000000000522,0.5493088040363058,2.0,0.5589130805610565
1690,-1.5450000000000523,0.5505184274637944,2.0,0.55969335825893
1691,-1.5400000000000524,0.5517280508912827,2.0,0.5604803891592512
1692,-1.5350000000000523,0.5529376743187718,2.0,0.5612741660929061
1693,-1.5300000000000529,0.5541472977462598,2.0,0.5620746813526698
1694,-1.5250000000000528,0.555356921173749,2.0,0.5628819266884888
1695,-1.5200000000000529,0.5565665446012372,2.0,0.5636958933028038
1696,-1.515000000000053,0.5577761680287256,2.0,0.5645165718459133
1697,-1.510000000000053,0.5589857914562145,2.0,0.5653439524113911
1698,-1.5050000000000532,0.560195414883703,2.0,0.5661780245315452
1699,-1.5000000000000533,0.5614050383111913,2.0,0.5670187771729341
1700,-1.4950000000000534,0.5626146617386798,2.0,0.5678661987319331
1701,-1.4900000000000535,0.5638242851661687,2.0,0.568720277030356
1702,-1.4850000000000536,0.5650339085936571,2.0,0.5695809993111388
1703,-1.4800000000000535,0.5662435320211457,2.0,0.5704483522340817
1704,-1.4750000000000538,0.5674531554486344,2.0,0.5713223218716533
1705,-1.470000000000054,0.568662778876123,2.0,0.5722028937048621
1706,-1.465000000000054,0.5698724023036114,2.0,0.5730900526191981
1707,-1.460000000000054,0.5710820257310999,2.0,0.5739837829006411
1708,-1.4550000000000542,0.5722916491585887,2.0,0.5748840682317456
1709,-1.4500000000000544,0.5735012725860769,2.0,0.5757908916877993
1710,-1.4450000000000545,0.5747108960135653,2.0,0.5767042357330626
1711,-1.4400000000000546,0.575920519441054,2.0,0.577624082217087
1712,-1.435000000000055,0.5771301428685425,2.0,0.5785504123711187
1713,-1.4300000000000548,0.578339766296031,2.0,0.5794832068045893
1714,-1.425000000000055,0.5795493897235199,2.0,0.580422445501692
1715,-1.420000000000055,0.5807590131510084,2.0,0.5813681078180553
1716,-1.415000000000055,0.5819686365784967,2.0,0.582320172477507
1717,-1.4100000000000552,0.5831782600059855,2.0,0.5832786175689375
1718,-1.405000000000055,0.5843878834334744,2.0,0.5842434205432608
1719,-1.4000000000000554,0.5855975068609627,2.0,0.5852145582104828
1720,-1.3950000000000555,0.5868071302884509,2.0,0.5861920067368716
1721,-1.3900000000000556,0.5880167537159394,2.0,0.587175741642236
1722,-1.3850000000000555,0.5892263771434283,2.0,0.5881657377973181
1723,-1.3800000000000558,0.5904599854792242,2.0,0.5891619694212971
1724,-1.375000000000056,0.5917661218509082,2.0,0.5901644100794115
1725,-1.370000000000056,0.5930722582225924,2.0,0.5911730326807006
1726,-1.3650000000000562,0.5943783945942757,2.0,0.5921878094758677
1727,-1.3600000000000565,0.5956845309659597,2.0,0.5932087120552686
1728,-1.3550000000000564,0.5969906673376439,2.0,0.5942357113470297
1729,-1.3500000000000565,0.5982968037093275,2.0,0.5952687776152945
1730,-1.3450000000000566,0.5996029400810114,2.0,0.5963078804586059
1731,-1.3400000000000567,0.6009090764526955,2.0,0.5973529888084244
1732,-1.3350000000000568,0.6022152128243795,2.0,0.5984040709277828
1733,-1.330000000000057,0.6035213491960633,2.0,0.5994610944100863
1734,-1.325000000000057,0.6048274855677473,2.0,0.6005240261780584
1735,-1.3200000000000571,0.6065037424961535,2.0,0.6015928324828276
1736,-1.3150000000000572,0.6081892668147759,2.0,0.602667478903171
1737,-1.3100000000000571,0.6098747911333977,2.0,0.6037479303449088
1738,-1.3050000000000574,0.6115603154520197,2.0,0.6048341510404538
1739,-1.3000000000000576,0.6132458397706418,2.0,0.6059261045485167
1740,-1.2950000000000577,0.6149313640892643,2.0,0.6070237537539787
1741,-1.2900000000000578,0.6166168884078864,2.0,0.6081270608679203
1742,-1.285000000000058,0.6183024127265087,2.0,0.6092359874278206
1743,-1.280000000000058,0.6199879370451304,2.0,0.6103504942979255
1744,-1.275000000000058,0.6216734613637527,2.0,0.6114705416697834
1745,-1.2700000000000582,0.6233589856823748,2.0,0.612596089062957
1746,-1.2650000000000583,0.625044510000997,2.0,0.6137270953259119
1747,-1.2600000000000584,0.6267300343196189,2.0,0.6148635186370794
1748,-1.2550000000000583,0.6284155586382408,2.0,0.6160053165061068
1749,-1.2500000000000586,0.6301010829568633,2.0,0.6171524457752842
1750,-1.2450000000000587,0.6317866072754854,2.0,0.6183048626211586
1751,-1.2400000000000588,0.6334721315941078,2.0,0.6194625225563376
1752,-1.235000000000059,0.6351576559127299,2.0,0.6206253804314812
1753,-1.230000000000059,0.6368431802313519,2.0,0.6217933904374833
1754,-1.2250000000000592,0.6385287045499735,2.0,0.6229665061078502
1755,-1.2200000000000593,0.6402142288685961,2.0,0.6241446803212717
1756,-1.2150000000000594,0.6418997531872183,2.0,0.6253278653043934
1757,-1.2100000000000597,0.6435852775058404,2.0,0.6265160126347845
1758,-1.2050000000000596,0.6452708018244621,2.0,0.6277090732441075
1759,-1.2000000000000597,0.6469563261430845,2.0,0.6289069974214953
1760,-1.1950000000000598,0.6486418504617066,2.0,0.6301097348171237
1761,-1.19000000000006,0.6503273747803285,2.0,0.6313172344459992
1762,-1.18500000000006,0.6520128990989509,2.0,0.632529444691948
1763,-1.18000000000006,0.653698423417573,2.0,0.6337463133118166
1764,-1.1750000000000602,0.6553839477361949,2.0,0.6349677874398807
1765,-1.1700000000000603,0.657069472054817,2.0,0.6361938135924667
1766,-1.1650000000000604,0.6587549963734394,2.0,0.6374243376727838
1767,-1.1600000000000603,0.6604405206920613,2.0,0.6386593049759721
1768,-1.1550000000000606,0.6621260450106837,2.0,0.6398986601943617
1769,-1.1500000000000608,0.6638115693293057,2.0,0.641142347422948
1770,-1.1450000000000609,0.6654970936479278,2.0,0.6423903101650849
1771,-1.140000000000061,0.6671826179665498,2.0,0.6436424913383901
1772,-1.135000000000061,0.6688681422851719,2.0,0.6448988332808717
1773,-1.1300000000000612,0.670553666603794,2.0,0.6461592777572661
1774,-1.1250000000000613,0.6722391909224161,2.0,0.647423765965601
1775,-1.1200000000000614,0.6739247152410383,2.0,0.6486922385439687
1776,-1.1150000000000615,0.6756102395596604,2.0,0.6499646355775215
1777,-1.1100000000000616,0.6772957638782822,2.0,0.6512408966056838
1778,-1.1050000000000617,0.6789812881969045,2.0,0.6525209606295796
1779,-1.1000000000000618,0.6806668125155265,2.0,0.6538047661196812
1780,-1.095000000000062,0.682352336834149,2.0,0.6550922510236686
1781,-1.090000000000062,0.6840378611527709,2.0,0.6563833527745105
1782,-1.085000000000062,0.6857233854713932,2.0,0.6576780082987589
1783,-1.0800000000000622,0.6874089097900148,2.0,0.6589761540250559
1784,-1.0750000000000624,0.6890944341086375,2.0,0.6602777258928577
1785,-1.0700000000000625,0.6907799584272596,2.0,0.6615826593613685
1786,-1.0650000000000626,0.6924654827458816,2.0,0.6628908894186881
1787,-1.060000000000063,0.6941510070645037,2.0,0.6642023505911662
1788,-1.0550000000000628,0.6958365313831261,2.0,0.6655169769529687
1789,-1.0500000000000629,0.6975220557017481,2.0,0.6668347021358482
1790,-1.045000000000063,0.69920758002037,2.0,0.6681554593391221
1791,-1.040000000000063,0.7008931043389923,2.0,0.6694791813398511
1792,-1.0350000000000632,0.7025786286576141,2.0,0.6708058005032214
1793,-1.0300000000000633,0.7042641529762365,2.0,0.6721352487931243
1794,-1.0250000000000634,0.7060448007429155,2.0,0.6734674577829316
1795,-1.0200000000000635,0.7083391594270264,2.0,0.6748023586664708
1796,-1.0150000000000636,0.7106335181111365,2.0,0.6761398822691836
1797,-1.0100000000000635,0.7129278767952472,2.0,0.6774799590594799
1798,-1.0050000000000638,0.7152222354793578,2.0,0.6788225191602737
1799,-1.000000000000064,0.7175165941634682,2.0,0.6801674923607044
1800,-0.995000000000064,0.7198109528475793,2.0,0.6815148081280393
1801,-0.9900000000000642,0.7221053115316896,2.0,0.6828643956197467
1802,-0.9850000000000644,0.7243996702158004,2.0,0.6842161836957465
1803,-0.9800000000000644,0.726694028899911,2.0,0.6855701009308331
1804,-0.9750000000000644,0.7289883875840213,2.0,0.6869260756272556
1805,-0.9700000000000646,0.731282746268132,2.0,0.6882840358274667
1806,-0.9650000000000648,0.7335771049522425,2.0,0.6896439093270291
1807,-0.9600000000000648,0.7358714636363529,2.0,0.691005623687669
1808,-0.9550000000000648,0.7381658223204635,2.0,0.6923691062504884
1809,-0.950000000000065,0.7404601810045743,2.0,0.693734284149315
1810,-0.9450000000000652,0.7427545396886849,2.0,0.6951010843241953
1811,-0.9400000000000652,0.7450488983727952,2.0,0.6964694335350232
1812,-0.9350000000000652,0.7473432570569061,2.0,0.6978392583752999
1813,-0.9300000000000654,0.7496376157410165,2.0,0.699210485286019
1814,-0.9250000000000655,0.7519319744251272,2.0,0.7005830405696711
1815,-0.9200000000000657,0.7542263331092377,2.0,0.7019568504043681
1816,-0.9150000000000658,0.7565206917933485,2.0,0.7033318408580723
1817,-0.910000000000066,0.7588150504774589,2.0,0.7047079379029353
1818,-0.905000000000066,0.7611094091615694,2.0,0.706085067429735
1819,-0.9000000000000661,0.7634037678456802,2.0,0.7074631552624016
1820,-0.8950000000000662,0.7656981265297906,2.0,0.7088421271726397
1821,-0.8900000000000663,0.7679924852139011,2.0,0.7102219088946254
1822,-0.8850000000000664,0.7702868438980115,2.0,0.7116024261397838
1823,-0.8800000000000665,0.7725812025821222,2.0,0.7129836046116327
1824,-0.8750000000000666,0.7748755612662328,2.0,0.7143653700206944
1825,-0.8700000000000667,0.7771699199503432,2.0,0.715747648099461
1826,-0.8650000000000668,0.779464278634454,2.0,0.7171303646174144
1827,-0.8600000000000669,0.7817586373185647,2.0,0.7185134453960854
1828,-0.855000000000067,0.784052996002675,2.0,0.7198968163241596
1829,-0.8500000000000671,0.7863473546867854,2.0,0.721280403372608
1830,-0.8450000000000673,0.7886417133708963,2.0,0.7226641326098426
1831,-0.8400000000000674,0.7909360720550068,2.0,0.7240479302168958
1832,-0.8350000000000675,0.7932304307391174,2.0,0.7254317225026048
1833,-0.8300000000000676,0.7955247894232278,2.0,0.7268154359188037
1834,-0.8250000000000677,0.7978191481073387,2.0,0.728198997075515
1835,-0.8200000000000678,0.8001135067914493,2.0,0.7295823327561269
1836,-0.8150000000000679,0.8024078654755598,2.0,0.730965369932559
1837,-0.810000000000068,0.8047022241596706,2.0,0.7323480357804006
1838,-0.8050000000000681,0.8069965828437808,2.0,0.7337302576940239
1839,-0.8000000000000682,0.8079691707075622,2.0,0.7351119633016544
1840,-0.7950000000000683,0.8089315463986264,2.0,0.7364930804803985
1841,-0.7900000000000684,0.8097912021071693,2.0,0.7378735373712221
1842,-0.7850000000000685,0.8103399990214318,2.0,0.7392532623938645
1843,-0.7800000000000686,0.8108887959356943,2.0,0.7406321842616947
1844,-0.7750000000000687,0.8114375928499571,2.0,0.7420102319964857
1845,-0.7700000000000689,0.8119863897642196,2.0,0.7433873349431144
1846,-0.765000000000069,0.8125351866784823,2.0,0.7447634227841735
1847,-0.7600000000000691,0.8130839835927449,2.0,0.7461384255544851
1848,-0.7550000000000692,0.8136327805070077,2.0,0.747512273655519
1849,-0.7500000000000693,0.8141815774212702,2.0,0.7488848978696968
1850,-0.7450000000000694,0.8147303743355329,2.0,0.7502562293745848
1851,-0.7400000000000695,0.8152791712497954,2.0,0.7516261997569602
1852,-0.7350000000000696,0.8158279681640581,2.0,0.7529947410267523
1853,-0.7300000000000697,0.8163767650783211,2.0,0.7543617856308448
1854,-0.7250000000000698,0.8169255619925834,2.0,0.755727266466734
1855,-0.7200000000000699,0.8174743589068462,2.0,0.7570911168960431
1856,-0.71500000000007,0.8180231558211085,2.0,0.7584532707578716
1857,-0.7100000000000701,0.8185719527353711,2.0,0.7598136623819873
1858,-0.7050000000000702,0.8191207496496337,2.0,0.7611722266018499
1859,-0.7000000000000703,0.8196695465638965,2.0,0.7625288987674538
1860,-0.6950000000000705,0.8202183434781588,2.0,0.7638836147579918
1861,-0.6900000000000706,0.8207671403924217,2.0,0.7652363109943326
1862,-0.6850000000000707,0.8213159373066843,2.0,0.7665869244512981
1863,-0.6800000000000708,0.8218647342209465,2.0,0.767935392669745
1864,-0.6750000000000709,0.8224135311352095,2.0,0.7692816537684388
1865,-0.670000000000071,0.8229623280494722,2.0,0.770625646455715
1866,-0.6650000000000711,0.823511124963735,2.0,0.7719673100409229
1867,-0.6600000000000712,0.8240599218779973,2.0,0.7733065844456474
1868,-0.6550000000000713,0.8246087187922602,2.0,0.7746434102147015
1869,-0.6500000000000714,0.8251575157065226,2.0,0.7759777285268837
1870,-0.6450000000000715,0.8257063126207851,2.0,0.7773094812054983
1871,-0.6400000000000716,0.826255109535048,2.0,0.7786386107286325
1872,-0.6350000000000717,0.8268039064493106,2.0,0.7799650602391839
1873,-0.6300000000000718,0.827352703363573,2.0,0.7812887735546348
1874,-0.6250000000000719,0.8279015002778358,2.0,0.7826096951765685
1875,-0.620000000000072,0.8284502971920984,2.0,0.7839277702999294
1876,-0.6150000000000722,0.8289990941063609,2.0,0.7852429448220064
1877,-0.6100000000000723,0.8295478910206237,2.0,0.786555165351158
1878,-0.6050000000000724,0.8300966879348863,2.0,0.7878643792152575
1879,-0.6000000000000725,0.8306454848491488,2.0,0.7891705344698607
1880,-0.5950000000000726,0.8311942817634115,2.0,0.7904735799060998
1881,-0.5900000000000727,0.831743078677674,2.0,0.7917734650582846
1882,-0.5850000000000728,0.8324831874927368,2.0,0.7930701402112235
1883,-0.5800000000000729,0.8333510988908343,2.0,0.7943635564072549
1884,-0.575000000000073,0.8342190102889323,2.0,0.7956536654529829
1885,-0.5700000000000731,0.8350869216870299,2.0,0.7969404199257231
1886,-0.5650000000000732,0.8359548330851275,2.0,0.7982237731796473
1887,-0.5600000000000733,0.8368227444832251,2.0,0.7995036793516357
1888,-0.5550000000000734,0.8375935366483658,2.0,0.8007800933668214
1889,-0.5500000000000735,0.8383372404229298,2.0,0.8020529709438404
1890,-0.5450000000000736,0.839080944197494,2.0,0.8033222685997714
1891,-0.5400000000000738,0.8398246479720586,2.0,0.8045879436547776
1892,-0.5350000000000739,0.840568351746623,2.0,0.8058499542364368
1893,-0.530000000000074,0.8413982820697232,2.0,0.8071082592837708
1894,-0.5250000000000741,0.842627235321646,2.0,0.8083628185509641
1895,-0.5200000000000742,0.8438561885735691,2.0,0.8096135926107773
1896,-0.5150000000000743,0.8450851418254921,2.0,0.8108605428576521
1897,-0.5100000000000744,0.8463140950774151,2.0,0.8121036315105097
1898,-0.5050000000000745,0.8475430483293382,2.0,0.8133428216152421
1899,-0.5000000000000746,0.8487720015812612,2.0,0.8145780770468971
1900,-0.4950000000000747,0.8500009548331842,2.0,0.8158093625115563
1901,-0.4900000000000748,0.8512299080851072,2.0,0.8170366435479075
1902,-0.4850000000000749,0.8524588613370304,2.0,0.8182598865285182
1903,-0.480000000000075,0.8536878145889535,2.0,0.819479058660797
1904,-0.4750000000000751,0.8549167678408764,2.0,0.8206941279876634
1905,-0.4700000000000752,0.8561457210927997,2.0,0.8219050633879112
1906,-0.4650000000000753,0.8573746743447224,2.0,0.8231118345762776
1907,-0.4600000000000754,0.8586036275966454,2.0,0.8243144121032147
1908,-0.4550000000000755,0.8598325808485684,2.0,0.8255127673543685
1909,-0.4500000000000757,0.8610615341004916,2.0,0.8267068725497653
1910,-0.4450000000000758,0.8622904873524149,2.0,0.8278967007427129
1911,-0.4400000000000759,0.8635194406043376,2.0,0.8290822258184087
1912,-0.435000000000076,0.8647483938562605,2.0,0.8302634224922754
1913,-0.4300000000000761,0.8659773471081837,2.0,0.831440266308006
1914,-0.4250000000000762,0.8670727363595832,2.0,0.832612733635339
1915,-0.4200000000000763,0.8679243084410068,2.0,0.8337808016675601
1916,-0.4150000000000764,0.8687758805224302,2.0,0.834944448418729
1917,-0.4100000000000765,0.8696274526038544,2.0,0.8361036527206476
1918,-0.4050000000000766,0.8704790246852778,2.0,0.8372583942195584
1919,-0.4000000000000767,0.8713305967667019,2.0,0.8384086533725938
1920,-0.3950000000000768,0.8721821688481254,2.0,0.8395544114439619
1921,-0.3900000000000769,0.8730337409295493,2.0,0.84069565050089
1922,-0.385000000000077,0.873885313010973,2.0,0.8418323534093195
1923,-0.3800000000000771,0.8747368850923967,2.0,0.842964503829361
1924,-0.3750000000000772,0.8755884571738207,2.0,0.8440920862105141
1925,-0.3700000000000774,0.8764400292552443,2.0,0.8452150857866527
1926,-0.3650000000000775,0.877291601336668,2.0,0.8463334885707896
1927,-0.3600000000000776,0.8781431734180919,2.0,0.8474472813496157
1928,-0.3550000000000777,0.8789947454995153,2.0,0.8485564516778215
1929,-0.3500000000000778,0.8798463175809393,2.0,0.8496609878722126
1930,-0.3450000000000779,0.8806978896623631,2.0,0.8507608790056171
1931,-0.340000000000078,0.881549461743787,2.0,0.8518561149005892
1932,-0.3350000000000781,0.8824010338252104,2.0,0.852946686122922
1933,-0.3300000000000782,0.8832526059066342,2.0,0.8540325839749714
1934,-0.3250000000000783,0.8841041779880582,2.0,0.8551138004887904
1935,-0.3200000000000784,0.8849557500694818,2.0,0.8561903284190917
1936,-0.3150000000000785,0.8858073221509056,2.0,0.8572621612360325
1937,-0.3100000000000786,0.8866588942323291,2.0,0.8583292931178348
1938,-0.3050000000000787,0.8875104663137531,2.0,0.859391718943245
1939,-0.3000000000000788,0.8883620383951767,2.0,0.8604494342838349
1940,-0.295000000000079,0.8892136104766003,2.0,0.8615024353961591
1941,-0.2900000000000791,0.8900651825580242,2.0,0.86255071921376
1942,-0.2850000000000792,0.8909167546394479,2.0,0.8635942833390442
1943,-0.2800000000000793,0.8917683267208717,2.0,0.8646331260350191
1944,-0.2750000000000794,0.8926198988022953,2.0,0.8656672462169108
1945,-0.2700000000000795,0.8934714708837191,2.0,0.8666966434436538
1946,-0.2650000000000796,0.894323042965143,2.0,0.8677213179092744
1947,-0.2600000000000797,0.8951746150465666,2.0,0.8687412704341599
1948,-0.2550000000000798,0.8960261871279908,2.0,0.8697565024562279
1949,-0.2500000000000799,0.8968777592094144,2.0,0.8707670160220005
1950,-0.24500000000008,0.8977293312908382,2.0,0.871772813777584
1951,-0.2400000000000801,0.8985809033722618,2.0,0.8727738989595677
1952,-0.2350000000000802,0.8994324754536854,2.0,0.8737702753858403
1953,-0.2300000000000803,0.9002840475351094,2.0,0.8747619474463355
1954,-0.2250000000000804,0.9011356196165332,2.0,0.8757489200937099
1955,-0.2200000000000805,0.901987191697957,2.0,0.8767311988339572
1956,-0.2150000000000806,0.9028387637793808,2.0,0.8777087897169684
1957,-0.2100000000000808,0.9035673133252182,2.0,0.8786816993270403
1958,-0.2050000000000809,0.9036467320674028,2.0,0.879649934773338
1959,-0.200000000000081,0.9037261508095876,2.0,0.8806135036803209
1960,-0.1950000000000811,0.903805569551772,2.0,0.8815724141781305
1961,-0.1900000000000812,0.9038849882939564,2.0,0.8825266748929537
1962,-0.1850000000000813,0.9039644070361412,2.0,0.8834762949373589
1963,-0.1800000000000814,0.9040438257783258,2.0,0.884421283900614
1964,-0.1750000000000815,0.9041232445205104,2.0,0.885361651838996
1965,-0.1700000000000816,0.9042026632626948,2.0,0.8862974092660849
1966,-0.1650000000000817,0.9042820820048793,2.0,0.8872285671430604
1967,-0.1600000000000818,0.904361500747064,2.0,0.8881551368689993
1968,-0.1550000000000819,0.9044409194892484,2.0,0.8890771302711742
1969,-0.150000000000082,0.904520338231433,2.0,0.8899945595953718
1970,-0.1450000000000821,0.9045997569736176,2.0,0.8909074374962207
1971,-0.1400000000000822,0.9046791757158024,2.0,0.8918157770275412
1972,-0.1350000000000824,0.9047585944579868,2.0,0.8927195916327197
1973,-0.1300000000000825,0.9048380132001712,2.0,0.893618895135114
1974,-0.1250000000000826,0.904917431942356,2.0,0.8945137017284885
1975,-0.1200000000000827,0.9049968506845404,2.0,0.8954040259674891
1976,-0.1150000000000828,0.905076269426725,2.0,0.8962898827581594
1977,-0.1100000000000829,0.9051556881689096,2.0,0.8971712873484998
1978,-0.105000000000083,0.9052351069110942,2.0,0.8980482553190792
1979,-0.1000000000000831,0.9053145256532786,2.0,0.8989208025736966
1980,-0.0950000000000832,0.9053939443954632,2.0,0.8997889453301002
1981,-0.0900000000000833,0.9054733631376476,2.0,0.9006527001107663
1982,-0.0850000000000834,0.9055527818798323,2.0,0.9015120837337396
1983,-0.0800000000000835,0.905632200622017,2.0,0.9023671133035442
1984,-0.0750000000000836,0.9057116193642016,2.0,0.9032178062021587
1985,-0.0700000000000837,0.905791038106386,2.0,0.9040641800800668
1986,-0.0650000000000838,0.9056641292150028,2.0,0.9049062528473837
1987,-0.0600000000000839,0.9054496913711718,2.0,0.9057440426650609
1988,-0.055000000000084,0.9052352535273408,2.0,0.9065775679361674
1989,-0.0500000000000842,0.9050208156835098,2.0,0.9074068472972616
1990,-0.0450000000000843,0.9048063778396788,2.0,0.9082318996098457
1991,-0.0400000000000844,0.904591939995848,2.0,0.9090527439519047
1992,-0.0350000000000845,0.9043775021520168,2.0,0.9098693996095442
1993,-0.0300000000000846,0.9041630643081856,2.0,0.9106818860687129
1994,-0.0250000000000847,0.903948626464355,2.0,0.9114902230070256
1995,-0.0200000000000848,0.9037341886205236,2.0,0.9122944302856801
1996,-0.0150000000000849,0.9035197507766928,2.0,0.9130945279414728
1997,-0.010000000000085,0.9033053129328618,2.0,0.9138905361789154
1998,-0.0050000000000851,0.9030908750890309,2.0,0.9146824753624521
1999,-8.526512829121202e-14,0.9028764372451996,2.0,0.9154703660087824
2000,0.0049999999999146,0.9026619994013688,2.0,0.9162542287792872
2001,0.0099999999999145,0.9024475615575378,2.0,0.9170340844725593
2002,0.0149999999999144,0.9024461672045616,2.0,0.9178099540170441
2003,0.0199999999999143,0.9035280251661328,2.0,0.9185818584637879
2004,0.0249999999999142,0.9046098831277042,2.0,0.9193498189792932
2005,0.029999999999914,0.9056917410892756,2.0,0.9201138568384881
2006,0.0349999999999139,0.906773599050847,2.0,0.9208739934178038
2007,0.0399999999999138,0.907855457012418,2.0,0.9216302501883649
2008,0.0449999999999137,0.9089373149739894,2.0,0.9223826487092917
2009,0.0499999999999136,0.9100191729355608,2.0,0.9231312106211178
2010,0.0549999999999135,0.911101030897132,2.0,0.9238759576393174
2011,0.0599999999999134,0.9121828888587032,2.0,0.9246169115479481
2012,0.0649999999999133,0.9132647468202744,2.0,0.9253540941934113
2013,0.0699999999999132,0.914346604781846,2.0,0.9260875274783196
2014,0.0749999999999131,0.9155116950310412,2.0,0.926817233355486
2015,0.079999999999913,0.9167008117391968,2.0,0.9275432338220235
2016,0.0849999999999129,0.9178899284473526,2.0,0.9282655509135598
2017,0.0899999999999128,0.9190790451555084,2.0,0.9289842066985678
2018,0.0949999999999127,0.9202681618636644,2.0,0.9296992232728101
2019,0.0999999999999126,0.92145727857182,2.0,0.9304106227538962
2020,0.1049999999999125,0.922646395279976,2.0,0.9311184272759541
2021,0.1099999999999123,0.923835511988132,2.0,0.9318226589844181
2022,0.1149999999999122,0.9250246286962877,2.0,0.9325233400309245
2023,0.1199999999999121,0.9262137454044436,2.0,0.9332204925683245
2024,0.124999999999912,0.9274028621125991,2.0,0.9339141387458068
2025,0.1299999999999119,0.9285919788207552,2.0,0.9346043007041334
2026,0.1349999999999118,0.929781095528911,2.0,0.9352910005709829
2027,0.1399999999999117,0.9309702122370664,2.0,0.9359742604564081
2028,0.1449999999999116,0.9321593289452222,2.0,0.9366541024483999
2029,0.1499999999999115,0.933348445653378,2.0,0.9373305486085619
2030,0.1549999999999114,0.934537562361534,2.0,0.9380036209678917
2031,0.1599999999999113,0.9357266790696896,2.0,0.9386733415226685
2032,0.1649999999999112,0.9369157957778452,2.0,0.9393397322304482
2033,0.1699999999999111,0.9381049124860013,2.0,0.9400028150061639
2034,0.174999999999911,0.9392617263579512,2.0,0.9406626117183272
2035,0.1799999999999109,0.9400560543512028,2.0,0.9413191441853361
2036,0.1849999999999108,0.9408503823444546,2.0,0.9419724341718836
2037,0.1899999999999106,0.941644710337706,2.0,0.9426225033854665
2038,0.1949999999999105,0.942439038330958,2.0,0.9432693734729949
2039,0.1999999999999104,0.9432333663242096,2.0,0.9439130660175006
2040,0.2049999999999103,0.9440276943174616,2.0,0.9445536025349408
2041,0.2099999999999102,0.9448220223107132,2.0,0.9451910044710996
2042,0.2149999999999101,0.945616350303965,2.0,0.9458252931985867
2043,0.21999999999991,0.9464106782972168,2.0,0.9464564900139238
2044,0.2249999999999099,0.947205006290468,2.0,0.9470846161347308
2045,0.2299999999999098,0.9479993342837202,2.0,0.9477096926969968
2046,0.2349999999999097,0.948793662276972,2.0,0.9483317407524452
2047,0.2399999999999096,0.9495879902702236,2.0,0.9489507812659868
2048,0.2449999999999095,0.9503823182634752,2.0,0.9495668351132556
2049,0.2499999999999094,0.9511766462567272,2.0,0.9501799230782395
2050,0.2549999999999093,0.9519709742499788,2.0,0.9507900658509862
2051,0.2599999999999092,0.9527653022432304,2.0,0.9513972840253975
2052,0.2649999999999091,0.9535596302364822,2.0,0.9520015980971053
2053,0.269999999999909,0.954353958229734,2.0,0.9526030284614264
2054,0.2749999999999089,0.9551482862229856,2.0,0.9532015954113964
2055,0.2799999999999087,0.9559426142162376,2.0,0.9537973191358826
2056,0.2849999999999086,0.9562373531472862,2.0,0.9543902197177738
2057,0.2899999999999085,0.9560768290388726,2.0,0.9549803171322402
2058,0.2949999999999084,0.9559163049304592,2.0,0.9555676312450752
2059,0.2999999999999083,0.9557557808220454,2.0,0.9561521818111012
2060,0.3049999999999082,0.955595256713632,2.0,0.9567339884726496
2061,0.3099999999999081,0.9554347326052184,2.0,0.9573130707581137
2062,0.314999999999908,0.955274208496805,2.0,0.9578894480805615
2063,0.3199999999999079,0.9551136843883912,2.0,0.958463139736422
2064,0.3249999999999078,0.954953160279978,2.0,0.9590341649042347
2065,0.3299999999999077,0.9547926361715644,2.0,0.9596025426434622
2066,0.3349999999999076,0.9546321120631508,2.0,0.9601682918933654
2067,0.3399999999999075,0.9544715879547372,2.0,0.960731431471942
2068,0.3449999999999074,0.9541529772954648,2.0,0.9612919800749211
2069,0.3499999999999073,0.9531767281661504,2.0,0.9618499562748215
2070,0.3549999999999071,0.9522004790368358,2.0,0.9624053785200601
2071,0.359999999999907,0.9512242299075216,2.0,0.962958265134124
2072,0.3649999999999069,0.9502479807782068,2.0,0.9635086343147932
2073,0.3699999999999068,0.9492717316488928,2.0,0.9640565041334139
2074,0.3749999999999067,0.9482954825195784,2.0,0.9646018925342303
2075,0.3799999999999066,0.9476027624018636,2.0,0.9651448173337616
2076,0.3849999999999065,0.9504511638649158,2.0,0.9656852962202336
2077,0.3899999999999064,0.9532995653279682,2.0,0.9662233467530497
2078,0.3949999999999063,0.9561479667910202,2.0,0.9667589863623236
2079,0.3999999999999062,0.9589963682540728,2.0,0.9672922323484408
2080,0.4049999999999061,0.9618447697171248,2.0,0.9678231018816807
2081,0.409999999999906,0.964693171180177,2.0,0.9683516120018674
2082,0.4149999999999059,0.9674118430091432,2.0,0.9688777796180776
2083,0.4199999999999058,0.970124619174821,2.0,0.9694016215083765
2084,0.4249999999999057,0.9728373953404988,2.0,0.9699231543196027
2085,0.4299999999999055,0.9755501715061768,2.0,0.9704423945671883
2086,0.4349999999999054,0.9782629476718544,2.0,0.9709593586350169
2087,0.4399999999999053,0.9809757238375324,2.0,0.9714740627753207
2088,0.4449999999999052,0.98368850000321,2.0,0.9719865231086104
2089,0.4499999999999051,0.9864012761688876,2.0,0.9724967556236397
2090,0.454999999999905,0.9891140523345658,2.0,0.9730047761774088
2091,0.4599999999999049,0.9918268285002434,2.0,0.9735106004951923
2092,0.4649999999999048,0.994290313639576,2.0,0.9740142441706061
2093,0.4699999999999047,0.9945933134390014,2.0,0.9745157226657006
2094,0.4749999999999046,0.9948963132384266,2.0,0.9750150513110853
2095,0.4799999999999045,0.9951993130378516,2.0,0.9755122453060829
2096,0.4849999999999044,0.9955023128372772,2.0,0.9760073197189059
2097,0.4899999999999043,0.9958053126367028,2.0,0.9765002894868708
2098,0.4949999999999042,0.996108312436128,2.0,0.9769911694166271
2099,0.4999999999999041,0.9964113122355532,2.0,0.9774799741844196
2100,0.504999999999904,0.9967143120349788,2.0,0.9779667183363692
2101,0.5099999999999039,0.997017311834404,2.0,0.9784514162887825
2102,0.5149999999999038,0.9970726394115076,2.0,0.9789340823284789
2103,0.5199999999999037,0.997124157697538,2.0,0.9794147306131438
2104,0.5249999999999035,0.9971756759835684,2.0,0.9798933751717012
2105,0.5299999999999034,0.9972271942695988,2.0,0.9803700299047069
2106,0.5349999999999033,0.9972787125556296,2.0,0.9808447085847589
2107,0.5399999999999032,0.9973302308416602,2.0,0.9813174248569321
2108,0.5449999999999031,0.9973817491276908,2.0,0.9817881922392246
2109,0.549999999999903,0.9974332674137212,2.0,0.9822570241230275
2110,0.5549999999999029,0.9974847856997516,2.0,0.9827239337736076
2111,0.5599999999999028,0.9975363039857824,2.0,0.9831889343306051
2112,0.5649999999999027,0.9975878222718128,2.0,0.983652038808553
2113,0.5699999999999026,0.9976393405578436,2.0,0.9841132600974025
2114,0.5749999999999025,0.997690858843874,2.0,0.9845726109630712
2115,0.5799999999999024,0.9977423771299044,2.0,0.9850301040479978
2116,0.5849999999999023,0.997436979800528,2.0,0.9854857518717139
2117,0.5899999999999022,0.9967110731538524,2.0,0.9859395668314272
2118,0.594999999999902,0.9959851665071764,2.0,0.9863915612026162
2119,0.599999999999902,0.9952592598605008,2.0,0.9868417471396362
2120,0.6049999999999018,0.9945333532138247,2.0,0.9872901366763358
2121,0.6099999999999017,0.993807446567149,2.0,0.9877367417266838
2122,0.6149999999999016,0.9930815399204732,2.0,0.9881815740854083
2123,0.6199999999999015,0.9923556332737974,2.0,0.9886246454286398
2124,0.6249999999999014,0.9916297266271216,2.0,0.9890659673145652
2125,0.6299999999999013,0.9909038199804456,2.0,0.9895055511840953
2126,0.6349999999999012,0.9901779133337696,2.0,0.9899434083615319
2127,0.6399999999999011,0.9894520066870938,2.0,0.9903795500552472
2128,0.644999999999901,0.988726100040418,2.0,0.990813987358367
2129,0.6499999999999009,0.988000193393742,2.0,0.9912467312494675
2130,0.6549999999999008,0.9872742867470662,2.0,0.991677792593268
2131,0.6599999999999007,0.9865483801003904,2.0,0.9921071821413356
2132,0.6649999999999006,0.9858224734537144,2.0,0.9925349105327974
2133,0.6699999999999005,0.9850965668070388,2.0,0.9929609882950499
2134,0.6749999999999003,0.9843706601603628,2.0,0.9933854258444805
2135,0.6799999999999002,0.9840323555449012,2.0,0.9938082334871907
2136,0.6849999999999001,0.9843176039464494,2.0,0.9942294214197214
2137,0.6899999999999,0.984602852347998,2.0,0.994648999729784
2138,0.6949999999998999,0.9848881007495464,2.0,0.9950669783969948
2139,0.6999999999998998,0.9851733491510948,2.0,0.9954833672936123
2140,0.7049999999998997,0.9854585975526432,2.0,0.9958981761852752
2141,0.7099999999998996,0.985743845954192,2.0,0.9963114147317467
2142,0.7149999999998995,0.9860290943557404,2.0,0.9967230924876569
2143,0.7199999999998994,0.986314342757289,2.0,0.9971332189032502
2144,0.7249999999998993,0.9865995911588374,2.0,0.9975418033251329
2145,0.7299999999998992,0.9868848395603858,2.0,0.9979488549970226
2146,0.7349999999998991,0.9871700879619344,2.0,0.9983543830604977
2147,0.739999999999899,0.9874553363634831,2.0,0.9987583965557514
2148,0.7449999999998989,0.9877405847650316,2.0,0.99916090442234
2149,0.7499999999998987,0.98802583316658,2.0,0.9995619154999391
2150,0.7549999999998986,0.9883110815681286,2.0,0.9999614385290954
2151,0.7599999999998985,0.9885963299696772,2.0,1.0003594821519775
2152,0.7649999999998984,0.9888815783712254,2.0,1.0007560549131322
2153,0.7699999999998983,0.989166826772774,2.0,1.0011511652602365
2154,0.7749999999998982,0.9894520751743224,2.0,1.0015448215448473
2155,0.7799999999998981,0.9897373235758709,2.0,1.001937032023156
2156,0.784999999999898,0.9900225719774196,2.0,1.0023278048567374
2157,0.7899999999998979,0.990307820378968,2.0,1.0027171481133013
2158,0.7949999999998978,0.9905930687805166,2.0,1.003105069767439
2159,0.7999999999998977,0.990878317182065,2.0,1.0034915777013724
2160,0.8049999999998976,0.9911635655836136,2.0,1.0038766797057004
2161,0.8099999999998975,0.991448813985162,2.0,1.0042603834801422
2162,0.8149999999998974,0.991662245262906,2.0,1.0046426966342814
2163,0.8199999999998973,0.9918292315935904,2.0,1.005023626688306
2164,0.8249999999998971,0.9919962179242744,2.0,1.0054031810737507
2165,0.829999999999897,0.9921632042549584,2.0,1.0057813671342293
2166,0.8349999999998969,0.9923301905856426,2.0,1.0061581921261749
2167,0.8399999999998968,0.9924971769163268,2.0,1.0065336632195687
2168,0.8449999999998967,0.9926641632470108,2.0,1.0069077874986752
2169,0.8499999999998966,0.9928311495776952,2.0,1.0072805719627658
2170,0.8549999999998965,0.992998135908379,2.0,1.0076520235268485
2171,0.8599999999998964,0.9931651222390632,2.0,1.0080221490223882
2172,0.8649999999998963,0.9933321085697476,2.0,1.0083909551980306
2173,0.8699999999998962,0.9934990949004316,2.0,1.0087584487203167
2174,0.8749999999998961,0.9936660812311155,2.0,1.0091246361744002
2175,0.879999999999896,0.9938330675617996,2.0,1.0094895240647577
2176,0.8849999999998959,0.994000053892484,2.0,1.0098531188158997
2177,0.8899999999998958,0.9941670402231682,2.0,1.0102154267730779
2178,0.8949999999998957,0.9943340265538524,2.0,1.0105764542029851
2179,0.8999999999998956,0.9945010128845364,2.0,1.0109362072944583
2180,0.9049999999998954,0.9946679992152204,2.0,1.0112946921591732
2181,0.9099999999998952,0.9948349855459044,2.0,1.0116519148323408
2182,0.9149999999998952,0.9950019718765888,2.0,1.012007881273395
2183,0.9199999999998952,0.9951689582072728,2.0,1.012362597366682
2184,0.924999999999895,0.9953359445379568,2.0,1.0127160689221428
2185,0.9299999999998948,0.995502930868641,2.0,1.0130683016759936
2186,0.9349999999998948,0.9956699171993252,2.0,1.013419301291406
2187,0.9399999999998948,0.9958369035300092,2.0,1.013769073359174
2188,0.9449999999998946,0.9960038898606932,2.0,1.014117623398391
2189,0.9499999999998944,0.9961708761913776,2.0,1.0144649568571122
2190,0.9549999999998944,0.9963378625220616,2.0,1.0148110791130196
2191,0.9599999999998944,0.9965048488527456,2.0,1.01515599547408
2192,0.9649999999998942,0.9966718351834296,2.0,1.0154997111792037
2193,0.969999999999894,0.996838821514114,2.0,1.0158422313988924
2194,0.974999999999894,0.9970058078447982,2.0,1.0161835612358918
2195,0.9799999999998938,0.9971727941754824,2.0,1.016523705725835
2196,0.9849999999998936,0.9973397805061665,2.0,1.0168626698378844
2197,0.9899999999998936,0.9975067668368504,2.0,1.0172004584753696
2198,0.9949999999998936,0.9976737531675346,2.0,1.0175370764764202
2199,0.9999999999998934,0.9978407394982188,2.0,1.0178725286145973
2200,1.004999999999893,0.998007725828903,2.0,1.0182068195995204
2201,1.0099999999998932,0.998174712159587,2.0,1.0185399540774898
2202,1.014999999999893,0.9983416984902712,2.0,1.0188719366321066
2203,1.019999999999893,0.9985086848209552,2.0,1.0192027717848862
2204,1.0249999999998929,0.9986756711516394,2.0,1.0195324639958727
2205,1.0299999999998928,0.9988426574823236,2.0,1.0198610176642464
2206,1.034999999999893,0.9990096438130076,2.0,1.0201884371289263
2207,1.0399999999998926,0.9991766301436916,2.0,1.0205147266691732
2208,1.0449999999998925,0.999343616474376,2.0,1.0208398905051859
2209,1.0499999999998924,0.9995106028050598,2.0,1.0211639327986928
2210,1.0549999999998922,0.9996775891357442,2.0,1.0214868576535439
2211,1.059999999999892,0.999844575466428,2.0,1.0218086691162953
2212,1.064999999999892,1.0000115617971124,2.0,1.022129371176792
2213,1.069999999999892,1.0001785481277965,2.0,1.0224489677687436
2214,1.0749999999998918,1.0003455344584806,2.0,1.0227674627703036
2215,1.0799999999998915,1.0005125207891647,2.0,1.0230848600046363
2216,1.0849999999998916,1.0006795071198489,2.0,1.0234011632404862
2217,1.0899999999998915,1.0008464934505328,2.0,1.0237163761927406
2218,1.0949999999998914,1.001013479781217,2.0,1.0240305025229912
2219,1.0999999999998913,1.0000000000000293,2.0,1.0243435458400882
2220,1.1049999999998912,0.9983638640570665,2.0,1.0246555097006935
2221,1.109999999999891,0.9967277281141036,2.0,1.024966397609831
2222,1.114999999999891,0.9950915921711408,2.0,1.0252762130214315
2223,1.1199999999998909,0.9934554562281782,2.0,1.0255849593388728
2224,1.1249999999998908,0.9918193202852156,2.0,1.0258926399155197
2225,1.1299999999998906,0.9901831843422524,2.0,1.0261992580552572
2226,1.1349999999998903,0.98854704839929,2.0,1.026504817013024
2227,1.1399999999998904,0.9869109124563272,2.0,1.0268093199953363
2228,1.1449999999998903,0.9852747765133644,2.0,1.027112770160813
2229,1.1499999999998902,0.9836386405704016,2.0,1.0274151706206982
2230,1.15499999999989,0.9820025046274388,2.0,1.0277165244393742
2231,1.15999999999989,0.980366368684476,2.0,1.028016834634878
2232,1.16499999999989,0.9787302327415136,2.0,1.0283161041794087
2233,1.1699999999998898,0.9770940967985504,2.0,1.028614335999835
2234,1.1749999999998897,0.975457960855588,2.0,1.0289115329781968
2235,1.1799999999998896,0.9738218249126251,2.0,1.029207697952206
2236,1.1849999999998897,0.9721856889696624,2.0,1.029502833715742
2237,1.1899999999998894,0.9705495530266998,2.0,1.0297969430193425
2238,1.1949999999998893,0.968913417083737,2.0,1.0300900285706944
2239,1.1999999999998892,0.967277281140774,2.0,1.0303820930351182
2240,1.204999999999889,0.9656411451978114,2.0,1.0306731390360513
2241,1.209999999999889,0.9640050092548486,2.0,1.0309631691555259
2242,1.2149999999998888,0.9623688733118856,2.0,1.0312521859346442
2243,1.2199999999998887,0.9607327373689232,2.0,1.0315401918740519
2244,1.2249999999998886,0.9590966014259604,2.0,1.0318271894344055
2245,1.2299999999998883,0.9575697776248436,2.0,1.0321131810368382
2246,1.2349999999998884,0.9560458681352016,2.0,1.0323981690634239
2247,1.2399999999998883,0.95452195864556,2.0,1.0326821558576327
2248,1.2449999999998882,0.952998049155918,2.0,1.0329651437247898
2249,1.249999999999888,0.9514741396662764,2.0,1.0332471349325254
2250,1.254999999999888,0.9499502301766344,2.0,1.0335281317112257
2251,1.259999999999888,0.9484263206869924,2.0,1.0338081362544789
2252,1.2649999999998878,0.9469024111973507,2.0,1.0340871507195148
2253,1.2699999999998877,0.9453785017077088,2.0,1.034365177227649
2254,1.2749999999998876,0.9438545922180668,2.0,1.0346422178647174
2255,1.2799999999998877,0.9423306827284252,2.0,1.0349182746815069
2256,1.2849999999998871,0.9408067732387834,2.0,1.0351933496941903
2257,1.2899999999998872,0.9392828637491416,2.0,1.0354674448847483
2258,1.2949999999998871,0.9377589542594996,2.0,1.0357405622013987
2259,1.299999999999887,0.936235044769858,2.0,1.0360127035590119
2260,1.304999999999887,0.934711135280216,2.0,1.0362838708395323
2261,1.3099999999998868,0.933187225790574,2.0,1.0365540658923922
2262,1.3149999999998867,0.9316633163009322,2.0,1.0368232905349217
2263,1.3199999999998866,0.9301394068112904,2.0,1.0370915465527601
2264,1.3249999999998865,0.9286154973216486,2.0,1.0373588357002588
2265,1.3299999999998864,0.927091587832007,2.0,1.0376251597008852
2266,1.3349999999998865,0.9255676783423648,2.0,1.037890520247623
2267,1.3399999999998862,0.9240437688527232,2.0,1.0381549190033676
2268,1.344999999999886,0.9225198593630812,2.0,1.0384183576013204
2269,1.349999999999886,0.9209959498734396,2.0,1.0386808376453784
2270,1.354999999999886,0.9194720403837976,2.0,1.0389423607105241
2271,1.3599999999998855,0.917948130894156,2.0,1.0392029283432098
2272,1.3649999999998856,0.9164242214045142,2.0,1.0394625420617367
2273,1.3699999999998855,0.9149003119148724,2.0,1.039721203356639
2274,1.3749999999998854,0.9133764024252304,2.0,1.0399789136910562
2275,1.379999999999885,0.9118524929355885,2.0,1.0402356745011092
2276,1.3849999999998852,0.9103285834459468,2.0,1.0404914871962683
2277,1.389999999999885,0.9088046739563048,2.0,1.040746353159723
2278,1.394999999999885,0.9072807644666632,2.0,1.0410002737487467
2279,1.399999999999885,0.9057568549770212,2.0,1.0412532502950578
2280,1.4049999999998848,0.9042329454873794,2.0,1.0415052841051806
2281,1.409999999999885,0.902709035997738,2.0,1.0417563764608
2282,1.4149999999998846,0.9011851265080958,2.0,1.0420065286191174
2283,1.4199999999998845,0.899661217018454,2.0,1.0422557418132006
2284,1.4249999999998844,0.8981373075288122,2.0,1.0425040172523328
2285,1.4299999999998845,0.8966133980391703,2.0,1.0427513561223578
2286,1.434999999999884,0.8950894885495285,2.0,1.0429977595860236
2287,1.439999999999884,0.8935655790598864,2.0,1.043243228783322
2288,1.444999999999884,0.8920416695702446,2.0,1.0434877648318273
2289,1.4499999999998838,0.8905177600806028,2.0,1.0437313688270295
2290,1.4549999999998835,0.888993850590961,2.0,1.0439740418426695
2291,1.4599999999998836,0.8874699411013193,2.0,1.044215784931066
2292,1.4649999999998835,0.8859460316116776,2.0,1.0444565991234438
2293,1.4699999999998834,0.8844221221220356,2.0,1.044696485430259
2294,1.4749999999998833,0.8828982126323938,2.0,1.0449354448415193
2295,1.4799999999998832,0.8813743031427519,2.0,1.045173478327105
2296,1.484999999999883,0.8798503936531101,2.0,1.0454105868370853
2297,1.489999999999883,0.8783264841634683,2.0,1.045646771302031
2298,1.4949999999998829,0.8768025746738265,2.0,1.0458820326333282
2299,1.4999999999998828,0.8752786651841845,2.0,1.0461163717234867
2300,1.5049999999998829,0.8737547556945429,2.0,1.046349789446446
2301,1.5099999999998823,0.8722308462049011,2.0,1.0465822866578813
2302,1.5149999999998824,0.870706936715259,2.0,1.0468138641955027
2303,1.5199999999998823,0.8691830272256176,2.0,1.0470445228793557
2304,1.5249999999998822,0.8676591177359754,2.0,1.0472742635121168
2305,1.529999999999882,0.8661352082463338,2.0,1.047503086879392
2306,1.534999999999882,0.8646112987566916,2.0,1.0477309937500008
2307,1.539999999999882,0.8630873892670501,2.0,1.0479579848762728
2308,1.5449999999998818,0.8615634797774083,2.0,1.0481840609943314
2309,1.5499999999998817,0.8600395702877662,2.0,1.0484092228243775
2310,1.5549999999998816,0.8585156607981245,2.0,1.0486334710709746
2311,1.5599999999998817,0.8569917513084827,2.0,1.0488568064233257
2312,1.5649999999998814,0.8554678418188407,2.0,1.049079229555552
2313,1.5699999999998813,0.853943932329199,2.0,1.0493007411269675
2314,1.5749999999998812,0.8524200228395572,2.0,1.049521341782352
2315,1.579999999999881,0.8508961133499156,2.0,1.049741032152222
2316,1.584999999999881,0.8493722038602732,2.0,1.049959812853097
2317,1.5899999999998808,0.8478482943706317,2.0,1.0501776844877662
2318,1.5949999999998807,0.8463243848809898,2.0,1.0503946476455523
2319,1.5999999999998806,0.8448004753913481,2.0,1.0506107029025722
2320,1.6049999999998803,0.8432765659017063,2.0,1.0508258508219945
2321,1.6099999999998804,0.8417526564120643,2.0,1.0510400919542986
2322,1.6149999999998803,0.8402287469224224,2.0,1.051253426837527
2323,1.6199999999998802,0.8387048374327806,2.0,1.051465855997538
2324,1.62499999999988,0.8371809279431387,2.0,1.0516773799482544
2325,1.62999999999988,0.8356570184534972,2.0,1.051887999191913
2326,1.63499999999988,0.8341331089638552,2.0,1.0520977142193089
2327,1.6399999999998798,0.8326091994742133,2.0,1.0523065255100374
2328,1.6449999999998797,0.8310852899845715,2.0,1.0525144335327374
2329,1.6499999999998796,0.8295613804949294,2.0,1.0527214387453294
2330,1.6549999999998797,0.8280374710052881,2.0,1.052927541595249
2331,1.6599999999998791,0.8265135615156463,2.0,1.0531327425196855
2332,1.6649999999998792,0.8249896520260039,2.0,1.0533370419458128
2333,1.6699999999998791,0.8234657425363624,2.0,1.0535404402910176
2334,1.674999999999879,0.8219418330467206,2.0,1.05374293796313
2335,1.679999999999879,0.8204179235570788,2.0,1.0539445353606487
2336,1.6849999999998788,0.818894014067437,2.0,1.0541452328729624
2337,1.6899999999998787,0.8173701045777951,2.0,1.0543450308805749
2338,1.6949999999998786,0.8158461950881534,2.0,1.0545439297553219
2339,1.6999999999998785,0.8143222855985115,2.0,1.0547419298605902
2340,1.7049999999998784,0.8127983761088696,2.0,1.0549390315515321
2341,1.7099999999998785,0.8112744666192279,2.0,1.0551352351752787
2342,1.7149999999998782,0.8097505571295858,2.0,1.0553305410711529
2343,1.719999999999878,0.8082266476399442,2.0,1.0555249495708756
2344,1.724999999999878,0.8067027381503021,2.0,1.0557184609987744
2345,1.729999999999878,0.8051788286606604,2.0,1.05591107567199
2346,1.7349999999998778,0.8036549191710186,2.0,1.0561027939006782
2347,1.7399999999998776,0.8021310096813767,2.0,1.0562936159882106
2348,1.7449999999998775,0.8006071001917349,2.0,1.0564835422313736
2349,1.7499999999998774,0.7990831907020931,2.0,1.056672572920568
2350,1.754999999999877,0.7975592812124512,2.0,1.0568607083400012
2351,1.7599999999998772,0.7960353717228096,2.0,1.0570479487678819
2352,1.7649999999998771,0.7945114622331676,2.0,1.057234294476612
2353,1.769999999999877,0.7929875527435258,2.0,1.0574197457329748
2354,1.774999999999877,0.7914636432538842,2.0,1.0576043027983224
2355,1.7799999999998768,0.7899397337642424,2.0,1.0577879659287626
2356,1.784999999999877,0.7884158242746001,2.0,1.0579707353753411
2357,1.7899999999998766,0.7868919147849585,2.0,1.0581526113842248
2358,1.7949999999998765,0.7853680052953167,2.0,1.0583335941968788
2359,1.7999999999998764,0.7838440958056746,2.0,1.0585136840502474
2360,1.8049999999998765,0.7823201863160331,2.0,1.0586928811769285
2361,1.809999999999876,0.7807962768263912,2.0,1.0588711858053494
2362,1.814999999999876,0.7792723673367493,2.0,1.0590485981599356
2363,1.819999999999876,0.7777484578471073,2.0,1.0592251184612858
2364,1.824999999999876,0.7762245483574658,2.0,1.0594007469263382
2365,1.829999999999876,0.7747006388678237,2.0,1.0595754837685367
2366,1.834999999999876,0.7731767293781822,2.0,1.0597493291979978
2367,1.8399999999998755,0.7716528198885403,2.0,1.0599222834216726
2368,1.8449999999998756,0.7701289103988984,2.0,1.0600943466435089
2369,1.8499999999998755,0.7686050009092564,2.0,1.0602655190646102
2370,1.8549999999998752,0.7670810914196148,2.0,1.0604358008833943
2371,1.859999999999875,0.7655571819299729,2.0,1.0606051922957493
2372,1.864999999999875,0.764033272440331,2.0,1.0607736934951884
2373,1.8699999999998749,0.7625093629506893,2.0,1.0609413046730003
2374,1.8749999999998748,0.7609854534610476,2.0,1.0611080260184034
2375,1.8799999999998749,0.7594615439714054,2.0,1.061273857718693
2376,1.8849999999998743,0.7579376344817635,2.0,1.0614387999593877
2377,1.8899999999998744,0.7564137249921219,2.0,1.0616028529243795
2378,1.8949999999998743,0.7548898155024799,2.0,1.061766016796073
2379,1.8999999999998745,0.7533659060128385,2.0,1.0619282917555295
2380,1.904999999999874,0.7518419965231965,2.0,1.0620896779826086
2381,1.909999999999874,0.7503180870335543,2.0,1.0622501756561071
2382,1.914999999999874,0.7487941775439125,2.0,1.0624097849538947
2383,1.9199999999998736,0.7472492664992397,2.0,1.062568506053052
2384,1.9249999999998737,0.7456866296360806,2.0,1.062726339130003
2385,1.9299999999998736,0.7441239927729215,2.0,1.0628832843606477
2386,1.9349999999998733,0.7425613559097625,2.0,1.0630393419204933
2387,1.9399999999998732,0.7409987190466035,2.0,1.063194511984784
2388,1.9449999999998733,0.7394360821834443,2.0,1.0633487947286278
2389,1.9499999999998727,0.7378734453202852,2.0,1.0635021903271225
2390,1.954999999999873,0.7363108084571266,2.0,1.0636546989554798
2391,1.959999999999873,0.7347481715939672,2.0,1.0638063207891506
2392,1.9649999999998728,0.7331855347308084,2.0,1.0639570560039429
2393,1.9699999999998727,0.7316228978676493,2.0,1.064106904776143
2394,1.9749999999998729,0.7300602610044902,2.0,1.0642558672826352
2395,1.9799999999998723,0.7284976241413311,2.0,1.0644039437010164
2396,1.9849999999998724,0.7269349872781723,2.0,1.0645511342097114
2397,1.9899999999998723,0.7253723504150134,2.0,1.0646974389880883
2398,1.994999999999872,0.7238097135518541,2.0,1.0648428582165692
2399,1.999999999999872,0.7222470766886951,2.0,1.0649873920767405
2400,-1.9950000000000427,0.9999609068411798,3.0,0.9550186145333892
2401,-1.9900000000000428,0.99996080949517,3.0,0.9550520675517356
2402,-1.985000000000043,0.99996071214916,3.0,0.9550886069291662
2403,-1.980000000000043,0.99996061480315,3.0,0.9551282413433011
2404,-1.9750000000000432,0.99996051745714,3.0,0.9551709792710075
2405,-1.9700000000000435,0.9999604201111302,3.0,0.955216828984123
2406,-1.9650000000000436,0.9999603227651204,3.0,0.9552657985451345
2407,-1.9600000000000437,0.9999602254191104,3.0,0.9553178958028192
2408,-1.955000000000044,0.9999601280731004,3.0,0.9553731283878382
2409,-1.950000000000044,0.9999600307270908,3.0,0.9554315037082923
2410,-1.945000000000044,0.9999599333810808,3.0,0.9554930289452397
2411,-1.940000000000044,0.9999598360350708,3.0,0.955557711048161
2412,-1.935000000000044,0.9999597386890612,3.0,0.9556255567304
2413,-1.930000000000044,0.9999596413430512,3.0,0.9556965724645485
2414,-1.925000000000044,0.9999595439970412,3.0,0.9557707644778024
2415,-1.9200000000000443,0.9999594466510314,3.0,0.9558481387472721
2416,-1.9150000000000444,0.9999593493050216,3.0,0.9559287009952557
2417,-1.9100000000000448,0.9999592519590116,3.0,0.9560124566844728
2418,-1.9050000000000449,0.9999591546130018,3.0,0.9560994110132623
2419,-1.9000000000000448,0.999959057266992,3.0,0.9561895689107365
2420,-1.8950000000000449,0.999958959920982,3.0,0.9562829350319055
2421,-1.890000000000045,0.999958862574972,3.0,0.9563795137527595
2422,-1.885000000000045,0.9999587652289622,3.0,0.9564793091653161
2423,-1.8800000000000447,0.9999586678829522,3.0,0.9565823250726322
2424,-1.8750000000000453,0.9999585705369424,3.0,0.9566885649837809
2425,-1.8700000000000452,0.9999584731909325,3.0,0.9567980321087945
2426,-1.8650000000000453,0.9999583758449224,3.0,0.9569107293535732
2427,-1.8600000000000456,0.9999582784989128,3.0,0.9570266593147598
2428,-1.8550000000000455,0.9999581811529028,3.0,0.9571458242745843
2429,-1.8500000000000456,0.9999580838068928,3.0,0.9572682261956762
2430,-1.845000000000046,0.999957986460883,3.0,0.957393866715845
2431,-1.840000000000046,0.9999578891148732,3.0,0.9575227471428316
2432,-1.835000000000046,0.9999577917688632,3.0,0.9576548684490331
2433,-1.8300000000000465,0.9999576944228532,3.0,0.9577902312661961
2434,-1.8250000000000464,0.9999575970768436,3.0,0.9579288358800833
2435,-1.8200000000000465,0.9999574997308336,3.0,0.9580706822251182
2436,-1.8150000000000464,0.9999574023848236,3.0,0.958215769878999
2437,-1.810000000000047,0.999957305038814,3.0,0.958364098057293
2438,-1.8050000000000468,0.999957207692804,3.0,0.9585156656080054
2439,-1.800000000000047,0.999957110346794,3.0,0.958670471006128
2440,-1.795000000000047,0.9999570130007842,3.0,0.9588285123481677
2441,-1.790000000000047,0.9999569156547742,3.0,0.9589897873466533
2442,-1.7850000000000472,0.9999568183087644,3.0,0.9591542933246271
2443,-1.780000000000047,0.9999567209627546,3.0,0.9593220272101171
2444,-1.7750000000000474,0.9999566236167444,3.0,0.9594929855305976
2445,-1.7700000000000475,0.9999565262707346,3.0,0.9596671644074304
2446,-1.7650000000000476,0.9999564289247248,3.0,0.9598445595502998
2447,-1.7600000000000475,0.9999563315787148,3.0,0.960025166251629
2448,-1.755000000000048,0.999956234232705,3.0,0.9602089793809956
2449,-1.750000000000048,0.9999561368866952,3.0,0.9603959933795316
2450,-1.745000000000048,0.9999560395406852,3.0,0.9605862022543208
2451,-1.7400000000000482,0.9999559421946752,3.0,0.960779599572791
2452,-1.7350000000000485,0.9999558448486654,3.0,0.9609761784571016
2453,-1.7300000000000484,0.9999557475026556,3.0,0.9611759315785329
2454,-1.7250000000000485,0.9999556501566456,3.0,0.9613788511518724
2455,-1.7200000000000486,0.9999555528106356,3.0,0.9615849289298062
2456,-1.7150000000000487,0.999955455464626,3.0,0.9617941561973118
2457,-1.7100000000000488,0.999955358118616,3.0,0.9620065237660602
2458,-1.705000000000049,0.999955260772606,3.0,0.9622220219688242
2459,-1.700000000000049,0.9999551634265964,3.0,0.9624406406538975
2460,-1.6950000000000491,0.9999550660805864,3.0,0.9626623691795244
2461,-1.6900000000000492,0.9999549687345765,3.0,0.9628871964083465
2462,-1.6850000000000491,0.9999548713885664,3.0,0.9631151107018647
2463,-1.6800000000000497,0.9999547740425566,3.0,0.9633460999149175
2464,-1.6750000000000496,0.9999546766965468,3.0,0.9635801513901865
2465,-1.6700000000000497,0.9999545793505368,3.0,0.963817251952718
2466,-1.6650000000000498,0.999954482004527,3.0,0.9640573879044751
2467,-1.66000000000005,0.999954384658517,3.0,0.9643005450189155
2468,-1.65500000000005,0.9999542873125072,3.0,0.9645467085356034
2469,-1.65000000000005,0.9999541899664972,3.0,0.9647958631548483
2470,-1.6450000000000502,0.9999540926204874,3.0,0.9650479930323859
2471,-1.6400000000000503,0.9999539952744776,3.0,0.9653030817740944
2472,-1.6350000000000504,0.9999538979284676,3.0,0.9655611124307506
2473,-1.6300000000000503,0.9999538005824578,3.0,0.965822067492832
2474,-1.6250000000000506,0.9999537032364476,3.0,0.966085928885364
2475,-1.6200000000000507,0.999953605890438,3.0,0.966352677962818
2476,-1.6150000000000508,0.999953508544428,3.0,0.9666222955040598
2477,-1.610000000000051,0.999953411198418,3.0,0.9668947617073513
2478,-1.605000000000051,0.9999533138524084,3.0,0.9671700561854191
2479,-1.6000000000000512,0.9999532165063983,3.0,0.9674481579605703
2480,-1.5950000000000513,0.9999531191603884,3.0,0.967729045459885
2481,-1.5900000000000514,0.9999530218143786,3.0,0.9680126965104685
2482,-1.5850000000000517,0.9999529244683688,3.0,0.9682990883347771
2483,-1.5800000000000516,0.9999528271223588,3.0,0.9685881975460175
2484,-1.5750000000000517,0.999952729776349,3.0,0.9688800001436189
2485,-1.5700000000000518,0.999952632430339,3.0,0.9691744715087933
2486,-1.565000000000052,0.9999525350843292,3.0,0.9694715864001691
2487,-1.560000000000052,0.9999524377383192,3.0,0.9697713189495214
2488,-1.555000000000052,0.9999523403923094,3.0,0.9700736426575842
2489,-1.5500000000000522,0.9999522430462996,3.0,0.9703785303899615
2490,-1.5450000000000523,0.9999521457002896,3.0,0.9706859543731343
2491,-1.5400000000000524,0.9999520483542798,3.0,0.9709958861905672
2492,-1.5350000000000523,0.9999519510082696,3.0,0.9713082967789202
2493,-1.5300000000000529,0.99995185366226,3.0,0.9716231564243669
2494,-1.5250000000000528,0.99995175631625,3.0,0.9719404347590277
2495,-1.5200000000000529,0.99995165897024,3.0,0.9722601007575147
2496,-1.515000000000053,0.9999515616242302,3.0,0.972582122733596
2497,-1.510000000000053,0.9999514642782203,3.0,0.9729064683369837
2498,-1.5050000000000532,0.9999513669322104,3.0,0.9732331045502485
2499,-1.5000000000000533,0.9999512695862004,3.0,0.9735619976858627
2500,-1.4950000000000534,0.9999511722401908,3.0,0.9738931133833792
2501,-1.4900000000000535,0.9999510748941808,3.0,0.9742264166067462
2502,-1.4850000000000536,0.9999509775481707,3.0,0.9745618716417657
2503,-1.4800000000000535,0.999950880202161,3.0,0.9748994420936965
2504,-1.4750000000000538,0.9999507828561512,3.0,0.9752390908850055
2505,-1.470000000000054,0.9999506855101412,3.0,0.9755807802532761
2506,-1.465000000000054,0.9999505881641314,3.0,0.9759244717492688
2507,-1.460000000000054,0.9999504908181216,3.0,0.9762701262351468
2508,-1.4550000000000542,0.9999503934721116,3.0,0.976617703882865
2509,-1.4500000000000544,0.9999502961261018,3.0,0.9769671641727304
2510,-1.4450000000000545,0.999950189564772,3.0,0.9773184658921323
2511,-1.4400000000000546,0.9999500465383692,3.0,0.9776715671344507
2512,-1.435000000000055,0.9999499035119664,3.0,0.9780264252981483
2513,-1.4300000000000548,0.9999497604855636,3.0,0.9783829970860425
2514,-1.425000000000055,0.9999496174591608,3.0,0.9787412385047731
2515,-1.420000000000055,0.9999494744327582,3.0,0.9791011048644545
2516,-1.415000000000055,0.9999493314063552,3.0,0.9794625507785324
2517,-1.4100000000000552,0.9999491883799524,3.0,0.9798255301638352
2518,-1.405000000000055,0.99994904535355,3.0,0.9801899962408358
2519,-1.4000000000000554,0.9999489023271472,3.0,0.9805559015341141
2520,-1.3950000000000555,0.9999487593007444,3.0,0.9809231978730422
2521,-1.3900000000000556,0.9999486162743416,3.0,0.9812918363926726
2522,-1.3850000000000555,0.9999484732479388,3.0,0.9816617675348609
2523,-1.3800000000000558,0.999948330221536,3.0,0.9820329410495994
2524,-1.375000000000056,0.9999481871951332,3.0,0.9824053059965856
2525,-1.370000000000056,0.9999480441687304,3.0,0.982778810747017
2526,-1.3650000000000562,0.9999479011423276,3.0,0.9831534029856266
2527,-1.3600000000000565,0.999947758115925,3.0,0.9835290297129489
2528,-1.3550000000000564,0.999947615089522,3.0,0.9839056372478352
2529,-1.3500000000000565,0.9999474720631196,3.0,0.9842831712302071
2530,-1.3450000000000566,0.9999473290367168,3.0,0.984661576624063
2531,-1.3400000000000567,0.9999471860103138,3.0,0.9850407977207358
2532,-1.3350000000000568,0.9999470429839112,3.0,0.9854207781424047
2533,-1.330000000000057,0.9999468999575084,3.0,0.9858014608458643
2534,-1.325000000000057,0.9999467569311056,3.0,0.986182788126559
2535,-1.3200000000000571,0.9999466139047029,3.0,0.9865647016228778
2536,-1.3150000000000572,0.9999464708783,3.0,0.9869471423207186
2537,-1.3100000000000571,0.9999451209577142,3.0,0.9873300505583202
2538,-1.3050000000000574,0.9999427775791891,3.0,0.987713366031373
2539,-1.3000000000000576,0.999940434200664,3.0,0.988097027798398
2540,-1.2950000000000577,0.9999380908221388,3.0,0.9884809742864102
2541,-1.2900000000000578,0.9999357474436138,3.0,0.9888651432968578
2542,-1.285000000000058,0.9999334040650888,3.0,0.9892494720118472
2543,-1.280000000000058,0.9999310606865636,3.0,0.9896338970006542
2544,-1.275000000000058,0.9999287173080386,3.0,0.9900183542265186
2545,-1.2700000000000582,0.9999263739295136,3.0,0.9904027790537306
2546,-1.2650000000000583,0.9999234922008032,3.0,0.9907871062550102
2547,-1.2600000000000584,0.9997078117576048,3.0,0.9911712700191744
2548,-1.2550000000000583,0.9993586323499776,3.0,0.9915552039591031
2549,-1.2500000000000586,0.9990100337916338,3.0,0.9919388411199994
2550,-1.2450000000000587,0.99866143523329,3.0,0.9923221139879468
2551,-1.2400000000000588,0.9983128366749464,3.0,0.9927049544987647
2552,-1.235000000000059,0.9979642381166028,3.0,0.9930872940471633
2553,-1.230000000000059,0.9976156395582592,3.0,0.9934690634961989
2554,-1.2250000000000592,0.9972670409999156,3.0,0.9938501931870298
2555,-1.2200000000000593,0.996918442441572,3.0,0.9942306129489717
2556,-1.2150000000000594,0.9965698438832284,3.0,0.9946102521098583
2557,-1.2100000000000597,0.9962212453248844,3.0,0.9949890395067009
2558,-1.2050000000000596,0.995872646766541,3.0,0.995366903496649
2559,-1.2000000000000597,0.9955240482081972,3.0,0.9957437719682551
2560,-1.1950000000000598,0.9951754496498536,3.0,0.9961195723530389
2561,-1.19000000000006,0.99482685109151,3.0,0.9964942316373522
2562,-1.18500000000006,0.9944782525331664,3.0,0.9968676763745434
2563,-1.18000000000006,0.9941296539748228,3.0,0.9972398326974197
2564,-1.1750000000000602,0.9937810554164792,3.0,0.9976106263310118
2565,-1.1700000000000603,0.9934324568581356,3.0,0.9979799826056275
2566,-1.1650000000000604,0.9930838582997918,3.0,0.9983478264702037
2567,-1.1600000000000603,0.9927352597414482,3.0,0.9987140825059544
2568,-1.1550000000000606,0.9923866611831046,3.0,0.9990786749403033
2569,-1.1500000000000608,0.9920380626247608,3.0,0.9994415276611086
2570,-1.1450000000000609,0.991760224924344,3.0,0.9998025642311734
2571,-1.140000000000061,0.9916572780816044,3.0,1.0001617079030414
2572,-1.135000000000061,0.991554331238865,3.0,1.0005188816340687
2573,-1.1300000000000612,0.9914513843961256,3.0,1.0008740081017788
2574,-1.1250000000000613,0.991348437553386,3.0,1.0012270097194877
2575,-1.1200000000000614,0.9912454907106464,3.0,1.0015778086522025
2576,-1.1150000000000615,0.9911425438679068,3.0,1.0019263268327838
2577,-1.1100000000000616,0.9910395970251672,3.0,1.0022724859783765
2578,-1.1050000000000617,0.9909366501824276,3.0,1.002616207607093
2579,-1.1000000000000618,0.9908337033396882,3.0,1.0029574130549563
2580,-1.095000000000062,0.9907307564969484,3.0,1.0032960234930879
2581,-1.090000000000062,0.990627809654209,3.0,1.0036319599451464
2582,-1.085000000000062,0.9904722681554304,3.0,1.0039651433049979
2583,-1.0800000000000622,0.9903473306666072,3.0,1.0042954943546294
2584,-1.0750000000000624,0.990222393177784,3.0,1.0046229337822845
2585,-1.0700000000000625,0.9900974556889608,3.0,1.0049473822008241
2586,-1.0650000000000626,0.9899725182001377,3.0,1.0052687601663033
2587,-1.060000000000063,0.9898475807113144,3.0,1.0055869881967618
2588,-1.0550000000000628,0.9897226432224911,3.0,1.0059019867912125
2589,-1.0500000000000629,0.989597705733668,3.0,1.006213676448833
2590,-1.045000000000063,0.9894727682448448,3.0,1.0065219776883458
2591,-1.040000000000063,0.9893478307560216,3.0,1.0068268110675782
2592,-1.0350000000000632,0.9892228932671984,3.0,1.0071280972032022
2593,-1.0300000000000633,0.9890979557783752,3.0,1.0074257567906424
2594,-1.0250000000000634,0.988973018289552,3.0,1.0077197106241413
2595,-1.0200000000000635,0.988848080800729,3.0,1.008009879616979
2596,-1.0150000000000636,0.9887231433119056,3.0,1.0082961848218361
2597,-1.0100000000000635,0.9885982058230826,3.0,1.0085785474512923
2598,-1.0050000000000638,0.9884732683342592,3.0,1.0088568888984537
2599,-1.000000000000064,0.9883483308454362,3.0,1.0091311307576951
2600,-0.995000000000064,0.9882233933566128,3.0,1.009401194845514
2601,-0.9900000000000642,0.9880984558677898,3.0,1.0096670032214825
2602,-0.9850000000000644,0.9879735183789666,3.0,1.0099284782092939
2603,-0.9800000000000644,0.9878485808901434,3.0,1.010185542417882
2604,-0.9750000000000644,0.98772364340132,3.0,1.0104381187626228
2605,-0.9700000000000646,0.987598705912497,3.0,1.0106861304865862
2606,-0.9650000000000648,0.9874737684236738,3.0,1.01092950118185
2607,-0.9600000000000648,0.9873488309348506,3.0,1.0111681548108433
2608,-0.9550000000000648,0.9872238934460272,3.0,1.011402015727733
2609,-0.950000000000065,0.9870989559572042,3.0,1.0116310086998215
2610,-0.9450000000000652,0.987002550257366,3.0,1.0118550589289554
2611,-0.9400000000000652,0.986918630279924,3.0,1.0120740920729412
2612,-0.9350000000000652,0.986834710302482,3.0,1.0122880342669356
2613,-0.9300000000000654,0.98675079032504,3.0,1.0124968121448257
2614,-0.9250000000000655,0.986666870347598,3.0,1.0127003528605691
2615,-0.9200000000000657,0.9865829503701562,3.0,1.0128985841094889
2616,-0.9150000000000658,0.9865084789599936,3.0,1.0130914341495134
2617,-0.910000000000066,0.9864667323209546,3.0,1.0132788318223527
2618,-0.905000000000066,0.9864249856819156,3.0,1.0134607065745882
2619,-0.9000000000000661,0.9863832390428768,3.0,1.013636988478679
2620,-0.8950000000000662,0.9863414924038376,3.0,1.013807608253863
2621,-0.8900000000000663,0.9862997457647984,3.0,1.0139724972869466
2622,-0.8850000000000664,0.9862579991257596,3.0,1.0141315876529704
2623,-0.8800000000000665,0.9862162524867204,3.0,1.014284812135735
2624,-0.8750000000000666,0.9861745058476814,3.0,1.0144321042481848
2625,-0.8700000000000667,0.9861327592086424,3.0,1.014573398252627
2626,-0.8650000000000668,0.9860910125696036,3.0,1.0147086291807845
2627,-0.8600000000000669,0.9860492659305644,3.0,1.014837732853665
2628,-0.855000000000067,0.9860075192915252,3.0,1.0149606459012355
2629,-0.8500000000000671,0.9859657726524864,3.0,1.0150773057818918
2630,-0.8450000000000673,0.9859240260134472,3.0,1.0151876508017137
2631,-0.8400000000000674,0.9858822793744082,3.0,1.0152916201334914
2632,-0.8350000000000675,0.9858405327353692,3.0,1.0153891538355115
2633,-0.8300000000000676,0.9857987860963304,3.0,1.0154801928700954
2634,-0.8250000000000677,0.9857570394572912,3.0,1.0155646791218755
2635,-0.8200000000000678,0.9857152928182524,3.0,1.0156425554157984
2636,-0.8150000000000679,0.9856735461792132,3.0,1.015713765534848
2637,-0.810000000000068,0.985631799540174,3.0,1.0157782542374725
2638,-0.8050000000000681,0.985590052901135,3.0,1.0158359672747088
2639,-0.8000000000000682,0.985548306262096,3.0,1.0158868514069914
2640,-0.7950000000000683,0.9855065596230572,3.0,1.015930854420639
2641,-0.7900000000000684,0.985464812984018,3.0,1.0159679251440028
2642,-0.7850000000000685,0.9854230663449792,3.0,1.0159980134632727
2643,-0.7800000000000686,0.9853673874726262,3.0,1.0160210703379298
2644,-0.7750000000000687,0.985310701036182,3.0,1.016037047815831
2645,-0.7700000000000689,0.9852540145997376,3.0,1.0160458990479273
2646,-0.765000000000069,0.9851973281632932,3.0,1.0160475783025922
2647,-0.7600000000000691,0.9851406417268488,3.0,1.0160420409795647
2648,-0.7550000000000692,0.9850839552904044,3.0,1.0160292436234901
2649,-0.7500000000000693,0.9850272688539602,3.0,1.016009143937054
2650,-0.7450000000000694,0.9849705824175158,3.0,1.015981700793697
2651,-0.7400000000000695,0.9849138959810714,3.0,1.0159468742499118
2652,-0.7350000000000696,0.9848572095446272,3.0,1.015904625557101
2653,-0.7300000000000697,0.9848005231081828,3.0,1.0158549171730018
2654,-0.7250000000000698,0.9847438366717384,3.0,1.015797712772662
2655,-0.7200000000000699,0.984687150235294,3.0,1.015732977258963
2656,-0.71500000000007,0.9846304637988496,3.0,1.0156606767726852
2657,-0.7100000000000701,0.9845737773624051,3.0,1.0155807787021092
2658,-0.7050000000000702,0.9845170909259608,3.0,1.0154932516921398
2659,-0.7000000000000703,0.9844604044895164,3.0,1.0153980656529629
2660,-0.6950000000000705,0.9844037180530724,3.0,1.015295191768212
2661,-0.6900000000000706,0.9843470316166278,3.0,1.015184602502654
2662,-0.6850000000000707,0.9842903451801834,3.0,1.0150662716093808
2663,-0.6800000000000708,0.984233658743739,3.0,1.0149401741365054
2664,-0.6750000000000709,0.9841769723072946,3.0,1.0148062864333618
2665,-0.670000000000071,0.9841202858708504,3.0,1.0146645861562
2666,-0.6650000000000711,0.984063599434406,3.0,1.0145150522733761
2667,-0.6600000000000712,0.9840069129979616,3.0,1.014357665070034
2668,-0.6550000000000713,0.9839502265615172,3.0,1.0141924061522776
2669,-0.6500000000000714,0.983893540125073,3.0,1.0140192584508247
2670,-0.6450000000000715,0.9838368536886286,3.0,1.013838206224156
2671,-0.6400000000000716,0.9837801672521842,3.0,1.0136492350611395
2672,-0.6350000000000717,0.9837234808157398,3.0,1.0134523318831412
2673,-0.6300000000000718,0.9836667943792956,3.0,1.0132474849456226
2674,-0.6250000000000719,0.9836101079428512,3.0,1.0130346838392121
2675,-0.620000000000072,0.9835534215064068,3.0,1.0128139194902663
2676,-0.6150000000000722,0.9834967350699624,3.0,1.0125851841609128
2677,-0.6100000000000723,0.9834400486335182,3.0,1.0123484714485742
2678,-0.6050000000000724,0.9833833621970738,3.0,1.0121037762849814
2679,-0.6000000000000725,0.9833266757606294,3.0,1.0118510949346702
2680,-0.5950000000000726,0.983269989324185,3.0,1.0115904249929712
2681,-0.5900000000000727,0.9832133028877408,3.0,1.0113217653834847
2682,-0.5850000000000728,0.9831566164512964,3.0,1.0110451163550573
2683,-0.5800000000000729,0.983099930014852,3.0,1.010760479478249
2684,-0.575000000000073,0.9830432435784076,3.0,1.0104678576413035
2685,-0.5700000000000731,0.9829865571419631,3.0,1.0101672550456244
2686,-0.5650000000000732,0.9829298707055188,3.0,1.0098586772007558
2687,-0.5600000000000733,0.9828731842690744,3.0,1.0095421309188786
2688,-0.5550000000000734,0.98281649783263,3.0,1.0092176243088236
2689,-0.5500000000000735,0.9827598113961856,3.0,1.0088851667696073
2690,-0.5450000000000736,0.9827031249597414,3.0,1.0085447689834943
2691,-0.5400000000000738,0.982646438523297,3.0,1.0081964429085966
2692,-0.5350000000000739,0.9825897520868526,3.0,1.007840201771007
2693,-0.530000000000074,0.9825330656504084,3.0,1.0074760600564885
2694,-0.5250000000000741,0.982476379213964,3.0,1.0071040335017023
2695,-0.5200000000000742,0.9824196927775196,3.0,1.006724139085009
2696,-0.5150000000000743,0.9823630063410752,3.0,1.0063363950168311
2697,-0.5100000000000744,0.9823063199046308,3.0,1.0059408207295848
2698,-0.5050000000000745,0.9822029177853424,3.0,1.0055374368672028
2699,-0.5000000000000746,0.982026290517552,3.0,1.0051262652742419
2700,-0.4950000000000747,0.9818496632497612,3.0,1.0047073289845905
2701,-0.4900000000000748,0.9816730359819708,3.0,1.004280652209778
2702,-0.4850000000000749,0.9814964087141804,3.0,1.0038462603269092
2703,-0.480000000000075,0.98131978144639,3.0,1.003404179866214
2704,-0.4750000000000751,0.9811431541785992,3.0,1.002954438498234
2705,-0.4700000000000752,0.9810086180188896,3.0,1.0024970650206513
2706,-0.4650000000000753,0.980938874941351,3.0,1.0020320893447696
2707,-0.4600000000000754,0.9808691318638122,3.0,1.001559542481659
2708,-0.4550000000000755,0.9807993887862736,3.0,1.001079456527966
2709,-0.4500000000000757,0.9807296457087348,3.0,1.0005918646514131
2710,-0.4450000000000758,0.980659902631196,3.0,1.0000968010759854
2711,-0.4400000000000759,0.9805901595536572,3.0,0.9995943010668205
2712,-0.435000000000076,0.9805204164761184,3.0,0.9990844009148092
2713,-0.4300000000000761,0.9804506733985798,3.0,0.9985671379209213
2714,-0.4250000000000762,0.980380930321041,3.0,0.9980425503802661
2715,-0.4200000000000763,0.9803111872435024,3.0,0.9975106775658904
2716,-0.4150000000000764,0.9802414441659636,3.0,0.996971559712341
2717,-0.4100000000000765,0.9801717010884248,3.0,0.996425237998984
2718,-0.4050000000000766,0.9801233053974934,3.0,0.9958717545331093
2719,-0.4000000000000767,0.9800942770460076,3.0,0.9953111523328151
2720,-0.3950000000000768,0.9800652486945216,3.0,0.994743475309696
2721,-0.3900000000000769,0.9800362203430358,3.0,0.9941687682513409
2722,-0.385000000000077,0.98000719199155,3.0,0.993587076803647
2723,-0.3800000000000771,0.9799871913897276,3.0,0.9929984474529738
2724,-0.3750000000000772,0.9799376240024356,3.0,0.9924029275081307
2725,-0.3700000000000774,0.9798391275148975,3.0,0.9918005650822277
2726,-0.3650000000000775,0.9797200190344898,3.0,0.9911914090743836
2727,-0.3600000000000776,0.9796009105540822,3.0,0.9905755091513162
2728,-0.3550000000000777,0.9794044348499046,3.0,0.989952915728814
2729,-0.3500000000000778,0.9791374892401165,3.0,0.9893236799531127
2730,-0.3450000000000779,0.9788705436303284,3.0,0.9886878536821719
2731,-0.340000000000078,0.9786035980205402,3.0,0.9880454894668813
2732,-0.3350000000000781,0.978336652410752,3.0,0.9873966405321866
2733,-0.3300000000000782,0.9780697068009642,3.0,0.9867413607581659
2734,-0.3250000000000783,0.977802761191176,3.0,0.9860797046610519
2735,-0.3200000000000784,0.9775358155813878,3.0,0.9854117273742158
2736,-0.3150000000000785,0.9772688699715996,3.0,0.9847374846291284
2737,-0.3100000000000786,0.9770019243618115,3.0,0.9840570327362967
2738,-0.3050000000000787,0.9767349787520234,3.0,0.9833704285661975
2739,-0.3000000000000788,0.9764648039912006,3.0,0.9826777295302138
2740,-0.295000000000079,0.9761890878639334,3.0,0.9819789935615786
2741,-0.2900000000000791,0.9759133717366666,3.0,0.9812742790963458
2742,-0.2850000000000792,0.9756376556093994,3.0,0.9805636450543904
2743,-0.2800000000000793,0.9753619394821323,3.0,0.9798471508204465
2744,-0.2750000000000794,0.9750862233548652,3.0,0.9791248562252004
2745,-0.2700000000000795,0.9748105072275982,3.0,0.9783968215264369
2746,-0.2650000000000796,0.9745347911003313,3.0,0.9776631073902597
2747,-0.2600000000000797,0.9742590749730642,3.0,0.9769237748723791
2748,-0.2550000000000798,0.9739833588457972,3.0,0.9761788853994948
2749,-0.2500000000000799,0.97370764271853,3.0,0.9754285007507606
2750,-0.24500000000008,0.9734319265912628,3.0,0.9746726830393608
2751,-0.2400000000000801,0.9731562104639958,3.0,0.9739114946941865
2752,-0.2350000000000802,0.9728804943367289,3.0,0.9731449984416345
2753,-0.2300000000000803,0.9726047782094618,3.0,0.972373257287525
2754,-0.2250000000000804,0.9723290620821948,3.0,0.9715963344991567
2755,-0.2200000000000805,0.9720533459549277,3.0,0.9708142935874937
2756,-0.2150000000000806,0.9717776298276604,3.0,0.9700271982895015
2757,-0.2100000000000808,0.9715096839188292,3.0,0.9692351125506333
2758,-0.2050000000000809,0.9712451236886048,3.0,0.9684381005074751
2759,-0.200000000000081,0.9709805634583808,3.0,0.9676362264705507
2760,-0.1950000000000811,0.9707160032281568,3.0,0.9668295549073069
2761,-0.1900000000000812,0.9704514429979324,3.0,0.9660181504252621
2762,-0.1850000000000813,0.9701868827677084,3.0,0.9652020777553427
2763,-0.1800000000000814,0.9699223225374842,3.0,0.9643814017354115
2764,-0.1750000000000815,0.96965776230726,3.0,0.9635561872939749
2765,-0.1700000000000816,0.969393202077036,3.0,0.9627264994340952
2766,-0.1650000000000817,0.9691286418468118,3.0,0.9618924032175058
2767,-0.1600000000000818,0.9688640816165875,3.0,0.9610539637489244
2768,-0.1550000000000819,0.9685995213863636,3.0,0.960211246160583
2769,-0.150000000000082,0.9683349611561394,3.0,0.9593643155969653
2770,-0.1450000000000821,0.9680704009259152,3.0,0.9585132371997696
2771,-0.1400000000000822,0.9678058406956912,3.0,0.9576580760930817
2772,-0.1350000000000824,0.9675412804654668,3.0,0.9567988973687818
2773,-0.1300000000000825,0.9672767202352428,3.0,0.9559357660721755
2774,-0.1250000000000826,0.9670121600050188,3.0,0.9550687471878496
2775,-0.1200000000000827,0.9667475997747944,3.0,0.954197905625771
2776,-0.1150000000000828,0.9664830395445704,3.0,0.9533233062076112
2777,-0.1100000000000829,0.966218479314346,3.0,0.9524450136533127
2778,-0.105000000000083,0.965953919084122,3.0,0.9515630925678973
2779,-0.1000000000000831,0.965689358853898,3.0,0.9506776074285097
2780,-0.0950000000000832,0.9654247986236736,3.0,0.9497886225717083
2781,-0.0900000000000833,0.9651602383934496,3.0,0.9488962021810003
2782,-0.0850000000000834,0.9648956781632254,3.0,0.9480004102746231
2783,-0.0800000000000835,0.9646311179330012,3.0,0.9471013106935686
2784,-0.0750000000000836,0.9643665577027772,3.0,0.9461989670898585
2785,-0.0700000000000837,0.964101997472553,3.0,0.9452934429150712
2786,-0.0650000000000838,0.9638374372423288,3.0,0.9443848014091087
2787,-0.0600000000000839,0.9635728770121046,3.0,0.9434731055892243
2788,-0.055000000000084,0.9633083167818806,3.0,0.9425584182392881
2789,-0.0500000000000842,0.9630437565516564,3.0,0.9416408018993137
2790,-0.0450000000000843,0.9627791963214324,3.0,0.9407203188552249
2791,-0.0400000000000844,0.962514636091208,3.0,0.9397970311288772
2792,-0.0350000000000845,0.962250075860984,3.0,0.9388710004683274
2793,-0.0300000000000846,0.9619855156307598,3.0,0.9379422883383488
2794,-0.0250000000000847,0.9617209554005356,3.0,0.9370109559111994
2795,-0.0200000000000848,0.9614563951703116,3.0,0.936077064057629
2796,-0.0150000000000849,0.9611918349400874,3.0,0.9351406733381413
2797,-0.010000000000085,0.9609272747098632,3.0,0.9342018439944915
2798,-0.0050000000000851,0.960662714479639,3.0,0.9332606359414362
2799,-8.526512829121202e-14,0.960398154249415,3.0,0.9323171087587168
2800,0.0049999999999146,0.9601071149314602,3.0,0.9313713216832922
2801,0.0099999999999145,0.959641271831608,3.0,0.9304233336018011
2802,0.0149999999999144,0.959175428731756,3.0,0.9294732030432713
2803,0.0199999999999143,0.9587095856319038,3.0,0.9285209881720571
2804,0.0249999999999142,0.9582437425320518,3.0,0.927566746781014
2805,0.029999999999914,0.9577778994321996,3.0,0.9266105362849042
2806,0.0349999999999139,0.9573120563323476,3.0,0.9256524137140316
2807,0.0399999999999138,0.9568462132324954,3.0,0.9246924357081054
2808,0.0449999999999137,0.9563803701326432,3.0,0.9237306585103258
2809,0.0499999999999136,0.9559145270327912,3.0,0.9227671379616966
2810,0.0549999999999135,0.9554486839329392,3.0,0.9218019294955571
2811,0.0599999999999134,0.9549828408330872,3.0,0.9208350881323271
2812,0.0649999999999133,0.954516997733235,3.0,0.9198666684744752
2813,0.0699999999999132,0.9540511546333827,3.0,0.9188967247016968
2814,0.0749999999999131,0.9535853115335308,3.0,0.9179253105662992
2815,0.079999999999913,0.9531194684336788,3.0,0.9169524793887971
2816,0.0849999999999129,0.9526536253338264,3.0,0.9159782840537152
2817,0.0899999999999128,0.9521877822339744,3.0,0.9150027770055875
2818,0.0949999999999127,0.9517219391341224,3.0,0.9140260102451587
2819,0.0999999999999126,0.9512560960342704,3.0,0.9130480353257835
2820,0.1049999999999125,0.950790252934418,3.0,0.9120689033500144
2821,0.1099999999999123,0.950324409834566,3.0,0.9110886649663852
2822,0.1149999999999122,0.949858566734714,3.0,0.910107370366376
2823,0.1199999999999121,0.9493927236348618,3.0,0.9091250692815698
2824,0.124999999999912,0.9489268805350096,3.0,0.9081418109809833
2825,0.1299999999999119,0.9484610374351576,3.0,0.9071576442685811
2826,0.1349999999999118,0.94801234749221,3.0,0.9061726174809603
2827,0.1399999999999117,0.9475666074266224,3.0,0.9051867784852141
2828,0.1449999999999116,0.947120867361035,3.0,0.9042001746769561
2829,0.1499999999999115,0.9466751272954474,3.0,0.9032128529785162
2830,0.1549999999999114,0.94622938722986,3.0,0.9022248598373002
2831,0.1599999999999113,0.9457836471642724,3.0,0.9012362412243013
2832,0.1649999999999112,0.9453379070986848,3.0,0.9002470426327775
2833,0.1699999999999111,0.9448921670330976,3.0,0.8992573090770779
2834,0.174999999999911,0.94444642696751,3.0,0.898267085091617
2835,0.1799999999999109,0.9440006869019224,3.0,0.8972764147300019
2836,0.1849999999999108,0.943554946836335,3.0,0.8962853415642995
2837,0.1899999999999106,0.9431092067707476,3.0,0.8952939086844451
2838,0.1949999999999105,0.94266346670516,3.0,0.89430215869779
2839,0.1999999999999104,0.9422177266395724,3.0,0.8933101337287839
2840,0.2049999999999103,0.9417719865739852,3.0,0.8923178754187897
2841,0.2099999999999102,0.9413262465083976,3.0,0.8913254249260232
2842,0.2149999999999101,0.94088050644281,3.0,0.8903328229256242
2843,0.21999999999991,0.9404347663772228,3.0,0.8893401096098474
2844,0.2249999999999099,0.9399890263116352,3.0,0.8883473246883713
2845,0.2299999999999098,0.9395432862460475,3.0,0.887354507388729
2846,0.2349999999999097,0.93909754618046,3.0,0.8863616964568481
2847,0.2399999999999096,0.9386518061148726,3.0,0.8853689301577026
2848,0.2449999999999095,0.938206066049285,3.0,0.8843762462760774
2849,0.2499999999999094,0.9377603259836976,3.0,0.8833836821174295
2850,0.2549999999999093,0.93731458591811,3.0,0.8823912745088609
2851,0.2599999999999092,0.9368688458525226,3.0,0.881399059800186
2852,0.2649999999999091,0.9364231057869352,3.0,0.8804070738650955
2853,0.269999999999909,0.9359773657213476,3.0,0.8794153521024164
2854,0.2749999999999089,0.9355316256557602,3.0,0.8784239294374658
2855,0.2799999999999087,0.9350858855901726,3.0,0.8774328403234875
2856,0.2849999999999086,0.9346401455245852,3.0,0.8764421187431797
2857,0.2899999999999085,0.9341944054589978,3.0,0.8754517982103052
2858,0.2949999999999084,0.9337486653934102,3.0,0.8744619117713837
2859,0.2999999999999083,0.9333029253278228,3.0,0.8734724920074586
2860,0.3049999999999082,0.9328571852622352,3.0,0.8724835710359446
2861,0.3099999999999081,0.9324114451966478,3.0,0.8714951805125479
2862,0.314999999999908,0.93196570513106,3.0,0.8705073516332569
2863,0.3199999999999079,0.9315199650654729,3.0,0.8695201151363987
2864,0.3249999999999078,0.9310742249998852,3.0,0.8685335013047719
2865,0.3299999999999077,0.9306284849342976,3.0,0.8675475399678303
2866,0.3349999999999076,0.9301827448687104,3.0,0.8665622605039405
2867,0.3399999999999075,0.9297370048031228,3.0,0.8655776918426914
2868,0.3449999999999074,0.9292912647375352,3.0,0.864593862467266
2869,0.3499999999999073,0.9288455246719476,3.0,0.8636108004168668
2870,0.3549999999999071,0.9283997846063604,3.0,0.8626285332891934
2871,0.359999999999907,0.9279540445407728,3.0,0.8616470882429741
2872,0.3649999999999069,0.9275083044751852,3.0,0.8606664920005462
2873,0.3699999999999068,0.927062564409598,3.0,0.8596867708504796
2874,0.3749999999999067,0.9266168243440104,3.0,0.8587079506502531
2875,0.3799999999999066,0.9261710842784228,3.0,0.8577300568289667
2876,0.3849999999999065,0.9257253442128353,3.0,0.8567531143901019
2877,0.3899999999999064,0.925279604147248,3.0,0.8557771479143148
2878,0.3949999999999063,0.9248338640816602,3.0,0.8548021815622742
2879,0.3999999999999062,0.9243881240160728,3.0,0.8538282390775311
2880,0.4049999999999061,0.9239423839504854,3.0,0.8528553437894246
2881,0.409999999999906,0.923496643884898,3.0,0.8518835186160181
2882,0.4149999999999059,0.9230509038193104,3.0,0.8509127860670729
2883,0.4199999999999058,0.9226051637537228,3.0,0.8499431682470415
2884,0.4249999999999057,0.9221594236881354,3.0,0.8489746868580974
2885,0.4299999999999055,0.921713683622548,3.0,0.8480073632031873
2886,0.4349999999999054,0.9212679435569604,3.0,0.8470412181891076
2887,0.4399999999999053,0.920822203491373,3.0,0.8460762723296065
2888,0.4449999999999052,0.9203594227514776,3.0,0.8451125457485071
2889,0.4499999999999051,0.91884055697088,3.0,0.8441500581828483
2890,0.454999999999905,0.9171782918992912,3.0,0.8431888289860494
2891,0.4599999999999049,0.9151418837418308,3.0,0.8422288771310906
2892,0.4649999999999048,0.9130325652610168,3.0,0.8412702212137051
2893,0.4699999999999047,0.9109232467802024,3.0,0.8403128794555978
2894,0.4749999999999046,0.9088139282993885,3.0,0.8393568697076632
2895,0.4799999999999045,0.9067046098185744,3.0,0.8384022094532295
2896,0.4849999999999044,0.90459529133776,3.0,0.837448915811305
2897,0.4899999999999043,0.902485972856946,3.0,0.8364970055398382
2898,0.4949999999999042,0.9003766543761318,3.0,0.8355464950389881
2899,0.4999999999999041,0.8982673358953175,3.0,0.8345974003544012
2900,0.504999999999904,0.8961580174145034,3.0,0.833649737180495
2901,0.5099999999999039,0.8940486989336893,3.0,0.8327035208637465
2902,0.5149999999999038,0.891939380452875,3.0,0.8317587664059933
2903,0.5199999999999037,0.8898300619720609,3.0,0.8308154884677257
2904,0.5249999999999035,0.8877207434912466,3.0,0.8298737013713919
2905,0.5299999999999034,0.8856114250104326,3.0,0.828933419104704
2906,0.5349999999999033,0.8835021065296185,3.0,0.8279946553239392
2907,0.5399999999999032,0.8813927880488044,3.0,0.8270574233572494
2908,0.5449999999999031,0.8792834695679903,3.0,0.8261217362079629
2909,0.549999999999903,0.8771741510871758,3.0,0.8251876065578918
2910,0.5549999999999029,0.8750648326063617,3.0,0.8242550467706296
2911,0.5599999999999028,0.8729555141255478,3.0,0.8233240688948518
2912,0.5649999999999027,0.8708461956447335,3.0,0.8223946846676116
2913,0.5699999999999026,0.8687368771639192,3.0,0.8214669055176251
2914,0.5749999999999025,0.8666275586831053,3.0,0.8205407425685649
2915,0.5799999999999024,0.8645182402022911,3.0,0.8196162066423296
2916,0.5849999999999023,0.862408921721477,3.0,0.8186933082623236
2917,0.5899999999999022,0.8602996032406628,3.0,0.8177720576567182
2918,0.594999999999902,0.8581902847598486,3.0,0.816852464761711
2919,0.599999999999902,0.8560809662790345,3.0,0.8159345392247739
2920,0.6049999999999018,0.8539716477982202,3.0,0.8150182904078929
2921,0.6099999999999017,0.8518623293174061,3.0,0.8141037273907998
2922,0.6149999999999016,0.849753010836592,3.0,0.8131908589741896
2923,0.6199999999999015,0.8476436923557777,3.0,0.8122796936829322
2924,0.6249999999999014,0.8455343738749638,3.0,0.8113702397692684
2925,0.6299999999999013,0.8434250553941497,3.0,0.8104625052159986
2926,0.6349999999999012,0.8413157369133354,3.0,0.8095564977396548
2927,0.6399999999999011,0.8392064184325213,3.0,0.8086522247936625
2928,0.644999999999901,0.837097099951707,3.0,0.8077496935714901
2929,0.6499999999999009,0.8349877814708929,3.0,0.8068489110097816
2930,0.6549999999999008,0.8328784629900788,3.0,0.8059498837914791
2931,0.6599999999999007,0.8307691445092645,3.0,0.8050526183489288
2932,0.6649999999999006,0.8286598260284505,3.0,0.8041571208669707
2933,0.6699999999999005,0.8265505075476364,3.0,0.8032633972860184
2934,0.6749999999999003,0.8244411890668221,3.0,0.8023714533051167
2935,0.6799999999999002,0.822331870586008,3.0,0.8014812943849896
2936,0.6849999999999001,0.8202225521051939,3.0,0.8005929257510664
2937,0.6899999999999,0.8181132336243796,3.0,0.7997063523964965
2938,0.6949999999998999,0.8160039151435655,3.0,0.7988215790851443
2939,0.6999999999998998,0.8138945966627514,3.0,0.7979386103545665
2940,0.7049999999998997,0.8117852781819374,3.0,0.7970574505189769
2941,0.7099999999998996,0.809675959701123,3.0,0.7961781036721856
2942,0.7149999999998995,0.807566641220309,3.0,0.7953005736905281
2943,0.7199999999998994,0.8054573227394947,3.0,0.7944248642357719
2944,0.7249999999998993,0.8033480042586804,3.0,0.793550978758006
2945,0.7299999999998992,0.8012386857778665,3.0,0.7926789204985116
2946,0.7349999999998991,0.7991293672970522,3.0,0.7918086924926147
2947,0.739999999999899,0.7970200488162381,3.0,0.7909402975725188
2948,0.7449999999998989,0.794910730335424,3.0,0.7900737383701188
2949,0.7499999999998987,0.79280141185461,3.0,0.7892090173197976
2950,0.7549999999998986,0.7906920933737958,3.0,0.7883461366611979
2951,0.7599999999998985,0.7885827748929817,3.0,0.7874850984419814
2952,0.7649999999998984,0.7864734564121673,3.0,0.7866259045205619
2953,0.7699999999998983,0.7843641379313532,3.0,0.7857685565688222
2954,0.7749999999998982,0.7822548194505391,3.0,0.7849130560748125
2955,0.7799999999998981,0.7801455009697249,3.0,0.7840594043454221
2956,0.784999999999898,0.7780361824889107,3.0,0.7832076025090366
2957,0.7899999999998979,0.7759268640080966,3.0,0.7823576515181736
2958,0.7949999999998978,0.7738175455272823,3.0,0.7815095521520967
2959,0.7999999999998977,0.7717082270464682,3.0,0.7806633050194103
2960,0.8049999999998976,0.7695989085656543,3.0,0.7798189105606306
2961,0.8099999999998975,0.76748959008484,3.0,0.7789763690507414
2962,0.8149999999998974,0.7653802716040258,3.0,0.7781356806017252
2963,0.8199999999998973,0.7632709531232116,3.0,0.7772968451650712
2964,0.8249999999998971,0.7611616346423974,3.0,0.7764598625342702
2965,0.829999999999897,0.7590523161615834,3.0,0.7756247323472809
2966,0.8349999999998969,0.7569429976807691,3.0,0.7747914540889773
2967,0.8399999999998968,0.754833679199955,3.0,0.7739600270935789
2968,0.8449999999998967,0.7527243607191412,3.0,0.7731304505470546
2969,0.8499999999998966,0.7506150422383266,3.0,0.7723027234895083
2970,0.8549999999998965,0.7483318388615326,3.0,0.7714768448175415
2971,0.8599999999998964,0.7459670883224687,3.0,0.7706528132866002
2972,0.8649999999998963,0.743602337783405,3.0,0.7698306275132911
2973,0.8699999999998962,0.7412375872443413,3.0,0.7690102859776871
2974,0.8749999999998961,0.7388728367052773,3.0,0.7681917870256043
2975,0.879999999999896,0.7365080861662138,3.0,0.7673751288708603
2976,0.8849999999998959,0.7341433356271498,3.0,0.7665603095975129
2977,0.8899999999998958,0.7317785850880861,3.0,0.7657473271620752
2978,0.8949999999998957,0.7294138345490224,3.0,0.7649361793957128
2979,0.8999999999998956,0.7273170626274847,3.0,0.7641268640064149
2980,0.9049999999998954,0.7259603177810289,3.0,0.763319378581151
2981,0.9099999999998952,0.7246035729345729,3.0,0.7625137205880006
2982,0.9149999999998952,0.7232161712663511,3.0,0.7617098873782662
2983,0.9199999999998952,0.7209806719392651,3.0,0.7609078761885628
2984,0.924999999999895,0.7187451726121791,3.0,0.7601076841428902
2985,0.9299999999998948,0.7165096732850932,3.0,0.7593093082546785
2986,0.9349999999998948,0.7142741739580072,3.0,0.7585127454288179
2987,0.9399999999998948,0.7120386746309214,3.0,0.7577179924636688
2988,0.9449999999998946,0.7098031753038355,3.0,0.756925046053045
2989,0.9499999999998944,0.7075676759767495,3.0,0.756133902788183
2990,0.9549999999998944,0.7053321766496636,3.0,0.7553445591596872
2991,0.9599999999998944,0.7030966773225777,3.0,0.7545570115594564
2992,0.9649999999998942,0.7008611779954919,3.0,0.7537712562825873
2993,0.969999999999894,0.698625678668406,3.0,0.7529872895292637
2994,0.974999999999894,0.6963267774308254,3.0,0.7522051074066178
2995,0.9799999999998938,0.6945418701538176,3.0,0.7514247059305772
2996,0.9849999999998936,0.69286724731251,3.0,0.75064608102769
2997,0.9899999999998936,0.6911926244712026,3.0,0.7498692285369293
2998,0.9949999999998936,0.689596900864749,3.0,0.7490941442114798
2999,0.9999999999998934,0.688020468916597,3.0,0.7483208237205019
3000,1.004999999999893,0.6864440369684448,3.0,0.74754926265088
3001,1.0099999999998932,0.6848676050202929,3.0,0.7467794565089476
3002,1.014999999999893,0.6832911730721405,3.0,0.7460114007221947
3003,1.019999999999893,0.6817147411239884,3.0,0.7452450906409558
3004,1.0249999999998929,0.6801383091758363,3.0,0.7444805215400805
3005,1.0299999999998928,0.678561877227684,3.0,0.7437176886205783
3006,1.034999999999893,0.676985445279532,3.0,0.7429565870112553
3007,1.0399999999998926,0.6754090133313798,3.0,0.7421972117703213
3008,1.0449999999998925,0.6738325813832277,3.0,0.7414395578869843
3009,1.0499999999998924,0.6722561494350755,3.0,0.7406836202830254
3010,1.0549999999998922,0.6706797174869235,3.0,0.7399293938143547
3011,1.059999999999892,0.6691032855387713,3.0,0.7391768732725457
3012,1.064999999999892,0.6675268535906193,3.0,0.738426053386358
3013,1.069999999999892,0.6659504216424671,3.0,0.7376769288232348
3014,1.0749999999998918,0.6643739896943148,3.0,0.7369294941907882
3015,1.0799999999998915,0.6627975577461627,3.0,0.7361837440382619
3016,1.0849999999998916,0.6612211257980107,3.0,0.7354396728579795
3017,1.0899999999998915,0.6596446938498586,3.0,0.7346972750867711
3018,1.0949999999998914,0.6580682619017063,3.0,0.7339565451073871
3019,1.0999999999998913,0.6564918299535542,3.0,0.7332174772498907
3020,1.1049999999998912,0.6549153980054021,3.0,0.7324800657930366
3021,1.109999999999891,0.6533389660572498,3.0,0.731744304965626
3022,1.114999999999891,0.6517625341090979,3.0,0.7310101889478526
3023,1.1199999999998909,0.6501861021609457,3.0,0.7302777118726262
3024,1.1249999999998908,0.6486096702127935,3.0,0.7295468678268817
3025,1.1299999999998906,0.6470332382646414,3.0,0.7288176508528692
3026,1.1349999999998903,0.645456806316489,3.0,0.72809005494943
3027,1.1399999999998904,0.643880374368337,3.0,0.727364074073255
3028,1.1449999999998903,0.6423039424201848,3.0,0.7266397021401254
3029,1.1499999999998902,0.6407275104720329,3.0,0.7259169330261412
3030,1.15499999999989,0.6391510785238806,3.0,0.7251957605689281
3031,1.15999999999989,0.6375746465757285,3.0,0.7244761785688314
3032,1.16499999999989,0.6359982146275764,3.0,0.7237581807900968
3033,1.1699999999998898,0.6344217826794244,3.0,0.7230417609620281
3034,1.1749999999998897,0.6328453507312721,3.0,0.7223269127801377
3035,1.1799999999998896,0.6312689187831201,3.0,0.7216136299072751
3036,1.1849999999998897,0.6296380865306086,3.0,0.7209019059747437
3037,1.1899999999998894,0.6279345070911181,3.0,0.7201917345834012
3038,1.1949999999998893,0.6262309276516276,3.0,0.7194831093047445
3039,1.1999999999998892,0.6245273482121368,3.0,0.7187760236819816
3040,1.204999999999889,0.6228237687726464,3.0,0.7180704712310857
3041,1.209999999999889,0.6211201893331558,3.0,0.7173664454418376
3042,1.2149999999998888,0.6194166098936652,3.0,0.7166639397788501
3043,1.2199999999998887,0.6177130304541748,3.0,0.715962947682584
3044,1.2249999999998886,0.616009451014684,3.0,0.7152634625703407
3045,1.2299999999998883,0.6143058715751936,3.0,0.714565477837251
3046,1.2349999999998884,0.6126022921357028,3.0,0.7138689868572399
3047,1.2399999999998883,0.6108987126962123,3.0,0.7131739829839869
3048,1.2449999999998882,0.6091951332567219,3.0,0.7124804595518646
3049,1.249999999999888,0.6074915538172311,3.0,0.7117884098768681
3050,1.254999999999888,0.6057879743777407,3.0,0.7110978272575303
3051,1.259999999999888,0.6040843949382502,3.0,0.7104087049758234
3052,1.2649999999998878,0.6023808154987595,3.0,0.7097210362980448
3053,1.2699999999998877,0.6006772360592688,3.0,0.7090348144756964
3054,1.2749999999998876,0.5989736566197784,3.0,0.7083500327463426
3055,1.2799999999998877,0.5972700771802878,3.0,0.7076666843344614
3056,1.2849999999998871,0.5955664977407972,3.0,0.7069847624522816
3057,1.2899999999998872,0.5938629183013067,3.0,0.7063042603006047
3058,1.2949999999998871,0.592159338861816,3.0,0.7056251710696175
3059,1.299999999999887,0.5904557594223254,3.0,0.7049474879396915
3060,1.304999999999887,0.5887521799828349,3.0,0.7042712040821686
3061,1.3099999999998868,0.5870486005433444,3.0,0.7035963126601374
3062,1.3149999999998867,0.5853450211038539,3.0,0.7029228068291933
3063,1.3199999999998866,0.5836414416643634,3.0,0.7022506797381922
3064,1.3249999999998865,0.5819378622248726,3.0,0.7015799245299879
3065,1.3299999999998864,0.5802342827853821,3.0,0.7009105343421593
3066,1.3349999999998865,0.5785307033458915,3.0,0.7002425023077286
3067,1.3399999999998862,0.5768271239064009,3.0,0.6995758215558643
3068,1.344999999999886,0.5751235444669103,3.0,0.6989104852125736
3069,1.349999999999886,0.5734199650274198,3.0,0.6982464864013862
3070,1.354999999999886,0.5717163855879294,3.0,0.6975838182440275
3071,1.3599999999998855,0.5700128061484387,3.0,0.6969224738610733
3072,1.3649999999998856,0.5683092267089481,3.0,0.6962624463726057
3073,1.3699999999998855,0.5666056472694577,3.0,0.6956037288988481
3074,1.3749999999998854,0.5649020678299668,3.0,0.6949463145607944
3075,1.379999999999885,0.5631984883904763,3.0,0.6942901964808286
3076,1.3849999999998852,0.5614949089509859,3.0,0.6936353677833302
3077,1.389999999999885,0.5597913295114951,3.0,0.6929818215952739
3078,1.394999999999885,0.5580877500720047,3.0,0.6923295510468148
3079,1.399999999999885,0.5563841706325141,3.0,0.6916785492718687
3080,1.4049999999998848,0.5547579044489579,3.0,0.6910288094086763
3081,1.409999999999885,0.5531491498691566,3.0,0.6903803246003646
3082,1.4149999999998846,0.5515403952893553,3.0,0.6897330879954939
3083,1.4199999999998845,0.5499316407095541,3.0,0.6890870927485946
3084,1.4249999999998844,0.5483228861297527,3.0,0.6884423320207
3085,1.4299999999998845,0.5467141315499514,3.0,0.6877987989798637
3086,1.434999999999884,0.5451053769701503,3.0,0.6871564868016724
3087,1.439999999999884,0.5434966223903489,3.0,0.686515388669747
3088,1.444999999999884,0.5419670373825564,3.0,0.6858754977762342
3089,1.4499999999998838,0.5405282489065334,3.0,0.6852368073222941
3090,1.4549999999998835,0.5390894604305105,3.0,0.6845993105185697
3091,1.4599999999998836,0.5376506719544875,3.0,0.6839630005856607
3092,1.4649999999998835,0.5362118834784648,3.0,0.6833278707545762
3093,1.4699999999998834,0.5347730950024417,3.0,0.6826939142671855
3094,1.4749999999998833,0.5333343065264189,3.0,0.6820611243766606
3095,1.4799999999998832,0.5318955180503958,3.0,0.6814294943479089
3096,1.484999999999883,0.5304567295743732,3.0,0.6807990174579965
3097,1.489999999999883,0.52901794109835,3.0,0.6801696869965681
3098,1.4949999999998829,0.5275829578397294,3.0,0.679541496266252
3099,1.4999999999998828,0.5262418130690412,3.0,0.6789144385830659
3100,1.5049999999998829,0.524900668298353,3.0,0.6782885072768057
3101,1.5099999999998823,0.5235595235276648,3.0,0.6776636956914337
3102,1.5149999999998824,0.5222183787569766,3.0,0.6770399971854573
3103,1.5199999999998823,0.5208772339862884,3.0,0.6764174051322971
3104,1.5249999999998822,0.5195360892156002,3.0,0.675795912920653
3105,1.529999999999882,0.518194944444912,3.0,0.6751755139548581
3106,1.534999999999882,0.5168537996742238,3.0,0.6745562016552284
3107,1.539999999999882,0.5155126549035357,3.0,0.6739379694584056
3108,1.5449999999998818,0.5141715101328475,3.0,0.67332081081769
3109,1.5499999999998817,0.5128303653621593,3.0,0.6727047192033697
3110,1.5549999999998816,0.5114892205914712,3.0,0.6720896881030409
3111,1.5599999999998817,0.5101480758207829,3.0,0.6714757110219232
3112,1.5649999999998814,0.5088069310500947,3.0,0.6708627814831658
3113,1.5699999999998813,0.5074657862794065,3.0,0.6702508930281501
3114,1.5749999999998812,0.5061246415087184,3.0,0.6696400392167832
3115,1.579999999999881,0.50478349673803,3.0,0.6690302136277868
3116,1.584999999999881,0.5034423519673421,3.0,0.6684214098589789
3117,1.5899999999998808,0.5021012071966537,3.0,0.6678136215275507
3118,1.5949999999998807,0.5007600624259656,3.0,0.6672068422703334
3119,1.5999999999998806,0.4994189176552774,3.0,0.6666010657440651
3120,1.6049999999998803,0.4980777728845893,3.0,0.6659962856256454
3121,1.6099999999998804,0.4967366281139012,3.0,0.6653924956123896
3122,1.6149999999998803,0.4953954833432127,3.0,0.6647896894222738
3123,1.6199999999998802,0.4940543385725246,3.0,0.664187860794172
3124,1.62499999999988,0.4927131938018365,3.0,0.6635870034880966
3125,1.62999999999988,0.4913720490311482,3.0,0.6629871112854229
3126,1.63499999999988,0.4900309042604601,3.0,0.6623881779891119
3127,1.6399999999998798,0.488689759489772,3.0,0.6617901974239322
3128,1.6449999999998797,0.4873486147190838,3.0,0.6611931634366679
3129,1.6499999999998796,0.4860074699483955,3.0,0.6605970698963313
3130,1.6549999999998797,0.4846663251777073,3.0,0.6600019106943587
3131,1.6599999999998791,0.4833251804070191,3.0,0.6594076797448121
3132,1.6649999999998792,0.481984035636331,3.0,0.6588143709845715
3133,1.6699999999998791,0.4806428908656429,3.0,0.6582219783735168
3134,1.674999999999879,0.4793017460949546,3.0,0.6576304958947148
3135,1.679999999999879,0.4779606013242663,3.0,0.6570399175545942
3136,1.6849999999998788,0.4766194565535782,3.0,0.6564502373831174
3137,1.6899999999998787,0.4752783117828898,3.0,0.6558614494339501
3138,1.6949999999998786,0.4739371670122022,3.0,0.6552735477846217
3139,1.6999999999998785,0.4725960222415137,3.0,0.6546865265366872
3140,1.7049999999998784,0.4712548774708255,3.0,0.6541003798158762
3141,1.7099999999998785,0.4699137327001373,3.0,0.6535151017722474
3142,1.7149999999998782,0.4685725879294491,3.0,0.6529306865803288
3143,1.719999999999878,0.4672314431587609,3.0,0.6523471284392621
3144,1.724999999999878,0.4658902983880728,3.0,0.6517644215729392
3145,1.729999999999878,0.4645491536173845,3.0,0.6511825602301291
3146,1.7349999999998778,0.4632080088466963,3.0,0.6506015386846129
3147,1.7399999999998776,0.4618668640760082,3.0,0.6500213512353028
3148,1.7449999999998775,0.46052571930532,3.0,0.6494419922063657
3149,1.7499999999998774,0.459184574534632,3.0,0.6488634559473354
3150,1.754999999999877,0.4578434297639437,3.0,0.6482857368332273
3151,1.7599999999998772,0.4565022849932554,3.0,0.6477088292646458
3152,1.7649999999998771,0.4551611402225673,3.0,0.6471327276678887
3153,1.769999999999877,0.453819995451879,3.0,0.6465574264950475
3154,1.774999999999877,0.4524788506811908,3.0,0.6459829202241059
3155,1.7799999999998768,0.4511377059105026,3.0,0.6454092033590313
3156,1.784999999999877,0.4497965611398145,3.0,0.644836270429864
3157,1.7899999999998766,0.4484554163691264,3.0,0.6442641159928075
3158,1.7949999999998765,0.4471142715984381,3.0,0.6436927346303065
3159,1.7999999999998764,0.4457731268277501,3.0,0.6431221209511291
3160,1.8049999999998765,0.4444319820570618,3.0,0.642552269590442
3161,1.809999999999876,0.4430908372863735,3.0,0.6419831752098832
3162,1.814999999999876,0.4417496925156852,3.0,0.6414148324976312
3163,1.819999999999876,0.4404085477449974,3.0,0.6408472361684716
3164,1.824999999999876,0.4390674029743089,3.0,0.6402803809638615
3165,1.829999999999876,0.437726258203621,3.0,0.639714261651986
3166,1.834999999999876,0.4363851134329324,3.0,0.6391488730278181
3167,1.8399999999998755,0.4350439686622445,3.0,0.638584209913172
3168,1.8449999999998756,0.4337028238915563,3.0,0.6380202671567528
3169,1.8499999999998755,0.4323616791208683,3.0,0.6374570396342059
3170,1.8549999999998752,0.4310205343501799,3.0,0.6368945222481612
3171,1.859999999999875,0.4296793895794917,3.0,0.6363327099282758
3172,1.864999999999875,0.4283382448088034,3.0,0.6357715976312734
3173,1.8699999999998749,0.4269971000381154,3.0,0.6352111803409806
3174,1.8749999999998748,0.4256559552674273,3.0,0.6346514530683607
3175,1.8799999999998749,0.4243148104967389,3.0,0.6340924108515475
3176,1.8849999999998743,0.4229736657260506,3.0,0.63353404875587
3177,1.8899999999998744,0.4216325209553626,3.0,0.6329763618738815
3178,1.8949999999998743,0.4202913761846743,3.0,0.632419345325383
3179,1.8999999999998745,0.4189502314139863,3.0,0.6318629942574434
3180,1.904999999999874,0.4176090866432981,3.0,0.631307303844419
3181,1.909999999999874,0.4162679418726098,3.0,0.630752269287967
3182,1.914999999999874,0.4149267971019215,3.0,0.6301978858170652
3183,1.9199999999998736,0.4135843967721401,3.0,0.6296441486880182
3184,1.9249999999998737,0.4122413662347753,3.0,0.6290910531844676
3185,1.9299999999998736,0.4108983356974111,3.0,0.6285385946174014
3186,1.9349999999998733,0.4095553051600465,3.0,0.6279867683251581
3187,1.9399999999998732,0.4082122746226821,3.0,0.6274355696734257
3188,1.9449999999998733,0.4068692440853178,3.0,0.6268849940552472
3189,1.9499999999998727,0.4055262135479532,3.0,0.6263350368910163
3190,1.954999999999873,0.4041831830105887,3.0,0.6257856936284731
3191,1.959999999999873,0.4028401524732244,3.0,0.6252369597426994
3192,1.9649999999998728,0.4014971219358598,3.0,0.624688830736112
3193,1.9699999999998727,0.4001540913984955,3.0,0.6241413021384496
3194,1.9749999999998729,0.3988110608611311,3.0,0.6235943695067645
3195,1.9799999999998723,0.3974680303237666,3.0,0.6230480284254072
3196,1.9849999999998724,0.396124999786402,3.0,0.6225022745060103
3197,1.9899999999998723,0.3947819692490378,3.0,0.6219571033874731
3198,1.994999999999872,0.3934389387116733,3.0,0.6214125107359412
3199,1.999999999999872,0.3920959081743089,3.0,0.6208684922447851
3200,-1.9950000000000427,0.9219572687918196,4.0,0.9331799346196765
3201,-1.9900000000000428,0.9211186510180112,4.0,0.9323124241894098
3202,-1.985000000000043,0.9202800332442032,4.0,0.9314454928720288
3203,-1.980000000000043,0.919441415470395,4.0,0.9305791486691815
3204,-1.9750000000000432,0.9186027976965868,4.0,0.9297133995600448
3205,-1.9700000000000435,0.9177641799227793,4.0,0.9288482535010065
3206,-1.9650000000000436,0.9169255621489708,4.0,0.9279837184253414
3207,-1.9600000000000437,0.9160869443751624,4.0,0.9271198022428915
3208,-1.955000000000044,0.9152483266013542,4.0,0.9262565128397531
3209,-1.950000000000044,0.914409708827546,4.0,0.925393858077959
3210,-1.945000000000044,0.913571091053738,4.0,0.9245318457951688
3211,-1.940000000000044,0.91273247327993,4.0,0.9236704838043557
3212,-1.935000000000044,0.9118938555061216,4.0,0.9228097798935027
3213,-1.930000000000044,0.9110552377323134,4.0,0.921949741825292
3214,-1.925000000000044,0.9102166199585056,4.0,0.9210903773368062
3215,-1.9200000000000443,0.9093780021846972,4.0,0.9202316941392235
3216,-1.9150000000000444,0.9085393844108888,4.0,0.9193736999175202
3217,-1.9100000000000448,0.9077007666370808,4.0,0.9185164023301755
3218,-1.9050000000000449,0.9068621488632728,4.0,0.9176598090088743
3219,-1.9000000000000448,0.9060235310894644,4.0,0.9168039275582183
3220,-1.8950000000000449,0.9051849133156566,4.0,0.9159487655554357
3221,-1.890000000000045,0.9043462955418482,4.0,0.9150943305500914
3222,-1.885000000000045,0.9035076777680402,4.0,0.914240630063808
3223,-1.8800000000000447,0.902669059994232,4.0,0.9133876715899778
3224,-1.8750000000000453,0.9018304422204236,4.0,0.9125354625934878
3225,-1.8700000000000452,0.9009918244466156,4.0,0.91168401051044
3226,-1.8650000000000453,0.9001532066728073,4.0,0.9108333227478775
3227,-1.8600000000000456,0.8993145888989993,4.0,0.909983406683514
3228,-1.8550000000000455,0.8984759711251912,4.0,0.9091342696654612
3229,-1.8500000000000456,0.8976373533513828,4.0,0.9082859190119652
3230,-1.845000000000046,0.8967987355775748,4.0,0.9074383620111404
3231,-1.840000000000046,0.8959601178037668,4.0,0.9065916059207086
3232,-1.835000000000046,0.8951215000299585,4.0,0.905745657967741
3233,-1.8300000000000465,0.8942828822561503,4.0,0.9049005253483993
3234,-1.8250000000000464,0.8934442644823423,4.0,0.9040562152276852
3235,-1.8200000000000465,0.8933100211015564,4.0,0.9032127347391881
3236,-1.8150000000000464,0.8932118202869419,4.0,0.9023700909848376
3237,-1.810000000000047,0.8931136194723275,4.0,0.9015282910346571
3238,-1.8050000000000468,0.8930154186577132,4.0,0.9006873419265233
3239,-1.800000000000047,0.8929172178430989,4.0,0.8998472506659236
3240,-1.795000000000047,0.8928190170284844,4.0,0.8990080242257212
3241,-1.790000000000047,0.89272081621387,4.0,0.898169669545922
3242,-1.7850000000000472,0.8926226153992555,4.0,0.8973321935334395
3243,-1.780000000000047,0.8925244145846412,4.0,0.8964956030618694
3244,-1.7750000000000474,0.8924262137700267,4.0,0.8956599049712635
3245,-1.7700000000000475,0.8923280129554123,4.0,0.8948251060679058
3246,-1.7650000000000476,0.8922298121407979,4.0,0.8939912131240944
3247,-1.7600000000000475,0.8921316113261833,4.0,0.893158232877922
3248,-1.755000000000048,0.892033410511569,4.0,0.8923261720330651
3249,-1.750000000000048,0.8919352096969547,4.0,0.8914950372585686
3250,-1.745000000000048,0.8918370088823402,4.0,0.890664835188643
3251,-1.7400000000000482,0.8917388080677259,4.0,0.8898355724224538
3252,-1.7350000000000485,0.8916406072531115,4.0,0.8890072555239228
3253,-1.7300000000000484,0.8915424064384971,4.0,0.8881798910215275
3254,-1.7250000000000485,0.8914442056238826,4.0,0.8873534854081038
3255,-1.7200000000000486,0.8913460048092683,4.0,0.8865280451406543
3256,-1.7150000000000487,0.8912478039946539,4.0,0.8857035766401573
3257,-1.7100000000000488,0.8911496031800394,4.0,0.8848800862913784
3258,-1.705000000000049,0.8910523382769914,4.0,0.8840575804426885
3259,-1.700000000000049,0.8909590481983827,4.0,0.8832360654058786
3260,-1.6950000000000491,0.8908657581197741,4.0,0.882415547455986
3261,-1.6900000000000492,0.890772468041165,4.0,0.881596032831115
3262,-1.6850000000000491,0.8906791779625565,4.0,0.880777527732268
3263,-1.6800000000000497,0.8905858878839478,4.0,0.8799600383231734
3264,-1.6750000000000496,0.8904925978053391,4.0,0.8791435707301201
3265,-1.6700000000000497,0.8903993077267303,4.0,0.8783281310417972
3266,-1.6650000000000498,0.8903060176481216,4.0,0.8775137253091296
3267,-1.66000000000005,0.8902127275695126,4.0,0.8767003595451237
3268,-1.65500000000005,0.890119437490904,4.0,0.8758880397247129
3269,-1.65000000000005,0.8900261474122952,4.0,0.8750767717846071
3270,-1.6450000000000502,0.8899328573336864,4.0,0.8742665616231433
3271,-1.6400000000000503,0.8898395672550776,4.0,0.8734574151001426
3272,-1.6350000000000504,0.8897462771764688,4.0,0.8726493380367693
3273,-1.6300000000000503,0.8893215931425638,4.0,0.8718423362153889
3274,-1.6250000000000506,0.8887843466526889,4.0,0.8710364153794365
3275,-1.6200000000000507,0.888247100162814,4.0,0.8702315812332815
3276,-1.6150000000000508,0.8877098536729393,4.0,0.8694278394421004
3277,-1.610000000000051,0.8871726071830645,4.0,0.8686251956317492
3278,-1.605000000000051,0.8866353606931896,4.0,0.8678236553886414
3279,-1.6000000000000512,0.8860981142033149,4.0,0.8670232242596261
3280,-1.5950000000000513,0.88556086771344,4.0,0.8662239077518734
3281,-1.5900000000000514,0.885023621223565,4.0,0.8654257113327581
3282,-1.5850000000000517,0.8844863747336903,4.0,0.8646286404297518
3283,-1.5800000000000516,0.8839491282438156,4.0,0.8638327004303117
3284,-1.5750000000000517,0.8834118817539407,4.0,0.8630378966817784
3285,-1.5700000000000518,0.8828746352640657,4.0,0.8622442344912742
3286,-1.565000000000052,0.882337388774191,4.0,0.8614517191256035
3287,-1.560000000000052,0.8818001422843161,4.0,0.8606603558111567
3288,-1.555000000000052,0.8812628957944414,4.0,0.8598701497338206
3289,-1.5500000000000522,0.8807256493045666,4.0,0.8590811060388865
3290,-1.5450000000000523,0.8801884028146917,4.0,0.8582932298309647
3291,-1.5400000000000524,0.8796511563248168,4.0,0.8575065261739008
3292,-1.5350000000000523,0.8791139098349421,4.0,0.8567210000906968
3293,-1.5300000000000529,0.8785766633450671,4.0,0.8559366565634319
3294,-1.5250000000000528,0.8780394168551924,4.0,0.8551535005331912
3295,-1.5200000000000529,0.8775021703653175,4.0,0.85437153689999
3296,-1.515000000000053,0.8769649238754428,4.0,0.8535907705227108
3297,-1.510000000000053,0.876427677385568,4.0,0.852811206219035
3298,-1.5050000000000532,0.875890430895693,4.0,0.8520328487653808
3299,-1.5000000000000533,0.8753531844058183,4.0,0.8512557028968453
3300,-1.4950000000000534,0.8748159379159434,4.0,0.8504797733071481
3301,-1.4900000000000535,0.8742786914260684,4.0,0.8497050646485769
3302,-1.4850000000000536,0.8737414449361939,4.0,0.8489315815319389
3303,-1.4800000000000535,0.8732041984463191,4.0,0.8481593285265123
3304,-1.4750000000000538,0.8726669519564442,4.0,0.8473883101600013
3305,-1.470000000000054,0.8721297054665694,4.0,0.8466185309184975
3306,-1.465000000000054,0.8715924589766946,4.0,0.8458499952464376
3307,-1.460000000000054,0.8710552124868196,4.0,0.8450827075465712
3308,-1.4550000000000542,0.8705179659969448,4.0,0.8443166721799258
3309,-1.4500000000000544,0.86998071950707,4.0,0.8435518934657773
3310,-1.4450000000000545,0.8694434730171953,4.0,0.8427883756816246
3311,-1.4400000000000546,0.8689062265273203,4.0,0.842026123063164
3312,-1.435000000000055,0.8683689800374454,4.0,0.8412651398042676
3313,-1.4300000000000548,0.8678317335475707,4.0,0.8405054300569668
3314,-1.425000000000055,0.8672944870576956,4.0,0.839746997931434
3315,-1.420000000000055,0.8667572405678209,4.0,0.8389898474959727
3316,-1.415000000000055,0.8662199940779461,4.0,0.8382339827770056
3317,-1.4100000000000552,0.8656827475880714,4.0,0.8374794077590686
3318,-1.405000000000055,0.8651455010981967,4.0,0.836726126384804
3319,-1.4000000000000554,0.8646082546083218,4.0,0.8359741425549623
3320,-1.3950000000000555,0.8640710081184468,4.0,0.8352234601284005
3321,-1.3900000000000556,0.8635337616285722,4.0,0.8344740829220874
3322,-1.3850000000000555,0.8629965151386974,4.0,0.8337260147111092
3323,-1.3800000000000558,0.8624592686488223,4.0,0.8329792592286789
3324,-1.375000000000056,0.8619220221589478,4.0,0.832233820166149
3325,-1.370000000000056,0.8613847756690728,4.0,0.8314897011730238
3326,-1.3650000000000562,0.8608475291791979,4.0,0.8307469058569799
3327,-1.3600000000000565,0.8603102826893232,4.0,0.8300054377838828
3328,-1.3550000000000564,0.8597730361994482,4.0,0.829265300477811
3329,-1.3500000000000565,0.8592357897095735,4.0,0.8285264974210809
3330,-1.3450000000000566,0.8586985432196984,4.0,0.8277890320542738
3331,-1.3400000000000567,0.8581612967298239,4.0,0.827052907776266
3332,-1.3350000000000568,0.8576240502399489,4.0,0.8263181279442633
3333,-1.330000000000057,0.8570868037500744,4.0,0.8255846958738322
3334,-1.325000000000057,0.8565495572601993,4.0,0.8248526148389421
3335,-1.3200000000000571,0.8560123107703244,4.0,0.8241218880720027
3336,-1.3150000000000572,0.8554750642804496,4.0,0.8233925187639084
3337,-1.3100000000000571,0.8549378177905749,4.0,0.8226645100640806
3338,-1.3050000000000574,0.8544005713007,4.0,0.8219378650805185
3339,-1.3000000000000576,0.8538633248108249,4.0,0.8212125868798472
3340,-1.2950000000000577,0.8533260783209504,4.0,0.8204886784873717
3341,-1.2900000000000578,0.8527888318310755,4.0,0.8197661428871279
3342,-1.285000000000058,0.8522515853412007,4.0,0.8190449830219442
3343,-1.280000000000058,0.851714338851326,4.0,0.818325201793499
3344,-1.275000000000058,0.8511770923614512,4.0,0.8176068020623812
3345,-1.2700000000000582,0.8506398458715762,4.0,0.8168897866481564
3346,-1.2650000000000583,0.8501025993817014,4.0,0.8161741583294315
3347,-1.2600000000000584,0.8495653528918266,4.0,0.815459919843925
3348,-1.2550000000000583,0.8490281064019518,4.0,0.814747073888535
3349,-1.2500000000000586,0.8484908599120771,4.0,0.8140356231194157
3350,-1.2450000000000587,0.8479536134222021,4.0,0.8133255701520505
3351,-1.2400000000000588,0.8474163669323274,4.0,0.8126169175613287
3352,-1.235000000000059,0.8468791204424525,4.0,0.8119096678816273
3353,-1.230000000000059,0.8463418739525778,4.0,0.8112038236068913
3354,-1.2250000000000592,0.8458046274627028,4.0,0.8104993871907165
3355,-1.2200000000000593,0.8452673809728279,4.0,0.809796361046438
3356,-1.2150000000000594,0.8447301344829531,4.0,0.8090947475472152
3357,-1.2100000000000597,0.8441928879930782,4.0,0.8083945490261246
3358,-1.2050000000000596,0.8436556415032035,4.0,0.8076957677762491
3359,-1.2000000000000597,0.8431183950133286,4.0,0.806998406050774
3360,-1.1950000000000598,0.8425811485234538,4.0,0.806302466063082
3361,-1.19000000000006,0.842043902033579,4.0,0.8056079499868509
3362,-1.18500000000006,0.8415066555437042,4.0,0.8049148599561549
3363,-1.18000000000006,0.8409694090538293,4.0,0.804223198065565
3364,-1.1750000000000602,0.8404321625639546,4.0,0.8035329663702522
3365,-1.1700000000000603,0.8398949160740797,4.0,0.8028441668860957
3366,-1.1650000000000604,0.8393576695842048,4.0,0.8021568015897873
3367,-1.1600000000000603,0.8388204230943299,4.0,0.8014708724189423
3368,-1.1550000000000606,0.8382831766044552,4.0,0.8007863812722098
3369,-1.1500000000000608,0.8377459301145804,4.0,0.8001033300093863
3370,-1.1450000000000609,0.8372086836247055,4.0,0.7994217204515288
3371,-1.140000000000061,0.8366714371348309,4.0,0.7987415543810739
3372,-1.135000000000061,0.8361341906449559,4.0,0.7980628335419524
3373,-1.1300000000000612,0.8355969441550811,4.0,0.7973855596397106
3374,-1.1250000000000613,0.8350596976652062,4.0,0.7967097343416325
3375,-1.1200000000000614,0.8345224511753313,4.0,0.7960353592768621
3376,-1.1150000000000615,0.8339852046854567,4.0,0.7953624360365272
3377,-1.1100000000000616,0.8334479581955818,4.0,0.7946909661738664
3378,-1.1050000000000617,0.8329107117057069,4.0,0.7940209512043568
3379,-1.1000000000000618,0.8323734652158323,4.0,0.7933523926058454
3380,-1.095000000000062,0.8318362187259574,4.0,0.7926852918186753
3381,-1.090000000000062,0.8312989722360825,4.0,0.7920196502458228
3382,-1.085000000000062,0.8307617257462078,4.0,0.7913554692530287
3383,-1.0800000000000622,0.8302244792563329,4.0,0.7906927501689336
3384,-1.0750000000000624,0.8296872327664581,4.0,0.790031494285218
3385,-1.0700000000000625,0.8291499862765832,4.0,0.7893717028567353
3386,-1.0650000000000626,0.8286127397867084,4.0,0.7887133771016557
3387,-1.060000000000063,0.8280754932968334,4.0,0.788056518201605
3388,-1.0550000000000628,0.8275382468069585,4.0,0.787401127301808
3389,-1.0500000000000629,0.8270010003170839,4.0,0.7867472055112315
3390,-1.045000000000063,0.826463753827209,4.0,0.7860947539027294
3391,-1.040000000000063,0.8259265073373341,4.0,0.7854437735131903
3392,-1.0350000000000632,0.8253892608474593,4.0,0.7847942653436819
3393,-1.0300000000000633,0.8248520143575846,4.0,0.7841462303596034
3394,-1.0250000000000634,0.8243147678677097,4.0,0.7834996694908327
3395,-1.0200000000000635,0.823777521377835,4.0,0.7828545836318799
3396,-1.0150000000000636,0.82324027488796,4.0,0.7822109736420366
3397,-1.0100000000000635,0.8227030283980853,4.0,0.7815688403455325
3398,-1.0050000000000638,0.8221657819082104,4.0,0.7809281845316889
3399,-1.000000000000064,0.8216285354183357,4.0,0.780289006955073
3400,-0.995000000000064,0.8210912889284607,4.0,0.7796513083356571
3401,-0.9900000000000642,0.8205540424385859,4.0,0.7790150893589747
3402,-0.9850000000000644,0.8200167959487111,4.0,0.7783803506762799
3403,-0.9800000000000644,0.8194795494588363,4.0,0.7777470929047077
3404,-0.9750000000000644,0.8189423029689615,4.0,0.7771153166274345
3405,-0.9700000000000646,0.8184050564790866,4.0,0.7764850223938404
3406,-0.9650000000000648,0.8178678099892118,4.0,0.7758562107196705
3407,-0.9600000000000648,0.817330563499337,4.0,0.7752288820872006
3408,-0.9550000000000648,0.816793317009462,4.0,0.7746030369454024
3409,-0.950000000000065,0.8162560705195872,4.0,0.7739786757101048
3410,-0.9450000000000652,0.8157841503629557,4.0,0.7733557987641662
3411,-0.9400000000000652,0.8154525256609019,4.0,0.7727344064576367
3412,-0.9350000000000652,0.815120900958848,4.0,0.7721144991079298
3413,-0.9300000000000654,0.8147892762567941,4.0,0.7714960769999881
3414,-0.9250000000000655,0.8144576515547406,4.0,0.7708791403864559
3415,-0.9200000000000657,0.8141260268526865,4.0,0.7702636894878483
3416,-0.9150000000000658,0.8137944021506328,4.0,0.7696497244927214
3417,-0.910000000000066,0.813462777448579,4.0,0.7690372455578449
3418,-0.905000000000066,0.8131311527465251,4.0,0.7684262528083765
3419,-0.9000000000000661,0.8127995280444712,4.0,0.7678167463380317
3420,-0.8950000000000662,0.8124679033424177,4.0,0.7672087262092606
3421,-0.8900000000000663,0.8119266634221343,4.0,0.7666021924534197
3422,-0.8850000000000664,0.8113289038594989,4.0,0.7659971450709511
3423,-0.8800000000000665,0.8107311442968635,4.0,0.7653935840315524
3424,-0.8750000000000666,0.8101333847342281,4.0,0.7647915092743598
3425,-0.8700000000000667,0.8095356251715927,4.0,0.7641909207081183
3426,-0.8650000000000668,0.8089378656089574,4.0,0.7635918182113643
3427,-0.8600000000000669,0.8083401060463219,4.0,0.7629942016326003
3428,-0.855000000000067,0.8077423464836866,4.0,0.7623980707904745
3429,-0.8500000000000671,0.8071445869210513,4.0,0.7618034254739592
3430,-0.8450000000000673,0.8065468273584159,4.0,0.7612102654425315
3431,-0.8400000000000674,0.8059490677957802,4.0,0.7606185904263516
3432,-0.8350000000000675,0.8053513082331452,4.0,0.7600284001264421
3433,-0.8300000000000676,0.8047535486705097,4.0,0.7594396942148718
3434,-0.8250000000000677,0.8041557891078741,4.0,0.7588524723349326
3435,-0.8200000000000678,0.8035580295452389,4.0,0.7582667341013247
3436,-0.8150000000000679,0.8029602699826034,4.0,0.7576824791003356
3437,-0.810000000000068,0.802362510419968,4.0,0.7570997068900218
3438,-0.8050000000000681,0.8018052154513962,4.0,0.7565184170003942
3439,-0.8000000000000682,0.8012482447185842,4.0,0.7559386089335971
3440,-0.7950000000000683,0.8006912739857722,4.0,0.7553602821640937
3441,-0.7900000000000684,0.8001343032529603,4.0,0.7547834361388461
3442,-0.7850000000000685,0.7995773325201483,4.0,0.7542080702775029
3443,-0.7800000000000686,0.7990203617873359,4.0,0.7536341839725786
3444,-0.7750000000000687,0.7984633910545242,4.0,0.7530617765896404
3445,-0.7700000000000689,0.7979064203217122,4.0,0.7524908474674898
3446,-0.765000000000069,0.7973494495889001,4.0,0.751921395918348
3447,-0.7600000000000691,0.7967924788560881,4.0,0.7513534212280393
3448,-0.7550000000000692,0.796235508123276,4.0,0.7507869226561779
3449,-0.7500000000000693,0.7956785373904642,4.0,0.7502218994363481
3450,-0.7450000000000694,0.7951215666576521,4.0,0.7496583507762933
3451,-0.7400000000000695,0.7945645959248402,4.0,0.7490962758580961
3452,-0.7350000000000696,0.7940076251920282,4.0,0.7485356738383679
3453,-0.7300000000000697,0.793450654459216,4.0,0.7479765438484298
3454,-0.7250000000000698,0.792893683726404,4.0,0.7474188849944996
3455,-0.7200000000000699,0.7923367129935922,4.0,0.7468626963578753
3456,-0.71500000000007,0.7917797422607801,4.0,0.7463079769951206
3457,-0.7100000000000701,0.7912227715279682,4.0,0.7457547259382504
3458,-0.7050000000000702,0.7906658007951561,4.0,0.7452029421949127
3459,-0.7000000000000703,0.790108830062344,4.0,0.7446526247485774
3460,-0.6950000000000705,0.789551859329532,4.0,0.744103772558719
3461,-0.6900000000000706,0.7889948885967201,4.0,0.7435563845609994
3462,-0.6850000000000707,0.788437917863908,4.0,0.7430104596674552
3463,-0.6800000000000708,0.7878809471310961,4.0,0.7424659967666809
3464,-0.6750000000000709,0.787323976398284,4.0,0.741922994724014
3465,-0.670000000000071,0.7867670056654719,4.0,0.7413814523817173
3466,-0.6650000000000711,0.78621003493266,4.0,0.7408413685591639
3467,-0.6600000000000712,0.7856530641998479,4.0,0.7403027420530235
3468,-0.6550000000000713,0.785096093467036,4.0,0.7397655716374409
3469,-0.6500000000000714,0.7845391227342238,4.0,0.7392298560642248
3470,-0.6450000000000715,0.7839821520014119,4.0,0.7386955940630269
3471,-0.6400000000000716,0.7834251812686,4.0,0.7381627843415275
3472,-0.6350000000000717,0.7828682105357879,4.0,0.7376314255856178
3473,-0.6300000000000718,0.7823112398029759,4.0,0.7371015164595818
3474,-0.6250000000000719,0.7817542690701638,4.0,0.7365730556062797
3475,-0.620000000000072,0.781197298337352,4.0,0.7360460416473285
3476,-0.6150000000000722,0.7806403276045399,4.0,0.7355204731832861
3477,-0.6100000000000723,0.7800833568717278,4.0,0.7349963487938302
3478,-0.6050000000000724,0.7795263861389161,4.0,0.7344736670379417
3479,-0.6000000000000725,0.7789694154061038,4.0,0.733952426454084
3480,-0.5950000000000726,0.778412444673292,4.0,0.7334326255603845
3481,-0.5900000000000727,0.77785547394048,4.0,0.7329142628548151
3482,-0.5850000000000728,0.7772985032076679,4.0,0.7323973368153707
3483,-0.5800000000000729,0.7767415324748559,4.0,0.7318818459002503
3484,-0.575000000000073,0.7761845617420439,4.0,0.7313677885480345
3485,-0.5700000000000731,0.7756275910092317,4.0,0.730855163177867
3486,-0.5650000000000732,0.7750706202764199,4.0,0.7303439681896302
3487,-0.5600000000000733,0.7745136495436077,4.0,0.7298342019641235
3488,-0.5550000000000734,0.7739566788107959,4.0,0.7293258628632433
3489,-0.5500000000000735,0.7733997080779837,4.0,0.7288189492301564
3490,-0.5450000000000736,0.7728427373451718,4.0,0.7283134593894804
3491,-0.5400000000000738,0.7722857666123597,4.0,0.727809391647458
3492,-0.5350000000000739,0.7717287958795477,4.0,0.7273067442921317
3493,-0.530000000000074,0.7711718251467357,4.0,0.7268055155935225
3494,-0.5250000000000741,0.7706148544139237,4.0,0.7263057038038017
3495,-0.5200000000000742,0.7700578836811115,4.0,0.725807307157466
3496,-0.5150000000000743,0.7695009129482995,4.0,0.7253103238715126
3497,-0.5100000000000744,0.7689439422154878,4.0,0.7248147521456114
3498,-0.5050000000000745,0.7683869714826757,4.0,0.7243205901622785
3499,-0.5000000000000746,0.7678300007498636,4.0,0.7238278360870471
3500,-0.4950000000000747,0.7672730300170516,4.0,0.7233364880686415
3501,-0.4900000000000748,0.7667160592842398,4.0,0.722846544239147
3502,-0.4850000000000749,0.7661590885514277,4.0,0.7223580027141814
3503,-0.480000000000075,0.7656021178186156,4.0,0.7218708615930645
3504,-0.4750000000000751,0.7650451470858036,4.0,0.7213851189589868
3505,-0.4700000000000752,0.7644881763529916,4.0,0.7209007728791819
3506,-0.4650000000000753,0.7639312056201795,4.0,0.7204178214050909
3507,-0.4600000000000754,0.7633742348873677,4.0,0.7199362625725334
3508,-0.4550000000000755,0.7628172641545556,4.0,0.7194560944018729
3509,-0.4500000000000757,0.7622602934217435,4.0,0.7189773148981835
3510,-0.4450000000000758,0.7616117803683449,4.0,0.7184999220514181
3511,-0.4400000000000759,0.7606180913557125,4.0,0.7180239138365712
3512,-0.435000000000076,0.7596244023430807,4.0,0.7175492882138454
3513,-0.4300000000000761,0.7586307133304484,4.0,0.7170760431288148
3514,-0.4250000000000762,0.7576370243178161,4.0,0.7166041765125888
3515,-0.4200000000000763,0.756643335305184,4.0,0.7161336862819758
3516,-0.4150000000000764,0.7556496462925522,4.0,0.7156645703396438
3517,-0.4100000000000765,0.7546559572799199,4.0,0.7151968265742834
3518,-0.4050000000000766,0.7536622682672878,4.0,0.714730452860769
3519,-0.4000000000000767,0.7526685792546556,4.0,0.7142654470603167
3520,-0.3950000000000768,0.7516748902420236,4.0,0.7138018070206478
3521,-0.3900000000000769,0.7506812012293914,4.0,0.7133395305761443
3522,-0.385000000000077,0.7496875122167592,4.0,0.7128786155480087
3523,-0.3800000000000771,0.7486938232041271,4.0,0.7124190597444211
3524,-0.3750000000000772,0.7477001341914951,4.0,0.7119608609606971
3525,-0.3700000000000774,0.7467064451788629,4.0,0.7115040169794422
3526,-0.3650000000000775,0.7457127561662308,4.0,0.7110485255707086
3527,-0.3600000000000776,0.7447190671535987,4.0,0.7105943844921496
3528,-0.3550000000000777,0.7437253781409664,4.0,0.710141591489174
3529,-0.3500000000000778,0.7427316891283346,4.0,0.7096901442950978
3530,-0.3450000000000779,0.7417380001157022,4.0,0.7092400406312995
3531,-0.340000000000078,0.7407443111030703,4.0,0.7087912782073695
3532,-0.3350000000000781,0.739750622090438,4.0,0.7083438547212628
3533,-0.3300000000000782,0.7387569330778061,4.0,0.7078977678594478
3534,-0.3250000000000783,0.737763244065174,4.0,0.7074530152970573
3535,-0.3200000000000784,0.7367695550525417,4.0,0.7070095946980386
3536,-0.3150000000000785,0.7357758660399095,4.0,0.7065675037152976
3537,-0.3100000000000786,0.7347821770272774,4.0,0.70612673999085
3538,-0.3050000000000787,0.7337884880146454,4.0,0.7056873011559668
3539,-0.3000000000000788,0.7327947990020132,4.0,0.7052491848313187
3540,-0.295000000000079,0.7318011099893811,4.0,0.7048123886271238
3541,-0.2900000000000791,0.730807420976749,4.0,0.7043769101432904
3542,-0.2850000000000792,0.7298137319641168,4.0,0.7039427469695603
3543,-0.2800000000000793,0.7288200429514847,4.0,0.7035098966856523
3544,-0.2750000000000794,0.7278263539388526,4.0,0.7030783568614047
3545,-0.2700000000000795,0.7268326649262206,4.0,0.7026481250569141
3546,-0.2650000000000796,0.7258389759135883,4.0,0.7022191988226798
3547,-0.2600000000000797,0.7248452869009561,4.0,0.7017915756997399
3548,-0.2550000000000798,0.723851597888324,4.0,0.7013652532198118
3549,-0.2500000000000799,0.7228579088756919,4.0,0.7009402289054307
3550,-0.24500000000008,0.7218642198630597,4.0,0.7005165002700859
3551,-0.2400000000000801,0.7208705308504277,4.0,0.7000940648183576
3552,-0.2350000000000802,0.7198768418377955,4.0,0.6996729200460523
3553,-0.2300000000000803,0.7188831528251634,4.0,0.6992530634403398
3554,-0.2250000000000804,0.7178894638125314,4.0,0.6988344924798839
3555,-0.2200000000000805,0.7168957747998992,4.0,0.6984172046349784
3556,-0.2150000000000806,0.7159020857872671,4.0,0.6980011973676783
3557,-0.2100000000000808,0.714908396774635,4.0,0.6975864681319328
3558,-0.2050000000000809,0.7139147077620029,4.0,0.6971730143737132
3559,-0.200000000000081,0.7129210187493706,4.0,0.6967608335311481
3560,-0.1950000000000811,0.7119273297367386,4.0,0.6963499230346475
3561,-0.1900000000000812,0.7109336407241064,4.0,0.6959402803070338
3562,-0.1850000000000813,0.7099399517114743,4.0,0.6955319027636702
3563,-0.1800000000000814,0.7089462626988422,4.0,0.695124787812585
3564,-0.1750000000000815,0.7079525736862101,4.0,0.6947189328546006
3565,-0.1700000000000816,0.7069588846735779,4.0,0.6943143352834562
3566,-0.1650000000000817,0.7059651956609458,4.0,0.6939109924859332
3567,-0.1600000000000818,0.7049715066483137,4.0,0.69350890184198
3568,-0.1550000000000819,0.7039778176356816,4.0,0.6931080607248319
3569,-0.150000000000082,0.7029841286230495,4.0,0.6927084665011365
3570,-0.1450000000000821,0.7019904396104175,4.0,0.6923101165310714
3571,-0.1400000000000822,0.7009967505977852,4.0,0.6919130081684683
3572,-0.1350000000000824,0.7000030615851529,4.0,0.6915171387609282
3573,-0.1300000000000825,0.6990093725725212,4.0,0.6911225056499444
3574,-0.1250000000000826,0.6980156835598887,4.0,0.6907291061710163
3575,-0.1200000000000827,0.6970219945472567,4.0,0.69033693765377
3576,-0.1150000000000828,0.6960283055346246,4.0,0.6899459974220723
3577,-0.1100000000000829,0.6950346165219925,4.0,0.6895562827941466
3578,-0.105000000000083,0.6940409275093602,4.0,0.6891677910826886
3579,-0.1000000000000831,0.6930472384967281,4.0,0.6887805195949777
3580,-0.0950000000000832,0.692053549484096,4.0,0.6883944656329923
3581,-0.0900000000000833,0.691059860471464,4.0,0.6880096264935214
3582,-0.0850000000000834,0.6900661714588319,4.0,0.687625999468275
3583,-0.0800000000000835,0.6890724824461997,4.0,0.6872435818439948
3584,-0.0750000000000836,0.6880787934335674,4.0,0.6868623709025654
3585,-0.0700000000000837,0.6870851044209355,4.0,0.6864823639211206
3586,-0.0650000000000838,0.6860914154083032,4.0,0.6861035581721548
3587,-0.0600000000000839,0.685097726395671,4.0,0.6857259509236264
3588,-0.055000000000084,0.684104037383039,4.0,0.6853495394390676
3589,-0.0500000000000842,0.6831103483704069,4.0,0.684974320977688
3590,-0.0450000000000843,0.6821166593577748,4.0,0.6846002927944804
3591,-0.0400000000000844,0.6811229703451427,4.0,0.6842274521403237
3592,-0.0350000000000845,0.6801292813325105,4.0,0.6838557962620876
3593,-0.0300000000000846,0.6791355923198785,4.0,0.6834853224027343
3594,-0.0250000000000847,0.6781419033072463,4.0,0.6831160278014197
3595,-0.0200000000000848,0.6771482142946141,4.0,0.6827479096935948
3596,-0.0150000000000849,0.676154525281982,4.0,0.6823809653111045
3597,-0.010000000000085,0.6751608362693499,4.0,0.6820151918822888
3598,-0.0050000000000851,0.6741671472567179,4.0,0.6816505866320802
3599,-8.526512829121202e-14,0.6731734582440856,4.0,0.6812871467820999
3600,0.0049999999999146,0.6721797692314535,4.0,0.6809248695507564
3601,0.0099999999999145,0.6711860802188215,4.0,0.6805637521533415
3602,0.0149999999999144,0.6701923912061893,4.0,0.6802037918021241
3603,0.0199999999999143,0.6691987021935571,4.0,0.6798449857064455
3604,0.0249999999999142,0.6682050131809251,4.0,0.6794873310728128
3605,0.029999999999914,0.667211324168293,4.0,0.679130825104993
3606,0.0349999999999139,0.6662176351556607,4.0,0.6787754650041022
3607,0.0399999999999138,0.6652239461430288,4.0,0.6784212479686992
3608,0.0449999999999137,0.6642302571303966,4.0,0.6780681711948758
3609,0.0499999999999136,0.6632365681177644,4.0,0.6777162318763448
3610,0.0549999999999135,0.6622428791051324,4.0,0.6773654272045309
3611,0.0599999999999134,0.6612491900925,4.0,0.6770157543686578
3612,0.0649999999999133,0.6602555010798681,4.0,0.6766672105558361
3613,0.0699999999999132,0.659261812067236,4.0,0.676319792951148
3614,0.0749999999999131,0.6582681230546038,4.0,0.6759734987377368
3615,0.079999999999913,0.6574867329911508,4.0,0.6756283250968882
3616,0.0849999999999129,0.6571920181721267,4.0,0.6752842692081172
3617,0.0899999999999128,0.6568973033531025,4.0,0.6749413282492495
3618,0.0949999999999127,0.6566025885340784,4.0,0.6745994993965051
3619,0.0999999999999126,0.6563078737150541,4.0,0.6742587798245826
3620,0.1049999999999125,0.6560131588960302,4.0,0.6739191667067362
3621,0.1099999999999123,0.6557184440770057,4.0,0.6735806572148592
3622,0.1149999999999122,0.6554237292579818,4.0,0.6732432485195623
3623,0.1199999999999121,0.6551290144389577,4.0,0.6729069377902543
3624,0.124999999999912,0.6548342996199333,4.0,0.6725717221952182
3625,0.1299999999999119,0.6545395848009092,4.0,0.6722375989016894
3626,0.1349999999999118,0.6542448699818849,4.0,0.6719045650759334
3627,0.1399999999999117,0.6539501551628609,4.0,0.6715726178833209
3628,0.1449999999999116,0.6536554403438367,4.0,0.6712417544884034
3629,0.1499999999999115,0.6533607255248125,4.0,0.6709119720549873
3630,0.1549999999999114,0.6530660107057884,4.0,0.6705832677462084
3631,0.1599999999999113,0.6527712958867643,4.0,0.6702556387246046
3632,0.1649999999999112,0.65247658106774,4.0,0.6699290821521873
3633,0.1699999999999111,0.6521818662487159,4.0,0.669603595190516
3634,0.174999999999911,0.6518871514296918,4.0,0.6692791750007653
3635,0.1799999999999109,0.6515924366106677,4.0,0.6689558187437983
3636,0.1849999999999108,0.6512977217916435,4.0,0.6686335235802336
3637,0.1899999999999106,0.6510030069726193,4.0,0.6683122866705167
3638,0.1949999999999105,0.6507082921535952,4.0,0.6679921051749854
3639,0.1999999999999104,0.6504135773345708,4.0,0.6676729762539395
3640,0.2049999999999103,0.6500100606748265,4.0,0.6673548970677051
3641,0.2099999999999102,0.6493504617929987,4.0,0.6670378647767036
3642,0.2149999999999101,0.648690862911171,4.0,0.6667218765415126
3643,0.21999999999991,0.6480312640293431,4.0,0.6664069295229355
3644,0.2249999999999099,0.6473716651475152,4.0,0.6660930208820622
3645,0.2299999999999098,0.6467120662656876,4.0,0.6657801477803321
3646,0.2349999999999097,0.6460524673838599,4.0,0.6654683073795986
3647,0.2399999999999096,0.645392868502032,4.0,0.6651574968421895
3648,0.2449999999999095,0.6447332696202044,4.0,0.6648477133309686
3649,0.2499999999999094,0.6440736707383764,4.0,0.6645389540093949
3650,0.2549999999999093,0.6434140718565488,4.0,0.6642312160415852
3651,0.2599999999999092,0.6427544729747209,4.0,0.6639244965923716
3652,0.2649999999999091,0.6420948740928931,4.0,0.6636187928273581
3653,0.269999999999909,0.6414352752110655,4.0,0.6633141019129823
3654,0.2749999999999089,0.6407756763292376,4.0,0.663010421016569
3655,0.2799999999999087,0.64011607744741,4.0,0.6627077473063894
3656,0.2849999999999086,0.6395911404661577,4.0,0.6624060779517144
3657,0.2899999999999085,0.6390836988858316,4.0,0.6621054101228727
3658,0.2949999999999084,0.6385762573055056,4.0,0.661805740991302
3659,0.2999999999999083,0.6380688157251794,4.0,0.6615070677296053
3660,0.3049999999999082,0.6375613741448534,4.0,0.6612093875116041
3661,0.3099999999999081,0.6370539325645271,4.0,0.6609126975123892
3662,0.314999999999908,0.6365464909842011,4.0,0.6606169949083747
3663,0.3199999999999079,0.636039049403875,4.0,0.6603222768773487
3664,0.3249999999999078,0.6355316078235488,4.0,0.6600285405985225
3665,0.3299999999999077,0.6350241662432228,4.0,0.6597357832525834
3666,0.3349999999999076,0.6345167246628969,4.0,0.6594440020217421
3667,0.3399999999999075,0.6340092830825705,4.0,0.6591531940897826
3668,0.3449999999999074,0.6335018415022445,4.0,0.6588633566421087
3669,0.3499999999999073,0.6329943999219184,4.0,0.6585744868657948
3670,0.3549999999999071,0.6324869583415923,4.0,0.6582865819496304
3671,0.359999999999907,0.6319795167612662,4.0,0.6579996390841673
3672,0.3649999999999069,0.6314720751809403,4.0,0.6577136554617649
3673,0.3699999999999068,0.6309646336006139,4.0,0.6574286282766357
3674,0.3749999999999067,0.630494295895329,4.0,0.6571445547248909
3675,0.3799999999999066,0.6301031379679505,4.0,0.6568614320045835
3676,0.3849999999999065,0.6297119800405716,4.0,0.6565792573157507
3677,0.3899999999999064,0.629320822113193,4.0,0.6562980278604585
3678,0.3949999999999063,0.6289296641858143,4.0,0.6560177408428445
3679,0.3999999999999062,0.6285385062584355,4.0,0.6557383934691565
3680,0.4049999999999061,0.6281473483310568,4.0,0.6554599829477963
3681,0.409999999999906,0.6277561904036781,4.0,0.6551825064893597
3682,0.4149999999999059,0.6273650324762995,4.0,0.6549059613066757
3683,0.4199999999999058,0.6269738745489208,4.0,0.6546303446148469
3684,0.4249999999999057,0.626582716621542,4.0,0.654355653631288
3685,0.4299999999999055,0.6261915586941633,4.0,0.6540818855757626
3686,0.4349999999999054,0.6258004007667847,4.0,0.6538090376704242
3687,0.4399999999999053,0.6254092428394059,4.0,0.65353710713985
3688,0.4449999999999052,0.6250180849120271,4.0,0.6532660912110791
3689,0.4499999999999051,0.6246269269846485,4.0,0.6529959871136496
3690,0.454999999999905,0.6242357690572696,4.0,0.6527267920796301
3691,0.4599999999999049,0.6238446111298911,4.0,0.652458503343661
3692,0.4649999999999048,0.6234534532025123,4.0,0.6521911181429835
3693,0.4699999999999047,0.6230622952751338,4.0,0.6519246337174752
3694,0.4749999999999046,0.6226711373477549,4.0,0.6516590473096845
3695,0.4799999999999045,0.6222799794203763,4.0,0.6513943561648625
3696,0.4849999999999044,0.6218888214929976,4.0,0.6511305575309954
3697,0.4899999999999043,0.6214976635656188,4.0,0.6508676486588355
3698,0.4949999999999042,0.6211065056382402,4.0,0.650605626801936
3699,0.4999999999999041,0.6207153477108615,4.0,0.6503444892166759
3700,0.504999999999904,0.6203241897834827,4.0,0.6500842331622957
3701,0.5099999999999039,0.6199330318561039,4.0,0.6498248559009246
3702,0.5149999999999038,0.6195418739287253,4.0,0.6495663546976089
3703,0.5199999999999037,0.6191507160013466,4.0,0.6493087268203432
3704,0.5249999999999035,0.6187595580739679,4.0,0.6490519695400969
3705,0.5299999999999034,0.6183684001465891,4.0,0.648796080130842
3706,0.5349999999999033,0.6179772422192105,4.0,0.6485410558695819
3707,0.5399999999999032,0.6175860842918318,4.0,0.6482868940363754
3708,0.5449999999999031,0.6171949263644531,4.0,0.6480335919143658
3709,0.549999999999903,0.6168037684370743,4.0,0.6477811467898044
3710,0.5549999999999029,0.6164126105096956,4.0,0.6475295559520776
3711,0.5599999999999028,0.616021452582317,4.0,0.6472788166937307
3712,0.5649999999999027,0.6156302946549382,4.0,0.6470289263104917
3713,0.5699999999999026,0.6152391367275596,4.0,0.6467798821012972
3714,0.5749999999999025,0.6148479788001809,4.0,0.6465316813683138
3715,0.5799999999999024,0.6144568208728022,4.0,0.6462843214169621
3716,0.5849999999999023,0.6140656629454234,4.0,0.6460377995559379
3717,0.5899999999999022,0.6136745050180447,4.0,0.6457921130972362
3718,0.594999999999902,0.613283347090666,4.0,0.6455472593561707
3719,0.599999999999902,0.6128921891632874,4.0,0.6453032356513967
3720,0.6049999999999018,0.6125010312359087,4.0,0.6450600393049304
3721,0.6099999999999017,0.61210987330853,4.0,0.644817667642169
3722,0.6149999999999016,0.6117187153811512,4.0,0.6445761179919125
3723,0.6199999999999015,0.6113275574537725,4.0,0.6443353876863795
3724,0.6249999999999014,0.6108287457181979,4.0,0.6440954740612298
3725,0.6299999999999013,0.6099039512639649,4.0,0.6438563744555799
3726,0.6349999999999012,0.608979156809732,4.0,0.6436180862120225
3727,0.6399999999999011,0.6080543623554989,4.0,0.6433806066766435
3728,0.644999999999901,0.6077220381701796,4.0,0.6431439331990394
3729,0.6499999999999009,0.6076991983918184,4.0,0.6429080631323335
3730,0.6549999999999008,0.6076763586134577,4.0,0.642672993833193
3731,0.6599999999999007,0.6076535188350968,4.0,0.6424387226618443
3732,0.6649999999999006,0.6076306790567356,4.0,0.6422052469820878
3733,0.6699999999999005,0.6076078392783747,4.0,0.6419725641613137
3734,0.6749999999999003,0.6075849995000139,4.0,0.6417406715705168
3735,0.6799999999999002,0.6075621597216528,4.0,0.6415095665843104
3736,0.6849999999999001,0.6075393199432919,4.0,0.6412792465809395
3737,0.6899999999999,0.607516480164931,4.0,0.6410497089422946
3738,0.6949999999998999,0.60749364038657,4.0,0.6408209510539249
3739,0.6999999999998998,0.607470800608209,4.0,0.6405929703050509
3740,0.7049999999998997,0.6074479608298481,4.0,0.6403657640885753
3741,0.7099999999998996,0.607425121051487,4.0,0.6401393298010962
3742,0.7149999999998995,0.6074022812731263,4.0,0.6399136648429189
3743,0.7199999999998994,0.6073794414947652,4.0,0.6396887666180643
3744,0.7249999999998993,0.6073566017164043,4.0,0.6394646325342824
3745,0.7299999999998992,0.6073337619380432,4.0,0.6392412600030607
3746,0.7349999999998991,0.6073109221596822,4.0,0.6390186464396345
3747,0.739999999999899,0.6072880823813214,4.0,0.6387967892629965
3748,0.7449999999998989,0.6072652426029604,4.0,0.6385756858959059
3749,0.7499999999998987,0.6072424028245995,4.0,0.6383553337648965
3750,0.7549999999998986,0.6072195630462385,4.0,0.6381357303002856
3751,0.7599999999998985,0.6074169373065745,4.0,0.6379168729361818
3752,0.7649999999998984,0.6083244168129361,4.0,0.6376987591104929
3753,0.7699999999998983,0.6092318963192973,4.0,0.6374813862649318
3754,0.7749999999998982,0.6101393758256586,4.0,0.6372647518450243
3755,0.7799999999998981,0.6110468553320197,4.0,0.6370488533001161
3756,0.784999999999898,0.6119543348383809,4.0,0.6368336880833786
3757,0.7899999999998979,0.6130253027644533,4.0,0.636619253651813
3758,0.7949999999998978,0.6141924426755211,4.0,0.6364055474662581
3759,0.7999999999998977,0.6153595825865885,4.0,0.636192566991394
3760,0.8049999999998976,0.6165267224976562,4.0,0.6359803096957469
3761,0.8099999999998975,0.6176938624087237,4.0,0.635768773051694
3762,0.8149999999998974,0.6188610023197911,4.0,0.6355579545354665
3763,0.8199999999998973,0.6200281422308588,4.0,0.6353478516271542
3764,0.8249999999998971,0.6211952821419264,4.0,0.6351384618107088
3765,0.829999999999897,0.6223624220529941,4.0,0.6349297825739455
3766,0.8349999999998969,0.6235295619640616,4.0,0.634721811408548
3767,0.8399999999998968,0.6246967018751292,4.0,0.6345145458100685
3768,0.8449999999998967,0.6258638417861967,4.0,0.6343079832779307
3769,0.8499999999998966,0.6270309816972641,4.0,0.6341021213154313
3770,0.8549999999998965,0.6281981216083317,4.0,0.633896957429742
3771,0.8599999999998964,0.6293652615193994,4.0,0.6336924891319092
3772,0.8649999999998963,0.630532401430467,4.0,0.6334887139368545
3773,0.8699999999998962,0.6316995413415346,4.0,0.6332856293633777
3774,0.8749999999998961,0.6328666812526021,4.0,0.6330832329341529
3775,0.879999999999896,0.6340338211636696,4.0,0.6328815221757312
3776,0.8849999999998959,0.6352009610747372,4.0,0.6326804946185386
3777,0.8899999999998958,0.6363681009858048,4.0,0.632480147796875
3778,0.8949999999998957,0.6375352408968724,4.0,0.632280479248915
3779,0.8999999999998956,0.6387023808079398,4.0,0.6320814865167023
3780,0.9049999999998954,0.6398695207190074,4.0,0.6318831671461523
3781,0.9099999999998952,0.6410366606300751,4.0,0.631685518687046
3782,0.9149999999998952,0.6422038005411425,4.0,0.6314885386930306
3783,0.9199999999998952,0.6433709404522102,4.0,0.6312922247216146
3784,0.924999999999895,0.6445380803632778,4.0,0.6310965743341655
3785,0.9299999999998948,0.6457052202743453,4.0,0.6309015850959067
3786,0.9349999999998948,0.6468723601854128,4.0,0.6307072545759125
3787,0.9399999999998948,0.6480395000964803,4.0,0.6305135803471051
3788,0.9449999999998946,0.6492066400075479,4.0,0.6303205599862516
3789,0.9499999999998944,0.6503737799186154,4.0,0.6301281910739562
3790,0.9549999999998944,0.6515409198296831,4.0,0.6299364711946575
3791,0.9599999999998944,0.6527080597407506,4.0,0.6297453979366225
3792,0.9649999999998942,0.6538751996518183,4.0,0.6295549688919425
3793,0.969999999999894,0.6550423395628858,4.0,0.6293651816565247
3794,0.974999999999894,0.6562094794739535,4.0,0.6291760338300889
3795,0.9799999999998938,0.6573766193850211,4.0,0.6289875230161595
3796,0.9849999999998936,0.6585437592960885,4.0,0.6287996468220589
3797,0.9899999999998936,0.6597108992071561,4.0,0.628612402858901
3798,0.9949999999998936,0.6608780391182236,4.0,0.6284257887415856
3799,0.9999999999998934,0.6620451790292912,4.0,0.6282398020887863
3800,1.004999999999893,0.6632123189403587,4.0,0.6280544405229482
3801,1.0099999999998932,0.6643794588514262,4.0,0.6278697016702769
3802,1.014999999999893,0.6650114809470908,4.0,0.6276855831607296
3803,1.019999999999893,0.6652911373010822,4.0,0.6275020826280092
3804,1.0249999999998929,0.6655707936550738,4.0,0.6273191977095527
3805,1.0299999999998928,0.6658504500090654,4.0,0.6271369260465237
3806,1.034999999999893,0.666130106363057,4.0,0.6269552652838027
3807,1.0399999999998926,0.6664097627170483,4.0,0.6267742130699762
3808,1.0449999999998925,0.6666894190710398,4.0,0.62659376705733
3809,1.0499999999998924,0.6669690754250314,4.0,0.6264139249018352
3810,1.0549999999998922,0.6672487317790231,4.0,0.6262346842631394
3811,1.059999999999892,0.6675283881330144,4.0,0.6260560428045574
3812,1.064999999999892,0.6678080444870061,4.0,0.6258779981930574
3813,1.069999999999892,0.6680877008409976,4.0,0.6257005480992519
3814,1.0749999999998918,0.6683673571949892,4.0,0.6255236901973856
3815,1.0799999999998915,0.6686470135489806,4.0,0.6253474221653228
3816,1.0849999999998916,0.6689266699029722,4.0,0.6251717416845368
3817,1.0899999999998915,0.6692063262569636,4.0,0.6249966464400971
3818,1.0949999999998914,0.6694859826109552,4.0,0.6248221341206566
3819,1.0999999999998913,0.6697656389649468,4.0,0.6246482024184375
3820,1.1049999999998912,0.6700452953189382,4.0,0.6244748490292222
3821,1.109999999999891,0.6703249516729299,4.0,0.6243020716523359
3822,1.114999999999891,0.6706046080269213,4.0,0.6241298679906354
3823,1.1199999999998909,0.6708842643809129,4.0,0.6239582357504944
3824,1.1249999999998908,0.6711639207349044,4.0,0.6237871726417893
3825,1.1299999999998906,0.6714435770888959,4.0,0.6236166763778864
3826,1.1349999999998903,0.6717232334428875,4.0,0.623446744675625
3827,1.1399999999998904,0.6720028897968792,4.0,0.6232773752553056
3828,1.1449999999998903,0.6722825461508706,4.0,0.6231085658406714
3829,1.1499999999998902,0.6725622025048619,4.0,0.6229403141588965
3830,1.15499999999989,0.6728418588588535,4.0,0.6227726179405678
3831,1.15999999999989,0.673121515212845,4.0,0.6226054749196709
3832,1.16499999999989,0.6734011715668365,4.0,0.622438882833573
3833,1.1699999999998898,0.673680827920828,4.0,0.6222728394230076
3834,1.1749999999998897,0.6739604842748195,4.0,0.6221073424320571
3835,1.1799999999998896,0.6736784073663975,4.0,0.6219423896081374
3836,1.1849999999998897,0.6723754861741148,4.0,0.6217779787019801
3837,1.1899999999998894,0.6710725649818318,4.0,0.6216141074676153
3838,1.1949999999998893,0.6697696437895493,4.0,0.6214507736623534
3839,1.1999999999998892,0.6684667225972664,4.0,0.6212879750467701
3840,1.204999999999889,0.6671638014049837,4.0,0.6211257093846865
3841,1.209999999999889,0.6658608802127008,4.0,0.6209639744431504
3842,1.2149999999998888,0.664557959020418,4.0,0.62080276799242
3843,1.2199999999998887,0.6632550378281353,4.0,0.6206420878059441
3844,1.2249999999998886,0.6619521166358525,4.0,0.6204819316603432
3845,1.2299999999998883,0.6606491954435698,4.0,0.6203222973353909
3846,1.2349999999998884,0.6593462742512871,4.0,0.6201631826139951
3847,1.2399999999998883,0.6580433530590041,4.0,0.6200045852821776
3848,1.2449999999998882,0.6567404318667216,4.0,0.6198465031290544
3849,1.249999999999888,0.6554375106744388,4.0,0.6196889339468167
3850,1.254999999999888,0.6541345894821557,4.0,0.6195318755307099
3851,1.259999999999888,0.652831668289873,4.0,0.6193753256790144
3852,1.2649999999998878,0.6515287470975902,4.0,0.6192192821930228
3853,1.2699999999998877,0.6502258259053076,4.0,0.6190637428770213
3854,1.2749999999998876,0.6489229047130248,4.0,0.6189087055382678
3855,1.2799999999998877,0.647619983520742,4.0,0.6187541679869698
3856,1.2849999999998871,0.6463170623284592,4.0,0.6186001280362642
3857,1.2899999999998872,0.6450141411361765,4.0,0.6184465835021951
3858,1.2949999999998871,0.6437112199438938,4.0,0.6182935322036921
3859,1.299999999999887,0.6424082987516109,4.0,0.6181409719625478
3860,1.304999999999887,0.6411053775593281,4.0,0.6179889006033943
3861,1.3099999999998868,0.6398024563670455,4.0,0.6178373159536835
3862,1.3149999999998867,0.6384995351747625,4.0,0.6176862158436613
3863,1.3199999999998866,0.6371966139824795,4.0,0.6175355981063462
3864,1.3249999999998865,0.6358936927901969,4.0,0.6173854605775063
3865,1.3299999999998864,0.6345907715979141,4.0,0.6172358010956341
3866,1.3349999999998865,0.6332878504056313,4.0,0.6170866175019247
3867,1.3399999999998862,0.6319849292133485,4.0,0.616937907640251
3868,1.344999999999886,0.6306820080210658,4.0,0.6167896693571386
3869,1.349999999999886,0.629379086828783,4.0,0.6166419005017443
3870,1.354999999999886,0.6280761656365003,4.0,0.6164945989258283
3871,1.3599999999998855,0.6267732444442173,4.0,0.6163477624837315
3872,1.3649999999998856,0.6254703232519349,4.0,0.6162013890323491
3873,1.3699999999998855,0.624167402059652,4.0,0.6160554764311081
3874,1.3749999999998854,0.6228644808673692,4.0,0.6159100225419377
3875,1.379999999999885,0.6215615596750864,4.0,0.615765025229247
3876,1.3849999999998852,0.6203365926178046,4.0,0.6156204823598981
3877,1.389999999999885,0.6191164983746004,4.0,0.6154763918031794
3878,1.394999999999885,0.617896404131396,4.0,0.6153327514307804
3879,1.399999999999885,0.6166763098881918,4.0,0.6151895591167649
3880,1.4049999999998848,0.6154562156449874,4.0,0.6150468127375437
3881,1.409999999999885,0.6142361214017832,4.0,0.6149045101718482
3882,1.4149999999998846,0.6130160271585788,4.0,0.6147626493007033
3883,1.4199999999998845,0.6117959329153745,4.0,0.6146212280073996
3884,1.4249999999998844,0.6105758386721704,4.0,0.6144802441774664
3885,1.4299999999998845,0.6093557444289661,4.0,0.6143396956986443
3886,1.434999999999884,0.6081356501857618,4.0,0.6141995804608557
3887,1.439999999999884,0.6069155559425575,4.0,0.6140598963561779
3888,1.444999999999884,0.6056954616993533,4.0,0.6139206412788144
3889,1.4499999999998838,0.6044753674561489,4.0,0.6137818131250662
3890,1.4549999999998835,0.6032552732129447,4.0,0.6136434097933031
3891,1.4599999999998836,0.6020351789697405,4.0,0.6135054291839341
3892,1.4649999999998835,0.6008150847265359,4.0,0.6133678691993792
3893,1.4699999999998834,0.5995949904833318,4.0,0.6132307277440395
3894,1.4749999999998833,0.5983748962401273,4.0,0.6130940027242672
3895,1.4799999999998832,0.5971548019969232,4.0,0.6129576920483351
3896,1.484999999999883,0.5959347077537188,4.0,0.6128217936264088
3897,1.489999999999883,0.5947146135105146,4.0,0.6126863053705142
3898,1.4949999999998829,0.5934945192673103,4.0,0.6125512251945077
3899,1.4999999999998828,0.5922744250241063,4.0,0.6124165510140459
3900,1.5049999999998829,0.5910543307809019,4.0,0.6122822807465541
3901,1.5099999999998823,0.5898342365376976,4.0,0.612148412311195
3902,1.5149999999998824,0.5886141422944932,4.0,0.6120149436288382
3903,1.5199999999998823,0.5873767258050469,4.0,0.6118818726220288
3904,1.5249999999998822,0.5861382677985829,4.0,0.6117491972149541
3905,1.529999999999882,0.5848998097921192,4.0,0.6116169153334121
3906,1.534999999999882,0.5836613517856551,4.0,0.6114850249047813
3907,1.539999999999882,0.5824228937791912,4.0,0.6113535238579858
3908,1.5449999999998818,0.5811844357727273,4.0,0.6112224101234635
3909,1.5499999999998817,0.5799459777662636,4.0,0.611091681633134
3910,1.5549999999998816,0.5787075197597997,4.0,0.6109613363203645
3911,1.5599999999998817,0.5774690617533358,4.0,0.6108313721199382
3912,1.5649999999998814,0.5762306037468721,4.0,0.6107017869680184
3913,1.5699999999998813,0.5749921457404081,4.0,0.610572578802117
3914,1.5749999999998812,0.5737536877339443,4.0,0.6104437455610598
3915,1.579999999999881,0.5725152297274801,4.0,0.6103152851849523
3916,1.584999999999881,0.5712767717210164,4.0,0.6101871956151455
3917,1.5899999999998808,0.5700383137145525,4.0,0.610059474794202
3918,1.5949999999998807,0.5687998557080887,4.0,0.6099321206658604
3919,1.5999999999998806,0.5675613977016247,4.0,0.6098051311750013
3920,1.6049999999998803,0.5663229396951609,4.0,0.6096785042676114
3921,1.6099999999998804,0.5650844816886971,4.0,0.6095522378907478
3922,1.6149999999998803,0.5638460236822334,4.0,0.6094263299925048
3923,1.6199999999998802,0.5626075656757694,4.0,0.6093007785219746
3924,1.62499999999988,0.5613691076693057,4.0,0.6091755814292147
3925,1.62999999999988,0.5601306496628418,4.0,0.6090507366652095
3926,1.63499999999988,0.5588921916563777,4.0,0.6089262421818341
3927,1.6399999999998798,0.5576537336499139,4.0,0.6088020959318209
3928,1.6449999999998797,0.55641527564345,4.0,0.6086782958687169
3929,1.6499999999998796,0.5551768176369861,4.0,0.6085548399468519
3930,1.6549999999998797,0.5539383596305224,4.0,0.6084317261212986
3931,1.6599999999998791,0.5526999016240586,4.0,0.6083089523478373
3932,1.6649999999998792,0.5514614436175945,4.0,0.6081865165829143
3933,1.6699999999998791,0.5502229856111307,4.0,0.6080644167836099
3934,1.674999999999879,0.5489845276046668,4.0,0.6079426509075941
3935,1.679999999999879,0.5477460695982029,4.0,0.6078212169130931
3936,1.6849999999998788,0.5465076115917392,4.0,0.6077001127588483
3937,1.6899999999998787,0.5452691535852754,4.0,0.6075793364040794
3938,1.6949999999998786,0.5440306955788115,4.0,0.607458885808442
3939,1.6999999999998785,0.5427922375723476,4.0,0.6073387589319938
3940,1.7049999999998784,0.5415537795658836,4.0,0.6072189537351506
3941,1.7099999999998785,0.5403153215594197,4.0,0.6070994681786481
3942,1.7149999999998782,0.5390768635529559,4.0,0.6069803002235046
3943,1.719999999999878,0.537838405546492,4.0,0.6068614478309772
3944,1.724999999999878,0.5365999475400283,4.0,0.6067429089625241
3945,1.729999999999878,0.5353614895335643,4.0,0.6066246815797629
3946,1.7349999999998778,0.5341230315271005,4.0,0.6065067636444318
3947,1.7399999999998776,0.5328845735206366,4.0,0.6063891531183464
3948,1.7449999999998775,0.5316461155141728,4.0,0.6062718479633609
3949,1.7499999999998774,0.5304076575077088,4.0,0.6061548461413246
3950,1.754999999999877,0.5291691995012451,4.0,0.6060381456140431
3951,1.7599999999998772,0.5279307414947813,4.0,0.605921744343234
3952,1.7649999999998771,0.5266922834883171,4.0,0.6058056402904868
3953,1.769999999999877,0.5254538254818533,4.0,0.6056898314172207
3954,1.774999999999877,0.5242153674753895,4.0,0.6055743156846402
3955,1.7799999999998768,0.5229769094689255,4.0,0.6054590910536966
3956,1.784999999999877,0.521738451462462,4.0,0.6053441554850404
3957,1.7899999999998766,0.520499993455998,4.0,0.6052295069389829
3958,1.7949999999998765,0.5192615354495339,4.0,0.6051151433754492
3959,1.7999999999998764,0.5180230774430702,4.0,0.6050010627539383
3960,1.8049999999998765,0.5167846194366063,4.0,0.6048872630334768
3961,1.809999999999876,0.5155461614301423,4.0,0.6047737421725761
3962,1.814999999999876,0.5143077034236787,4.0,0.6046604981291885
3963,1.819999999999876,0.5130692454172149,4.0,0.6045475288606635
3964,1.824999999999876,0.5118307874107508,4.0,0.6044348323237015
3965,1.829999999999876,0.510592329404287,4.0,0.6043224064743121
3966,1.834999999999876,0.509353871397823,4.0,0.6042102492677656
3967,1.8399999999998755,0.5081154133913591,4.0,0.6040983586585517
3968,1.8449999999998756,0.5068769553848953,4.0,0.6039867326003303
3969,1.8499999999998755,0.5056384973784316,4.0,0.6038753690458899
3970,1.8549999999998752,0.5043960231229607,4.0,0.6037642659470991
3971,1.859999999999875,0.5031494185046663,4.0,0.6036534212548617
3972,1.864999999999875,0.5019028138863719,4.0,0.6035428329190702
3973,1.8699999999998749,0.5006562092680774,4.0,0.6034324988885605
3974,1.8749999999998748,0.4994096046497832,4.0,0.6033224171110628
3975,1.8799999999998749,0.4981630000314887,4.0,0.6032125855331588
3976,1.8849999999998743,0.4969163954131945,4.0,0.6031030021002304
3977,1.8899999999998744,0.4956697907948998,4.0,0.6029936647564152
3978,1.8949999999998743,0.4944231861766054,4.0,0.6028845714445584
3979,1.8999999999998745,0.4931765815583113,4.0,0.6027757201061651
3980,1.904999999999874,0.4919299769400168,4.0,0.6026671086813522
3981,1.909999999999874,0.4906833723217224,4.0,0.602558735108801
3982,1.914999999999874,0.4894367677034282,4.0,0.6024505973257077
3983,1.9199999999998736,0.4881901630851339,4.0,0.6023426932677364
3984,1.9249999999998737,0.4869435584668394,4.0,0.6022350208689687
3985,1.9299999999998736,0.4856969538485449,4.0,0.6021275780618572
3986,1.9349999999998733,0.4844503492302506,4.0,0.6020203627771737
3987,1.9399999999998732,0.4832037446119561,4.0,0.6019133729439615
3988,1.9449999999998733,0.4819571399936616,4.0,0.601806606489485
3989,1.9499999999998727,0.4807105353753674,4.0,0.6017000613391807
3990,1.954999999999873,0.479463930757073,4.0,0.6015937354166071
3991,1.959999999999873,0.4782173261387785,4.0,0.6014876266433931
3992,1.9649999999998728,0.4769707215204844,4.0,0.6013817329391897
3993,1.9699999999998727,0.4757241169021901,4.0,0.6012760522216183
3994,1.9749999999998729,0.4744775122838955,4.0,0.6011705824062196
3995,1.9799999999998723,0.4732309076656011,4.0,0.6010653214064028
3996,1.9849999999998724,0.4719843030473065,4.0,0.6009602671333951
3997,1.9899999999998723,0.4707376984290124,4.0,0.6008554174961892
3998,1.994999999999872,0.4694910938107181,4.0,0.6007507704014916
3999,1.999999999999872,0.4682444891924236,4.0,0.6006463237536721
4000,-1.9950000000000427,0.96675665831111,5.0,0.986730153081061
4001,-1.9900000000000428,0.9669127998133218,5.0,0.986703919004231
4002,-1.985000000000043,0.9670689413155336,5.0,0.9866776439736193
4003,-1.980000000000043,0.9672250828177454,5.0,0.9866513278628672
4004,-1.9750000000000432,0.9673812243199572,5.0,0.9866249705450949
4005,-1.9700000000000435,0.9675373658221688,5.0,0.9865985718928987
4006,-1.9650000000000436,0.9676935073243806,5.0,0.9865721317783478
4007,-1.9600000000000437,0.9678496488265924,5.0,0.9865456500729817
4008,-1.955000000000044,0.9680057903288042,5.0,0.9865191266478082
4009,-1.950000000000044,0.9681619318310158,5.0,0.9864925613732989
4010,-1.945000000000044,0.9683180733332276,5.0,0.9864659541193872
4011,-1.940000000000044,0.9684742148354396,5.0,0.9864393047554672
4012,-1.935000000000044,0.9686303563376512,5.0,0.9864126131503883
4013,-1.930000000000044,0.9687864978398628,5.0,0.986385879172452
4014,-1.925000000000044,0.9689426393420746,5.0,0.9863591026894127
4015,-1.9200000000000443,0.9690987808442864,5.0,0.9863322835684705
4016,-1.9150000000000444,0.969254922346498,5.0,0.9863054216762719
4017,-1.9100000000000448,0.96941106384871,5.0,0.9862785168789026
4018,-1.9050000000000449,0.9695672053509216,5.0,0.9862515690418903
4019,-1.9000000000000448,0.9697233468531334,5.0,0.9862245780301959
4020,-1.8950000000000449,0.9698794883553452,5.0,0.9861975437082149
4021,-1.890000000000045,0.970035629857557,5.0,0.9861704659397719
4022,-1.885000000000045,0.9701917713597688,5.0,0.986143344588118
4023,-1.8800000000000447,0.9703479128619804,5.0,0.9861161795159292
4024,-1.8750000000000453,0.9705040543641922,5.0,0.9860889705853015
4025,-1.8700000000000452,0.970660195866404,5.0,0.9860617176577484
4026,-1.8650000000000453,0.9708163373686158,5.0,0.9860344205941991
4027,-1.8600000000000456,0.9709724788708276,5.0,0.9860070792549933
4028,-1.8550000000000455,0.9711286203730392,5.0,0.9859796934998797
4029,-1.8500000000000456,0.9712847618752508,5.0,0.9859522631880122
4030,-1.845000000000046,0.9714409033774628,5.0,0.9859247881779465
4031,-1.840000000000046,0.9715970448796744,5.0,0.9858972683276381
4032,-1.835000000000046,0.971753186381886,5.0,0.9858697034944379
4033,-1.8300000000000465,0.971909327884098,5.0,0.985842093535088
4034,-1.8250000000000464,0.9720654693863098,5.0,0.9858144383057226
4035,-1.8200000000000465,0.9722216108885214,5.0,0.9857867376618601
4036,-1.8150000000000464,0.9723777523907332,5.0,0.9857589914584024
4037,-1.810000000000047,0.972533893892945,5.0,0.9857311995496314
4038,-1.8050000000000468,0.9726900353951567,5.0,0.9857033617892044
4039,-1.800000000000047,0.9728461768973684,5.0,0.9856754780301527
4040,-1.795000000000047,0.9730023183995804,5.0,0.9856475481248761
4041,-1.790000000000047,0.973158459901792,5.0,0.9856195719251426
4042,-1.7850000000000472,0.9733146014040036,5.0,0.9855915492820813
4043,-1.780000000000047,0.9734707429062156,5.0,0.985563480046183
4044,-1.7750000000000474,0.9736268844084272,5.0,0.9855353640672919
4045,-1.7700000000000475,0.9737830259106388,5.0,0.9855072011946082
4046,-1.7650000000000476,0.9739391674128508,5.0,0.9854789912766788
4047,-1.7600000000000475,0.9740953089150624,5.0,0.9854507341613983
4048,-1.755000000000048,0.974251450417274,5.0,0.9854224296960028
4049,-1.750000000000048,0.974407591919486,5.0,0.985394077727068
4050,-1.745000000000048,0.9745637334216978,5.0,0.9853656781005042
4051,-1.7400000000000482,0.9747198749239095,5.0,0.9853372306615547
4052,-1.7350000000000485,0.9748760164261212,5.0,0.9853087352547905
4053,-1.7300000000000484,0.9750321579283332,5.0,0.9852801917241074
4054,-1.7250000000000485,0.9751882994305447,5.0,0.9852515999127223
4055,-1.7200000000000486,0.9753444409327566,5.0,0.9852229596631703
4056,-1.7150000000000487,0.9755005824349684,5.0,0.9851942708173003
4057,-1.7100000000000488,0.9756567239371802,5.0,0.9851655332162708
4058,-1.705000000000049,0.9758128654393918,5.0,0.9851367467005474
4059,-1.700000000000049,0.9759690069416036,5.0,0.9851079111098997
4060,-1.6950000000000491,0.9761251484438151,5.0,0.9850790262833946
4061,-1.6900000000000492,0.9762812899460273,5.0,0.9850500920593963
4062,-1.6850000000000491,0.9764374314482388,5.0,0.9850211082755598
4063,-1.6800000000000497,0.9765935729504504,5.0,0.9849920747688283
4064,-1.6750000000000496,0.9767497144526625,5.0,0.9849629913754296
4065,-1.6700000000000497,0.976905855954874,5.0,0.9849338579308713
4066,-1.6650000000000498,0.9770619974570858,5.0,0.9849046742699381
4067,-1.66000000000005,0.9772181389592977,5.0,0.9848754402266875
4068,-1.65500000000005,0.9773742804615096,5.0,0.9848461556344452
4069,-1.65000000000005,0.9775304219637212,5.0,0.9848168203258028
4070,-1.6450000000000502,0.9776865634659327,5.0,0.9847874341326119
4071,-1.6400000000000503,0.9778427049681446,5.0,0.9847579968859823
4072,-1.6350000000000504,0.9779988464703564,5.0,0.9847285084162758
4073,-1.6300000000000503,0.9781549879725682,5.0,0.9846989685531047
4074,-1.6250000000000506,0.9783111294747798,5.0,0.9846693771253252
4075,-1.6200000000000507,0.9784672709769916,5.0,0.9846397339610358
4076,-1.6150000000000508,0.9786234124792031,5.0,0.9846100388875709
4077,-1.610000000000051,0.9787795539814153,5.0,0.9845802917314996
4078,-1.605000000000051,0.9788834115131088,5.0,0.9845504923186179
4079,-1.6000000000000512,0.9789702426249618,5.0,0.9845206404739486
4080,-1.5950000000000513,0.9790570737368148,5.0,0.9844907360217334
4081,-1.5900000000000514,0.979143904848668,5.0,0.9844607787854323
4082,-1.5850000000000517,0.9792307359605208,5.0,0.9844307685877163
4083,-1.5800000000000516,0.979317567072374,5.0,0.9844007052504653
4084,-1.5750000000000517,0.9793484690057572,5.0,0.9843705885947625
4085,-1.5700000000000518,0.9793265067403992,5.0,0.9843404184408919
4086,-1.565000000000052,0.9791368178486508,5.0,0.9843101946083317
4087,-1.560000000000052,0.9789389534636612,5.0,0.9842799169157521
4088,-1.555000000000052,0.9787410890786716,5.0,0.9842495851810096
4089,-1.5500000000000522,0.9785432246936816,5.0,0.9842191992211431
4090,-1.5450000000000523,0.9783453603086922,5.0,0.9841887588523703
4091,-1.5400000000000524,0.9781474959237024,5.0,0.9841582638900814
4092,-1.5350000000000523,0.9779496315387128,5.0,0.9841277141488378
4093,-1.5300000000000529,0.9777517671537233,5.0,0.9840971094423638
4094,-1.5250000000000528,0.9775539027687334,5.0,0.9840664495835452
4095,-1.5200000000000529,0.977356038383744,5.0,0.9840357343844233
4096,-1.515000000000053,0.9771581739987542,5.0,0.9840049636561907
4097,-1.510000000000053,0.9769603096137646,5.0,0.9839741372091872
4098,-1.5050000000000532,0.9767624452287748,5.0,0.9839432548528948
4099,-1.5000000000000533,0.9765645808437852,5.0,0.9839123163959338
4100,-1.4950000000000534,0.9763667164587956,5.0,0.9838813216460558
4101,-1.4900000000000535,0.9761688520738058,5.0,0.9838502704101426
4102,-1.4850000000000536,0.9759979799587988,5.0,0.9838191624941999
4103,-1.4800000000000535,0.9758410793079516,5.0,0.9837879977033519
4104,-1.4750000000000538,0.9756841786571044,5.0,0.9837567758418369
4105,-1.470000000000054,0.975527278006257,5.0,0.9837254967130025
4106,-1.465000000000054,0.97537037735541,5.0,0.9836941601193032
4107,-1.460000000000054,0.9752134767045628,5.0,0.9836627658622916
4108,-1.4550000000000542,0.9750565760537154,5.0,0.9836313137426171
4109,-1.4500000000000544,0.9748996754028684,5.0,0.9835998035600182
4110,-1.4450000000000545,0.9747427747520212,5.0,0.9835682351133197
4111,-1.4400000000000546,0.9745858741011738,5.0,0.9835366082004284
4112,-1.435000000000055,0.9744289734503268,5.0,0.9835049226183237
4113,-1.4300000000000548,0.9742720727994796,5.0,0.983473178163059
4114,-1.425000000000055,0.9741151721486324,5.0,0.9834413746297521
4115,-1.420000000000055,0.9739582714977852,5.0,0.9834095118125816
4116,-1.415000000000055,0.973801370846938,5.0,0.9833775895047825
4117,-1.4100000000000552,0.9736444701960908,5.0,0.9833456074986406
4118,-1.405000000000055,0.9734875695452436,5.0,0.9833135655854868
4119,-1.4000000000000554,0.973330668894396,5.0,0.9832814635556926
4120,-1.3950000000000555,0.9731737682435492,5.0,0.983249301198666
4121,-1.3900000000000556,0.973016867592702,5.0,0.9832170783028442
4122,-1.3850000000000555,0.9728599669418548,5.0,0.9831847946556898
4123,-1.3800000000000558,0.9727030662910074,5.0,0.9831524500436852
4124,-1.375000000000056,0.9725461656401604,5.0,0.9831200442523278
4125,-1.370000000000056,0.9723892649893128,5.0,0.9830875770661243
4126,-1.3650000000000562,0.9722323643384658,5.0,0.9830550482685843
4127,-1.3600000000000565,0.9720754636876188,5.0,0.983022457642218
4128,-1.3550000000000564,0.9719185630367712,5.0,0.9829898049685271
4129,-1.3500000000000565,0.9717616623859242,5.0,0.982957090028002
4130,-1.3450000000000566,0.9716047617350768,5.0,0.9829243126001164
4131,-1.3400000000000567,0.9714478610842296,5.0,0.9828914724633195
4132,-1.3350000000000568,0.9712909604333826,5.0,0.9828585693950327
4133,-1.330000000000057,0.9711340597825352,5.0,0.9828256031716438
4134,-1.325000000000057,0.970977159131688,5.0,0.9827925735685008
4135,-1.3200000000000571,0.970820258480841,5.0,0.9827594803599065
4136,-1.3150000000000572,0.9706633578299936,5.0,0.982726323319113
4137,-1.3100000000000571,0.9705064571791464,5.0,0.9826931022183163
4138,-1.3050000000000574,0.9703495565282992,5.0,0.9826598168286502
4139,-1.3000000000000576,0.970192655877452,5.0,0.9826264669201805
4140,-1.2950000000000577,0.9700357552266048,5.0,0.9825930522619004
4141,-1.2900000000000578,0.9698788545757576,5.0,0.9825595726217229
4142,-1.285000000000058,0.9697219539249105,5.0,0.9825260277664774
4143,-1.280000000000058,0.9695650532740632,5.0,0.9824924174619007
4144,-1.275000000000058,0.969408152623216,5.0,0.9824587414726347
4145,-1.2700000000000582,0.9692512519723688,5.0,0.9824249995622167
4146,-1.2650000000000583,0.9690943513215214,5.0,0.9823911914930779
4147,-1.2600000000000584,0.9693545152733944,5.0,0.9823573170265332
4148,-1.2550000000000583,0.9696637780738444,5.0,0.9823233759227779
4149,-1.2500000000000586,0.9699730408742946,5.0,0.9822893679408806
4150,-1.2450000000000587,0.9702823036747448,5.0,0.9822552928387775
4151,-1.2400000000000588,0.9705915664751946,5.0,0.9822211503732672
4152,-1.235000000000059,0.9709008292756448,5.0,0.982186940300001
4153,-1.230000000000059,0.9712100920760948,5.0,0.9821526623734826
4154,-1.2250000000000592,0.971519354876545,5.0,0.9821183163470559
4155,-1.2200000000000593,0.971828617676995,5.0,0.9820839019729035
4156,-1.2150000000000594,0.972137880477445,5.0,0.9820494190020377
4157,-1.2100000000000597,0.9724471432778952,5.0,0.9820148671842948
4158,-1.2050000000000596,0.9727564060783452,5.0,0.9819802462683296
4159,-1.2000000000000597,0.9730656688787954,5.0,0.9819455560016077
4160,-1.1950000000000598,0.9733749316792454,5.0,0.981910796130401
4161,-1.19000000000006,0.9736841944796956,5.0,0.9818759663997787
4162,-1.18500000000006,0.9739934572801456,5.0,0.9818410665536033
4163,-1.18000000000006,0.9743027200805956,5.0,0.9818060963345232
4164,-1.1750000000000602,0.974611982881046,5.0,0.9817710554839645
4165,-1.1700000000000603,0.974921245681496,5.0,0.9817359437421285
4166,-1.1650000000000604,0.975230508481946,5.0,0.9817007608479793
4167,-1.1600000000000603,0.975539771282396,5.0,0.9816655065392441
4168,-1.1550000000000606,0.9758490340828464,5.0,0.9816301805524006
4169,-1.1500000000000608,0.9761582968832964,5.0,0.9815947826226723
4170,-1.1450000000000609,0.9764675596837464,5.0,0.9815593124840234
4171,-1.140000000000061,0.9767768224841964,5.0,0.9815237698691492
4172,-1.135000000000061,0.9770860852846468,5.0,0.9814881545094722
4173,-1.1300000000000612,0.9773953480850966,5.0,0.9814524661351329
4174,-1.1250000000000613,0.9777046108855468,5.0,0.9814167044749831
4175,-1.1200000000000614,0.9780138736859968,5.0,0.9813808692565809
4176,-1.1150000000000615,0.9783231364864472,5.0,0.9813449602061817
4177,-1.1100000000000616,0.978632399286897,5.0,0.9813089770487318
4178,-1.1050000000000617,0.9789416620873472,5.0,0.9812729195078622
4179,-1.1000000000000618,0.9792509248877972,5.0,0.9812367873058794
4180,-1.095000000000062,0.9795601876882472,5.0,0.9812005801637613
4181,-1.090000000000062,0.9798694504886974,5.0,0.9811642978011474
4182,-1.085000000000062,0.9801787132891476,5.0,0.9811279399363333
4183,-1.0800000000000622,0.9804879760895976,5.0,0.9810915062862613
4184,-1.0750000000000624,0.9807972388900476,5.0,0.9810549965665163
4185,-1.0700000000000625,0.9811065016904976,5.0,0.9810184104913156
4186,-1.0650000000000626,0.981415764490948,5.0,0.980981747773503
4187,-1.060000000000063,0.981725027291398,5.0,0.980945008124541
4188,-1.0550000000000628,0.9819895421219756,5.0,0.9809081912545043
4189,-1.0500000000000629,0.9819698214513616,5.0,0.9808712968720699
4190,-1.045000000000063,0.9819501007807476,5.0,0.9808343246845113
4191,-1.040000000000063,0.9819303801101336,5.0,0.9807972743976925
4192,-1.0350000000000632,0.9819106594395198,5.0,0.9807601457160569
4193,-1.0300000000000633,0.981890938768906,5.0,0.9807229383426219
4194,-1.0250000000000634,0.981871218098292,5.0,0.9806856519789706
4195,-1.0200000000000635,0.9818514974276782,5.0,0.9806482863252441
4196,-1.0150000000000636,0.981831776757064,5.0,0.9806108410801337
4197,-1.0100000000000635,0.9818120560864504,5.0,0.9805733159408743
4198,-1.0050000000000638,0.9817923354158364,5.0,0.9805357106032333
4199,-1.000000000000064,0.9817726147452224,5.0,0.9804980247615069
4200,-0.995000000000064,0.9817528940746084,5.0,0.9804602581085085
4201,-0.9900000000000642,0.9817331734039948,5.0,0.980422410335563
4202,-0.9850000000000644,0.9817134527333806,5.0,0.9803844811324973
4203,-0.9800000000000644,0.9816937320627668,5.0,0.9803464701876339
4204,-0.9750000000000644,0.9816740113921528,5.0,0.9803083771877814
4205,-0.9700000000000646,0.981654290721539,5.0,0.9802702018182259
4206,-0.9650000000000648,0.9816345700509248,5.0,0.9802319437627252
4207,-0.9600000000000648,0.9816148493803112,5.0,0.9801936027034976
4208,-0.9550000000000648,0.9815951287096972,5.0,0.9801551783212157
4209,-0.950000000000065,0.9815754080390832,5.0,0.9801166702949966
4210,-0.9450000000000652,0.9816333956424086,5.0,0.9800780783023952
4211,-0.9400000000000652,0.9818395251926024,5.0,0.9800394020193934
4212,-0.9350000000000652,0.9820456547427968,5.0,0.9800006411203945
4213,-0.9300000000000654,0.9822517842929906,5.0,0.9799617952782114
4214,-0.9250000000000655,0.9824579138431848,5.0,0.9799228641640616
4215,-0.9200000000000657,0.982664043393379,5.0,0.9798838474475555
4216,-0.9150000000000658,0.9828701729435728,5.0,0.9798447447966889
4217,-0.910000000000066,0.983046973191444,5.0,0.9798055558778351
4218,-0.905000000000066,0.9829629372516948,5.0,0.9797662803557348
4219,-0.9000000000000661,0.982878901311946,5.0,0.9797269178934878
4220,-0.8950000000000662,0.9827948653721968,5.0,0.9796874681525438
4221,-0.8900000000000663,0.9827108294324476,5.0,0.9796479307926951
4222,-0.8850000000000664,0.9826267934926988,5.0,0.979608305472065
4223,-0.8800000000000665,0.9825427575529496,5.0,0.9795685918471004
4224,-0.8750000000000666,0.9824587216132004,5.0,0.979528789572564
4225,-0.8700000000000667,0.9823746856734517,5.0,0.9794888983015202
4226,-0.8650000000000668,0.9822906497337024,5.0,0.9794489176853336
4227,-0.8600000000000669,0.9822066137939532,5.0,0.9794088473736526
4228,-0.855000000000067,0.9821225778542044,5.0,0.9793686870144045
4229,-0.8500000000000671,0.9820385419144552,5.0,0.979328436253784
4230,-0.8450000000000673,0.981954505974706,5.0,0.9792880947362446
4231,-0.8400000000000674,0.9818190765616558,5.0,0.9792476621044901
4232,-0.8350000000000675,0.9814856243959164,5.0,0.9792071379994638
4233,-0.8300000000000676,0.9811521722301776,5.0,0.9791665220603392
4234,-0.8250000000000677,0.9808187200644384,5.0,0.9791258139245098
4235,-0.8200000000000678,0.9804852678986992,5.0,0.9790850132275828
4236,-0.8150000000000679,0.98015181573296,5.0,0.9790441196033635
4237,-0.810000000000068,0.979818363567221,5.0,0.9790031326838518
4238,-0.8050000000000681,0.9794849114014818,5.0,0.9789620520992286
4239,-0.8000000000000682,0.9791514592357426,5.0,0.9789208774778462
4240,-0.7950000000000683,0.9788180070700035,5.0,0.9788796084462201
4241,-0.7900000000000684,0.9784845549042642,5.0,0.978838244629018
4242,-0.7850000000000685,0.9781511027385252,5.0,0.9787967856490494
4243,-0.7800000000000686,0.977817650572786,5.0,0.9787552311272558
4244,-0.7750000000000687,0.9774841984070468,5.0,0.9787135806827021
4245,-0.7700000000000689,0.9771507462413078,5.0,0.9786718339325631
4246,-0.765000000000069,0.9768172940755688,5.0,0.9786299904921179
4247,-0.7600000000000691,0.9764838419098296,5.0,0.9785880499747344
4248,-0.7550000000000692,0.9763038349679202,5.0,0.9785460119918625
4249,-0.7500000000000693,0.9761489829312696,5.0,0.978503876153024
4250,-0.7450000000000694,0.9759941308946196,5.0,0.9784616420657981
4251,-0.7400000000000695,0.9758392788579692,5.0,0.9784193093358176
4252,-0.7350000000000696,0.9756844268213188,5.0,0.9783768775667503
4253,-0.7300000000000697,0.9755295747846686,5.0,0.9783343463602954
4254,-0.7250000000000698,0.9753747227480182,5.0,0.9782917153161679
4255,-0.7200000000000699,0.9752198707113676,5.0,0.9782489840320916
4256,-0.71500000000007,0.9750650186747176,5.0,0.9782061521037857
4257,-0.7100000000000701,0.9749181137106324,5.0,0.9781632191249539
4258,-0.7050000000000702,0.9749563152491972,5.0,0.9781201846872765
4259,-0.7000000000000703,0.974994516787762,5.0,0.9780770483803947
4260,-0.6950000000000705,0.9750327183263268,5.0,0.9780338097919032
4261,-0.6900000000000706,0.9750709198648916,5.0,0.9779904685073393
4262,-0.6850000000000707,0.9751091214034564,5.0,0.9779470241101678
4263,-0.6800000000000708,0.9751473229420212,5.0,0.9779034761817749
4264,-0.6750000000000709,0.9751855244805862,5.0,0.9778598243014522
4265,-0.670000000000071,0.975223726019151,5.0,0.9778160680463892
4266,-0.6650000000000711,0.9752619275577156,5.0,0.9777722069916599
4267,-0.6600000000000712,0.9753001290962804,5.0,0.9777282407102097
4268,-0.6550000000000713,0.9753383306348452,5.0,0.9776841687728492
4269,-0.6500000000000714,0.97537653217341,5.0,0.9776399907482358
4270,-0.6450000000000715,0.9754190194889129,5.0,0.9775957062028677
4271,-0.6400000000000716,0.9755502854279738,5.0,0.977551314701069
4272,-0.6350000000000717,0.9756815513670352,5.0,0.977506815804978
4273,-0.6300000000000718,0.9758128173060964,5.0,0.9774622090745375
4274,-0.6250000000000719,0.9759440832451576,5.0,0.9774174940674807
4275,-0.620000000000072,0.9760753491842188,5.0,0.97737267033932
4276,-0.6150000000000722,0.9762066151232796,5.0,0.977327737443334
4277,-0.6100000000000723,0.976337881062341,5.0,0.9772826949305586
4278,-0.6050000000000724,0.976469147001402,5.0,0.9772375423497697
4279,-0.6000000000000725,0.9766004129404634,5.0,0.977192279247475
4280,-0.5950000000000726,0.9767316788795244,5.0,0.9771469051679009
4281,-0.5900000000000727,0.9768629448185856,5.0,0.977101419652979
4282,-0.5850000000000728,0.9769942107576468,5.0,0.9770558222423331
4283,-0.5800000000000729,0.977125476696708,5.0,0.9770101124732689
4284,-0.575000000000073,0.9772567426357692,5.0,0.9769642898807602
4285,-0.5700000000000731,0.9773880085748304,5.0,0.9769183539974362
4286,-0.5650000000000732,0.9775192745138916,5.0,0.9768723043535681
4287,-0.5600000000000733,0.977661289409046,5.0,0.9768261404770573
4288,-0.5550000000000734,0.9779655202146292,5.0,0.9767798618934223
4289,-0.5500000000000735,0.9782838384244484,5.0,0.9767334681257858
4290,-0.5450000000000736,0.9786021566342672,5.0,0.9766869586948617
4291,-0.5400000000000738,0.978920474844086,5.0,0.9766403331189399
4292,-0.5350000000000739,0.9792387930539048,5.0,0.9765935909138777
4293,-0.530000000000074,0.9795571112637238,5.0,0.9765467315930818
4294,-0.5250000000000741,0.9798754294735426,5.0,0.9764997546674974
4295,-0.5200000000000742,0.9801937476833616,5.0,0.9764526596455956
4296,-0.5150000000000743,0.9805120658931804,5.0,0.9764054460333569
4297,-0.5100000000000744,0.9808303841029992,5.0,0.9763581133342607
4298,-0.5050000000000745,0.981148702312818,5.0,0.9763106610492704
4299,-0.5000000000000746,0.981274549326017,5.0,0.9762630886768202
4300,-0.4950000000000747,0.9813512327145696,5.0,0.9762153957127988
4301,-0.4900000000000748,0.9814279161031222,5.0,0.9761675816505397
4302,-0.4850000000000749,0.9815045994916748,5.0,0.9761196459808046
4303,-0.480000000000075,0.9815812828802272,5.0,0.9760715881917703
4304,-0.4750000000000751,0.98165796626878,5.0,0.9760234077690135
4305,-0.4700000000000752,0.9817346496573324,5.0,0.9759751041954978
4306,-0.4650000000000753,0.9818113330458852,5.0,0.9759266769515602
4307,-0.4600000000000754,0.9818880164344376,5.0,0.9758781255148943
4308,-0.4550000000000755,0.9819646998229904,5.0,0.9758294493605382
4309,-0.4500000000000757,0.9820413832115428,5.0,0.9757806479608582
4310,-0.4450000000000758,0.9821180666000956,5.0,0.9757317207855367
4311,-0.4400000000000759,0.982194749988648,5.0,0.9756826673015551
4312,-0.435000000000076,0.9822714333772008,5.0,0.9756334869731795
4313,-0.4300000000000761,0.9823481167657532,5.0,0.9755841792619477
4314,-0.4250000000000762,0.9824248001543058,5.0,0.9755347436266524
4315,-0.4200000000000763,0.9825014835428584,5.0,0.975485179523327
4316,-0.4150000000000764,0.982578166931411,5.0,0.9754354864052301
4317,-0.4100000000000765,0.9826548503199636,5.0,0.975385663722832
4318,-0.4050000000000766,0.982731533708516,5.0,0.9753357109237972
4319,-0.4000000000000767,0.9828082170970688,5.0,0.9752856274529698
4320,-0.3950000000000768,0.9828849004856214,5.0,0.9752354127523588
4321,-0.3900000000000769,0.982961583874174,5.0,0.9751850662611234
4322,-0.385000000000077,0.9830589796318924,5.0,0.9751345874155555
4323,-0.3800000000000771,0.9831611531809752,5.0,0.9750839756490635
4324,-0.3750000000000772,0.9832633267300578,5.0,0.9750332303921607
4325,-0.3700000000000774,0.9833655002791404,5.0,0.9749823510724456
4326,-0.3650000000000775,0.9834676738282228,5.0,0.9749313371145856
4327,-0.3600000000000776,0.9835698473773056,5.0,0.9748801879403055
4328,-0.3550000000000777,0.9836720209263884,5.0,0.9748289029683657
4329,-0.3500000000000778,0.9837741944754708,5.0,0.9747774816145522
4330,-0.3450000000000779,0.9838763680245534,5.0,0.9747259232916534
4331,-0.340000000000078,0.983978541573636,5.0,0.9746742274094498
4332,-0.3350000000000781,0.9840807151227188,5.0,0.9746223933746938
4333,-0.3300000000000782,0.9841828886718011,5.0,0.9745704205910961
4334,-0.3250000000000783,0.984285062220884,5.0,0.9745183084593065
4335,-0.3200000000000784,0.9843872357699665,5.0,0.9744660563768974
4336,-0.3150000000000785,0.9844894093190492,5.0,0.9744136637383498
4337,-0.3100000000000786,0.9845915828681318,5.0,0.9743611299350323
4338,-0.3050000000000787,0.9846937564172142,5.0,0.9743084543551885
4339,-0.3000000000000788,0.984795929966297,5.0,0.9742556363839157
4340,-0.295000000000079,0.9848981035153797,5.0,0.9742026754031508
4341,-0.2900000000000791,0.9850002770644622,5.0,0.9741495707916517
4342,-0.2850000000000792,0.9851024506135448,5.0,0.9740963219249799
4343,-0.2800000000000793,0.9852046241626272,5.0,0.9740429281754834
4344,-0.2750000000000794,0.98530679771171,5.0,0.9739893889122804
4345,-0.2700000000000795,0.9854089712607926,5.0,0.9739357035012375
4346,-0.2650000000000796,0.9855111448098752,5.0,0.973881871304958
4347,-0.2600000000000797,0.985613318358958,5.0,0.9738278916827579
4348,-0.2550000000000798,0.9857154919080404,5.0,0.9737737639906534
4349,-0.2500000000000799,0.9858176654571232,5.0,0.9737194875813382
4350,-0.24500000000008,0.9859198390062056,5.0,0.97366506180417
4351,-0.2400000000000801,0.9860220125552884,5.0,0.9736104860051464
4352,-0.2350000000000802,0.9861241861043708,5.0,0.9735557595268931
4353,-0.2300000000000803,0.9862263596534536,5.0,0.9735008817086412
4354,-0.2250000000000804,0.9863285332025362,5.0,0.9734458518862086
4355,-0.2200000000000805,0.9864307067516188,5.0,0.973390669391984
4356,-0.2150000000000806,0.9865328803007012,5.0,0.9733353335549066
4357,-0.2100000000000808,0.986635053849784,5.0,0.9732798437004455
4358,-0.2050000000000809,0.9867372273988666,5.0,0.9732241991505846
4359,-0.200000000000081,0.9868394009479492,5.0,0.9731683992238009
4360,-0.1950000000000811,0.986941574497032,5.0,0.9731124432350451
4361,-0.1900000000000812,0.9870437480461144,5.0,0.9730563304957243
4362,-0.1850000000000813,0.9871459215951972,5.0,0.9730000603136797
4363,-0.1800000000000814,0.9872480951442796,5.0,0.9729436319931717
4364,-0.1750000000000815,0.9873502686933624,5.0,0.9728870448348543
4365,-0.1700000000000816,0.9874524422424448,5.0,0.9728302981357613
4366,-0.1650000000000817,0.9875546157915276,5.0,0.972773391189282
4367,-0.1600000000000818,0.9876567893406102,5.0,0.9727163232851437
4368,-0.1550000000000819,0.9877589628896928,5.0,0.9726590937093911
4369,-0.150000000000082,0.9878611364387752,5.0,0.9726017017443658
4370,-0.1450000000000821,0.987963309987858,5.0,0.9725441466686868
4371,-0.1400000000000822,0.9880654835369408,5.0,0.9724864277572289
4372,-0.1350000000000824,0.9881676570860232,5.0,0.972428544281104
4373,-0.1300000000000825,0.9882698306351058,5.0,0.9723704955076395
4374,-0.1250000000000826,0.9883720041841884,5.0,0.9723122807003559
4375,-0.1200000000000827,0.9884741777332712,5.0,0.97225389911895
4376,-0.1150000000000828,0.9885763512823538,5.0,0.9721953500192706
4377,-0.1100000000000829,0.988678524831436,5.0,0.972136632653299
4378,-0.105000000000083,0.9887806983805189,5.0,0.9720777462691261
4379,-0.1000000000000831,0.9888828719296016,5.0,0.9720186901109349
4380,-0.0950000000000832,0.9889850454786842,5.0,0.9719594634189743
4381,-0.0900000000000833,0.9890872190277668,5.0,0.9719000654295415
4382,-0.0850000000000834,0.9891893925768492,5.0,0.971840495374958
4383,-0.0800000000000835,0.989291566125932,5.0,0.9717807524835491
4384,-0.0750000000000836,0.9893937396750146,5.0,0.9717208359796212
4385,-0.0700000000000837,0.9894959132240972,5.0,0.9716607450834411
4386,-0.0650000000000838,0.9895980867731796,5.0,0.971600479011212
4387,-0.0600000000000839,0.9897002603222624,5.0,0.9715400369750535
4388,-0.055000000000084,0.989802433871345,5.0,0.9714794181829773
4389,-0.0500000000000842,0.9899046074204276,5.0,0.9714186218388654
4390,-0.0450000000000843,0.9900067809695102,5.0,0.9713576471424488
4391,-0.0400000000000844,0.9901089545185928,5.0,0.9712964932892816
4392,-0.0350000000000845,0.9902111280676756,5.0,0.9712351594707229
4393,-0.0300000000000846,0.990313301616758,5.0,0.971173644873909
4394,-0.0250000000000847,0.9904154751658408,5.0,0.9711119486817332
4395,-0.0200000000000848,0.9905176487149232,5.0,0.9710500700728226
4396,-0.0150000000000849,0.990619822264006,5.0,0.9709880082215123
4397,-0.010000000000085,0.9907219958130886,5.0,0.9709257622978256
4398,-0.0050000000000851,0.9908241693621712,5.0,0.9708633314674466
4399,-8.526512829121202e-14,0.9909263429112536,5.0,0.9708007148917006
4400,0.0049999999999146,0.9910285164603364,5.0,0.9707379117275252
4401,0.0099999999999145,0.991130690009419,5.0,0.9706749211274521
4402,0.0149999999999144,0.9912328635585016,5.0,0.9706117422395775
4403,0.0199999999999143,0.9913350371075842,5.0,0.9705483742075423
4404,0.0249999999999142,0.9914372106566668,5.0,0.9704848161705042
4405,0.029999999999914,0.9915393842057496,5.0,0.9704210672631164
4406,0.0349999999999139,0.991641557754832,5.0,0.9703571266155002
4407,0.0399999999999138,0.9917437313039148,5.0,0.9702929933532214
4408,0.0449999999999137,0.9918459048529972,5.0,0.9702286665972659
4409,0.0499999999999136,0.99194807840208,5.0,0.9701641454640149
4410,0.0549999999999135,0.9920502519511626,5.0,0.9700994290652163
4411,0.0599999999999134,0.9921524255002452,5.0,0.9700345165079656
4412,0.0649999999999133,0.992254599049328,5.0,0.9699694068946738
4413,0.0699999999999132,0.9923567725984104,5.0,0.9699040993230468
4414,0.0749999999999131,0.992458946147493,5.0,0.9698385928860576
4415,0.079999999999913,0.9925611196965756,5.0,0.9697728866719193
4416,0.0849999999999129,0.9926632932456584,5.0,0.9697069797640625
4417,0.0899999999999128,0.9927654667947408,5.0,0.9696408712411053
4418,0.0949999999999127,0.9928676403438236,5.0,0.9695745601768295
4419,0.0999999999999126,0.9929698138929062,5.0,0.9695080456401532
4420,0.1049999999999125,0.9930719874419884,5.0,0.9694413266951052
4421,0.1099999999999123,0.9931741609910713,5.0,0.9693744024007969
4422,0.1149999999999122,0.993276334540154,5.0,0.9693072718113955
4423,0.1199999999999121,0.9933785080892366,5.0,0.9692399339760998
4424,0.124999999999912,0.9934806816383192,5.0,0.9691723879391079
4425,0.1299999999999119,0.993582855187402,5.0,0.9691046327395954
4426,0.1349999999999118,0.9936850287364845,5.0,0.9690366674116844
4427,0.1399999999999117,0.993787202285567,5.0,0.9689684909844156
4428,0.1449999999999116,0.9938893758346496,5.0,0.968900102481725
4429,0.1499999999999115,0.993991549383732,5.0,0.9688315009224093
4430,0.1549999999999114,0.9940937229328148,5.0,0.9687626853201052
4431,0.1599999999999113,0.9941958964818974,5.0,0.9686936546832536
4432,0.1649999999999112,0.99429807003098,5.0,0.9686244080150788
4433,0.1699999999999111,0.9944002435800628,5.0,0.9685549443135528
4434,0.174999999999911,0.9945024171291452,5.0,0.9684852625713734
4435,0.1799999999999109,0.994604590678228,5.0,0.9684153617759299
4436,0.1849999999999108,0.9947067642273104,5.0,0.9683452409092774
4437,0.1899999999999106,0.9948089377763932,5.0,0.9682748989481074
4438,0.1949999999999105,0.9949111113254758,5.0,0.9682043348637164
4439,0.1999999999999104,0.9950132848745584,5.0,0.9681335476219788
4440,0.2049999999999103,0.995115458423641,5.0,0.9680625361833173
4441,0.2099999999999102,0.9952176319727236,5.0,0.96799129950267
4442,0.2149999999999101,0.9953198055218064,5.0,0.9679198365294652
4443,0.21999999999991,0.9954219790708888,5.0,0.9678481462075885
4444,0.2249999999999099,0.9955241526199714,5.0,0.9677762274753525
4445,0.2299999999999098,0.995626326169054,5.0,0.9677040792654665
4446,0.2349999999999097,0.9957284997181368,5.0,0.9676317005050086
4447,0.2399999999999096,0.9958306732672192,5.0,0.9675590901153912
4448,0.2449999999999095,0.995932846816302,5.0,0.9674862470123322
4449,0.2499999999999094,0.9960350203653844,5.0,0.9674131701058242
4450,0.2549999999999093,0.9961371939144672,5.0,0.9673398583001016
4451,0.2599999999999092,0.9962393674635496,5.0,0.9672663104936123
4452,0.2649999999999091,0.9963323808561708,5.0,0.9671925255789828
4453,0.269999999999909,0.9964189850993902,5.0,0.9671185024429882
4454,0.2749999999999089,0.99650558934261,5.0,0.9670442399665209
4455,0.2799999999999087,0.9965921935858296,5.0,0.9669697370245571
4456,0.2849999999999086,0.996678797829049,5.0,0.9668949924861256
4457,0.2899999999999085,0.9967654020722684,5.0,0.9668200052142761
4458,0.2949999999999084,0.996852006315488,5.0,0.9667447740660446
4459,0.2999999999999083,0.9969386105587078,5.0,0.9666692978924225
4460,0.3049999999999082,0.9970252148019272,5.0,0.9665935755383233
4461,0.3099999999999081,0.9971118190451468,5.0,0.9665176058425489
4462,0.314999999999908,0.9971984232883664,5.0,0.966441387637758
4463,0.3199999999999079,0.997285027531586,5.0,0.96636491975043
4464,0.3249999999999078,0.9973716317748056,5.0,0.9662882010008347
4465,0.3299999999999077,0.997458236018025,5.0,0.9662112302029962
4466,0.3349999999999076,0.9975448402612446,5.0,0.9661340061646595
4467,0.3399999999999075,0.997631444504464,5.0,0.9660565276872577
4468,0.3449999999999074,0.9977180487476838,5.0,0.9659787935658752
4469,0.3499999999999073,0.9978046529909032,5.0,0.965900802589216
4470,0.3549999999999071,0.9978912572341226,5.0,0.9658225535395673
4471,0.359999999999907,0.9979778614773424,5.0,0.9657440451927659
4472,0.3649999999999069,0.998064465720562,5.0,0.9656652763181612
4473,0.3699999999999068,0.9981510699637814,5.0,0.9655862456785829
4474,0.3749999999999067,0.9982376742070008,5.0,0.9655069520303035
4475,0.3799999999999066,0.9983242784502204,5.0,0.9654273941230029
4476,0.3849999999999065,0.99841088269344,5.0,0.9653475706997345
4477,0.3899999999999064,0.9984974869366596,5.0,0.9652674804968875
4478,0.3949999999999063,0.9985840911798792,5.0,0.9651871222441504
4479,0.3999999999999062,0.9986706954230988,5.0,0.9651064946644783
4480,0.4049999999999061,0.9987572996663182,5.0,0.9650255964740497
4481,0.409999999999906,0.998843903909538,5.0,0.9649444263822387
4482,0.4149999999999059,0.9989305081527574,5.0,0.9648629830915705
4483,0.4199999999999058,0.999017112395977,5.0,0.9647812652976882
4484,0.4249999999999057,0.9991037166391964,5.0,0.9646992716893144
4485,0.4299999999999055,0.999190320882416,5.0,0.9646170009482158
4486,0.4349999999999054,0.9992508533301352,5.0,0.9645344517491623
4487,0.4399999999999053,0.9992834249244772,5.0,0.9644516227598912
4488,0.4449999999999052,0.999315996518819,5.0,0.9643685126410699
4489,0.4499999999999051,0.9993485681131608,5.0,0.9642851200462563
4490,0.454999999999905,0.9993811397075028,5.0,0.9642014436218609
4491,0.4599999999999049,0.9994137113018446,5.0,0.9641174820071092
4492,0.4649999999999048,0.9994462828961866,5.0,0.9640332338340005
4493,0.4699999999999047,0.9994788544905284,5.0,0.9639486977272722
4494,0.4749999999999046,0.9995114260848706,5.0,0.9638638723043582
4495,0.4799999999999045,0.9995439976792124,5.0,0.9637787561753512
4496,0.4849999999999044,0.9995765692735544,5.0,0.9636933479429612
4497,0.4899999999999043,0.9996091408678964,5.0,0.9636076462024783
4498,0.4949999999999042,0.9996417124622382,5.0,0.96352164954173
4499,0.4999999999999041,0.99967428405658,5.0,0.9634353565410447
4500,0.504999999999904,0.999706855650922,5.0,0.9633487657732074
4501,0.5099999999999039,0.999739427245264,5.0,0.9632618758034215
4502,0.5149999999999038,0.999771998839606,5.0,0.9631746851892682
4503,0.5199999999999037,0.9998045704339478,5.0,0.9630871924806641
4504,0.5249999999999035,0.9998371420282895,5.0,0.9629993962198216
4505,0.5299999999999034,0.9998697136226316,5.0,0.9629112949412069
4506,0.5349999999999033,0.9999022852169736,5.0,0.9628228871714974
4507,0.5399999999999032,0.9999348568113154,5.0,0.9627341714295432
4508,0.5449999999999031,0.9999674284056576,5.0,0.962645146226321
4509,0.549999999999903,0.9999999999999992,5.0,0.9625558100648945
4510,0.5549999999999029,1.0000325715943414,5.0,0.962466161440372
4511,0.5599999999999028,1.0000651431886831,5.0,0.9623761988398631
4512,0.5649999999999027,1.0000977147830252,5.0,0.962285920742435
4513,0.5699999999999026,1.0001302863773671,5.0,0.9621953256190732
4514,0.5749999999999025,1.000162857971709,5.0,0.9621044119326332
4515,0.5799999999999024,1.000195429566051,5.0,0.9620131781378007
4516,0.5849999999999023,1.0002280011603928,5.0,0.9619216226810474
4517,0.5899999999999022,1.000260572754735,5.0,0.9618297440005856
4518,0.594999999999902,1.0001036532449232,5.0,0.9617375405263267
4519,0.599999999999902,0.9998112356967492,5.0,0.961645010679834
4520,0.6049999999999018,0.999518818148575,5.0,0.9615521528742814
4521,0.6099999999999017,0.9992264006004008,5.0,0.9614589655144048
4522,0.6149999999999016,0.9989339830522266,5.0,0.9613654469964621
4523,0.6199999999999015,0.9986415655040524,5.0,0.9612715957081841
4524,0.6249999999999014,0.998349147955878,5.0,0.9611774100287303
4525,0.6299999999999013,0.998056730407704,5.0,0.9610828883286446
4526,0.6349999999999012,0.9977643128595296,5.0,0.9609880289698074
4527,0.6399999999999011,0.9974718953113556,5.0,0.9608928303053919
4528,0.644999999999901,0.9971794777631814,5.0,0.9607972906798159
4529,0.6499999999999009,0.9968870602150072,5.0,0.9607014084286973
4530,0.6549999999999008,0.996594642666833,5.0,0.9606051818788057
4531,0.6599999999999007,0.9963022251186586,5.0,0.9605086093480166
4532,0.6649999999999006,0.9960098075704844,5.0,0.9604116891452639
4533,0.6699999999999005,0.9957173900223102,5.0,0.9603144195704929
4534,0.6749999999999003,0.995424972474136,5.0,0.9602167989146131
4535,0.6799999999999002,0.995132554925962,5.0,0.9601188254594486
4536,0.6849999999999001,0.9948401373777876,5.0,0.9600204974776934
4537,0.6899999999999,0.9945477198296137,5.0,0.9599218132328604
4538,0.6949999999998999,0.9942553022814394,5.0,0.9598227709792342
4539,0.6999999999998998,0.9939628847332652,5.0,0.9597233689618221
4540,0.7049999999998997,0.9936704671850908,5.0,0.9596236054163065
4541,0.7099999999998996,0.9933780496369168,5.0,0.959523478568993
4542,0.7149999999998995,0.9930856320887425,5.0,0.9594229866367647
4543,0.7199999999998994,0.992793214540568,5.0,0.9593221278270296
4544,0.7249999999998993,0.992500796992394,5.0,0.9592209003376726
4545,0.7299999999998992,0.99220837944422,5.0,0.9591193023570055
4546,0.7349999999998991,0.9919159618960456,5.0,0.9590173320637161
4547,0.739999999999899,0.9916235443478716,5.0,0.9589149876268175
4548,0.7449999999998989,0.9913311267996974,5.0,0.958812267205599
4549,0.7499999999998987,0.9909927864018228,5.0,0.9587091689495739
4550,0.7549999999998986,0.9905715507231476,5.0,0.9586056909984282
4551,0.7599999999998985,0.9901503150444726,5.0,0.9585018314819709
4552,0.7649999999998984,0.9897290793657976,5.0,0.9583975885200804
4553,0.7699999999998983,0.9893078436871228,5.0,0.9582929602226538
4554,0.7749999999998982,0.9888866080084474,5.0,0.9581879446895554
4555,0.7799999999998981,0.9884653723297724,5.0,0.9580825400105644
4556,0.784999999999898,0.9880441366510972,5.0,0.9579767442653198
4557,0.7899999999998979,0.9876229009724222,5.0,0.9578705555232714
4558,0.7949999999998978,0.9868067238018028,5.0,0.9577639718436248
4559,0.7999999999998977,0.985981254102552,5.0,0.957656991275289
4560,0.8049999999998976,0.9851557844033012,5.0,0.9575496118568221
4561,0.8099999999998975,0.9842910259468056,5.0,0.9574418316163786
4562,0.8149999999998974,0.9834102587350166,5.0,0.9573336485716559
4563,0.8199999999998973,0.9825294915232274,5.0,0.957225060729838
4564,0.8249999999998971,0.9816487243114383,5.0,0.9571160660875446
4565,0.829999999999897,0.9807679570996491,5.0,0.9570066626307729
4566,0.8349999999998969,0.9798871898878604,5.0,0.9568968483348461
4567,0.8399999999998968,0.9790064226760712,5.0,0.9567866211643559
4568,0.8449999999998967,0.978125655464282,5.0,0.9566759790731094
4569,0.8499999999998966,0.977244888252493,5.0,0.956564920004072
4570,0.8549999999998965,0.9763641210407038,5.0,0.9564534418893107
4571,0.8599999999998964,0.9754833538289148,5.0,0.9563415426499424
4572,0.8649999999998963,0.9746025866171256,5.0,0.9562292201960736
4573,0.8699999999998962,0.9737218194053364,5.0,0.9561164724267457
4574,0.8749999999998961,0.9730236522856418,5.0,0.9560032972298784
4575,0.879999999999896,0.9723399451639982,5.0,0.9558896924822111
4576,0.8849999999998959,0.9716562380423548,5.0,0.9557756560492499
4577,0.8899999999998958,0.9709725309207112,5.0,0.955661185785206
4578,0.8949999999998957,0.9702888237990676,5.0,0.9555462795329399
4579,0.8999999999998956,0.969605116677424,5.0,0.9554309351239041
4580,0.9049999999998954,0.9689214095557804,5.0,0.9553151503780846
4581,0.9099999999998952,0.9682377024341372,5.0,0.9551989231039417
4582,0.9149999999998952,0.9675539953124934,5.0,0.9550822510983541
4583,0.9199999999998952,0.9668702881908496,5.0,0.9549651321465569
4584,0.924999999999895,0.9661865810692062,5.0,0.9548475640220859
4585,0.9299999999998948,0.9655028739475628,5.0,0.9547295444867161
4586,0.9349999999998948,0.9648191668259192,5.0,0.9546110712904028
4587,0.9399999999998948,0.9641354597042756,5.0,0.9544921421712229
4588,0.9449999999998946,0.963451752582632,5.0,0.9543727548553145
4589,0.9499999999998944,0.9627680454609886,5.0,0.9542529070568164
4590,0.9549999999998944,0.9620843383393448,5.0,0.9541325964778087
4591,0.9599999999998944,0.9614006312177014,5.0,0.9540118208082509
4592,0.9649999999998942,0.960716924096058,5.0,0.9538905777259241
4593,0.969999999999894,0.960033216974414,5.0,0.9537688648963656
4594,0.974999999999894,0.9593495098527708,5.0,0.9536466799728112
4595,0.9799999999998938,0.9586658027311272,5.0,0.953524020596132
4596,0.9849999999998936,0.9579820956094836,5.0,0.9534008843947752
4597,0.9899999999998936,0.95729838848784,5.0,0.9532772689846973
4598,0.9949999999998936,0.9566146813661964,5.0,0.9531531719693092
4599,0.9999999999998934,0.9559309742445528,5.0,0.9530285909394061
4600,1.004999999999893,0.9552472671229092,5.0,0.9529035234731096
4601,1.0099999999998932,0.954563560001266,5.0,0.9527779671358059
4602,1.014999999999893,0.9538798528796224,5.0,0.9526519194800784
4603,1.019999999999893,0.9531961457579786,5.0,0.9525253780456491
4604,1.0249999999998929,0.9525124386363352,5.0,0.952398340359311
4605,1.0299999999998928,0.9518287315146916,5.0,0.9522708039348686
4606,1.034999999999893,0.951145024393048,5.0,0.9521427662730699
4607,1.0399999999998926,0.9504613172714044,5.0,0.9520142248615464
4608,1.0449999999998925,0.9497776101497608,5.0,0.9518851771747456
4609,1.0499999999998924,0.9490939030281172,5.0,0.9517556206738675
4610,1.0549999999998922,0.9484101959064738,5.0,0.951625552806801
4611,1.059999999999892,0.94772648878483,5.0,0.9514949710080578
4612,1.064999999999892,0.9470427816631866,5.0,0.9513638726987061
4613,1.069999999999892,0.9463590745415432,5.0,0.9512322552863086
4614,1.0749999999998918,0.9456753674198995,5.0,0.9511001161648536
4615,1.0799999999998915,0.944991660298256,5.0,0.9509674527146914
4616,1.0849999999998916,0.9443079531766124,5.0,0.950834262302467
4617,1.0899999999998915,0.9436242460549688,5.0,0.9507005422810535
4618,1.0949999999998914,0.9429405389333254,5.0,0.9505662899894896
4619,1.0999999999998913,0.9422568318116816,5.0,0.9504315027529058
4620,1.1049999999998912,0.9415731246900382,5.0,0.9502961778824652
4621,1.109999999999891,0.9408894175683944,5.0,0.9501603126752916
4622,1.114999999999891,0.940205710446751,5.0,0.9500239044144039
4623,1.1199999999998909,0.9393093100056916,5.0,0.9498869503686489
4624,1.1249999999998908,0.938302887660157,5.0,0.9497494477926327
4625,1.1299999999998906,0.937296465314622,5.0,0.9496113939266544
4626,1.1349999999998903,0.9362900429690868,5.0,0.949472785996637
4627,1.1399999999998904,0.9352836206235522,5.0,0.9493336212140597
4628,1.1449999999998903,0.9342771982780176,5.0,0.9491938967758886
4629,1.1499999999998902,0.9332707759324824,5.0,0.9490536098645099
4630,1.15499999999989,0.9322643535869476,5.0,0.9489127576476595
4631,1.15999999999989,0.9312579312414128,5.0,0.9487713372783548
4632,1.16499999999989,0.9302515088958776,5.0,0.9486293458948261
4633,1.1699999999998898,0.9292450865503428,5.0,0.948486780620446
4634,1.1749999999998897,0.928238664204808,5.0,0.9483436385636606
4635,1.1799999999998896,0.9272322418592732,5.0,0.9481999168179212
4636,1.1849999999998897,0.9262258195137384,5.0,0.9480556124616115
4637,1.1899999999998894,0.9252193971682032,5.0,0.9479107225579799
4638,1.1949999999998893,0.9242129748226684,5.0,0.9477652441550697
4639,1.1999999999998892,0.9232065524771336,5.0,0.9476191742856463
4640,1.204999999999889,0.9222001301315988,5.0,0.9474725099671291
4641,1.209999999999889,0.921193707786064,5.0,0.9473252482015193
4642,1.2149999999998888,0.9201872854405292,5.0,0.9471773859753305
4643,1.2199999999998887,0.9191802075721068,5.0,0.9470289202595161
4644,1.2249999999998886,0.917898686139198,5.0,0.9468798480093998
4645,1.2299999999998883,0.9166171647062892,5.0,0.9467301661646024
4646,1.2349999999998884,0.9153356432733802,5.0,0.9465798716489722
4647,1.2399999999998883,0.9140541218404714,5.0,0.9464289613705128
4648,1.2449999999998882,0.9127726004075626,5.0,0.9462774322213101
4649,1.249999999999888,0.9114910789746538,5.0,0.9461252810774634
4650,1.254999999999888,0.9102095575417448,5.0,0.9459725047990095
4651,1.259999999999888,0.9089450379388536,5.0,0.9458191002298522
4652,1.2649999999998878,0.907704798299604,5.0,0.9456650641976934
4653,1.2699999999998877,0.9064645586603544,5.0,0.9455103935139537
4654,1.2749999999998876,0.9052243190211048,5.0,0.9453550849737065
4655,1.2799999999998877,0.9039840793818554,5.0,0.9451991353556011
4656,1.2849999999998871,0.902743839742606,5.0,0.9450425414217913
4657,1.2899999999998872,0.9015036001033564,5.0,0.9448852999178641
4658,1.2949999999998871,0.9002633604641068,5.0,0.9447274075727621
4659,1.299999999999887,0.8990231208248572,5.0,0.944568861098716
4660,1.304999999999887,0.8977828811856079,5.0,0.9444096571911664
4661,1.3099999999998868,0.8965426415463581,5.0,0.9442497925286952
4662,1.3149999999998867,0.8953024019071089,5.0,0.9440892637729466
4663,1.3199999999998866,0.8940621622678593,5.0,0.943928067568558
4664,1.3249999999998865,0.8928219226286098,5.0,0.9437662005430847
4665,1.3299999999998864,0.8915816829893602,5.0,0.943603659306927
4666,1.3349999999998865,0.8903414433501107,5.0,0.9434404404532535
4667,1.3399999999998862,0.8891012037108611,5.0,0.9432765405579306
4668,1.344999999999886,0.8878609640716117,5.0,0.9431119561794474
4669,1.349999999999886,0.8866207244323622,5.0,0.9429466838588403
4670,1.354999999999886,0.8853804847931127,5.0,0.9427807201196208
4671,1.3599999999998855,0.8841402451538631,5.0,0.9426140614676994
4672,1.3649999999998856,0.8829000055146136,5.0,0.942446704391313
4673,1.3699999999998855,0.8813405440812255,5.0,0.9422786453609495
4674,1.3749999999998854,0.8797718393567333,5.0,0.9421098808292749
4675,1.379999999999885,0.878203134632241,5.0,0.9419404072310549
4676,1.3849999999998852,0.8766344299077488,5.0,0.9417702209830852
4677,1.389999999999885,0.8750657251832568,5.0,0.9415993184841149
4678,1.394999999999885,0.8734970204587645,5.0,0.9414276961147714
4679,1.399999999999885,0.8719283157342723,5.0,0.9412553502374865
4680,1.4049999999998848,0.87035961100978,5.0,0.9410822771964218
4681,1.409999999999885,0.8687909062852878,5.0,0.9409084733173929
4682,1.4149999999998846,0.8672222015607957,5.0,0.9407339349077972
4683,1.4199999999998845,0.8656534968363035,5.0,0.9405586582565368
4684,1.4249999999998844,0.8640847921118113,5.0,0.9403826396339443
4685,1.4299999999998845,0.8625160873873192,5.0,0.9402058752917104
4686,1.434999999999884,0.8609473826628269,5.0,0.9400283614628058
4687,1.439999999999884,0.8593786779383347,5.0,0.9398500943614079
4688,1.444999999999884,0.8578099732138423,5.0,0.9396710701828279
4689,1.4499999999998838,0.8562412684893503,5.0,0.9394912851034334
4690,1.4549999999998835,0.8546725637648582,5.0,0.9393107352805756
4691,1.4599999999998836,0.8531038590403659,5.0,0.9391294168525146
4692,1.4649999999998835,0.8515351543158737,5.0,0.9389473259383434
4693,1.4699999999998834,0.8499664495913813,5.0,0.9387644586379154
4694,1.4749999999998833,0.8483977448668891,5.0,0.9385808110317699
4695,1.4799999999998832,0.846829040142397,5.0,0.9383963791810548
4696,1.484999999999883,0.8452603354179049,5.0,0.9382111591274567
4697,1.489999999999883,0.8436916306934127,5.0,0.9380251468931227
4698,1.4949999999998829,0.8421229259689206,5.0,0.9378383384805893
4699,1.4999999999998828,0.8405542212444284,5.0,0.9376507298727064
4700,1.5049999999998829,0.838985516519936,5.0,0.937462317032564
4701,1.5099999999998823,0.8374168117954439,5.0,0.9372730959034192
4702,1.5149999999998824,0.8358481070709515,5.0,0.9370830624086199
4703,1.5199999999998823,0.8342794023464596,5.0,0.9368922124515349
4704,1.5249999999998822,0.8327106976219674,5.0,0.9367005419154761
4705,1.529999999999882,0.8311419928974753,5.0,0.9365080466636293
4706,1.534999999999882,0.8295732881729829,5.0,0.9363147225389781
4707,1.539999999999882,0.8280045834484907,5.0,0.9361205653642315
4708,1.5449999999998818,0.8264358787239985,5.0,0.9359255709417513
4709,1.5499999999998817,0.8248671739995063,5.0,0.9357297350534792
4710,1.5549999999998816,0.823298469275014,5.0,0.9355330534608632
4711,1.5599999999998817,0.8217297645505218,5.0,0.935335521904787
4712,1.5649999999998814,0.8201610598260297,5.0,0.9351371361054965
4713,1.5699999999998813,0.8185923551015375,5.0,0.9349378917625275
4714,1.5749999999998812,0.8170236503770455,5.0,0.9347377845546334
4715,1.579999999999881,0.815454945652553,5.0,0.9345368101397167
4716,1.584999999999881,0.813886240928061,5.0,0.9343349641547527
4717,1.5899999999998808,0.8123175362035685,5.0,0.9341322422157217
4718,1.5949999999998807,0.8107488314790765,5.0,0.933928639917537
4719,1.5999999999998806,0.8091801267545843,5.0,0.9337241528339737
4720,1.6049999999998803,0.8076114220300921,5.0,0.933518776517599
4721,1.6099999999998804,0.8060427173055998,5.0,0.933312506499701
4722,1.6149999999998803,0.8044740125811077,5.0,0.9331053382902199
4723,1.6199999999998802,0.8029053078566155,5.0,0.9328972673776768
4724,1.62499999999988,0.8013366031321232,5.0,0.9326882892291057
4725,1.62999999999988,0.7997678984076311,5.0,0.9324783992899834
4726,1.63499999999988,0.7981991936831389,5.0,0.9322675929841611
4727,1.6399999999998798,0.7966304889586467,5.0,0.9320558657137965
4728,1.6449999999998797,0.7950617842341545,5.0,0.9318432128592833
4729,1.6499999999998796,0.7934930795096624,5.0,0.9316296297791871
4730,1.6549999999998797,0.7919243747851702,5.0,0.9314151118101752
4731,1.6599999999998791,0.7903556700606781,5.0,0.931199654266949
4732,1.6649999999998792,0.7887869653361858,5.0,0.9309832524421797
4733,1.6699999999998791,0.7872182606116935,5.0,0.9307659016064409
4734,1.674999999999879,0.7856495558872013,5.0,0.9305475970081409
4735,1.679999999999879,0.784080851162709,5.0,0.93032833387346
4736,1.6849999999998788,0.782512146438217,5.0,0.9301081074062836
4737,1.6899999999998787,0.7809434417137247,5.0,0.9298869127881371
4738,1.6949999999998786,0.7793747369892325,5.0,0.9296647451781235
4739,1.6999999999998785,0.7778060322647405,5.0,0.9294415997128573
4740,1.7049999999998784,0.776237327540248,5.0,0.929217471506403
4741,1.7099999999998785,0.7746686228157561,5.0,0.9289923556502111
4742,1.7149999999998782,0.7730999180912637,5.0,0.928766247213056
4743,1.719999999999878,0.7715312133667713,5.0,0.928539141240974
4744,1.724999999999878,0.7699625086422792,5.0,0.928311032757202
4745,1.729999999999878,0.7683938039177872,5.0,0.9280819167621162
4746,1.7349999999998778,0.766825099193295,5.0,0.9278517882331725
4747,1.7399999999998776,0.7652563944688028,5.0,0.9276206421248463
4748,1.7449999999998775,0.7636876897443107,5.0,0.9273884733685729
4749,1.7499999999998774,0.7621189850198183,5.0,0.9271552768726885
4750,1.754999999999877,0.7605502802953261,5.0,0.9269210475223748
4751,1.7599999999998772,0.758981575570834,5.0,0.9266857801795967
4752,1.7649999999998771,0.7574128708463417,5.0,0.9264494696830501
4753,1.769999999999877,0.7558441661218496,5.0,0.9262121108481027
4754,1.774999999999877,0.7542754613973573,5.0,0.9259736984667397
4755,1.7799999999998768,0.7527067566728652,5.0,0.9257342273075084
4756,1.784999999999877,0.7511380519483729,5.0,0.9254936921154648
4757,1.7899999999998766,0.7495693472238807,5.0,0.9252520876121173
4758,1.7949999999998765,0.7480006424993886,5.0,0.9250094084953777
4759,1.7999999999998764,0.7464319377748962,5.0,0.924765649439506
4760,1.8049999999998765,0.7448632330504041,5.0,0.9245208050950589
4761,1.809999999999876,0.7432945283259119,5.0,0.924274870088843
4762,1.814999999999876,0.7417258236014197,5.0,0.9240278390238588
4763,1.819999999999876,0.7401571188769274,5.0,0.9237797064792572
4764,1.824999999999876,0.7385884141524353,5.0,0.9235304670102862
4765,1.829999999999876,0.737019709427943,5.0,0.9232801151482468
4766,1.834999999999876,0.735451004703451,5.0,0.9230286454004455
4767,1.8399999999998755,0.7338822999789587,5.0,0.9227760522501467
4768,1.8449999999998756,0.7323135952544666,5.0,0.9225223301565304
4769,1.8499999999998755,0.7307448905299745,5.0,0.9222674735546439
4770,1.8549999999998752,0.7291761858054823,5.0,0.9220114768553636
4771,1.859999999999875,0.7276074810809898,5.0,0.9217543344453476
4772,1.864999999999875,0.7260387763564978,5.0,0.9214960406869981
4773,1.8699999999998749,0.7244700716320055,5.0,0.9212365899184183
4774,1.8749999999998748,0.7229013669075134,5.0,0.9209759764533743
4775,1.8799999999998749,0.7213326621830213,5.0,0.9207141945812547
4776,1.8849999999998743,0.7197639574585288,5.0,0.9204512385670349
4777,1.8899999999998744,0.718195252734037,5.0,0.9201871026512387
4778,1.8949999999998743,0.7166260083758952,5.0,0.9199217810499039
4779,1.8999999999998745,0.7150460453990158,5.0,0.919655267954548
4780,1.904999999999874,0.7134660824221362,5.0,0.9193875575321335
4781,1.909999999999874,0.7118861194452566,5.0,0.9191186439250343
4782,1.914999999999874,0.7103061564683769,5.0,0.9188485212510071
4783,1.9199999999998736,0.7087261934914972,5.0,0.9185771836031611
4784,1.9249999999998737,0.7071462305146179,5.0,0.9183046250499249
4785,1.9299999999998736,0.7055662675377382,5.0,0.9180308396350241
4786,1.9349999999998733,0.7039863045608585,5.0,0.9177558213774493
4787,1.9399999999998732,0.702406341583979,5.0,0.9174795642714348
4788,1.9449999999998733,0.7008263786070995,5.0,0.917202062286431
4789,1.9499999999998727,0.6992464156302197,5.0,0.9169233093670821
4790,1.954999999999873,0.6976664526533399,5.0,0.9166432994332065
4791,1.959999999999873,0.6960864896764606,5.0,0.9163620263797729
4792,1.9649999999998728,0.694506526699581,5.0,0.9160794840768824
4793,1.9699999999998727,0.6929265637227014,5.0,0.9157956663697502
4794,1.9749999999998729,0.6913466007458218,5.0,0.9155105670786896
4795,1.9799999999998723,0.6897666377689421,5.0,0.9152241799990959
4796,1.9849999999998724,0.6881866747920625,5.0,0.9149364989014317
4797,1.9899999999998723,0.6866067118151828,5.0,0.9146475175312163
4798,1.994999999999872,0.6850267488383034,5.0,0.9143572296090134
4799,1.999999999999872,0.6834467858614236,5.0,0.9140656288304205
4800,-1.9950000000000427,0.0002368903342198,6.0,0.15568679683889158
4801,-1.9900000000000428,0.0004737806684385,6.0,0.15602343521469048
4802,-1.985000000000043,0.0007106710026572,6.0,0.15636069187494556
4803,-1.980000000000043,0.000947561336876,6.0,0.15669856740675175
4804,-1.9750000000000432,0.0011844516710947,6.0,0.1570370623959077
4805,-1.9700000000000435,0.0014213420053133,6.0,0.1573761774269174
4806,-1.9650000000000436,0.001658232339532,6.0,0.1577159130829961
4807,-1.9600000000000437,0.0018951226737509,6.0,0.1580562699460732
4808,-1.955000000000044,0.0021320130079695,6.0,0.15839724859679633
4809,-1.950000000000044,0.0023689033421882,6.0,0.15873884961453705
4810,-1.945000000000044,0.0026057936764069,6.0,0.15908107357739182
4811,-1.940000000000044,0.0028426840106257,6.0,0.159423921062191
4812,-1.935000000000044,0.0030795743448444,6.0,0.15976739264449963
4813,-1.930000000000044,0.0033164646790632,6.0,0.16011148889862487
4814,-1.925000000000044,0.0035533550132819,6.0,0.16045621039761931
4815,-1.9200000000000443,0.003783394465156,6.0,0.16080155771328625
4816,-1.9150000000000444,0.003996725007826,6.0,0.16114753141618415
4817,-1.9100000000000448,0.0042100555504961,6.0,0.16149413207563418
4818,-1.9050000000000449,0.0044233860931662,6.0,0.16184136025972268
4819,-1.9000000000000448,0.0046367166358363,6.0,0.16218921653530766
4820,-1.8950000000000449,0.0048500471785062,6.0,0.1625377014680251
4821,-1.890000000000045,0.0050633777211763,6.0,0.16288681562229407
4822,-1.885000000000045,0.0052767082638463,6.0,0.16323655956132205
4823,-1.8800000000000447,0.0054900388065164,6.0,0.16358693384711148
4824,-1.8750000000000453,0.0057033693491865,6.0,0.16393793904046555
4825,-1.8700000000000452,0.0059166998918566,6.0,0.16428957570099506
4826,-1.8650000000000453,0.0061300304345266,6.0,0.16464184438712265
4827,-1.8600000000000456,0.0063433609771966,6.0,0.1649947456560908
4828,-1.8550000000000455,0.0065566915198667,6.0,0.1653482800639698
4829,-1.8500000000000456,0.0067700220625367,6.0,0.16570244816566077
4830,-1.845000000000046,0.0069833526052068,6.0,0.1660572505149051
4831,-1.840000000000046,0.007196683147877,6.0,0.16641268766428968
4832,-1.835000000000046,0.0074100136905469,6.0,0.1667687601652565
4833,-1.8300000000000465,0.007623344233217,6.0,0.16712546856810612
4834,-1.8250000000000464,0.007836674775887,6.0,0.16748281342200727
4835,-1.8200000000000465,0.0080500053185572,6.0,0.16784079527500423
4836,-1.8150000000000464,0.0082633358612272,6.0,0.16819941467402294
4837,-1.810000000000047,0.0084766664038973,6.0,0.1685586721648799
4838,-1.8050000000000468,0.0086899969465673,6.0,0.16891856829228907
4839,-1.800000000000047,0.0089033274892374,6.0,0.16927910359986903
4840,-1.795000000000047,0.0091166580319074,6.0,0.1696402786301539
4841,-1.790000000000047,0.0093299885745774,6.0,0.17000209392459714
4842,-1.7850000000000472,0.0095433191172475,6.0,0.1703645500235828
4843,-1.780000000000047,0.0097566496599176,6.0,0.1707276474664326
4844,-1.7750000000000474,0.0099699802025877,6.0,0.17109138679141417
4845,-1.7700000000000475,0.0101833107452577,6.0,0.17145576853575156
4846,-1.7650000000000476,0.0103966412879278,6.0,0.17182079323563032
4847,-1.7600000000000475,0.0106099718305979,6.0,0.17218646142620903
4848,-1.755000000000048,0.0108233023732679,6.0,0.1725527736416273
4849,-1.750000000000048,0.011036632915938,6.0,0.17291973041501446
4850,-1.745000000000048,0.011249963458608,6.0,0.17328733227849963
4851,-1.7400000000000482,0.0114632940012781,6.0,0.17365557976321905
4852,-1.7350000000000485,0.0116766245439481,6.0,0.17402447339932842
4853,-1.7300000000000484,0.0118899550866182,6.0,0.17439401371600888
4854,-1.7250000000000485,0.0121032856292882,6.0,0.17476420124147846
4855,-1.7200000000000486,0.0142948421515493,6.0,0.1751350365030026
4856,-1.7150000000000487,0.0167124557754933,6.0,0.17550652002690154
4857,-1.7100000000000488,0.0191300693994373,6.0,0.17587865233856242
4858,-1.705000000000049,0.0215476830233812,6.0,0.1762514339624474
4859,-1.700000000000049,0.0239652966473253,6.0,0.17662486542210593
4860,-1.6950000000000491,0.0263829102712692,6.0,0.17699894724018267
4861,-1.6900000000000492,0.0288005238952131,6.0,0.17737367993843028
4862,-1.6850000000000491,0.0312181375191572,6.0,0.17774906403771712
4863,-1.6800000000000497,0.0336357511431011,6.0,0.17812510005804033
4864,-1.6750000000000496,0.0360533647670451,6.0,0.17850178851853477
4865,-1.6700000000000497,0.0384709783909891,6.0,0.17887912993748506
4866,-1.6650000000000498,0.040888592014933,6.0,0.17925712483233608
4867,-1.66000000000005,0.0433062056388771,6.0,0.17963577371970268
4868,-1.65500000000005,0.045723819262821,6.0,0.18001507711538295
4869,-1.65000000000005,0.0481414328867651,6.0,0.18039503553436848
4870,-1.6450000000000502,0.050559046510709,6.0,0.1807756494908544
4871,-1.6400000000000503,0.052976660134653,6.0,0.18115691949825402
4872,-1.6350000000000504,0.0553942737585969,6.0,0.18153884606920695
4873,-1.6300000000000503,0.0578118873825409,6.0,0.18192142971559216
4874,-1.6250000000000506,0.0602295010064848,6.0,0.18230467094854114
4875,-1.6200000000000507,0.0626471146304289,6.0,0.18268857027844737
4876,-1.6150000000000508,0.0650647282543728,6.0,0.18307312821497962
4877,-1.610000000000051,0.0674823418783168,6.0,0.1834583452670942
4878,-1.605000000000051,0.0698999555022609,6.0,0.183844221943046
4879,-1.6000000000000512,0.0723175691262048,6.0,0.18423075875040157
4880,-1.5950000000000513,0.0747351827501488,6.0,0.18461795619605254
4881,-1.5900000000000514,0.0771527963740928,6.0,0.18500581478622619
4882,-1.5850000000000517,0.0795704099980367,6.0,0.1853943350264982
4883,-1.5800000000000516,0.0819310548551861,6.0,0.1857835174218075
4884,-1.5750000000000517,0.0837775933762418,6.0,0.18617336247646604
4885,-1.5700000000000518,0.0856241318972974,6.0,0.18656387069417496
4886,-1.565000000000052,0.0874706704183529,6.0,0.18695504257803447
4887,-1.560000000000052,0.0893172089394087,6.0,0.1873468786305585
4888,-1.555000000000052,0.0911637474604641,6.0,0.18773937935368828
4889,-1.5500000000000522,0.09301028598152,6.0,0.1881325452488049
4890,-1.5450000000000523,0.0948568245025755,6.0,0.18852637681674228
4891,-1.5400000000000524,0.0967033630236311,6.0,0.18892087455780165
4892,-1.5350000000000523,0.0985499015446868,6.0,0.18931603897176535
4893,-1.5300000000000529,0.1003964400657422,6.0,0.18971187055790822
4894,-1.5250000000000528,0.1022429785867979,6.0,0.19010836981501472
4895,-1.5200000000000529,0.1040895171078535,6.0,0.19050553724138958
4896,-1.515000000000053,0.1059360556289092,6.0,0.19090337333487423
4897,-1.510000000000053,0.1077825941499648,6.0,0.19130187859285902
4898,-1.5050000000000532,0.1096291326710204,6.0,0.19170105351229877
4899,-1.5000000000000533,0.111475671192076,6.0,0.1921008985897263
4900,-1.4950000000000534,0.1133222097131316,6.0,0.19250141432126616
4901,-1.4900000000000535,0.115168748234187,6.0,0.19290260120264974
4902,-1.4850000000000536,0.1170152867552428,6.0,0.19330445972923088
4903,-1.4800000000000535,0.1188618252762983,6.0,0.19370699039599754
4904,-1.4750000000000538,0.1207083637973541,6.0,0.19411019369758847
4905,-1.470000000000054,0.1225549023184097,6.0,0.1945140701283085
4906,-1.465000000000054,0.1244014408394652,6.0,0.19491862018214162
4907,-1.460000000000054,0.1262479793605209,6.0,0.195323844352767
4908,-1.4550000000000542,0.1280945178815764,6.0,0.19572974313357333
4909,-1.4500000000000544,0.129941056402632,6.0,0.19613631701767437
4910,-1.4450000000000545,0.1317875949236878,6.0,0.19654356649792432
4911,-1.4400000000000546,0.1336341334447432,6.0,0.1969514920669319
4912,-1.435000000000055,0.135480671965799,6.0,0.19736009421707684
4913,-1.4300000000000548,0.1373272104868546,6.0,0.19776937344052498
4914,-1.425000000000055,0.1391737490079102,6.0,0.19817933022924256
4915,-1.420000000000055,0.1410202875289657,6.0,0.19858996507501453
4916,-1.415000000000055,0.1428668260500215,6.0,0.1990012784694561
4917,-1.4100000000000552,0.1447133645710769,6.0,0.19941327090403255
4918,-1.405000000000055,0.1465599030921327,6.0,0.19982594287007233
4919,-1.4000000000000554,0.1484064416131881,6.0,0.20023929485878306
4920,-1.3950000000000555,0.1502529801342437,6.0,0.20065332736126923
4921,-1.3900000000000556,0.1520995186552995,6.0,0.2010680408685453
4922,-1.3850000000000555,0.153946057176355,6.0,0.20148343587155465
4923,-1.3800000000000558,0.1557925956974107,6.0,0.20189951286118463
4924,-1.375000000000056,0.1576391342184663,6.0,0.20231627232828037
4925,-1.370000000000056,0.1594856727395218,6.0,0.20273371476366492
4926,-1.3650000000000562,0.1613322112605774,6.0,0.2031518406581529
4927,-1.3600000000000565,0.163178749781633,6.0,0.20357065050256756
4928,-1.3550000000000564,0.1650252883026886,6.0,0.20399014478775784
4929,-1.3500000000000565,0.1668718268237442,6.0,0.20441032400461295
4930,-1.3450000000000566,0.1687183653447998,6.0,0.20483118864408173
4931,-1.3400000000000567,0.1705649038658554,6.0,0.2052527391971864
4932,-1.3350000000000568,0.1724114423869111,6.0,0.20567497615504088
4933,-1.330000000000057,0.1742579809079667,6.0,0.2060979000088669
4934,-1.325000000000057,0.1761045194290224,6.0,0.20652151125001134
4935,-1.3200000000000571,0.1779510579500779,6.0,0.2069458103699619
4936,-1.3150000000000572,0.1797975964711336,6.0,0.20737079786036555
4937,-1.3100000000000571,0.1816441349921893,6.0,0.2077964742130431
4938,-1.3050000000000574,0.1834906735132447,6.0,0.20822283992000884
4939,-1.3000000000000576,0.1853372120343003,6.0,0.20864989547348617
4940,-1.2950000000000577,0.187183750555356,6.0,0.20907764136592372
4941,-1.2900000000000578,0.1890302890764117,6.0,0.20950607809001415
4942,-1.285000000000058,0.1908768275974673,6.0,0.20993520613871125
4943,-1.280000000000058,0.1927233661185229,6.0,0.2103650260052456
4944,-1.275000000000058,0.1945699046395784,6.0,0.2107955381831425
4945,-1.2700000000000582,0.1964164431606341,6.0,0.2112267431662394
4946,-1.2650000000000583,0.1982629816816897,6.0,0.21165864144870467
4947,-1.2600000000000584,0.2001095202027452,6.0,0.2120912335250516
4948,-1.2550000000000583,0.201956058723801,6.0,0.2125245198901587
4949,-1.2500000000000586,0.2037676737271777,6.0,0.21295850103928532
4950,-1.2450000000000587,0.2049777482957928,6.0,0.213393177468091
4951,-1.2400000000000588,0.2061878228644079,6.0,0.21382854967265014
4952,-1.235000000000059,0.2073978974330229,6.0,0.2142646181494729
4953,-1.230000000000059,0.208607972001638,6.0,0.21470138339552008
4954,-1.2250000000000592,0.2098180465702531,6.0,0.21513884590822102
4955,-1.2200000000000593,0.2110281211388683,6.0,0.21557700618549375
4956,-1.2150000000000594,0.2122381957074833,6.0,0.21601586472575868
4957,-1.2100000000000597,0.2134482702760984,6.0,0.21645542202795903
4958,-1.2050000000000596,0.2146583448447135,6.0,0.21689567859157793
4959,-1.2000000000000597,0.2158684194133286,6.0,0.21733663491665517
4960,-1.1950000000000598,0.2170784939819439,6.0,0.21777829150380695
4961,-1.19000000000006,0.2182885685505587,6.0,0.2182206488542407
4962,-1.18500000000006,0.2194986431191741,6.0,0.21866370746977576
4963,-1.18000000000006,0.220708717687789,6.0,0.219107467852859
4964,-1.1750000000000602,0.2219187922564041,6.0,0.21955193050658367
4965,-1.1700000000000603,0.2231288668250192,6.0,0.2199970959347078
4966,-1.1650000000000604,0.2242372735461409,6.0,0.2204429646416694
4967,-1.1600000000000603,0.2253331427549365,6.0,0.220889537132608
4968,-1.1550000000000606,0.2264290119637322,6.0,0.22133681391337917
4969,-1.1500000000000608,0.2275248811725281,6.0,0.22178479549057467
4970,-1.1450000000000609,0.2286207503813238,6.0,0.22223348237153823
4971,-1.140000000000061,0.2297166195901195,6.0,0.22268287506438594
4972,-1.135000000000061,0.2308124887989154,6.0,0.22313297407802152
4973,-1.1300000000000612,0.2319083580077109,6.0,0.2235837799221559
4974,-1.1250000000000613,0.2330042272165067,6.0,0.2240352931073249
4975,-1.1200000000000614,0.2341000964253025,6.0,0.2244875141449056
4976,-1.1150000000000615,0.2351959656340982,6.0,0.22494044354713655
4977,-1.1100000000000616,0.2362918348428941,6.0,0.225394081827134
4978,-1.1050000000000617,0.2373877040516898,6.0,0.2258484294989091
4979,-1.1000000000000618,0.2384835732604854,6.0,0.2263034870773883
4980,-1.095000000000062,0.2395794424692812,6.0,0.22675925507842914
4981,-1.090000000000062,0.240675311678077,6.0,0.22721573401883782
4982,-1.085000000000062,0.2424533397198947,6.0,0.22767292441638837
4983,-1.0800000000000622,0.2443254851403482,6.0,0.22813082678983992
4984,-1.0750000000000624,0.2461976305608015,6.0,0.22858944165895473
4985,-1.0700000000000625,0.248069775981255,6.0,0.2290487695445143
4986,-1.0650000000000626,0.2499419214017083,6.0,0.22950881096833936
4987,-1.060000000000063,0.2518140668221618,6.0,0.22996956645330707
4988,-1.0550000000000628,0.2533981867748998,6.0,0.230431036523367
4989,-1.0500000000000629,0.2542314665130617,6.0,0.23089322170356147
4990,-1.045000000000063,0.2550647462512233,6.0,0.23135612252004062
4991,-1.040000000000063,0.2558980259893849,6.0,0.23181973950008233
4992,-1.0350000000000632,0.2567313057275464,6.0,0.23228407317210814
4993,-1.0300000000000633,0.2575645854657083,6.0,0.23274912406570142
4994,-1.0250000000000634,0.25839786520387,6.0,0.23321489271162504
4995,-1.0200000000000635,0.2592311449420316,6.0,0.23368137964183938
4996,-1.0150000000000636,0.2600644246801934,6.0,0.2341485853895176
4997,-1.0100000000000635,0.2608977044183549,6.0,0.23461651048906657
4998,-1.0050000000000638,0.2617309841565166,6.0,0.2350851554761409
4999,-1.000000000000064,0.2625642638946782,6.0,0.23555452088766266
5000,-0.995000000000064,0.2633975436328399,6.0,0.23602460726183722
5001,-0.9900000000000642,0.2642308233710015,6.0,0.23649541513817157
5002,-0.9850000000000644,0.2650641031091632,6.0,0.23696694505749122
5003,-0.9800000000000644,0.2658973828473249,6.0,0.23743919756195714
5004,-0.9750000000000644,0.2667306625854866,6.0,0.23791217319508223
5005,-0.9700000000000646,0.2675639423236483,6.0,0.23838587250175042
5006,-0.9650000000000648,0.26839722206181,6.0,0.2388602960282314
5007,-0.9600000000000648,0.2692305017999715,6.0,0.23933544432220005
5008,-0.9550000000000648,0.2700637815381332,6.0,0.23981131793275162
5009,-0.950000000000065,0.270897061276295,6.0,0.24028791741041816
5010,-0.9450000000000652,0.2717303410144566,6.0,0.24076524330718757
5011,-0.9400000000000652,0.2725636207526182,6.0,0.2412432961765178
5012,-0.9350000000000652,0.2733969004907799,6.0,0.24172207657335593
5013,-0.9300000000000654,0.2742301802289417,6.0,0.24220158505415285
5014,-0.9250000000000655,0.275063459967103,6.0,0.24268182217688056
5015,-0.9200000000000657,0.275896739705265,6.0,0.24316278850105005
5016,-0.9150000000000658,0.2767300194434265,6.0,0.2436444845877252
5017,-0.910000000000066,0.2775632991815883,6.0,0.2441269109995416
5018,-0.905000000000066,0.27839657891975,6.0,0.24461006830072013
5019,-0.9000000000000661,0.2792298586579116,6.0,0.24509395705708564
5020,-0.8950000000000662,0.2800631383960731,6.0,0.2455785778360831
5021,-0.8900000000000663,0.2808964181342347,6.0,0.2460639312067921
5022,-0.8850000000000664,0.2817296978723965,6.0,0.24655001773994262
5023,-0.8800000000000665,0.2825629776105583,6.0,0.24703683800793336
5024,-0.8750000000000666,0.2833962573487199,6.0,0.24752439258484554
5025,-0.8700000000000667,0.2842295370868817,6.0,0.2480126820464596
5026,-0.8650000000000668,0.2850628168250431,6.0,0.2485017069702699
5027,-0.8600000000000669,0.285896096563205,6.0,0.2489914679355018
5028,-0.855000000000067,0.2867293763013664,6.0,0.2494819655231258
5029,-0.8500000000000671,0.2875626560395281,6.0,0.2499732003158736
5030,-0.8450000000000673,0.28839593577769,6.0,0.25046517289825315
5031,-0.8400000000000674,0.2892292155158515,6.0,0.25095788385656453
5032,-0.8350000000000675,0.2900624952540132,6.0,0.25145133377891443
5033,-0.8300000000000676,0.2908957749921748,6.0,0.25194552325523073
5034,-0.8250000000000677,0.2917290547303365,6.0,0.25244045287727906
5035,-0.8200000000000678,0.2925623344684983,6.0,0.25293612323867626
5036,-0.8150000000000679,0.2933956142066599,6.0,0.253432534934905
5037,-0.810000000000068,0.2942288939448216,6.0,0.25392968856332937
5038,-0.8050000000000681,0.2950621736829834,6.0,0.25442758472320964
5039,-0.8000000000000682,0.2958954534211451,6.0,0.2549262240157146
5040,-0.7950000000000683,0.2967287331593065,6.0,0.2554256070439381
5041,-0.7900000000000684,0.2975620128974682,6.0,0.2559257344129126
5042,-0.7850000000000685,0.2983952926356298,6.0,0.2564266067296222
5043,-0.7800000000000686,0.2992285723737916,6.0,0.25692822460301906
5044,-0.7750000000000687,0.3000618521119532,6.0,0.2574305886440342
5045,-0.7700000000000689,0.300895131850115,6.0,0.25793369946559347
5046,-0.765000000000069,0.3017284115882763,6.0,0.25843755768263005
5047,-0.7600000000000691,0.3025616913264382,6.0,0.25894216391209873
5048,-0.7550000000000692,0.3033949710645998,6.0,0.2594475187729887
5049,-0.7500000000000693,0.3042282508027615,6.0,0.2599536228863372
5050,-0.7450000000000694,0.305061530540923,6.0,0.26046047687524204
5051,-0.7400000000000695,0.305894810279085,6.0,0.26096808136487587
5052,-0.7350000000000696,0.3067280900172465,6.0,0.26147643698249673
5053,-0.7300000000000697,0.3075613697554082,6.0,0.26198554435746396
5054,-0.7250000000000698,0.3083946494935697,6.0,0.26249540412124744
5055,-0.7200000000000699,0.3092279292317317,6.0,0.2630060169074429
5056,-0.71500000000007,0.3100612089698932,6.0,0.26351738335178304
5057,-0.7100000000000701,0.3108944887080549,6.0,0.26402950409214837
5058,-0.7050000000000702,0.3117277684462165,6.0,0.26454237976858214
5059,-0.7000000000000703,0.3125610481843782,6.0,0.2650560110233003
5060,-0.6950000000000705,0.3133943279225398,6.0,0.2655703985007027
5061,-0.6900000000000706,0.3142276076607015,6.0,0.2660855428473869
5062,-0.6850000000000707,0.3150608873988633,6.0,0.26660144471215846
5063,-0.6800000000000708,0.3158941671370249,6.0,0.267118104746041
5064,-0.6750000000000709,0.3167274468751866,6.0,0.26763552360228976
5065,-0.670000000000071,0.3175607266133482,6.0,0.2681537019364008
5066,-0.6650000000000711,0.3183940063515098,6.0,0.2686726404061232
5067,-0.6600000000000712,0.3192272860896715,6.0,0.2691923396714679
5068,-0.6550000000000713,0.3200605658278332,6.0,0.2697128003947202
5069,-0.6500000000000714,0.3208938455659949,6.0,0.27023402324044904
5070,-0.6450000000000715,0.3217271253041565,6.0,0.27075600887551793
5071,-0.6400000000000716,0.3225604050423182,6.0,0.2712787579690937
5072,-0.6350000000000717,0.3233936847804798,6.0,0.27180227119265893
5073,-0.6300000000000718,0.3242269645186417,6.0,0.2723265492200177
5074,-0.6250000000000719,0.3250602442568032,6.0,0.2728515927273096
5075,-0.620000000000072,0.3258935239949647,6.0,0.2733774023930155
5076,-0.6150000000000722,0.3267268037331264,6.0,0.27390397889796864
5077,-0.6100000000000723,0.327560083471288,6.0,0.27443132292536393
5078,-0.6050000000000724,0.3283933632094498,6.0,0.2749594351607651
5079,-0.6000000000000725,0.3292266429476116,6.0,0.27548831629211484
5080,-0.5950000000000726,0.3300599226857732,6.0,0.27601796700974307
5081,-0.5900000000000727,0.3308932024239349,6.0,0.27654838800637477
5082,-0.5850000000000728,0.3317264821620965,6.0,0.2770795799771381
5083,-0.5800000000000729,0.3325597619002581,6.0,0.2776115436195737
5084,-0.575000000000073,0.3333930416384199,6.0,0.27814427963364
5085,-0.5700000000000731,0.3342263213765815,6.0,0.27867778872172294
5086,-0.5650000000000732,0.3350596011147432,6.0,0.2792120715886424
5087,-0.5600000000000733,0.3358928808529049,6.0,0.27974712894166004
5088,-0.5550000000000734,0.3367261605910667,6.0,0.28028296149048487
5089,-0.5500000000000735,0.3375594403292282,6.0,0.2808195699472818
5090,-0.5450000000000736,0.3383927200673897,6.0,0.28135695502667696
5091,-0.5400000000000738,0.3392259998055514,6.0,0.2818951174457652
5092,-0.5350000000000739,0.3400592795437133,6.0,0.28243405792411463
5093,-0.530000000000074,0.3408925592818749,6.0,0.28297377718377487
5094,-0.5250000000000741,0.3417258390200365,6.0,0.28351427594928064
5095,-0.5200000000000742,0.3425591187581979,6.0,0.28405555494765883
5096,-0.5150000000000743,0.3433923984963598,6.0,0.2845976149084333
5097,-0.5100000000000744,0.3442256782345216,6.0,0.28514045656363024
5098,-0.5050000000000745,0.3450589579726831,6.0,0.28568408064778233
5099,-0.5000000000000746,0.3458922377108448,6.0,0.2862284878979349
5100,-0.4950000000000747,0.3467255174490066,6.0,0.28677367905364953
5101,-0.4900000000000748,0.3475587971871681,6.0,0.2873196548570082
5102,-0.4850000000000749,0.3483920769253296,6.0,0.2878664160526186
5103,-0.480000000000075,0.3492253566634914,6.0,0.28841396338761555
5104,-0.4750000000000751,0.3500586364016532,6.0,0.2889622976116681
5105,-0.4700000000000752,0.3508919161398146,6.0,0.2895114194769795
5106,-0.4650000000000753,0.3517251958779765,6.0,0.2900613297382921
5107,-0.4600000000000754,0.3525584756161379,6.0,0.29061202915289147
5108,-0.4550000000000755,0.3533917553542997,6.0,0.2911635184806067
5109,-0.4500000000000757,0.3542250350924615,6.0,0.2917157984838142
5110,-0.4450000000000758,0.3550583148306231,6.0,0.29226886992744
5111,-0.4400000000000759,0.3558915945687846,6.0,0.2928227335789613
5112,-0.435000000000076,0.3567248743069464,6.0,0.293377390208409
5113,-0.4300000000000761,0.3575581540451082,6.0,0.2939328405883687
5114,-0.4250000000000762,0.3583914337832697,6.0,0.29448908549398195
5115,-0.4200000000000763,0.3592247135214313,6.0,0.29504612570294847
5116,-0.4150000000000764,0.3600579932595931,6.0,0.29560396199552336
5117,-0.4100000000000765,0.360891272997755,6.0,0.29616259515452464
5118,-0.4050000000000766,0.3617245527359167,6.0,0.29672202596532576
5119,-0.4000000000000767,0.362557832474078,6.0,0.2972822552158609
5120,-0.3950000000000768,0.3633911122122397,6.0,0.29784328369662244
5121,-0.3900000000000769,0.3642243919504012,6.0,0.29840511220066285
5122,-0.385000000000077,0.3650576716885632,6.0,0.29896774152359046
5123,-0.3800000000000771,0.3658909514267248,6.0,0.29953117246357236
5124,-0.3750000000000772,0.3667242311648864,6.0,0.3000954058213304
5125,-0.3700000000000774,0.367557510903048,6.0,0.3006604424001413
5126,-0.3650000000000775,0.3683907906412099,6.0,0.30122628300583393
5127,-0.3600000000000776,0.3692240703793716,6.0,0.301792928446789
5128,-0.3550000000000777,0.3700573501175332,6.0,0.30236037953393463
5129,-0.3500000000000778,0.3708906298556949,6.0,0.3029286370807453
5130,-0.3450000000000779,0.3717239095938565,6.0,0.30349770190323994
5131,-0.340000000000078,0.372557189332018,6.0,0.304067574819976
5132,-0.3350000000000781,0.3733904690701801,6.0,0.30463825665204874
5133,-0.3300000000000782,0.3742237488083414,6.0,0.30520974822308716
5134,-0.3250000000000783,0.3750570285465031,6.0,0.3057820503592497
5135,-0.3200000000000784,0.3758903082846649,6.0,0.30635516388921974
5136,-0.3150000000000785,0.3767235880228265,6.0,0.3069290896442028
5137,-0.3100000000000786,0.3775568677609882,6.0,0.30750382845791974
5138,-0.3050000000000787,0.3783901474991496,6.0,0.30807938116660377
5139,-0.3000000000000788,0.3792234272373113,6.0,0.30865574860899353
5140,-0.295000000000079,0.380056706975473,6.0,0.3092329316263291
5141,-0.2900000000000791,0.3808899867136345,6.0,0.3098109310623453
5142,-0.2850000000000792,0.3817232664517964,6.0,0.31038974776326606
5143,-0.2800000000000793,0.382556546189958,6.0,0.3109693825777963
5144,-0.2750000000000794,0.3833898259281197,6.0,0.3115498363571189
5145,-0.2700000000000795,0.3842231056662814,6.0,0.3121311099548842
5146,-0.2650000000000796,0.3850563854044428,6.0,0.31271320422720367
5147,-0.2600000000000797,0.3858896651426048,6.0,0.31329612003264423
5148,-0.2550000000000798,0.3867229448807665,6.0,0.31387985823221803
5149,-0.2500000000000799,0.3875562246189282,6.0,0.31446441968937516
5150,-0.24500000000008,0.3883895043570896,6.0,0.31504980526999554
5151,-0.2400000000000801,0.3892227840952514,6.0,0.31563601584237994
5152,-0.2350000000000802,0.3900560638334132,6.0,0.3162230522772403
5153,-0.2300000000000803,0.3908893435715746,6.0,0.3168109154476914
5154,-0.2250000000000804,0.3917226233097365,6.0,0.3173996062292403
5155,-0.2200000000000805,0.3925559030478979,6.0,0.3179891254997769
5156,-0.2150000000000806,0.3933891827860599,6.0,0.3185794741395643
5157,-0.2100000000000808,0.3942224625242214,6.0,0.31917065303122555
5158,-0.2050000000000809,0.3950557422623831,6.0,0.31976266305973594
5159,-0.200000000000081,0.3958052262519516,6.0,0.32035550511241
5160,-0.1950000000000811,0.3965021858686442,6.0,0.3209491800788899
5161,-0.1900000000000812,0.3971991454853371,6.0,0.3215436888511352
5162,-0.1850000000000813,0.3978961051020298,6.0,0.3221390323234072
5163,-0.1800000000000814,0.3985930647187224,6.0,0.3227352113922604
5164,-0.1750000000000815,0.3992900243354153,6.0,0.3233322269565278
5165,-0.1700000000000816,0.3999869839521083,6.0,0.3239300799173072
5166,-0.1650000000000817,0.400683943568801,6.0,0.32452877117794826
5167,-0.1600000000000818,0.4013809031854937,6.0,0.3251283016440389
5168,-0.1550000000000819,0.4020712819943957,6.0,0.32572867222339136
5169,-0.150000000000082,0.4027510424960717,6.0,0.3263298838260265
5170,-0.1450000000000821,0.4034308029977477,6.0,0.32693193736416054
5171,-0.1400000000000822,0.4041105634994237,6.0,0.32753483375218845
5172,-0.1350000000000824,0.4047903240010999,6.0,0.3281385739066692
5173,-0.1300000000000825,0.4054022588380538,6.0,0.32874315874631016
5174,-0.1250000000000826,0.4056642987711521,6.0,0.32934858919195104
5175,-0.1200000000000827,0.4059263387042503,6.0,0.3299548661665456
5176,-0.1150000000000828,0.4061883786373488,6.0,0.33056199059514685
5177,-0.1100000000000829,0.406450418570447,6.0,0.3311699634048894
5178,-0.105000000000083,0.4067124585035454,6.0,0.3317787855249708
5179,-0.1000000000000831,0.4069744984366436,6.0,0.3323884578866357
5180,-0.0950000000000832,0.4072365383697421,6.0,0.3329989814231545
5181,-0.0900000000000833,0.4074985783028402,6.0,0.3336103570698075
5182,-0.0850000000000834,0.4075569892881964,6.0,0.3342225857638654
5183,-0.0800000000000835,0.4075819654048832,6.0,0.3348356684445692
5184,-0.0750000000000836,0.4076069415215704,6.0,0.3354496060531103
5185,-0.0700000000000837,0.4076319176382573,6.0,0.33606439953261186
5186,-0.0650000000000838,0.4076568937549445,6.0,0.336680049828107
5187,-0.0600000000000839,0.4076818698716315,6.0,0.3372965578865193
5188,-0.055000000000084,0.4077068459883184,6.0,0.33791392465664033
5189,-0.0500000000000842,0.4077318221050054,6.0,0.3385321510891091
5190,-0.0450000000000843,0.4077567982216924,6.0,0.33915123813638987
5191,-0.0400000000000844,0.4077817743383797,6.0,0.3397711867527506
5192,-0.0350000000000845,0.4078067504550666,6.0,0.3403919978942392
5193,-0.0300000000000846,0.4078317265717537,6.0,0.34101367251866105
5194,-0.0250000000000847,0.4078567026884405,6.0,0.3416362115855563
5195,-0.0200000000000848,0.4078816788051276,6.0,0.3422596160561759
5196,-0.0150000000000849,0.4079066549218148,6.0,0.3428838868934558
5197,-0.010000000000085,0.4079316310385017,6.0,0.3435090250619956
5198,-0.0050000000000851,0.4079566071551886,6.0,0.3441350315280313
5199,-8.526512829121202e-14,0.4079815832718755,6.0,0.3447619072594113
5200,0.0049999999999146,0.4080065593885629,6.0,0.3453896532255703
5201,0.0099999999999145,0.4080315355052499,6.0,0.3460182703975027
5202,0.0149999999999144,0.4080565116219367,6.0,0.3466477597477378
5203,0.0199999999999143,0.4080814877386238,6.0,0.34727812225031257
5204,0.0249999999999142,0.4081064638553107,6.0,0.3479093588807424
5205,0.029999999999914,0.4081314399719977,6.0,0.3485414706159971
5206,0.0349999999999139,0.4081564160886847,6.0,0.3491744584344712
5207,0.0399999999999138,0.408181392205372,6.0,0.34980832331595374
5208,0.0449999999999137,0.4082063683220591,6.0,0.3504430662416039
5209,0.0499999999999136,0.408231344438746,6.0,0.3510786881939177
5210,0.0549999999999135,0.4082563205554329,6.0,0.35171519015670166
5211,0.0599999999999134,0.4082812966721201,6.0,0.35235257311504015
5212,0.0649999999999133,0.4083062727888071,6.0,0.3529908380552687
5213,0.0699999999999132,0.408331248905494,6.0,0.35362998596493816
5214,0.0749999999999131,0.408356225022181,6.0,0.3542700178327893
5215,0.079999999999913,0.4083812011388681,6.0,0.3549109346487172
5216,0.0849999999999129,0.4084061772555553,6.0,0.355552737403741
5217,0.0899999999999128,0.4084311533722424,6.0,0.35619542708997126
5218,0.0949999999999127,0.4084561294889291,6.0,0.35683900470057756
5219,0.0999999999999126,0.4084811056056161,6.0,0.35748347122975527
5220,0.1049999999999125,0.4085060817223031,6.0,0.35812882767269155
5221,0.1099999999999123,0.4085310578389903,6.0,0.3587750750255318
5222,0.1149999999999122,0.4085560339556773,6.0,0.35942221428534554
5223,0.1199999999999121,0.4085810100723642,6.0,0.3600702464500916
5224,0.124999999999912,0.4086059861890513,6.0,0.3607191725185815
5225,0.1299999999999119,0.4086309623057385,6.0,0.3613689934904459
5226,0.1349999999999118,0.4086559384224255,6.0,0.3620197103660984
5227,0.1399999999999117,0.4086809145391124,6.0,0.3626713241466966
5228,0.1449999999999116,0.4087058906557994,6.0,0.3633238358341088
5229,0.1499999999999115,0.4087308667724864,6.0,0.3639772464308731
5230,0.1549999999999114,0.4087558428891737,6.0,0.3646315569401641
5231,0.1599999999999113,0.4087808190058607,6.0,0.3652867683657492
5232,0.1649999999999112,0.4088057951225476,6.0,0.3659428817119548
5233,0.1699999999999111,0.4088307712392345,6.0,0.3665998979836254
5234,0.174999999999911,0.4088557473559217,6.0,0.3672578181860829
5235,0.1799999999999109,0.4088807234726085,6.0,0.3679166433250907
5236,0.1849999999999108,0.4089056995892957,6.0,0.36857637440680785
5237,0.1899999999999106,0.4089306757059827,6.0,0.3692370124377528
5238,0.1949999999999105,0.4089556518226697,6.0,0.36989855842476066
5239,0.1999999999999104,0.4089806279393571,6.0,0.37056101337494146
5240,0.2049999999999103,0.409005604056044,6.0,0.3712243782956384
5241,0.2099999999999102,0.4090305801727308,6.0,0.3718886541943845
5242,0.2149999999999101,0.4090555562894179,6.0,0.3725538420788617
5243,0.21999999999991,0.4090805324061048,6.0,0.37321994295685473
5244,0.2249999999999099,0.409105508522792,6.0,0.3738869578362101
5245,0.2299999999999098,0.4091304846394789,6.0,0.3745548877247898
5246,0.2349999999999097,0.409155460756166,6.0,0.37522373363042755
5247,0.2399999999999096,0.4091804368728529,6.0,0.3758934965608835
5248,0.2449999999999095,0.4092054129895401,6.0,0.37656417752379784
5249,0.2499999999999094,0.4092303891062273,6.0,0.3772357775266469
5250,0.2549999999999093,0.4092553652229138,6.0,0.3779082975766936
5251,0.2599999999999092,0.4092803413396012,6.0,0.37858173868094397
5252,0.2649999999999091,0.4093053174562883,6.0,0.37925610184609576
5253,0.269999999999909,0.4093302935729752,6.0,0.3799313880784944
5254,0.2749999999999089,0.4093552696896623,6.0,0.3806075983840828
5255,0.2799999999999087,0.4093802458063492,6.0,0.38128473376835187
5256,0.2849999999999086,0.4094052219230363,6.0,0.38196279523629345
5257,0.2899999999999085,0.4094301980397231,6.0,0.38264178379234787
5258,0.2949999999999084,0.4094551741564102,6.0,0.3833217004403571
5259,0.2999999999999083,0.4094801502730974,6.0,0.384002546183511
5260,0.3049999999999082,0.4095051263897843,6.0,0.38468432202429886
5261,0.3099999999999081,0.4095301025064714,6.0,0.38536702896445524
5262,0.314999999999908,0.4095550786231584,6.0,0.3860506680049102
5263,0.3199999999999079,0.4095800547398453,6.0,0.3867352401457355
5264,0.3249999999999078,0.4096050308565322,6.0,0.38742074638609286
5265,0.3299999999999077,0.4096300069732195,6.0,0.38810718772417946
5266,0.3349999999999076,0.4096549830899066,6.0,0.3887945651571744
5267,0.3399999999999075,0.4096799592065935,6.0,0.38948287968118384
5268,0.3449999999999074,0.4097049353232805,6.0,0.3901721322911879
5269,0.3499999999999073,0.4097299114399677,6.0,0.39086232398098414
5270,0.3549999999999071,0.4097548875566546,6.0,0.39155345574313055
5271,0.359999999999907,0.4097798636733417,6.0,0.3922455285688919
5272,0.3649999999999069,0.4098048397900286,6.0,0.39293854344818185
5273,0.3699999999999068,0.4098298159067154,6.0,0.3936325013695042
5274,0.3749999999999067,0.4098547920234026,6.0,0.39432740331989885
5275,0.3799999999999066,0.4098797681400896,6.0,0.39502325028488033
5276,0.3849999999999065,0.4099047442567768,6.0,0.3957200432483799
5277,0.3899999999999064,0.4099297203734638,6.0,0.39641778319268833
5278,0.3949999999999063,0.4099546964901508,6.0,0.3971164710983936
5279,0.3999999999999062,0.4099796726068381,6.0,0.39781610794432215
5280,0.4049999999999061,0.4100046487235248,6.0,0.39851669470748036
5281,0.409999999999906,0.4100296248402119,6.0,0.3992182323629881
5282,0.4149999999999059,0.4100546009568991,6.0,0.3999207218840239
5283,0.4199999999999058,0.410079577073586,6.0,0.4006241642417571
5284,0.4249999999999057,0.410104553190273,6.0,0.40132856040528925
5285,0.4299999999999055,0.4101295293069601,6.0,0.40203391134159
5286,0.4349999999999054,0.410154505423647,6.0,0.40274021801543164
5287,0.4399999999999053,0.410179481540334,6.0,0.40344748138932923
5288,0.4449999999999052,0.4102044576570209,6.0,0.40415570242347193
5289,0.4499999999999051,0.4102294337737078,6.0,0.40486488207566057
5290,0.454999999999905,0.4102544098903951,6.0,0.40557502130124184
5291,0.4599999999999049,0.4102793860070821,6.0,0.40628612105304235
5292,0.4649999999999048,0.4103043621237693,6.0,0.40699818228130086
5293,0.4699999999999047,0.410329338240456,6.0,0.4077112059336037
5294,0.4749999999999046,0.4103543143571432,6.0,0.40842519295481566
5295,0.4799999999999045,0.4103792904738303,6.0,0.4091401442870121
5296,0.4849999999999044,0.4104042665905175,6.0,0.40985606086941245
5297,0.4899999999999043,0.4104292427072044,6.0,0.41057294363830793
5298,0.4949999999999042,0.4104542188238912,6.0,0.41129079352699677
5299,0.4999999999999041,0.4104791949405785,6.0,0.4120096114657084
5300,0.504999999999904,0.4105041710572654,6.0,0.4127293983815387
5301,0.5099999999999039,0.4105291471739525,6.0,0.4134501551983771
5302,0.5149999999999038,0.4105541232906393,6.0,0.41417188283683287
5303,0.5199999999999037,0.4105790994073265,6.0,0.41489458221416703
5304,0.5249999999999035,0.4106040755240134,6.0,0.4156182542442172
5305,0.5299999999999034,0.4106290516407005,6.0,0.4163428998373258
5306,0.5349999999999033,0.4106540277573877,6.0,0.41706851990026733
5307,0.5399999999999032,0.4106790038740744,6.0,0.4177951153361726
5308,0.5449999999999031,0.4107039799907617,6.0,0.4185226870444568
5309,0.549999999999903,0.4107289561074488,6.0,0.4192512359207416
5310,0.5549999999999029,0.4107539322241356,6.0,0.4199807628567825
5311,0.5599999999999028,0.4107789083408227,6.0,0.4207112687403916
5312,0.5649999999999027,0.4108038844575099,6.0,0.42144275445536233
5313,0.5699999999999026,0.4108288605741969,6.0,0.4221752208813904
5314,0.5749999999999025,0.4108538366908837,6.0,0.42290866889399753
5315,0.5799999999999024,0.4108788128075712,6.0,0.4236430993644545
5316,0.5849999999999023,0.4109037889242577,6.0,0.42437851315970226
5317,0.5899999999999022,0.4109287650409446,6.0,0.42511491114227123
5318,0.594999999999902,0.410953741157632,6.0,0.4258522941702045
5319,0.599999999999902,0.4109787172743189,6.0,0.4265906630969754
5320,0.6049999999999018,0.411003693391006,6.0,0.4273300187714106
5321,0.6099999999999017,0.411028669507693,6.0,0.4280703620376041
5322,0.6149999999999016,0.4110536456243801,6.0,0.4288116937348407
5323,0.6199999999999015,0.4110786217410671,6.0,0.4295540146975105
5324,0.6249999999999014,0.4111035978577541,6.0,0.4302973257550286
5325,0.6299999999999013,0.411128573974441,6.0,0.4310416277317514
5326,0.6349999999999012,0.4111535500911282,6.0,0.4317869214468926
5327,0.6399999999999011,0.4111785262078153,6.0,0.43253320771444
5328,0.644999999999901,0.4112035023245022,6.0,0.4332804873430715
5329,0.6499999999999009,0.4112284784411891,6.0,0.434028761136067
5330,0.6549999999999008,0.4112534545578762,6.0,0.43477802989122855
5331,0.6599999999999007,0.4112784306745632,6.0,0.4355282944007876
5332,0.6649999999999006,0.4113034067912503,6.0,0.4362795554513242
5333,0.6699999999999005,0.4113283829079373,6.0,0.4370318138236768
5334,0.6749999999999003,0.4113533590246241,6.0,0.43778507029285546
5335,0.6799999999999002,0.4113783351413112,6.0,0.43853932562795456
5336,0.6849999999999001,0.4114033112579985,6.0,0.43929458059206355
5337,0.6899999999999,0.4114282873746854,6.0,0.44005083594217737
5338,0.6949999999998999,0.4114532634913727,6.0,0.4408080924291082
5339,0.6999999999998998,0.4114782396080593,6.0,0.4415663507973942
5340,0.7049999999998997,0.4115032157247464,6.0,0.4423256117852103
5341,0.7099999999998996,0.4115281918414336,6.0,0.4430858761242757
5342,0.7149999999998995,0.4115531679581204,6.0,0.44384714453976354
5343,0.7199999999998994,0.4115781440748074,6.0,0.4446094177502073
5344,0.7249999999998993,0.4116031201914945,6.0,0.4453726964674108
5345,0.7299999999998992,0.4116280963081818,6.0,0.4461369813963519
5346,0.7349999999998991,0.4116530724248687,6.0,0.4469022732350915
5347,0.739999999999899,0.4116780485415557,6.0,0.44766857267467924
5348,0.7449999999998989,0.4117030246582429,6.0,0.44843588039905574
5349,0.7499999999998987,0.4117280007749297,6.0,0.44920419708496323
5350,0.7549999999998986,0.4117529768916168,6.0,0.4499735234018452
5351,0.7599999999998985,0.4117779530083036,6.0,0.4507438600117519
5352,0.7649999999998984,0.4118029291249908,6.0,0.45151520756924407
5353,0.7699999999998983,0.4118279052416778,6.0,0.4522875667212966
5354,0.7749999999998982,0.4118528813583647,6.0,0.45306093810719766
5355,0.7799999999998981,0.4118778574750518,6.0,0.45383532235845586
5356,0.784999999999898,0.4119028335917389,6.0,0.4546107200986976
5357,0.7899999999998979,0.411927809708426,6.0,0.45538713194356933
5358,0.7949999999998978,0.4119527858251129,6.0,0.4561645585006385
5359,0.7999999999998977,0.4119777619417999,6.0,0.45694300036929275
5360,0.8049999999998976,0.412002738058487,6.0,0.4577224581406402
5361,0.8099999999998975,0.4120277141751741,6.0,0.45850293239740775
5362,0.8149999999998974,0.4120526902918611,6.0,0.45928442371384054
5363,0.8199999999998973,0.4120776664085482,6.0,0.4600669326555988
5364,0.8249999999998971,0.4121026425252351,6.0,0.4608504597796563
5365,0.829999999999897,0.4121276186419223,6.0,0.4616350056341975
5366,0.8349999999998969,0.4121525947586094,6.0,0.4624205707585129
5367,0.8399999999998968,0.4121775708752962,6.0,0.4632071556828971
5368,0.8449999999998967,0.4122025469919831,6.0,0.4639947609285429
5369,0.8499999999998966,0.4122275231086703,6.0,0.46478338700743743
5370,0.8549999999998965,0.4122524992253574,6.0,0.4655730344222552
5371,0.8599999999998964,0.4122774753420444,6.0,0.4663637036662553
5372,0.8649999999998963,0.4123024514587312,6.0,0.4671553952231721
5373,0.8699999999998962,0.4123274275754184,6.0,0.46794810956711
5374,0.8749999999998961,0.4123524036921052,6.0,0.46874184716243633
5375,0.879999999999896,0.412651166202292,6.0,0.46953660846367345
5376,0.8849999999998959,0.4133193500384244,6.0,0.4703323939153901
5377,0.8899999999998958,0.413987533874557,6.0,0.4711292039520936
5378,0.8949999999998957,0.4146557177106897,6.0,0.47192703899811944
5379,0.8999999999998956,0.4153239015468223,6.0,0.47272589946752447
5380,0.9049999999998954,0.4159920853829548,6.0,0.473525785763974
5381,0.9099999999998952,0.4166602692190872,6.0,0.47432669828063273
5382,0.9149999999998952,0.41732845305522,6.0,0.4751286374000538
5383,0.9199999999998952,0.4179966368913523,6.0,0.4759316034940679
5384,0.924999999999895,0.4186648207274852,6.0,0.47673559692366924
5385,0.9299999999998948,0.4193330045636179,6.0,0.4775406180389073
5386,0.9349999999998948,0.4200011883997505,6.0,0.47834666717877045
5387,0.9399999999998948,0.420669372235883,6.0,0.4791537446710739
5388,0.9449999999998946,0.4213375560720157,6.0,0.47996185083234727
5389,0.9499999999998944,0.4220057399081482,6.0,0.4807709859677191
5390,0.9549999999998944,0.4226739237442808,6.0,0.48158115037080446
5391,0.9599999999998944,0.4233421075804135,6.0,0.48239234432358663
5392,0.9649999999998942,0.424010291416546,6.0,0.4832045680963047
5393,0.969999999999894,0.4246784752526789,6.0,0.48401782194733695
5394,0.974999999999894,0.4253466590888114,6.0,0.4848321061230851
5395,0.9799999999998938,0.426014842924944,6.0,0.48564742085785656
5396,0.9849999999998936,0.4266830267610763,6.0,0.48646376637374816
5397,0.9899999999998936,0.427351210597209,6.0,0.48728114288052965
5398,0.9949999999998936,0.4280193944333417,6.0,0.4880995505755235
5399,0.9999999999998934,0.4286875782694742,6.0,0.4889189896434892
5400,1.004999999999893,0.429355762105607,6.0,0.48973946025650233
5401,1.0099999999998932,0.4300239459417395,6.0,0.4905609625738379
5402,1.014999999999893,0.4306921297778722,6.0,0.49138349674184806
5403,1.019999999999893,0.4313603136140047,6.0,0.4922070628938449
5404,1.0249999999998929,0.4320284974501373,6.0,0.4930316611499785
5405,1.0299999999998928,0.43269668128627,6.0,0.4938572916171164
5406,1.034999999999893,0.4333648651224023,6.0,0.49468395438872365
5407,1.0399999999998926,0.4340330489585348,6.0,0.49551164954473953
5408,1.0449999999998925,0.4347012327946677,6.0,0.49634037715145746
5409,1.0499999999998924,0.4353694166308002,6.0,0.4971701372614022
5410,1.0549999999998922,0.4360376004669327,6.0,0.49800092991320627
5411,1.059999999999892,0.4367057843030656,6.0,0.49883275513148956
5412,1.064999999999892,0.4373739681391981,6.0,0.4996656129267319
5413,1.069999999999892,0.4380421519753308,6.0,0.5004995032951531
5414,1.0749999999998918,0.4387103358114634,6.0,0.5013344262185877
5415,1.0799999999998915,0.4393785196475961,6.0,0.5021703816643603
5416,1.0849999999998916,0.4400467034837287,6.0,0.5030073695851602
5417,1.0899999999998915,0.4407148873198613,6.0,0.503845389918917
5418,1.0949999999998914,0.4413830711559935,6.0,0.5046844425886754
5419,1.0999999999998913,0.4420512549921263,6.0,0.5055245275024691
5420,1.1049999999998912,0.442719438828259,6.0,0.5063656445531943
5421,1.109999999999891,0.4433876226643914,6.0,0.5072077936184829
5422,1.114999999999891,0.4440558065005242,6.0,0.5080509745605775
5423,1.1199999999998909,0.4447239903366566,6.0,0.5088951872262024
5424,1.1249999999998908,0.4453921741727892,6.0,0.5097404314464362
5425,1.1299999999998906,0.4460603580089222,6.0,0.5105867070365848
5426,1.1349999999998903,0.4467285418450546,6.0,0.5114340137960531
5427,1.1399999999998904,0.4473967256811872,6.0,0.5122823515082169
5428,1.1449999999998903,0.4480649095173196,6.0,0.5131317199402932
5429,1.1499999999998902,0.4487330933534524,6.0,0.5139821188432123
5430,1.15499999999989,0.4494012771895849,6.0,0.5148335479514867
5431,1.15999999999989,0.4500694610257176,6.0,0.5156860069830855
5432,1.16499999999989,0.4507376448618501,6.0,0.5165394956392986
5433,1.1699999999998898,0.4514058286979825,6.0,0.5173940136046116
5434,1.1749999999998897,0.4520740125341156,6.0,0.5182495605465733
5435,1.1799999999998896,0.4527421963702479,6.0,0.5191061361156653
5436,1.1849999999998897,0.4534103802063806,6.0,0.5199637399451706
5437,1.1899999999998894,0.4540785640425132,6.0,0.5208223716510421
5438,1.1949999999998893,0.454746747878646,6.0,0.5216820308317733
5439,1.1999999999998892,0.4554149317147783,6.0,0.5225427170682642
5440,1.204999999999889,0.4560831155509111,6.0,0.5234044299236902
5441,1.209999999999889,0.4567512993870435,6.0,0.5242671689433687
5442,1.2149999999998888,0.4574194832231762,6.0,0.5251309336546304
5443,1.2199999999998887,0.4580876670593087,6.0,0.5259957235666817
5444,1.2249999999998886,0.4587558508954416,6.0,0.5268615381704755
5445,1.2299999999998883,0.4594240347315739,6.0,0.5277283769385759
5446,1.2349999999998884,0.4600922185677065,6.0,0.528596239325027
5447,1.2399999999998883,0.4607604024038393,6.0,0.5294651247652167
5448,1.2449999999998882,0.4614285862399719,6.0,0.5303350326757452
5449,1.249999999999888,0.4620967700761043,6.0,0.5312059624542906
5450,1.254999999999888,0.462764953912237,6.0,0.5320779134794749
5451,1.259999999999888,0.4634331377483695,6.0,0.5329508851107274
5452,1.2649999999998878,0.4641013215845022,6.0,0.5338248766881548
5453,1.2699999999998877,0.4647695054206346,6.0,0.5346998875324034
5454,1.2749999999998876,0.4654376892567669,6.0,0.535575916944524
5455,1.2799999999998877,0.4661058730929002,6.0,0.5364529642058395
5456,1.2849999999998871,0.4667740569290324,6.0,0.5373310285778077
5457,1.2899999999998872,0.467442240765165,6.0,0.5382101093018863
5458,1.2949999999998871,0.4681104246012974,6.0,0.5390902055993996
5459,1.299999999999887,0.4687786084374306,6.0,0.5399713166714009
5460,1.304999999999887,0.4694467922735629,6.0,0.5408534416985367
5461,1.3099999999998868,0.4701149761096957,6.0,0.5417365798409126
5462,1.3149999999998867,0.4707831599458281,6.0,0.5426207302379589
5463,1.3199999999998866,0.4714513437819607,6.0,0.543505892008288
5464,1.3249999999998865,0.4721195276180935,6.0,0.5443920642495679
5465,1.3299999999998864,0.4727877114542261,6.0,0.5452792460383786
5466,1.3349999999998865,0.4734558952903585,6.0,0.5461674364300801
5467,1.3399999999998862,0.474124079126491,6.0,0.547056634458674
5468,1.344999999999886,0.4747922629626236,6.0,0.5479468391366682
5469,1.349999999999886,0.4754604467987562,6.0,0.5488380494549416
5470,1.354999999999886,0.4761286306348891,6.0,0.5497302643826045
5471,1.3599999999998855,0.4767968144710216,6.0,0.5506234828668666
5472,1.3649999999998856,0.4774649983071544,6.0,0.5515177038328973
5473,1.3699999999998855,0.478133182143287,6.0,0.5524129261836905
5474,1.3749999999998854,0.4788013659794196,6.0,0.553309148799928
5475,1.379999999999885,0.4794695498155519,6.0,0.5542063705398423
5476,1.3849999999998852,0.4801377336516843,6.0,0.5551045902390819
5477,1.389999999999885,0.480805917487817,6.0,0.5560038067105735
5478,1.394999999999885,0.4814741013239497,6.0,0.5569040187443854
5479,1.399999999999885,0.4821422851600823,6.0,0.5578052251075922
5480,1.4049999999998848,0.482810468996215,6.0,0.558707424544137
5481,1.409999999999885,0.4834786528323478,6.0,0.5596106157746974
5482,1.4149999999998846,0.4841468366684804,6.0,0.5605147974965454
5483,1.4199999999998845,0.4848150205046129,6.0,0.561419968383416
5484,1.4249999999998844,0.4854832043407455,6.0,0.5623261270853668
5485,1.4299999999998845,0.4861513881768781,6.0,0.5632332722286442
5486,1.434999999999884,0.4868195720130108,6.0,0.5641414024155473
5487,1.439999999999884,0.4874877558491433,6.0,0.5650505162242909
5488,1.444999999999884,0.488155939685276,6.0,0.5659606122088716
5489,1.4499999999998838,0.4888241235214086,6.0,0.5668716888989302
5490,1.4549999999998835,0.4894923073575412,6.0,0.567783744799617
5491,1.4599999999998836,0.4901604911936737,6.0,0.5686967783914565
5492,1.4649999999998835,0.4908286750298062,6.0,0.5696107881302124
5493,1.4699999999998834,0.4914968588659388,6.0,0.5705257724467516
5494,1.4749999999998833,0.4921650427020715,6.0,0.5714417297469103
5495,1.4799999999998832,0.4928332265382041,6.0,0.5723586584113585
5496,1.484999999999883,0.4935014103743366,6.0,0.5732765567954652
5497,1.489999999999883,0.4941695942104693,6.0,0.5741954232291648
5498,1.4949999999998829,0.4948377780466019,6.0,0.5751152560168225
5499,1.4999999999998828,0.4955059618827347,6.0,0.5760360534371007
5500,1.5049999999998829,0.4961741457188673,6.0,0.5769578137428242
5501,1.5099999999998823,0.4968423295549996,6.0,0.5778805351608471
5502,1.5149999999998824,0.4975105133911324,6.0,0.5788042158919207
5503,1.5199999999998823,0.4981786972272649,6.0,0.5797288541105581
5504,1.5249999999998822,0.4988468810633974,6.0,0.5806544479649043
5505,1.529999999999882,0.4995150648995302,6.0,0.5815809955766
5506,1.534999999999882,0.5001832487356626,6.0,0.5825084950406536
5507,1.539999999999882,0.5008514325717953,6.0,0.5834369444253058
5508,1.5449999999998818,0.5015196164079277,6.0,0.5843663417718996
5509,1.5499999999998817,0.5021878002440606,6.0,0.5852966850947479
5510,1.5549999999998816,0.5028559840801933,6.0,0.5862279723810044
5511,1.5599999999998817,0.5035241679163257,6.0,0.5871602015905308
5512,1.5649999999998814,0.504192351752458,6.0,0.5880933706557672
5513,1.5699999999998813,0.5048605355885909,6.0,0.5890274774816029
5514,1.5749999999998812,0.5055287194247235,6.0,0.5899625199452456
5515,1.579999999999881,0.5061969032608561,6.0,0.5908984958960934
5516,1.584999999999881,0.5068650870969891,6.0,0.591835403155603
5517,1.5899999999998808,0.5075332709331215,6.0,0.5927732395171668
5518,1.5949999999998807,0.508201454769254,6.0,0.5937120027459779
5519,1.5999999999998806,0.5088696386053866,6.0,0.5946516905789088
5520,1.6049999999998803,0.509537822441519,6.0,0.5955923007243802
5521,1.6099999999998804,0.5102060062776518,6.0,0.5965338308622352
5522,1.6149999999998803,0.5108741901137844,6.0,0.5974762786436139
5523,1.6199999999998802,0.5115423739499169,6.0,0.598419641690827
5524,1.62499999999988,0.5122105577860496,6.0,0.5993639175972294
5525,1.62999999999988,0.5128787416221823,6.0,0.6003091039270976
5526,1.63499999999988,0.5136486426008338,6.0,0.601255198215503
5527,1.6399999999998798,0.5145262738074974,6.0,0.6022021979681895
5528,1.6449999999998797,0.5154039050141616,6.0,0.6031501006614501
5529,1.6499999999998796,0.5162815362208251,6.0,0.6040989037420021
5530,1.6549999999998797,0.5171591674274884,6.0,0.6050486046268697
5531,1.6599999999998791,0.5180367986341522,6.0,0.6059992007032557
5532,1.6649999999998792,0.5189144298408161,6.0,0.6069506893284251
5533,1.6699999999998791,0.5197920610474797,6.0,0.6079030678295847
5534,1.674999999999879,0.5206696922541434,6.0,0.6088563335037596
5535,1.679999999999879,0.5215473234608073,6.0,0.6098104836176772
5536,1.6849999999998788,0.5224249546674706,6.0,0.6107655154076466
5537,1.6899999999998787,0.5233025858741343,6.0,0.6117214260794424
5538,1.6949999999998786,0.5241802170807979,6.0,0.6126782128081847
5539,1.6999999999998785,0.5250578482874617,6.0,0.6136358727382256
5540,1.7049999999998784,0.5259354794941251,6.0,0.6145944029830295
5541,1.7099999999998785,0.5268131107007887,6.0,0.61555380062506
5542,1.7149999999998782,0.5276907419074522,6.0,0.6165140627156656
5543,1.719999999999878,0.5285683731141163,6.0,0.6174751862749628
5544,1.724999999999878,0.5294460043207797,6.0,0.6184371682917273
5545,1.729999999999878,0.5303236355274439,6.0,0.6194000057232776
5546,1.7349999999998778,0.5312012667341073,6.0,0.620363695495364
5547,1.7399999999998776,0.5320788979407705,6.0,0.6213282345020588
5548,1.7449999999998775,0.5329565291474347,6.0,0.6222936196056452
5549,1.7499999999998774,0.5338341603540983,6.0,0.6232598476365081
5550,1.754999999999877,0.5347117915607622,6.0,0.6242269153930251
5551,1.7599999999998772,0.5355894227674257,6.0,0.6251948196414585
5552,1.7649999999998771,0.5364670539740892,6.0,0.6261635571158495
5553,1.769999999999877,0.537344685180753,6.0,0.6271331245179093
5554,1.774999999999877,0.5382223163874162,6.0,0.628103518516917
5555,1.7799999999998768,0.5390999475940801,6.0,0.6290747357496131
5556,1.784999999999877,0.5399775788007436,6.0,0.630046772820096
5557,1.7899999999998766,0.5408552100074075,6.0,0.6310196262997194
5558,1.7949999999998765,0.5417328412140711,6.0,0.631993292726992
5559,1.7999999999998764,0.5426104724207348,6.0,0.6329677686074733
5560,1.8049999999998765,0.5434881036273984,6.0,0.6339430504136767
5561,1.809999999999876,0.544365734834062,6.0,0.6349191345849696
5562,1.814999999999876,0.5452433660407254,6.0,0.6358960175274737
5563,1.819999999999876,0.5461209972473893,6.0,0.6368736956139707
5564,1.824999999999876,0.546998628454053,6.0,0.6378521651838036
5565,1.829999999999876,0.547876259660717,6.0,0.6388314225427834
5566,1.834999999999876,0.5487538908673801,6.0,0.639811463963093
5567,1.8399999999998755,0.5496315220740439,6.0,0.6407922856831962
5568,1.8449999999998756,0.5505091532807075,6.0,0.6417738839077451
5569,1.8499999999998755,0.5513867844873714,6.0,0.6427562548074877
5570,1.8549999999998752,0.5522644156940351,6.0,0.6437393945191792
5571,1.859999999999875,0.553142046900699,6.0,0.6447232991454934
5572,1.864999999999875,0.5540196781073624,6.0,0.6457079647549337
5573,1.8699999999998749,0.5548973093140261,6.0,0.6466933873817469
5574,1.8749999999998748,0.5557749405206897,6.0,0.647679563025839
5575,1.8799999999998749,0.5566525717273534,6.0,0.6486664876526882
5576,1.8849999999998743,0.557530202934017,6.0,0.6496541571932635
5577,1.8899999999998744,0.5584078341406808,6.0,0.6506425675439422
5578,1.8949999999998743,0.5592854653473442,6.0,0.6516317145664288
5579,1.8999999999998745,0.5601630965540078,6.0,0.652621594087675
5580,1.904999999999874,0.5610407277606717,6.0,0.653612201899801
5581,1.909999999999874,0.5619183589673353,6.0,0.6546035337600191
5582,1.914999999999874,0.5627959901739988,6.0,0.6555955853905568
5583,1.9199999999998736,0.5636736213806627,6.0,0.6565883524785805
5584,1.9249999999998737,0.564551252587326,6.0,0.6575818306761272
5585,1.9299999999998736,0.5654288837939897,6.0,0.6585760156000235
5586,1.9349999999998733,0.5663065150006533,6.0,0.6595709028318231
5587,1.9399999999998732,0.5671841462073174,6.0,0.6605664879177311
5588,1.9449999999998733,0.568061777413981,6.0,0.661562766368538
5589,1.9499999999998727,0.5689394086206446,6.0,0.6625597336595528
5590,1.954999999999873,0.5698170398273082,6.0,0.6635573852305361
5591,1.959999999999873,0.5706946710339719,6.0,0.6645557164856353
5592,1.9649999999998728,0.5715723022406356,6.0,0.6655547227933243
5593,1.9699999999998727,0.5724499334472989,6.0,0.6665543994863363
5594,1.9749999999998729,0.5733275646539628,6.0,0.6675547418616103
5595,1.9799999999998723,0.5742051958606262,6.0,0.6685557451802258
5596,1.9849999999998724,0.5750828270672901,6.0,0.6695574046673505
5597,1.9899999999998723,0.5759604582739538,6.0,0.6705597155121794
5598,1.994999999999872,0.5768380894806174,6.0,0.6715626728678843
5599,1.999999999999872,0.5777157206872813,6.0,0.6725662718515573
5600,-1.9950000000000427,0.4746328685342175,7.0,0.5397301533621218
5601,-1.9900000000000428,0.4733215669246071,7.0,0.537374044884109
5602,-1.985000000000043,0.4720102653149958,7.0,0.5350155864463705
5603,-1.980000000000043,0.4706989637053858,7.0,0.5326548934743551
5604,-1.9750000000000432,0.4693876620957749,7.0,0.5302920818979469
5605,-1.9700000000000435,0.4680763604861641,7.0,0.5279272681296833
5606,-1.9650000000000436,0.4667650588765532,7.0,0.525560569042762
5607,-1.9600000000000437,0.4654537572669426,7.0,0.5231921019488355
5608,-1.955000000000044,0.4641424556573321,7.0,0.5208219845756067
5609,-1.950000000000044,0.4628311540477216,7.0,0.5184503350442385
5610,-1.945000000000044,0.4615198524381106,7.0,0.5160772718465798
5611,-1.940000000000044,0.4602085508284999,7.0,0.513702913822219
5612,-1.935000000000044,0.4588972492188896,7.0,0.5113273801353806
5613,-1.930000000000044,0.4575859476092785,7.0,0.5089507902516655
5614,-1.925000000000044,0.4562746459996682,7.0,0.5065732639146516
5615,-1.9200000000000443,0.4549633443900575,7.0,0.504194921122363
5616,-1.9150000000000444,0.4536520427804469,7.0,0.5018158821036123
5617,-1.9100000000000448,0.4523407411708362,7.0,0.49943626729423907
5618,-1.9050000000000449,0.4510294395612255,7.0,0.49705619731323836
5619,-1.9000000000000448,0.4497181379516147,7.0,0.49467579293880315
5620,-1.8950000000000449,0.4484068363420043,7.0,0.49229517508428655
5621,-1.890000000000045,0.4470955347323935,7.0,0.48991446477408584
5622,-1.885000000000045,0.4457842331227825,7.0,0.48753378311947804
5623,-1.8800000000000447,0.4444729315131723,7.0,0.48515325129439524
5624,-1.8750000000000453,0.4431616299035617,7.0,0.4827729905111702
5625,-1.8700000000000452,0.4418503282939509,7.0,0.4803931219962474
5626,-1.8650000000000453,0.4405390266843401,7.0,0.4780137669658795
5627,-1.8600000000000456,0.4392277250747295,7.0,0.4756350466018182
5628,-1.8550000000000455,0.4379164234651184,7.0,0.47325708202700867
5629,-1.8500000000000456,0.436605121855508,7.0,0.47087999428129557
5630,-1.845000000000046,0.4352938202458973,7.0,0.46850390429716127
5631,-1.840000000000046,0.433982518636287,7.0,0.46612893287549473
5632,-1.835000000000046,0.4326712170266759,7.0,0.4637552006614102
5633,-1.8300000000000465,0.4313599154170657,7.0,0.46138282812012377
5634,-1.8250000000000464,0.4300486138074546,7.0,0.45901193551289665
5635,-1.8200000000000465,0.4287373121978441,7.0,0.45664264287306144
5636,-1.8150000000000464,0.4274260105882334,7.0,0.45427506998213363
5637,-1.810000000000047,0.4261147089786226,7.0,0.4519093363460248
5638,-1.8050000000000468,0.424803407369012,7.0,0.4495455611713688
5639,-1.800000000000047,0.4234921057594017,7.0,0.44718386334196436
5640,-1.795000000000047,0.4221808041497907,7.0,0.4448243613953542
5641,-1.790000000000047,0.4208695025401802,7.0,0.4424671734995407
5642,-1.7850000000000472,0.4195582009305694,7.0,0.4401124174298552
5643,-1.780000000000047,0.4182468993209587,7.0,0.4377602105459899
5644,-1.7750000000000474,0.416935597711348,7.0,0.43541066976919796
5645,-1.7700000000000475,0.4156242961017376,7.0,0.43306391155967694
5646,-1.7650000000000476,0.4143129944921266,7.0,0.4307200518941422
5647,-1.7600000000000475,0.4130016928825162,7.0,0.4283792062435988
5648,-1.755000000000048,0.4116903912729056,7.0,0.4260414895513259
5649,-1.750000000000048,0.4103790896632946,7.0,0.423707016211076
5650,-1.745000000000048,0.409067788053684,7.0,0.4213759000455026
5651,-1.7400000000000482,0.4077564864440733,7.0,0.41904825428482617
5652,-1.7350000000000485,0.4064451848344629,7.0,0.41672419154574225
5653,-1.7300000000000484,0.405133883224852,7.0,0.41440382381058305
5654,-1.7250000000000485,0.4038225816152415,7.0,0.4120872624067444
5655,-1.7200000000000486,0.4025112800056307,7.0,0.40977461798637516
5656,-1.7150000000000487,0.40119997839602,7.0,0.4074660005063515
5657,-1.7100000000000488,0.3998886767864091,7.0,0.40516151920853216
5658,-1.705000000000049,0.3985773751767988,7.0,0.40286128260030785
5659,-1.700000000000049,0.3971836866286743,7.0,0.4005653984354506
5660,-1.6950000000000491,0.395566181484516,7.0,0.39827397369526873
5661,-1.6900000000000492,0.3939486763403575,7.0,0.3959871145700786
5662,-1.6850000000000491,0.3923311711961992,7.0,0.39370492644099475
5663,-1.6800000000000497,0.3906432101943737,7.0,0.391427513862047
5664,-1.6750000000000496,0.388887215411781,7.0,0.3891549805426304
5665,-1.6700000000000497,0.3871312206291881,7.0,0.38688742933029685
5666,-1.6650000000000498,0.385375225846595,7.0,0.3846249621938883
5667,-1.66000000000005,0.3836192310640025,7.0,0.3823676802070195
5668,-1.65500000000005,0.3818632362814094,7.0,0.3801156835319216
5669,-1.65000000000005,0.3801072414988166,7.0,0.3778690714036388
5670,-1.6450000000000502,0.3783512467162237,7.0,0.3756279421145946
5671,-1.6400000000000503,0.3765952519336308,7.0,0.37339239299952676
5672,-1.6350000000000504,0.374839257151038,7.0,0.3711625204207939
5673,-1.6300000000000503,0.3730832623684451,7.0,0.3689384197540644
5674,-1.6250000000000506,0.3713272675858523,7.0,0.366720185374381
5675,-1.6200000000000507,0.3695712728032594,7.0,0.3645079106426129
5676,-1.6150000000000508,0.3678152780206665,7.0,0.36230168789229755
5677,-1.610000000000051,0.3660592832380734,7.0,0.3601016084168702
5678,-1.605000000000051,0.364303288455481,7.0,0.3579077624572904
5679,-1.6000000000000512,0.3625472936728882,7.0,0.35572023919005913
5680,-1.5950000000000513,0.3607912988902948,7.0,0.3535391267156408
5681,-1.5900000000000514,0.359035304107702,7.0,0.351364512047284
5682,-1.5850000000000517,0.3572793093251094,7.0,0.3491964811002388
5683,-1.5800000000000516,0.3555233145425164,7.0,0.34703511868138437
5684,-1.5750000000000517,0.3537673197599236,7.0,0.34488050847925555
5685,-1.5700000000000518,0.3520113249773308,7.0,0.34273273305448093
5686,-1.565000000000052,0.3502553301947378,7.0,0.34059187383061895
5687,-1.560000000000052,0.3484993354121449,7.0,0.3384580110854106
5688,-1.555000000000052,0.3467433406295522,7.0,0.3363312239424292
5689,-1.5500000000000522,0.3449873458469593,7.0,0.33421159036314296
5690,-1.5450000000000523,0.3432313510643664,7.0,0.33209918713938424
5691,-1.5400000000000524,0.3414753562817736,7.0,0.32999408988622014
5692,-1.5350000000000523,0.3397193614991807,7.0,0.32789637303523345
5693,-1.5300000000000529,0.3379633667165879,7.0,0.32580610982820557
5694,-1.5250000000000528,0.3362073719339951,7.0,0.3237233723112023
5695,-1.5200000000000529,0.3344513771514023,7.0,0.3216482313290634
5696,-1.515000000000053,0.3326953823688095,7.0,0.31958075652029005
5697,-1.510000000000053,0.3309393875862166,7.0,0.3175210163123311
5698,-1.5050000000000532,0.3291833928036238,7.0,0.31546907791726986
5699,-1.5000000000000533,0.3274273980210309,7.0,0.31342500732789647
5700,-1.4950000000000534,0.3256714032384379,7.0,0.3113888693141801
5701,-1.4900000000000535,0.3239154084558453,7.0,0.3093607274201279
5702,-1.4850000000000536,0.3221594136732522,7.0,0.3073406439610269
5703,-1.4800000000000535,0.3204034188906592,7.0,0.3053286800210725
5704,-1.4750000000000538,0.3186474241080665,7.0,0.30332489545137864
5705,-1.470000000000054,0.3168914293254734,7.0,0.3013293488683586
5706,-1.465000000000054,0.3151354345428808,7.0,0.29934209765248676
5707,-1.460000000000054,0.313379439760288,7.0,0.2973631979474223
5708,-1.4550000000000542,0.3116234449776954,7.0,0.29539270465950584
5709,-1.4500000000000544,0.3098674501951022,7.0,0.29343067145761126
5710,-1.4450000000000545,0.3081114554125097,7.0,0.29147715077336167
5711,-1.4400000000000546,0.3063554606299162,7.0,0.2895321938016897
5712,-1.435000000000055,0.304599465847324,7.0,0.28759585050175807
5713,-1.4300000000000548,0.3028434710647308,7.0,0.2856681695982143
5714,-1.425000000000055,0.3010874762821378,7.0,0.28374919858279113
5715,-1.420000000000055,0.2993314814995452,7.0,0.2818389837162386
5716,-1.415000000000055,0.2975754867169523,7.0,0.27993757003058695
5717,-1.4100000000000552,0.2958194919343594,7.0,0.27804500133173604
5718,-1.405000000000055,0.2940634971517664,7.0,0.2761613202023607
5719,-1.4000000000000554,0.2923075023691736,7.0,0.2742865680051343
5720,-1.3950000000000555,0.2905361668332882,7.0,0.2724207848862582
5721,-1.3900000000000556,0.2886139106438393,7.0,0.2705640097792973
5722,-1.3850000000000555,0.2866916544543908,7.0,0.2687162804093127
5723,-1.3800000000000558,0.2845526157110936,7.0,0.2668776332972861
5724,-1.375000000000056,0.2822616489857226,7.0,0.26504810376483146
5725,-1.370000000000056,0.2799706822603516,7.0,0.26322772593918886
5726,-1.3650000000000562,0.2776797155349799,7.0,0.26141653275849297
5727,-1.3600000000000565,0.2753887488096094,7.0,0.25961455597731076
5728,-1.3550000000000564,0.273097782084238,7.0,0.2578218261724393
5729,-1.3500000000000565,0.2708068153588671,7.0,0.2560383727489717
5730,-1.3450000000000566,0.2685158486334957,7.0,0.25426422394659953
5731,-1.3400000000000567,0.2662248819081245,7.0,0.252499406846174
5732,-1.3350000000000568,0.2639339151827538,7.0,0.2507439473764995
5733,-1.330000000000057,0.2616429484573823,7.0,0.2489978703213609
5734,-1.325000000000057,0.2593519817320113,7.0,0.2472611993267816
5735,-1.3200000000000571,0.2570610150066403,7.0,0.2455339569084981
5736,-1.3150000000000572,0.2547700482812692,7.0,0.24381616445965404
5737,-1.3100000000000571,0.252479081555898,7.0,0.24210784225869897
5738,-1.3050000000000574,0.2501881148305268,7.0,0.24040900947749155
5739,-1.3000000000000576,0.2478971481051556,7.0,0.23871968418959943
5740,-1.2950000000000577,0.2456061813797845,7.0,0.23703988337878912
5741,-1.2900000000000578,0.2433152146544136,7.0,0.23536962294769914
5742,-1.285000000000058,0.241024247929042,7.0,0.23370891772669267
5743,-1.280000000000058,0.2387332812036713,7.0,0.23205778148288037
5744,-1.275000000000058,0.2364423144783,7.0,0.2304162269293093
5745,-1.2700000000000582,0.234151347752929,7.0,0.22878426573431299
5746,-1.2650000000000583,0.2318603810275579,7.0,0.2271619085310126
5747,-1.2600000000000584,0.2295694143021867,7.0,0.22554916492696808
5748,-1.2550000000000583,0.2272784475768155,7.0,0.22394604351396885
5749,-1.2500000000000586,0.2249874808514445,7.0,0.22235255187796177
5750,-1.2450000000000587,0.2226965141260732,7.0,0.22076869660910614
5751,-1.2400000000000588,0.2204055474007022,7.0,0.21919448331195746
5752,-1.235000000000059,0.218114580675331,7.0,0.2176299166157628
5753,-1.230000000000059,0.2158236139499599,7.0,0.21607500018487413
5754,-1.2250000000000592,0.2135326472245887,7.0,0.21452973672926512
5755,-1.2200000000000593,0.2112416804992178,7.0,0.21299412801514805
5756,-1.2150000000000594,0.2089507137738467,7.0,0.21146817487568903
5757,-1.2100000000000597,0.2066597470484756,7.0,0.20995187722180997
5758,-1.2050000000000596,0.2043687803231043,7.0,0.20844523405307758
5759,-1.2000000000000597,0.2020778135977331,7.0,0.20694824346866803
5760,-1.1950000000000598,0.199786846872362,7.0,0.205460902678406
5761,-1.19000000000006,0.197495880146991,7.0,0.20398320801387626
5762,-1.18500000000006,0.19520491342162,7.0,0.20251515493958894
5763,-1.18000000000006,0.1929139466962491,7.0,0.20105673806421287
5764,-1.1750000000000602,0.1906229799708776,7.0,0.19960795115185537
5765,-1.1700000000000603,0.1883320132455066,7.0,0.1981687871333898
5766,-1.1650000000000604,0.1860410465201354,7.0,0.19673923811782912
5767,-1.1600000000000603,0.1837500797947644,7.0,0.19531929540373705
5768,-1.1550000000000606,0.1814591130693931,7.0,0.19390894949066884
5769,-1.1500000000000608,0.1791681463440219,7.0,0.19250819009064313
5770,-1.1450000000000609,0.1768771796186508,7.0,0.19111700613964222
5771,-1.140000000000061,0.1746592485361987,7.0,0.18973538580912086
5772,-1.135000000000061,0.172821169097298,7.0,0.18836331651754157
5773,-1.1300000000000612,0.1709830896583978,7.0,0.18700078494191397
5774,-1.1250000000000613,0.169145010219497,7.0,0.18564777702934343
5775,-1.1200000000000614,0.1673069307805967,7.0,0.18430427800857974
5776,-1.1150000000000615,0.1654688513416961,7.0,0.1829702724015665
5777,-1.1100000000000616,0.1636307719027956,7.0,0.1816457440349828
5778,-1.1050000000000617,0.1617926924638952,7.0,0.18033067605177766
5779,-1.1000000000000618,0.1599546130249947,7.0,0.17902505092268728
5780,-1.095000000000062,0.1581165335860942,7.0,0.17772885045773856
5781,-1.090000000000062,0.1562784541471936,7.0,0.17644205581772954
5782,-1.085000000000062,0.1544403747082931,7.0,0.1751646475256885
5783,-1.0800000000000622,0.1526022952693926,7.0,0.17389660547830055
5784,-1.0750000000000624,0.1507642158304919,7.0,0.17263790895730624
5785,-1.0700000000000625,0.1489261363915917,7.0,0.17138853664086673
5786,-1.0650000000000626,0.1470880569526909,7.0,0.17014846661488547
5787,-1.060000000000063,0.1452499775137905,7.0,0.168917676384298
5788,-1.0550000000000628,0.1434118980748902,7.0,0.16769614288430812
5789,-1.0500000000000629,0.1415738186359896,7.0,0.16648384249158665
5790,-1.045000000000063,0.1397357391970892,7.0,0.1652807510354113
5791,-1.040000000000063,0.1378976597581886,7.0,0.16408684380876204
5792,-1.0350000000000632,0.1360595803192879,7.0,0.1629020955793573
5793,-1.0300000000000633,0.1342215008803874,7.0,0.16172648060063155
5794,-1.0250000000000634,0.132383421441487,7.0,0.1605599726226573
5795,-1.0200000000000635,0.1305453420025865,7.0,0.15940254490299977
5796,-1.0150000000000636,0.1287072625636861,7.0,0.15825417021750765
5797,-1.0100000000000635,0.1268691831247853,7.0,0.157114820871039
5798,-1.0050000000000638,0.1250311036858849,7.0,0.15598446870811433
5799,-1.000000000000064,0.1231930242469844,7.0,0.154863085123502
5800,-0.995000000000064,0.121354944808084,7.0,0.1537506410727255
5801,-0.9900000000000642,0.1195168653691835,7.0,0.15264710708249907
5802,-0.9850000000000644,0.1176787859302827,7.0,0.15155245326108369
5803,-0.9800000000000644,0.1158407064913824,7.0,0.15046664930856601
5804,-0.9750000000000644,0.1140026270524818,7.0,0.1493896645270536
5805,-0.9700000000000646,0.1121645476135812,7.0,0.1483214678307897
5806,-0.9650000000000648,0.1103264681746809,7.0,0.1472620277561839
5807,-0.9600000000000648,0.1084883887357803,7.0,0.1462113124717559
5808,-0.9550000000000648,0.1070063894994347,7.0,0.14516928978799293
5809,-0.950000000000065,0.1061846323603309,7.0,0.14413592716712098
5810,-0.9450000000000652,0.1053628752212274,7.0,0.1431111917327823
5811,-0.9400000000000652,0.1045411180821237,7.0,0.14209505027962321
5812,-0.9350000000000652,0.10371936094302,7.0,0.14108746928279436
5813,-0.9300000000000654,0.1028976038039165,7.0,0.14008841490735213
5814,-0.9250000000000655,0.1020758466648127,7.0,0.13909785301756694
5815,-0.9200000000000657,0.1012540895257091,7.0,0.1381157491861411
5816,-0.9150000000000658,0.1004323323866052,7.0,0.13714206870332346
5817,-0.910000000000066,0.0996105752475017,7.0,0.13617677658593597
5818,-0.905000000000066,0.0987888181083981,7.0,0.1352198375862924
5819,-0.9000000000000661,0.0979670609692944,7.0,0.13427121620102955
5820,-0.8950000000000662,0.0971453038301908,7.0,0.13333087667982935
5821,-0.8900000000000663,0.0963235466910872,7.0,0.13239878303405173
5822,-0.8850000000000664,0.0955017895519835,7.0,0.131474899045257
5823,-0.8800000000000665,0.0946800324128798,7.0,0.13055918827363688
5824,-0.8750000000000666,0.0938582752737762,7.0,0.12965161406633763
5825,-0.8700000000000667,0.0930365181346725,7.0,0.12875213956568576
5826,-0.8650000000000668,0.0922147609955688,7.0,0.12786072771731194
5827,-0.8600000000000669,0.0913930038564652,7.0,0.12697734127816995
5828,-0.855000000000067,0.0905712467173615,7.0,0.1261019428244572
5829,-0.8500000000000671,0.0897494895782578,7.0,0.12523449475942938
5830,-0.8450000000000673,0.0889277324391544,7.0,0.12437495932111542
5831,-0.8400000000000674,0.0881059753000505,7.0,0.12352329858992739
5832,-0.8350000000000675,0.0872842181609468,7.0,0.12267947449617034
5833,-0.8300000000000676,0.0864624610218431,7.0,0.12184344882744624
5834,-0.8250000000000677,0.0856407038827397,7.0,0.12101518323595795
5835,-0.8200000000000678,0.0848189467436359,7.0,0.12019463924570817
5836,-0.8150000000000679,0.0840044896536172,7.0,0.11938177825959861
5837,-0.810000000000068,0.083277726959695,7.0,0.11857656156642404
5838,-0.8050000000000681,0.0825509642657729,7.0,0.11777895034776464
5839,-0.8000000000000682,0.0818242015718508,7.0,0.11698890568478015
5840,-0.7950000000000683,0.0810974388779286,7.0,0.11620638856489318
5841,-0.7900000000000684,0.0803706761840067,7.0,0.11543135988838293
5842,-0.7850000000000685,0.0796439134900844,7.0,0.11466378047486736
5843,-0.7800000000000686,0.0789171507961623,7.0,0.11390361106969016
5844,-0.7750000000000687,0.0781903881022402,7.0,0.11315081235020563
5845,-0.7700000000000689,0.0774636254083181,7.0,0.11240534493196408
5846,-0.765000000000069,0.0767368627143958,7.0,0.11166716937479515
5847,-0.7600000000000691,0.0760101000204739,7.0,0.1109362461887965
5848,-0.7550000000000692,0.0752833373265517,7.0,0.1102125358402185
5849,-0.7500000000000693,0.0745565746326295,7.0,0.10949599875725435
5850,-0.7450000000000694,0.0738298119387074,7.0,0.10878659533573098
5851,-0.7400000000000695,0.0731030492447854,7.0,0.10808428594470443
5852,-0.7350000000000696,0.0723762865508633,7.0,0.10738903093195418
5853,-0.7300000000000697,0.0716495238569412,7.0,0.10670079062938809
5854,-0.7250000000000698,0.0709227611630191,7.0,0.10601952535834624
5855,-0.7200000000000699,0.070195998469097,7.0,0.10534519543481269
5856,-0.71500000000007,0.0694692357751747,7.0,0.1046777611745322
5857,-0.7100000000000701,0.0687424730812526,7.0,0.10401718289803574
5858,-0.7050000000000702,0.0680157103873305,7.0,0.10336342093556894
5859,-0.7000000000000703,0.0672889476934085,7.0,0.10271643563193322
5860,-0.6950000000000705,0.0665621849994863,7.0,0.10207618735123136
5861,-0.6900000000000706,0.0658354223055643,7.0,0.10144263648152563
5862,-0.6850000000000707,0.0651086596116422,7.0,0.10081574343940458
5863,-0.6800000000000708,0.06438189691772,7.0,0.10019546867446116
5864,-0.6750000000000709,0.0636551342237979,7.0,0.0995817726736814
5865,-0.670000000000071,0.0629283715298758,7.0,0.09897461596574797
5866,-0.6650000000000711,0.0622016088359536,7.0,0.09837395912525415
5867,-0.6600000000000712,0.0614748461420315,7.0,0.09777976277683376
5868,-0.6550000000000713,0.0607480834481094,7.0,0.09719198759920489
5869,-0.6500000000000714,0.0600213207541874,7.0,0.09661059432913077
5870,-0.6450000000000715,0.0592945580602652,7.0,0.09603554376529466
5871,-0.6400000000000716,0.0585677953663431,7.0,0.09546679677209402
5872,-0.6350000000000717,0.0578410326724209,7.0,0.09490431428335411
5873,-0.6300000000000718,0.0571142699784988,7.0,0.09434805730595541
5874,-0.6250000000000719,0.0563875072845768,7.0,0.0937979869233867
5875,-0.620000000000072,0.0556607445906547,7.0,0.09325406429921745
5876,-0.6150000000000722,0.0549339818967325,7.0,0.09271625068048861
5877,-0.6100000000000723,0.0542072192028104,7.0,0.09218450740102935
5878,-0.6050000000000724,0.0534804565088883,7.0,0.09165879588469694
5879,-0.6000000000000725,0.0527536938149661,7.0,0.09113907764853779
5880,-0.5950000000000726,0.052026931121044,7.0,0.09062531430587817
5881,-0.5900000000000727,0.051300168427122,7.0,0.0901174675693367
5882,-0.5850000000000728,0.0505734057331998,7.0,0.0896154992537681
5883,-0.5800000000000729,0.0498466430392777,7.0,0.08911937127912861
5884,-0.575000000000073,0.0491198803453556,7.0,0.0886290456732769
5885,-0.5700000000000731,0.0482002702224217,7.0,0.08814448457470092
5886,-0.5650000000000732,0.0462513625510226,7.0,0.08766565023517314
5887,-0.5600000000000733,0.0443024548796237,7.0,0.08719250502234255
5888,-0.5550000000000734,0.0423535472082247,7.0,0.08672501142225553
5889,-0.5500000000000735,0.040404639536826,7.0,0.0862631320418078
5890,-0.5450000000000736,0.038455731865427,7.0,0.08580682961113661
5891,-0.5400000000000738,0.036600180540209,7.0,0.08535606698594045
5892,-0.5350000000000739,0.0347458480894253,7.0,0.0849108071497412
5893,-0.530000000000074,0.0328915156386414,7.0,0.08447101321607797
5894,-0.5250000000000741,0.0310371831878575,7.0,0.08403664843064129
5895,-0.5200000000000742,0.0291828507370735,7.0,0.08360767617334353
5896,-0.5150000000000743,0.0273285182862897,7.0,0.08318405996033162
5897,-0.5100000000000744,0.026043240839193,7.0,0.08276576344593811
5898,-0.5050000000000745,0.0251921910615171,7.0,0.08235275042457102
5899,-0.5000000000000746,0.0243411412838413,7.0,0.0819449848325503
5900,-0.4950000000000747,0.0234900915061653,7.0,0.08154243074988321
5901,-0.4900000000000748,0.0226390417284895,7.0,0.08114505240198666
5902,-0.4850000000000749,0.0217879919508136,7.0,0.08075281416134927
5903,-0.480000000000075,0.0209369421731377,7.0,0.08036568054914339
5904,-0.4750000000000751,0.0200858923954618,7.0,0.07998361623678052
5905,-0.4700000000000752,0.0192348426177859,7.0,0.07960658604741533
5906,-0.4650000000000753,0.01838379284011,7.0,0.0792345549573954
5907,-0.4600000000000754,0.0176005978283637,7.0,0.07886748809766209
5908,-0.4550000000000755,0.0170505791462276,7.0,0.07850535075509946
5909,-0.4500000000000757,0.0165005604640915,7.0,0.07814810837383201
5910,-0.4450000000000758,0.0159505417819553,7.0,0.0777957265564777
5911,-0.4400000000000759,0.0154005230998191,7.0,0.0774481710653473
5912,-0.435000000000076,0.0148505044176829,7.0,0.07710540782360209
5913,-0.4300000000000761,0.0143004857355468,7.0,0.07676740291635997
5914,-0.4250000000000762,0.0137504670534107,7.0,0.07643412259175908
5915,-0.4200000000000763,0.0132004483712745,7.0,0.07610553326197478
5916,-0.4150000000000764,0.0126504296891384,7.0,0.075781601504195
5917,-0.4100000000000765,0.0121004110070022,7.0,0.07546229406154648
5918,-0.4050000000000766,0.0115503923248661,7.0,0.07514757784398518
5919,-0.4000000000000767,0.01100037364273,7.0,0.07483741992913961
5920,-0.3950000000000768,0.0104503549605938,7.0,0.07453178756311629
5921,-0.3900000000000769,0.0099003362784577,7.0,0.07423064816126101
5922,-0.385000000000077,0.0093503175963216,7.0,0.07393396930888563
5923,-0.3800000000000771,0.0088002989141854,7.0,0.07364171876194969
5924,-0.3750000000000772,0.0082502802320493,7.0,0.07335386444770875
5925,-0.3700000000000774,0.0077002615499132,7.0,0.07307037446532261
5926,-0.3650000000000775,0.007150242867777,7.0,0.07279121708642666
5927,-0.3600000000000776,0.0066002241856409,7.0,0.07251636075566903
5928,-0.3550000000000777,0.0060502055035047,7.0,0.07224577409120803
5929,-0.3500000000000778,0.0055001868213686,7.0,0.0719794258851798
5930,-0.3450000000000779,0.0049501681392324,7.0,0.07171728510412678
5931,-0.340000000000078,0.0044001494570963,7.0,0.07145932088939932
5932,-0.3350000000000781,0.0038501307749602,7.0,0.0712055025575139
5933,-0.3300000000000782,0.0033001120928241,7.0,0.07095579960049203
5934,-0.3250000000000783,0.0027500934106879,7.0,0.07071018168615606
5935,-0.3200000000000784,0.0022000747285517,7.0,0.07046861865840126
5936,-0.3150000000000785,0.0016500560464156,7.0,0.07023108053743454
5937,-0.3100000000000786,0.0011000373642795,7.0,0.06999753751998328
5938,-0.3050000000000787,0.0005500186821433,7.0,0.06976795997947738
5939,-0.3000000000000788,7.250252839206645e-15,7.0,0.06954231846619974
5940,-0.295000000000079,-0.0005500186821289,7.0,0.06932058370741112
5941,-0.2900000000000791,-0.0002845005253302,7.0,0.06910272660744599
5942,-0.2850000000000792,0.0002212883139568,7.0,0.06888871824778275
5943,-0.2800000000000793,0.0007270771532439,7.0,0.068678529887088
5944,-0.2750000000000794,0.001232865992531,7.0,0.06847213296123267
5945,-0.2700000000000795,0.0017386548318182,7.0,0.06826949908328717
5946,-0.2650000000000796,0.0022444436711053,7.0,0.06807060004348775
5947,-0.2600000000000797,0.0027502325103924,7.0,0.06787540780918166
5948,-0.2550000000000798,0.0032560213496795,7.0,0.06768389452474866
5949,-0.2500000000000799,0.0039507703412711,7.0,0.0674960325114975
5950,-0.24500000000008,0.0046544857353395,7.0,0.06731179426754086
5951,-0.2400000000000801,0.0053582011294078,7.0,0.06713115246765222
5952,-0.2350000000000802,0.0060619165234762,7.0,0.06695407996309444
5953,-0.2300000000000803,0.0067656319175446,7.0,0.06678054978143189
5954,-0.2250000000000804,0.0074693473116129,7.0,0.06661053512632154
5955,-0.2200000000000805,0.0081730627056812,7.0,0.06644400937728323
5956,-0.2150000000000806,0.0088767780997496,7.0,0.0662809460894519
5957,-0.2100000000000808,0.0095804934938179,7.0,0.06612131899330875
5958,-0.2050000000000809,0.0102842088878863,7.0,0.06596510199439443
5959,-0.200000000000081,0.0109879242819546,7.0,0.06581226917300687
5960,-0.1950000000000811,0.011691639676023,7.0,0.06566279478387571
5961,-0.1900000000000812,0.0123953550700913,7.0,0.06551665325582601
5962,-0.1850000000000813,0.0130990704641597,7.0,0.06537381919142138
5963,-0.1800000000000814,0.0138027858582281,7.0,0.06523426736658977
5964,-0.1750000000000815,0.0145065012522964,7.0,0.06509797273023776
5965,-0.1700000000000816,0.0152102166463648,7.0,0.06496491040384333
5966,-0.1650000000000817,0.0159139320404331,7.0,0.06483505568103987
5967,-0.1600000000000818,0.0166176474345014,7.0,0.06470838402717993
5968,-0.1550000000000819,0.0173213628285698,7.0,0.06458487107888866
5969,-0.150000000000082,0.0181078670029671,7.0,0.06446449264360032
5970,-0.1450000000000821,0.0198574801173814,7.0,0.0643472246990836
5971,-0.1400000000000822,0.0216070932317958,7.0,0.0642330433929511
5972,-0.1350000000000824,0.0233567063462101,7.0,0.06412192504215974
5973,-0.1300000000000825,0.0251063194606244,7.0,0.06401384613249472
5974,-0.1250000000000826,0.0269090619735295,7.0,0.0639087833180434
5975,-0.1200000000000827,0.0289593628196954,7.0,0.06380671342065769
5976,-0.1150000000000828,0.0310096636658614,7.0,0.06370761342940479
5977,-0.1100000000000829,0.0330599645120272,7.0,0.06361146050000455
5978,-0.105000000000083,0.0351102653581932,7.0,0.06351823195425932
5979,-0.1000000000000831,0.0371605662043591,7.0,0.06342790527947284
5980,-0.0950000000000832,0.039210867050525,7.0,0.06334045812785627
5981,-0.0900000000000833,0.041261167896691,7.0,0.06325586831592855
5982,-0.0850000000000834,0.043311468742857,7.0,0.06317411382390192
5983,-0.0800000000000835,0.0453617695890228,7.0,0.06309517279506494
5984,-0.0750000000000836,0.0465057722304048,7.0,0.06301902353515032
5985,-0.0700000000000837,0.0462911923385657,7.0,0.06294564451169771
5986,-0.0650000000000838,0.0460766124467268,7.0,0.06287501435340848
5987,-0.0600000000000839,0.0458620325548878,7.0,0.06280711184948873
5988,-0.055000000000084,0.0456938493458097,7.0,0.06274191594898992
5989,-0.0500000000000842,0.0455750295913321,7.0,0.0626794057601362
5990,-0.0450000000000843,0.0454562098368543,7.0,0.06261956054965034
5991,-0.0400000000000844,0.0453373900823766,7.0,0.06256235974206725
5992,-0.0350000000000845,0.0452185703278989,7.0,0.0625077829190458
5993,-0.0300000000000846,0.0450997505734213,7.0,0.06245580981866905
5994,-0.0250000000000847,0.0449809308189435,7.0,0.062406420334743196
5995,-0.0200000000000848,0.0448621110644658,7.0,0.06235959451608697
5996,-0.0150000000000849,0.0447432913099881,7.0,0.06231531256581713
5997,-0.010000000000085,0.0446244715555104,7.0,0.06227355484062724
5998,-0.0050000000000851,0.0445056518010327,7.0,0.062234301850061846
5999,-8.526512829121202e-14,0.044386832046555,7.0,0.062197534255787446
6000,0.0049999999999146,0.0442680122920773,7.0,0.06216323287085357
6001,0.0099999999999145,0.0441491925375996,7.0,0.062131378658954683
6002,0.0149999999999144,0.0440303727831219,7.0,0.06210195273368424
6003,0.0199999999999143,0.0439115530286442,7.0,0.06207493635778638
6004,0.0249999999999142,0.0437927332741665,7.0,0.06205031094240199
6005,0.029999999999914,0.0436739135196889,7.0,0.062028058046312284
6006,0.0349999999999139,0.0435550937652111,7.0,0.06200815937517867
6007,0.0399999999999138,0.0434362740107334,7.0,0.061990596780777674
6008,0.0449999999999137,0.0433174542562557,7.0,0.061975352260234096
6009,0.0499999999999136,0.043198634501778,7.0,0.06196240795525254
6010,0.0549999999999135,0.0430798147473003,7.0,0.061951746151340914
6011,0.0599999999999134,0.0429609949928226,7.0,0.06194334927703726
6012,0.0649999999999133,0.0428421752383449,7.0,0.06193719990312874
6013,0.0699999999999132,0.0427233554838672,7.0,0.06193328074187421
6014,0.0749999999999131,0.0426045357293895,7.0,0.061931574646217236
6015,0.079999999999913,0.0428629449049718,7.0,0.0619320646090038
6016,0.0849999999999129,0.0434698742003288,7.0,0.06193473376219416
6017,0.0899999999999128,0.0440768034956859,7.0,0.061939565376072814
6018,0.0949999999999127,0.0446837327910428,7.0,0.06194654285846113
6019,0.0999999999999126,0.0452906620863998,7.0,0.06195564975392143
6020,0.1049999999999125,0.0458975913817569,7.0,0.06196686974296706
6021,0.1099999999999123,0.0465045206771139,7.0,0.06198018664126592
6022,0.1149999999999122,0.0471114499724709,7.0,0.06199558439884589
6023,0.1199999999999121,0.0477183792678279,7.0,0.06201304709929778
6024,0.124999999999912,0.0483253085631849,7.0,0.06203255895897819
6025,0.1299999999999119,0.0489322378585419,7.0,0.06205410432621283
6026,0.1349999999999118,0.0495391671538989,7.0,0.06207766768049561
6027,0.1399999999999117,0.0501460964492559,7.0,0.0621032336316919
6028,0.1449999999999116,0.0509593167338251,7.0,0.06213078691923857
6029,0.1499999999999115,0.0522901622129329,7.0,0.06216031241134401
6030,0.1549999999999114,0.0536210076920408,7.0,0.06219179510418971
6031,0.1599999999999113,0.0549518531711487,7.0,0.06222522012113041
6032,0.1649999999999112,0.0562826986502566,7.0,0.062260572711894446
6033,0.1699999999999111,0.0576135441293645,7.0,0.06229783825178492
6034,0.174999999999911,0.0589443896084723,7.0,0.06233700224088079
6035,0.1799999999999109,0.0602752350875803,7.0,0.06237805030323906
6036,0.1849999999999108,0.0616060805666881,7.0,0.06242096818609688
6037,0.1899999999999106,0.062936926045796,7.0,0.06246574175907316
6038,0.1949999999999105,0.0642677715249039,7.0,0.0625123570133741
6039,0.1999999999999104,0.0655986170040117,7.0,0.06256080006099607
6040,0.2049999999999103,0.0669294624831196,7.0,0.06261105713393256
6041,0.2099999999999102,0.0682603079622275,7.0,0.06266311458337737
6042,0.2149999999999101,0.0695911534413354,7.0,0.06271695887893525
6043,0.21999999999991,0.0709219989204433,7.0,0.06277257660782809
6044,0.2249999999999099,0.0722528443995512,7.0,0.06282995447410633
6045,0.2299999999999098,0.0735836898786591,7.0,0.06288907929785803
6046,0.2349999999999097,0.074914535357767,7.0,0.06294993801442239
6047,0.2399999999999096,0.0762453808368748,7.0,0.06301251767360339
6048,0.2449999999999095,0.0775762263159827,7.0,0.06307680543888439
6049,0.2499999999999094,0.0789070717950906,7.0,0.06314278858664557
6050,0.2549999999999093,0.0801042381056564,7.0,0.06321045450538298
6051,0.2599999999999092,0.0812614412768733,7.0,0.0632797906949264
6052,0.2649999999999091,0.08241864444809,7.0,0.06335078476566425
6053,0.269999999999909,0.0835758476193068,7.0,0.06342342443776572
6054,0.2749999999999089,0.0847330507905235,7.0,0.0634976975404048
6055,0.2799999999999087,0.0858902539617404,7.0,0.06357359201099289
6056,0.2849999999999086,0.0859316548711369,7.0,0.06365109589440165
6057,0.2899999999999085,0.0847725367693471,7.0,0.06373019734220042
6058,0.2949999999999084,0.0836134186675574,7.0,0.06381088461188678
6059,0.2999999999999083,0.0824543005657677,7.0,0.06389314606612284
6060,0.3049999999999082,0.0812951824639781,7.0,0.06397697017197501
6061,0.3099999999999081,0.0801360643621883,7.0,0.06406234550015133
6062,0.314999999999908,0.0789769462603985,7.0,0.06414926072424676
6063,0.3199999999999079,0.0778178281586089,7.0,0.06423770461998657
6064,0.3249999999999078,0.0766587100568192,7.0,0.06432766606447449
6065,0.3299999999999077,0.0754995919550294,7.0,0.06441913403544186
6066,0.3349999999999076,0.0743404738532396,7.0,0.06451209761050036
6067,0.3399999999999075,0.0731813557514499,7.0,0.06460654596639537
6068,0.3449999999999074,0.0720222376496603,7.0,0.06470246837826521
6069,0.3499999999999073,0.0708631195478705,7.0,0.06479985421889867
6070,0.3549999999999071,0.0697040014460808,7.0,0.06489869295800055
6071,0.359999999999907,0.068544883344291,7.0,0.0649989741614525
6072,0.3649999999999069,0.0673857652425013,7.0,0.06510068749058406
6073,0.3699999999999068,0.0662266471407116,7.0,0.06520382270144087
6074,0.3749999999999067,0.0650675290389219,7.0,0.06530836964406006
6075,0.3799999999999066,0.0639084109371322,7.0,0.06541431826174371
6076,0.3849999999999065,0.0627492928353424,7.0,0.06552165859033943
6077,0.3899999999999064,0.0615901747335527,7.0,0.06563038075751926
6078,0.3949999999999063,0.060431056631763,7.0,0.0657404749820677
6079,0.3999999999999062,0.0592719385299732,7.0,0.06585193157316493
6080,0.4049999999999061,0.0581128204281836,7.0,0.06596474092968019
6081,0.409999999999906,0.0576526816929888,7.0,0.0660788935394615
6082,0.4149999999999059,0.0576158834172806,7.0,0.06619437997863487
6083,0.4199999999999058,0.0575790851415724,7.0,0.06631119091089999
6084,0.4249999999999057,0.0575422868658643,7.0,0.06642931708683375
6085,0.4299999999999055,0.0575054885901561,7.0,0.06654874934319521
6086,0.4349999999999054,0.057468690314448,7.0,0.06666947860223216
6087,0.4399999999999053,0.0574318920387398,7.0,0.06679149587099165
6088,0.4449999999999052,0.0573950937630317,7.0,0.06691479224063634
6089,0.4499999999999051,0.0573582954873234,7.0,0.06703935888575796
6090,0.454999999999905,0.0573214972116153,7.0,0.06716518706369923
6091,0.4599999999999049,0.0572846989359071,7.0,0.06729226811387656
6092,0.4649999999999048,0.0572479006601989,7.0,0.06742059345710594
6093,0.4699999999999047,0.0572111023844908,7.0,0.06755015459493052
6094,0.4749999999999046,0.0571743041087826,7.0,0.06768094310895734
6095,0.4799999999999045,0.0571375058330745,7.0,0.06781295066018678
6096,0.4849999999999044,0.0571007075573662,7.0,0.06794616898835537
6097,0.4899999999999043,0.0570639092816581,7.0,0.06808058991127575
6098,0.4949999999999042,0.0570271110059499,7.0,0.06821620532418204
6099,0.4999999999999041,0.0569903127302417,7.0,0.06835300719907733
6100,0.504999999999904,0.0569535144545336,7.0,0.06849098758408434
6101,0.5099999999999039,0.0569167161788254,7.0,0.0686301386028012
6102,0.5149999999999038,0.0568799179031173,7.0,0.06877045245365687
6103,0.5199999999999037,0.0569979717364903,7.0,0.06891192140927382
6104,0.5249999999999035,0.057619080453935,7.0,0.06905453781583049
6105,0.5299999999999034,0.0582401891713797,7.0,0.06919829409242828
6106,0.5349999999999033,0.0589837031457919,7.0,0.06934318273046225
6107,0.5399999999999032,0.059911556871635,7.0,0.06948919629299422
6108,0.5449999999999031,0.0608394105974781,7.0,0.0696363274141295
6109,0.549999999999903,0.0617672643233212,7.0,0.06978456879839667
6110,0.5549999999999029,0.0626951180491643,7.0,0.06993391322012932
6111,0.5599999999999028,0.0636229717750074,7.0,0.0700843535228548
6112,0.5649999999999027,0.0645508255008506,7.0,0.07023588261868063
6113,0.5699999999999026,0.0654786792266937,7.0,0.07038849348768883
6114,0.5749999999999025,0.0664065329525368,7.0,0.07054217917733185
6115,0.5799999999999024,0.0673343866783799,7.0,0.07069693280183031
6116,0.5849999999999023,0.0682622404042231,7.0,0.07085274754157544
6117,0.5899999999999022,0.0691900941300663,7.0,0.07100961664253524
6118,0.594999999999902,0.0701179478559094,7.0,0.07116753341566306
6119,0.599999999999902,0.0710458015817524,7.0,0.07132649123630697
6120,0.6049999999999018,0.0719736553075955,7.0,0.07148648354362819
6121,0.6099999999999017,0.0729015090334388,7.0,0.07164750384001639
6122,0.6149999999999016,0.0738293627592818,7.0,0.07180954569051257
6123,0.6199999999999015,0.0747572164851249,7.0,0.07197260272223283
6124,0.6249999999999014,0.0756850702109681,7.0,0.07213666862379586
6125,0.6299999999999013,0.0766129239368111,7.0,0.0723017371447543
6126,0.6349999999999012,0.0775407776626543,7.0,0.07246780209502834
6127,0.6399999999999011,0.0784686313884975,7.0,0.07263485734434272
6128,0.644999999999901,0.0793964851143405,7.0,0.07280289682166718
6129,0.6499999999999009,0.0803243388401837,7.0,0.07297191451466056
6130,0.6549999999999008,0.0812521925660268,7.0,0.07314190446911595
6131,0.6599999999999007,0.0821800462918699,7.0,0.0733128607884117
6132,0.6649999999999006,0.083107900017713,7.0,0.07348477763296302
6133,0.6699999999999005,0.0840357537435562,7.0,0.07365764921967966
6134,0.6749999999999003,0.0849636074693993,7.0,0.07383146982142341
6135,0.6799999999999002,0.0858914611952424,7.0,0.07400623376647042
6136,0.6849999999999001,0.0868193149210855,7.0,0.07418193543797802
6137,0.6899999999999,0.0877471686469286,7.0,0.07435856927345108
6138,0.6949999999998999,0.0887055390492981,7.0,0.0745361297642152
6139,0.6999999999998998,0.0899931009868026,7.0,0.07471461145488989
6140,0.7049999999998997,0.0912806629243071,7.0,0.07489400894286669
6141,0.7099999999998996,0.0925682248618118,7.0,0.07507431687779154
6142,0.7149999999998995,0.0938557867993163,7.0,0.07525552996104534
6143,0.7199999999998994,0.0951433487368209,7.0,0.07543764294523259
6144,0.7249999999998993,0.0964309106743254,7.0,0.07562065063367185
6145,0.7299999999998992,0.09771847261183,7.0,0.07580454787988744
6146,0.7349999999998991,0.0990060345493346,7.0,0.07598932958710547
6147,0.739999999999899,0.1002935964868392,7.0,0.07617499070775346
6148,0.7449999999998989,0.1015811584243436,7.0,0.07636152624296166
6149,0.7499999999998987,0.1028687203618482,7.0,0.0765489312420673
6150,0.7549999999998986,0.1041562822993527,7.0,0.07673720080212398
6151,0.7599999999998985,0.1055721208971977,7.0,0.07692633006741201
6152,0.7649999999998984,0.1070096575243172,7.0,0.07711631422895082
6153,0.7699999999998983,0.1084471941514367,7.0,0.07730714852401843
6154,0.7749999999998982,0.1098847307785561,7.0,0.07749882823566856
6155,0.7799999999998981,0.1113222674056758,7.0,0.07769134869225436
6156,0.784999999999898,0.1127598040327952,7.0,0.07788470526695412
6157,0.7899999999998979,0.1141973406599147,7.0,0.07807889337730023
6158,0.7949999999998978,0.1156348772870343,7.0,0.07827390848470905
6159,0.7999999999998977,0.1170724139141538,7.0,0.07846974609401647
6160,0.8049999999998976,0.1185099505412733,7.0,0.07866640175301409
6161,0.8099999999998975,0.1199474871683928,7.0,0.07886387105199144
6162,0.8149999999998974,0.1213850237955123,7.0,0.07906214962327573
6163,0.8199999999998973,0.1228225604226319,7.0,0.07926123314077915
6164,0.8249999999998971,0.1242600970497513,7.0,0.07946111731954841
6165,0.829999999999897,0.1256976336768709,7.0,0.07966179791531458
6166,0.8349999999998969,0.1271351703039902,7.0,0.07986327072404864
6167,0.8399999999998968,0.1285727069311098,7.0,0.0800655315815163
6168,0.8449999999998967,0.1300102435582294,7.0,0.0802685763628408
6169,0.8499999999998966,0.1314477801853489,7.0,0.0804724009820631
6170,0.8549999999998965,0.1328853168124684,7.0,0.08067700139170886
6171,0.8599999999998964,0.1343228534395878,7.0,0.08088237358235617
6172,0.8649999999998963,0.1357603900667073,7.0,0.08108851358220526
6173,0.8699999999998962,0.137197926693827,7.0,0.08129541745665436
6174,0.8749999999998961,0.1386354633209464,7.0,0.08150308130787365
6175,0.879999999999896,0.1400729999480659,7.0,0.08171150127438687
6176,0.8849999999998959,0.1415105365751855,7.0,0.08192067353065069
6177,0.8899999999998958,0.1429480732023049,7.0,0.0821305942866406
6178,0.8949999999998957,0.1443856098294246,7.0,0.082341259787438
6179,0.8999999999998956,0.1458231464565439,7.0,0.08255266631282032
6180,0.9049999999998954,0.1472606830836636,7.0,0.08276481017685233
6181,0.9099999999998952,0.1486982197107831,7.0,0.08297768772748249
6182,0.9149999999998952,0.1501357563379026,7.0,0.08319129534614034
6183,0.9199999999998952,0.151573292965022,7.0,0.08340562944733632
6184,0.924999999999895,0.1530108295921417,7.0,0.0836206864782667
6185,0.9299999999998948,0.154448366219261,7.0,0.08383646291841718
6186,0.9349999999998948,0.1558859028463807,7.0,0.08405295527917234
6187,0.9399999999998948,0.1573234394735,7.0,0.08427016010342492
6188,0.9449999999998946,0.1587609761006198,7.0,0.08448807396519209
6189,0.9499999999998944,0.1601985127277391,7.0,0.08470669346922921
6190,0.9549999999998944,0.1616360493548587,7.0,0.08492601525064836
6191,0.9599999999998944,0.1630735859819781,7.0,0.08514603597454018
6192,0.9649999999998942,0.1645111226090977,7.0,0.0853667523355981
6193,0.969999999999894,0.1659486592362172,7.0,0.08558816105774247
6194,0.974999999999894,0.1673861958633367,7.0,0.0858102588937506
6195,0.9799999999998938,0.1688237324904561,7.0,0.08603304262488831
6196,0.9849999999998936,0.1702612691175756,7.0,0.08625650906054194
6197,0.9899999999998936,0.1716988057446952,7.0,0.0864806550378554
6198,0.9949999999998936,0.1731363423718147,7.0,0.08670547742136958
6199,0.9999999999998934,0.1745738789989341,7.0,0.08693097310266107
6200,1.004999999999893,0.1760114156260537,7.0,0.08715713899998778
6201,1.0099999999998932,0.1774489522531732,7.0,0.08738397205793369
6202,1.014999999999893,0.1788864888802927,7.0,0.08761146924705698
6203,1.019999999999893,0.1803240255074123,7.0,0.08783962756354191
6204,1.0249999999998929,0.1817615621345316,7.0,0.08806844402885039
6205,1.0299999999998928,0.1831990987616513,7.0,0.08829791568937839
6206,1.034999999999893,0.1846366353887706,7.0,0.08852803961611433
6207,1.0399999999998926,0.1860741720158903,7.0,0.08875881290429743
6208,1.0449999999998925,0.1875117086430099,7.0,0.08899023267308204
6209,1.0499999999998924,0.1889492452701293,7.0,0.08922229606520204
6210,1.0549999999998922,0.190290920628373,7.0,0.08945500024663777
6211,1.059999999999892,0.1915691646466046,7.0,0.08968834240628587
6212,1.064999999999892,0.1928474086648359,7.0,0.08992231975563192
6213,1.069999999999892,0.1941256526830676,7.0,0.09015692952842302
6214,1.0749999999998918,0.195403896701299,7.0,0.09039216898034563
6215,1.0799999999998915,0.1966821407195304,7.0,0.09062803538870379
6216,1.0849999999998916,0.1979603847377618,7.0,0.09086452605210027
6217,1.0899999999998915,0.1992386287559933,7.0,0.09110163829012041
6218,1.0949999999998914,0.2005168727742248,7.0,0.0913393694430168
6219,1.0999999999998913,0.2017951850603589,7.0,0.09157771687139804
6220,1.1049999999998912,0.2030912751904685,7.0,0.09181667795591764
6221,1.109999999999891,0.2043873653205781,7.0,0.09205625009696727
6222,1.114999999999891,0.2056834554506877,7.0,0.09229643071437155
6223,1.1199999999998909,0.2069795455807973,7.0,0.09253721724708364
6224,1.1249999999998908,0.2082756357109068,7.0,0.092778607152885
6225,1.1299999999998906,0.2095717258410166,7.0,0.0930205979080857
6226,1.1349999999998903,0.2108678159711261,7.0,0.0932631870072288
6227,1.1399999999998904,0.2121639061012359,7.0,0.09350637196279488
6228,1.1449999999998903,0.2134585488676615,7.0,0.09375015030491052
6229,1.1499999999998902,0.2147454347162001,7.0,0.09399451958105587
6230,1.15499999999989,0.2160323205647387,7.0,0.09423947735578042
6231,1.15999999999989,0.217319206413277,7.0,0.0944850212104128
6232,1.16499999999989,0.2186060922618157,7.0,0.09473114874277977
6233,1.1699999999998898,0.2198929781103543,7.0,0.09497785756692323
6234,1.1749999999998897,0.2211798639588928,7.0,0.09522514531282089
6235,1.1799999999998896,0.2224667498074314,7.0,0.09547300962610972
6236,1.1849999999998897,0.2237536356559699,7.0,0.09572144816780748
6237,1.1899999999998894,0.2250405215045085,7.0,0.09597045861404319
6238,1.1949999999998893,0.2263274073530469,7.0,0.09622003865578299
6239,1.1999999999998892,0.2276142932015856,7.0,0.09647018599856239
6240,1.204999999999889,0.228901179050124,7.0,0.09672089836221798
6241,1.209999999999889,0.2301880648986626,7.0,0.09697217348062304
6242,1.2149999999998888,0.2314749507472012,7.0,0.09722400910142448
6243,1.2199999999998887,0.2327618365957398,7.0,0.09747640298578064
6244,1.2249999999998886,0.2340487224442784,7.0,0.09772935290810347
6245,1.2299999999998883,0.2353356082928169,7.0,0.0979828566558012
6246,1.2349999999998884,0.2366224941413554,7.0,0.09823691202902252
6247,1.2399999999998883,0.2379093799898941,7.0,0.09849151684040425
6248,1.2449999999998882,0.2391962658384325,7.0,0.09874666891481931
6249,1.249999999999888,0.240483151686971,7.0,0.09900236608912938
6250,1.254999999999888,0.2417700375355096,7.0,0.09925860621193561
6251,1.259999999999888,0.2430569233840482,7.0,0.09951538714333474
6252,1.2649999999998878,0.2443438092325869,7.0,0.0997727067546752
6253,1.2699999999998877,0.2456306950811252,7.0,0.10003056292831625
6254,1.2749999999998876,0.246917580929664,7.0,0.10028895355738887
6255,1.2799999999998877,0.2482044667782025,7.0,0.10054787654555697
6256,1.2849999999998871,0.249491352626741,7.0,0.10080732980678342
6257,1.2899999999998872,0.2507782384752796,7.0,0.10106731126509572
6258,1.2949999999998871,0.2520651243238183,7.0,0.10132781885435427
6259,1.299999999999887,0.2533520101723567,7.0,0.10158885051802258
6260,1.304999999999887,0.2546388960208952,7.0,0.10185040420893898
6261,1.3099999999998868,0.2559257818694339,7.0,0.10211247788909183
6262,1.3149999999998867,0.2572126677179722,7.0,0.10237506952939435
6263,1.3199999999998866,0.2584995535665109,7.0,0.1026381771094621
6264,1.3249999999998865,0.2597864394150493,7.0,0.10290179861739324
6265,1.3299999999998864,0.2610733252635878,7.0,0.10316593204955005
6266,1.3349999999998865,0.2623602111121266,7.0,0.10343057541034084
6267,1.3399999999998862,0.2636470969606651,7.0,0.103695726712007
6268,1.344999999999886,0.2649339828092036,7.0,0.10396138397440868
6269,1.349999999999886,0.2662208686577421,7.0,0.10422754522481381
6270,1.354999999999886,0.2675077545062807,7.0,0.10449420849768898
6271,1.3599999999998855,0.2687946403548193,7.0,0.10476137183449119
6272,1.3649999999998856,0.2700815262033579,7.0,0.10502903328346291
6273,1.3699999999998855,0.2713684120518964,7.0,0.1052971908994279
6274,1.3749999999998854,0.272655297900435,7.0,0.1055658427435876
6275,1.379999999999885,0.2739421837489735,7.0,0.10583498688332349
6276,1.3849999999998852,0.2752290695975122,7.0,0.10610462139199595
6277,1.389999999999885,0.2765159554460507,7.0,0.10637474434874761
6278,1.394999999999885,0.2778028412945891,7.0,0.1066453538383112
6279,1.399999999999885,0.2790897271431278,7.0,0.10691644795081157
6280,1.4049999999998848,0.2803766129916664,7.0,0.10718802478157796
6281,1.409999999999885,0.281663498840205,7.0,0.10746008243095195
6282,1.4149999999998846,0.2829503846887434,7.0,0.10773261900410036
6283,1.4199999999998845,0.284237270537282,7.0,0.1080056326108293
6284,1.4249999999998844,0.2855241563858206,7.0,0.10827912136539775
6285,1.4299999999998845,0.2868110422343592,7.0,0.1085530833863364
6286,1.434999999999884,0.2881655055248495,7.0,0.10882751679626612
6287,1.439999999999884,0.2896414792556335,7.0,0.10910241972171775
6288,1.444999999999884,0.2911174529864175,7.0,0.10937779029295547
6289,1.4499999999998838,0.2925934267172015,7.0,0.10965362664379896
6290,1.4549999999998835,0.2940694004479856,7.0,0.10992992691145109
6291,1.4599999999998836,0.2955453741787697,7.0,0.11020668923632371
6292,1.4649999999998835,0.2970213479095539,7.0,0.11048391176186756
6293,1.4699999999998834,0.2984973216403378,7.0,0.11076159263440222
6294,1.4749999999998833,0.2999732953711219,7.0,0.11103973000294853
6295,1.4799999999998832,0.3014492691019061,7.0,0.11131832201906311
6296,1.484999999999883,0.3029252428326903,7.0,0.1115973668366741
6297,1.489999999999883,0.3044012165634742,7.0,0.11187686261191787
6298,1.4949999999998829,0.3058771902942582,7.0,0.11215680750297696
6299,1.4999999999998828,0.3073531640250422,7.0,0.11243719966992394
6300,1.5049999999998829,0.3088291377558265,7.0,0.11271803727456031
6301,1.5099999999998823,0.3103051114866104,7.0,0.11299931848026112
6302,1.5149999999998824,0.3117810852173946,7.0,0.1132810414518226
6303,1.5199999999998823,0.3132570589481787,7.0,0.11356320435530631
6304,1.5249999999998822,0.3147330326789627,7.0,0.11384580535789013
6305,1.529999999999882,0.3162090064097468,7.0,0.11412884262771639
6306,1.534999999999882,0.3176849801405308,7.0,0.11441231433374632
6307,1.539999999999882,0.319160953871315,7.0,0.11469621864561153
6308,1.5449999999998818,0.3206369276020991,7.0,0.11498055373347027
6309,1.5499999999998817,0.3221129013328831,7.0,0.11526531776786375
6310,1.5549999999998816,0.3235888750636672,7.0,0.11555050891957441
6311,1.5599999999998817,0.3250648487944512,7.0,0.11583612535948595
6312,1.5649999999998814,0.3265408225252354,7.0,0.11612216525844454
6313,1.5699999999998813,0.3280167962560195,7.0,0.11640862678712216
6314,1.5749999999998812,0.3294927699868035,7.0,0.11669550811588125
6315,1.579999999999881,0.3309687437175876,7.0,0.11698280741463962
6316,1.584999999999881,0.3324447174483717,7.0,0.11727052285274076
6317,1.5899999999998808,0.3339206911791558,7.0,0.11755865259882003
6318,1.5949999999998807,0.3353966649099397,7.0,0.1178471948206774
6319,1.5999999999998806,0.3368726386407238,7.0,0.11813614768514902
6320,1.6049999999998803,0.3383486123715077,7.0,0.11842550935798146
6321,1.6099999999998804,0.339824586102292,7.0,0.11871527800370729
6322,1.6149999999998803,0.3413005598330761,7.0,0.11900545178552102
6323,1.6199999999998802,0.3427765335638603,7.0,0.11929602886515822
6324,1.62499999999988,0.3442525072946443,7.0,0.1195870074027755
6325,1.62999999999988,0.3457284810254284,7.0,0.11987838555683161
6326,1.63499999999988,0.3472044547562125,7.0,0.12017016148397097
6327,1.6399999999998798,0.3486804284869965,7.0,0.12046233333890788
6328,1.6449999999998797,0.3501564022177805,7.0,0.12075489927431104
6329,1.6499999999998796,0.3516323759485648,7.0,0.1210478574406938
6330,1.6549999999998797,0.3531083496793488,7.0,0.12134120598630083
6331,1.6599999999998791,0.3545843234101327,7.0,0.12163494305699907
6332,1.6649999999998792,0.3560602971409169,7.0,0.12192906679617033
6333,1.6699999999998791,0.3575362708717011,7.0,0.12222357534460393
6334,1.674999999999879,0.359012244602485,7.0,0.12251846684039125
6335,1.679999999999879,0.3604882183332692,7.0,0.12281373941882323
6336,1.6849999999998788,0.3619641920640532,7.0,0.12310939121228648
6337,1.6899999999998787,0.3634401657948374,7.0,0.123405420350164
6338,1.6949999999998786,0.3649161395256214,7.0,0.1237018249587345
6339,1.6999999999998785,0.3663921132564054,7.0,0.12399860316107558
6340,1.7049999999998784,0.3678680869871894,7.0,0.1242957530769665
6341,1.7099999999998785,0.3693440607179737,7.0,0.12459327282279398
6342,1.7149999999998782,0.3708200344487579,7.0,0.1248911605114571
6343,1.719999999999878,0.3722960081795419,7.0,0.12518941425227703
6344,1.724999999999878,0.373771981910326,7.0,0.12548803215090443
6345,1.729999999999878,0.3752479556411098,7.0,0.12578701230923173
6346,1.7349999999998778,0.3767239293718939,7.0,0.12608635282530356
6347,1.7399999999998776,0.3781999031026781,7.0,0.12638605179323192
6348,1.7449999999998775,0.3796758768334622,7.0,0.12668610730310947
6349,1.7499999999998774,0.3811518505642462,7.0,0.12698651744092704
6350,1.754999999999877,0.3826278242950303,7.0,0.12728728028849057
6351,1.7599999999998772,0.3841037980258144,7.0,0.12758839392334065
6352,1.7649999999998771,0.3855797717565986,7.0,0.12788985641867223
6353,1.769999999999877,0.3870557454873826,7.0,0.12819166584325736
6354,1.774999999999877,0.3885317192181666,7.0,0.12849382026136769
6355,1.7799999999998768,0.3900076929489509,7.0,0.12879631773269984
6356,1.784999999999877,0.3914836666797348,7.0,0.1290991563122993
6357,1.7899999999998766,0.392959640410519,7.0,0.12940233405049106
6358,1.7949999999998765,0.3944356141413031,7.0,0.12970584899280557
6359,1.7999999999998764,0.3959115878720871,7.0,0.13000969917990934
6360,1.8049999999998765,0.3973875616028711,7.0,0.1303138826475374
6361,1.809999999999876,0.3988635353336551,7.0,0.13061839742642434
6362,1.814999999999876,0.4003395090644392,7.0,0.1309232415422391
6363,1.819999999999876,0.4018154827952235,7.0,0.13122841301552113
6364,1.824999999999876,0.4032914565260075,7.0,0.1315339098616165
6365,1.829999999999876,0.4047674302567915,7.0,0.13183973009061467
6366,1.834999999999876,0.4062434039875757,7.0,0.1321458717072902
6367,1.8399999999998755,0.4077193777183598,7.0,0.13245233271104184
6368,1.8449999999998756,0.4091953514491436,7.0,0.1327591110958345
6369,1.8499999999998755,0.4106713251799279,7.0,0.13306620485014387
6370,1.8549999999998752,0.4121472989107118,7.0,0.1333736119568989
6371,1.859999999999875,0.4136232726414959,7.0,0.13368133039343033
6372,1.864999999999875,0.4151013984104347,7.0,0.13398935813141555
6373,1.8699999999998749,0.4166091747427851,7.0,0.13429769313682716
6374,1.8749999999998748,0.4181169510751356,7.0,0.13460633336988603
6375,1.8799999999998749,0.419624727407486,7.0,0.13491527678500737
6376,1.8849999999998743,0.4211325037398363,7.0,0.13522452133075713
6377,1.8899999999998744,0.4226402800721867,7.0,0.13553406494980302
6378,1.8949999999998743,0.424148056404537,7.0,0.13584390557887138
6379,1.8999999999998745,0.4256558327368876,7.0,0.13615404114870155
6380,1.904999999999874,0.4271636090692379,7.0,0.13646446958400416
6381,1.909999999999874,0.428671385401588,7.0,0.13677518880341943
6382,1.914999999999874,0.4301145947930785,7.0,0.13708619671947797
6383,1.9199999999998736,0.4315466572562453,7.0,0.13739749123856004
6384,1.9249999999998737,0.4329787197194118,7.0,0.13770907026085977
6385,1.9299999999998736,0.4344107821825784,7.0,0.1380209316803478
6386,1.9349999999998733,0.4358428446457452,7.0,0.13833307338473577
6387,1.9399999999998732,0.4372749071089117,7.0,0.1386454932554444
6388,1.9449999999998733,0.4387069695720784,7.0,0.1389581891675672
6389,1.9499999999998727,0.440139032035245,7.0,0.13927115898984255
6390,1.954999999999873,0.4415710944984118,7.0,0.13958440058462096
6391,1.959999999999873,0.4430031569615786,7.0,0.13989791180783717
6392,1.9649999999998728,0.4444352194247454,7.0,0.1402116905089814
6393,1.9699999999998727,0.445867281887912,7.0,0.14052573453107398
6394,1.9749999999998729,0.4472993443510789,7.0,0.14084004171063813
6395,1.9799999999998723,0.4487314068142453,7.0,0.14115460987767636
6396,1.9849999999998724,0.4501634692774118,7.0,0.1414694368556485
6397,1.9899999999998723,0.4515955317405787,7.0,0.14178452046144718
6398,1.994999999999872,0.4530275942037454,7.0,0.1420998585053792
6399,1.999999999999872,0.454459656666912,7.0,0.14241544879114465
6400,-1.9950000000000427,0.3857378716989456,8.0,0.423716681013388
6401,-1.9900000000000428,0.3847308260468149,8.0,0.4230449115334529
6402,-1.985000000000043,0.3837237803946847,8.0,0.42236815246998427
6403,-1.980000000000043,0.3827167347425542,8.0,0.42168645265028515
6404,-1.9750000000000432,0.3817096890904237,8.0,0.4209998628396501
6405,-1.9700000000000435,0.3807026434382931,8.0,0.42030843565927256
6406,-1.9650000000000436,0.3796955977861627,8.0,0.41961222550401045
6407,-1.9600000000000437,0.3788843434932227,8.0,0.4189112884601276
6408,-1.955000000000044,0.3782726459071037,8.0,0.41820568222313703
6409,-1.950000000000044,0.3776609483209846,8.0,0.4174954660158475
6410,-1.945000000000044,0.3770492507348653,8.0,0.41678070050673266
6411,-1.940000000000044,0.3764375531487463,8.0,0.41606144772871323
6412,-1.935000000000044,0.3758258555626276,8.0,0.41533777099846814
6413,-1.930000000000044,0.3752141579765083,8.0,0.4146097348363532
6414,-1.925000000000044,0.3746024603903896,8.0,0.4138774048870322
6415,-1.9200000000000443,0.3739907628042702,8.0,0.41314084784089533
6416,-1.9150000000000444,0.3733790652181509,8.0,0.4124001313563568
6417,-1.9100000000000448,0.3727673676320321,8.0,0.41165532398309923
6418,-1.9050000000000449,0.372155670045913,8.0,0.410906495086349
6419,-1.9000000000000448,0.371543972459794,8.0,0.41015371477223994
6420,-1.8950000000000449,0.3709322748736753,8.0,0.409397053814337
6421,-1.890000000000045,0.3703205772875561,8.0,0.40863658358137755
6422,-1.885000000000045,0.3697088797014369,8.0,0.4078723759662871
6423,-1.8800000000000447,0.3690971821153177,8.0,0.40710450331651826
6424,-1.8750000000000453,0.3684854845291985,8.0,0.40633303836576373
6425,-1.8700000000000452,0.3678737869430796,8.0,0.40555805416708435
6426,-1.8650000000000453,0.3672620893569608,8.0,0.404779624027491
6427,-1.8600000000000456,0.3666503917708418,8.0,0.40399782144401997
6428,-1.8550000000000455,0.3660386941847223,8.0,0.40321272004132735
6429,-1.8500000000000456,0.3654269965986041,8.0,0.40242439351083825
6430,-1.845000000000046,0.3648152990124844,8.0,0.4016329155514644
6431,-1.840000000000046,0.3642036014263655,8.0,0.40083835981192273
6432,-1.835000000000046,0.3635919038402468,8.0,0.4000407998346678
6433,-1.8300000000000465,0.3629802062541275,8.0,0.39924030900144536
6434,-1.8250000000000464,0.3623685086680082,8.0,0.39843696048049404
6435,-1.8200000000000465,0.3617568110818895,8.0,0.397630827175387
6436,-1.8150000000000464,0.3611451134957704,8.0,0.39682198167552984
6437,-1.810000000000047,0.3605334159096508,8.0,0.39601049620831297
6438,-1.8050000000000468,0.3599217183235323,8.0,0.3951964425929194
6439,-1.800000000000047,0.3593100207374131,8.0,0.39437989219578384
6440,-1.795000000000047,0.3586983231512934,8.0,0.39356091588769926
6441,-1.790000000000047,0.3580866255651752,8.0,0.39273958400256814
6442,-1.7850000000000472,0.3574749279790557,8.0,0.3919159662977758
6443,-1.780000000000047,0.356900429576077,8.0,0.3910901319161919
6444,-1.7750000000000474,0.3563938710453074,8.0,0.3902621493497709
6445,-1.7700000000000475,0.3558873125145385,8.0,0.3894320864047469
6446,-1.7650000000000476,0.3553807539837693,8.0,0.38860001016839996
6447,-1.7600000000000475,0.3548741954530005,8.0,0.3877659869773774
6448,-1.755000000000048,0.3543676369222309,8.0,0.3869300823875499
6449,-1.750000000000048,0.3538610783914619,8.0,0.3860923611453815
6450,-1.745000000000048,0.3533545198606926,8.0,0.38525288716078676
6451,-1.7400000000000482,0.3528479613299234,8.0,0.3844117234814606
6452,-1.7350000000000485,0.3523414027991544,8.0,0.3835689322686402
6453,-1.7300000000000484,0.3518348442683849,8.0,0.382724574774292
6454,-1.7250000000000485,0.351328285737616,8.0,0.38187871131968065
6455,-1.7200000000000486,0.3508217272068473,8.0,0.38103140127529933
6456,-1.7150000000000487,0.3503151686760776,8.0,0.38018270304213486
6457,-1.7100000000000488,0.349808610145309,8.0,0.379332674034234
6458,-1.705000000000049,0.3493020516145393,8.0,0.3784813706625423
6459,-1.700000000000049,0.3487954930837701,8.0,0.37762884831998966
6460,-1.6950000000000491,0.3482889345530013,8.0,0.3767751613677851
6461,-1.6900000000000492,0.3477823760222321,8.0,0.3759203631228961
6462,-1.6850000000000491,0.3472758174914631,8.0,0.37506450584667583
6463,-1.6800000000000497,0.3467692589606938,8.0,0.3742076407346152
6464,-1.6750000000000496,0.3462627004299245,8.0,0.3733498179071776
6465,-1.6700000000000497,0.3457561418991553,8.0,0.37249108640169315
6466,-1.6650000000000498,0.3452495833683864,8.0,0.3716314941652785
6467,-1.66000000000005,0.3447430248376172,8.0,0.3707710880487478
6468,-1.65500000000005,0.3442364663068479,8.0,0.36990991380148985
6469,-1.65000000000005,0.343729907776079,8.0,0.369048016067272
6470,-1.6450000000000502,0.3432233492453093,8.0,0.3681854383809473
6471,-1.6400000000000503,0.3427167907145407,8.0,0.3673222231660289
6472,-1.6350000000000504,0.3422102321837716,8.0,0.36645841173310223
6473,-1.6300000000000503,0.3417036736530023,8.0,0.36559404427904896
6474,-1.6250000000000506,0.3411971151222329,8.0,0.3647291598870436
6475,-1.6200000000000507,0.3406905565914642,8.0,0.3638637965273017
6476,-1.6150000000000508,0.3401839980606951,8.0,0.362997991058547
6477,-1.610000000000051,0.3396774395299257,8.0,0.3621317792301697
6478,-1.605000000000051,0.3391708809991567,8.0,0.36126519568504234
6479,-1.6000000000000512,0.3386643224683879,8.0,0.3603982739629744
6480,-1.5950000000000513,0.3381577639376181,8.0,0.3595310465047705
6481,-1.5900000000000514,0.3376512054068494,8.0,0.35866354465686967
6482,-1.5850000000000517,0.3371446468760802,8.0,0.35779579867653477
6483,-1.5800000000000516,0.3366380883453114,8.0,0.3569278377375722
6484,-1.5750000000000517,0.3361315298145418,8.0,0.35605968993655046
6485,-1.5700000000000518,0.3356249712837728,8.0,0.3551913822994971
6486,-1.565000000000052,0.3351184127530034,8.0,0.35432294078904725
6487,-1.560000000000052,0.3346118542222345,8.0,0.35345439031202064
6488,-1.555000000000052,0.3341052956914653,8.0,0.3525857547274044
6489,-1.5500000000000522,0.333598737160696,8.0,0.35171705685471977
6490,-1.5450000000000523,0.3330921786299268,8.0,0.3508483184827479
6491,-1.5400000000000524,0.332585620099158,8.0,0.34997956037859645
6492,-1.5350000000000523,0.3320790615683886,8.0,0.349110802297084
6493,-1.5300000000000529,0.3315725030376196,8.0,0.3482420629904268
6494,-1.5250000000000528,0.3310659445068507,8.0,0.3473733602181963
6495,-1.5200000000000529,0.3305593859760813,8.0,0.3465047107575473
6496,-1.515000000000053,0.330052827445312,8.0,0.34563613041367847
6497,-1.510000000000053,0.3295462689145434,8.0,0.34476763403052113
6498,-1.5050000000000532,0.3290397103837733,8.0,0.34389923550163404
6499,-1.5000000000000533,0.3285331518530051,8.0,0.34303094778128784
6500,-1.4950000000000534,0.3280265933222353,8.0,0.34216278289572
6501,-1.4900000000000535,0.3275200347914667,8.0,0.34129475195455294
6502,-1.4850000000000536,0.3270134762606971,8.0,0.3404268651623532
6503,-1.4800000000000535,0.3265069177299283,8.0,0.33955913183031416
6504,-1.4750000000000538,0.326000359199159,8.0,0.3386915603880638
6505,-1.470000000000054,0.3254938006683903,8.0,0.3378241583955638
6506,-1.465000000000054,0.3249872421376207,8.0,0.3369569325551005
6507,-1.460000000000054,0.3244806836068523,8.0,0.3360898887233572
6508,-1.4550000000000542,0.3239741250760827,8.0,0.33522303192354175
6509,-1.4500000000000544,0.323467566545313,8.0,0.33435636635757326
6510,-1.4450000000000545,0.3229610080145445,8.0,0.3334898954183091
6511,-1.4400000000000546,0.3224544494837748,8.0,0.33262362170180526
6512,-1.435000000000055,0.3219478909530058,8.0,0.33175754701959603
6513,-1.4300000000000548,0.321441332422237,8.0,0.33089167241098805
6514,-1.425000000000055,0.3209347738914676,8.0,0.3300259981553586
6515,-1.420000000000055,0.3204282153606981,8.0,0.32916052378444804
6516,-1.415000000000055,0.3199216568299294,8.0,0.3282952480946385
6517,-1.4100000000000552,0.3194150982991599,8.0,0.3274301691592154
6518,-1.405000000000055,0.3189085397683906,8.0,0.32656528434059673
6519,-1.4000000000000554,0.3184019812376218,8.0,0.32570059030253085
6520,-1.3950000000000555,0.3178954227068527,8.0,0.32483608302225253
6521,-1.3900000000000556,0.3173888641760831,8.0,0.32397175780259024
6522,-1.3850000000000555,0.3168823056453143,8.0,0.32310760928402593
6523,-1.3800000000000558,0.3163757471145451,8.0,0.322243631456688
6524,-1.375000000000056,0.3158691885837761,8.0,0.32137981767228885
6525,-1.370000000000056,0.3153626300530065,8.0,0.32051616065599176
6526,-1.3650000000000562,0.3148560715222376,8.0,0.31965265251820474
6527,-1.3600000000000565,0.3143495129914683,8.0,0.31878928476630053
6528,-1.3550000000000564,0.3138429544606994,8.0,0.3179260483162556
6529,-1.3500000000000565,0.3133363959299303,8.0,0.31706293350420545
6530,-1.3450000000000566,0.3128298373991611,8.0,0.3161999300979157
6531,-1.3400000000000567,0.3123232788683917,8.0,0.31533702730816215
6532,-1.3350000000000568,0.3118167203376226,8.0,0.3144742138000206
6533,-1.330000000000057,0.311310161806854,8.0,0.3136114777040647
6534,-1.325000000000057,0.3108036032760842,8.0,0.31274880662746096
6535,-1.3200000000000571,0.3102970447453157,8.0,0.31188618766497833
6536,-1.3150000000000572,0.3097904862145464,8.0,0.3110236074098841
6537,-1.3100000000000571,0.3092730163797912,8.0,0.31016105196475363
6538,-1.3050000000000574,0.3087471075659372,8.0,0.30929850695216854
6539,-1.3000000000000576,0.3082211987520837,8.0,0.30843595752531794
6540,-1.2950000000000577,0.3076952899382294,8.0,0.30757338837849324
6541,-1.2900000000000578,0.3071693811243759,8.0,0.3067107837574865
6542,-1.285000000000058,0.3066434723105216,8.0,0.3058481274698731
6543,-1.280000000000058,0.3061175634966682,8.0,0.3049854028952056
6544,-1.275000000000058,0.3055916546828139,8.0,0.3041225929950915
6545,-1.2700000000000582,0.3050657458689607,8.0,0.30325968032317463
6546,-1.2650000000000583,0.3045398370551066,8.0,0.3023966470350119
6547,-1.2600000000000584,0.3040139282412527,8.0,0.3015334748978499
6548,-1.2550000000000583,0.3034880194273989,8.0,0.3006701453002949
6549,-1.2500000000000586,0.3029621106135449,8.0,0.29980663926188866
6550,-1.2450000000000587,0.3024362017996913,8.0,0.29894293744258016
6551,-1.2400000000000588,0.3019102929858371,8.0,0.2980790201521014
6552,-1.235000000000059,0.3013843841719835,8.0,0.29721486735924596
6553,-1.230000000000059,0.300858475358129,8.0,0.2963504587010508
6554,-1.2250000000000592,0.3003325665442753,8.0,0.29548577349188565
6555,-1.2200000000000593,0.2998066577304216,8.0,0.29462079073244796
6556,-1.2150000000000594,0.2992807489165676,8.0,0.2937554891186712
6557,-1.2100000000000597,0.2987548401027141,8.0,0.2928898470505392
6558,-1.2050000000000596,0.2982289312888598,8.0,0.2920238426408177
6559,-1.2000000000000597,0.2977030224750062,8.0,0.29115745372370017
6560,-1.1950000000000598,0.297177113661152,8.0,0.2902906578633694
6561,-1.19000000000006,0.2966512048472982,8.0,0.289423432362482
6562,-1.18500000000006,0.2961252960334445,8.0,0.2885557542705709
6563,-1.18000000000006,0.295599387219591,8.0,0.28768760039237584
6564,-1.1750000000000602,0.2950734784057369,8.0,0.286818947296099
6565,-1.1700000000000603,0.2945475695918829,8.0,0.2859497713215907
6566,-1.1650000000000604,0.2940216607780292,8.0,0.2850800485884639
6567,-1.1600000000000603,0.2934957519641754,8.0,0.28420975500414924
6568,-1.1550000000000606,0.2929698431503217,8.0,0.28333886627188243
6569,-1.1500000000000608,0.2924439343364673,8.0,0.282467357898633
6570,-1.1450000000000609,0.2919180255226137,8.0,0.281595205202976
6571,-1.140000000000061,0.2913921167087602,8.0,0.28072238332291233
6572,-1.135000000000061,0.2908662078949059,8.0,0.27984886722363245
6573,-1.1300000000000612,0.2903402990810521,8.0,0.27897463170523573
6574,-1.1250000000000613,0.2898143902671983,8.0,0.27809965141040227
6575,-1.1200000000000614,0.2892884814533445,8.0,0.2772239008320253
6576,-1.1150000000000615,0.2887625726394903,8.0,0.27634735432079927
6577,-1.1100000000000616,0.2882366638256366,8.0,0.2754699860927793
6578,-1.1050000000000617,0.2877107550117827,8.0,0.2745917702368994
6579,-1.1000000000000618,0.2871848461979289,8.0,0.27371268072246724
6580,-1.095000000000062,0.2866589373840746,8.0,0.2728326914066278
6581,-1.090000000000062,0.286133028570221,8.0,0.27195177604180887
6582,-1.085000000000062,0.2856071197563674,8.0,0.2710699082831406
6583,-1.0800000000000622,0.2850812109425132,8.0,0.2701870616958627
6584,-1.0750000000000624,0.2845553021286595,8.0,0.26930320976271416
6585,-1.0700000000000625,0.2840293933148054,8.0,0.2684183258913173
6586,-1.0650000000000626,0.2835034845009516,8.0,0.2675323834215524
6587,-1.060000000000063,0.2829775756870976,8.0,0.26664535563292513
6588,-1.0550000000000628,0.2824516668732439,8.0,0.26575721575194267
6589,-1.0500000000000629,0.2819257580593898,8.0,0.2648679369594833
6590,-1.045000000000063,0.281399849245536,8.0,0.26397749239817914
6591,-1.040000000000063,0.2808739404316823,8.0,0.26308585517980565
6592,-1.0350000000000632,0.2803480316178286,8.0,0.26219299839268495
6593,-1.0300000000000633,0.2798221228039745,8.0,0.26129889510910576
6594,-1.0250000000000634,0.2792962139901208,8.0,0.2604035183927641
6595,-1.0200000000000635,0.2787703051762668,8.0,0.2595068413062259
6596,-1.0150000000000636,0.278244396362413,8.0,0.2586088369184182
6597,-1.0100000000000635,0.2777184875485588,8.0,0.25770947831214774
6598,-1.0050000000000638,0.2771925787347051,8.0,0.256808738591657
6599,-1.000000000000064,0.2766666699208514,8.0,0.25590659089021306
6600,-0.995000000000064,0.2761407611069973,8.0,0.25500300837773937
6601,-0.9900000000000642,0.2756148522931432,8.0,0.2540979642684925
6602,-0.9850000000000644,0.2750889434792896,8.0,0.2531914318287797
6603,-0.9800000000000644,0.2745630346654358,8.0,0.25228338438473563
6604,-0.9750000000000644,0.274037125851582,8.0,0.25137379533014426
6605,-0.9700000000000646,0.2735112170377282,8.0,0.25046263813432657
6606,-0.9650000000000648,0.2729853082238743,8.0,0.24954988635007858
6607,-0.9600000000000648,0.2724593994100203,8.0,0.2486355136216828
6608,-0.9550000000000648,0.2719334905961663,8.0,0.24771949369298063
6609,-0.950000000000065,0.2714075817823125,8.0,0.24680180041551691
6610,-0.9450000000000652,0.2708816729684585,8.0,0.24588240775675696
6611,-0.9400000000000652,0.2703557641546049,8.0,0.2449612898083834
6612,-0.9350000000000652,0.2704311209487356,8.0,0.24403842079466886
6613,-0.9300000000000654,0.2706512543923079,8.0,0.24311377508093557
6614,-0.9250000000000655,0.2708713878358802,8.0,0.24218732718209834
6615,-0.9200000000000657,0.2710915212794522,8.0,0.24125905177129847
6616,-0.9150000000000658,0.2713116547230246,8.0,0.24032892368863135
6617,-0.910000000000066,0.2715317881665967,8.0,0.23939691794996798
6618,-0.905000000000066,0.2717519216101692,8.0,0.2384630097558761
6619,-0.9000000000000661,0.2719720550537414,8.0,0.2375271745006432
6620,-0.8950000000000662,0.2721921884973133,8.0,0.23658938778140515
6621,-0.8900000000000663,0.2724123219408861,8.0,0.2356496254073801
6622,-0.8850000000000664,0.2726324553844579,8.0,0.2347078634092189
6623,-0.8800000000000665,0.2728525888280304,8.0,0.2337640780484611
6624,-0.8750000000000666,0.2730727222716027,8.0,0.23281824582711486
6625,-0.8700000000000667,0.2732928557151748,8.0,0.23187034349735358
6626,-0.8650000000000668,0.2735129891587471,8.0,0.230920348071333
6627,-0.8600000000000669,0.2737331226023192,8.0,0.2299682368311371
6628,-0.855000000000067,0.2739532560458914,8.0,0.22901398733884826
6629,-0.8500000000000671,0.2741733894894639,8.0,0.22805757744675148
6630,-0.8450000000000673,0.2743935229330358,8.0,0.2270989853076667
6631,-0.8400000000000674,0.274613656376608,8.0,0.2261381893854243
6632,-0.8350000000000675,0.2752800227781697,8.0,0.22517516846546815
6633,-0.8300000000000676,0.2768509303482842,8.0,0.22420990166561172
6634,-0.8250000000000677,0.2784218379183993,8.0,0.22324236844692713
6635,-0.8200000000000678,0.2799927454885136,8.0,0.22227254862478552
6636,-0.8150000000000679,0.2815636530586284,8.0,0.22130042238004244
6637,-0.810000000000068,0.2831345606287431,8.0,0.22032597027037437
6638,-0.8050000000000681,0.2847054681988578,8.0,0.21934917324176872
6639,-0.8000000000000682,0.2862763757689726,8.0,0.21837001264016687
6640,-0.7950000000000683,0.2878472833390871,8.0,0.21738847022326035
6641,-0.7900000000000684,0.2894181909092023,8.0,0.21640452817245415
6642,-0.7850000000000685,0.2909890984793168,8.0,0.21541816910498346
6643,-0.7800000000000686,0.2925600060494314,8.0,0.2144293760861915
6644,-0.7750000000000687,0.2941309136195462,8.0,0.2134381326419802
6645,-0.7700000000000689,0.2957018211896607,8.0,0.2124444227714164
6646,-0.765000000000069,0.2972727287597754,8.0,0.21144823095951326
6647,-0.7600000000000691,0.2988436363298901,8.0,0.2104495421901743
6648,-0.7550000000000692,0.3004145439000045,8.0,0.20944834195931605
6649,-0.7500000000000693,0.301985451470119,8.0,0.20844461628815247
6650,-0.7450000000000694,0.303556359040234,8.0,0.20743835173666192
6651,-0.7400000000000695,0.3051272666103488,8.0,0.2064295354172223
6652,-0.7350000000000696,0.3066981741804635,8.0,0.20541815500842475
6653,-0.7300000000000697,0.3082690817505784,8.0,0.20440419876906324
6654,-0.7250000000000698,0.3098399893206933,8.0,0.2033876555523001
6655,-0.7200000000000699,0.3114108968908078,8.0,0.2023685148200124
6656,-0.71500000000007,0.3129818044609223,8.0,0.20134676665731643
6657,-0.7100000000000701,0.3145527120310371,8.0,0.20032240178726934
6658,-0.7050000000000702,0.3161236196011516,8.0,0.19929541158575592
6659,-0.7000000000000703,0.3176945271712665,8.0,0.19826578809655038
6660,-0.6950000000000705,0.3192654347413811,8.0,0.19723352404656314
6661,-0.6900000000000706,0.320836342311496,8.0,0.19619861286126594
6662,-0.6850000000000707,0.3169116593557352,8.0,0.19516104868030104
6663,-0.6800000000000708,0.3128546863795263,8.0,0.19412082637326666
6664,-0.6750000000000709,0.3087977134033171,8.0,0.19307794155568614
6665,-0.670000000000071,0.3047407404271079,8.0,0.19203239060515975
6666,-0.6650000000000711,0.300683767450899,8.0,0.1909841706776897
6667,-0.6600000000000712,0.2966267944746896,8.0,0.18993327972419227
6668,-0.6550000000000713,0.2925698214984805,8.0,0.18887971650718138
6669,-0.6500000000000714,0.2885128485222714,8.0,0.1878234806176352
6670,-0.6450000000000715,0.2844558755460621,8.0,0.18676457249203704
6671,-0.6400000000000716,0.2803989025698529,8.0,0.18570299342958885
6672,-0.6350000000000717,0.2763419295936437,8.0,0.18463874560960825
6673,-0.6300000000000718,0.2722849566174346,8.0,0.18357183210908423
6674,-0.6250000000000719,0.2685453791462622,8.0,0.18250225692041588
6675,-0.620000000000072,0.2673236472767644,8.0,0.18143002496931593
6676,-0.6150000000000722,0.2671648375686601,8.0,0.1803551421328784
6677,-0.6100000000000723,0.2670060278605554,8.0,0.17927761525781705
6678,-0.6050000000000724,0.2668472181524508,8.0,0.17819745217886196
6679,-0.6000000000000725,0.2666884084443462,8.0,0.1771146617373186
6680,-0.5950000000000726,0.2665295987362416,8.0,0.1760292537997853
6681,-0.5900000000000727,0.2663707890281369,8.0,0.17494123927702376
6682,-0.5850000000000728,0.2662119793200324,8.0,0.1738506301429804
6683,-0.5800000000000729,0.2660531696119281,8.0,0.17275743945396194
6684,-0.575000000000073,0.2658943599038232,8.0,0.17166168136794868
6685,-0.5700000000000731,0.2657355501957189,8.0,0.17056337116405496
6686,-0.5650000000000732,0.2655767404876145,8.0,0.16946252526212613
6687,-0.5600000000000733,0.2654179307795096,8.0,0.16835916124246741
6688,-0.5550000000000734,0.2652591210714055,8.0,0.1672532978657072
6689,-0.5500000000000735,0.2651003113633006,8.0,0.1661449550927817
6690,-0.5450000000000736,0.2649415016551962,8.0,0.16503415410504196
6691,-0.5400000000000738,0.2647826919470918,8.0,0.1639209173244779
6692,-0.5350000000000739,0.2646238822389871,8.0,0.16280526843405296
6693,-0.530000000000074,0.2644650725308826,8.0,0.16168723239814586
6694,-0.5250000000000741,0.2643062628227778,8.0,0.16056683548309103
6695,-0.5200000000000742,0.2641474531146734,8.0,0.15944410527781738
6696,-0.5150000000000743,0.2639886434065689,8.0,0.15831907071457185
6697,-0.5100000000000744,0.2638298336984643,8.0,0.1571917620897335
6698,-0.5050000000000745,0.2636710239903597,8.0,0.1560622110846992
6699,-0.5000000000000746,0.2635122142822554,8.0,0.15493045078683854
6700,-0.4950000000000747,0.2633534045741506,8.0,0.1537965157105211
6701,-0.4900000000000748,0.2631945948660461,8.0,0.1526604418181936
6702,-0.4850000000000749,0.2630357851579417,8.0,0.1515222665415077
6703,-0.480000000000075,0.2628769754498372,8.0,0.15038202880249574
6704,-0.4750000000000751,0.2627181657417327,8.0,0.14923976903477887
6705,-0.4700000000000752,0.2625593560336278,8.0,0.14809552920479796
6706,-0.4650000000000753,0.2624005463255235,8.0,0.1469493528330741
6707,-0.4600000000000754,0.2622417366174188,8.0,0.14580128501547107
6708,-0.4550000000000755,0.2620829269093141,8.0,0.14465137244446813
6709,-0.4500000000000757,0.26192411720121,8.0,0.14349966343042175
6710,-0.4450000000000758,0.2617653074931053,8.0,0.1423462079228136
6711,-0.4400000000000759,0.2616064977850006,8.0,0.1411910575314803
6712,-0.435000000000076,0.2578933870693011,8.0,0.14003426554780118
6713,-0.4300000000000761,0.2534776928973157,8.0,0.1388758869658513
6714,-0.4250000000000762,0.2490619987253307,8.0,0.13771597850349926
6715,-0.4200000000000763,0.2446463045533456,8.0,0.13655459862343955
6716,-0.4150000000000764,0.2402306103813605,8.0,0.13539180755416014
6717,-0.4100000000000765,0.2358149162093755,8.0,0.1342276673108198
6718,-0.4050000000000766,0.2313992220373905,8.0,0.13306224171603465
6719,-0.4000000000000767,0.2269835278654056,8.0,0.13189559642056303
6720,-0.3950000000000768,0.2225678336934207,8.0,0.13072779892387032
6721,-0.3900000000000769,0.2181521395214356,8.0,0.12955891859456925
6722,-0.385000000000077,0.2137364453494506,8.0,0.12838902669072527
6723,-0.3800000000000771,0.2093207511774655,8.0,0.1272181963800052
6724,-0.3750000000000772,0.2049050570054806,8.0,0.12604650275967366
6725,-0.3700000000000774,0.2004893628334954,8.0,0.12487402287640492
6726,-0.3650000000000775,0.1960736686615107,8.0,0.12370083574592006
6727,-0.3600000000000776,0.1916579744895255,8.0,0.1225270223724183
6728,-0.3550000000000777,0.1872422803175405,8.0,0.12135266576779957
6729,-0.3500000000000778,0.1828265861455555,8.0,0.12017785097066636
6730,-0.3450000000000779,0.1784108919735705,8.0,0.1190026650650835
6731,-0.340000000000078,0.1739951978015858,8.0,0.11782719719909451
6732,-0.3350000000000781,0.1695795036296007,8.0,0.11665153860297128
6733,-0.3300000000000782,0.1651638094576155,8.0,0.11547578260718794
6734,-0.3250000000000783,0.1607481152856306,8.0,0.11430002466010503
6735,-0.3200000000000784,0.1563324211136455,8.0,0.11312436234535328
6736,-0.3150000000000785,0.1517944530848591,8.0,0.1119488953988923
6737,-0.3100000000000786,0.1458132369591002,8.0,0.11077372572574762
6738,-0.3050000000000787,0.1398320208333408,8.0,0.10959895741639492
6739,-0.3000000000000788,0.1338508047075814,8.0,0.10842469676278621
6740,-0.295000000000079,0.1278695885818223,8.0,0.107251052274005
6741,-0.2900000000000791,0.1218883724560632,8.0,0.10607813469152705
6742,-0.2850000000000792,0.115907156330304,8.0,0.10490605700408573
6743,-0.2800000000000793,0.109925940204545,8.0,0.10373493446211113
6744,-0.2750000000000794,0.1046647885069349,8.0,0.10256488459174207
6745,-0.2700000000000795,0.0998663771002883,8.0,0.1013960272083907
6746,-0.2650000000000796,0.0950679656936419,8.0,0.10022848442984145
6747,-0.2600000000000797,0.0905423141946409,8.0,0.0990623806888753
6748,-0.2550000000000798,0.0861060116382766,8.0,0.09789784274540159
6749,-0.2500000000000799,0.0816697090819127,8.0,0.09673499969808064
6750,-0.24500000000008,0.077400548776345,8.0,0.09557398299542774
6751,-0.2400000000000801,0.0760472516420166,8.0,0.0944149264463735
6752,-0.2350000000000802,0.0746939545076884,8.0,0.09325796623027738
6753,-0.2300000000000803,0.0733406573733599,8.0,0.09210324090636945
6754,-0.2250000000000804,0.0719873602390314,8.0,0.0909508914226097
6755,-0.2200000000000805,0.0706340631047029,8.0,0.08980106112394903
6756,-0.2150000000000806,0.0692807659703748,8.0,0.08865389575997884
6757,-0.2100000000000808,0.0705232426392978,8.0,0.08750954349194429
6758,-0.2050000000000809,0.0724565982832641,8.0,0.0863681548991232
6759,-0.200000000000081,0.0739810986498702,8.0,0.0852298829845386
6760,-0.1950000000000811,0.0766871532805684,8.0,0.08409488317999902
6761,-0.1900000000000812,0.0797968816846646,8.0,0.08296331335044804
6762,-0.1850000000000813,0.0829066100887606,8.0,0.08183533379761121
6763,-0.1800000000000814,0.0860163384928567,8.0,0.08071110726292097
6764,-0.1750000000000815,0.0891260668969529,8.0,0.07959079892970933
6765,-0.1700000000000816,0.0922357953010489,8.0,0.07847457642464606
6766,-0.1650000000000817,0.095345523705145,8.0,0.07736260981841858
6767,-0.1600000000000818,0.098455252109241,8.0,0.07625507162562728
6768,-0.1550000000000819,0.1015649805133372,8.0,0.07515213680388944
6769,-0.150000000000082,0.1046747089174333,8.0,0.07405398275213482
6770,-0.1450000000000821,0.1077844373215293,8.0,0.07296078930807492
6771,-0.1400000000000822,0.1108941657256255,8.0,0.07187273874483824
6772,-0.1350000000000824,0.1133323705663456,8.0,0.07079001576675115
6773,-0.1300000000000825,0.1152492366224196,8.0,0.06971280750425213
6774,-0.1250000000000826,0.1171784465862415,8.0,0.06864130350792819
6775,-0.1200000000000827,0.1197714474363565,8.0,0.06757569574165367
6776,-0.1150000000000828,0.1223644482864711,8.0,0.0665161785748225
6777,-0.1100000000000829,0.1249574491365859,8.0,0.06546294877365644
6778,-0.105000000000083,0.1275504499867007,8.0,0.06441620549157778
6779,-0.1000000000000831,0.1275780813992073,8.0,0.06337615025863397
6780,-0.0950000000000832,0.125337446165831,8.0,0.06234298696995566
6781,-0.0900000000000833,0.1230968109324551,8.0,0.06131692187323934
6782,-0.0850000000000834,0.1204795397434124,8.0,0.06029816355524342
6783,-0.0800000000000835,0.1171936719844995,8.0,0.05928692292727311
6784,-0.0750000000000836,0.1139078042255863,8.0,0.05828341320965669
6785,-0.0700000000000837,0.1106219364666734,8.0,0.05728784991518909
6786,-0.0650000000000838,0.1073360687077604,8.0,0.056300450831532234
6787,-0.0600000000000839,0.1040502009488474,8.0,0.055321436002560787
6788,-0.055000000000084,0.1007643331899346,8.0,0.054351027708642974
6789,-0.0500000000000842,0.0974784654310214,8.0,0.053389450445836095
6790,-0.0450000000000843,0.0941925976721083,8.0,0.052436930903993484
6791,-0.0400000000000844,0.0909067299131953,8.0,0.05149369794376324
6792,-0.0350000000000845,0.0876208621542824,8.0,0.050559982572469186
6793,-0.0300000000000846,0.0843349943953695,8.0,0.04963601791886496
6794,-0.0250000000000847,0.0810491266364563,8.0,0.04872203920674256
6795,-0.0200000000000848,0.0777632588775431,8.0,0.04781828372738672
6796,-0.0150000000000849,0.0744773911186303,8.0,0.046924990810863876
6797,-0.010000000000085,0.0711915233597173,8.0,0.04604240179613284
6798,-0.0050000000000851,0.0679056556008041,8.0,0.045170759999964116
6799,-8.526512829121202e-14,0.0650155660912247,8.0,0.04431031068465541
6800,0.0049999999999146,0.0634060539029734,8.0,0.043461301024534826
6801,0.0099999999999145,0.0617965417147226,8.0,0.042623980071236967
6802,0.0149999999999144,0.0601870295264714,8.0,0.04179859871773833
6803,0.0199999999999143,0.0585775173382202,8.0,0.040985409661147165
6804,0.0249999999999142,0.0569680051499693,8.0,0.04018466736422577
6805,0.029999999999914,0.0546890615835222,8.0,0.039396628015641866
6806,0.0349999999999139,0.0521678152603915,8.0,0.038621549488934426
6807,0.0399999999999138,0.0496465689372611,8.0,0.03785969130017708
6808,0.0449999999999137,0.0471253226141306,8.0,0.03711131456433786
6809,0.0499999999999136,0.0448221483765501,8.0,0.03637668195031152
6810,0.0549999999999135,0.0428491576560166,8.0,0.03565605763462021
6811,0.0599999999999134,0.0408761669354831,8.0,0.034949707253767226
6812,0.0649999999999133,0.0389031762149495,8.0,0.03425789785523159
6813,0.0699999999999132,0.0369301854944157,8.0,0.03358089784709545
6814,0.0749999999999131,0.034957194773882,8.0,0.032918976946282485
6815,0.079999999999913,0.0329842040533486,8.0,0.03227240612540727
6816,0.0849999999999129,0.031011213332815,8.0,0.03164145755821196
6817,0.0899999999999128,0.0290382226122815,8.0,0.031026404563584298
6818,0.0949999999999127,0.0270652318917479,8.0,0.03042752154814715
6819,0.0999999999999126,0.0250922411712142,8.0,0.029845083947393325
6820,0.1049999999999125,0.0231192504506807,8.0,0.02927936816537191
6821,0.1099999999999123,0.021146259730147,8.0,0.028730651512898053
6822,0.1149999999999122,0.0191732690096135,8.0,0.028199212144280283
6823,0.1199999999999121,0.0172002782890798,8.0,0.027685328992552882
6824,0.124999999999912,0.0152272875685464,8.0,0.027189281703196788
6825,0.1299999999999119,0.0132542968480127,8.0,0.026711350566339886
6826,0.1349999999999118,0.0112813061274793,8.0,0.026251816447421583
6827,0.1399999999999117,0.0093028680855287,8.0,0.02581096071630906
6828,0.1449999999999116,0.007319141540593,8.0,0.025389065174851788
6829,0.1499999999999115,0.0053354149956571,8.0,0.024986411982865886
6830,0.1549999999999114,0.0033516884507219,8.0,0.02460328358252578
6831,0.1599999999999113,0.0013679619057861,8.0,0.024239962621162237
6832,0.1649999999999112,-0.0006157646391495,8.0,0.023896731872444232
6833,0.1699999999999111,-0.0025994911840851,8.0,0.023573874155939756
6834,0.174999999999911,-0.0037603658975391,8.0,0.02327167225503679
6835,0.1799999999999109,-0.0030082927180326,8.0,0.022990408833217346
6836,0.1849999999999108,-0.0022562195385265,8.0,0.022730366348669484
6837,0.1899999999999106,-0.0015041463590204,8.0,0.022491826967227735
6838,0.1949999999999105,-0.0007520731795139,8.0,0.022275072473630086
6839,0.1999999999999104,-7.644002365450425e-15,8.0,0.022080384181078827
6840,0.2049999999999103,0.0007520731794985,8.0,0.021908042839098252
6841,0.2099999999999102,0.0015041463590049,8.0,0.02175832853967624
6842,0.2149999999999101,0.0022562195385113,8.0,0.0216315206216805
6843,0.21999999999991,0.0030082927180175,8.0,0.021527897573543564
6844,0.2249999999999099,0.0037603658975237,8.0,0.021447736934204764
6845,0.2299999999999098,0.00451243907703,8.0,0.021391315192302585
6846,0.2349999999999097,0.0052645122565362,8.0,0.021358907683610873
6847,0.2399999999999096,0.0060165854360424,8.0,0.021350788486717343
6848,0.2449999999999095,0.0067686586155488,8.0,0.021367230316928554
6849,0.2499999999999094,0.007520731795055,8.0,0.02140850441841019
6850,0.2549999999999093,0.0082728049745612,8.0,0.02147488045455387
6851,0.2599999999999092,0.0090248781540676,8.0,0.021566626396564592
6852,0.2649999999999091,0.0097769513335738,8.0,0.0216840084102779
6853,0.269999999999909,0.0110981045476351,8.0,0.021827290741204097
6854,0.2749999999999089,0.012850852353434,8.0,0.021996735597797024
6855,0.2799999999999087,0.014603600159233,8.0,0.022192603032959224
6856,0.2849999999999086,0.016356347965032,8.0,0.0224151508237872
6857,0.2899999999999085,0.0181090957708309,8.0,0.022664634349562673
6858,0.2949999999999084,0.0198618435766298,8.0,0.022941306468001577
6859,0.2999999999999083,0.0216145913824288,8.0,0.023245417389772094
6860,0.3049999999999082,0.0233673391882279,8.0,0.02357721455129619
6861,0.3099999999999081,0.0251200869940268,8.0,0.02393694248585021
6862,0.314999999999908,0.0268728347998258,8.0,0.024324842692985738
6863,0.3199999999999079,0.0286255826056248,8.0,0.024741153506285973
6864,0.3249999999999078,0.0303783304114238,8.0,0.02518610995949494
6865,0.3299999999999077,0.0321310782172227,8.0,0.025659943651026362
6866,0.3349999999999076,0.0338838260230217,8.0,0.02616288260690286
6867,0.3399999999999075,0.0356365738288207,8.0,0.0266951511421461
6868,0.3449999999999074,0.0373893216346196,8.0,0.027256969720655277
6869,0.3499999999999073,0.0391420694404186,8.0,0.027848554813619752
6870,0.3549999999999071,0.0408948172462175,8.0,0.02847011875650096
6871,0.359999999999907,0.0426475650520165,8.0,0.029121869604639083
6872,0.3649999999999069,0.0444003128578155,8.0,0.02980401098752472
6873,0.3699999999999068,0.0461530606636145,8.0,0.030516741961803207
6874,0.3749999999999067,0.0479058084694136,8.0,0.03126025686305628
6875,0.3799999999999066,0.0496585562752126,8.0,0.03203474515643734
6876,0.3849999999999065,0.0514113040810116,8.0,0.03284039128621491
6877,0.3899999999999064,0.0531640518868104,8.0,0.03367737452430741
6878,0.3949999999999063,0.0549167996926097,8.0,0.034545868817877246
6879,0.3999999999999062,0.0566695474984084,8.0,0.035446042636067654
6880,0.4049999999999061,0.0584222953042074,8.0,0.036378058815973946
6881,0.409999999999906,0.0601750431100062,8.0,0.03734207440792692
6882,0.4149999999999059,0.0619277909158053,8.0,0.03833824052019846
6883,0.4199999999999058,0.0636805387216043,8.0,0.03936670216321936
6884,0.4249999999999057,0.0654332865274033,8.0,0.040427598093424166
6885,0.4299999999999055,0.0671860343332021,8.0,0.04152106065682415
6886,0.4349999999999054,0.0689387821390011,8.0,0.0426472156324364
6887,0.4399999999999053,0.0706915299448003,8.0,0.04380618207568443
6888,0.4449999999999052,0.0724442777505991,8.0,0.044998072161896996
6889,0.4499999999999051,0.0741970255563979,8.0,0.04622299103004268
6890,0.454999999999905,0.0759497733621972,8.0,0.04748103662683811
6891,0.4599999999999049,0.0777025211679961,8.0,0.04877229955136819
6892,0.4649999999999048,0.0794552689737949,8.0,0.05009686290037774
6893,0.4699999999999047,0.081208016779594,8.0,0.051454802114381915
6894,0.4749999999999046,0.0829607645853931,8.0,0.05284618482475767
6895,0.4799999999999045,0.084713512391192,8.0,0.054271070701988
6896,0.4849999999999044,0.0864662601969909,8.0,0.05572951130521986
6897,0.4899999999999043,0.0882190080027896,8.0,0.057221549933325955
6898,0.4949999999999042,0.0899717558085888,8.0,0.058747221477638556
6899,0.4999999999999041,0.0917245036143879,8.0,0.06030655227655435
6900,0.504999999999904,0.093477251420187,8.0,0.06189955997219543
6901,0.5099999999999039,0.0952299992259858,8.0,0.06352625336932272
6902,0.5149999999999038,0.096982747031785,8.0,0.06518663229671107
6903,0.5199999999999037,0.0987354948375839,8.0,0.06688068747117892
6904,0.5249999999999035,0.1004882426433829,8.0,0.06860840036449734
6905,0.5299999999999034,0.1022409904491819,8.0,0.07036974307337873
6906,0.5349999999999033,0.1039937382549807,8.0,0.0721646781927715
6907,0.5399999999999032,0.1057464860607798,8.0,0.07399315869267842
6908,0.5449999999999031,0.1074992338665784,8.0,0.07585512779872339
6909,0.549999999999903,0.1092519816723777,8.0,0.07775051887669104
6910,0.5549999999999029,0.1110047294781767,8.0,0.07967925532127218
6911,0.5599999999999028,0.1127574772839755,8.0,0.08164125044924198
6912,0.5649999999999027,0.1145102250897745,8.0,0.08363640739730371
6913,0.5699999999999026,0.1162629728955739,8.0,0.0856646190248399
6914,0.5749999999999025,0.1180157207013727,8.0,0.08772576782178731
6915,0.5799999999999024,0.1197684685071713,8.0,0.08981972582189302
6916,0.5849999999999023,0.1215212163129705,8.0,0.09194635452156585
6917,0.5899999999999022,0.1232739641187694,8.0,0.09410550480456936
6918,0.594999999999902,0.1250267119245685,8.0,0.09629701687278447
6919,0.599999999999902,0.1267794597303673,8.0,0.0985207201832694
6920,0.6049999999999018,0.1285322075361664,8.0,0.1007764333918496
6921,0.6099999999999017,0.1302849553419656,8.0,0.10306396430346032
6922,0.6149999999999016,0.1320377031477645,8.0,0.10538310982946464
6923,0.6199999999999015,0.1337904509535634,8.0,0.10773365595215878
6924,0.6249999999999014,0.1355431987593622,8.0,0.110115377696688
6925,0.6299999999999013,0.1372959465651611,8.0,0.1125280391105663
6926,0.6349999999999012,0.1390486943709605,8.0,0.11497139325101247
6927,0.6399999999999011,0.1408014421767593,8.0,0.11744518218029187
6928,0.644999999999901,0.1425541899825582,8.0,0.11994913696924736
6929,0.6499999999999009,0.1443069377883571,8.0,0.12248297770920369
6930,0.6549999999999008,0.1460596855941563,8.0,0.12504641353241763
6931,0.6599999999999007,0.147812433399955,8.0,0.12763914264121967
6932,0.6649999999999006,0.1495651812057541,8.0,0.13026085234602114
6933,0.6699999999999005,0.151317929011553,8.0,0.1329112191123063
6934,0.6749999999999003,0.153070676817352,8.0,0.13558990861675013
6935,0.6799999999999002,0.154823424623151,8.0,0.13829657581257415
6936,0.6849999999999001,0.1565761724289499,8.0,0.1410308650042501
6937,0.6899999999999,0.1583289202347493,8.0,0.14379240993163545
6938,0.6949999999998999,0.1600816680405478,8.0,0.1465808338636272
6939,0.6999999999998998,0.1618344158463472,8.0,0.14939574970139247
6940,0.7049999999998997,0.163587163652146,8.0,0.15223676009122789
6941,0.7099999999998996,0.1653399114579452,8.0,0.15510345754708255
6942,0.7149999999998995,0.167092659263744,8.0,0.1579954245827636
6943,0.7199999999998994,0.1688454070695428,8.0,0.16091223385382558
6944,0.7249999999998993,0.1705981548753417,8.0,0.1638534483091305
6945,0.7299999999998992,0.1723509026811411,8.0,0.16681862135205516
6946,0.7349999999998991,0.1741036504869398,8.0,0.16980729701128683
6947,0.739999999999899,0.1758563982927391,8.0,0.17281901012115597
6948,0.7449999999998989,0.1776091460985379,8.0,0.17585328651141519
6949,0.7499999999998987,0.179361893904337,8.0,0.17890964320636926
6950,0.7549999999998986,0.1811146417101358,8.0,0.18198758863324016
6951,0.7599999999998985,0.1828673895159347,8.0,0.18508662283962973
6952,0.7649999999998984,0.1846201373217339,8.0,0.1882062377199326
6953,0.7699999999998983,0.1863728851275325,8.0,0.19134591725051897
6954,0.7749999999998982,0.1881256329333316,8.0,0.19450513773351463
6955,0.7799999999998981,0.1898783807391309,8.0,0.1976833680489567
6956,0.784999999999898,0.1916311285449298,8.0,0.20088006991511853
6957,0.7899999999998979,0.1933838763507288,8.0,0.20409469815674675
6958,0.7949999999998978,0.1951366241565277,8.0,0.20732670098096773
6959,0.7999999999998977,0.1968893719623266,8.0,0.2105755202605878
6960,0.8049999999998976,0.1986421197681256,8.0,0.21384059182448856
6961,0.8099999999998975,0.2003948675739247,8.0,0.2171213457548291
6962,0.8149999999998974,0.2021476153797234,8.0,0.22041720669071785
6963,0.8199999999998973,0.2039003631855225,8.0,0.2237275941380399
6964,0.8249999999998971,0.2056531109913213,8.0,0.22705192278506714
6965,0.829999999999897,0.2074058587971208,8.0,0.2303896028235186
6966,0.8349999999998969,0.2091586066029195,8.0,0.23374004027467365
6967,0.8399999999998968,0.2109113544087187,8.0,0.23710263732017012
6968,0.8449999999998967,0.2126641022145175,8.0,0.24047679263707744
6969,0.8499999999998966,0.2144168500203165,8.0,0.24386190173685418
6970,0.8549999999998965,0.2161695978261154,8.0,0.24725735730776055
6971,0.8599999999998964,0.2179223456319146,8.0,0.25066254956031364
6972,0.8649999999998963,0.2196750934377133,8.0,0.2540768665753491
6973,0.8699999999998962,0.2214278412435123,8.0,0.2574996946542587
6974,0.8749999999998961,0.2231805890493113,8.0,0.26093041867095057
6975,0.879999999999896,0.2249333368551103,8.0,0.2643684224251026
6976,0.8849999999998959,0.2266860846609092,8.0,0.26781308899624356
6977,0.8899999999998958,0.2284388324667083,8.0,0.2712638010982211
6978,0.8949999999998957,0.2301915802725072,8.0,0.2747199414336029
6979,0.8999999999998956,0.2319443280783062,8.0,0.27818089304754856
6980,0.9049999999998954,0.2336970758841053,8.0,0.2816460396807172
6981,0.9099999999998952,0.2354498236899042,8.0,0.28511476612074715
6982,0.9149999999998952,0.2372025714957031,8.0,0.2885864585518676
6983,0.9199999999998952,0.2389553193015023,8.0,0.2920605049021978
6984,0.924999999999895,0.2407080671073013,8.0,0.29553629518829705
6985,0.9299999999998948,0.2424608149131003,8.0,0.29901322185653967
6986,0.9349999999998948,0.244213562718899,8.0,0.3024906801208779
6987,0.9399999999998948,0.2459663105246977,8.0,0.30596806829659406
6988,0.9449999999998946,0.2477190583304968,8.0,0.3094447881296192
6989,0.9499999999998944,0.2494718061362959,8.0,0.31292024512103356
6990,0.9549999999998944,0.251224553942095,8.0,0.3163938488463558
6991,0.9599999999998944,0.2529773017478936,8.0,0.3198650132692489
6992,0.9649999999998942,0.2542953595270948,8.0,0.32333315704928034
6993,0.969999999999894,0.2553791793609095,8.0,0.3267977038433879
6994,0.974999999999894,0.256462999194724,8.0,0.33025808260071743
6995,0.9799999999998938,0.2575468190285384,8.0,0.33371372785050435
6996,0.9849999999998936,0.2586306388623531,8.0,0.3371640799827069
6997,0.9899999999998936,0.2597144586961674,8.0,0.3406085855210871
6998,0.9949999999998936,0.2607982785299823,8.0,0.3440466973884726
6999,0.9999999999998934,0.2618820983637965,8.0,0.3474778751639438
7000,1.004999999999893,0.2629659181976109,8.0,0.35090158533169635
7001,1.0099999999998932,0.2640497380314256,8.0,0.3543173015213712
7002,1.014999999999893,0.2651335578652401,8.0,0.35772450473962236
7003,1.019999999999893,0.2662173776990545,8.0,0.36112268359276656
7004,1.0249999999998929,0.2673011975328693,8.0,0.3645113345003099
7005,1.0299999999998928,0.2683850173666838,8.0,0.36788996189922674
7006,1.034999999999893,0.2694688372004981,8.0,0.3712580784388416
7007,1.0399999999998926,0.2705526570343131,8.0,0.3746152051661982
7008,1.0449999999998925,0.2716364768681273,8.0,0.37796087170182857
7009,1.0499999999998924,0.2727202967019418,8.0,0.38129461640582696
7010,1.0549999999998922,0.2738041165357563,8.0,0.38461598653417584
7011,1.059999999999892,0.2748879363695709,8.0,0.38792453838527796
7012,1.064999999999892,0.2759717562033856,8.0,0.39121983743665945
7013,1.069999999999892,0.2770555760372002,8.0,0.39450145847184404
7014,1.0749999999998918,0.2781393958710152,8.0,0.39776898569739483
7015,1.0799999999998915,0.279223215704829,8.0,0.4010220128501516
7016,1.0849999999998916,0.2803070355386438,8.0,0.40426014329469995
7017,1.0899999999998915,0.2813908553724585,8.0,0.40748299011112366
7018,1.0949999999998914,0.2824746752062726,8.0,0.41069017617311565
7019,1.0999999999998913,0.2835584950400874,8.0,0.41388133421652207
7020,1.1049999999998912,0.2846423148739017,8.0,0.41705610689842476
7021,1.109999999999891,0.2857261347077165,8.0,0.42021414684686587
7022,1.114999999999891,0.2868099545415308,8.0,0.4233551167013435
7023,1.1199999999998909,0.2878937743753453,8.0,0.4264786891442134
7024,1.1249999999998908,0.2889775942091597,8.0,0.4295845469231393
7025,1.1299999999998906,0.2900614140429745,8.0,0.43267238286475873
7026,1.1349999999998903,0.2911452338767889,8.0,0.4357418998797268
7027,1.1399999999998904,0.2922290537106035,8.0,0.4387928109593193
7028,1.1449999999998903,0.2933128735444182,8.0,0.4418248391637829
7029,1.1499999999998902,0.2943966933782325,8.0,0.4448377176026316
7030,1.15499999999989,0.295480513212047,8.0,0.4478311894070849
7031,1.15999999999989,0.2965643330458619,8.0,0.4508050076948752
7032,1.16499999999989,0.2976481528796761,8.0,0.4537589355276218
7033,1.1699999999998898,0.2987319727134909,8.0,0.45669274586101805
7034,1.1749999999998897,0.2998157925473053,8.0,0.45960622148803876
7035,1.1799999999998896,0.3008996123811197,8.0,0.46249915497542027
7036,1.1849999999998897,0.3019834322149342,8.0,0.4653713485936405
7037,1.1899999999998894,0.3030672520487487,8.0,0.46822261424064093
7038,1.1949999999998893,0.3041510718825633,8.0,0.4710527733595389
7039,1.1999999999998892,0.3052348917163779,8.0,0.473861656850575
7040,1.204999999999889,0.3063187115501924,8.0,0.4766491049775392
7041,1.209999999999889,0.3074025313840063,8.0,0.4794149672689292
7042,1.2149999999998888,0.3084863512178213,8.0,0.482159102414092
7043,1.2199999999998887,0.309570171051636,8.0,0.48488137815459187
7044,1.2249999999998886,0.3106539908854503,8.0,0.4875816711710581
7045,1.2299999999998883,0.3117378107192647,8.0,0.4902598669657626
7046,1.2349999999998884,0.3128216305530799,8.0,0.4929158597411707
7047,1.2399999999998883,0.3139054503868939,8.0,0.49554955227470543
7048,1.2449999999998882,0.3149892702207086,8.0,0.49816085578998426
7049,1.249999999999888,0.3160730900545232,8.0,0.5007496898247484
7050,1.254999999999888,0.3171569098883378,8.0,0.5033159820957381
7051,1.259999999999888,0.3182407297221519,8.0,0.5058596683607361
7052,1.2649999999998878,0.3193245495559667,8.0,0.5083806922780155
7053,1.2699999999998877,0.3204083693897811,8.0,0.5108790052634221
7054,1.2749999999998876,0.3214921892235959,8.0,0.5133545663453
7055,1.2799999999998877,0.3225760090574102,8.0,0.5158073420174951
7056,1.2849999999998871,0.3236598288912249,8.0,0.5182373060906331
7057,1.2899999999998872,0.3247436487250394,8.0,0.5206444395418968
7058,1.2949999999998871,0.3258274685588543,8.0,0.5230287303634857
7059,1.299999999999887,0.3269112883926685,8.0,0.5253901734099763
7060,1.304999999999887,0.327995108226483,8.0,0.5277287702447576
7061,1.3099999999998868,0.3290789280602972,8.0,0.5300445289857444
7062,1.3149999999998867,0.3301627478941124,8.0,0.5323374641505314
7063,1.3199999999998866,0.3312465677279267,8.0,0.5346075965011814
7064,1.3249999999998865,0.3323303875617416,8.0,0.5368549528888039
7065,1.3299999999998864,0.3334142073955555,8.0,0.5390795660980945
7066,1.3349999999998865,0.33449802722937,8.0,0.5412814746919888
7067,1.3399999999998862,0.3355818470631848,8.0,0.5434607228565833
7068,1.344999999999886,0.3366656668969993,8.0,0.545617360246474
7069,1.349999999999886,0.3377494867308139,8.0,0.5477514418306397
7070,1.354999999999886,0.3388333065646286,8.0,0.5498630277390164
7071,1.3599999999998855,0.3399171263984427,8.0,0.5519521831098875
7072,1.3649999999998856,0.3410009462322572,8.0,0.5540189779382021
7073,1.3699999999998855,0.342084766066072,8.0,0.5560634869249503
7074,1.3749999999998854,0.3431685858998866,8.0,0.558085789327696
7075,1.379999999999885,0.344252405733701,8.0,0.5600859688123789
7076,1.3849999999998852,0.3453362255675152,8.0,0.5620641133064739
7077,1.389999999999885,0.3464200454013302,8.0,0.5640203148536125
7078,1.394999999999885,0.3475038652351448,8.0,0.5659546694697466
7079,1.399999999999885,0.3485876850689592,8.0,0.5678672770009356
7080,1.4049999999998848,0.3496715049027736,8.0,0.5697582409828412
7081,1.409999999999885,0.3507553247365882,8.0,0.5716276685019925
7082,1.4149999999998846,0.3518391445704029,8.0,0.5734756700588941
7083,1.4199999999998845,0.352922964404217,8.0,0.575302359433034
7084,1.4249999999998844,0.3540067842380318,8.0,0.5771078535498559
7085,1.4299999999998845,0.3550906040718463,8.0,0.5788922723497356
7086,1.434999999999884,0.3561744239056609,8.0,0.5806557386590219
7087,1.439999999999884,0.3572582437394753,8.0,0.5823983780631776
7088,1.444999999999884,0.3583420635732903,8.0,0.5841203187820583
7089,1.4499999999998838,0.3594258834071046,8.0,0.5858216915473708
7090,1.4549999999998835,0.3605097032409187,8.0,0.5875026294823338
7091,1.4599999999998836,0.3615935230747333,8.0,0.5891632679835732
7092,1.4649999999998835,0.3626773429085485,8.0,0.5908037446052727
7093,1.4699999999998834,0.3637611627423627,8.0,0.5924241989455958
7094,1.4749999999998833,0.364844982576177,8.0,0.5940247725354066
7095,1.4799999999998832,0.3659288024099916,8.0,0.5956056087292858
7096,1.484999999999883,0.367012622243806,8.0,0.5971668525988632
7097,1.489999999999883,0.3680964420776207,8.0,0.5987086508284709
7098,1.4949999999998829,0.3691802619114353,8.0,0.6002311516131176
7099,1.4999999999998828,0.3702640817452493,8.0,0.6017345045587867
7100,1.5049999999998829,0.3713479015790646,8.0,0.6032188605850561
7101,1.5099999999998823,0.3724317214128788,8.0,0.6046843718300348
7102,1.5149999999998824,0.3735155412466936,8.0,0.6061311915576113
7103,1.5199999999998823,0.3745993610805081,8.0,0.6075594740670014
7104,1.5249999999998822,0.3756831809143225,8.0,0.6089693746045881
7105,1.529999999999882,0.3767670007481367,8.0,0.6103610492780345
7106,1.534999999999882,0.3778508205819516,8.0,0.6117346549726619
7107,1.539999999999882,0.3789346404157659,8.0,0.6130903492700717
7108,1.5449999999998818,0.3800184602495803,8.0,0.6144282903689902
7109,1.5499999999998817,0.3811022800833952,8.0,0.6157486370083209
7110,1.5549999999998816,0.3821860999172094,8.0,0.6170515483923835
7111,1.5599999999998817,0.3832699197510241,8.0,0.6183371841183072
7112,1.5649999999998814,0.3843537395848388,8.0,0.6196057041055634
7113,1.5699999999998813,0.385437559418653,8.0,0.6208572685276117
7114,1.5749999999998812,0.3865213792524677,8.0,0.6220920377456234
7115,1.579999999999881,0.3876051990862826,8.0,0.623310172244268
7116,1.584999999999881,0.3886890189200965,8.0,0.6245118325695236
7117,1.5899999999998808,0.3897728387539116,8.0,0.6256971792684836
7118,1.5949999999998807,0.3908566585877259,8.0,0.6268663728311374
7119,1.5999999999998806,0.3919404784215404,8.0,0.6280195736340832
7120,1.6049999999998803,0.3932078581607358,8.0,0.6291569418861473
7121,1.6099999999998804,0.3945877841519787,8.0,0.6302786375758811
7122,1.6149999999998803,0.3959677101432216,8.0,0.631384820420891
7123,1.6199999999998802,0.3973476361344645,8.0,0.6324756498189872
7124,1.62499999999988,0.3987275621257072,8.0,0.6335512848010993
7125,1.62999999999988,0.4001074881169501,8.0,0.634611883985938
7126,1.63499999999988,0.4014874141081935,8.0,0.635657605536363
7127,1.6399999999998798,0.4028673400994361,8.0,0.6366886071174243
7128,1.6449999999998797,0.404247266090679,8.0,0.6377050458560478
7129,1.6499999999998796,0.4056271920819219,8.0,0.6387070783023212
7130,1.6549999999998797,0.4070071180731648,8.0,0.6396948603923565
7131,1.6599999999998791,0.4083870440644076,8.0,0.6406685474126854
7132,1.6649999999998792,0.4097669700556505,8.0,0.6416282939661644
7133,1.6699999999998791,0.4111468960468935,8.0,0.6425742539393462
7134,1.674999999999879,0.4125268220381365,8.0,0.6435065804712856
7135,1.679999999999879,0.4139067480293791,8.0,0.6444254259237516
7136,1.6849999999998788,0.4152866740206222,8.0,0.6453309418528057
7137,1.6899999999998787,0.4166666000118649,8.0,0.6462232789817166
7138,1.6949999999998786,0.418046526003108,8.0,0.6471025871751777
7139,1.6999999999998785,0.4194264519943508,8.0,0.647969015414793
7140,1.7049999999998784,0.4208063779855938,8.0,0.6488227117758052
7141,1.7099999999998785,0.4221863039768369,8.0,0.6496638234050203
7142,1.7149999999998782,0.4235662299680797,8.0,0.6504924964999159
7143,1.719999999999878,0.4249461559593224,8.0,0.6513088762888855
7144,1.724999999999878,0.4263260819505652,8.0,0.6521131070125947
7145,1.729999999999878,0.4277060079418081,8.0,0.6529053319064204
7146,1.7349999999998778,0.429085933933051,8.0,0.6536856931839392
7147,1.7399999999998776,0.430465859924294,8.0,0.6544543320214342
7148,1.7449999999998775,0.4318457859155366,8.0,0.6552113885433974
7149,1.7499999999998774,0.4332257119067795,8.0,0.655957001808992
7150,1.754999999999877,0.4346056378980227,8.0,0.6566913097994476
7151,1.7599999999998772,0.4359855638892655,8.0,0.6574144494063661
7152,1.7649999999998771,0.4373654898805083,8.0,0.6581265564208978
7153,1.769999999999877,0.4387454158717512,8.0,0.65882776552378
7154,1.774999999999877,0.4401253418629944,8.0,0.6595182102761894
7155,1.7799999999998768,0.4415052678542371,8.0,0.6601980231114031
7156,1.784999999999877,0.4428851938454798,8.0,0.660867335327225
7157,1.7899999999998766,0.444265119836723,8.0,0.6615262770791646
7158,1.7949999999998765,0.4456450458279657,8.0,0.6621749773743415
7159,1.7999999999998764,0.4470249718192089,8.0,0.662813564066083
7160,1.8049999999998765,0.4484048978104514,8.0,0.6634421638492036
7161,1.809999999999876,0.4497848238016945,8.0,0.6640609022559345
7162,1.814999999999876,0.4511647497929373,8.0,0.6646699036524841
7163,1.819999999999876,0.4525446757841801,8.0,0.6652692912362077
7164,1.824999999999876,0.4539246017754231,8.0,0.6658591870333603
7165,1.829999999999876,0.4553045277666661,8.0,0.6664397118974192
7166,1.834999999999876,0.4566844537579089,8.0,0.66701098550795
7167,1.8399999999998755,0.4580643797491522,8.0,0.6675731263699936
7168,1.8449999999998756,0.4594443057403946,8.0,0.6681262518139639
7169,1.8499999999998755,0.4608242317316378,8.0,0.6686704779960277
7170,1.8549999999998752,0.4622041577228807,8.0,0.6692059198989511
7171,1.859999999999875,0.4635840837141234,8.0,0.6697326913333963
7172,1.864999999999875,0.4649640097053663,8.0,0.6702509049396517
7173,1.8699999999998749,0.4663439356966092,8.0,0.6707606721897661
7174,1.8749999999998748,0.4677238616878521,8.0,0.6712621033900912
7175,1.8799999999998749,0.469103787679095,8.0,0.6717553076841971
7176,1.8849999999998743,0.4704837136703381,8.0,0.6722403930561525
7177,1.8899999999998744,0.4718636396615808,8.0,0.6727174663341575
7178,1.8949999999998743,0.4732435656528239,8.0,0.6731866331945009
7179,1.8999999999998745,0.4746234916440666,8.0,0.6736479981658474
7180,1.904999999999874,0.4760034176353095,8.0,0.6741016646338203
7181,1.909999999999874,0.4773833436265524,8.0,0.6745477348458755
7182,1.914999999999874,0.4787632696177953,8.0,0.6749863099164579
7183,1.9199999999998736,0.4801431956090384,8.0,0.6754174898324126
7184,1.9249999999998737,0.4815231216002812,8.0,0.6758413734586539
7185,1.9299999999998736,0.4829030475915242,8.0,0.6762580585440674
7186,1.9349999999998733,0.4842829735827668,8.0,0.6766676417276427
7187,1.9399999999998732,0.4856628995740097,8.0,0.6770702185448165
7188,1.9449999999998733,0.4870428255652528,8.0,0.6774658834340219
7189,1.9499999999998727,0.4884227515564957,8.0,0.6778547297434263
7190,1.954999999999873,0.4898026775477382,8.0,0.6782368497378555
7191,1.959999999999873,0.4911826035389815,8.0,0.6786123346058854
7192,1.9649999999998728,0.4925625295302244,8.0,0.6789812744670947
7193,1.9699999999998727,0.4939424555214671,8.0,0.6793437583794719
7194,1.9749999999998729,0.49532238151271,8.0,0.6796998743469624
7195,1.9799999999998723,0.4967023075039531,8.0,0.6800497093271474
7196,1.9849999999998724,0.4980822334951958,8.0,0.6803933492390526
7197,1.9899999999998723,0.4994621594864389,8.0,0.6807308789710633
7198,1.994999999999872,0.5008420854776818,8.0,0.6810623823889574
7199,1.999999999999872,0.5022220114689249,8.0,0.6813879423440317
7200,-1.9950000000000427,0.9017800668161832,9.0,0.9070478282534017
7201,-1.9900000000000428,0.902261416552136,9.0,0.9077314705514047
7202,-1.985000000000043,0.9027427662880888,9.0,0.9084355998731409
7203,-1.980000000000043,0.9032241160240416,9.0,0.9091606410877969
7204,-1.9750000000000432,0.9037054657599948,9.0,0.9099069979240678
7205,-1.9700000000000435,0.9041868154959476,9.0,0.9106750493355532
7206,-1.9650000000000436,0.9046681652319004,9.0,0.9114651456074644
7207,-1.9600000000000437,0.9051495149678532,9.0,0.9122776042015223
7208,-1.955000000000044,0.9056308647038062,9.0,0.9131127053380036
7209,-1.950000000000044,0.9061122144397592,9.0,0.9139706873162731
7210,-1.945000000000044,0.906593564175712,9.0,0.9148517415778697
7211,-1.940000000000044,0.907074913911665,9.0,0.9157560075193291
7212,-1.935000000000044,0.907556263647618,9.0,0.9166835670653867
7213,-1.930000000000044,0.9080376133835708,9.0,0.9176344390170744
7214,-1.925000000000044,0.9085189631195236,9.0,0.91860857319347
7215,-1.9200000000000443,0.9090003128554768,9.0,0.9196058443905007
7216,-1.9150000000000444,0.9094816625914296,9.0,0.9206260461852026
7217,-1.9100000000000448,0.9099630123273824,9.0,0.9216688846192059
7218,-1.9050000000000449,0.9104443620633352,9.0,0.9227339718008994
7219,-1.9000000000000448,0.9109257117992882,9.0,0.9238208194716776
7220,-1.8950000000000449,0.9114070615352412,9.0,0.9249288325878716
7221,-1.890000000000045,0.911888411271194,9.0,0.9260573029762681
7222,-1.885000000000045,0.912369761007147,9.0,0.9272054031275517
7223,-1.8800000000000447,0.9128511107430998,9.0,0.9283721801983257
7224,-1.8750000000000453,0.9133324604790528,9.0,0.9295565502986006
7225,-1.8700000000000452,0.9138138102150056,9.0,0.9307572931475415
7226,-1.8650000000000453,0.9142951599509586,9.0,0.9319730471857494
7227,-1.8600000000000456,0.9147765096869114,9.0,0.9332023052372517
7228,-1.8550000000000455,0.9152578594228644,9.0,0.9344434108184824
7229,-1.8500000000000456,0.9157392091588172,9.0,0.9356945551947206
7230,-1.845000000000046,0.9162205588947702,9.0,0.9369537752864695
7231,-1.840000000000046,0.9167019086307232,9.0,0.9382189525289854
7232,-1.835000000000046,0.917183258366676,9.0,0.939487812787342
7233,-1.8300000000000465,0.9176646081026288,9.0,0.9407579274269194
7234,-1.8250000000000464,0.9181459578385816,9.0,0.9420267156348731
7235,-1.8200000000000465,0.9186273075745348,9.0,0.9432914480817612
7236,-1.8150000000000464,0.9191086573104876,9.0,0.9445492520040902
7237,-1.810000000000047,0.9195900070464404,9.0,0.9457971177778858
7238,-1.8050000000000468,0.9200713567823932,9.0,0.9470319070405563
7239,-1.800000000000047,0.9205527065183462,9.0,0.9482503624032802
7240,-1.795000000000047,0.9210340562542992,9.0,0.9494491187789628
7241,-1.790000000000047,0.921515405990252,9.0,0.9506247163316569
7242,-1.7850000000000472,0.9219492645044955,9.0,0.95177361503238
7243,-1.780000000000047,0.9223660572564542,9.0,0.9528922107837338
7244,-1.7750000000000474,0.9227828500084128,9.0,0.9539768530520335
7245,-1.7700000000000475,0.9231996427603713,9.0,0.9550238639210692
7246,-1.7650000000000476,0.9236164355123296,9.0,0.956029558456667
7247,-1.7600000000000475,0.9240332282642882,9.0,0.9569902662463413
7248,-1.755000000000048,0.9244500210162468,9.0,0.9579023539540535
7249,-1.750000000000048,0.9248668137682056,9.0,0.9587622487069739
7250,-1.745000000000048,0.9252836065201638,9.0,0.9595664621097354
7251,-1.7400000000000482,0.9257003992721224,9.0,0.9603116146625129
7252,-1.7350000000000485,0.9261171920240808,9.0,0.9609944603428938
7253,-1.7300000000000484,0.9265339847760394,9.0,0.9616119110984015
7254,-1.7250000000000485,0.926950777527998,9.0,0.9621610609871415
7255,-1.7200000000000486,0.9273675702799564,9.0,0.9626392096986923
7256,-1.7150000000000487,0.927784363031915,9.0,0.9630438851863298
7257,-1.7100000000000488,0.9282011557838736,9.0,0.9633728651451613
7258,-1.705000000000049,0.928617948535832,9.0,0.9636241970787652
7259,-1.700000000000049,0.9290347412877906,9.0,0.9637962167094639
7260,-1.6950000000000491,0.9294515340397492,9.0,0.9638875645042447
7261,-1.6900000000000492,0.9298683267917076,9.0,0.9638972001092944
7262,-1.6850000000000491,0.9302851195436662,9.0,0.9638244145107581
7263,-1.6800000000000497,0.9307019122956248,9.0,0.9636688397672183
7264,-1.6750000000000496,0.9311187050475832,9.0,0.9634304561899317
7265,-1.6700000000000497,0.931535497799542,9.0,0.9631095968794864
7266,-1.6650000000000498,0.9319522905515004,9.0,0.9627069495615482
7267,-1.66000000000005,0.9323690833034588,9.0,0.9622235556991142
7268,-1.65500000000005,0.9327858760554172,9.0,0.9616608068934486
7269,-1.65000000000005,0.933202668807376,9.0,0.9610204386199975
7270,-1.6450000000000502,0.933545800576535,9.0,0.9603045213783933
7271,-1.6400000000000503,0.9338705753274718,9.0,0.959515449366607
7272,-1.6350000000000504,0.9341953500784086,9.0,0.9586559268178042
7273,-1.6300000000000503,0.9345201248293452,9.0,0.95772895216412
7274,-1.6250000000000506,0.934844899580282,9.0,0.9567378002139352
7275,-1.6200000000000507,0.9351696743312188,9.0,0.9556860025481221
7276,-1.6150000000000508,0.9354944490821556,9.0,0.9545773263558525
7277,-1.610000000000051,0.9358192238330924,9.0,0.9534157519419119
7278,-1.605000000000051,0.9361439985840292,9.0,0.9522054491449373
7279,-1.6000000000000512,0.9364687733349658,9.0,0.9509507529097733
7280,-1.5950000000000513,0.9367935480859024,9.0,0.9496561382572611
7281,-1.5900000000000514,0.9371183228368394,9.0,0.9483261948915352
7282,-1.5850000000000517,0.937443097587776,9.0,0.9469656016785105
7283,-1.5800000000000516,0.9377678723387128,9.0,0.9455791012200491
7284,-1.5750000000000517,0.9380926470896498,9.0,0.9441714747366082
7285,-1.5700000000000518,0.9384174218405864,9.0,0.9427475174573815
7286,-1.565000000000052,0.9387421965915232,9.0,0.9413120147014155
7287,-1.560000000000052,0.93906697134246,9.0,0.9398697188162773
7288,-1.555000000000052,0.9393917460933968,9.0,0.9384253271229607
7289,-1.5500000000000522,0.9397165208443335,9.0,0.93698346099716
7290,-1.5450000000000523,0.9400412955952704,9.0,0.935548646198224
7291,-1.5400000000000524,0.940366070346207,9.0,0.9341252945381872
7292,-1.5350000000000523,0.9406908450971438,9.0,0.9327176869647266
7293,-1.5300000000000529,0.9410156198480804,9.0,0.9313299581137947
7294,-1.5250000000000528,0.9413403945990172,9.0,0.9299660823703076
7295,-1.5200000000000529,0.941665169349954,9.0,0.9286298614588403
7296,-1.515000000000053,0.9419899441008908,9.0,0.9273249135708223
7297,-1.510000000000053,0.9423147188518276,9.0,0.9260546640205113
7298,-1.5050000000000532,0.9426394936027644,9.0,0.9248223374089589
7299,-1.5000000000000533,0.9429642683537012,9.0,0.9236309512634585
7300,-1.4950000000000534,0.943289043104638,9.0,0.9224833111095431
7301,-1.4900000000000535,0.9436138178555746,9.0,0.9213820069234876
7302,-1.4850000000000536,0.9439385926065116,9.0,0.920329410905467
7303,-1.4800000000000535,0.944263367357448,9.0,0.919327676506991
7304,-1.4750000000000538,0.944588142108385,9.0,0.9183787386409205
7305,-1.470000000000054,0.9449129168593215,9.0,0.9174843149982158
7306,-1.465000000000054,0.9452376916102586,9.0,0.9166459083925053
7307,-1.460000000000054,0.9455624663611952,9.0,0.9158648100515375
7308,-1.4550000000000542,0.945887241112132,9.0,0.9151421037734414
7309,-1.4500000000000544,0.9462120158630688,9.0,0.9144786708655036
7310,-1.4450000000000545,0.9465367906140056,9.0,0.9138751957836512
7311,-1.4400000000000546,0.9468615653649424,9.0,0.9133321723920506
7312,-1.435000000000055,0.9471863401158792,9.0,0.9128499107640201
7313,-1.4300000000000548,0.9475111148668158,9.0,0.9124285444477725
7314,-1.425000000000055,0.9478358896177526,9.0,0.9120680381232643
7315,-1.420000000000055,0.9481606643686894,9.0,0.9117681955795646
7316,-1.415000000000055,0.9484854391196262,9.0,0.9115286679455704
7317,-1.4100000000000552,0.948810213870563,9.0,0.9113489621105749
7318,-1.405000000000055,0.9491349886214998,9.0,0.911228449275023
7319,-1.4000000000000554,0.9494597633724364,9.0,0.9111663735757666
7320,-1.3950000000000555,0.9497845381233732,9.0,0.9111618607341457
7321,-1.3900000000000556,0.95010931287431,9.0,0.911213926679299
7322,-1.3850000000000555,0.9504340876252468,9.0,0.9113214861031634
7323,-1.3800000000000558,0.9507588623761836,9.0,0.9114833609076142
7324,-1.375000000000056,0.9510836371271202,9.0,0.9116982885081345
7325,-1.370000000000056,0.9514084118780572,9.0,0.9119649299622391
7326,-1.3650000000000562,0.9517331866289938,9.0,0.9122818778945624
7327,-1.3600000000000565,0.9520579613799304,9.0,0.9126476641941147
7328,-1.3550000000000564,0.9523827361308672,9.0,0.9130607674625767
7329,-1.3500000000000565,0.9527075108818042,9.0,0.9135196201957779
7330,-1.3450000000000566,0.9530322856327408,9.0,0.9140226156835406
7331,-1.3400000000000567,0.9533570603836776,9.0,0.9145681146159578
7332,-1.3350000000000568,0.9536818351346144,9.0,0.9151544513868622
7333,-1.330000000000057,0.9540066098855512,9.0,0.9157799400877425
7334,-1.325000000000057,0.954331384636488,9.0,0.9164428801876804
7335,-1.3200000000000571,0.9546561593874248,9.0,0.917141561896999
7336,-1.3150000000000572,0.9549809341383616,9.0,0.9178742712142643
7337,-1.3100000000000571,0.9553057088892984,9.0,0.9186392946580361
7338,-1.3050000000000574,0.9556304836402348,9.0,0.9194349236863516
7339,-1.3000000000000576,0.9559552583911716,9.0,0.9202594588083529
7340,-1.2950000000000577,0.9562800331421084,9.0,0.9211112133937119
7341,-1.2900000000000578,0.9566048078930453,9.0,0.921988517186635
7342,-1.285000000000058,0.956929582643982,9.0,0.9228897195321518
7343,-1.280000000000058,0.9572543573949188,9.0,0.9238131923232559
7344,-1.275000000000058,0.9575791321458555,9.0,0.9247573326781179
7345,-1.2700000000000582,0.9579039068967924,9.0,0.9257205653571837
7346,-1.2650000000000583,0.958228681647729,9.0,0.926701344930423
7347,-1.2600000000000584,0.9585534563986658,9.0,0.9276981577053381
7348,-1.2550000000000583,0.9588782311496026,9.0,0.9287095234266144
7349,-1.2500000000000586,0.9592030059005394,9.0,0.9297339967584463
7350,-1.2450000000000587,0.9595277806514764,9.0,0.9307701685606776
7351,-1.2400000000000588,0.9598525554024128,9.0,0.9318166669699025
7352,-1.235000000000059,0.9601773301533496,9.0,0.9328721582966205
7353,-1.230000000000059,0.9605021049042864,9.0,0.9339353477494562
7354,-1.2250000000000592,0.9608268796552232,9.0,0.9350049799972592
7355,-1.2200000000000593,0.96115165440616,9.0,0.9360798395797366
7356,-1.2150000000000594,0.9614764291570967,9.0,0.937158751177002
7357,-1.2100000000000597,0.9618012039080334,9.0,0.9382405797481582
7358,-1.2050000000000596,0.9621259786589702,9.0,0.9393242305487369
7359,-1.2000000000000597,0.9624507534099068,9.0,0.9404086490364704
7360,-1.1950000000000598,0.9627755281608438,9.0,0.9414928206745493
7361,-1.19000000000006,0.9631003029117804,9.0,0.9425757706411478
7362,-1.18500000000006,0.9634250776627172,9.0,0.9436565634536166
7363,-1.18000000000006,0.9637498524136542,9.0,0.9447343025153895
7364,-1.1750000000000602,0.9640746271645908,9.0,0.9458081295932431
7365,-1.1700000000000603,0.9643994019155276,9.0,0.9468772242321756
7366,-1.1650000000000604,0.9647241766664644,9.0,0.9479408031147832
7367,-1.1600000000000603,0.9650489514174012,9.0,0.94899811937163
7368,-1.1550000000000606,0.965373726168338,9.0,0.9500484618487336
7369,-1.1500000000000608,0.9656985009192748,9.0,0.9510911543379098
7370,-1.1450000000000609,0.9660232756702116,9.0,0.9521255547753756
7371,-1.140000000000061,0.966348050421148,9.0,0.9531510544136325
7372,-1.135000000000061,0.9666728251720847,9.0,0.9541670769713296
7373,-1.1300000000000612,0.9669975999230216,9.0,0.9551730777654651
7374,-1.1250000000000613,0.9673223746739584,9.0,0.9561685428299708
7375,-1.1200000000000614,0.9676471494248952,9.0,0.9571529880243977
7376,-1.1150000000000615,0.967971924175832,9.0,0.9581259581361682
7377,-1.1100000000000616,0.9682966989267688,9.0,0.959087025979526
7378,-1.1050000000000617,0.9686214736777056,9.0,0.9600357914940888
7379,-1.1000000000000618,0.9689462484286422,9.0,0.9609718808456326
7380,-1.095000000000062,0.969271023179579,9.0,0.9618949455314986
7381,-1.090000000000062,0.969595797930516,9.0,0.9628046614927875
7382,-1.085000000000062,0.9699205726814526,9.0,0.9637007282352882
7383,-1.0800000000000622,0.9702453474323894,9.0,0.9645828679608858
7384,-1.0750000000000624,0.9705701221833262,9.0,0.9654508247109951
7385,-1.0700000000000625,0.9708948969342628,9.0,0.9663043635234062
7386,-1.0650000000000626,0.9712196716851996,9.0,0.9671432696037344
7387,-1.060000000000063,0.9715444464361364,9.0,0.9679673475125351
7388,-1.0550000000000628,0.9718692211870732,9.0,0.9687764203689869
7389,-1.0500000000000629,0.97219399593801,9.0,0.9695703290719068
7390,-1.045000000000063,0.9725187706889464,9.0,0.9703489315387542
7391,-1.040000000000063,0.9728435454398834,9.0,0.9711121019631489
7392,-1.0350000000000632,0.97316832019082,9.0,0.971859730091322
7393,-1.0300000000000633,0.973493094941757,9.0,0.9725917205178359
7394,-1.0250000000000634,0.9738178696926938,9.0,0.9733079920008071
7395,-1.0200000000000635,0.9741426444436304,9.0,0.9740084767967837
7396,-1.0150000000000636,0.9744674191945674,9.0,0.9746931200153622
7397,-1.0100000000000635,0.974792193945504,9.0,0.9753618789935655
7398,-1.0050000000000638,0.9751169686964408,9.0,0.9760147226899095
7399,-1.000000000000064,0.9754417434473776,9.0,0.9766516310980901
7400,-0.995000000000064,0.9757665181983144,9.0,0.9772725946801099
7401,-0.9900000000000642,0.9760912929492512,9.0,0.9778776138186623
7402,-0.9850000000000644,0.976416067700188,9.0,0.9784666982885389
7403,-0.9800000000000644,0.9767408424511248,9.0,0.9790398667467809
7404,-0.9750000000000644,0.9770656172020612,9.0,0.9795971462412868
7405,-0.9700000000000646,0.977390391952998,9.0,0.9801385717375345
7406,-0.9650000000000648,0.9777151667039348,9.0,0.9806641856630841
7407,-0.9600000000000648,0.9780399414548716,9.0,0.9811740374694792
7408,-0.9550000000000648,0.9783647162058084,9.0,0.9816681832111719
7409,-0.950000000000065,0.9786894909567452,9.0,0.9821466851410637
7410,-0.9450000000000652,0.979014265707682,9.0,0.9826096113222559
7411,-0.9400000000000652,0.9793390404586186,9.0,0.9830570352555955
7412,-0.9350000000000652,0.9796638152095556,9.0,0.9834890355225815
7413,-0.9300000000000654,0.9799885899604922,9.0,0.9839056954432109
7414,-0.9250000000000655,0.980313364711429,9.0,0.9843071027483316
7415,-0.9200000000000657,0.980638139462366,9.0,0.9846933492660584
7416,-0.9150000000000658,0.9809629142133026,9.0,0.9850645306218376
7417,-0.910000000000066,0.9812876889642396,9.0,0.9854207459517125
7418,-0.905000000000066,0.981612463715176,9.0,0.9857620976283644
7419,-0.9000000000000661,0.9819372384661128,9.0,0.9860886909995176
7420,-0.8950000000000662,0.9822620132170496,9.0,0.9864006341382697
7421,-0.8900000000000663,0.9825867879679864,9.0,0.986698037604946
7422,-0.8850000000000664,0.9829115627189232,9.0,0.9869810142200649
7423,-0.8800000000000665,0.9832363374698598,9.0,0.9872496788480144
7424,-0.8750000000000666,0.9835611122207966,9.0,0.9875041481910461
7425,-0.8700000000000667,0.9838858869717334,9.0,0.9877445405932027
7426,-0.8650000000000668,0.98421066172267,9.0,0.9879709758537941
7427,-0.8600000000000669,0.984535436473607,9.0,0.9881835750500679
7428,-0.855000000000067,0.9848602112245438,9.0,0.9883824603686936
7429,-0.8500000000000671,0.9851849859754804,9.0,0.9885677549457313
7430,-0.8450000000000673,0.9855097607264172,9.0,0.9887395827147255
7431,-0.8400000000000674,0.985834535477354,9.0,0.9888980682626
7432,-0.8350000000000675,0.9861593102282908,9.0,0.9890433366930292
7433,-0.8300000000000676,0.9864840849792276,9.0,0.9891755134969712
7434,-0.8250000000000677,0.9868088597301644,9.0,0.9892947244300557
7435,-0.8200000000000678,0.9871336344811013,9.0,0.9894010953965372
7436,-0.8150000000000679,0.9874584092320378,9.0,0.9894947523395187
7437,-0.810000000000068,0.9877831839829744,9.0,0.9895758211371796
7438,-0.8050000000000681,0.9881079587339112,9.0,0.9896444275047299
7439,-0.8000000000000682,0.988432733484848,9.0,0.989700696901837
7440,-0.7950000000000683,0.9887575082357848,9.0,0.9897447544452768
7441,-0.7900000000000684,0.9890822829867216,9.0,0.98977672482656
7442,-0.7850000000000685,0.9894070577376584,9.0,0.9897967322343096
7443,-0.7800000000000686,0.9897318324885952,9.0,0.9898049002811612
7444,-0.7750000000000687,0.990056607239532,9.0,0.9898013519349663
7445,-0.7700000000000689,0.9903813819904688,9.0,0.9897862094540971
7446,-0.765000000000069,0.9907061567414056,9.0,0.9897595943266467
7447,-0.7600000000000691,0.9910309314923422,9.0,0.9897216272133337
7448,-0.7550000000000692,0.9913557062432792,9.0,0.9896724278939261
7449,-0.7500000000000693,0.9916693055876082,9.0,0.9896121152170078
7450,-0.7450000000000694,0.9918580991306684,9.0,0.98954080705291
7451,-0.7400000000000695,0.9920468926737284,9.0,0.989458620249651
7452,-0.7350000000000696,0.992235686216788,9.0,0.9893656705917212
7453,-0.7300000000000697,0.9924244797598482,9.0,0.9892620727615639
7454,-0.7250000000000698,0.992613273302908,9.0,0.9891479403036102
7455,-0.7200000000000699,0.992802066845968,9.0,0.989023385590717
7456,-0.71500000000007,0.9929908603890278,9.0,0.9888885197928915
7457,-0.7100000000000701,0.9931796539320876,9.0,0.9887434528481621
7458,-0.7050000000000702,0.9933684474751476,9.0,0.9885882934354798
7459,-0.7000000000000703,0.9935572410182076,9.0,0.9884231489495273
7460,-0.6950000000000705,0.9937460345612676,9.0,0.9882481254773344
7461,-0.6900000000000706,0.9939348281043277,9.0,0.9880633277765806
7462,-0.6850000000000707,0.9941236216473875,9.0,0.9878688592554946
7463,-0.6800000000000708,0.9943124151904474,9.0,0.9876648219542424
7464,-0.6750000000000709,0.9945012087335072,9.0,0.9874513165277238
7465,-0.670000000000071,0.9946900022765672,9.0,0.9872284422296737
7466,-0.6650000000000711,0.9948787958196272,9.0,0.9869962968979985
7467,-0.6600000000000712,0.995067589362687,9.0,0.9867549769412575
7468,-0.6550000000000713,0.995256382905747,9.0,0.9865045773262148
7469,-0.6500000000000714,0.9954451764488071,9.0,0.9862451915663938
7470,-0.6450000000000715,0.995633969991867,9.0,0.9859769117115568
7471,-0.6400000000000716,0.9958227635349268,9.0,0.9856998283380535
7472,-0.6350000000000717,0.9960115570779868,9.0,0.9854140305399618
7473,-0.6300000000000718,0.9962003506210468,9.0,0.9851196059209842
7474,-0.6250000000000719,0.9963891441641066,9.0,0.9848166405870157
7475,-0.620000000000072,0.9965779377071664,9.0,0.9845052191393552
7476,-0.6150000000000722,0.9967667312502264,9.0,0.9841854246684928
7477,-0.6100000000000723,0.9969555247932864,9.0,0.9838573387484354
7478,-0.6050000000000724,0.9971443183363464,9.0,0.9835210414315206
7479,-0.6000000000000725,0.9973331118794064,9.0,0.9831766112436778
7480,-0.5950000000000726,0.9975219054224664,9.0,0.9828241251800974
7481,-0.5900000000000727,0.9977106989655262,9.0,0.9824636587012717
7482,-0.5850000000000728,0.997899492508586,9.0,0.9820952857293676
7483,-0.5800000000000729,0.998088286051646,9.0,0.9817190786449027
7484,-0.575000000000073,0.998277079594706,9.0,0.9813351082836949
7485,-0.5700000000000731,0.998465873137766,9.0,0.9809434439340484
7486,-0.5650000000000732,0.9986546666808258,9.0,0.9805441533341627
7487,-0.5600000000000733,0.9988434602238856,9.0,0.9801373026697239
7488,-0.5550000000000734,0.9990322537669458,9.0,0.9797229565716722
7489,-0.5500000000000735,0.9992210473100056,9.0,0.9793011781141073
7490,-0.5450000000000736,0.9994098408530656,9.0,0.9788720288123299
7491,-0.5400000000000738,0.9995986343961256,9.0,0.9784355686209819
7492,-0.5350000000000739,0.9997874279391856,9.0,0.9779918559322888
7493,-0.530000000000074,0.9999762214822454,9.0,0.9775409475743774
7494,-0.5250000000000741,1.0001021449314,9.0,0.977082898809655
7495,-0.5200000000000742,1.00008171594512,9.0,0.9766177633332495
7496,-0.5150000000000743,1.00006128695884,9.0,0.9761455932714881
7497,-0.5100000000000744,1.00004085797256,9.0,0.9756664391804154
7498,-0.5050000000000745,1.0000204289862802,9.0,0.9751803500443369
7499,-0.5000000000000746,1.0000000000000002,9.0,0.9746873732743847
7500,-0.4950000000000747,0.9999175306385368,9.0,0.9741875547071045
7501,-0.4900000000000748,0.999726814385578,9.0,0.9736809386030555
7502,-0.4850000000000749,0.9995360981326196,9.0,0.9731675676454196
7503,-0.480000000000075,0.9993453818796604,9.0,0.9726474829386312
7504,-0.4750000000000751,0.999154665626702,9.0,0.9721207240070108
7505,-0.4700000000000752,0.998963949373743,9.0,0.9715873287934212
7506,-0.4650000000000753,0.9987732331207844,9.0,0.9710473336579354
7507,-0.4600000000000754,0.9985825168678256,9.0,0.9705007733765322
7508,-0.4550000000000755,0.9983918006148668,9.0,0.9699476811398152
7509,-0.4500000000000757,0.998201084361908,9.0,0.9693880885517691
7510,-0.4450000000000758,0.998010368108949,9.0,0.9688220256285566
7511,-0.4400000000000759,0.9978196518559904,9.0,0.9682495207973697
7512,-0.435000000000076,0.9976289356030316,9.0,0.9676706008953381
7513,-0.4300000000000761,0.9974382193500728,9.0,0.9670852911685147
7514,-0.4250000000000762,0.997247503097114,9.0,0.9664936152709472
7515,-0.4200000000000763,0.9970567868441552,9.0,0.9658955952638476
7516,-0.4150000000000764,0.9968660705911964,9.0,0.9652912516148758
7517,-0.4100000000000765,0.9966753543382376,9.0,0.9646806031975591
7518,-0.4050000000000766,0.9964846380852788,9.0,0.9640636672908532
7519,-0.4000000000000767,0.9962939218323202,9.0,0.9634404595788811
7520,-0.3950000000000768,0.9961032055793614,9.0,0.9628109941508488
7521,-0.3900000000000769,0.9959124893264024,9.0,0.9621752835011762
7522,-0.385000000000077,0.9957217730734438,9.0,0.9615333385298618
7523,-0.3800000000000771,0.9955310568204848,9.0,0.9608851685430949
7524,-0.3750000000000772,0.9953403405675264,9.0,0.9602307812541587
7525,-0.3700000000000774,0.9951496243145674,9.0,0.9595701827846373
7526,-0.3650000000000775,0.9949589080616086,9.0,0.958903377665954
7527,-0.3600000000000776,0.9947681918086498,9.0,0.958230368841284
7528,-0.3550000000000777,0.994577475555691,9.0,0.9575511576678594
7529,-0.3500000000000778,0.9943867593027323,9.0,0.9568657439197047
7530,-0.3450000000000779,0.9941960430497736,9.0,0.9561741257908335
7531,-0.340000000000078,0.9940053267968147,9.0,0.9554762998989513
7532,-0.3350000000000781,0.9938413915665976,9.0,0.9547722612896886
7533,-0.3300000000000782,0.9937882373207348,9.0,0.954062003441413
7534,-0.3250000000000783,0.9937350830748722,9.0,0.9533455182706604
7535,-0.3200000000000784,0.9936819288290096,9.0,0.9526227961382204
7536,-0.3150000000000785,0.993628774583147,9.0,0.9518938258559347
7537,-0.3100000000000786,0.9935756203372844,9.0,0.9511585946942333
7538,-0.3050000000000787,0.9935224660914218,9.0,0.9504170883904811
7539,-0.3000000000000788,0.9934693118455592,9.0,0.9496692911581693
7540,-0.295000000000079,0.9934161575996966,9.0,0.9489151856970043
7541,-0.2900000000000791,0.993363003353834,9.0,0.9481547532039568
7542,-0.2850000000000792,0.9933098491079714,9.0,0.9473879733853211
7543,-0.2800000000000793,0.9932566948621088,9.0,0.9466148244698446
7544,-0.2750000000000794,0.9932035406162462,9.0,0.9458352832229892
7545,-0.2700000000000795,0.9931503863703836,9.0,0.9450493249623869
7546,-0.2650000000000796,0.9930972321245212,9.0,0.9442569235745571
7547,-0.2600000000000797,0.9930440778786584,9.0,0.9434580515329506
7548,-0.2550000000000798,0.9929909236327958,9.0,0.9426526799173939
7549,-0.2500000000000799,0.9929377693869332,9.0,0.9418407784350037
7550,-0.24500000000008,0.9928846151410706,9.0,0.9410223154426512
7551,-0.2400000000000801,0.992831460895208,9.0,0.9401972579710537
7552,-0.2350000000000802,0.9927770812707798,9.0,0.9393655717505679
7553,-0.2300000000000803,0.9927205043616192,9.0,0.9385272212387809
7554,-0.2250000000000804,0.9927209782839772,9.0,0.937682169649977
7555,-0.2200000000000805,0.9927115396841736,9.0,0.9368303789865696
7556,-0.2150000000000806,0.9926623325641244,9.0,0.9359718100726003
7557,-0.2100000000000808,0.9926131254440748,9.0,0.9351064225893847
7558,-0.2050000000000809,0.9925263503458328,9.0,0.9342341751134228
7559,-0.200000000000081,0.9922120684355278,9.0,0.9333550251566601
7560,-0.1950000000000811,0.9918977865252224,9.0,0.9324689292092131
7561,-0.1900000000000812,0.9915835046149174,9.0,0.9315758427846631
7562,-0.1850000000000813,0.9912692227046122,9.0,0.9306757204680333
7563,-0.1800000000000814,0.9909549407943072,9.0,0.9297685159665617
7564,-0.1750000000000815,0.990640658884002,9.0,0.9288541821633848
7565,-0.1700000000000816,0.9903263769736969,9.0,0.927932671174262
7566,-0.1650000000000817,0.9900120950633916,9.0,0.9270039344074558
7567,-0.1600000000000818,0.9896978131530868,9.0,0.926067922626897
7568,-0.1550000000000819,0.9893835312427814,9.0,0.9251245860187741
7569,-0.150000000000082,0.9890692493324764,9.0,0.9241738742616675
7570,-0.1450000000000821,0.9885365318030492,9.0,0.9232157366003811
7571,-0.1400000000000822,0.9877563541948235,9.0,0.9222501219235945
7572,-0.1350000000000824,0.986976176586598,9.0,0.9212769788454941
7573,-0.1300000000000825,0.9861959989783728,9.0,0.9202962557915227
7574,-0.1250000000000826,0.9838082067267708,9.0,0.919307901088393
7575,-0.1200000000000827,0.9813364511520916,9.0,0.9183118630585293
7576,-0.1150000000000828,0.9788646955774128,9.0,0.9173080901190723
7577,-0.1100000000000829,0.9763929400027336,9.0,0.9162965308856245
7578,-0.105000000000083,0.9739211844280542,9.0,0.9152771342808813
7579,-0.1000000000000831,0.9714494288533752,9.0,0.9142498496483126
7580,-0.0950000000000832,0.968977673278696,9.0,0.9132146268710554
7581,-0.0900000000000833,0.9665059177040168,9.0,0.9121714164961893
7582,-0.0850000000000834,0.9640341621293378,9.0,0.9111201698645478
7583,-0.0800000000000835,0.9615624065546584,9.0,0.9100608392462396
7584,-0.0750000000000836,0.9591320956626708,9.0,0.9089933779820435
7585,-0.0700000000000837,0.9568393675204616,9.0,0.907917740630842
7586,-0.0650000000000838,0.9546725972514088,9.0,0.9068338831232593
7587,-0.0600000000000839,0.953132438469274,9.0,0.9057417629216705
7588,-0.055000000000084,0.9515922796871392,9.0,0.9046413391867375
7589,-0.0500000000000842,0.9500521209050043,9.0,0.9035325729506419
7590,-0.0450000000000843,0.9485119621228696,9.0,0.90241542729716
7591,-0.0400000000000844,0.9469718033407348,9.0,0.9012898675487454
7592,-0.0350000000000845,0.9452424022743516,9.0,0.9001558614607567
7593,-0.0300000000000846,0.9429863947908071,9.0,0.8990133794229834
7594,-0.0250000000000847,0.9407303873072628,9.0,0.8978623946685961
7595,-0.0200000000000848,0.9384743798237184,9.0,0.8967028834906577
7596,-0.0150000000000849,0.936218372340174,9.0,0.895534825466317
7597,-0.010000000000085,0.9339623648566296,9.0,0.8943582036887853
7598,-0.0050000000000851,0.9317063573730852,9.0,0.8931730050072048
7599,-8.526512829121202e-14,0.9294503498895408,9.0,0.8919792202744928
7600,0.0049999999999146,0.9271943424059962,9.0,0.8907768446032328
7601,0.0099999999999145,0.924943564792728,9.0,0.889565877629665
7602,0.0149999999999144,0.9230003283262656,9.0,0.8883463237858277
7603,0.0199999999999143,0.9211840822547824,9.0,0.887118192579854
7604,0.0249999999999142,0.9193678361832988,9.0,0.8858814988844356
7605,0.029999999999914,0.9175515901118156,9.0,0.8846362632334174
7606,0.0349999999999139,0.9157353440403322,9.0,0.8833825121264812
7607,0.0399999999999138,0.9139190979688488,9.0,0.8821202783418362
7608,0.0449999999999137,0.9121028518973654,9.0,0.880849601256804
7609,0.0499999999999136,0.910286605825882,9.0,0.8795705271761626
7610,0.0549999999999135,0.9084703597543988,9.0,0.878283109668064
7611,0.0599999999999134,0.9066541136829152,9.0,0.8769874099073159
7612,0.0649999999999133,0.90477712499007,9.0,0.8756834970257578
7613,0.0699999999999132,0.9028261002699742,9.0,0.8743714484694366
7614,0.0749999999999131,0.9008750755498784,9.0,0.8730513503622225
7615,0.079999999999913,0.8989240508297826,9.0,0.8717232978754642
7616,0.0849999999999129,0.8969730261096867,9.0,0.8703873956032105
7617,0.0899999999999128,0.8950220013895909,9.0,0.8690437579424922
7618,0.0949999999999127,0.8930709766694951,9.0,0.8676925094780655
7619,0.0999999999999126,0.8911199519493993,9.0,0.8663337853709657
7620,0.1049999999999125,0.8891689272293034,9.0,0.864967731750146
7621,0.1099999999999123,0.8872179025092076,9.0,0.8635945061063935
7622,0.1149999999999122,0.8852668777891117,9.0,0.8622142776876381
7623,0.1199999999999121,0.8833158530690159,9.0,0.8608272278946775
7624,0.124999999999912,0.881366804086523,9.0,0.8594335506762559
7625,0.1299999999999119,0.8794310590689275,9.0,0.8580334529223325
7626,0.1349999999999118,0.8774953140513321,9.0,0.8566271548542753
7627,0.1399999999999117,0.8755595690337367,9.0,0.8552148904106115
7628,0.1449999999999116,0.8736238240161411,9.0,0.8537969076268482
7629,0.1499999999999115,0.8716880789985456,9.0,0.8523734690077646
7630,0.1549999999999114,0.8697523339809503,9.0,0.8509448518904542
7631,0.1599999999999113,0.8678165889633548,9.0,0.8495113487962654
7632,0.1649999999999112,0.8658808439457593,9.0,0.8480732677696551
7633,0.1699999999999111,0.8639450989281638,9.0,0.8466309327018445
7634,0.174999999999911,0.8620093539105684,9.0,0.8451846836370046
7635,0.1799999999999109,0.860073608892973,9.0,0.8437348770585785
7636,0.1849999999999108,0.8581378638753775,9.0,0.8422818861531723
7637,0.1899999999999106,0.856202118857782,9.0,0.840826101049316
7638,0.1949999999999105,0.8542663738401867,9.0,0.8393679290282253
7639,0.1999999999999104,0.8520397674178996,9.0,0.837907794703553
7640,0.2049999999999103,0.8497260140319325,9.0,0.8364461401669386
7641,0.2099999999999102,0.8474122606459655,9.0,0.8349834250960305
7642,0.2149999999999101,0.8450985072599985,9.0,0.833520126821483
7643,0.21999999999991,0.8427847538740314,9.0,0.8320567403492719
7644,0.2249999999999099,0.8404710004880643,9.0,0.8305937783345357
7645,0.2299999999999098,0.8381572471020973,9.0,0.8291317710029805
7646,0.2349999999999097,0.8358434937161303,9.0,0.8276712660157638
7647,0.2399999999999096,0.8335297403301632,9.0,0.8262128282736289
7648,0.2449999999999095,0.8312159869441963,9.0,0.824757039655941
7649,0.2499999999999094,0.8289022335582291,9.0,0.8233044986901686
7650,0.2549999999999093,0.826588480172262,9.0,0.8218558201472571
7651,0.2599999999999092,0.8242747267862951,9.0,0.8204116345582689
7652,0.2649999999999091,0.821960973400328,9.0,0.8189725876475952
7653,0.269999999999909,0.8196472200143611,9.0,0.8175393396780409
7654,0.2749999999999089,0.817333466628394,9.0,0.8161125647030415
7655,0.2799999999999087,0.815019713242427,9.0,0.8146929497213377
7656,0.2849999999999086,0.8127059598564599,9.0,0.8132811937294672
7657,0.2899999999999085,0.8103922064704928,9.0,0.8118780066675483
7658,0.2949999999999084,0.808078453084526,9.0,0.8104841082539699
7659,0.2999999999999083,0.8057646996985588,9.0,0.8091002267048045
7660,0.3049999999999082,0.8034509463125917,9.0,0.8077270973339924
7661,0.3099999999999081,0.8011371929266248,9.0,0.8063654610306613
7662,0.314999999999908,0.7988234395406577,9.0,0.8050160626103086
7663,0.3199999999999079,0.7965096861546906,9.0,0.8036796490369952
7664,0.3249999999999078,0.7941959327687237,9.0,0.8023569675142294
7665,0.3299999999999077,0.7918821793827566,9.0,0.8010487634427575
7666,0.3349999999999076,0.7895684259967894,9.0,0.7997557782441932
7667,0.3399999999999075,0.7872546726108225,9.0,0.7984787470501059
7668,0.3449999999999074,0.7849409192248555,9.0,0.7972183962570724
7669,0.3499999999999073,0.7826271658388884,9.0,0.7959754409490717
7670,0.3549999999999071,0.7803134124529214,9.0,0.7947505821896667
7671,0.359999999999907,0.7782650721585556,9.0,0.7935445041874821
7672,0.3649999999999069,0.7770009213886832,9.0,0.7923578713397254
7673,0.3699999999999068,0.7757367706188106,9.0,0.7911913251597783
7674,0.3749999999999067,0.7744726198489382,9.0,0.7900454810962746
7675,0.3799999999999066,0.7732084690790658,9.0,0.7889209252525607
7676,0.3849999999999065,0.7719443183091934,9.0,0.7878182110169781
7677,0.3899999999999064,0.7706801675393209,9.0,0.7867378556160464
7678,0.3949999999999063,0.7694160167694483,9.0,0.7856803366042956
7679,0.3999999999999062,0.768151865999576,9.0,0.7846460883062493
7680,0.4049999999999061,0.7668877152297036,9.0,0.7836354982278207
7681,0.409999999999906,0.7656235644598309,9.0,0.7826489034561727
7682,0.4149999999999059,0.7643594136899586,9.0,0.7816865870688784
7683,0.4199999999999058,0.7630952629200862,9.0,0.7807487745749745
7684,0.4249999999999057,0.7618311121502136,9.0,0.7798356304121999
7685,0.4299999999999055,0.7605669613803412,9.0,0.7789472545263504
7686,0.4349999999999054,0.7593028106104687,9.0,0.7780836790601676
7687,0.4399999999999053,0.7580386598405963,9.0,0.7772448651805802
7688,0.4449999999999052,0.7567745090707239,9.0,0.7764307000742886
7689,0.4499999999999051,0.7555103583008513,9.0,0.7756409941426671
7690,0.454999999999905,0.7542462075309789,9.0,0.7748754784276918
7691,0.4599999999999049,0.7529820567611065,9.0,0.7741338023010514
7692,0.4649999999999048,0.751717905991234,9.0,0.7734155314487127
7693,0.4699999999999047,0.7504537552213616,9.0,0.7727201461829859
7694,0.4749999999999046,0.7491896044514892,9.0,0.772047040113527
7695,0.4799999999999045,0.7479254536816167,9.0,0.7713955192076724
7696,0.4849999999999044,0.7466613029117442,9.0,0.7707648012690312
7697,0.4899999999999043,0.7453971521418717,9.0,0.770154015861347
7698,0.4949999999999042,0.7441330013719992,9.0,0.7695622047022387
7699,0.4999999999999041,0.7428688506021268,9.0,0.7689883225485566
7700,0.504999999999904,0.7416046998322544,9.0,0.7684312385917779
7701,0.5099999999999039,0.7403405490623818,9.0,0.7678897383780495
7702,0.5149999999999038,0.7390763982925094,9.0,0.7673625262632932
7703,0.5199999999999037,0.7378122475226371,9.0,0.7668482284091424
7704,0.5249999999999035,0.7365480967527644,9.0,0.7663453963205292
7705,0.5299999999999034,0.7352839459828919,9.0,0.7658525109204514
7706,0.5349999999999033,0.7340197952130197,9.0,0.7653679871519375
7707,0.5399999999999032,0.7327556444431471,9.0,0.7648901790915622
7708,0.5449999999999031,0.7314914936732746,9.0,0.7644173855530915
7709,0.549999999999903,0.7305100885313695,9.0,0.7639478561540866
7710,0.5549999999999029,0.7296222941948238,9.0,0.7634797978126445
7711,0.5599999999999028,0.7287344998582781,9.0,0.7630113816359775
7712,0.5649999999999027,0.7278467055217325,9.0,0.7625407501573701
7713,0.5699999999999026,0.7269589111851869,9.0,0.7620660248732644
7714,0.5749999999999025,0.726071116848641,9.0,0.7615853140279244
7715,0.5799999999999024,0.7251833225120954,9.0,0.7610967205893967
7716,0.5849999999999023,0.7242955281755497,9.0,0.7605983503573844
7717,0.5899999999999022,0.7232984155293442,9.0,0.7600883201413023
7718,0.594999999999902,0.7222686174415762,9.0,0.7595647659451544
7719,0.599999999999902,0.7212388193538086,9.0,0.759025851095105
7720,0.6049999999999018,0.7202090212660409,9.0,0.7584697742456531
7721,0.6099999999999017,0.7191792231782731,9.0,0.7578947772012216
7722,0.6149999999999016,0.7181494250905052,9.0,0.7572991524917
7723,0.6199999999999015,0.7171196270027375,9.0,0.7566812506430457
7724,0.6249999999999014,0.7160898289149699,9.0,0.7560394870873478
7725,0.6299999999999013,0.7150600308272022,9.0,0.7553723486608243
7726,0.6349999999999012,0.7140309942700711,9.0,0.7546783996428746
7727,0.6399999999999011,0.7130544606349867,9.0,0.7539562872945783
7728,0.644999999999901,0.7120779269999024,9.0,0.7532047468607149
7729,0.6499999999999009,0.711101393364818,9.0,0.7524226060054832
7730,0.6549999999999008,0.7101248597297336,9.0,0.7516087886583883
7731,0.6599999999999007,0.7091483260946493,9.0,0.7507623182532787
7732,0.6649999999999006,0.708171792459565,9.0,0.7498823203500199
7733,0.6699999999999005,0.7071952588244805,9.0,0.7489680246347298
7734,0.6749999999999003,0.7062187251893961,9.0,0.7480187663008112
7735,0.6799999999999002,0.7052421915543117,9.0,0.747033986819014
7736,0.6849999999999001,0.7042656579192275,9.0,0.746013234110451
7737,0.6899999999999,0.703289124284143,9.0,0.7449561621417423
7738,0.6949999999998999,0.7023125906490586,9.0,0.7438625299662441
7739,0.6999999999998998,0.7013360570139743,9.0,0.7427322002395685
7740,0.7049999999998997,0.70035952337889,9.0,0.7415651372412789
7741,0.7099999999998996,0.6993829897438053,9.0,0.7403614044377443
7742,0.7149999999998995,0.6984064561087211,9.0,0.7391211616236358
7743,0.7199999999998994,0.6974299224736367,9.0,0.737844661681443
7744,0.7249999999998993,0.6964533888385522,9.0,0.7365322469997052
7745,0.7299999999998992,0.6954768552034679,9.0,0.7351843455914074
7746,0.7349999999998991,0.6945003215683836,9.0,0.7338014669542076
7747,0.739999999999899,0.6935237879332992,9.0,0.7323841977138811
7748,0.7449999999998989,0.6925472542982147,9.0,0.7309331970916549
7749,0.7499999999998987,0.6915707206631304,9.0,0.7294491922349543
7750,0.7549999999998986,0.690594187028046,9.0,0.7279329734496137
7751,0.7599999999998985,0.6896176533929617,9.0,0.7263853893697955
7752,0.7649999999998984,0.6886411197578775,9.0,0.7248073420998361
7753,0.7699999999998983,0.6876907147989275,9.0,0.7231997823599844
7754,0.7749999999998982,0.686822110024785,9.0,0.7215637046655935
7755,0.7799999999998981,0.6859535052506422,9.0,0.71990014256685
7756,0.784999999999898,0.6849770078856272,9.0,0.7182101639735311
7757,0.7899999999998979,0.6838278653733766,9.0,0.7164948665867142
7758,0.7949999999998978,0.682678722861126,9.0,0.714755373456777
7759,0.7999999999998977,0.6815295803488752,9.0,0.7129928286844976
7760,0.8049999999998976,0.6803804378366247,9.0,0.7112083932796059
7761,0.8099999999998975,0.6792312953243741,9.0,0.7094032411887706
7762,0.8149999999998974,0.6780821528121234,9.0,0.7075785555027424
7763,0.8199999999998973,0.6769330102998727,9.0,0.7057355248502623
7764,0.8249999999998971,0.6757838677876221,9.0,0.703875339984349
7765,0.829999999999897,0.6746347252753714,9.0,0.7019991905647273
7766,0.8349999999998969,0.6734855827631209,9.0,0.7001082621384841
7767,0.8399999999998968,0.6723364402508701,9.0,0.6982037333194929
7768,0.8449999999998967,0.6711872977386195,9.0,0.6962867731657604
7769,0.8499999999998966,0.6700381552263689,9.0,0.6943585387526102
7770,0.8549999999998965,0.6688890127141182,9.0,0.6924201729385474
7771,0.8599999999998964,0.6677398702018676,9.0,0.6904728023196697
7772,0.8649999999998963,0.6665907276896169,9.0,0.6885175353677041
7773,0.8699999999998962,0.6654415851773662,9.0,0.6865554607460368
7774,0.8749999999998961,0.6642924426651157,9.0,0.6845876457975509
7775,0.879999999999896,0.663143300152865,9.0,0.6826151351976087
7776,0.8849999999998959,0.6619941576406144,9.0,0.6806389497651736
7777,0.8899999999998958,0.6608450151283638,9.0,0.6786600854247765
7778,0.8949999999998957,0.6596958726161132,9.0,0.676679512311874
7779,0.8999999999998956,0.6585467301038626,9.0,0.6746981740140073
7780,0.9049999999998954,0.6573975875916118,9.0,0.6727169869401498
7781,0.9099999999998952,0.6562484450793611,9.0,0.6707368398106411
7782,0.9149999999998952,0.6550993025671104,9.0,0.6687585932601602
7783,0.9199999999998952,0.6541132663576685,9.0,0.6667830795463313
7784,0.924999999999895,0.6533630415407295,9.0,0.6648111023566751
7785,0.9299999999998948,0.6526128167237909,9.0,0.6628434367068169
7786,0.9349999999998948,0.6518625919068525,9.0,0.6608808289230775
7787,0.9399999999998948,0.6511123670899136,9.0,0.6589239967027879
7788,0.9449999999998946,0.6503621422729748,9.0,0.6569736292459251
7789,0.9499999999998944,0.649611917456036,9.0,0.6550303874519307
7790,0.9549999999998944,0.6488616926390975,9.0,0.6530949041758377
7791,0.9599999999998944,0.6481114678221588,9.0,0.6511677845381053
7792,0.9649999999998942,0.64736124300522,9.0,0.6492496062828527
7793,0.969999999999894,0.646611018188281,9.0,0.6473409201794452
7794,0.974999999999894,0.6458607933713425,9.0,0.645442250462681
7795,0.9799999999998938,0.645110568554404,9.0,0.6435540953070967
7796,0.9849999999998936,0.644360343737465,9.0,0.6416769273311752
7797,0.9899999999998936,0.6436101189205263,9.0,0.6398111941275108
7798,0.9949999999998936,0.6428598941035878,9.0,0.6379573188152469
7799,0.9999999999998934,0.6421096692866489,9.0,0.6361157006113377
7800,1.004999999999893,0.64135944446971,9.0,0.6342867154174469
7801,1.0099999999998932,0.6406092196527714,9.0,0.6324707164195026
7802,1.014999999999893,0.6398589948358328,9.0,0.630668034697181
7803,1.019999999999893,0.6391087700188941,9.0,0.6288789798407702
7804,1.0249999999998929,0.6383585452019553,9.0,0.627103840573097
7805,1.0299999999998928,0.6376083203850166,9.0,0.6253428853743711
7806,1.034999999999893,0.636858095568078,9.0,0.6235963631080018
7807,1.0399999999998926,0.6361078707511391,9.0,0.6218645036455969
7808,1.0449999999998925,0.6353576459342006,9.0,0.6201475184895243
7809,1.0499999999998924,0.6346074211172618,9.0,0.6184456013915857
7810,1.0549999999998922,0.6338571963003229,9.0,0.6167589289664569
7811,1.059999999999892,0.6331069714833842,9.0,0.6150876612987356
7812,1.064999999999892,0.6323567466664455,9.0,0.6134319425425158
7813,1.069999999999892,0.6316065218495068,9.0,0.6117919015125627
7814,1.0749999999998918,0.6308562970325682,9.0,0.6101676522662477
7815,1.0799999999998915,0.6301060722156295,9.0,0.6085592946755215
7816,1.0849999999998916,0.6293558473986905,9.0,0.6069669149882916
7817,1.0899999999998915,0.6286056225817521,9.0,0.6053905863786567
7818,1.0949999999998914,0.6278553977648134,9.0,0.6038303694855377
7819,1.0999999999998913,0.6271051729478744,9.0,0.602286312939322
7820,1.1049999999998912,0.6263549481309358,9.0,0.6007584538761893
7821,1.109999999999891,0.6256047233139971,9.0,0.5992468184398873
7822,1.114999999999891,0.6248544984970583,9.0,0.597751422270734
7823,1.1199999999998909,0.6241042736801197,9.0,0.596272270981734
7824,1.1249999999998908,0.6233540488631809,9.0,0.5948093606216901
7825,1.1299999999998906,0.622603824046242,9.0,0.5933626781252769
7826,1.1349999999998903,0.6218535992293034,9.0,0.5919322017500667
7827,1.1399999999998904,0.6211033744123649,9.0,0.5905179015005272
7828,1.1449999999998903,0.620353149595426,9.0,0.5891197395390632
7829,1.1499999999998902,0.6196029247784872,9.0,0.5877376705841847
7830,1.15499999999989,0.6188526999615485,9.0,0.5863716422959279
7831,1.15999999999989,0.61810247514461,9.0,0.5850215956486572
7832,1.16499999999989,0.617352250327671,9.0,0.5836874652914269
7833,1.1699999999998898,0.6166020255107325,9.0,0.5823691798960656
7834,1.1749999999998897,0.6158518006937936,9.0,0.5810666624931947
7835,1.1799999999998896,0.615101575876855,9.0,0.5797798307963818
7836,1.1849999999998897,0.6143513510599163,9.0,0.5785085975146572
7837,1.1899999999998894,0.6136011262429775,9.0,0.5772528706536244
7838,1.1949999999998893,0.612850901426039,9.0,0.5760125538054075
7839,1.1999999999998892,0.6121006766091,9.0,0.5747875464276807
7840,1.204999999999889,0.6113504517921614,9.0,0.5735777441120439
7841,1.209999999999889,0.6106002269752225,9.0,0.5723830388419897
7842,1.2149999999998888,0.6098500021582839,9.0,0.5712033192407341
7843,1.2199999999998887,0.6090997773413452,9.0,0.5700384708091766
7844,1.2249999999998886,0.6083495525244065,9.0,0.5688883761542454
7845,1.2299999999998883,0.607599327707468,9.0,0.5677529152079059
7846,1.2349999999998884,0.6068491028905292,9.0,0.566631965437087
7847,1.2399999999998883,0.6060988780735904,9.0,0.5655254020448061
7848,1.2449999999998882,0.6053486532566517,9.0,0.5644330981627323
7849,1.249999999999888,0.6045984284397131,9.0,0.5633549250354761
7850,1.254999999999888,0.6038482036227742,9.0,0.5622907521968407
7851,1.259999999999888,0.6030979788058356,9.0,0.5612404476383048
7852,1.2649999999998878,0.602347753988897,9.0,0.5602038779699811
7853,1.2699999999998877,0.601597529171958,9.0,0.5591809085743
7854,1.2749999999998876,0.6008473043550194,9.0,0.5581714037526637
7855,1.2799999999998877,0.6000970795380807,9.0,0.5571752268653077
7856,1.2849999999998871,0.5993468547211419,9.0,0.5561922404646015
7857,1.2899999999998872,0.5985966299042033,9.0,0.5552223064220247
7858,1.2949999999998871,0.5978464050872644,9.0,0.5542652860490368
7859,1.299999999999887,0.5970961802703257,9.0,0.5533210402120613
7860,1.304999999999887,0.5963459554533871,9.0,0.5523894294418001
7861,1.3099999999998868,0.5955957306364481,9.0,0.551470314037086
7862,1.3149999999998867,0.5948455058195095,9.0,0.5505635541634748
7863,1.3199999999998866,0.5940952810025709,9.0,0.5496690099467785
7864,1.3249999999998865,0.593345056185632,9.0,0.5487865415617289
7865,1.3299999999998864,0.5925948313686935,9.0,0.5479160093159609
7866,1.3349999999998865,0.5918446065517549,9.0,0.5470572737294981
7867,1.3399999999998862,0.591094381734816,9.0,0.5462101956099142
7868,1.344999999999886,0.5903441569178772,9.0,0.545374636123344
7869,1.349999999999886,0.5895939321009385,9.0,0.544550456861513
7870,1.354999999999886,0.5888437072839998,9.0,0.5437375199049375
7871,1.3599999999998855,0.5880934824670612,9.0,0.5429356878824606
7872,1.3649999999998856,0.5873432576501222,9.0,0.5421448240272718
7873,1.3699999999998855,0.586542422116424,9.0,0.5413647922295529
7874,1.3749999999998854,0.5855590779228736,9.0,0.5405954570858962
7875,1.379999999999885,0.5845757337293234,9.0,0.5398366839456292
7876,1.3849999999998852,0.5835923895357731,9.0,0.5390883389541753
7877,1.389999999999885,0.5826090453422228,9.0,0.5383502890935844
7878,1.394999999999885,0.5816257011486726,9.0,0.5376224022203472
7879,1.399999999999885,0.5806423569551222,9.0,0.5369045471006203
7880,1.4049999999998848,0.5796590127615718,9.0,0.536196593442971
7881,1.409999999999885,0.5786756685680218,9.0,0.5354984119287508
7882,1.4149999999998846,0.5776923243744714,9.0,0.5348098742402123
7883,1.4199999999998845,0.5767089801809214,9.0,0.5341308530864581
7884,1.4249999999998844,0.5757256359873709,9.0,0.5334612222273356
7885,1.4299999999998845,0.5747422917938207,9.0,0.5328008564953582
7886,1.434999999999884,0.5737589476002705,9.0,0.5321496318157559
7887,1.439999999999884,0.5727756034067203,9.0,0.5315074252247316
7888,1.444999999999884,0.5717922592131698,9.0,0.5308741148860201
7889,1.4499999999998838,0.5708089150196196,9.0,0.5302495801058178
7890,1.4549999999998835,0.5698255708260692,9.0,0.529633701346174
7891,1.4599999999998836,0.5688422266325192,9.0,0.5290263602369071
7892,1.4649999999998835,0.5678588824389688,9.0,0.5284274395861238
7893,1.4699999999998834,0.5668755382454186,9.0,0.5278368233894105
7894,1.4749999999998833,0.5658921940518682,9.0,0.5272543968377608
7895,1.4799999999998832,0.5649088498583179,9.0,0.5266800463243041
7896,1.484999999999883,0.5639255056647676,9.0,0.5261136594498955
7897,1.489999999999883,0.5629421614712175,9.0,0.5255551250276264
7898,1.4949999999998829,0.561958817277667,9.0,0.5250043330863108
7899,1.4999999999998828,0.5609754730841169,9.0,0.5244611748730015
7900,1.5049999999998829,0.5599921288905665,9.0,0.5239255428545887
7901,1.5099999999998823,0.5590087846970163,9.0,0.5233973307185303
7902,1.5149999999998824,0.5580254405034659,9.0,0.5228764333727568
7903,1.5199999999998823,0.5570420963099157,9.0,0.5223627469448034
7904,1.5249999999998822,0.5560587521163654,9.0,0.5218561687802084
7905,1.529999999999882,0.5550754079228152,9.0,0.5213565974402167
7906,1.534999999999882,0.5540920637292648,9.0,0.5208639326988352
7907,1.539999999999882,0.5531087195357146,9.0,0.5203780755392712
7908,1.5449999999998818,0.5521253753421642,9.0,0.5198989281497949
7909,1.5499999999998817,0.551142031148614,9.0,0.5194263939190567
7910,1.5549999999998816,0.5501586869550638,9.0,0.5189603774308958
7911,1.5599999999998817,0.5491753427615135,9.0,0.5185007844586711
7912,1.5649999999998814,0.5481919985679632,9.0,0.5180475219591409
7913,1.5699999999998813,0.5472086543744129,9.0,0.5176004980659267
7914,1.5749999999998812,0.5462253101808627,9.0,0.5171596220825824
7915,1.579999999999881,0.5452419659873124,9.0,0.5167248044753021
7916,1.584999999999881,0.5442586217937622,9.0,0.5162959568652811
7917,1.5899999999998808,0.5432752776002119,9.0,0.5158729920207676
7918,1.5949999999998807,0.5422919334066617,9.0,0.5154558238488168
7919,1.5999999999998806,0.5413085892131112,9.0,0.5150443673867732
7920,1.6049999999998803,0.5403252450195614,9.0,0.5146385387935013
7921,1.6099999999998804,0.5393419008260107,9.0,0.5142382553403907
7922,1.6149999999998803,0.5383585566324608,9.0,0.5138434354021392
7923,1.6199999999998802,0.5373752124389102,9.0,0.5134539984473481
7924,1.62499999999988,0.5363918682453602,9.0,0.513069865028939
7925,1.62999999999988,0.5354085240518096,9.0,0.5126909567744062
7926,1.63499999999988,0.5344251798582595,9.0,0.5123171963759265
7927,1.6399999999998798,0.533441835664709,9.0,0.5119485075803359
7928,1.6449999999998797,0.5324584914711589,9.0,0.5115848151789867
7929,1.6499999999998796,0.5314751472776086,9.0,0.5112260449975059
7930,1.6549999999998797,0.5304918030840584,9.0,0.5108721238854562
7931,1.6599999999998791,0.5295084588905079,9.0,0.510522979705921
7932,1.6649999999998792,0.528525114696958,9.0,0.5101785413250175
7933,1.6699999999998791,0.5275417705034076,9.0,0.5098387386013556
7934,1.674999999999879,0.5265584263098574,9.0,0.5095035023754453
7935,1.679999999999879,0.525575082116307,9.0,0.5091727644590697
7936,1.6849999999998788,0.5245917379227569,9.0,0.5088464576246248
7937,1.6899999999998787,0.5236083937292064,9.0,0.5085245155944443
7938,1.6949999999998786,0.5226250495356564,9.0,0.5082068730301036
7939,1.6999999999998785,0.5216417053421056,9.0,0.5078934655217299
7940,1.7049999999998784,0.5206583611485557,9.0,0.507584229577305
7941,1.7099999999998785,0.5196750169550053,9.0,0.5072791026119844
7942,1.7149999999998782,0.5186916727614551,9.0,0.5069780229374262
7943,1.719999999999878,0.5177083285679048,9.0,0.5066809297511494
7944,1.724999999999878,0.5167249843743543,9.0,0.5063877631259113
7945,1.729999999999878,0.5157416401808043,9.0,0.5060984639991254
7946,1.7349999999998778,0.5147582959872541,9.0,0.5058129741623111
7947,1.7399999999998776,0.5137749517937038,9.0,0.5055312362505903
7948,1.7449999999998775,0.5127916076001535,9.0,0.5052531937322302
7949,1.7499999999998774,0.5118082634066032,9.0,0.5049787908982369
7950,1.754999999999877,0.510824919213053,9.0,0.5047079728520026
7951,1.7599999999998772,0.5098415750195028,9.0,0.5044406854990159
7952,1.7649999999998771,0.5088582308259524,9.0,0.5041768755366292
7953,1.769999999999877,0.5078748866324023,9.0,0.5039164904438953
7954,1.774999999999877,0.5068915424388519,9.0,0.5036594784714707
7955,1.7799999999998768,0.5059081982453016,9.0,0.5034057886315915
7956,1.784999999999877,0.5049248540517511,9.0,0.5031553706881168
7957,1.7899999999998766,0.5039415098582011,9.0,0.5029081751466589
7958,1.7949999999998765,0.5029581656646508,9.0,0.5026641532447805
7959,1.7999999999998764,0.5019748214711005,9.0,0.5024232569422784
7960,1.8049999999998765,0.5009914772775501,9.0,0.5021854389115457
7961,1.809999999999876,0.5000081330839999,9.0,0.5019506525280211
7962,1.814999999999876,0.4990247888904497,9.0,0.5017188518607171
7963,1.819999999999876,0.4980414446968993,9.0,0.5014899916628424
7964,1.824999999999876,0.497058100503349,9.0,0.5012640273625032
7965,1.829999999999876,0.496074756309799,9.0,0.5010409150535001
7966,1.834999999999876,0.4950914121162488,9.0,0.500820611486211
7967,1.8399999999998755,0.4941080679226984,9.0,0.5006030740585646
7968,1.8449999999998756,0.4931247237291481,9.0,0.5003882608071054
7969,1.8499999999998755,0.4921413795355976,9.0,0.5001761303981519
7970,1.8549999999998752,0.4911580353420476,9.0,0.4999666421190445
7971,1.859999999999875,0.4901746911484972,9.0,0.4997597558694894
7972,1.864999999999875,0.4891913469549468,9.0,0.4995554321529915
7973,1.8699999999998749,0.4882080027613966,9.0,0.4993536320683851
7974,1.8749999999998748,0.4872246585678465,9.0,0.49915431730145554
7975,1.8799999999998749,0.4862413143742962,9.0,0.4989574501166554
7976,1.8849999999998743,0.4852579701807458,9.0,0.4987629933489144
7977,1.8899999999998744,0.4842746259871956,9.0,0.49857091039554446
7978,1.8949999999998743,0.4832912817936453,9.0,0.49838116520823583
7979,1.8999999999998745,0.482307937600095,9.0,0.4981937222851507
7980,1.904999999999874,0.4813245934065447,9.0,0.49800854666310523
7981,1.909999999999874,0.4803412492129945,9.0,0.4978256039098512
7982,1.914999999999874,0.4793579050194441,9.0,0.4976448601164446
7983,1.9199999999998736,0.4783745608258938,9.0,0.4974662818897111
7984,1.9249999999998737,0.4773912166323434,9.0,0.49728983634480173
7985,1.9299999999998736,0.4764078724387932,9.0,0.49711549109784214
7986,1.9349999999998733,0.475424528245243,9.0,0.49694321425867016
7987,1.9399999999998732,0.4744411840516925,9.0,0.49677297442366886
7988,1.9449999999998733,0.4734578398581425,9.0,0.49660474066868665
7989,1.9499999999998727,0.4724744956645922,9.0,0.4964384825420487
7990,1.954999999999873,0.4714911514710421,9.0,0.4962741700576574
7991,1.959999999999873,0.4705078072774917,9.0,0.4961117736881808
7992,1.9649999999998728,0.4695244630839417,9.0,0.49595126435833303
7993,1.9699999999998727,0.4685411188903912,9.0,0.49579261343823566
7994,1.9749999999998729,0.467557774696841,9.0,0.4956357927368725
7995,1.9799999999998723,0.4665744305032906,9.0,0.4954807744956261
7996,1.9849999999998724,0.4655910863097405,9.0,0.49532753138190166
7997,1.9899999999998723,0.4646077421161901,9.0,0.49517603648283715
7998,1.994999999999872,0.4636243979226397,9.0,0.49502626329909194
7999,1.999999999999872,0.4626410537290895,9.0,0.49487818573872666
