,x1,y,rep,noise,y_noise
0,-4.0,0.0,0.0,0.11231187189897339,0.11231187189897339
1,-3.95,0.000343705317713,0.0,-0.3131296819499742,-0.3127859766322612
2,-3.9,0.0007109385634349,0.0,-0.1170890430006831,-0.11637810443724819
3,-3.850000000000001,0.0011024732824151,0.0,-0.13250715976090469,-0.13140468647848957
4,-3.8000000000000007,0.0015190923398219,0.0,0.15391580060979565,0.15543489294961754
5,-3.750000000000001,0.0019615895316701,0.0,0.05977636410689771,0.06173795363856781
6,-3.700000000000001,0.0024307715916115,0.0,-0.05406058713842561,-0.05162981554681411
7,-3.650000000000001,0.0029274606546364,0.0,0.12273447663892324,0.12566193729355965
8,-3.6000000000000014,0.0034524972527753,0.0,-0.17845561989296604,-0.17500312264019074
9,-3.5500000000000016,0.0040067439358478,0.0,0.1810512711570428,0.1850580150928906
10,-3.5000000000000018,0.0045910896330776,0.0,0.05599614066247631,0.06058723029555391
11,-3.450000000000002,0.0052064549000937,0.0,0.005219279269522296,0.010425734169615997
12,-3.400000000000002,0.0058537982318749,0.0,0.050245121056066926,0.05609891928794183
13,-3.3500000000000023,0.006534123667169,0.0,-0.1372727518955696,-0.1307386282284006
14,-3.3000000000000025,0.0072484899659503,0.0,0.13260847338173806,0.13985696334768835
15,-3.2500000000000027,0.0079980217110243,0.0,0.04048269892801704,0.04848072063904134
16,-3.200000000000003,0.0087839227711172,0.0,0.33708018815667046,0.3458641109277877
17,-3.150000000000003,0.0096074926695344,0.0,0.07978906654398377,0.08939655921351816
18,-3.100000000000003,0.0104701465345964,0.0,-0.2809646586889187,-0.2704945121543223
19,-3.050000000000004,0.0113734394716247,0.0,0.31238038769585463,0.32375382716747936
20,-3.000000000000004,0.0123190963989163,0.0,0.2758593426876853,0.2881784390866016
21,-2.950000000000004,0.0133090486416517,0.0,-0.060485934639689466,-0.047176885998037765
22,-2.900000000000004,0.0143454788904591,0.0,0.0298856571190338,0.0442311360094929
23,-2.850000000000004,0.0154308765213791,0.0,0.12819743608342318,0.14362831260480227
24,-2.8000000000000043,0.0165681057619184,0.0,-0.14777683926951563,-0.13120873350759724
25,-2.7500000000000044,0.0177604898006251,0.0,-0.11193255085603598,-0.09417206105541089
26,-2.7000000000000046,0.0190119147103461,0.0,0.18775152442719703,0.20676343913754314
27,-2.650000000000005,0.0203269580343302,0.0,-0.042803695010244634,-0.022476736975914433
28,-2.600000000000005,0.0217110481308566,0.0,0.305761080646177,0.32747212877703363
29,-2.550000000000005,0.0231706619674028,0.0,-0.13270125794124768,-0.10953059597384487
30,-2.5000000000000053,0.0247135711080199,0.0,0.08514413566576502,0.10985770677378492
31,-2.450000000000005,0.0263491482925996,0.0,0.040584995539902795,0.0669341438325024
32,-2.4000000000000057,0.0280887504584742,0.0,0.011428161221449762,0.03951691167992396
33,-2.350000000000006,0.029946198563644,0.0,-0.013066036524460716,0.016880162039183286
34,-2.300000000000006,0.0319383804849879,0.0,0.1281623113605637,0.1601006918455516
35,-2.250000000000006,0.0340860110467804,0.0,0.10643615608831018,0.14052216713509058
36,-2.2000000000000064,0.0364145934934798,0.0,-0.06127982494394996,-0.024865231450470163
37,-2.1500000000000066,0.038955640242284,0.0,0.1819379772427312,0.22089361748501518
38,-2.1000000000000068,0.0417482285190722,0.0,-0.04773657467156805,-0.005988346152495848
39,-2.050000000000007,0.044840989657513,0.0,-0.023704266232501128,0.021136723425011873
40,-2.000000000000007,0.048294660644301,0.0,0.012838643967579295,0.061133304611880296
41,-1.9500000000000075,0.052185363849606,0.0,-0.0597889960834638,-0.0076036322338578
42,-1.9000000000000077,0.0566088255799026,0.0,0.009689452656401771,0.06629827823630437
43,-1.850000000000008,0.0616857929240057,0.0,-0.35331791363767595,-0.29163212071367023
44,-1.8000000000000078,0.0675689512566424,0.0,-0.010005820161292195,0.05756313109535021
45,-1.750000000000008,0.074451657050552,0.0,0.0751302709066046,0.14958192795715658
46,-1.7000000000000082,0.0825787283708533,0.0,-0.015042710407988807,0.06753601796286449
47,-1.6500000000000083,0.092259269021462,0.0,-0.1322537944338906,-0.039994525412428594
48,-1.6000000000000083,0.1038808339761566,0.0,-0.012797258900834654,0.09108357507532196
49,-1.5500000000000087,0.1179228111524518,0.0,0.25317270456913915,0.37109551572159094
50,-1.5000000000000089,0.1349641456127819,0.0,-0.054647420460663364,0.08031672515211852
51,-1.450000000000009,0.1556758378698729,0.0,-0.16522473115722983,-0.009548893287356919
52,-1.4000000000000092,0.1807818921668444,0.0,0.030515899048961306,0.21129779121580572
53,-1.3500000000000094,0.2109656163062089,0.0,-0.04285531962716025,0.16811029667904864
54,-1.3000000000000096,0.2466985818851335,0.0,-0.22400287776883915,0.022695704116294346
55,-1.2500000000000098,0.2879916023761817,0.0,-0.15878248822370944,0.12920911415247227
56,-1.20000000000001,0.3341251414832339,0.0,0.08046096593144943,0.4145861074146833
57,-1.15000000000001,0.3834970858930184,0.0,-0.1896999288833444,0.193797157009674
58,-1.1000000000000103,0.4337557063673032,0.0,-0.07081216733288187,0.36294353903442134
59,-1.0500000000000105,0.4822707670375558,0.0,-0.11708782872099924,0.36518293831655657
60,-1.0000000000000109,0.5267640078390321,0.0,-0.10150056843533428,0.4252634394036978
61,-0.9500000000000108,0.5657802382906206,0.0,-0.2555410482469432,0.31023919004367745
62,-0.900000000000011,0.5987948757019851,0.0,0.024384250918102625,0.6231791266200877
63,-0.8500000000000112,0.6260072746581148,0.0,0.029088030842903484,0.6550953055010182
64,-0.8000000000000114,0.6480196520358591,0.0,0.1779651571796511,0.8259848092155102
65,-0.7500000000000115,0.6655717885723096,0.0,0.22626171713235688,0.8918335057046665
66,-0.7000000000000117,0.679392359946427,0.0,-0.026559388623940392,0.6528329713224866
67,-0.6500000000000119,0.6901462914509019,0.0,0.09839373902368256,0.7885400304745844
68,-0.6000000000000121,0.6984330344673126,0.0,-0.41932952989528594,0.2791035045720267
69,-0.5500000000000123,0.7048010145370404,0.0,0.07898198510525442,0.7837829996422948
70,-0.5000000000000124,0.7097616259733569,0.0,-0.051722928485336564,0.6580386974880204
71,-0.4500000000000126,0.7137988035505529,0.0,0.09030256995501647,0.8041013735055694
72,-0.4000000000000128,0.7173756504945232,0.0,-0.10219969632262976,0.6151759541718935
73,-0.3500000000000129,0.7209404547464687,0.0,-0.15310678921317541,0.5678336655332933
74,-0.3000000000000131,0.72493329688501,0.0,-0.009022880999807397,0.7159104158852025
75,-0.2500000000000133,0.7297927577639811,0.0,0.0762883895910984,0.8060811473550795
76,-0.2000000000000135,0.735960399611805,0.0,-0.2907512317070532,0.44520916790475185
77,-0.1500000000000136,0.7438786459554514,0.0,-0.08809537084562367,0.6557832751098277
78,-0.1000000000000138,0.7539752920646767,0.0,-0.020843302344394375,0.7331319897202824
79,-0.050000000000014,0.7666254851035625,0.0,-0.18859137064823375,0.5780341144553288
80,-1.4210854715202004e-14,0.7820813185539686,0.0,-0.11267347364522384,0.6694078449087447
81,0.0499999999999856,0.8003644708524288,0.0,0.024648058555639597,0.8250125294080684
82,0.0999999999999854,0.8211357894824677,0.0,0.0950058976306484,0.916141687113116
83,0.1499999999999852,0.8435923559053907,0.0,-0.10641505000523344,0.7371773059001573
84,0.199999999999985,0.8664828653153159,0.0,-0.1585431654492138,0.7079396998661022
85,0.2499999999999849,0.8883233488991984,0.0,-0.03976555592141383,0.8485577929777846
86,0.2999999999999847,0.907781809049798,0.0,-0.18178006708489014,0.7260017419649079
87,0.3499999999999845,0.9240404000402948,0.0,-0.060913398072062884,0.8631270019682319
88,0.3999999999999843,0.9369234188606216,0.0,0.08073216809638277,1.0176555869570043
89,0.4499999999999842,0.946760623631482,0.0,-0.08798227406424462,0.8587783495672373
90,0.499999999999984,0.9541368324353832,0.0,0.013843335936325252,0.9679801683717084
91,0.5499999999999838,0.9596842719803492,0.0,0.047557146786878515,1.0072414187672278
92,0.5999999999999837,0.9639702721820133,0.0,0.05159638498605392,1.0155666571680673
93,0.6499999999999835,0.9674568961615856,0.0,0.13076349956919167,1.0982203957307772
94,0.6999999999999833,0.9704956137246756,0.0,-0.020413805227613005,0.9500818084970626
95,0.7499999999999831,0.9733346041190996,0.0,-0.001570210670098423,0.9717643934490011
96,0.799999999999983,0.9761300833765972,0.0,-0.1274307287112684,0.8486993546653289
97,0.8499999999999828,0.9789595120357096,0.0,0.20384988865962705,1.1828094006953367
98,0.8999999999999826,0.981836264017914,0.0,0.3144028730050186,1.2962391370229327
99,0.9499999999999824,0.9847253208806028,0.0,-0.11656231139502739,0.8681630094855755
100,0.9999999999999822,0.987559262662594,0.0,0.03519992563487734,1.0227591882974714
101,1.049999999999982,0.9902537032212494,0.0,0.06752654453772051,1.05778024775897
102,1.099999999999982,0.9927213853292456,0.0,0.03602129209709866,1.0287426774263442
103,1.1499999999999817,0.9948842963992314,0.0,-0.10874816780834046,0.8861361285908909
104,1.1999999999999815,0.9966832736914764,0.0,0.11157469488782638,1.1082579685793028
105,1.2499999999999811,0.9980845998149545,0.0,0.14656692695585433,1.1446515267708088
106,1.2999999999999812,0.9990831195795116,0.0,-0.07614398829980971,0.9229391312797018
107,1.349999999999981,0.9997015811542994,0.0,0.11900339930178915,1.1187049804560885
108,1.3999999999999808,0.9999863185114376,0.0,-0.04106312724133613,0.9589231912701015
109,1.4499999999999806,0.999999999999999,0.0,0.07162402160373284,1.0716240216037318
110,1.4999999999999805,0.9998127599933754,0.0,-0.20531880368075833,0.794493956312617
111,1.5499999999999805,0.9994933432119876,0.0,0.043167809663937844,1.0426611528759253
112,1.59999999999998,0.9991017664259156,0.0,-0.0584484462328117,0.940653320193104
113,1.64999999999998,0.9986844840041283,0.0,-0.08243814804055713,0.9162463359635712
114,1.6999999999999795,0.9982723453362462,0.0,-0.011006677973510542,0.9872656673627357
115,1.7499999999999796,0.9978810073711948,0.0,0.07504244451872921,1.072923451889924
116,1.7999999999999794,0.9975130839065764,0.0,-0.01684833603772995,0.9806647478688465
117,1.8499999999999792,0.997161211082377,0.0,-0.03701517257275269,0.9601460385096243
118,1.899999999999979,0.9968113186774546,0.0,-0.14647035461315533,0.8503409640642994
119,1.9499999999999789,0.996445612601588,0.0,0.16274984112289548,1.1591954537244835
120,1.999999999999979,0.9960450021867576,0.0,0.16036799894130965,1.1564130011280673
121,2.0499999999999785,0.9955908904977822,0.0,0.06815480994539905,1.0637457004431812
122,2.0999999999999783,0.9950663673154396,0.0,0.07068179340006532,1.065748160715505
123,2.149999999999978,0.9944569071923712,0.0,-0.08296187386135821,0.911495033331013
124,2.199999999999978,0.9937506943507478,0.0,-0.16572517657734903,0.8280255177733988
125,2.249999999999978,0.9929386890113074,0.0,-0.20973738967241723,0.7832012993388902
126,2.2999999999999776,0.9920145297121428,0.0,-0.14393959567395323,0.8480749340381896
127,2.349999999999977,0.9909743425404548,0.0,-0.23536284466253046,0.7556114978779244
128,2.3999999999999773,0.9898165062242869,0.0,0.1848697360578398,1.1746862422821267
129,2.449999999999977,0.9885414040845992,0.0,-0.0102812952444723,0.9782601088401269
130,2.499999999999977,0.9871511805011302,0.0,-0.06661009422120195,0.9205410862799281
131,2.5499999999999767,0.9856495104107836,0.0,0.04132211938586277,1.0269716297966465
132,2.599999999999977,0.9840413846452264,0.0,0.0311596663673849,1.0152010510126113
133,2.6499999999999764,0.9823329107555548,0.0,0.024891105180264026,1.0072240159358188
134,2.699999999999976,0.9805311275778396,0.0,0.05792351480663251,1.038454642384472
135,2.749999999999976,0.9786438315198382,0.0,0.025187627614914908,1.0038314591347532
136,2.799999999999976,0.9766794129063342,0.0,-0.14163695081194402,0.8350424620943901
137,2.849999999999976,0.9746467013585376,0.0,-0.19749112630741641,0.7771555750511212
138,2.8999999999999755,0.9725548198681416,0.0,-0.22848676194897818,0.7440680579191634
139,2.9499999999999758,0.970413047816932,0.0,0.09212898977492341,1.0625420375918555
140,2.999999999999975,0.9682306936149538,0.0,-0.04803253969712097,0.9201981539178329
141,3.049999999999975,0.9660169778602872,0.0,0.0897760329130901,1.0557930107733773
142,3.0999999999999748,0.963780927970608,0.0,0.1800718293219558,1.1438527572925639
143,3.1499999999999746,0.961531285130504,0.0,0.07449322768413821,1.0360245128146421
144,3.1999999999999744,0.9592764241784476,0.0,0.08005060612814215,1.0393270303065898
145,3.2499999999999742,0.957024286765636,0.0,0.11169223872932818,1.0687165254949642
146,3.299999999999974,0.9547823277950096,0.0,-0.056276354247917985,0.8985059735470916
147,3.349999999999974,0.9525574748263008,0.0,0.22175522449666668,1.1743126993229676
148,3.3999999999999737,0.950356099837782,0.0,-0.038969633989681056,0.911386465848101
149,3.449999999999973,0.94818400248555,0.0,0.04123243525720205,0.9894164377427521
150,3.4999999999999734,0.9460464038069748,0.0,-0.17107119682370464,0.7749752069832702
151,3.549999999999973,0.943947949180348,0.0,0.16526457861781585,1.1092125277981637
152,3.599999999999973,0.9418927192764684,0.0,-0.0655687797920446,0.8763239394844239
153,3.649999999999973,0.9398842477148844,0.0,-0.11179029154179639,0.828093956173088
154,3.6999999999999726,0.937925544160274,0.0,0.07911099095492605,1.0170365351152
155,3.749999999999973,0.936019121654293,0.0,-0.16946243866592312,0.7665566829883699
156,3.799999999999972,0.9341670270660106,0.0,0.1904780767895754,1.124645103855586
157,3.849999999999972,0.932370873651119,0.0,0.15831573743277616,1.0906866110838953
158,3.899999999999972,0.9306318748285436,0.0,0.11374692375915854,1.0443787985877022
159,3.949999999999972,0.92895087840616,0.0,0.13430850436083233,1.0632593827669923
160,-4.0,0.9999999999999988,1.0,-0.04209849957006985,0.9579015004299289
161,-3.95,0.9984457562242156,1.0,-0.2891756054606452,0.7092701507635704
162,-3.9,0.9967903152355266,1.0,0.018312668122873063,1.0151029833583998
163,-3.850000000000001,0.9950268351035284,1.0,-0.055753967380670906,0.9392728677228575
164,-3.8000000000000007,0.993147976596982,1.0,0.054388962168943705,1.0475369387659257
165,-3.750000000000001,0.991145862383076,1.0,0.12660497070122695,1.117750833084303
166,-3.700000000000001,0.9890120323952344,1.0,-0.20230222782726337,0.786709804567971
167,-3.650000000000001,0.9867373949826044,1.0,-0.08942445958024027,0.8973129354023641
168,-3.6000000000000014,0.9843121734186836,1.0,0.23478834740712617,1.2191005208258097
169,-3.5500000000000016,0.981725847309904,1.0,0.16729951104421795,1.149025358354122
170,-3.5000000000000018,0.9789670884085538,1.0,0.06355704153450269,1.0425241299430565
171,-3.450000000000002,0.9760236902999656,1.0,-0.07843306393975095,0.8975906263602147
172,-3.400000000000002,0.97288249140422,1.0,-0.02656973542558526,0.9463127559786347
173,-3.3500000000000023,0.9695292907116976,1.0,0.18408952958666908,1.1536188202983666
174,-3.3000000000000025,0.965948755665483,1.0,0.04254523328672059,1.0084939889522035
175,-3.2500000000000027,0.962124321620185,1.0,0.13768249666820323,1.0998068182883882
176,-3.200000000000003,0.95803808235784,1.0,-0.009436573078675696,0.9486015092791643
177,-3.150000000000003,0.953670671243508,1.0,0.08698417207194725,1.0406548433154552
178,-3.100000000000003,0.9490011327784016,1.0,0.2823367497880535,1.2313378825664552
179,-3.050000000000004,0.9440067845876554,1.0,0.07740671654439779,1.021413501132053
180,-3.000000000000004,0.938663070304824,1.0,-0.2533136749851145,0.6853493953197095
181,-2.950000000000004,0.9329434044418884,1.0,0.16830872244812373,1.1012521268900122
182,-2.900000000000004,0.9268190112362944,1.0,-0.20126573129056716,0.7255532799457273
183,-2.850000000000004,0.920258760743036,1.0,-0.34224185824122794,0.578016902501808
184,-2.8000000000000043,0.913229007216484,1.0,0.016904625828207804,0.9301336330446919
185,-2.7500000000000044,0.9056934372642608,1.0,-0.01000025651827736,0.8956931807459834
186,-2.7000000000000046,0.8976129385539772,1.0,0.011618424287134065,0.9092313628411113
187,-2.650000000000005,0.8889455042542065,1.0,0.0522588446920909,0.9412043489462973
188,-2.600000000000005,0.8796461941720802,1.0,-0.003253657149736278,0.876392537022344
189,-2.550000000000005,0.8696671810120828,1.0,0.0883601915991001,0.958027372611183
190,-2.5000000000000053,0.8589579196116212,1.0,0.02244676887880145,0.8814046884904226
191,-2.450000000000005,0.8474654886163728,1.0,0.1142546106814774,0.9617200992978502
192,-2.4000000000000057,0.8351351678520417,1.0,0.22217722529707626,1.057312393149118
193,-2.350000000000006,0.821911330251145,1.0,-0.1278742473712756,0.6940370828798694
194,-2.300000000000006,0.8077387435513751,1.0,-0.08564281131653484,0.7220959322348403
195,-2.250000000000006,0.7925643919669464,1.0,0.15586150997152204,0.9484259019384684
196,-2.2000000000000064,0.776339937931852,1.0,0.19588355221108047,0.9722234901429324
197,-2.1500000000000066,0.7590249429777419,1.0,-0.3062915577790352,0.4527333851987067
198,-2.1000000000000068,0.7405909464647741,1.0,0.02149284227373799,0.7620837887385121
199,-2.050000000000007,0.7210264504685295,1.0,-0.004813698360905759,0.7162127521076238
200,-2.000000000000007,0.7003427668140688,1.0,-0.03848410931412553,0.6618586574999433
201,-1.9500000000000075,0.6785805385621687,1.0,-0.0560128140644987,0.6225677244976701
202,-1.9000000000000077,0.6558165524517506,1.0,0.2567505189922684,0.912567071444019
203,-1.850000000000008,0.6321702283682403,1.0,0.0206002673128948,0.6527704956811351
204,-1.8000000000000078,0.6078089529538273,1.0,0.0653071902957993,0.6731161432496267
205,-1.750000000000008,0.5829512962390503,1.0,0.2347918458464847,0.817743142085535
206,-1.7000000000000082,0.557867209459536,1.0,-0.003784980356393881,0.5540822291031422
207,-1.6500000000000083,0.532874605257818,1.0,-0.06449519564077193,0.4683794096170461
208,-1.6000000000000083,0.5083321561249448,1.0,-0.16404815078499144,0.3442840053399533
209,-1.5500000000000087,0.484628219508298,1.0,-0.08558120291914187,0.3990470165891561
210,-1.5000000000000089,0.462164375953112,1.0,-0.12278900706131052,0.3393753688918015
211,-1.450000000000009,0.4413273043209272,1.0,0.12064800411179856,0.5619753084327258
212,-1.4000000000000092,0.4224329226782359,1.0,0.0357454909782178,0.45817841365645373
213,-1.3500000000000094,0.4056141969267766,1.0,0.2754899599007077,0.6811041568274843
214,-1.3000000000000096,0.3906258076903037,1.0,0.13479050608117418,0.5254163137714779
215,-1.2500000000000098,0.3766048914940763,1.0,-0.17390963386604674,0.20269525762802953
216,-1.20000000000001,0.3620287010479248,1.0,-0.025354926891675227,0.33667377415624955
217,-1.15000000000001,0.3453550894609396,1.0,0.11457493310536539,0.459930022566305
218,-1.1000000000000103,0.326469084822539,1.0,0.047779907545481747,0.3742489923680207
219,-1.0500000000000105,0.3074895397024249,1.0,0.1225720171876989,0.43006155689012376
220,-1.0000000000000109,0.2909523081792968,1.0,-0.03934914269605919,0.2516031654832376
221,-0.9500000000000108,0.2767979406049125,1.0,0.08475864486896623,0.3615565854738787
222,-0.900000000000011,0.2618936757450946,1.0,-0.08385641053039124,0.17803726521470337
223,-0.8500000000000112,0.2425082942194433,1.0,0.12031819974558777,0.3628264939650311
224,-0.8000000000000114,0.2172785327972896,1.0,-0.09854776103251475,0.11873077176477484
225,-0.7500000000000115,0.1885490853208555,1.0,-0.35632050754657346,-0.16777142222571798
226,-0.7000000000000117,0.1612067604439566,1.0,-0.2537400689332189,-0.09253330848926228
227,-0.6500000000000119,0.1400252901390825,1.0,-0.1220927416071751,0.017932548531907386
228,-0.6000000000000121,0.1277864468137161,1.0,0.12476608086563933,0.25255252767935543
229,-0.5500000000000123,0.1251778093734296,1.0,0.04395516282196639,0.16913297219539597
230,-0.5000000000000124,0.1316346009980746,1.0,-0.21613229698754172,-0.0844976959894671
231,-0.4500000000000126,0.1461027078441501,1.0,0.13282097043091465,0.27892367827506476
232,-0.4000000000000128,0.1673935339332871,1.0,-0.1371788996353879,0.030214634297899196
233,-0.3500000000000129,0.1942314000489214,1.0,-0.02343517486105739,0.170796225187864
234,-0.3000000000000131,0.2251679446160184,1.0,-0.027798329558340898,0.19736961505767753
235,-0.2500000000000133,0.2584961615602975,1.0,-0.007465267256549884,0.2510308943037476
236,-0.2000000000000135,0.2922474867259882,1.0,-0.002314314122050077,0.28993317260393814
237,-0.1500000000000136,0.3243032137921124,1.0,-0.13044663072740278,0.19385658306470963
238,-0.1000000000000138,0.3525918224017969,1.0,-0.08094860094729046,0.2716432214545064
239,-0.050000000000014,0.3752981056489289,1.0,-0.04181338864950633,0.33348471699942256
240,-1.4210854715202004e-14,0.3910086017730007,1.0,-0.05940219071373114,0.3316064110592695
241,0.0499999999999856,0.3987637569087104,1.0,0.10018001632789823,0.49894377323660866
242,0.0999999999999854,0.3980470915986474,1.0,-0.14118861120328374,0.25685848039536363
243,0.1499999999999852,0.3887737367697696,1.0,-0.06623497580217766,0.32253876096759193
244,0.199999999999985,0.3713256697063671,1.0,-0.07978862984477196,0.2915370398615951
245,0.2499999999999849,0.346628699110907,1.0,-0.11634223521709289,0.2302864638938141
246,0.2999999999999847,0.3162071869217785,1.0,-0.033220753873949314,0.2829864330478292
247,0.3499999999999845,0.2821256690665542,1.0,-0.1556820963859084,0.12644357268064577
248,0.3999999999999843,0.2467608701190502,1.0,0.1480074414337166,0.3947683115527668
249,0.4499999999999842,0.2124361022810639,1.0,0.22999591412370798,0.4424320164047719
250,0.499999999999984,0.1810389248872047,1.0,-0.036160487673878805,0.14487843721332588
251,0.5499999999999838,0.1537644651417149,1.0,0.010435295184894463,0.16419976032660938
252,0.5999999999999837,0.1310613557010234,1.0,-0.021658979997894085,0.10940237570312931
253,0.6499999999999835,0.1127568127179812,1.0,-0.19162086906583572,-0.07886405634785452
254,0.6999999999999833,0.098273766193882,1.0,0.0725718820770258,0.1708456482709078
255,0.7499999999999831,0.0868518307774078,1.0,0.10570351041510008,0.1925553411925079
256,0.799999999999983,0.0777195289974875,1.0,-0.2056730843431256,-0.12795355534563807
257,0.8499999999999828,0.07020212806824,1.0,0.0003614267008929014,0.0705635547691329
258,0.8999999999999826,0.0637716960082377,1.0,0.30883359855262804,0.3726052945608658
259,0.9499999999999824,0.0580546978303393,1.0,-0.0029758059671818643,0.05507889186315743
260,0.9999999999999822,0.0528134956282383,1.0,0.08016909572743548,0.13298259135567378
261,1.049999999999982,0.0479156560921548,1.0,0.16554015988216322,0.213455815974318
262,1.099999999999982,0.043301159345987,1.0,-0.060287260351143374,-0.016986101005156372
263,1.1499999999999817,0.0389536353426494,1.0,-0.09854475475972418,-0.05959111941707478
264,1.1999999999999815,0.0348783778028798,1.0,0.10162703538564227,0.13650541318852208
265,1.2499999999999811,0.0310874918960054,1.0,0.12983912314167717,0.16092661503768257
266,1.2999999999999812,0.0275911663221543,1.0,-0.12369136038681312,-0.09610019406465882
267,1.349999999999981,0.0243935225450966,1.0,0.019986094437216897,0.0443796169823135
268,1.3999999999999808,0.0214914907175653,1.0,-0.12834537378084954,-0.10685388306328424
269,1.4499999999999806,0.0188754292214673,1.0,-0.11670503721027022,-0.09782960798880291
270,1.4999999999999805,0.0165305577039797,1.0,-0.0168259422972403,-0.0002953845932605996
271,1.5499999999999805,0.0144386054033165,1.0,0.12283312328270388,0.1372717286860204
272,1.59999999999998,0.0125793393821406,1.0,-0.061479144014800105,-0.048899804632659506
273,1.64999999999998,0.0109318204347148,1.0,-0.03724969614656883,-0.02631787571185403
274,1.6999999999999795,0.0094753476088516,1.0,-0.05243084929854147,-0.04295550168968987
275,1.7499999999999796,0.008190113102595,1.0,-0.12686789318793526,-0.11867778008534026
276,1.7999999999999794,0.0070576155950275,1.0,-0.03702152955550817,-0.029963913960480672
277,1.8499999999999792,0.0060608862034107,1.0,-0.09280310469551051,-0.0867422184920998
278,1.899999999999979,0.0051845771718502,1.0,0.02363259846996013,0.02881717564181033
279,1.9499999999999789,0.0044149551946344,1.0,-0.21530352272627037,-0.21088856753163598
280,1.999999999999979,0.003739832289879,1.0,0.0879509710629802,0.09169080335285919
281,2.0499999999999785,0.0031484589383244,1.0,-0.2585404129838794,-0.25539195404555504
282,2.0999999999999783,0.0026313973647375,1.0,0.3350823161276323,0.3377137134923698
283,2.149999999999978,0.0021803874379063,1.0,0.15976543432975449,0.16194582176766079
284,2.199999999999978,0.0017882135520588,1.0,0.056785820989561864,0.05857403454162066
285,2.249999999999978,0.0014485778081662,1.0,0.06029601133979665,0.06174458914796285
286,2.2999999999999776,0.0011559826163532,1.0,0.0802863092144636,0.0814422918308168
287,2.349999999999977,0.0009056242949376,1.0,-0.01739309042886148,-0.01648746613392388
288,2.3999999999999773,0.0006932981857567,1.0,0.009821767445634977,0.010515065631391677
289,2.449999999999977,0.0005153151108597,1.0,-0.11320609072052037,-0.11269077560966068
290,2.499999999999977,0.0003684285625734,1.0,-0.1913527981926238,-0.1909843696300504
291,2.5499999999999767,0.0002497717715019,1.0,0.0460869408232013,0.0463367125947032
292,2.599999999999977,0.000156803678336,1.0,-0.05092464200348767,-0.050767838325151665
293,2.6499999999999764,8.72628034565239e-05,1.0,0.11107390782273385,0.11116117062619038
294,2.699999999999976,3.912803275211038e-05,1.0,-0.06471405252336317,-0.06467492449061106
295,2.749999999999976,1.0585396970215217e-05,1.0,-0.1555981515142624,-0.1555875661172922
296,2.799999999999976,0.0,1.0,0.11437157384502863,0.11437157384502863
297,2.849999999999976,5.892338190134883e-06,1.0,0.04684688533401849,0.04685277767220863
298,2.8999999999999755,2.691834111095017e-05,1.0,0.058188552066720994,0.05821547040783195
299,2.9499999999999758,6.185254959023648e-05,1.0,-0.14633313488569705,-0.1462712823361068
300,2.999999999999975,0.0001095739266384,1.0,0.19338403177439967,0.19349360570103807
301,3.049999999999975,0.0001690538696019,1.0,-0.09296071322688046,-0.09279165935727855
302,3.0999999999999748,0.0002393460569006,1.0,-0.06889955340693847,-0.06866020735003787
303,3.1499999999999746,0.0003195778199808,1.0,0.1615043227448497,0.16182390056483048
304,3.1999999999999744,0.0004089427809674,1.0,0.1937529575164667,0.1941619002974341
305,3.2499999999999742,0.0005066945394267,1.0,-0.03086980363738112,-0.03036310909795442
306,3.299999999999974,0.0006121412283275,1.0,-0.0008997711000885004,-0.0002876298717610004
307,3.349999999999974,0.0007246407903543,1.0,0.1347348039674431,0.13545944475779742
308,3.3999999999999737,0.0008435968518876,1.0,0.0030595344913854987,0.003903131343273099
309,3.449999999999973,0.0009684550938526,1.0,0.18832070073592982,0.18928915582978242
310,3.4999999999999734,0.0010987000368497,1.0,-0.05797079350549948,-0.056872093468649784
311,3.549999999999973,0.0012338521730652,1.0,0.010685276283057276,0.011919128456122476
312,3.599999999999973,0.0013734653898832,1.0,-0.035348568880483294,-0.033975103490600095
313,3.649999999999973,0.0015171246403251,1.0,-0.03787096240265434,-0.03635383776232924
314,3.6999999999999726,0.0016644438237755,1.0,-0.02692474034499988,-0.025260296521224378
315,3.749999999999973,0.0018150638472375,1.0,-0.1436702580796178,-0.1418551942323803
316,3.799999999999972,0.0019686508428712,1.0,-0.037244057883786104,-0.035275407040914905
317,3.849999999999972,0.0021248945220118,1.0,-0.15803769426342298,-0.15591279974141117
318,3.899999999999972,0.0022835066494619,1.0,-0.024010104578149432,-0.021726597928687533
319,3.949999999999972,0.0024442196247218,1.0,-0.1412322896819918,-0.13878807005727
320,-4.0,0.9999999999999984,2.0,-0.24407253782221142,0.7559274621777871
321,-3.95,0.996343874138974,2.0,0.032248320114606,1.02859219425358
322,-3.9,0.9925766075073148,2.0,0.09235791204772789,1.0849345195550426
323,-3.850000000000001,0.98869321475793,2.0,0.0241040711929254,1.0127972859508554
324,-3.8000000000000007,0.9846884183438858,2.0,-0.1409211864646697,0.8437672318792161
325,-3.750000000000001,0.980556633027572,2.0,-0.0013373031427475575,0.9792193298848244
326,-3.700000000000001,0.9762919509374964,2.0,0.005890741012810183,0.9821826919503066
327,-3.650000000000001,0.9718881276198568,2.0,-0.23564529972024717,0.7362428278996096
328,-3.6000000000000014,0.96733856963377,2.0,0.09427376146220685,1.0616123310959769
329,-3.5500000000000016,0.9626363243553616,2.0,-0.037879610891553825,0.9247567134638078
330,-3.5000000000000018,0.9577740727871824,2.0,0.2380910612790333,1.1958651340662156
331,-3.450000000000002,0.9527441263159658,2.0,0.07538966488315774,1.0281337911991235
332,-3.400000000000002,0.9475384285227276,2.0,0.11852322734035307,1.0660616558630807
333,-3.3500000000000023,0.9421485633229948,2.0,0.27829745745640566,1.2204460207794003
334,-3.3000000000000025,0.9365657708982276,2.0,0.09164036186326673,1.0282061327614942
335,-3.2500000000000027,0.9307809730671188,2.0,0.04476491546624038,0.9755458885333592
336,-3.200000000000003,0.924784809929482,2.0,-0.061303253062131836,0.8634815568673502
337,-3.150000000000003,0.9185676897849052,2.0,-0.02793765301302118,0.890630036771884
338,-3.100000000000003,0.9121198544681756,2.0,0.07571553705036944,0.987835391518545
339,-3.050000000000004,0.9054314623340884,2.0,0.16728534077348825,1.0727168031075767
340,-3.000000000000004,0.8984926911407309,2.0,0.0670695295066631,0.965562220647394
341,-2.950000000000004,0.8912938629927019,2.0,-0.06726205079853907,0.8240318121941628
342,-2.900000000000004,0.8838255932787894,2.0,0.0982386163579385,0.9820642096367279
343,-2.850000000000004,0.8760789651334897,2.0,-0.07933914978569348,0.7967398153477963
344,-2.8000000000000043,0.8680457303285058,2.0,-0.19036327623492177,0.6776824540935841
345,-2.7500000000000044,0.8597185366218292,2.0,0.14039219221451427,1.0001107288363436
346,-2.7000000000000046,0.8510911804308126,2.0,-0.17945992292819402,0.6716312575026185
347,-2.650000000000005,0.8421588822422638,2.0,-0.12404891650786441,0.7181099657343993
348,-2.600000000000005,0.8329185804473254,2.0,-0.06517875945531025,0.7677398209920151
349,-2.550000000000005,0.8233692373540535,2.0,-0.18828944164592662,0.6350797957081269
350,-2.5000000000000053,0.813512149104841,2.0,0.06427599822595016,0.8777881473307912
351,-2.450000000000005,0.8033512492945868,2.0,-0.06129385448747902,0.7420573948071078
352,-2.4000000000000057,0.7928933945079059,2.0,-0.005848417533287363,0.7870449769746185
353,-2.350000000000006,0.7821486190968654,2.0,0.2939902943553725,1.0761389134522379
354,-2.300000000000006,0.77113034668037,2.0,-0.10063995781901124,0.6704903888613587
355,-2.250000000000006,0.7598555474456176,2.0,0.07756194278368801,0.8374174902293056
356,-2.2000000000000064,0.7483448336982668,2.0,-0.16871309202703352,0.5796317416712332
357,-2.1500000000000066,0.7366224914284457,2.0,0.03337438384884108,0.7699968752772868
358,-2.1000000000000068,0.7247164528848733,2.0,0.014397232456194786,0.739113685341068
359,-2.050000000000007,0.7126582238989011,2.0,0.11489705484703705,0.8275552787459381
360,-2.000000000000007,0.7004827891945731,2.0,0.2211088257589287,0.9215916149535017
361,-1.9500000000000075,0.6882285279613045,2.0,-0.08525951376789336,0.6029690141934112
362,-1.9000000000000077,0.675937178985902,2.0,-0.12718453402973703,0.5487526449561649
363,-1.850000000000008,0.6636538978356257,2.0,0.05042417467454275,0.7140780725101684
364,-1.8000000000000078,0.651427446109886,2.0,-0.0401211178472424,0.6113063282626436
365,-1.750000000000008,0.6393105429883946,2.0,-0.14614303389073818,0.49316750909765644
366,-1.7000000000000082,0.6273603909734876,2.0,-0.17859666726922363,0.448763723704264
367,-1.6500000000000083,0.6156393602088417,2.0,-0.03716082376487323,0.5784785364439684
368,-1.6000000000000083,0.6042157790394473,2.0,0.036963786900223235,0.6411795659396706
369,-1.5500000000000087,0.5931647331065051,2.0,0.04569696139921073,0.6388616945057158
370,-1.5000000000000089,0.5825687222344222,2.0,0.04672016495298033,0.6292888871874026
371,-1.450000000000009,0.5725179650418301,2.0,-0.24173956746627498,0.33077839757555505
372,-1.4000000000000092,0.5631100775969428,2.0,-0.00316529571491944,0.5599447818820233
373,-1.3500000000000094,0.5544487879948727,2.0,0.017971986245987226,0.57242077424086
374,-1.3000000000000096,0.5466412901183773,2.0,0.05284050249906745,0.5994817926174447
375,-1.2500000000000098,0.5397937998168794,2.0,-0.2316078960705376,0.30818590374634175
376,-1.20000000000001,0.5340048780531628,2.0,0.09004666414388911,0.6240515421970518
377,-1.15000000000001,0.5293561647021403,2.0,0.19133118615870773,0.720687350860848
378,-1.1000000000000103,0.525900374604936,2.0,0.20500345320132185,0.7309038278062578
379,-1.0500000000000105,0.5236468022553175,2.0,0.21068678814069364,0.7343335903960111
380,-1.0000000000000109,0.522545206016546,2.0,0.08427643701266849,0.6068216430292145
381,-0.9500000000000108,0.5224697829683322,2.0,0.06559567126108182,0.588065454229414
382,-0.900000000000011,0.5232058751915398,2.0,-0.12074024161952471,0.40246563357201515
383,-0.8500000000000112,0.5244427882558589,2.0,0.01402899245210936,0.5384717807079682
384,-0.8000000000000114,0.5257762445564973,2.0,0.28472093743573806,0.8104971819922353
385,-0.7500000000000115,0.5267231385633708,2.0,0.10448849086770855,0.6312116294310793
386,-0.7000000000000117,0.5267492592431265,2.0,0.05977587161975456,0.5865251308628812
387,-0.6500000000000119,0.5253078231630215,2.0,-0.1618362074977379,0.36347161566528363
388,-0.6000000000000121,0.5218838325268015,2.0,0.03312777173579737,0.5550116042625989
389,-0.5500000000000123,0.516037420162513,2.0,0.06622075322140714,0.58225817338392
390,-0.5000000000000124,0.5074391236166937,2.0,0.1898238372565923,0.6972629608732861
391,-0.4500000000000126,0.4958914296711982,2.0,-0.21855961217251083,0.2773318174986874
392,-0.4000000000000128,0.4813333619185597,2.0,-0.21580947243058576,0.2655238894879739
393,-0.3500000000000129,0.4638276415703259,2.0,0.28439579902591067,0.7482234405962366
394,-0.3000000000000131,0.4435326454516928,2.0,-0.0067495650664646965,0.4367830803852281
395,-0.2500000000000133,0.4206640024965865,2.0,-0.10304088931306536,0.3176231131835211
396,-0.2000000000000135,0.3954532265443153,2.0,0.04022118308509332,0.4356744096294086
397,-0.1500000000000136,0.3681128684588551,2.0,0.08792231229142636,0.4560351807502815
398,-0.1000000000000138,0.3388183183882114,2.0,0.034168932581699715,0.37298725096991114
399,-0.050000000000014,0.3077145179830126,2.0,-0.25757659199598887,0.05013792598702371
400,-1.4210854715202004e-14,0.2749510915121615,2.0,-0.005855876285394222,0.26909521522676727
401,0.0499999999999856,0.2407427366931221,2.0,-0.013617091299522082,0.22712564539360003
402,0.0999999999999854,0.2054450078401769,2.0,0.32196499325439726,0.5274100010945741
403,0.1499999999999852,0.1696300676458812,2.0,-0.17369632460736234,-0.004066256961481135
404,0.199999999999985,0.1341418195488745,2.0,0.032861843270009496,0.16700366281888399
405,0.2499999999999849,0.1001046667164514,2.0,-0.04501638320786481,0.055088283508586584
406,0.2999999999999847,0.0688619025694769,2.0,-0.0999286554475756,-0.031066752878098708
407,0.3499999999999845,0.0418457784252999,2.0,-0.10745768905544079,-0.06561191063014088
408,0.3999999999999843,0.020442668715816,2.0,0.25635939092441806,0.2768020596402341
409,0.4499999999999842,0.00598501074103,2.0,-0.08198359281244674,-0.07599858207141674
410,0.499999999999984,0.0,2.0,0.02290217762979124,0.02290217762979124
411,0.5499999999999838,0.0046654792234039,2.0,0.07001163311128748,0.07467711233469138
412,0.5999999999999837,0.0228877875585424,2.0,-0.03315916130608472,-0.01027137374754232
413,0.6499999999999835,0.0565857852420041,2.0,0.13748440342352702,0.1940701886655311
414,0.6999999999999833,0.1027974609121618,2.0,-0.08018503836391291,0.022612422548248884
415,0.7499999999999831,0.1524414857115673,2.0,-0.14090008465017795,0.011541401061389345
416,0.799999999999983,0.1959589559389134,2.0,0.06662544599723166,0.2625844019361451
417,0.8499999999999828,0.2289755379704094,2.0,-0.29039683564724894,-0.06142129767683954
418,0.8999999999999826,0.2519948764481752,2.0,-0.03762583913308001,0.21436903731509518
419,0.9499999999999824,0.267501188450005,2.0,0.15582822911712102,0.423329417567126
420,0.9999999999999822,0.2780526170901264,2.0,0.10484033289094379,0.3828929499810702
421,1.049999999999982,0.2856518218178532,2.0,0.11641484587385854,0.40206666769171173
422,1.099999999999982,0.2917102553015021,2.0,0.1313787960808616,0.42308905138236363
423,1.1499999999999817,0.2971738005768821,2.0,0.026889589622871003,0.3240633901997531
424,1.1999999999999815,0.3026542964498133,2.0,-0.03437340291888033,0.268280893530933
425,1.2499999999999811,0.3085315690430293,2.0,-0.08278460831884409,0.2257469607241852
426,1.2999999999999812,0.3150264485241373,2.0,-0.04064927717179508,0.27437717135234224
427,1.349999999999981,0.3222518877702299,2.0,0.07219334842010568,0.39444523619033556
428,1.3999999999999808,0.3302484921826898,2.0,0.2386175784353895,0.5688660706180793
429,1.4499999999999806,0.3390090157999955,2.0,-0.00897038158676039,0.3300386342132351
430,1.4999999999999805,0.3484950458692766,2.0,0.06187559995166215,0.41037064582093874
431,1.5499999999999805,0.3586482096310791,2.0,-0.06566193140462623,0.29298627822645285
432,1.59999999999998,0.369397619271021,2.0,-0.1468449434652834,0.2225526758057376
433,1.64999999999998,0.3806648071721478,2.0,0.15375528622764606,0.5344200933997938
434,1.6999999999999795,0.3923670417362813,2.0,-0.15485253485889,0.23751450687739128
435,1.7499999999999796,0.4044196335107959,2.0,-0.03087538561766785,0.37354424789312807
436,1.7999999999999794,0.4167376305867171,2.0,-0.21767330491966377,0.19906432566705332
437,1.8499999999999792,0.429237150224907,2.0,0.04054113678457353,0.46977828700948054
438,1.899999999999979,0.4418364888170301,2.0,-0.2390048365813834,0.20283165223564667
439,1.9499999999999789,0.4544570834391002,2.0,0.16055777665246795,0.6150148600915681
440,1.999999999999979,0.4670243557029903,2.0,-0.22066617871316485,0.24635817698982543
441,2.0499999999999785,0.479468444529145,2.0,-0.11355175561241022,0.3659166889167348
442,2.0999999999999783,0.4917248228631746,2.0,-0.08941948902666766,0.4023053338365069
443,2.149999999999978,0.5037347898171884,2.0,0.1674785062678365,0.671213296085025
444,2.199999999999978,0.5154458310473692,2.0,-0.018491700718587398,0.4969541303287818
445,2.249999999999978,0.5268118441324006,2.0,-0.1461466323961258,0.38066521173627477
446,2.2999999999999776,0.5377932307380573,2.0,-0.15802518296635648,0.3797680477717008
447,2.349999999999977,0.5483568624011258,2.0,-0.02968957004548087,0.5186672923556449
448,2.3999999999999773,0.5584759311822728,2.0,0.0850615007809276,0.6435374319632003
449,2.449999999999977,0.5681296998500618,2.0,0.06237752645713341,0.6305072263071952
450,2.499999999999977,0.5773031685080973,2.0,-0.10150359449762521,0.47579957401047207
451,2.5499999999999767,0.58598667566221,2.0,0.07366212329158923,0.6596487989537992
452,2.599999999999977,0.5941754517519929,2.0,-0.08724155807562084,0.5069338936763721
453,2.6499999999999764,0.6018691423175335,2.0,0.10747697592877199,0.7093461182463056
454,2.699999999999976,0.6090713164492995,2.0,-0.2540796892588702,0.35499162719042926
455,2.749999999999976,0.6157889741954051,2.0,-0.19045046826915313,0.425338505926252
456,2.799999999999976,0.6220320643804184,2.0,0.056344409303863856,0.6783764736842822
457,2.849999999999976,0.6278130219995111,2.0,-0.16672857767732993,0.4610844443221811
458,2.8999999999999755,0.6331463321314457,2.0,-0.27598476487025453,0.35716156726119114
459,2.9499999999999758,0.6380481252653504,2.0,0.12239324553585088,0.7604413708012012
460,2.999999999999975,0.6425358071251832,2.0,0.2655079687752803,0.9080437759004636
461,3.049999999999975,0.6466277245362384,2.0,0.11117570187241653,0.757803426408655
462,3.0999999999999748,0.6503428676185625,2.0,-0.014901797886687275,0.6354410697318752
463,3.1499999999999746,0.6537006076025865,2.0,-0.24967274998447112,0.40402785761811544
464,3.1999999999999744,0.6567204688195437,2.0,0.09101623530233244,0.7477367041218761
465,3.2499999999999742,0.6594219328930843,2.0,0.2178223713866298,0.877244304279714
466,3.299999999999974,0.6618242728152691,2.0,-0.01672194187890173,0.6451023309363674
467,3.349999999999974,0.6639464143962738,2.0,-0.16952452941845106,0.4944218849778227
468,3.3999999999999737,0.6658068225010776,2.0,0.08809716828766277,0.7539039907887404
469,3.449999999999973,0.6674234095000439,2.0,0.10706432311588518,0.7744877326159291
470,3.4999999999999734,0.668813463439328,2.0,0.034717904439463966,0.703531367878792
471,3.549999999999973,0.6699935935614861,2.0,0.02382964914497315,0.6938232427064592
472,3.599999999999973,0.6709796909602954,2.0,0.06901689961834254,0.739996590578638
473,3.649999999999973,0.6717869023240488,2.0,0.26837147989682736,0.9401583822208761
474,3.6999999999999726,0.6724296148989418,2.0,-0.03549857981538623,0.6369310350835555
475,3.749999999999973,0.6729214509816139,2.0,0.007648612752085371,0.6805700637336993
476,3.799999999999972,0.673275270422597,2.0,0.0315076284623363,0.7047828988849334
477,3.849999999999972,0.6735031797870263,2.0,0.03233589531177416,0.7058390750988005
478,3.899999999999972,0.6736165469734765,2.0,0.17362804164982648,0.847244588623303
479,3.949999999999972,0.6736260202351019,2.0,-0.2904358439813433,0.38319017625375856
480,-4.0,0.9999999999999992,3.0,0.05300473335480023,1.0530047333547994
481,-3.95,0.996471905982314,3.0,-0.025064193544643915,0.9714077124376701
482,-3.9,0.9927022411901056,3.0,-0.025708581983690873,0.9669936592064148
483,-3.850000000000001,0.9886739756915234,3.0,-0.1189728536305105,0.8697011220610129
484,-3.8000000000000007,0.9843687131545432,3.0,0.18804176360789282,1.172410476762436
485,-3.750000000000001,0.9797665726987338,3.0,-0.1342900637039445,0.8454765089947893
486,-3.700000000000001,0.9748460624157108,3.0,-0.25809466938158454,0.7167513930341263
487,-3.650000000000001,0.9695839447331128,3.0,-0.06559951182329903,0.9039844329098138
488,-3.6000000000000014,0.9639550940794348,3.0,-0.0371005465797352,0.9268545474996996
489,-3.5500000000000016,0.9579323476850404,3.0,0.06073697441108785,1.0186693220961283
490,-3.5000000000000018,0.9514863508550784,3.0,-0.017560852986755124,0.9339254978683232
491,-3.450000000000002,0.9445853987064472,3.0,0.24893548330526638,1.1935208820117136
492,-3.400000000000002,0.9371952772153128,3.0,0.187284922783275,1.1244801999985878
493,-3.3500000000000023,0.9292791075257536,3.0,-0.15459465509828563,0.774684452427468
494,-3.3000000000000025,0.9207971988868632,3.0,0.11582173506056834,1.0366189339474314
495,-3.2500000000000027,0.9117069173903763,3.0,-0.051526384309939985,0.8601805330804364
496,-3.200000000000003,0.9019625799615836,3.0,-0.11609195221196505,0.7858706277496186
497,-3.150000000000003,0.8915153859123887,3.0,-0.1193717371512532,0.7721436487611355
498,-3.100000000000003,0.8803134019038213,3.0,-0.26276387833673753,0.6175495235670838
499,-3.050000000000004,0.868301620492475,3.0,-0.15582987977283236,0.7124717407196426
500,-3.000000000000004,0.8554221176423227,3.0,-0.1319608541598874,0.7234612634824353
501,-2.950000000000004,0.8416143407210687,3.0,-0.09933197304111227,0.7422823676799564
502,-2.900000000000004,0.8268155655411445,3.0,-0.16914230353680282,0.6576732620043417
503,-2.850000000000004,0.8109615687860553,3.0,0.051345977716407976,0.8623075465024632
504,-2.8000000000000043,0.7939875703020743,3.0,-0.1718027590571169,0.6221848112449575
505,-2.7500000000000044,0.7758295075250948,3.0,0.114556900126551,0.8903864076516458
506,-2.7000000000000046,0.7564257105786869,3.0,-0.036417795281661544,0.7200079152970253
507,-2.650000000000005,0.7357190495218214,3.0,0.2330333419958747,0.9687523915176961
508,-2.600000000000005,0.713659622256305,3.0,-0.0966707585346763,0.6169888637216286
509,-2.550000000000005,0.6902080392377234,3.0,-0.219016544744172,0.47119149449355147
510,-2.5000000000000053,0.665339334996415,3.0,-0.13066205018873747,0.5346772848076775
511,-2.450000000000005,0.6390474915773767,3.0,-0.1118732879455469,0.5271742036318299
512,-2.4000000000000057,0.6113504904388204,3.0,-0.0574841392839635,0.5538663511548569
513,-2.350000000000006,0.5822957135865005,3.0,0.24126562470482868,0.8235613382913292
514,-2.300000000000006,0.5519653917015764,3.0,-0.01826780263094525,0.5336975890706311
515,-2.250000000000006,0.5204816529288818,3.0,-0.08483847280962928,0.4356431801192525
516,-2.2000000000000064,0.4880105763686861,3.0,-0.06210495831993803,0.4259056180487481
517,-2.1500000000000066,0.4547645264802695,3.0,-0.021948091630262664,0.4328164348500068
518,-2.1000000000000068,0.4210019777586311,3.0,0.06476820900910404,0.4857701867677351
519,-2.050000000000007,0.387024079920479,3.0,-0.06195921143152947,0.3250648684889495
520,-2.000000000000007,0.3531674061958887,3.0,0.0011333624157600349,0.3543007686116487
521,-1.9500000000000075,0.3197926953596112,3.0,0.12030304556337092,0.4400957409229821
522,-1.9000000000000077,0.287269927231735,3.0,-0.08046319329812013,0.20680673393361487
523,-1.850000000000008,0.2559606937331911,3.0,-0.06095913873086734,0.19500155500232375
524,-1.8000000000000078,0.2261994225809631,3.0,0.08464232321140852,0.3108417457923716
525,-1.750000000000008,0.1982754274862034,3.0,-0.09938819057509186,0.09888723691111152
526,-1.7000000000000082,0.1724178598664636,3.0,0.06260738187201882,0.23502524173848244
527,-1.6500000000000083,0.1487853502048566,3.0,0.10699774837011382,0.2557830985749704
528,-1.6000000000000083,0.1274614820712917,3.0,-0.15268589493045479,-0.025224412859163076
529,-1.5500000000000087,0.1084563727471015,3.0,-0.07208168168837754,0.03637469105872396
530,-1.5000000000000089,0.0917137416241935,3.0,-0.08954203938542836,0.002171702238765144
531,-1.450000000000009,0.0771221322548182,3.0,-0.17826228933026433,-0.10114015707544613
532,-1.4000000000000092,0.0645285546020989,3.0,-0.009458772293862031,0.05506978230823687
533,-1.3500000000000094,0.0537527708448032,3.0,-0.01708788820567628,0.036664882639126914
534,-1.3000000000000096,0.0446007061836777,3.0,0.09554813728947631,0.140148843473154
535,-1.2500000000000098,0.0368759100316493,3.0,-0.15803710494441495,-0.12116119491276564
536,-1.20000000000001,0.0303884925992938,3.0,0.08103060790001172,0.11141910049930552
537,-1.15000000000001,0.0249614104949058,3.0,-0.12188869006493326,-0.09692727957002746
538,-1.1000000000000103,0.0204343089853077,3.0,0.15495753060662465,0.17539183959193236
539,-1.0500000000000105,0.0166653286342451,3.0,0.4194014422609991,0.4360667708952442
540,-1.0000000000000109,0.0135313637281966,3.0,0.08886597901494019,0.10239734274313679
541,-0.9500000000000108,0.0109272503226105,3.0,0.001406923161027121,0.012334173483637622
542,-0.900000000000011,0.0087642980010312,3.0,-0.1584770241242511,-0.1497127261232199
543,-0.8500000000000112,0.0069684918605814,3.0,-0.026525760001904,-0.019557268141322602
544,-0.8000000000000114,0.0054786015052888,3.0,0.12724959310400952,0.13272819460929833
545,-0.7500000000000115,0.0042443547512114,3.0,-0.04640741280088505,-0.04216305804967365
546,-0.7000000000000117,0.0032247709841842,3.0,-0.18123012577103553,-0.17800535478685134
547,-0.6500000000000119,0.0023867035283734,3.0,0.06613193069291302,0.06851863422128643
548,-0.6000000000000121,0.0017036102109434,3.0,-0.30331801752468895,-0.30161440731374556
549,-0.5500000000000123,0.0011545537512747,3.0,0.1316970279013078,0.1328515816525825
550,-0.5000000000000124,0.0007234258821558,3.0,-0.0007047953900465951,1.8630492109204897e-05
551,-0.4500000000000126,0.0003983890395024,3.0,-0.19044754525815924,-0.19004915621865684
552,-0.4000000000000128,0.0001715357399844,3.0,-0.007002873976196501,-0.006831338236212101
553,-0.3500000000000129,3.877816570015137e-05,3.0,0.08607757375213533,0.08611635191783548
554,-0.3000000000000131,0.0,3.0,-0.06015246844156007,-0.06015246844156007
555,-0.2500000000000133,5.953178494635179e-05,3.0,0.06863325214371335,0.0686927839286597
556,-0.2000000000000135,0.0002270547189891,3.0,0.01146944746085373,0.01169650217984283
557,-0.1500000000000136,0.0005191036727033,3.0,0.04750735846322777,0.04802646213593107
558,-0.1000000000000138,0.0009614403787449,3.0,-0.022121697851566657,-0.021160257472821756
559,-0.050000000000014,0.0015927197389728,3.0,0.07293759122054708,0.07453031095951988
560,-1.4210854715202004e-14,0.0024700976190852,3.0,-0.15449993280924817,-0.15202983519016297
561,0.0499999999999856,0.0036777427525705,3.0,0.02635556058667347,0.03003330333924397
562,0.0999999999999854,0.0053395884939972,3.0,-0.056746874523586406,-0.0514072860295892
563,0.1499999999999852,0.007637899432055,3.0,0.17387027102291325,0.18150817045496825
564,0.199999999999985,0.010838677396262,3.0,-0.06184031588103078,-0.05100163848476878
565,0.2499999999999849,0.0153218582701065,3.0,0.032697782697926184,0.048019640968032684
566,0.2999999999999847,0.0216051761718744,3.0,0.15460492569370934,0.17621010186558375
567,0.3499999999999845,0.0303318867881719,3.0,0.03614919398139595,0.06648108076956785
568,0.3999999999999843,0.0421712890923255,3.0,0.3400446011031489,0.38221589019547436
569,0.4499999999999842,0.0575962618911068,3.0,0.13491047586360422,0.19250673775471103
570,0.499999999999984,0.0766085720378523,3.0,0.17242617419660006,0.24903474623445238
571,0.5499999999999838,0.0986212128641151,3.0,0.04839504997178479,0.14701626283589989
572,0.5999999999999837,0.1226514118326105,3.0,0.0186248508618471,0.1412762626944576
573,0.6499999999999835,0.14769496162351,3.0,0.10661013133800354,0.25430509296151355
574,0.6999999999999833,0.172997937310469,3.0,-0.20185419474704702,-0.02885625743657802
575,0.7499999999999831,0.1980922394208279,3.0,0.032307634159319656,0.23039987358014757
576,0.799999999999983,0.2226660395432786,3.0,-0.1847139898369449,0.0379520497063337
577,0.8499999999999828,0.246401733525311,3.0,0.12429744411486274,0.37069917764017374
578,0.8999999999999826,0.2688745400830912,3.0,-0.030054755313662068,0.23881978476942914
579,0.9499999999999824,0.28954736383665,3.0,0.05854245413519222,0.3480898179718422
580,0.9999999999999822,0.3078497165398544,3.0,-0.043298485569103554,0.26455123097075084
581,1.049999999999982,0.3232957000045093,3.0,-0.06225629215183654,0.26103940785267277
582,1.099999999999982,0.335586420275096,3.0,0.05080355026700787,0.3863899705421039
583,1.1499999999999817,0.3446586077725879,3.0,-0.03571866957774356,0.30893993819484433
584,1.1999999999999815,0.3506717262828932,3.0,-0.038793676215090604,0.3118780500678026
585,1.2499999999999811,0.3539514491367933,3.0,0.214044556840458,0.5679960059772513
586,1.2999999999999812,0.3549168931778991,3.0,0.04702144925267476,0.40193834243057386
587,1.349999999999981,0.3540141670092905,3.0,-0.06037672177788389,0.2936374452314066
588,1.3999999999999808,0.3516679665768337,3.0,-0.12002675006942436,0.23164121650740932
589,1.4499999999999806,0.3482532827313745,3.0,-0.14475893011616986,0.20349435261520465
590,1.4999999999999805,0.3440836847921784,3.0,0.009424933325473207,0.3535086181176516
591,1.5499999999999805,0.3394108116973103,3.0,0.2269786184821946,0.5663894301795049
592,1.59999999999998,0.3344301409402275,3.0,0.20104812624317153,0.5354782671833991
593,1.64999999999998,0.3292894306608951,3.0,-0.13173486087242123,0.19755456978847388
594,1.6999999999999795,0.3240976012030688,3.0,-0.14838135471549893,0.17571624648756987
595,1.7499999999999796,0.3189328858890466,3.0,-0.18603462542237506,0.13289826046667155
596,1.7999999999999794,0.3138497765572944,3.0,0.09322038096274467,0.40707015752003906
597,1.8499999999999792,0.3088846846730864,3.0,-0.0759072263904316,0.2329774582826548
598,1.899999999999979,0.3040604301229165,3.0,0.13223488006594986,0.43629531018886636
599,1.9499999999999789,0.2993897401394773,3.0,0.040572979467567036,0.33996271960704433
600,1.999999999999979,0.2948779481194696,3.0,-0.05638494544656234,0.23849300267290727
601,2.0499999999999785,0.2905250616968554,3.0,-0.10345923390188837,0.187065827794967
602,2.0999999999999783,0.2863273404356004,3.0,-0.10216761962971467,0.18415972080588572
603,2.149999999999978,0.2822784949680678,3.0,-0.10210314476053277,0.180175350207535
604,2.199999999999978,0.2783705948157818,3.0,-0.09128827959167189,0.1870823152241099
605,2.249999999999978,0.27459475223458,3.0,0.16589241558035317,0.4404871678149332
606,2.2999999999999776,0.2709416338242299,3.0,0.10700085341562164,0.3779424872398516
607,2.349999999999977,0.2674018395838411,3.0,0.027242748631716825,0.29464458821555795
608,2.3999999999999773,0.2639661798301127,3.0,-0.022012478169595426,0.2419537016605173
609,2.449999999999977,0.2606258732958119,3.0,-0.19438847537122347,0.06623739792458841
610,2.499999999999977,0.2573726842957177,3.0,-0.08411013479076378,0.1732625495049539
611,2.5499999999999767,0.2541990127056449,3.0,0.13860310137787413,0.392802114083519
612,2.599999999999977,0.2510979473534975,3.0,0.1723208372289974,0.42341878458249493
613,2.6499999999999764,0.2480632910408745,3.0,-0.20643234028632904,0.041630950754545454
614,2.699999999999976,0.2450895636194398,3.0,-0.06685837392833936,0.1782311896911004
615,2.749999999999976,0.2421719881957432,3.0,0.11518882220184544,0.35736081039758866
616,2.799999999999976,0.2393064645192581,3.0,0.1410991138343549,0.380405578353613
617,2.849999999999976,0.236489532833818,3.0,0.11546994420518106,0.35195947703899905
618,2.8999999999999755,0.2337183308754246,3.0,-0.00695456466892832,0.22676376620649627
619,2.9499999999999758,0.230990546229575,3.0,-0.2908636122990575,-0.059873066069482506
620,2.999999999999975,0.2283043658821422,3.0,0.059396835263768814,0.287701201145911
621,3.049999999999975,0.2256584244835519,3.0,-0.09982114561976595,0.12583727886378593
622,3.0999999999999748,0.2230517525786946,3.0,-0.05378710373481697,0.16926464884387765
623,3.1499999999999746,0.2204837258229214,3.0,-0.032130370246549855,0.18835335557637153
624,3.1999999999999744,0.2179540160001256,3.0,-0.03297626061850964,0.18497775538161595
625,3.2499999999999742,0.2154625444777449,3.0,0.14770054392814663,0.3631630884058915
626,3.299999999999974,0.213009438572892,3.0,0.22312798922856356,0.4361374278014556
627,3.349999999999974,0.210594991162194,3.0,0.2403678791896513,0.4509628703518453
628,3.3999999999999737,0.208219623744319,3.0,0.18623753523011388,0.3944571589744329
629,3.449999999999973,0.2058838530578813,3.0,0.04567234923647957,0.2515562022943609
630,3.4999999999999734,0.2035882612676674,3.0,0.2945766526734451,0.4981649139411125
631,3.549999999999973,0.2013334696580871,3.0,0.05670265299366366,0.25803612265175074
632,3.599999999999973,0.1991201157133829,3.0,-0.1501866788586736,0.0489334368547093
633,3.649999999999973,0.1969488334182365,3.0,-0.1617173145283022,0.03523151888993428
634,3.6999999999999726,0.1948202365786862,3.0,-0.11722047922807464,0.07759975735061155
635,3.749999999999973,0.1927349049402846,3.0,-0.08519899509529684,0.10753590984498777
636,3.799999999999972,0.1906933728667466,3.0,-0.037179274290588704,0.1535140985761579
637,3.849999999999972,0.1886961203365249,3.0,0.3474857572497464,0.5361818775862712
638,3.899999999999972,0.1867435660153873,3.0,0.13266130699170092,0.3194048730070882
639,3.949999999999972,0.1848360621689334,3.0,-0.07521585427060776,0.10962020789832563
640,-4.0,0.0012155333356571,4.0,0.17081071240324014,0.17202624573889724
641,-3.95,0.0011947230505768,4.0,-0.009919366006653222,-0.008724642956076422
642,-3.9,0.0011732996414663,4.0,-0.06038705212286227,-0.05921375248139597
643,-3.850000000000001,0.0011512535584316,4.0,-0.10976944686370847,-0.10861819330527687
644,-3.8000000000000007,0.0011285757032855,4.0,0.2407023285861122,0.2418309042893977
645,-3.750000000000001,0.0011052575200853,4.0,0.02563041409200389,0.02673567161208919
646,-3.700000000000001,0.0010812910991934,4.0,0.06555581747260966,0.06663710857180306
647,-3.650000000000001,0.0010566692972968,4.0,0.02222544130985323,0.02328211060715003
648,-3.6000000000000014,0.0010313858762986,4.0,-0.051564267357689805,-0.050532881481391206
649,-3.5500000000000016,0.0010054356645354,4.0,0.02960994269520325,0.03061537835973865
650,-3.5000000000000018,0.0009788147443998,4.0,-0.03502821567499913,-0.03404940093059933
651,-3.450000000000002,0.0009515206711365,4.0,0.02328828221959023,0.02423980289072673
652,-3.400000000000002,0.0009235527283347,4.0,-0.04880102061483044,-0.04787746788649574
653,-3.3500000000000023,0.0008949122264304,4.0,0.08246874936056083,0.08336366158699123
654,-3.3000000000000025,0.0008656028513409,4.0,0.1735123400077768,0.1743779428591177
655,-3.2500000000000027,0.0008356310711098,4.0,-0.11958623471500794,-0.11875060364389814
656,-3.200000000000003,0.0008050066091002,4.0,0.08097485685194449,0.08177986346104468
657,-3.150000000000003,0.0007737429927201,4.0,-0.0033411713399384025,-0.0025674283472183024
658,-3.100000000000003,0.0007418581867876,4.0,-0.18955000198834654,-0.18880814380155894
659,-3.050000000000004,0.0007093753202878,4.0,-0.08659448514818505,-0.08588510982789725
660,-3.000000000000004,0.0006763235142575,4.0,-0.09337505782984418,-0.09269873431558667
661,-2.950000000000004,0.0006427388166403,4.0,0.0030378906358035896,0.0036806294524438896
662,-2.900000000000004,0.0006086652469796,4.0,-0.04642254491735497,-0.045813879670375375
663,-2.850000000000004,0.0005741559495122,4.0,-0.055612262771949264,-0.055038106822437066
664,-2.8000000000000043,0.0005392744474216,4.0,0.07661343890922628,0.07715271335664789
665,-2.7500000000000044,0.0005040959835721,4.0,-0.2036539052538718,-0.2031498092702997
666,-2.7000000000000046,0.0004687089239669,4.0,0.039129115025080374,0.039597823949047276
667,-2.650000000000005,0.0004332161896297,4.0,0.17054774617681806,0.17098096236644775
668,-2.600000000000005,0.0003977366709936,4.0,0.13199794366528347,0.13239568033627708
669,-2.550000000000005,0.000362406566895,4.0,-0.10007432157206549,-0.09971191500517049
670,-2.5000000000000053,0.0003273805789135,4.0,0.09048873754648494,0.09081611812539844
671,-2.450000000000005,0.0002928328823925,4.0,0.14729070073313896,0.14758353361553148
672,-2.4000000000000057,0.0002589577895669,4.0,0.013343252396601767,0.013602210186168667
673,-2.350000000000006,0.0002259700194353,4.0,0.05279541183786223,0.05302138185729753
674,-2.300000000000006,0.0001941044948183,4.0,0.16074665268643754,0.16094075718125583
675,-2.250000000000006,0.0001636156003982,4.0,0.04749309126217923,0.04765670686257743
676,-2.2000000000000064,0.000134775856599,4.0,-0.15582620327546365,-0.15569142741886466
677,-2.1500000000000066,0.0001078739919174,4.0,0.2537186158326073,0.2538264898245247
678,-2.1000000000000068,8.321242846181604e-05,4.0,0.022234794273068504,0.02231800670153032
679,-2.050000000000007,6.11042285047229e-05,4.0,-0.03386636666531914,-0.03380526243681442
680,-2.000000000000007,4.186957966465888e-05,4.0,-0.025422415588727897,-0.025380546009063237
681,-1.9500000000000075,2.583191899055348e-05,4.0,0.03991540724804916,0.03994123916703971
682,-1.9000000000000077,1.331380934500142e-05,4.0,-0.25555827563122036,-0.25554496182187536
683,-1.850000000000008,4.632685555570842e-06,4.0,0.14927725196953323,0.1492818846550888
684,-1.8000000000000078,9.658733863542659e-08,4.0,0.11944027018248987,0.11944036676982851
685,-1.750000000000008,0.0,4.0,-0.22078515502665727,-0.22078515502665727
686,-1.7000000000000082,4.619945413004479e-06,4.0,0.19702391288208412,0.19702853282749713
687,-1.6500000000000083,1.4212520283399426e-05,4.0,0.1631501434220869,0.1631643559423703
688,-1.6000000000000083,2.9010182017538244e-05,4.0,0.07347318516156381,0.07350219534358135
689,-1.5500000000000087,4.922024835080458e-05,4.0,-0.09162276515689197,-0.09157354490854117
690,-1.5000000000000089,7.50253157110682e-05,4.0,-0.22771815281982744,-0.22764312750411636
691,-1.450000000000009,0.0001065866209412,4.0,0.3391636078539848,0.339270194474926
692,-1.4000000000000092,0.000144051780416,4.0,0.22194446172206655,0.22208851350248254
693,-1.3500000000000094,0.0001875688568234,4.0,0.030236694839492883,0.030424263696316282
694,-1.3000000000000096,0.0002373093630778,4.0,-0.2200508716757042,-0.2198135623126264
695,-1.2500000000000098,0.0002935036856231,4.0,-0.07877256988915406,-0.07847906620353096
696,-1.20000000000001,0.0003564936231596,4.0,0.027114321038088165,0.027470814661247765
697,-1.15000000000001,0.0004268085101428,4.0,-0.1266686456760715,-0.1262418371659287
698,-1.1000000000000103,0.0005052740952751,4.0,-0.07293360810926446,-0.07242833401398936
699,-1.0500000000000105,0.0005931675971235,4.0,-0.19110815350154653,-0.19051498590442303
700,-1.0000000000000109,0.000692439240238,4.0,-0.23480874314454675,-0.23411630390430874
701,-0.9500000000000108,0.0008060320021653,4.0,-0.16434628633122522,-0.16354025432905991
702,-0.900000000000011,0.0009383507774529,4.0,-0.07402380766714245,-0.07308545688968955
703,-0.8500000000000112,0.0010959662687238,4.0,0.1662348219435314,0.1673307882122552
704,-0.8000000000000114,0.0012887003425038,4.0,0.08101770892190628,0.08230640926441009
705,-0.7500000000000115,0.0015313535156433,4.0,0.22353295448492386,0.22506430800056715
706,-0.7000000000000117,0.0018465530199126,4.0,0.09441109497560703,0.09625764799551963
707,-0.6500000000000119,0.0022696292095885,4.0,0.1525881771828705,0.154857806392459
708,-0.6000000000000121,0.0028573003303147,4.0,0.03726140742319982,0.04011870775351452
709,-0.5500000000000123,0.0037037662320013,4.0,-0.06384204039981219,-0.06013827416781089
710,-0.5000000000000124,0.0049716815945579,4.0,0.05206303434783736,0.05703471594239526
711,-0.4500000000000126,0.006953694652768,4.0,0.05930581180201648,0.06625950645478448
712,-0.4000000000000128,0.0101969100506832,4.0,-0.22142739655523275,-0.21123048650454954
713,-0.3500000000000129,0.0157516526529681,4.0,0.24201944973390002,0.2577711023868681
714,-0.3000000000000131,0.0256341621948788,4.0,-0.1458968081504686,-0.1202626459555898
715,-0.2500000000000133,0.0435321846510838,4.0,-0.1328314122270176,-0.08929922757593381
716,-0.2000000000000135,0.0754186283655662,4.0,-0.12957214936158362,-0.05415352099601742
717,-0.1500000000000136,0.1291266321940888,4.0,-0.0904375391657228,0.038689093028366
718,-0.1000000000000138,0.2122634238151926,4.0,0.06207256654566387,0.27433599036085643
719,-0.050000000000014,0.3289452192655328,4.0,-0.030101362602291768,0.298843856663241
720,-1.4210854715202004e-14,0.4735178418653102,4.0,0.025033354297535393,0.4985511961628456
721,0.0499999999999856,0.6225646012135043,4.0,0.03254138001280596,0.6551059812263103
722,0.0999999999999854,0.744749719035932,4.0,0.13417651107519082,0.8789262301111228
723,0.1499999999999852,0.8266181165102371,4.0,0.14272628092709277,0.9693443974373299
724,0.199999999999985,0.8753146473928168,4.0,-0.042991960887515356,0.8323226865053015
725,0.2499999999999849,0.903071065568336,4.0,0.024330611784568624,0.9274016773529047
726,0.2999999999999847,0.9188915314805362,4.0,-0.12356807497943284,0.7953234565011034
727,0.3499999999999845,0.9280917163779032,4.0,0.024673313431588132,0.9527650298094914
728,0.3999999999999843,0.9336615400051632,4.0,0.07776323539335724,1.0114247753985204
729,0.4499999999999842,0.9373068266567072,4.0,-0.10706565376662709,0.83024117289008
730,0.499999999999984,0.9400211730046836,4.0,0.003990271604509248,0.9440114446091928
731,0.5499999999999838,0.9423785738770046,4.0,0.001439075345798984,0.9438176492228036
732,0.5999999999999837,0.944689645743633,4.0,-0.06214835594581573,0.8825412897978173
733,0.6499999999999835,0.9470954708109756,4.0,-0.0196975027608473,0.9273979680501283
734,0.6999999999999833,0.9496317956503753,4.0,0.013430107559358397,0.9630619032097336
735,0.7499999999999831,0.9522759077793004,4.0,0.1269206999386106,1.079196607717911
736,0.799999999999983,0.9549800686223014,4.0,0.33427098890306645,1.289251057525368
737,0.8499999999999828,0.9576931129309286,4.0,-0.11655112465479778,0.8411419882761308
738,0.8999999999999826,0.9603721131711036,4.0,-0.023626428640875448,0.9367456845302281
739,0.9499999999999824,0.9629867138714618,4.0,-0.20773546553661806,0.7552512483348438
740,0.9999999999999822,0.9655189161875743,4.0,0.015491654542975202,0.9810105707305495
741,1.049999999999982,0.9679606412025454,4.0,-0.08747866741871152,0.8804819737838339
742,1.099999999999982,0.9703106357748994,4.0,-0.008238660436689652,0.9620719753382098
743,1.1499999999999817,0.972571552257534,4.0,0.08143894399907456,1.0540104962566086
744,1.1999999999999815,0.9747475236949256,4.0,-0.5811579002205202,0.3935896234744054
745,1.2499999999999811,0.9768422949233694,4.0,-0.1017749342038893,0.8750673607194801
746,1.2999999999999812,0.978857889142562,4.0,0.17164951233930864,1.1505074014818706
747,1.349999999999981,0.9807937978121204,4.0,0.04227042804878815,1.0230642258609086
748,1.3999999999999808,0.9826467047670272,4.0,-0.08463527502815703,0.8980114297388702
749,1.4499999999999806,0.9844107487112216,4.0,-0.0685674181495673,0.9158433305616542
750,1.4999999999999805,0.9860782778005583,4.0,-0.3123425330115673,0.6737357447889911
751,1.5499999999999805,0.9876409691288172,4.0,0.03129943092388015,1.0189404000526974
752,1.59999999999998,0.9890911072624216,4.0,0.11357236385395017,1.1026634711163716
753,1.64999999999998,0.9904227770186476,4.0,-0.14140708229321708,0.8490156947254305
754,1.6999999999999795,0.9916327500659068,4.0,0.08398245950641256,1.0756152095723193
755,1.7499999999999796,0.99272092896757,4.0,0.3625696149871347,1.3552905439547047
756,1.7999999999999794,0.9936903260754548,4.0,-0.1714056814526518,0.822284644622803
757,1.8499999999999792,0.9945466578213966,4.0,0.009551335981709307,1.0040979938031058
758,1.899999999999979,0.9952976967989275,4.0,0.16948174086825996,1.1647794376671876
759,1.9499999999999789,0.9959525355597826,4.0,-0.03648407673796669,0.9594684588218159
760,1.999999999999979,0.9965208883163272,4.0,0.009520394240287843,1.0060412825566152
761,2.0499999999999785,0.997012510258386,4.0,0.17397184474764796,1.170984355006034
762,2.0999999999999783,0.9974367678361163,4.0,0.1098247456943592,1.1072615135304755
763,2.149999999999978,0.997802358343058,4.0,0.054994679541560273,1.0527970378846183
764,2.199999999999978,0.99811715663992,4.0,0.04220432653506777,1.0403214831749876
765,2.249999999999978,0.9983881588171694,4.0,0.06177443464614947,1.0601625934633188
766,2.2999999999999776,0.9986214928758902,4.0,0.0061027350593018,1.004724227935192
767,2.349999999999977,0.9988224711200724,4.0,0.18037186047287904,1.1791943315929514
768,2.3999999999999773,0.9989956650023044,4.0,0.1600197680627977,1.1590154330651021
769,2.449999999999977,0.9991449889573808,4.0,0.1469313944249958,1.1460763833823766
770,2.499999999999977,0.9992737845334306,4.0,-0.23630382566337316,0.7629699588700575
771,2.5499999999999767,0.999384899705454,4.0,-0.1036411331721685,0.8957437665332855
772,2.599999999999977,0.9994807607435284,4.0,-0.10718316058143193,0.8922976001620965
773,2.6499999999999764,0.999563435629175,4.0,0.11163905838346501,1.1112024940126402
774,2.699999999999976,0.999634689000298,4.0,0.010670140508216935,1.0103048295085149
775,2.749999999999976,0.9996960291557108,4.0,0.15959546696305407,1.1592914961187648
776,2.799999999999976,0.999748747916502,4.0,-0.08142774935174835,0.9183209985647537
777,2.849999999999976,0.9997939542321272,4.0,-0.10482592350012533,0.8949680307320019
778,2.8999999999999755,0.9998326024079452,4.0,-0.14100594342562442,0.8588266589823208
779,2.9499999999999758,0.9998655157658938,4.0,-0.026752005843694464,0.9731135099221994
780,2.999999999999975,0.9998934064608668,4.0,0.28706402530235053,1.2869574317632173
781,3.049999999999975,0.9999168920797664,4.0,0.1983748214684334,1.1982917135481999
782,3.0999999999999748,0.9999365095579158,4.0,0.00404406189227409,1.00398057145019
783,3.1499999999999746,0.9999527268633958,4.0,-0.08682512064152886,0.913127606221867
784,3.1999999999999744,0.9999659528259104,4.0,0.006633449986732013,1.0065994028126424
785,3.2499999999999742,0.9999765454232052,4.0,-0.02766201272926631,0.972314532693939
786,3.299999999999974,0.9999848187843132,4.0,-0.025226421618256556,0.9747583971660567
787,3.349999999999974,0.9999910491239264,4.0,0.06313389411681443,1.0631249432407408
788,3.3999999999999737,0.9999954797848551,4.0,0.013668414388068872,1.013663894172924
789,3.449999999999973,0.999998325534702,4.0,0.01614346449108498,1.016141790025787
790,3.4999999999999734,0.9999997762374722,4.0,0.002245460522697269,1.0022452367601695
791,3.549999999999973,0.9999999999999992,4.0,-0.13294160205285663,0.8670583979471426
792,3.599999999999973,0.999999145875924,4.0,0.1517810878560099,1.1517802337319338
793,3.649999999999973,0.9999973461959104,4.0,0.0618517078023373,1.0618490539982477
794,3.6999999999999726,0.9999947185812372,4.0,-0.1173088963639601,0.8826858222172771
795,3.749999999999973,0.999991367688416,4.0,-0.05835172913544238,0.9416396385529736
796,3.799999999999972,0.9999873867246548,4.0,-0.03450965486641179,0.965477731858243
797,3.849999999999972,0.9999828587675644,4.0,0.06323671838669491,1.0632195771542594
798,3.899999999999972,0.9999778579171512,4.0,-0.18064405919341958,0.8193337987237317
799,3.949999999999972,0.9999724503037498,4.0,-0.0841022317707033,0.9158702185330465
800,-4.0,0.9887333901368284,5.0,-0.15840378280484785,0.8303296073319806
801,-3.95,0.9891953570467226,5.0,0.017149398279089772,1.0063447553258122
802,-3.9,0.9896533243473548,5.0,-0.08251832544212391,0.9071349989052309
803,-3.850000000000001,0.990106766574108,5.0,0.08357038064257322,1.0736771472166813
804,-3.8000000000000007,0.9905551698735724,5.0,0.10920246033445906,1.0997576302080314
805,-3.750000000000001,0.9909980332942852,5.0,-0.020418444039442048,0.9705795892548431
806,-3.700000000000001,0.9914348699156992,5.0,0.21046439241407003,1.2018992623297693
807,-3.650000000000001,0.9918652078000132,5.0,0.0031958414482056914,0.9950610492482189
808,-3.6000000000000014,0.992288590752548,5.0,0.22962355372495433,1.2219121444775023
809,-3.5500000000000016,0.9927045788774932,5.0,-0.189289983427899,0.8034145954495941
810,-3.5000000000000018,0.9931127489170792,5.0,0.3344683130421162,1.3275810619591955
811,-3.450000000000002,0.9935126943634848,5.0,0.00443235669890687,0.9979450510623916
812,-3.400000000000002,0.9939040253340794,5.0,0.021818906364265898,1.0157229316983454
813,-3.3500000000000023,0.9942863682019188,5.0,0.1674961299827978,1.1617824981847167
814,-3.3000000000000025,0.9946593649746992,5.0,-0.04373826276714519,0.950921102207554
815,-3.2500000000000027,0.9950226724166972,5.0,-0.14233191954622293,0.8526907528704742
816,-3.200000000000003,0.9953759609095212,5.0,0.13495611845346914,1.1303320793629903
817,-3.150000000000003,0.9957189130488376,5.0,-0.09506104420193026,0.9006578688469074
818,-3.100000000000003,0.996051221975626,5.0,-0.1107515081529463,0.8852997138226797
819,-3.050000000000004,0.996372589441998,5.0,0.03462151651041536,1.0309941059524135
820,-3.000000000000004,0.9966827236132508,5.0,0.13746371606052343,1.1341464396737742
821,-2.950000000000004,0.9969813366096968,5.0,-0.1937844471965732,0.8031968894131236
822,-2.900000000000004,0.9972681417939536,5.0,-0.28951092522636185,0.7077572165675918
823,-2.850000000000004,0.9975428508119272,5.0,-0.10002714829945038,0.8975157025124768
824,-2.8000000000000043,0.9978051703986518,5.0,0.28156925342376893,1.2793744238224207
825,-2.7500000000000044,0.9980547989635716,5.0,0.14166620793612694,1.1397210068996986
826,-2.7000000000000046,0.998291422973618,5.0,0.2201216588047098,1.2184130817783276
827,-2.650000000000005,0.998514713156458,5.0,0.21557299578509273,1.2140877089415507
828,-2.600000000000005,0.9987243205501314,5.0,-0.0755424800931183,0.9231818404570131
829,-2.550000000000005,0.9989198724283724,5.0,-0.12326693425942835,0.8756529381689441
830,-2.5000000000000053,0.9991009681321802,5.0,-0.17299946361982255,0.8261015045123576
831,-2.450000000000005,0.9992671748361096,5.0,-0.03943486687173855,0.959832307964371
832,-2.4000000000000057,0.999418023270138,5.0,0.060518873698040966,1.0599368969681788
833,-2.350000000000006,0.9995530034017938,5.0,0.06522811291480311,1.0647811163165968
834,-2.300000000000006,0.999671560054662,5.0,0.10375589068543037,1.1034274507400923
835,-2.250000000000006,0.9997730883936864,5.0,0.11305576186079924,1.1128288502544856
836,-2.2000000000000064,0.9998569291394404,5.0,-0.19018492951716032,0.8096719996222801
837,-2.1500000000000066,0.9999223632772236,5.0,-0.08618568582045968,0.9137366774567639
838,-2.1000000000000068,0.9999686058974372,5.0,0.31247459565209607,1.3124432015495333
839,-2.050000000000007,0.9999947986382232,5.0,0.039308483666328074,1.0393032823045512
840,-2.000000000000007,0.9999999999999952,5.0,-0.11949129713559886,0.8805087028643963
841,-1.9500000000000075,0.9999831725693836,5.0,-0.03284484247960329,0.9671383300897803
842,-1.9000000000000077,0.999943165937776,5.0,-0.14117826819773646,0.8587648977400395
843,-1.850000000000008,0.999878693842207,5.0,-0.1407651013493687,0.8591135924928383
844,-1.8000000000000078,0.9997883038098586,5.0,0.14053182175880385,1.1403201255686626
845,-1.750000000000008,0.999670337361615,5.0,0.007653372713622806,1.007323710075238
846,-1.7000000000000082,0.9995228786184625,5.0,-0.05026594906766287,0.9492569295507995
847,-1.6500000000000083,0.9993436889239488,5.0,-0.07664206294298062,0.9227016259809682
848,-1.6000000000000083,0.999130124781718,5.0,-0.082275162136369,0.916854962645349
849,-1.5500000000000087,0.9988790359198922,5.0,0.19753502408317117,1.1964140600030635
850,-1.5000000000000089,0.9985866395449746,5.0,0.19012294777073177,1.1887095873157063
851,-1.450000000000009,0.9982483657914528,5.0,0.08286746664905441,1.0811158324405072
852,-1.4000000000000092,0.9978586680579544,5.0,0.09810566051328311,1.0959643285712375
853,-1.3500000000000094,0.9974107905265353,5.0,0.1591435402859741,1.1565543308125092
854,-1.3000000000000096,0.9968964840015776,5.0,0.1593502700410203,1.1562467540425978
855,-1.2500000000000098,0.9963056606810362,5.0,-0.03984347912458297,0.9564621815564532
856,-1.20000000000001,0.9956259790042032,5.0,0.4420261114489278,1.4376520904531311
857,-1.15000000000001,0.9948423516887,5.0,-0.6180644559590504,0.3767778957296497
858,-1.1000000000000103,0.9939363738412852,5.0,0.14570720406241577,1.1396435779037009
859,-1.0500000000000105,0.9928856740731526,5.0,0.04409469148188377,1.0369803655550365
860,-1.0000000000000109,0.9916632006098912,5.0,-0.11645934539690792,0.8752038552129833
861,-0.9500000000000108,0.9902364675080962,5.0,0.029813135343777625,1.020049602851874
862,-0.900000000000011,0.988566804272308,5.0,-0.12341191017589136,0.8651548940964167
863,-0.8500000000000112,0.9866086752203692,5.0,-0.15089212357667064,0.8357165516436986
864,-0.8000000000000114,0.9843091592055032,5.0,-0.03366753839546626,0.950641620810037
865,-0.7500000000000115,0.9816076949345028,5.0,-0.2584352367515517,0.7231724581829511
866,-0.7000000000000117,0.9784361794125852,5.0,-0.06105063981085641,0.9173855396017288
867,-0.6500000000000119,0.9747194185196056,5.0,0.24455884851658755,1.2192782670361932
868,-0.6000000000000121,0.9703757165000446,5.0,0.07177831759901177,1.0421540340990565
869,-0.5500000000000123,0.96531700198422,5.0,0.03906765319098737,1.0043846551752074
870,-0.5000000000000124,0.9594473027152968,5.0,-0.14137583043474547,0.8180714722805513
871,-0.4500000000000126,0.952657667256496,5.0,0.0498950171532649,1.002552684409761
872,-0.4000000000000128,0.9448149928905586,5.0,0.14399295806415452,1.088807950954713
873,-0.3500000000000129,0.9357419870442496,5.0,0.02649572533925733,0.962237712383507
874,-0.3000000000000131,0.9251860288401362,5.0,-0.04273494233068367,0.8824510865094526
875,-0.2500000000000133,0.9127762931646228,5.0,0.06232120820151352,0.9750975013661364
876,-0.2000000000000135,0.8979715155845646,5.0,-0.07434524766993272,0.8236262679146318
877,-0.1500000000000136,0.8800064102981997,5.0,-0.07675441139986541,0.8032519988983343
878,-0.1000000000000138,0.8578561391633703,5.0,-0.16459435650311188,0.6932617826602585
879,-0.050000000000014,0.8302598969156096,5.0,0.03659524401395403,0.8668551409295637
880,-1.4210854715202004e-14,0.7958755007340428,5.0,-0.04127388586318506,0.7546016148708578
881,0.0499999999999856,0.7536510848754845,5.0,-0.010016971594954831,0.7436341132805296
882,0.0999999999999854,0.7034281042004187,5.0,0.001654074470744066,0.7050821786711627
883,0.1499999999999852,0.6465649101583327,5.0,-0.03626256620802416,0.6103023439503086
884,0.199999999999985,0.586108842450367,5.0,0.10322953514700658,0.6893383775973736
885,0.2499999999999849,0.5261391793182635,5.0,-0.02031499217517209,0.5058241871430914
886,0.2999999999999847,0.470530604899696,5.0,-0.2504578206736019,0.2200727842260941
887,0.3499999999999845,0.4219275973759005,5.0,-0.12380556171572207,0.2981220356601785
888,0.3999999999999843,0.3814801209748616,5.0,0.2181175090567556,0.5995976300316173
889,0.4499999999999842,0.3492132051171372,5.0,-0.05820521007552847,0.29100799504160874
890,0.499999999999984,0.324569715905984,5.0,-0.053464852095774576,0.27110486381020943
891,0.5499999999999838,0.3068019779859243,5.0,0.21626590666078707,0.5230678846467114
892,0.5999999999999837,0.2951393803391008,5.0,0.02051215361428508,0.3156515339533859
893,0.6499999999999835,0.2887972479586726,5.0,0.02445959404014392,0.31325684199881654
894,0.6999999999999833,0.2869175367813451,5.0,-0.047100398416008715,0.23981713836533636
895,0.7499999999999831,0.2885120294054052,5.0,-0.17597125913665712,0.11254077026874809
896,0.799999999999983,0.2924524509910767,5.0,-0.031165350389027593,0.2612871006020491
897,0.8499999999999828,0.2975247522654917,5.0,0.062413529677305436,0.35993828194279714
898,0.8999999999999826,0.3025350151256399,5.0,-0.004009042405029005,0.2985259727206109
899,0.9499999999999824,0.3064305316226908,5.0,-0.1399000224183527,0.1665305092043381
900,0.9999999999999822,0.3083950424380128,5.0,0.19635970503751832,0.5047547474755312
901,1.049999999999982,0.3078938271829875,5.0,0.10146326083625255,0.4093570880192401
902,1.099999999999982,0.3046687262097943,5.0,-0.151725754319379,0.15294297189041528
903,1.1499999999999817,0.2986994872199022,5.0,-0.13725392429980404,0.16144556292009815
904,1.1999999999999815,0.290150816795913,5.0,-0.04678192269527097,0.243368894100642
905,1.2499999999999811,0.2793189152685019,5.0,0.021753955797881055,0.3010728710663829
906,1.2999999999999812,0.2665840260834807,5.0,0.3117180716655203,0.578302097749001
907,1.349999999999981,0.2523705820291282,5.0,0.06434659666041742,0.31671717868954563
908,1.3999999999999808,0.2371144648950791,5.0,-0.11779890808673493,0.11931555680834416
909,1.4499999999999806,0.2212366679473892,5.0,-0.01307232279590239,0.2081643451514868
910,1.4999999999999805,0.2051230536312146,5.0,0.049945059073309386,0.255068112704524
911,1.5499999999999805,0.1891101801770182,5.0,0.0784806753366751,0.2675908555136933
912,1.59999999999998,0.1734770867386014,5.0,0.10987332400331114,0.28335041074191253
913,1.64999999999998,0.1584425659774212,5.0,0.22334499105197086,0.38178755702939204
914,1.6999999999999795,0.1441670285795219,5.0,0.07629075153355121,0.2204577801130731
915,1.7499999999999796,0.1307577614876223,5.0,0.033261557975085024,0.1640193194627073
916,1.7999999999999794,0.1182762889095212,5.0,0.04279612123850691,0.16107241014802812
917,1.8499999999999792,0.1067466537416161,5.0,0.06891738538726944,0.17566403912888554
918,1.899999999999979,0.0961636795032939,5.0,-0.1766699892423399,-0.080506309739046
919,1.9499999999999789,0.0865005670555866,5.0,0.13481549746388907,0.22131606451947566
920,1.999999999999979,0.0777154596986307,5.0,-0.2575115128906766,-0.1797960531920459
921,2.0499999999999785,0.0697568356542206,5.0,-0.05500517624994,0.014751659404280595
922,2.0999999999999783,0.0625677451529492,5.0,0.13135499322872501,0.19392273838167423
923,2.149999999999978,0.056089004683226,5.0,0.0419280438898445,0.0980170485730705
924,2.199999999999978,0.0502615065212874,5.0,0.09667885306240112,0.1469403595836885
925,2.249999999999978,0.0450278126786051,5.0,-0.12717109085675754,-0.08214327817815244
926,2.2999999999999776,0.0403331924183523,5.0,0.11452326273699594,0.15485645515534824
927,2.349999999999977,0.0361262418218365,5.0,-0.2137074689283478,-0.1775812271065113
928,2.3999999999999773,0.0323591995024086,5.0,0.08459163386961406,0.11695083337202267
929,2.449999999999977,0.0289880486626291,5.0,-0.02157780828206261,0.00741024038056649
930,2.499999999999977,0.0259724744428779,5.0,0.28816696164075295,0.3141394360836309
931,2.5499999999999767,0.0232757277649408,5.0,-0.041155779638697154,-0.017880051873756353
932,2.599999999999977,0.0208644326994113,5.0,0.056747973949849644,0.07761240664926095
933,2.6499999999999764,0.0187083634430143,5.0,0.17724651497754676,0.19595487842056106
934,2.699999999999976,0.0167802087769178,5.0,0.028936954934666585,0.04571716371158438
935,2.749999999999976,0.0150553358573778,5.0,0.22945048092463796,0.24450581678201577
936,2.799999999999976,0.0135115608762597,5.0,-0.03514650528123471,-0.021634944404975008
937,2.849999999999976,0.0121289311045445,5.0,-0.25582698500739165,-0.24369805390284716
938,2.8999999999999755,0.0108895207595702,5.0,-0.07341516476430196,-0.06252564400473176
939,2.9499999999999758,0.0097772417530234,5.0,0.12594344401485,0.13572068576787338
940,2.999999999999975,0.0087776694813841,5.0,0.050846054862952225,0.059623724344336326
941,3.049999999999975,0.0078778832649756,5.0,-0.15953981275511908,-0.15166192949014348
942,3.0999999999999748,0.0070663207177579,5.0,-0.16942867905796435,-0.16236235834020646
943,3.1499999999999746,0.0063326451601703,5.0,0.072487814456295,0.0788204596164653
944,3.1999999999999744,0.0056676251174137,5.0,0.02799327691620357,0.03366090203361727
945,3.2499999999999742,0.0050630249381737,5.0,0.1578347409211766,0.1628977658593503
946,3.299999999999974,0.004511505598655,5.0,0.15401864966596593,0.15853015526462094
947,3.349999999999974,0.0040065348072866,5.0,-0.07994915350018865,-0.07594261869290204
948,3.3999999999999737,0.0035423055858312,5.0,-0.1412737209620594,-0.13773141537622818
949,3.449999999999973,0.0031136625662519,5.0,-0.10078148799919655,-0.09766782543294465
950,3.4999999999999734,0.0027160353055808,5.0,-0.11843636760357183,-0.11572033229799103
951,3.549999999999973,0.0023453779810417,5.0,0.0665030696906004,0.0688484476716421
952,3.599999999999973,0.0019981148836773,5.0,-0.264477759926909,-0.2624796450432317
953,3.649999999999973,0.0016710911803679,5.0,-0.2216919529276264,-0.2200208617472585
954,3.6999999999999726,0.0013615284613585,5.0,-0.092585300538816,-0.09122377207745751
955,3.749999999999973,0.0010669846334691,5.0,0.04546873420567462,0.04653571883914372
956,3.799999999999972,0.0007853177583325,5.0,0.10407245938628598,0.10485777714461848
957,3.849999999999972,0.0005146534706429,5.0,0.13838003609177943,0.13889468956242232
958,3.899999999999972,0.0002533556438149,5.0,-0.06093577462081997,-0.06068241897700507
959,3.949999999999972,0.0,5.0,0.11013369350365791,0.11013369350365791
960,-4.0,0.8597119186034365,6.0,0.09418962976701234,0.9539015483704489
961,-3.95,0.8631813761694528,6.0,0.3201329831878059,1.1833143593572588
962,-3.9,0.8666167299068273,6.0,0.10077162587961813,0.9673883557864453
963,-3.850000000000001,0.8700188093602691,6.0,0.08920136218358544,0.9592201715438545
964,-3.8000000000000007,0.8733882443551274,6.0,-0.003894328229671207,0.8694939161254562
965,-3.750000000000001,0.8767254382860024,6.0,0.009593630500606057,0.8863190687866084
966,-3.700000000000001,0.8800305389884722,6.0,0.12814116971601644,1.0081717087044886
967,-3.650000000000001,0.8833034072976967,6.0,-0.09061026021613154,0.7926931470815652
968,-3.6000000000000014,0.8865435835046891,6.0,0.049470254621849064,0.9360138381265382
969,-3.5500000000000016,0.889750252055543,6.0,0.26191076434273913,1.1516610163982821
970,-3.5000000000000018,0.8929222050046857,6.0,-0.03385727670935732,0.8590649282953283
971,-3.450000000000002,0.8960578049340501,6.0,-0.06975310898986306,0.826304695944187
972,-3.400000000000002,0.8991549482892135,6.0,0.007553807223642155,0.9067087555128557
973,-3.3500000000000023,0.902211030363502,6.0,-0.18643576519914543,0.7157752651643566
974,-3.3000000000000025,0.9052229134832736,6.0,0.09025729052422306,0.9954802040074966
975,-3.2500000000000027,0.9081869003118272,6.0,0.16455240858666081,1.072739308898488
976,-3.200000000000003,0.9110987145935844,6.0,-0.19949408016285622,0.7116046344307282
977,-3.150000000000003,0.913953492100109,6.0,0.1723922849780443,1.0863457770781533
978,-3.100000000000003,0.9167457850086972,6.0,0.10575345057352473,1.022499235582222
979,-3.050000000000004,0.9194695834344062,6.0,-0.14460011889142496,0.7748694645429812
980,-3.000000000000004,0.9221183583378836,6.0,0.034703806425490646,0.9568221647633742
981,-2.950000000000004,0.9246851305343518,6.0,-0.0320345075653305,0.8926506229690212
982,-2.900000000000004,0.9271625710239968,6.0,-0.18984131194042553,0.7373212590835713
983,-2.850000000000004,0.9295431383410896,6.0,0.10856359174026205,1.0381067300813516
984,-2.8000000000000043,0.9318192590649232,6.0,0.035668049625091465,0.9674873086900148
985,-2.7500000000000044,0.9339835580233268,6.0,0.21562449064868097,1.1496080486720077
986,-2.7000000000000046,0.9360291449896838,6.0,-0.2663506866109106,0.6696784583787732
987,-2.650000000000005,0.9379499647012802,6.0,-0.06865420182446719,0.869295762876813
988,-2.600000000000005,0.9397412165674068,6.0,-0.12918008935124306,0.8105611272161638
989,-2.550000000000005,0.9413998490632208,6.0,0.09963781046364116,1.041037659526862
990,-2.5000000000000053,0.9429251308402644,6.0,-0.0971317735251602,0.8457933573151042
991,-2.450000000000005,0.9443192950520904,6.0,-0.11493442657312394,0.8293848684789665
992,-2.4000000000000057,0.9455882440647112,6.0,-0.12088491379618013,0.824703330268531
993,-2.350000000000006,0.9467422873153064,6.0,-0.160775541472514,0.7859667458427924
994,-2.300000000000006,0.9477968647157974,6.0,0.1020519743242219,1.0498488390400194
995,-2.250000000000006,0.9487731819346114,6.0,-0.07603534342238172,0.8727378385122296
996,-2.2000000000000064,0.9496986545227905,6.0,0.17043554316080506,1.1201341976835955
997,-2.1500000000000066,0.950607030639534,6.0,0.03480200206216063,0.9854090327016947
998,-2.1000000000000068,0.9515380459559046,6.0,0.11097892726569719,1.0625169732216018
999,-2.050000000000007,0.9525364704987892,6.0,-0.13307242968280014,0.819464040815989
1000,-2.000000000000007,0.953650446603671,6.0,-0.0610509821934329,0.8925994644102382
1001,-1.9500000000000075,0.954929095394598,6.0,-0.041570420874081825,0.9133586745205162
1002,-1.9000000000000077,0.9564194813219749,6.0,-0.031253108821670615,0.9251663725003042
1003,-1.850000000000008,0.9581631513363094,6.0,0.040056826936711254,0.9982199782730206
1004,-1.8000000000000078,0.9601925760092268,6.0,-0.07339357196898211,0.8867990040402447
1005,-1.750000000000008,0.9625278788001004,6.0,0.02943321022640312,0.9919610890265035
1006,-1.7000000000000082,0.9651742194971348,6.0,0.044992068371759925,1.0101662878688946
1007,-1.6500000000000083,0.9681200916520072,6.0,0.15562322354119884,1.123743315193206
1008,-1.6000000000000083,0.9713366197810877,6.0,-0.06589299050405174,0.9054436292770359
1009,-1.5500000000000087,0.9747777382341344,6.0,0.2323510846091541,1.2071288228432886
1010,-1.5000000000000089,0.9783809439832324,6.0,-0.0938196756781202,0.8845612683051122
1011,-1.450000000000009,0.9820681744832748,6.0,-0.18718125714940914,0.7948869173338656
1012,-1.4000000000000092,0.9857462830119272,6.0,-0.14152917900936265,0.8442171040025646
1013,-1.3500000000000094,0.9893065586643444,6.0,0.0033805060306575504,0.9926870646950019
1014,-1.3000000000000096,0.992622740414186,6.0,0.017792212347986575,1.0104149527621726
1015,-1.2500000000000098,0.9955469701339688,6.0,0.0494766251417699,1.0450235952757387
1016,-1.20000000000001,0.9979030842562876,6.0,0.06922424449048695,1.0671273287467746
1017,-1.15000000000001,0.9994765304793908,6.0,-0.08065244655353913,0.9188240839258517
1018,-1.1000000000000103,0.999999999999998,6.0,0.174624550059932,1.17462455005993
1019,-1.0500000000000105,0.999133598559275,6.0,-0.15931717945798396,0.839816419101291
1020,-1.0000000000000109,0.9964381125312912,6.0,-0.05644644964310799,0.9399916628881833
1021,-0.9500000000000108,0.9913398715502796,6.0,0.04188017680721791,1.0332200483574976
1022,-0.900000000000011,0.9830863883575756,6.0,0.11288052685358478,1.0959669152111604
1023,-0.8500000000000112,0.9706945017073204,6.0,0.007719523757741844,0.9784140254650623
1024,-0.8000000000000114,0.9528992975894708,6.0,0.2030632312629088,1.1559625288523796
1025,-0.7500000000000115,0.9281258582085068,6.0,0.10644032134198589,1.0345661795504926
1026,-0.7000000000000117,0.8945294932272729,6.0,-0.16270594880115882,0.7318235444261141
1027,-0.6500000000000119,0.8501790185911143,6.0,-0.06867400473475382,0.7815050138563605
1028,-0.6000000000000121,0.7934668846106269,6.0,0.3032710064535443,1.0967378910641712
1029,-0.5500000000000123,0.7237653681188165,6.0,0.08429514554997129,0.8080605136687878
1030,-0.5000000000000124,0.6421628621895007,6.0,0.2537680240448373,0.895930886234338
1031,-0.4500000000000126,0.5518815176280519,6.0,-0.007462352840706717,0.5444191647873452
1032,-0.4000000000000128,0.4579546516795584,6.0,0.0009647215887789415,0.4589193732683373
1033,-0.3500000000000129,0.3661298634600259,6.0,-0.20798065303062008,0.15814921042940583
1034,-0.3000000000000131,0.2815087425188915,6.0,0.14993648397889442,0.43144522649778594
1035,-0.2500000000000133,0.2075930214750933,6.0,0.07707800134417597,0.28467102281926926
1036,-0.2000000000000135,0.1460456872943722,6.0,-0.003543278720388712,0.1425024085739835
1037,-0.1500000000000136,0.0970127134911749,6.0,-0.08540691103602065,0.01160580245515426
1038,-0.1000000000000138,0.0596640298069597,6.0,-0.08046530770824419,-0.020801277901284485
1039,-0.050000000000014,0.032691240495502,6.0,-0.04577586075902894,-0.013084620263526942
1040,-1.4210854715202004e-14,0.0146535216741122,6.0,0.30878523542229885,0.32343875709641107
1041,0.0499999999999856,0.0041700324291841,6.0,0.1376118058944884,0.1417818383236725
1042,0.0999999999999854,0.0,6.0,0.021450686751407738,0.021450686751407738
1043,0.1499999999999852,0.0010559409405559,6.0,0.17824586496693176,0.17930180590748765
1044,0.199999999999985,0.0063853849070109,6.0,0.06179723641942581,0.06818262132643671
1045,0.2499999999999849,0.0151442464905691,6.0,-0.009636554053176326,0.005507692437392773
1046,0.2999999999999847,0.0265746836732547,6.0,-0.2788735390601351,-0.2522988553868804
1047,0.3499999999999845,0.0399925269030374,6.0,0.007589266281150586,0.04758179318418799
1048,0.3999999999999843,0.0547840288147286,6.0,0.059093834803655834,0.11387786361838444
1049,0.4499999999999842,0.0704086519225175,6.0,-0.15240201984131352,-0.08199336791879602
1050,0.499999999999984,0.0864036826712942,6.0,-0.06038851324558542,0.02601516942570878
1051,0.5499999999999838,0.1023871460406076,6.0,-0.03787078236542184,0.06451636367518576
1052,0.5999999999999837,0.118057037290014,6.0,-0.15454762712630984,-0.03649058983629584
1053,0.6499999999999835,0.1331865077691741,6.0,0.12482979585765291,0.25801630362682704
1054,0.6999999999999833,0.1476158077395269,6.0,-0.24694606356709953,-0.09933025582757263
1055,0.7499999999999831,0.1612423226850405,6.0,0.17598946766014642,0.3372317903451869
1056,0.799999999999983,0.1740100430560319,6.0,-0.15743869260115625,0.01657135045487565
1057,0.8499999999999828,0.1858995059739761,6.0,-0.133905517897787,0.051993988076189074
1058,0.8999999999999826,0.1969188537245434,6.0,0.06478920259455964,0.26170805631910304
1059,0.9499999999999824,0.2070963033898409,6.0,0.14833938484527684,0.35543568823511773
1060,0.9999999999999822,0.21647407019534,6.0,-0.10297537095363628,0.11349869924170373
1061,1.049999999999982,0.2251036359756844,6.0,0.03897128601212422,0.26407492198780863
1062,1.099999999999982,0.2330421811205767,6.0,0.11449367708144671,0.34753585820202343
1063,1.1499999999999817,0.2403499764167856,6.0,-0.10544919817912805,0.13490077823765756
1064,1.1999999999999815,0.2470885381184579,6.0,0.17188050392287238,0.4189690420413303
1065,1.2499999999999811,0.2533193702402108,6.0,0.24997022173682382,0.5032895919770346
1066,1.2999999999999812,0.2591031435032205,6.0,-0.0837170069964832,0.1753861365067373
1067,1.349999999999981,0.2644991858656756,6.0,-0.14771082214846756,0.11678836371720805
1068,1.3999999999999808,0.2695651830169806,6.0,-0.05322484043739423,0.2163403425795864
1069,1.4499999999999806,0.274357007910092,6.0,0.2957031423501384,0.5700601502602304
1070,1.4999999999999805,0.2789286163511689,6.0,0.0977657447314198,0.3766943610825887
1071,1.5499999999999805,0.2833319611607782,6.0,0.08677017041207714,0.3701021315728553
1072,1.59999999999998,0.2876168908479988,6.0,-0.11479710034903676,0.17281979049896204
1073,1.64999999999998,0.2918310104474058,6.0,-0.12298081482020777,0.168850195627198
1074,1.6999999999999795,0.2960194924224471,6.0,0.3434288089282112,0.6394483013506582
1075,1.7499999999999796,0.3002248344934349,6.0,-0.14494858573931918,0.15527624875411572
1076,1.7999999999999794,0.3044865689564011,6.0,-0.07449943455857615,0.22998713439782492
1077,1.8499999999999792,0.3088409344868508,6.0,-0.02070640547657809,0.2881345290102727
1078,1.899999999999979,0.313320526480388,6.0,-0.013600814750952418,0.29971971172943557
1079,1.9499999999999789,0.3179539455606426,6.0,-0.18199001808918533,0.13596392747145727
1080,1.999999999999979,0.3227654658909019,6.0,-0.06177224365589,0.26099322223501187
1081,2.0499999999999785,0.3277747453160016,6.0,-0.09674647284144262,0.23102827247455898
1082,2.0999999999999783,0.332996598167,6.0,0.1462425138398648,0.4792391120068648
1083,2.149999999999978,0.3384408489035547,6.0,-0.006671722748100806,0.3317691261554539
1084,2.199999999999978,0.3441122808600839,6.0,-0.030699105644486104,0.3134131752155978
1085,2.249999999999978,0.3500106894961753,6.0,0.11615127276742684,0.4661619622636022
1086,2.2999999999999776,0.3561310440864866,6.0,-0.14981514819037065,0.20631589589611596
1087,2.349999999999977,0.3624637561136817,6.0,-0.20171444039860645,0.16074931571507525
1088,2.3999999999999773,0.3689950471473503,6.0,0.1051346705614357,0.47412971770878604
1089,2.449999999999977,0.3757074040726645,6.0,-0.05772422867051018,0.3179831754021543
1090,2.499999999999977,0.3825801054883108,6.0,0.08090934753071839,0.46348945301902916
1091,2.5499999999999767,0.3895898001567619,6.0,-0.07518048995633018,0.3144093102004317
1092,2.599999999999977,0.3967111166976982,6.0,-0.07375311835228018,0.32295799834541805
1093,2.6499999999999764,0.4039172833010144,6.0,0.060374864633008556,0.46429214793402296
1094,2.699999999999976,0.4111807370335769,6.0,0.10975358302431548,0.5209343200578924
1095,2.749999999999976,0.4184737041719431,6.0,-0.16264051504954283,0.2558331891224003
1096,2.799999999999976,0.4257687356934329,6.0,-0.018615345866840657,0.4071533898265922
1097,2.849999999999976,0.4330391853411682,6.0,0.13041133125033158,0.5634505165914998
1098,2.8999999999999755,0.4402596212715016,6.0,-0.11284530777344887,0.3274143134980527
1099,2.9499999999999758,0.4474061659318452,6.0,-0.015352888280875063,0.4320532776509701
1100,2.999999999999975,0.4544567622724209,6.0,0.08138166821295062,0.5358384304853715
1101,3.049999999999975,0.4613913674824867,6.0,-0.02825678288357754,0.4331345845989092
1102,3.0999999999999748,0.4681920780310245,6.0,0.18552374722594317,0.6537158252569677
1103,3.1499999999999746,0.4748431918106846,6.0,-0.0007638835055792155,0.47407930830510536
1104,3.1999999999999744,0.4813312146115182,6.0,0.04989895916677109,0.5312301737782893
1105,3.2499999999999742,0.4876448190111764,6.0,-0.09303145040224882,0.3946133686089276
1106,3.299999999999974,0.4937747641177982,6.0,0.17231742612446144,0.6660921902422596
1107,3.349999999999974,0.4997137845196431,6.0,-0.10048291164869524,0.39923087287094783
1108,3.3999999999999737,0.5054564563717497,6.0,-0.13118421101123817,0.37427224536051157
1109,3.449999999999973,0.5109990478765785,6.0,-0.10932495059213819,0.40167409728444026
1110,3.4999999999999734,0.516339360579328,6.0,-0.0712858898489752,0.44505347073035284
1111,3.549999999999973,0.5214765669761429,6.0,-0.16959676693938655,0.35187980003675634
1112,3.599999999999973,0.5264110489880538,6.0,-0.1350195837543153,0.39139146523373847
1113,3.649999999999973,0.5311442409350253,6.0,-0.03878758868129274,0.4923566522537326
1114,3.6999999999999726,0.5356784797885422,6.0,-0.029951353890406443,0.5057271258981357
1115,3.749999999999973,0.54001686471146,6.0,0.06359023154255174,0.6036070962540118
1116,3.799999999999972,0.5441631272232897,6.0,0.09834085787369375,0.6425039850969835
1117,3.849999999999972,0.5481215127622595,6.0,-0.030320177101520584,0.5178013356607389
1118,3.899999999999972,0.5518966739506237,6.0,0.08484264192443113,0.6367393158750548
1119,3.949999999999972,0.5554935755004392,6.0,-0.026779303721681986,0.5287142717787572
1120,-4.0,0.0064086124401974,7.0,-0.1518177351696754,-0.14540912272947798
1121,-3.95,0.0063373904336225,7.0,-0.12940721019027177,-0.12306981975664927
1122,-3.9,0.0062649611668505,7.0,0.2081628633358179,0.2144278245026684
1123,-3.850000000000001,0.0061911953478023,7.0,0.22816750887354742,0.23435870422134972
1124,-3.8000000000000007,0.0061159560875071,7.0,-0.005714137913546266,0.0004018181739608344
1125,-3.750000000000001,0.0060390985453887,7.0,-0.13772875227234452,-0.13168965372695582
1126,-3.700000000000001,0.0059604695849729,7.0,0.016004866382586507,0.021965335967559407
1127,-3.650000000000001,0.0058799074482543,7.0,-0.17608823617943517,-0.17020832873118086
1128,-3.6000000000000014,0.0057972414589946,7.0,-0.004980385405211933,0.000816856053782667
1129,-3.5500000000000016,0.0057122917676814,7.0,0.10531668402223554,0.11102897578991694
1130,-3.5000000000000018,0.0056248691537791,7.0,-0.13731930803244344,-0.13169443887866433
1131,-3.450000000000002,0.0055347749043673,7.0,0.09316587423340572,0.09870064913777302
1132,-3.400000000000002,0.0054418007923385,7.0,-0.22590564728002083,-0.22046384648768233
1133,-3.3500000000000023,0.0053457291821266,7.0,0.059443541928561064,0.06478927111068766
1134,-3.3000000000000025,0.00524633329655,7.0,-0.25451681272577037,-0.24927047942922037
1135,-3.2500000000000027,0.0051433776848746,7.0,0.0392732459903872,0.0444166236752618
1136,-3.200000000000003,0.0050366189397616,7.0,0.15237217481965282,0.1574087937594144
1137,-3.150000000000003,0.0049258067194326,7.0,0.05899215820989524,0.06391796492932784
1138,-3.100000000000003,0.0048106851412889,7.0,-0.31003425389244643,-0.3052235687511575
1139,-3.050000000000004,0.0046909946244355,7.0,-0.32224101578183983,-0.3175500211574043
1140,-3.000000000000004,0.0045664742711324,7.0,0.08914562678598395,0.09371210105711635
1141,-2.950000000000004,0.0044368648911813,7.0,-0.12731504633154858,-0.12287818144036729
1142,-2.900000000000004,0.0043019127886049,7.0,0.05883287453107766,0.06313478731968256
1143,-2.850000000000004,0.0041613744466368,7.0,-0.09327411614343788,-0.08911274169680107
1144,-2.8000000000000043,0.0040150222648394,7.0,-0.1748572055138308,-0.1708421832489914
1145,-2.7500000000000044,0.003862651520906,7.0,-0.09826734460469182,-0.09440469308378582
1146,-2.7000000000000046,0.0037040887490511,7.0,0.21512025859792236,0.21882434734697345
1147,-2.650000000000005,0.0035392017465433,7.0,-0.2056366759772064,-0.2020974742306631
1148,-2.600000000000005,0.0033679114395281,7.0,-0.23089648807250435,-0.22752857663297624
1149,-2.550000000000005,0.0031902058586708,7.0,0.09891031025537261,0.10210051611404342
1150,-2.5000000000000053,0.0030061564944541,7.0,0.10462618196633555,0.10763233846078965
1151,-2.450000000000005,0.0028159373220878,7.0,0.09545359777847255,0.09826953510056036
1152,-2.4000000000000057,0.0026198468090117,7.0,0.14372375692352962,0.14634360373254132
1153,-2.350000000000006,0.0024183332481231,7.0,0.11075677240702018,0.11317510565514328
1154,-2.300000000000006,0.0022120238046686,7.0,-0.3448975061926723,-0.34268548238800367
1155,-2.250000000000006,0.002001757736929,7.0,0.05452466126111529,0.05652641899804429
1156,-2.2000000000000064,0.0017886243709366,7.0,-0.040456580934859376,-0.03866795656392277
1157,-2.1500000000000066,0.0015740066096062,7.0,-0.15998347183897257,-0.1584094652293664
1158,-2.1000000000000068,0.0013596310859628,7.0,0.23136687128955394,0.23272650237551673
1159,-2.050000000000007,0.0011476266024204,7.0,0.07760536116043966,0.07875298776286006
1160,-2.000000000000007,0.0009405933431629,7.0,-0.04900138611283597,-0.04806079276967307
1161,-1.9500000000000075,0.0007416866672793,7.0,-0.10042445608091001,-0.0996827694136307
1162,-1.9000000000000077,0.0005547213277901,7.0,-0.06470793421127953,-0.06415321288348944
1163,-1.850000000000008,0.0003843050770492,7.0,-0.08301881763919733,-0.08263451256214813
1164,-1.8000000000000078,0.0002360153593991,7.0,-0.21340492295800956,-0.21316890759861046
1165,-1.750000000000008,0.0001166400016608,7.0,0.023218751224086204,0.023335391225747005
1166,-1.7000000000000082,3.451381990381788e-05,7.0,-0.1359231564887807,-0.13588864266887687
1167,-1.6500000000000083,0.0,7.0,0.2297028314426639,0.2297028314426639
1168,-1.6000000000000083,2.6191462792151004e-05,7.0,-0.1692010715056084,-0.16917488004281625
1169,-1.5500000000000087,0.0001299489529452,7.0,-0.15175160442948135,-0.15162165547653614
1170,-1.5000000000000089,0.0003334588857442,7.0,-0.09957624565027674,-0.09924278676453255
1171,-1.450000000000009,0.0006666009974889,7.0,0.10344455765910664,0.10411115865659554
1172,-1.4000000000000092,0.0011705897336041,7.0,-0.15561276245180033,-0.15444217271819624
1173,-1.3500000000000094,0.0019036355150957,7.0,0.042992862636846256,0.04489649815194196
1174,-1.3000000000000096,0.0029498232175056,7.0,-0.10306018249552777,-0.10011035927802217
1175,-1.2500000000000098,0.0044330981243458,7.0,0.0739721885004915,0.0784052866248373
1176,-1.20000000000001,0.0065392183344769,7.0,0.15893428529418313,0.16547350362866003
1177,-1.15000000000001,0.0095495878650822,7.0,-0.007087412673619975,0.002462175191462225
1178,-1.1000000000000103,0.0138910867985993,7.0,-0.06235642426907183,-0.048465337470472526
1179,-1.0500000000000105,0.0202024642301373,7.0,0.0016921892598086223,0.021894653489945924
1180,-1.0000000000000109,0.0294038008226603,7.0,0.014441215902209075,0.04384501672486937
1181,-0.9500000000000108,0.0427203439147299,7.0,-0.13814318354094143,-0.09542283962621154
1182,-0.900000000000011,0.0615530804587837,7.0,0.15453168309072204,0.21608476354950573
1183,-0.8500000000000112,0.0870505266870986,7.0,-0.09661058138425482,-0.00956005469715622
1184,-0.8000000000000114,0.1193512500158837,7.0,0.3421308836195358,0.4614821336354195
1185,-0.7500000000000115,0.1568388221231798,7.0,-0.0228638998972112,0.13397492222596857
1186,-0.7000000000000117,0.1961012479945241,7.0,-0.029284894719888835,0.1668163532746353
1187,-0.6500000000000119,0.232972228839869,7.0,0.08835772157818289,0.3213299504180519
1188,-0.6000000000000121,0.2640736827139013,7.0,0.11934913019747066,0.383422812911372
1189,-0.5500000000000123,0.2877959672719684,7.0,0.14365128733145974,0.43144725460342814
1190,-0.5000000000000124,0.3042407689809935,7.0,-0.15234771358334687,0.15189305539764664
1191,-0.4500000000000126,0.3144900006230146,7.0,0.01781052695191563,0.3323005275749302
1192,-0.4000000000000128,0.3198132639285002,7.0,-0.058621580822927295,0.2611916831055729
1193,-0.3500000000000129,0.3211709539351514,7.0,0.189379243791591,0.5105501977267424
1194,-0.3000000000000131,0.3190586524820608,7.0,-0.03855274829786439,0.2805059041841964
1195,-0.2500000000000133,0.3135912133874263,7.0,-0.03462720770986693,0.27896400567755936
1196,-0.2000000000000135,0.3047120787129722,7.0,0.0226305557876352,0.32734263450060735
1197,-0.1500000000000136,0.2924402243450142,7.0,0.08132040314301364,0.37376062748802785
1198,-0.1000000000000138,0.2770811695305232,7.0,0.22159548273064156,0.49867665226116475
1199,-0.050000000000014,0.2593310414640857,7.0,-0.11955191613305172,0.13977912533103398
1200,-1.4210854715202004e-14,0.2402245397271806,7.0,0.194197916732781,0.4344224564599616
1201,0.0499999999999856,0.2209396090093513,7.0,-0.17351974047195318,0.04741986853739813
1202,0.0999999999999854,0.2025466184657877,7.0,-0.023592800598488357,0.17895381786729933
1203,0.1499999999999852,0.1858162938188755,7.0,-0.07120162985362322,0.11461466396525227
1204,0.199999999999985,0.1711526793815782,7.0,0.06089070071668505,0.23204338009826325
1205,0.2499999999999849,0.1586397839805871,7.0,-0.2534484772488533,-0.09480869326826619
1206,0.2999999999999847,0.1481448457748732,7.0,0.3812453228574057,0.5293901686322788
1207,0.3499999999999845,0.1394235456561803,7.0,0.07976689734181933,0.2191904429979996
1208,0.3999999999999843,0.132198584206205,7.0,-0.1231325551546862,0.009066029051518806
1209,0.4499999999999842,0.1262065892455376,7.0,-0.04079325315063763,0.08541333609489997
1210,0.499999999999984,0.1212200516287234,7.0,0.08317751997385069,0.2043975716025741
1211,0.5499999999999838,0.1170534572572941,7.0,0.02691919090697907,0.1439726481642732
1212,0.5999999999999837,0.1135610521458745,7.0,-0.14586484097855926,-0.032303788832684754
1213,0.6499999999999835,0.1106310716014255,7.0,-0.05085544223981856,0.05977562936160694
1214,0.6999999999999833,0.1081791355896771,7.0,0.25709068736778995,0.365269822957467
1215,0.7499999999999831,0.1061421170178071,7.0,-0.025935134054282643,0.08020698296352445
1216,0.799999999999983,0.104472987719153,7.0,0.09023963176520186,0.19471261948435487
1217,0.8499999999999828,0.103136733197406,7.0,0.04958200470349823,0.15271873790090423
1218,0.8999999999999826,0.1021072395067121,7.0,0.12099358728212598,0.22310082678883808
1219,0.9499999999999824,0.101364988921427,7.0,-0.3793391209313896,-0.2779741320099626
1220,0.9999999999999822,0.1008953938831914,7.0,0.027009814992596293,0.12790520887578768
1221,1.049999999999982,0.1006876175702424,7.0,0.0446457901558821,0.1453334077261245
1222,1.099999999999982,0.1007337569861672,7.0,0.2886159379887513,0.3893496949749185
1223,1.1499999999999817,0.1010282923034478,7.0,-0.09624704326185445,0.004781249041593355
1224,1.1999999999999815,0.1015677306467851,7.0,0.17892367548287944,0.28049140612966456
1225,1.2499999999999811,0.1023503923276346,7.0,-0.11054391233587756,-0.008193520008242958
1226,1.2999999999999812,0.103376302717487,7.0,-0.046551115480367194,0.05682518723711981
1227,1.349999999999981,0.1046471639979225,7.0,-0.027810155019355562,0.07683700897856693
1228,1.3999999999999808,0.1061663886796277,7.0,0.23840314944768104,0.3445695381273087
1229,1.4499999999999806,0.1079391817939844,7.0,0.16923296970786778,0.27717215150185215
1230,1.4999999999999805,0.10997266171833,7.0,-0.13623664618707995,-0.026263984468749946
1231,1.5499999999999805,0.1122760112847735,7.0,-0.004309196674882322,0.10796681460989119
1232,1.59999999999998,0.1148606516118465,7.0,-0.16018255621197292,-0.04532190460012642
1233,1.64999999999998,0.117740431343888,7.0,0.12603992334884956,0.24378035469273757
1234,1.6999999999999795,0.1209318239358668,7.0,-0.3437009460932669,-0.2227691221574001
1235,1.7499999999999796,0.1244541254411656,7.0,-0.13747981888955813,-0.013025693448392522
1236,1.7999999999999794,0.1283296450312346,7.0,0.043820053156165426,0.1721496981874
1237,1.8499999999999792,0.1325838802261337,7.0,0.10627408116561857,0.23885796139175228
1238,1.899999999999979,0.1372456685322639,7.0,0.14644259967765308,0.283688268209917
1239,1.9499999999999789,0.1423473068364401,7.0,0.06737899930499248,0.20972630614143256
1240,1.999999999999979,0.1479246294592689,7.0,0.11022522188604382,0.2581498513453127
1241,2.0499999999999785,0.1540170352025064,7.0,0.06653500699488202,0.22055204219738841
1242,2.0999999999999783,0.1606674530339079,7.0,-0.13315919201762375,0.027508261016284147
1243,2.149999999999978,0.1679222352674118,7.0,-0.11133297394620294,0.05658926132120885
1244,2.199999999999978,0.1758309662767246,7.0,-0.012962111413933546,0.16286885486279104
1245,2.249999999999978,0.1844461740189139,7.0,0.08782025658471841,0.2722664306036323
1246,2.2999999999999776,0.1938229310641477,7.0,-0.19166603608532046,0.002156894978827234
1247,2.349999999999977,0.204018331579424,7.0,-0.07119263258587165,0.13282569899355234
1248,2.3999999999999773,0.2150908309774941,7.0,-0.07566866625779749,0.1394221647196966
1249,2.449999999999977,0.2270994359269739,7.0,-0.1687282122839561,0.058371223643017806
1250,2.499999999999977,0.2401027343695904,7.0,0.2511507316518767,0.4912534660214671
1251,2.5499999999999767,0.2541577583856005,7.0,0.0012401823831370636,0.25539794076873756
1252,2.599999999999977,0.269318677499852,7.0,-0.13874732949868845,0.13057134800116355
1253,2.6499999999999764,0.2856353266512823,7.0,0.07413341734915574,0.359768744000438
1254,2.699999999999976,0.3031515818473159,7.0,0.01517518287175859,0.31832676471907445
1255,2.749999999999976,0.3219036076729395,7.0,-0.03828016542564793,0.2836234422472916
1256,2.799999999999976,0.3419180142885281,7.0,0.05872778639333282,0.4006458006818609
1257,2.849999999999976,0.36320997695378,7.0,-0.23628359073138183,0.12692638622239816
1258,2.8999999999999755,0.3857813876104012,7.0,-0.1934570715330494,0.19232431607735181
1259,2.9499999999999758,0.4096191242387228,7.0,-0.05915354886940391,0.3504655753693189
1260,2.999999999999975,0.4346935376062925,7.0,0.05952903437788228,0.49422257198417474
1261,3.049999999999975,0.4609572642425348,7.0,0.11827020174945399,0.5792274659919888
1262,3.0999999999999748,0.4883444764298594,7.0,0.06095676131448758,0.549301237744347
1263,3.1499999999999746,0.5167706723776505,7.0,0.056810378753280225,0.5735810511309307
1264,3.1999999999999744,0.5461330909853614,7.0,0.02589650727022325,0.5720295982555847
1265,3.2499999999999742,0.5763118054202526,7.0,-0.07426035878531134,0.5020514466349413
1266,3.299999999999974,0.6071715094979749,7.0,-0.1956345833222941,0.41153692617568083
1267,3.349999999999974,0.6385639636883429,7.0,-0.05598695884150239,0.5825770048468405
1268,3.3999999999999737,0.6703310181345216,7.0,0.227744010576898,0.8980750287114195
1269,3.449999999999973,0.7023080839713126,7.0,0.08495621697166139,0.7872643009429741
1270,3.4999999999999734,0.7343278871276611,7.0,-0.01801744987524354,0.7163104372524175
1271,3.549999999999973,0.7662243154681081,7.0,0.02263818601510118,0.7888625014832092
1272,3.599999999999973,0.7978361635746023,7.0,-0.23912305236271988,0.5587131112118824
1273,3.649999999999973,0.8290105903984046,7.0,0.045948864299412105,0.8749594546978168
1274,3.6999999999999726,0.8596061317286937,7.0,-0.2911834941050425,0.5684226376236512
1275,3.749999999999973,0.8894951482037119,7.0,-0.08549172028936804,0.8040034279143439
1276,3.799999999999972,0.9185656353950606,7.0,0.0007773076839137641,0.9193429430789745
1277,3.849999999999972,0.9467223698766842,7.0,0.06667152766526305,1.0133938975419472
1278,3.899999999999972,0.9738874091536488,7.0,-0.1872819999493731,0.7866054092042757
1279,3.949999999999972,0.999999999999999,7.0,0.06196033524205445,1.0619603352420535
1280,-4.0,0.0137933466949816,8.0,-0.23371606171670478,-0.21992271502172317
1281,-3.95,0.012679817971812,8.0,-0.21574728563345652,-0.20306746766164452
1282,-3.9,0.0115749800560307,8.0,0.06779499704198497,0.07936997709801566
1283,-3.850000000000001,0.0104840389807857,8.0,0.2802284979898949,0.2907125369706806
1284,-3.8000000000000007,0.0094125509516042,8.0,0.17909252978772583,0.18850508073933003
1285,-3.750000000000001,0.0083663913247056,8.0,-0.014992645152505204,-0.0066262538277996035
1286,-3.700000000000001,0.0073517163707723,8.0,0.051502242554764495,0.0588539589255368
1287,-3.650000000000001,0.0063749181585074,8.0,-0.011603594627154934,-0.005228676468647534
1288,-3.6000000000000014,0.0054425731177211,8.0,0.12050568248114801,0.1259482555988691
1289,-3.5500000000000016,0.0045613850590323,8.0,-0.1372897156034971,-0.13272833054446478
1290,-3.5000000000000018,0.0037381236247105,8.0,0.17510632809237414,0.17884445171708463
1291,-3.450000000000002,0.002979559311332,8.0,0.1643912324957507,0.1673707918070827
1292,-3.400000000000002,0.0022923963297101,8.0,0.19435705543938037,0.19664945176909046
1293,-3.3500000000000023,0.0016832046432185,8.0,0.10150388466728717,0.10318708931050567
1294,-3.3000000000000025,0.0011583525472976,8.0,-0.19136505238076862,-0.19020669983347102
1295,-3.2500000000000027,0.0007239411192783,8.0,-0.1156607142168316,-0.1149367730975533
1296,-3.200000000000003,0.0003857417810057,8.0,-0.011373996254439266,-0.010988254473433566
1297,-3.150000000000003,0.0001491380829108,8.0,-0.12964880768896622,-0.1294996696060554
1298,-3.100000000000003,1.9072646108115214e-05,8.0,0.16019957895725664,0.16021865160336476
1299,-3.050000000000004,0.0,8.0,0.08706558563328029,0.08706558563328029
1300,-3.000000000000004,9.584583940745972e-05,8.0,-0.02509393089033953,-0.02499808505093207
1301,-2.950000000000004,0.0003099730104027,8.0,0.02906336700476738,0.02937334001517008
1302,-2.900000000000004,0.0006451543302002,8.0,0.1972179272383198,0.19786308156852
1303,-2.850000000000004,0.0011035521645031,8.0,-0.01442272121287435,-0.01331916904837125
1304,-2.8000000000000043,0.0016867045342676,8.0,0.13800433302413337,0.13969103755840098
1305,-2.7500000000000044,0.0023955174088866,8.0,0.1990529186374121,0.2014484360462987
1306,-2.7000000000000046,0.0032302627674341,8.0,0.10670906569660063,0.10993932846403473
1307,-2.650000000000005,0.004190581974072,8.0,-0.0001697390625787764,0.004020842911493223
1308,-2.600000000000005,0.0052754940156642,8.0,0.018946901992197427,0.024222396007861628
1309,-2.550000000000005,0.0064834081844597,8.0,0.18238363355568102,0.1888670417401407
1310,-2.5000000000000053,0.0078121408499745,8.0,-0.09126452407030945,-0.08345238322033495
1311,-2.450000000000005,0.0092589360441934,8.0,0.14074155511951192,0.1500004911637053
1312,-2.4000000000000057,0.010820489674275,8.0,-0.15629608307572113,-0.1454755934014461
1313,-2.350000000000006,0.0124929772678825,8.0,0.2560843628582465,0.268577340126129
1314,-2.300000000000006,0.0142720852386501,8.0,-0.0009055383783572657,0.013366546860292833
1315,-2.250000000000006,0.0161530457235741,8.0,0.04293256238641994,0.05908560810999404
1316,-2.2000000000000064,0.0181306750806958,8.0,-0.08102288685863863,-0.06289221177794284
1317,-2.1500000000000066,0.0201994161347079,8.0,0.12096801395105135,0.14116743008575924
1318,-2.1000000000000068,0.0223533842101224,8.0,0.08210446335060688,0.10445784756072928
1319,-2.050000000000007,0.0245864168860968,8.0,-0.1265399166430345,-0.10195349975693768
1320,-2.000000000000007,0.0268921272327925,8.0,-0.2445518638738167,-0.2176597366410242
1321,-1.9500000000000075,0.0292639600340295,8.0,0.25206720834639557,0.28133116838042505
1322,-1.9000000000000077,0.0316952501513218,8.0,0.020420623309945676,0.052115873461267476
1323,-1.850000000000008,0.034179281724814,8.0,0.04422452218481067,0.07840380390962468
1324,-1.8000000000000078,0.0367093463202501,8.0,-0.006729572844933449,0.029979773475316652
1325,-1.750000000000008,0.0392787974000991,8.0,-0.24714881209633333,-0.20787001469623423
1326,-1.7000000000000082,0.0418810976042591,8.0,-0.031773763780200616,0.010107333824058484
1327,-1.6500000000000083,0.0445098542585796,8.0,0.036195757505691366,0.08070561176427096
1328,-1.6000000000000083,0.0471588372851298,8.0,-0.1065632330455801,-0.059404395760450306
1329,-1.5500000000000087,0.0498219722843396,8.0,-0.0026791844867227283,0.047142787797616874
1330,-1.5000000000000089,0.0524933000492626,8.0,0.19116136552539947,0.2436546655746621
1331,-1.450000000000009,0.0551668922689994,8.0,-0.2751306569565455,-0.21996376468754608
1332,-1.4000000000000092,0.057836711887478,8.0,-0.2959013004525301,-0.2380645885650521
1333,-1.3500000000000094,0.0604964058505558,8.0,-0.0933182255855441,-0.0328218197349883
1334,-1.3000000000000096,0.0631390183438607,8.0,-0.1287213263079592,-0.06558230796409852
1335,-1.2500000000000098,0.0657566149135493,8.0,0.03042675110430503,0.09618336601785432
1336,-1.20000000000001,0.0683398132379746,8.0,-0.23354978074533383,-0.16520996750735922
1337,-1.15000000000001,0.0708772263506653,8.0,0.09603893917337468,0.16691616552403998
1338,-1.1000000000000103,0.0733548407719199,8.0,0.1004091439620893,0.1737639847340092
1339,-1.0500000000000105,0.0757553775030889,8.0,0.23849233836555075,0.31424771586863964
1340,-1.0000000000000109,0.078057720224562,8.0,0.19122906113441895,0.269286781358981
1341,-0.9500000000000108,0.0802365433685879,8.0,0.01925564179236835,0.09949218516095626
1342,-0.900000000000011,0.0822623316640474,8.0,-0.17331290006576247,-0.09105056840171508
1343,-0.8500000000000112,0.0841020465165618,8.0,0.06948092814152249,0.1535829746580843
1344,-0.8000000000000114,0.085720750715717,8.0,0.04851419060305676,0.13423494131877375
1345,-0.7500000000000115,0.0870845305770554,8.0,0.12246480769464989,0.2095493382717053
1346,-0.7000000000000117,0.0881650252956184,8.0,0.13804893792479034,0.22621396322040874
1347,-0.6500000000000119,0.0889457570209458,8.0,-0.120822257012337,-0.031876499991391194
1348,-0.6000000000000121,0.0894302338083231,8.0,-0.03624090770926278,0.05318932609906032
1349,-0.5500000000000123,0.0896514845080327,8.0,-0.028911834157693123,0.06073965035033958
1350,-0.5000000000000124,0.0896823421897837,8.0,0.12690468967586005,0.21658703186564376
1351,-0.4500000000000126,0.0896455302530236,8.0,-0.058848286844894536,0.030797243408129067
1352,-0.4000000000000128,0.0897225387827336,8.0,-0.06212718798732847,0.027595350795405135
1353,-0.3500000000000129,0.0901604502918531,8.0,-0.027508098975049133,0.06265235131680397
1354,-0.3000000000000131,0.0912761730784229,8.0,-0.04522641184663197,0.04604976123179093
1355,-0.2500000000000133,0.0934576999314782,8.0,-0.07210494121437765,0.02135275871710056
1356,-0.2000000000000135,0.0971617334721303,8.0,-0.1511260357110024,-0.053964302238872094
1357,-0.1500000000000136,0.1029061972547083,8.0,-0.01749555555195394,0.08541064170275436
1358,-0.1000000000000138,0.1112550261400042,8.0,-0.049707150008071264,0.06154787613193293
1359,-0.050000000000014,0.1227917909280614,8.0,-0.10565785875334177,0.017133932174719632
1360,-1.4210854715202004e-14,0.1380789488142211,8.0,-0.20889605702841502,-0.07081710821419393
1361,0.0499999999999856,0.1576016113246726,8.0,-0.0855595631857195,0.0720420481389531
1362,0.0999999999999854,0.1816991915060082,8.0,-0.007592753452018137,0.17410643805399006
1363,0.1499999999999852,0.210494776030814,8.0,0.28597714826563214,0.49647192429644615
1364,0.199999999999985,0.2438385306201873,8.0,0.23268076792556538,0.4765192985457527
1365,0.2499999999999849,0.2812840339415929,8.0,0.15085951118497856,0.4321435451265715
1366,0.2999999999999847,0.322111301926233,8.0,0.067936481070705,0.390047782996938
1367,0.3499999999999845,0.3653971007357578,8.0,0.17873576725817178,0.5441328679939296
1368,0.3999999999999843,0.4101172759359515,8.0,0.036571912141146225,0.44668918807709773
1369,0.4499999999999842,0.455255592684408,8.0,-0.31230247658432514,0.14295311610008288
1370,0.499999999999984,0.4998942909378878,8.0,-0.08392900905853837,0.41596528187934945
1371,0.5499999999999838,0.5432716116359241,8.0,0.026313722123297627,0.5695853337592217
1372,0.5999999999999837,0.5848043998427351,8.0,0.12246582462245566,0.7072702244651908
1373,0.6499999999999835,0.6240832960351579,8.0,-0.2971868539683875,0.3268964420667704
1374,0.6999999999999833,0.6608515521513632,8.0,-0.1786392763714925,0.4822122757798707
1375,0.7499999999999831,0.6949773281902718,8.0,0.007908464130396177,0.702885792320668
1376,0.799999999999983,0.7264260206414414,8.0,0.3018412391405624,1.0282672597820037
1377,0.8499999999999828,0.7552358664364223,8.0,0.1700665926161122,0.9253024590525345
1378,0.8999999999999826,0.7814977611695864,8.0,-0.005532340988826341,0.77596542018076
1379,0.9499999999999824,0.8053390373105267,8.0,0.24591166684516366,1.0512507041556904
1380,0.9999999999999822,0.8269105505460369,8.0,0.0927481624789927,0.9196587130250296
1381,1.049999999999982,0.8463764385336668,8.0,-0.01512993108192284,0.831246507451744
1382,1.099999999999982,0.8639060679618356,8.0,-0.017547399076211997,0.8463586688856236
1383,1.1499999999999817,0.8796678278456217,8.0,-0.19384991764204262,0.6858179102035791
1384,1.1999999999999815,0.8938245132089658,8.0,0.17713268654570713,1.070957199754673
1385,1.2499999999999811,0.9065300795112112,8.0,0.08015399797599522,0.9866840774872064
1386,1.2999999999999812,0.9179275568850314,8.0,-0.1598239030890584,0.758103653795973
1387,1.349999999999981,0.9281479148128576,8.0,0.1295539364709984,1.057701851283856
1388,1.3999999999999808,0.937309674169834,8.0,0.3582050354642532,1.2955147096340873
1389,1.4499999999999806,0.9455190785729836,8.0,0.00757648565795728,0.9530955642309409
1390,1.4999999999999805,0.9528706596613788,8.0,0.015095897902683704,0.9679665575640626
1391,1.5499999999999805,0.9594480580996,8.0,0.3500854045229753,1.3095334626225754
1392,1.59999999999998,0.965324990321801,8.0,0.1499489297208252,1.1152739200426263
1393,1.64999999999998,0.9705662776181724,8.0,-0.05188409005908918,0.9186821875590832
1394,1.6999999999999795,0.97522887742128,8.0,-0.18002458573082705,0.7952042916904529
1395,1.7499999999999796,0.9793628758108014,8.0,0.05739841588485442,1.036761291695656
1396,1.7999999999999794,0.9830124152428908,8.0,-0.19716101954404192,0.7858513956988489
1397,1.8499999999999792,0.9862165426811548,8.0,-0.1703696889220041,0.8158468537591507
1398,1.899999999999979,0.9890099712418428,8.0,0.14756658229483025,1.136576553536673
1399,1.9499999999999789,0.9914237538237576,8.0,-0.05538951100632023,0.9360342428174373
1400,1.999999999999979,0.9934858706111396,8.0,0.1869581356550802,1.1804440062662198
1401,2.0499999999999785,0.995221734380024,8.0,0.04272703091634892,1.037948765296373
1402,2.0999999999999783,0.9966546186722066,8.0,0.2189896310612776,1.2156442497334843
1403,2.149999999999978,0.9978060144882176,8.0,-0.005442936859375204,0.9923630776288423
1404,2.199999999999978,0.9986959214526538,8.0,0.014969812138475687,1.0136657335911294
1405,2.249999999999978,0.9993430795910544,8.0,0.19403989216779882,1.193382971758853
1406,2.2999999999999776,0.9997651480179937,8.0,-0.2615428819110264,0.7382222661069673
1407,2.349999999999977,0.999978836999244,8.0,-0.2802788947394516,0.7196999422597923
1408,2.3999999999999773,0.999999999999998,8.0,-0.15403796494429844,0.8459620350556996
1409,2.449999999999977,0.999843692423006,8.0,0.14121809211630962,1.1410617845393156
1410,2.499999999999977,0.9995242037232892,8.0,0.08657289834920787,1.086097102072497
1411,2.5499999999999767,0.9990550694144704,8.0,-0.05151654772289624,0.9475385216915742
1412,2.599999999999977,0.9984490691282027,8.0,0.022727682949213804,1.0211767520774166
1413,2.6499999999999764,0.997718216348753,8.0,-0.2388789875974058,0.7588392287513472
1414,2.699999999999976,0.9968737447400496,8.0,-0.10539205283991564,0.891481691900134
1415,2.749999999999976,0.9959260951534372,8.0,0.054706588661241534,1.0506326838146787
1416,2.799999999999976,0.9948849065052546,8.0,-0.005750786857545701,0.9891341196477089
1417,2.849999999999976,0.9937590128033774,8.0,0.013677423681338178,1.0074364364847157
1418,2.8999999999999755,0.992556447736798,8.0,-0.03787493523095483,0.9546815125058431
1419,2.9499999999999758,0.9912844574682852,8.0,-0.08359453091742643,0.9076899265508588
1420,2.999999999999975,0.9899495216195272,8.0,0.028327292241335317,1.0182768138608624
1421,3.049999999999975,0.988557381928242,8.0,-0.1621097572796831,0.8264476246485589
1422,3.0999999999999748,0.9871130776906966,8.0,0.13650753507895888,1.1236206127696555
1423,3.1499999999999746,0.9856209868723992,8.0,0.1053116746295406,1.0909326615019397
1424,3.1999999999999744,0.9840848716575428,8.0,-0.053664415849879125,0.9304204558076636
1425,3.2499999999999742,0.9825079271923391,8.0,0.01585192333382505,0.9983598505261642
1426,3.299999999999974,0.9808928323352464,8.0,-0.15409944766430478,0.8267933846709417
1427,3.349999999999974,0.9792418013355004,8.0,0.08726520841831191,1.0665070097538123
1428,3.3999999999999737,0.9775566355001004,8.0,0.1360878740328327,1.113644509532933
1429,3.449999999999973,0.9758387740616188,8.0,-0.2951824086647434,0.6806563653968754
1430,3.4999999999999734,0.9740893436119196,8.0,0.127341730350767,1.1014310739626865
1431,3.549999999999973,0.9723092056107542,8.0,0.07232561923380611,1.0446348248445603
1432,3.599999999999973,0.9704990016072236,8.0,0.037149584407721044,1.0076485860149447
1433,3.649999999999973,0.9686591959230068,8.0,0.016185172961645265,0.984844368884652
1434,3.6999999999999726,0.9667901156378826,8.0,-0.20006530070441164,0.766724814933471
1435,3.749999999999973,0.964891987790867,8.0,-0.25694579468968903,0.707946193101178
1436,3.799999999999972,0.9629649737656768,8.0,0.042237691122383174,1.0052026648880599
1437,3.849999999999972,0.9610092008693708,8.0,-0.06256030463207121,0.8984488962372996
1438,3.899999999999972,0.9590247911402572,8.0,0.05691435125328423,1.0159391423935413
1439,3.949999999999972,0.9570118874380376,8.0,0.020548368452263273,0.9775602558903008
1440,-4.0,0.0008823363310348,9.0,0.07711941489082497,0.07800175122185976
1441,-3.95,0.0007835867372179,9.0,-0.1088385386782632,-0.1080549519410453
1442,-3.9,0.0006878634017082,9.0,-0.07111341775327926,-0.07042555435157105
1443,-3.850000000000001,0.0005957005105457,9.0,0.08876915161042995,0.08936485212097564
1444,-3.8000000000000007,0.0005076639220265,9.0,0.04789374520246547,0.04840140912449197
1445,-3.750000000000001,0.0004243505428317,9.0,-0.0045931823278046995,-0.004168831784972999
1446,-3.700000000000001,0.000346387576584,9.0,-0.001220847501543889,-0.000874459924959889
1447,-3.650000000000001,0.0002744317055987,9.0,0.058861177525015705,0.05913560923061441
1448,-3.6000000000000014,0.0002091682819446,9.0,-0.0004806198928707202,-0.00027145161092612016
1449,-3.5500000000000016,0.0001513106187816,9.0,-0.12708906773077774,-0.12693775711199615
1450,-3.5000000000000018,0.0001015994865638,9.0,-0.11140925989381438,-0.11130766040725058
1451,-3.450000000000002,6.080293035966796e-05,9.0,-0.014860786563142337,-0.01479998363278267
1452,-3.400000000000002,2.971653354578069e-05,9.0,0.22542613492794195,0.22545585146148772
1453,-3.3500000000000023,9.164258880412755e-06,9.0,0.040426858219834036,0.04043602247871445
1454,-3.3000000000000025,0.0,9.0,0.09816231401077868,0.09816231401077868
1455,-3.2500000000000027,3.109974441025373e-06,9.0,-0.04744575577375083,-0.04744264579930981
1456,-3.200000000000003,1.9416083323076e-05,9.0,-0.034198218720132866,-0.03417880263680979
1457,-3.150000000000003,4.988035300810702e-05,9.0,-0.1104604690046321,-0.110410588651624
1458,-3.100000000000003,9.551056078794776e-05,9.0,-0.07847961598369173,-0.07838410542290378
1459,-3.050000000000004,0.0001573671305632,9.0,0.24716525518952,0.2473226223200832
1460,-3.000000000000004,0.0002365713663453,9.0,0.08820733288046786,0.08844390424681317
1461,-2.950000000000004,0.0003343150721988,9.0,-0.0322885866938918,-0.031954271621693
1462,-2.900000000000004,0.0004518715879836,9.0,0.07087458947664854,0.07132646106463214
1463,-2.850000000000004,0.0005906082521189,9.0,0.15438525896426375,0.15497586721638265
1464,-2.8000000000000043,0.0007520002868015,9.0,-0.19634794268443875,-0.19559594239763725
1465,-2.7500000000000044,0.0009376460889872,9.0,-0.13661722549825517,-0.13567957940926798
1466,-2.7000000000000046,0.0011492839034368,9.0,0.0707547895223072,0.071904073425744
1467,-2.650000000000005,0.0013888098538172,9.0,0.058192419664908915,0.05958122951872612
1468,-2.600000000000005,0.0016582973160322,9.0,0.08449512466962081,0.08615342198565301
1469,-2.550000000000005,0.0019600176366769,9.0,0.04859800989018193,0.05055802752685883
1470,-2.5000000000000053,0.0022964622310785,9.0,0.021831918355394043,0.024128380586472542
1471,-2.450000000000005,0.0026703661423889,9.0,0.14167241485292456,0.14434278099531347
1472,-2.4000000000000057,0.0030847332084305,9.0,-0.2823148441870983,-0.2792301109786678
1473,-2.350000000000006,0.0035428630693587,9.0,-0.1111479209392707,-0.107605057869912
1474,-2.300000000000006,0.0040483803594893,9.0,-0.03181391810192258,-0.027765537742433278
1475,-2.250000000000006,0.0046052665632377,9.0,0.1620805409128814,0.1666858074761191
1476,-2.2000000000000064,0.0052178951797634,9.0,0.014305779292785396,0.019523674472548797
1477,-2.1500000000000066,0.0058910710342354,9.0,-0.13660808047788894,-0.13071700944365355
1478,-2.1000000000000068,0.0066300747949488,9.0,-0.04999897994397422,-0.043368905149025416
1479,-2.050000000000007,0.0074407140025916,9.0,0.12984861071323642,0.13728932471582803
1480,-2.000000000000007,0.0083293821870357,9.0,-0.02621130305413022,-0.01788192086709452
1481,-1.9500000000000075,0.0093031279331391,9.0,-0.07600218556923068,-0.06669905763609157
1482,-1.9000000000000077,0.0103697360545912,9.0,0.16387418327862427,0.17424391933321548
1483,-1.850000000000008,0.0115378233383549,9.0,0.11766688676786013,0.12920471010621504
1484,-1.8000000000000078,0.0128169516274345,9.0,-0.11124267395898978,-0.09842572233155528
1485,-1.750000000000008,0.0142177613139863,9.0,0.05844527903603598,0.07266304035002229
1486,-1.7000000000000082,0.0157521286178175,9.0,-0.0970197811764569,-0.08126765255863941
1487,-1.6500000000000083,0.0174333503280653,9.0,0.03818057976144479,0.055613930089510086
1488,-1.6000000000000083,0.0192763599887014,9.0,0.06434731574555003,0.08362367573425142
1489,-1.5500000000000087,0.0212979798072449,9.0,-0.025832267686616187,-0.0045342878793712856
1490,-1.5000000000000089,0.0235172128456919,9.0,-0.19945983398199088,-0.175942621136299
1491,-1.450000000000009,0.0259555802784755,9.0,-0.007437431596662642,0.018518148681812858
1492,-1.4000000000000092,0.0286375086078701,9.0,-0.020977149677914055,0.007660358929956045
1493,-1.3500000000000094,0.0315907715993039,9.0,-0.14517317934477794,-0.11358240774547404
1494,-1.3000000000000096,0.0348469911586046,9.0,0.17569256119584717,0.21053955235445176
1495,-1.2500000000000098,0.0384422001540382,9.0,0.027485785537161772,0.06592798569119998
1496,-1.20000000000001,0.0424174679113019,9.0,0.022175699945732867,0.06459316785703477
1497,-1.15000000000001,0.0468195852703149,9.0,-0.03805211714511257,0.008767468125202328
1498,-1.1000000000000103,0.0517018000338545,9.0,0.1781646785163794,0.2298664785502339
1499,-1.0500000000000105,0.0571245845660834,9.0,0.10025564667571726,0.15738023124180067
1500,-1.0000000000000109,0.0631564043293749,9.0,-0.06907424418057471,-0.005917839851199813
1501,-0.9500000000000108,0.0698744384269053,9.0,-0.1734978224094496,-0.10362338398254431
1502,-0.900000000000011,0.0773651801636503,9.0,0.11731883136892844,0.19468401153257875
1503,-0.8500000000000112,0.0857248173492985,9.0,-0.15965527260106085,-0.07393045525176235
1504,-0.8000000000000114,0.0950592599464364,9.0,0.2597591383684862,0.35481839831492257
1505,-0.7500000000000115,0.1054836502321884,9.0,-0.0769325533622412,0.02855109686994721
1506,-0.7000000000000117,0.1171211643470469,9.0,-0.15950045058998472,-0.04237928624293781
1507,-0.6500000000000119,0.1301009037598721,9.0,0.18956932586727698,0.3196702296271491
1508,-0.6000000000000121,0.1445546931722293,9.0,-0.06453725282015314,0.08001744035207616
1509,-0.5500000000000123,0.1606126597162535,9.0,-0.10304701819970435,0.05756564151654914
1510,-0.5000000000000124,0.1783975726635863,9.0,0.043383967209086785,0.22178153987267307
1511,-0.4500000000000126,0.1980180644168995,9.0,-0.06710616148117232,0.1309119029357272
1512,-0.4000000000000128,0.2195610017429907,9.0,0.17370075067533527,0.39326175241832595
1513,-0.3500000000000129,0.2430833794382964,9.0,-0.2319449845137885,0.011138394924507883
1514,-0.3000000000000131,0.2686041110689472,9.0,0.10938071445609632,0.37798482552504353
1515,-0.2500000000000133,0.2960959695166842,9.0,0.2726779849699074,0.5687739544865916
1516,-0.2000000000000135,0.3254777385420432,9.0,0.03615717449868449,0.3616349130407277
1517,-0.1500000000000136,0.3566065348354685,9.0,-0.23250419167800299,0.12410234315746552
1518,-0.1000000000000138,0.3892704768553946,9.0,-0.2904211324425968,0.0988493444127978
1519,-0.050000000000014,0.4231825854432932,9.0,0.1864207264573333,0.6096033119006264
1520,-1.4210854715202004e-14,0.4579779299068819,9.0,0.03229200502599296,0.49026993493287485
1521,0.0499999999999856,0.4932171175397751,9.0,0.011543219825885508,0.5047603373656606
1522,0.0999999999999854,0.5283994681748204,9.0,-0.0725984488190644,0.455801019355756
1523,0.1499999999999852,0.5629878725249112,9.0,0.0037222923989740225,0.5667101649238853
1524,0.199999999999985,0.5964443013911647,9.0,0.15842303758269952,0.7548673389738642
1525,0.2499999999999849,0.6282711525418944,9.0,-0.053223911153793935,0.5750472413881005
1526,0.2999999999999847,0.6580508156115463,9.0,0.0012781823816471057,0.6593289979931934
1527,0.3499999999999845,0.6854755450804058,9.0,-0.03319577500216157,0.6522797700782442
1528,0.3999999999999843,0.710362282760882,9.0,-0.04003477703847668,0.6703275057224053
1529,0.4499999999999842,0.7326513089216953,9.0,0.04077262863424804,0.7734239375559433
1530,0.499999999999984,0.7523916411579195,9.0,-0.022164552557054264,0.7302270886008652
1531,0.5499999999999838,0.7697184696114349,9.0,0.14000474085241302,0.9097232104638479
1532,0.5999999999999837,0.7848282181838643,9.0,0.07059791996027691,0.8554261381441411
1533,0.6499999999999835,0.7979556011246097,9.0,-0.10768282591765367,0.6902727752069561
1534,0.6999999999999833,0.8093552116443983,9.0,0.023944305840264885,0.8332995174846631
1535,0.7499999999999831,0.8192884785530865,9.0,0.22726681754086606,1.0465552960939526
1536,0.799999999999983,0.8280156235803956,9.0,0.2116958331582312,1.0397114567386267
1537,0.8499999999999828,0.835791579681232,9.0,0.13035078509513678,0.9661423647763687
1538,0.8999999999999826,0.8428645396388837,9.0,-0.13573594845545112,0.7071285911834326
1539,0.9499999999999824,0.8494756940848958,9.0,0.07448160649586351,0.9239573005807593
1540,0.9999999999999822,0.8558586252465286,9.0,-0.3025345300231837,0.5533240952233449
1541,1.049999999999982,0.8622366901391338,9.0,0.22445533575613186,1.0866920258952657
1542,1.099999999999982,0.868816674221123,9.0,0.2908705981353859,1.1596872723565088
1543,1.1499999999999817,0.8757773567715903,9.0,-0.04490074129373369,0.8308766154778566
1544,1.1999999999999815,0.8832528467215915,9.0,0.20389060203128417,1.0871434487528757
1545,1.2499999999999811,0.8913128410892704,9.0,0.033468855760471115,0.9247816968497415
1546,1.2999999999999812,0.8999448364532885,9.0,0.21957820353063098,1.1195230399839196
1547,1.349999999999981,0.9090453538392193,9.0,-0.04749163043199876,0.8615537234072205
1548,1.3999999999999808,0.9184265833559386,9.0,0.2904475355988288,1.2088741189547674
1549,1.4499999999999806,0.9278406341202534,9.0,-0.2837883152346606,0.6440523188855929
1550,1.4999999999999805,0.9370171053414718,9.0,0.0177466694387519,0.9547637747802237
1551,1.5499999999999805,0.9457042446698976,9.0,-0.20082119520092132,0.7448830494689762
1552,1.59999999999998,0.9537026584181691,9.0,-0.11640947135946604,0.8372931870587031
1553,1.64999999999998,0.960884029669256,9.0,-0.04756106223121722,0.9133229674380388
1554,1.6999999999999795,0.9671933232102682,9.0,0.13804994739061577,1.105243270600884
1555,1.7499999999999796,0.972638201253704,9.0,0.09500718121254892,1.067645382466253
1556,1.7999999999999794,0.9772717761027172,9.0,-0.1272820520097035,0.8499897240930137
1557,1.8499999999999792,0.9811743891527426,9.0,0.2931898074960023,1.274364196648745
1558,1.899999999999979,0.9844381233753094,9.0,-0.22649897515673864,0.7579391482185708
1559,1.9499999999999789,0.987155598998732,9.0,-0.11774441074208433,0.8694111882566476
1560,1.999999999999979,0.9894130412972394,9.0,-0.09771499182075265,0.8916980494764868
1561,2.0499999999999785,0.9912868020201302,9.0,0.08816891802664169,1.0794557200467718
1562,2.0999999999999783,0.9928422861361068,9.0,0.09810412930538359,1.0909464154414903
1563,2.149999999999978,0.9941343335328274,9.0,-0.06000582460002209,0.9341285089328053
1564,2.199999999999978,0.9952083348140872,9.0,-0.2448544266020559,0.7503539082120313
1565,2.249999999999978,0.9961016040970676,9.0,-0.22004190134389084,0.7760597027531768
1566,2.2999999999999776,0.9968447342108508,9.0,-0.07726138156854026,0.9195833526423106
1567,2.349999999999977,0.9974628037644572,9.0,-0.0867322467586552,0.910730557005802
1568,2.3999999999999773,0.9979763947431288,9.0,-0.1164823345118067,0.8814940602313222
1569,2.449999999999977,0.9984024263160942,9.0,-0.09869891358787353,0.8997035127282207
1570,2.499999999999977,0.9987548299333608,9.0,0.04122526883392593,1.0399800987672867
1571,2.5499999999999767,0.9990450948094034,9.0,-0.2724045516499219,0.7266405431594816
1572,2.599999999999977,0.9992827099910024,9.0,-0.14957976685895918,0.8497029431320433
1573,2.6499999999999764,0.999475524245242,9.0,-0.08989809669707223,0.9095774275481697
1574,2.699999999999976,0.9996300402485998,9.0,0.20874613464704703,1.2083761748956467
1575,2.749999999999976,0.9997516557563264,9.0,-0.08618854474767901,0.9135631110086474
1576,2.799999999999976,0.9998448616133392,9.0,0.033907164403633366,1.0337520260169726
1577,2.849999999999976,0.999913404420487,9.0,0.29445257581020406,1.294365980230691
1578,2.8999999999999755,0.9999604201592308,9.0,-0.1134279088815709,0.8865325112776599
1579,2.9499999999999758,0.9999885439242382,9.0,-0.00659199886945919,0.993396545054779
1580,2.999999999999975,0.9999999999999948,9.0,-0.08714004591654413,0.9128599540834507
1581,3.049999999999975,0.9999966757741032,9.0,0.16967156546494505,1.1696682412390482
1582,3.0999999999999748,0.9999801823653036,9.0,0.006227451605676197,1.0062076339709798
1583,3.1499999999999746,0.999951904333383,9.0,-0.2383682626925395,0.7615836416408435
1584,3.1999999999999744,0.999913040413984,9.0,0.0988459750794178,1.0987590154934017
1585,3.2499999999999742,0.99986463687071,9.0,0.26006983413683016,1.2599344710075402
1586,3.299999999999974,0.9998076147687136,9.0,-0.011536261563917821,0.9882713532047958
1587,3.349999999999974,0.9997427922382456,9.0,0.02150959968997826,1.021252391928224
1588,3.3999999999999737,0.9996709026046804,9.0,0.0028539067662978874,1.0025248093709782
1589,3.449999999999973,0.9995926091056366,9.0,0.20868860888807647,1.208281217993713
1590,3.4999999999999734,0.9995085167893474,9.0,-0.01950392490995844,0.9800045918793889
1591,3.549999999999973,0.9994191820858132,9.0,-0.0018563929183944231,0.9975627891674187
1592,3.599999999999973,0.9993251204588386,9.0,0.10634395498606887,1.1056690754449074
1593,3.649999999999973,0.999226812478997,9.0,0.050779734356935266,1.0500065468359323
1594,3.6999999999999726,0.9991247086017796,9.0,0.18213782671313336,1.1812625353149129
1595,3.749999999999973,0.999019232889203,9.0,-0.001979084115377243,0.9970401487738257
1596,3.799999999999972,0.9989107858749836,9.0,0.01201499325311412,1.0109257791280977
1597,3.849999999999972,0.9987997467414752,9.0,0.013223078581674912,1.01202282532315
1598,3.899999999999972,0.9986864749497074,9.0,-0.22649181640534577,0.7721946585443616
1599,3.949999999999972,0.9985713114410634,9.0,0.032449493858151636,1.031020805299215
