,x1,y,rep,noise,y_noise
0,-4.0,0.9999999999999998,0.0,-0.06301385632722355,0.9369861436727762
1,-3.95,0.9532703293904524,0.0,-0.051271789709346795,0.9019985396811057
2,-3.9,0.9065406587809004,0.0,0.014170010763914616,0.9207106695448151
3,-3.850000000000001,0.8598109881713443,0.0,-0.06861604340034202,0.7911949447710023
4,-3.8000000000000007,0.813081317561793,0.0,0.02141833896810812,0.8344996565299011
5,-3.750000000000001,0.7663516469522327,0.0,-0.059258508820306026,0.7070931381319266
6,-3.700000000000001,0.7196219763426841,0.0,-0.017343678880911234,0.7022782974617728
7,-3.650000000000001,0.6728923057331317,0.0,0.03105615405724226,0.703948459790374
8,-3.6000000000000014,0.6261626351235802,0.0,0.005766159589687257,0.6319287947132675
9,-3.5500000000000016,0.5794329645140212,0.0,-0.10448989785892492,0.4749430666550962
10,-3.5000000000000018,0.532703293904475,0.0,-0.007649313202970656,0.5250539807015043
11,-3.450000000000002,0.4859736232949178,0.0,-0.02276923475543597,0.4632043885394818
12,-3.400000000000002,0.4406870766421867,0.0,-0.03994830376815305,0.40073877287403364
13,-3.3500000000000023,0.3995138901460017,0.0,0.09988826792387458,0.49940215806987626
14,-3.3000000000000025,0.3586166608697724,0.0,0.02366640197490634,0.3822830628446787
15,-3.2500000000000027,0.3186983126264596,0.0,0.04291852302471148,0.3616168356511711
16,-3.200000000000003,0.278779964383152,0.0,0.04761865155125077,0.3263986159344028
17,-3.150000000000003,0.2388616161398411,0.0,-0.09252282521942531,0.1463387909204158
18,-3.100000000000003,0.1989432678965303,0.0,-0.04491582642025979,0.1540274414762705
19,-3.050000000000004,0.1613652555572358,0.0,-0.042653214130302146,0.11871204142693365
20,-3.000000000000004,0.1239116502235774,0.0,0.041433601784697835,0.16534525200827524
21,-2.950000000000004,0.0815048790015434,0.0,0.04858704500499492,0.13009192400653832
22,-2.900000000000004,0.0386665476888825,0.0,0.03499898072421533,0.07366552841309784
23,-2.850000000000004,0.0,0.0,-0.026158149823988498,-0.026158149823988498
24,-2.8000000000000043,0.0104676244470131,0.0,0.08898117570007939,0.0994488001470925
25,-2.7500000000000044,0.0209352488940292,0.0,0.015110646594460063,0.036045895488489264
26,-2.7000000000000046,0.0314028733410426,0.0,0.061331931907860696,0.09273480524890329
27,-2.650000000000005,0.0380635345671466,0.0,-0.07667153121910066,-0.03860799665195406
28,-2.600000000000005,0.0391734770313677,0.0,-0.06240646454569333,-0.023232987514325634
29,-2.550000000000005,0.0407187170106938,0.0,0.018672022098688786,0.059390739109382584
30,-2.5000000000000053,0.0423582033670694,0.0,-0.012748939335403102,0.029609264031666298
31,-2.450000000000005,0.0439976897234464,0.0,-0.030900609761897083,0.013097079961549317
32,-2.4000000000000057,0.0456371760798221,0.0,0.02396178438834988,0.06959896046817199
33,-2.350000000000006,0.0477589453774605,0.0,0.01741815177324169,0.06517709715070219
34,-2.300000000000006,0.063360952478118,0.0,0.14005049714452156,0.20341144962263957
35,-2.250000000000006,0.1113539675338552,0.0,0.0034654901778387996,0.114819457711694
36,-2.2000000000000064,0.1653610888712371,0.0,0.016183909365324142,0.18154499823656123
37,-2.1500000000000066,0.2193682102086166,0.0,0.015497732111972175,0.23486594232058877
38,-2.1000000000000068,0.2722563255932678,0.0,-0.0016954022473437361,0.2705609233459241
39,-2.050000000000007,0.321198701136544,0.0,-0.01858918967824953,0.30260951145829446
40,-2.000000000000007,0.3671508206643511,0.0,0.008756163497237825,0.37590698416158896
41,-1.9500000000000075,0.4054697230538124,0.0,0.02627893427469364,0.43174865732850604
42,-1.9000000000000077,0.443788625443272,0.0,-0.00739485008487419,0.43639377535839785
43,-1.850000000000008,0.4872990546577967,0.0,-0.009072708758736715,0.47822634589906
44,-1.8000000000000078,0.5265941511576011,0.0,-0.015626580838816913,0.5109675703187841
45,-1.750000000000008,0.5555759288995382,0.0,-0.016073222250577345,0.5395027066489608
46,-1.7000000000000082,0.5845577066414753,0.0,-0.004807430980670091,0.5797502756608053
47,-1.6500000000000083,0.6135394843834137,0.0,0.03772546735656897,0.6512649517399827
48,-1.6000000000000083,0.6425212621253511,0.0,0.03408114244772278,0.6766024045730739
49,-1.5500000000000087,0.6651601369668682,0.0,-0.0463916649350044,0.6187684720318638
50,-1.5000000000000089,0.6782149997653785,0.0,0.012436362408900233,0.6906513621742787
51,-1.450000000000009,0.6638571629702021,0.0,-0.11097948370588727,0.5528776792643149
52,-1.4000000000000092,0.6479784308572385,0.0,-0.00292835523399936,0.6450500756232391
53,-1.3500000000000094,0.6370279725093053,0.0,-0.10214439569476041,0.5348835768145449
54,-1.3000000000000096,0.6322965311657941,0.0,-0.03722082179341007,0.5950757093723841
55,-1.2500000000000098,0.6247932356551674,0.0,0.07487178907462708,0.6996650247297945
56,-1.20000000000001,0.6150997026742221,0.0,0.06992005627071939,0.6850197589449415
57,-1.15000000000001,0.6038097708345234,0.0,-0.0415546782444569,0.5622550925900665
58,-1.1000000000000103,0.6017440013915972,0.0,0.027429559193620275,0.6291735605852175
59,-1.0500000000000105,0.5718502650273446,0.0,0.032701922345908296,0.6045521873732529
60,-1.0000000000000109,0.5417321474175806,0.0,-0.027193647131042043,0.5145385002865386
61,-0.9500000000000108,0.5100214250354145,0.0,0.03875187678195925,0.5487733018173737
62,-0.900000000000011,0.4773028525765499,0.0,-0.026778382213651586,0.45052447036289833
63,-0.8500000000000112,0.4453983623246137,0.0,-0.022707317588355966,0.42269104473625774
64,-0.8000000000000114,0.41421946289551,0.0,0.009339227971196188,0.42355869086670617
65,-0.7500000000000115,0.3771477501093116,0.0,0.023460331253409804,0.4006080813627214
66,-0.7000000000000117,0.342889954585672,0.0,0.028704213227621428,0.37159416781329346
67,-0.6500000000000119,0.308826384406943,0.0,-0.02646832943700645,0.28235805496993654
68,-0.6000000000000121,0.2954618296484212,0.0,0.07226203843270827,0.3677238680811295
69,-0.5500000000000123,0.3010703908201252,0.0,-0.020707439036250774,0.28036295178387444
70,-0.5000000000000124,0.2886296723767332,0.0,0.024251438802483587,0.3128811111792168
71,-0.4500000000000126,0.3044859242920719,0.0,0.05550390687264574,0.3599898311647176
72,-0.4000000000000128,0.3193905408374373,0.0,0.11673721129162618,0.43612775212906346
73,-0.3500000000000129,0.3427161820959434,0.0,-0.04100817119582346,0.30170801090011995
74,-0.3000000000000131,0.367231037060016,0.0,-0.029797041675443392,0.3374339953845726
75,-0.2500000000000133,0.3723252673857634,0.0,0.04050567179258205,0.41283093917834546
76,-0.2000000000000135,0.3784096281454616,0.0,-0.05949678394761622,0.3189128441978454
77,-0.1500000000000136,0.3804201922576326,0.0,0.049481943240189785,0.42990213549782236
78,-0.1000000000000138,0.3737362993019953,0.0,-0.07664950771415668,0.29708679158783863
79,-0.050000000000014,0.3689508466165838,0.0,-0.018414028644724443,0.3505368179718593
80,-1.4210854715202004e-14,0.373195292215894,0.0,-0.0638900956262953,0.30930519658959865
81,0.0499999999999856,0.3844348468323899,0.0,0.04975320130058564,0.4341880481329755
82,0.0999999999999854,0.3958738419236154,0.0,0.008867231389950981,0.4047410733135664
83,0.1499999999999852,0.4005320974856107,0.0,-0.008436920709052175,0.39209517677655853
84,0.199999999999985,0.4145289859869335,0.0,0.11030255381222638,0.5248315397991599
85,0.2499999999999849,0.4286122402349705,0.0,0.05488688208603602,0.48349912232100656
86,0.2999999999999847,0.4426954944830072,0.0,-0.08416781048693567,0.35852768399607154
87,0.3499999999999845,0.4580152519665754,0.0,0.1158062280472739,0.5738214800138492
88,0.3999999999999843,0.4734746408214647,0.0,0.022351713860279555,0.49582635468174424
89,0.4499999999999842,0.4862146927103912,0.0,0.007352714258608193,0.49356740696899937
90,0.499999999999984,0.4983708130459496,0.0,0.013718735510741884,0.5120895485566915
91,0.5499999999999838,0.5105269333815085,0.0,0.0006449780146374085,0.5111719113961458
92,0.5999999999999837,0.5226830537170674,0.0,0.020358675908194124,0.5430417296252614
93,0.6499999999999835,0.5348391740526254,0.0,0.028687475206733388,0.5635266492593588
94,0.6999999999999833,0.5469952943881837,0.0,-0.017623330448704403,0.5293719639394793
95,0.7499999999999831,0.5591514147237429,0.0,0.1249227147151695,0.6840741294389123
96,0.799999999999983,0.5713075350593001,0.0,-0.07332072455269242,0.49798681050660765
97,0.8499999999999828,0.5834636553948603,0.0,0.04927183394711041,0.6327354893419708
98,0.8999999999999826,0.5956197757304191,0.0,0.03592712691259296,0.631546902643012
99,0.9499999999999824,0.6077758960659772,0.0,0.017479596511637628,0.6252554925776148
100,0.9999999999999822,0.6185691344640099,0.0,-0.054486341089703884,0.564082793374306
101,1.049999999999982,0.6256753729690978,0.0,0.10253490480135175,0.7282102777704496
102,1.099999999999982,0.6312128999966584,0.0,0.01947176048252279,0.6506846604791812
103,1.1499999999999817,0.6367504270242189,0.0,0.027296704275477257,0.6640471312996962
104,1.1999999999999815,0.6422879540517785,0.0,-0.035777172313887766,0.6065107817378907
105,1.2499999999999811,0.6478254810793381,0.0,0.03875433701139151,0.6865798180907297
106,1.2999999999999812,0.6533630081068994,0.0,0.05410926770197975,0.7074722758088792
107,1.349999999999981,0.6589005351344595,0.0,0.040547680971044664,0.6994482161055041
108,1.3999999999999808,0.6590939589271803,0.0,-0.03056128708634941,0.6285326718408308
109,1.4499999999999806,0.6586269190195465,0.0,-0.063078586687697,0.5955483323318496
110,1.4999999999999805,0.6585084794923454,0.0,-0.0014873888037189456,0.6570210906886265
111,1.5499999999999805,0.6589451364045498,0.0,0.013492400939188338,0.6724375373437381
112,1.59999999999998,0.6633489109734987,0.0,0.001986991735854829,0.6653359027093535
113,1.64999999999998,0.6706837102177698,0.0,0.0653944114389761,0.7360781216567459
114,1.6999999999999795,0.6703966797546888,0.0,-0.05200529980207006,0.6183913799526187
115,1.7499999999999796,0.6565942972696707,0.0,0.016497577480958026,0.6730918747506287
116,1.7999999999999794,0.640940598092225,0.0,0.03601719130239184,0.6769577893946168
117,1.8499999999999792,0.6253045072786559,0.0,0.06463739128218952,0.6899418985608454
118,1.899999999999979,0.6112086703272214,0.0,0.01673424635866534,0.6279429166858868
119,1.9499999999999789,0.5877278816861463,0.0,-0.07030897418407266,0.5174189075020736
120,1.999999999999979,0.5629989633296224,0.0,-0.11081166793331379,0.45218729539630864
121,2.0499999999999785,0.538270044973098,0.0,0.03476219397019073,0.5730322389432888
122,2.0999999999999783,0.5135411266165746,0.0,0.016574871581699024,0.5301159981982736
123,2.149999999999978,0.4888122082600492,0.0,-0.06291869604645711,0.42589351221359206
124,2.199999999999978,0.4640832899035246,0.0,-0.051330288658976854,0.4127530012445477
125,2.249999999999978,0.4393543715470012,0.0,-0.017424858304752,0.4219295132422492
126,2.2999999999999776,0.4123182928727943,0.0,-0.05043678212137455,0.3618815107514198
127,2.349999999999977,0.3836045388754671,0.0,0.01752124394702388,0.40112578282249095
128,2.3999999999999773,0.3548907848781413,0.0,0.02692145318457409,0.38181223806271536
129,2.449999999999977,0.3261770308808136,0.0,-0.12202351176271574,0.20415351911809787
130,2.499999999999977,0.2974632768834869,0.0,-0.0697577712224828,0.2277055056610041
131,2.5499999999999767,0.2695695788930987,0.0,-0.0352426439934729,0.23432693489962578
132,2.599999999999977,0.2444038425340486,0.0,0.04349486695015024,0.2878987094841988
133,2.6499999999999764,0.2402561525190454,0.0,-0.0742525610708277,0.1660035914482177
134,2.699999999999976,0.237459801947303,0.0,-0.05769691550741516,0.17976288643988786
135,2.749999999999976,0.2347217630720998,0.0,0.09389165733792487,0.32861342041002467
136,2.799999999999976,0.232005801356464,0.0,-0.02334499094725744,0.20866081040920656
137,2.849999999999976,0.2292898396408307,0.0,-0.036562742587947165,0.19272709705288352
138,2.8999999999999755,0.2265738779251948,0.0,0.01643170982213898,0.24300558774733377
139,2.9499999999999758,0.2238579162095604,0.0,0.03627516189136228,0.2601330781009227
140,2.999999999999975,0.2211419544939262,0.0,-0.020931029768314867,0.20021092472561133
141,3.049999999999975,0.218425992778291,0.0,0.03676536927095795,0.25519136204924897
142,3.0999999999999748,0.2157100310626557,0.0,-0.05061529203673612,0.1650947390259196
143,3.1499999999999746,0.2129940693470214,0.0,0.04956949576759971,0.2625635651146211
144,3.1999999999999744,0.2102781076313867,0.0,-0.06336581760427637,0.14691229002711034
145,3.2499999999999742,0.2075621459157502,0.0,0.06894667661774026,0.27650882253349046
146,3.299999999999974,0.2048461842001174,0.0,-0.004225082058866007,0.2006211021412514
147,3.349999999999974,0.2021302224844808,0.0,0.025594315453686334,0.22772453793816713
148,3.3999999999999737,0.1994142607688462,0.0,-0.06363069459176965,0.13578356617707654
149,3.449999999999973,0.1966982990532116,0.0,0.011917257000377829,0.20861555605358942
150,3.4999999999999734,0.1939823373375769,0.0,-0.05550482602163183,0.13847751131594505
151,3.549999999999973,0.1912663756219413,0.0,-0.007605657272320334,0.18366071834962097
152,3.599999999999973,0.1885504139063054,0.0,0.03721248299069895,0.22576289689700435
153,3.649999999999973,0.1858344521906717,0.0,-0.0475139625494075,0.1383204896412642
154,3.6999999999999726,0.1831184904750374,0.0,0.003097485195291193,0.18621597567032858
155,3.749999999999973,0.1804025287594015,0.0,-0.06084018749359896,0.11956234126580254
156,3.799999999999972,0.1776865670437665,0.0,-0.06715429981834943,0.11053226722541708
157,3.849999999999972,0.1749706053281312,0.0,0.042084142121349005,0.2170547474494802
158,3.899999999999972,0.1722546436124952,0.0,0.0656080529775406,0.2378626965900358
159,3.949999999999972,0.1695386818968619,0.0,0.016737069232080484,0.18627575112894237
160,-4.0,0.3253936510174813,1.0,-0.03781394925539547,0.2875797017620858
161,-3.95,0.3244615504194073,1.0,0.0009429836984759766,0.3254045341178832
162,-3.9,0.3222073371624419,1.0,0.06912934548608178,0.39133668264852367
163,-3.850000000000001,0.3195908230566202,1.0,-4.3929548799450065e-07,0.3195903837611322
164,-3.8000000000000007,0.3190103581822391,1.0,-0.016861030829832736,0.30214932735240635
165,-3.750000000000001,0.3184298933078578,1.0,0.004650753712748059,0.32308064702060585
166,-3.700000000000001,0.3178494284334769,1.0,0.00431645924031551,0.3221658876737924
167,-3.650000000000001,0.3172689635590958,1.0,-0.010662736958706008,0.3066062266003898
168,-3.6000000000000014,0.3156870958308601,1.0,-0.010206740955812662,0.30548035487504743
169,-3.5500000000000016,0.3103160406336006,1.0,0.06640052933629657,0.37671656996989716
170,-3.5000000000000018,0.2813150976382328,1.0,-0.03581727433590168,0.24549782330233114
171,-3.450000000000002,0.2342349615695022,1.0,0.05687115228411538,0.29110611385361757
172,-3.400000000000002,0.2089442384989064,1.0,0.009716234195088217,0.2186604726939946
173,-3.3500000000000023,0.1926832249374698,1.0,-0.016676119852114434,0.1760071050853554
174,-3.3000000000000025,0.1764222113760339,1.0,-0.04695309320981369,0.1294691181662202
175,-3.2500000000000027,0.1601611978145975,1.0,0.05180561980435408,0.2119668176189516
176,-3.200000000000003,0.1437103120654919,1.0,-0.022799407341078805,0.1209109047244131
177,-3.150000000000003,0.135795939789185,1.0,-0.04290746890824008,0.09288847088094493
178,-3.100000000000003,0.1254045830149471,1.0,-0.07010696644961094,0.055297616565336175
179,-3.050000000000004,0.1150132262407094,1.0,0.024971969929696608,0.139985196170406
180,-3.000000000000004,0.1046218694664714,1.0,-0.00992390910592086,0.09469796036055053
181,-2.950000000000004,0.0942305126922338,1.0,0.08489844966414624,0.17912896235638004
182,-2.900000000000004,0.0838391559179961,1.0,0.00606027099159574,0.08989942690959184
183,-2.850000000000004,0.0721233626722252,1.0,-0.0056582351411155075,0.0664651275311097
184,-2.8000000000000043,0.0603659969617404,1.0,-0.0966568414069102,-0.03629084444516979
185,-2.7500000000000044,0.0486086312512557,1.0,-0.07097494648020833,-0.022366315228952625
186,-2.7000000000000046,0.0368120110094344,1.0,0.017385033290277158,0.05419704429971156
187,-2.650000000000005,0.0256337336453388,1.0,0.04750609684134659,0.07313983048668539
188,-2.600000000000005,0.0142521717962767,1.0,-0.07978009689549917,-0.06552792509922246
189,-2.550000000000005,0.0026747219809715,1.0,-0.023863501484274283,-0.021188779503302783
190,-2.5000000000000053,0.0025798339881935,1.0,-0.02953551514276774,-0.02695568115457424
191,-2.450000000000005,0.0025091911260617,1.0,-0.0004240762225301753,0.0020851149035315247
192,-2.4000000000000057,0.0024489848268168,1.0,-0.02986669646890633,-0.027417711642089528
193,-2.350000000000006,0.0024329306565409,1.0,0.021983038352533946,0.024415969009074848
194,-2.300000000000006,0.0024012184823247,1.0,-0.04262744577486124,-0.04022622729253654
195,-2.250000000000006,0.0023642472688059,1.0,-0.03989334451463926,-0.03752909724583336
196,-2.2000000000000064,0.0023272760552871,1.0,0.02366404511710347,0.025991321172390572
197,-2.1500000000000066,0.0022903048417683,1.0,0.01404232035972308,0.01633262520149138
198,-2.1000000000000068,0.0021781290435009,1.0,0.021490686369238118,0.02366881541273902
199,-2.050000000000007,0.002040165226235,1.0,0.0665397410307196,0.0685799062569546
200,-2.000000000000007,0.0019048504514079,1.0,0.08548557647935356,0.08739042693076146
201,-1.9500000000000075,0.0017597508596665,1.0,-0.02693338209650886,-0.02517363123684236
202,-1.9000000000000077,0.001615581713511,1.0,0.008291094102492126,0.009906675816003126
203,-1.850000000000008,0.0014668147321115,1.0,-0.06885835004108318,-0.06739153530897168
204,-1.8000000000000078,0.0015459761916641,1.0,-0.0047095140802753555,-0.0031635378886112554
205,-1.750000000000008,0.0017022259848273,1.0,-0.11610567652127668,-0.11440345053644937
206,-1.7000000000000082,0.0017952968192172,1.0,0.07119041406472018,0.07298571088393738
207,-1.6500000000000083,0.0018830924075023,1.0,0.04702694998415533,0.04891004239165763
208,-1.6000000000000083,0.0019925030595531,1.0,0.06112045647341751,0.06311295953297061
209,-1.5500000000000087,0.0020299051959879,1.0,-0.023871605304254855,-0.021841700108266953
210,-1.5000000000000089,0.0019731131904711,1.0,-0.0041258895649435735,-0.0021527763744724733
211,-1.450000000000009,0.0019109101153552,1.0,-0.11605487126651098,-0.11414396115115578
212,-1.4000000000000092,0.0018243226791546,1.0,0.014662093160256937,0.016486415839411538
213,-1.3500000000000094,0.0017740675835411,1.0,0.04272981019842734,0.04450387778196844
214,-1.3000000000000096,0.00169242908316,1.0,-0.03359518184607992,-0.03190275276291992
215,-1.2500000000000098,0.0015965777461828,1.0,-0.04120426110715657,-0.03960768336097377
216,-1.20000000000001,0.0014862706807834,1.0,-0.08008150777969801,-0.07859523709891461
217,-1.15000000000001,0.0013621856776262,1.0,-0.03233794122852592,-0.030975755550899722
218,-1.1000000000000103,0.001190358537881,1.0,0.05013570162775402,0.05132606016563502
219,-1.0500000000000105,0.0009391886308526,1.0,0.024535870464498042,0.025475059095350642
220,-1.0000000000000109,0.0006917792411145,1.0,-0.02592356339066203,-0.02523178414954753
221,-0.9500000000000108,0.0005189615140292,1.0,-0.004510282710265596,-0.003991321196236396
222,-0.900000000000011,0.0003808727387766,1.0,-0.07124111604658745,-0.07086024330781085
223,-0.8500000000000112,0.0002427839635239,1.0,0.06458569275079176,0.06482847671431566
224,-0.8000000000000114,8.345119060338714e-05,1.0,-0.007560940668312123,-0.007477489477708736
225,-0.7500000000000115,2.897589485200846e-06,1.0,-0.007744819901065638,-0.007741922311580437
226,-0.7000000000000117,0.0,1.0,0.03875596499183087,0.03875596499183087
227,-0.6500000000000119,9.498013409922812e-05,1.0,-0.03670577275451988,-0.036610792620420655
228,-0.6000000000000121,0.000255052691733,1.0,0.128589761053665,0.12884481374539802
229,-0.5500000000000123,0.0004257572347496,1.0,0.022607110748596438,0.02303286798334604
230,-0.5000000000000124,0.0004823900301916,1.0,-0.022359856296053512,-0.021877466265861914
231,-0.4500000000000126,0.0004403127883134,1.0,-0.042356415836156985,-0.041916103047843586
232,-0.4000000000000128,0.0005036376950236,1.0,-0.04010301202754307,-0.03959937433251947
233,-0.3500000000000129,0.0006560325829274,1.0,-0.017623832526452037,-0.016967799943524636
234,-0.3000000000000131,0.0008941134520911,1.0,0.04222647968932902,0.043120593141420124
235,-0.2500000000000133,0.0014346965962275,1.0,0.010093952703419708,0.011528649299647208
236,-0.2000000000000135,0.0016097976310364,1.0,-0.057422071601520776,-0.055812273970484376
237,-0.1500000000000136,0.0018413965106189,1.0,0.06097641845029389,0.0628178149609128
238,-0.1000000000000138,0.0025874318880499,1.0,-0.001831980848667501,0.0007554510393823989
239,-0.050000000000014,0.0125951742854176,1.0,0.08524519254728297,0.09784036683270056
240,-1.4210854715202004e-14,0.0192464590975598,1.0,0.07330466471728854,0.09255112381484834
241,0.0499999999999856,0.0266169886206283,1.0,0.04423173999699692,0.07084872861762523
242,0.0999999999999854,0.0361198764899741,1.0,-0.013252470376604248,0.022867406113369848
243,0.1499999999999852,0.0505490643882604,1.0,-0.062145339960948155,-0.011596275572687754
244,0.199999999999985,0.0762493469775532,1.0,-0.01042577718476908,0.06582356979278411
245,0.2499999999999849,0.0949231640661485,1.0,0.09140360362555006,0.18632676769169854
246,0.2999999999999847,0.1148188187044044,1.0,0.017646197948221986,0.1324650166526264
247,0.3499999999999845,0.133949965266146,1.0,-0.027070685058850033,0.10687928020729597
248,0.3999999999999843,0.1482459770556463,1.0,0.07625955400261686,0.22450553105826315
249,0.4499999999999842,0.1519645012745902,1.0,-0.07383346149036643,0.07813103978422378
250,0.499999999999984,0.1462732491891375,1.0,0.030397027892522327,0.17667027708165983
251,0.5499999999999838,0.1410342511838711,1.0,-0.04341041133697465,0.09762383984689646
252,0.5999999999999837,0.1224996049366656,1.0,0.10922711475141277,0.23172671968807837
253,0.6499999999999835,0.1097072593382011,1.0,-0.010090575406532895,0.0996166839316682
254,0.6999999999999833,0.0101179031912773,1.0,-0.06159622986170136,-0.051478326670424054
255,0.7499999999999831,0.0021998050743582,1.0,-0.01790242129124071,-0.01570261621688251
256,0.799999999999983,0.0020991152379418,1.0,0.00635685338372118,0.00845596862166298
257,0.8499999999999828,0.0019862065066229,1.0,-0.014198297192631033,-0.012212090686008134
258,0.8999999999999826,0.0018325096655478,1.0,-0.06409361663165952,-0.06226110696611172
259,0.9499999999999824,0.0017506916630599,1.0,-0.0006239816587213557,0.0011267100043385442
260,0.9999999999999822,0.0016827478713806,1.0,0.045732282009318226,0.047415029880698824
261,1.049999999999982,0.0016159626626618,1.0,-0.004648339346133051,-0.0030323766834712508
262,1.099999999999982,0.0016027695761079,1.0,-0.07787910352008484,-0.07627633394397694
263,1.1499999999999817,0.0018961402808686,1.0,0.03232868822462361,0.03422482850549221
264,1.1999999999999815,0.0022835887863617,1.0,-0.021041259478281758,-0.018757670691920057
265,1.2499999999999811,0.0022740091596495,1.0,-0.06835525083519273,-0.06608124167554323
266,1.2999999999999812,0.0022257409715477,1.0,0.03947295306623021,0.04169869403777791
267,1.349999999999981,0.071918064698665,1.0,0.023135270752219675,0.09505333545088468
268,1.3999999999999808,0.1238793362933803,1.0,-0.0836955663658208,0.040183769927559496
269,1.4499999999999806,0.1452595038950927,1.0,0.004573844497054401,0.1498333483921471
270,1.4999999999999805,0.1678916889166979,1.0,-0.11857613390628828,0.049315555010409615
271,1.5499999999999805,0.1913338266990523,1.0,-0.0812025229828229,0.1101313037162294
272,1.59999999999998,0.2082823256894802,1.0,-0.05891903136657926,0.14936329432290096
273,1.64999999999998,0.2260344531206359,1.0,0.06458053296786243,0.29061498608849834
274,1.6999999999999795,0.2430767629625266,1.0,0.021893889615898127,0.2649706525784247
275,1.7499999999999796,0.2601124802938092,1.0,-0.08436205464587584,0.17575042564793333
276,1.7999999999999794,0.2768319586830592,1.0,0.07715318916148821,0.35398514784454743
277,1.8499999999999792,0.2880997203902727,1.0,-0.02431318689432188,0.2637865334959508
278,1.899999999999979,0.2989593552837499,1.0,0.012575565512893228,0.31153492079664313
279,1.9499999999999789,0.3096424226670257,1.0,0.05079109262920393,0.36043351529622963
280,1.999999999999979,0.3202948936104559,1.0,-0.02026969816165658,0.3000251954487993
281,2.0499999999999785,0.3344082878677101,1.0,0.03044452376272356,0.36485281163043365
282,2.0999999999999783,0.3568202751508493,1.0,-0.12615036335016905,0.23066991180068025
283,2.149999999999978,0.3818274058166003,1.0,0.009324819416122211,0.39115222523272253
284,2.199999999999978,0.4067978123648991,1.0,0.006873050276566688,0.4136708626414658
285,2.249999999999978,0.4302890125878378,1.0,0.054206892971038416,0.4844959055588762
286,2.2999999999999776,0.4537802128107763,1.0,-0.0203289447630486,0.4334512680477277
287,2.349999999999977,0.4768609783229514,1.0,0.037463098162586375,0.5143240764855378
288,2.3999999999999773,0.4968709937903822,1.0,0.04678569588189608,0.5436566896722783
289,2.449999999999977,0.5168810092578129,1.0,-0.03526545337907611,0.4816155558787368
290,2.499999999999977,0.5382972117262602,1.0,-0.05755960574794664,0.48073760597831355
291,2.5499999999999767,0.5551228185731749,1.0,-0.06860670388934596,0.48651611468382894
292,2.599999999999977,0.5717981028205595,1.0,0.010211638210933922,0.5820097410314935
293,2.6499999999999764,0.5884733870679436,1.0,0.01518680496285403,0.6036601920307977
294,2.699999999999976,0.6051486713153278,1.0,-0.017987185654655388,0.5871614856606724
295,2.749999999999976,0.6218239555627123,1.0,0.03299206749178021,0.6548160230544925
296,2.799999999999976,0.6336076292767804,1.0,-0.05625928307517217,0.5773483462016082
297,2.849999999999976,0.6404910277519219,1.0,0.0596634280589472,0.7001544558108691
298,2.8999999999999755,0.652973664281277,1.0,-0.004457279405736011,0.648516384875541
299,2.9499999999999758,0.6711106110706355,1.0,0.02906902691876055,0.7001796379893961
300,2.999999999999975,0.6868869900335013,1.0,0.07524993607632612,0.7621369261098274
301,3.049999999999975,0.7021636105836079,1.0,-0.023245282711866655,0.6789183278717412
302,3.0999999999999748,0.7174402311337144,1.0,0.01127746659982844,0.7287176977335428
303,3.1499999999999746,0.7327168516838214,1.0,0.041036854355743495,0.7737537060395648
304,3.1999999999999744,0.7479934722339285,1.0,-0.024718825702475217,0.7232746465314533
305,3.2499999999999742,0.7632700927840352,1.0,-0.04350604083821642,0.7197640519458188
306,3.299999999999974,0.7785467133341423,1.0,-0.027892673509304897,0.7506540398248374
307,3.349999999999974,0.7944976781966772,1.0,-0.013745943950298711,0.7807517342463784
308,3.3999999999999737,0.8111145085885962,1.0,0.010358511640129242,0.8214730202287255
309,3.449999999999973,0.829290127890015,1.0,-0.02494815157038384,0.8043419763196311
310,3.4999999999999734,0.8470536444167759,1.0,-0.044140213570817335,0.8029134308459586
311,3.549999999999973,0.8645170900181176,1.0,0.037276418902892995,0.9017935089210106
312,3.599999999999973,0.881980535619456,1.0,-0.10046198822180624,0.7815185473976498
313,3.649999999999973,0.8994439812207968,1.0,-0.024256306758998005,0.8751876744617988
314,3.6999999999999726,0.9169074268221372,1.0,-0.011010997255245203,0.905896429566892
315,3.749999999999973,0.9343708724234764,1.0,0.016370395954865544,0.9507412683783419
316,3.799999999999972,0.9509351200443832,1.0,-0.0986945501114009,0.8522405699329823
317,3.849999999999972,0.9672900800295884,1.0,-0.04939165441186852,0.9178984256177198
318,3.899999999999972,0.9836450400147922,1.0,-0.10731756915543003,0.8763274708593622
319,3.949999999999972,1.0,1.0,-0.012283927951508103,0.9877160720484919
320,-4.0,0.0,2.0,-0.03989563193469767,-0.03989563193469767
321,-3.95,0.0142066065593748,2.0,-0.0408634281796126,-0.026656821620237803
322,-3.9,0.0284132131187491,2.0,0.0329325463976835,0.0613457595164326
323,-3.850000000000001,0.0426198196781251,2.0,-0.0045187679734624,0.0381010517046627
324,-3.8000000000000007,0.0568264262375008,2.0,0.02157887009888494,0.07840529633638574
325,-3.750000000000001,0.0710330327968766,2.0,-0.0018551099703093662,0.06917792282656723
326,-3.700000000000001,0.0852396393562511,2.0,0.0015487875542534678,0.08678842691050458
327,-3.650000000000001,0.0994462459156279,2.0,-0.03702153864688005,0.062424707268747846
328,-3.6000000000000014,0.1136528524750033,2.0,-0.10223932807223512,0.011413524402768174
329,-3.5500000000000016,0.1278594590343786,2.0,-0.029031270879022544,0.09882818815535604
330,-3.5000000000000018,0.142066065593754,2.0,0.012162940368174375,0.15422900596192837
331,-3.450000000000002,0.1562400441195449,2.0,0.05161344967198557,0.20785349379153045
332,-3.400000000000002,0.1698043172846075,2.0,0.006739652923231217,0.1765439702078387
333,-3.3500000000000023,0.1833685904496712,2.0,0.12240988032862621,0.3057784707782974
334,-3.3000000000000025,0.1969328636147342,2.0,-0.05494506282821439,0.1419878007865198
335,-3.2500000000000027,0.2104971367797964,2.0,0.00943949918385581,0.2199366359636522
336,-3.200000000000003,0.2240614099448585,2.0,0.01709582270578529,0.2411572326506438
337,-3.150000000000003,0.2376256831099226,2.0,0.044310514530975294,0.2819361976408979
338,-3.100000000000003,0.251189956274985,2.0,0.06832065238170437,0.3195106086566894
339,-3.050000000000004,0.2647542294400476,2.0,-0.019601405302038213,0.2451528241380094
340,-3.000000000000004,0.2783185026051113,2.0,0.09241834388850183,0.37073684649361316
341,-2.950000000000004,0.2918827757701736,2.0,-0.0074633859867053835,0.2844193897834682
342,-2.900000000000004,0.3054470489352374,2.0,-0.10322407917135248,0.2022229697638849
343,-2.850000000000004,0.3190113221003005,2.0,-0.1044929997433415,0.21451832235695897
344,-2.8000000000000043,0.3325755952653623,2.0,0.051770474495325416,0.3843460697606877
345,-2.7500000000000044,0.3461398684304264,2.0,-0.05268103660652726,0.2934588318238991
346,-2.7000000000000046,0.3597041415954888,2.0,0.03658887871751638,0.3962930203130052
347,-2.650000000000005,0.3728703492200522,2.0,-0.02128965530178331,0.35158069391826885
348,-2.600000000000005,0.3861477133467602,2.0,0.03202531129044539,0.41817302463720557
349,-2.550000000000005,0.3995332348322966,2.0,0.04358971522055703,0.4431229500528536
350,-2.5000000000000053,0.4129187563178327,2.0,-0.0645784731549394,0.3483402831628933
351,-2.450000000000005,0.4263042778033691,2.0,-0.07052419095880534,0.35578008684456375
352,-2.4000000000000057,0.439689799288907,2.0,-0.06751751502819321,0.3721722842607138
353,-2.350000000000006,0.4530753207744419,2.0,0.06531995867712377,0.5183952794515657
354,-2.300000000000006,0.4664186979500253,2.0,0.034615487300241304,0.5010341852502666
355,-2.250000000000006,0.4796754495325655,2.0,-0.007760055589491799,0.47191539394307375
356,-2.2000000000000064,0.4929322011151053,2.0,0.12023103368925046,0.6131632348043558
357,-2.1500000000000066,0.5061889526976462,2.0,-0.0968021995697418,0.4093867531279044
358,-2.1000000000000068,0.5194457042801857,2.0,0.07889358209526366,0.5983392863754493
359,-2.050000000000007,0.5327024558627257,2.0,0.06696594437668422,0.5996684002394099
360,-2.000000000000007,0.5462402734149028,2.0,-0.046447663455220965,0.49979260995968183
361,-1.9500000000000075,0.5604752714531306,2.0,-0.05297082813892001,0.5075044433142106
362,-1.9000000000000077,0.5751414577398896,2.0,-0.01576504382423249,0.5593764139156571
363,-1.850000000000008,0.5899804503225139,2.0,0.006313069413276039,0.5962935197357899
364,-1.8000000000000078,0.6081686135285659,2.0,0.06260389491703534,0.6707725084456012
365,-1.750000000000008,0.6274844713718224,2.0,-0.01315879595025382,0.6143256754215686
366,-1.7000000000000082,0.6470262764984338,2.0,0.06688437983238009,0.7139106563308139
367,-1.6500000000000083,0.6665680816250464,2.0,0.0559959739793406,0.7225640556043871
368,-1.6000000000000083,0.6861098867516581,2.0,-0.08153334147364899,0.6045765452780091
369,-1.5500000000000087,0.7056516918782697,2.0,-0.05910255474303505,0.6465491371352347
370,-1.5000000000000089,0.7251934970048816,2.0,-0.12765486235498788,0.5975386346498937
371,-1.450000000000009,0.7447353021314932,2.0,0.02216675069353243,0.7669020528250257
372,-1.4000000000000092,0.7642771072581052,2.0,-0.039115054489554046,0.7251620527685512
373,-1.3500000000000094,0.7795364867870094,2.0,-0.045175491363506674,0.7343609954235027
374,-1.3000000000000096,0.7933288418607167,2.0,-0.027193119252792636,0.7661357226079241
375,-1.2500000000000098,0.8071211969344243,2.0,-0.06765511689979327,0.739466080034631
376,-1.20000000000001,0.8218114002255001,2.0,-0.08319196498057901,0.7386194352449211
377,-1.15000000000001,0.8367513872975345,2.0,-0.013284873710820072,0.8234665135867144
378,-1.1000000000000103,0.8509562833670072,2.0,-0.03069138656885649,0.8202648967981507
379,-1.0500000000000105,0.8550251600429419,2.0,0.046198067150799715,0.9012232271937417
380,-1.0000000000000109,0.8501299276860861,2.0,-0.0479524122785515,0.8021775154075346
381,-0.9500000000000108,0.8452346953292313,2.0,-0.0314959317914896,0.8137387635377418
382,-0.900000000000011,0.8462244475457739,2.0,-0.004061780418585619,0.8421626671271882
383,-0.8500000000000112,0.8467930090389929,2.0,-0.058723469383600214,0.7880695396553927
384,-0.8000000000000114,0.8465028219707154,2.0,-0.04582056655098961,0.8006822554197257
385,-0.7500000000000115,0.8431287355749932,2.0,-0.028388708925778806,0.8147400266492144
386,-0.7000000000000117,0.8359284796342001,2.0,-0.028547706575228232,0.8073807730589719
387,-0.6500000000000119,0.8292278766102522,2.0,-0.05814609063017158,0.7710817859800806
388,-0.6000000000000121,0.840399135592844,2.0,-0.04906384923303366,0.7913352863598103
389,-0.5500000000000123,0.8502206887488398,2.0,0.029598220569919523,0.8798189093187594
390,-0.5000000000000124,0.8598649012828277,2.0,0.030343991800899462,0.8902088930837271
391,-0.4500000000000126,0.8660150395045988,2.0,-0.035620740284150985,0.8303942992204478
392,-0.4000000000000128,0.870834706217511,2.0,0.02175367489931483,0.8925883811168258
393,-0.3500000000000129,0.8751943155943901,2.0,0.023677729915738677,0.8988720455101288
394,-0.3000000000000131,0.8849706518623579,2.0,-0.0011311850479082549,0.8838394668144497
395,-0.2500000000000133,0.894763752449677,2.0,-0.08090804283383327,0.8138557096158437
396,-0.2000000000000135,0.907695034589114,2.0,-0.001119540579104068,0.90657549401001
397,-0.1500000000000136,0.9186895019292404,2.0,0.048140693930888025,0.9668301958601284
398,-0.1000000000000138,0.9270757183715176,2.0,0.0757580332523432,1.0028337516238608
399,-0.050000000000014,0.935461934813795,2.0,-0.002564368282283751,0.9328975665315112
400,-1.4210854715202004e-14,0.9432964134246672,2.0,0.03927844652577215,0.9825748599504394
401,0.0499999999999856,0.9446588950285936,2.0,-0.022330021670417775,0.9223288733581758
402,0.0999999999999854,0.9411305286602254,2.0,-0.03964005069723157,0.9014904779629939
403,0.1499999999999852,0.9406747612893024,2.0,0.008281137504224163,0.9489558987935266
404,0.199999999999985,0.9411790264144044,2.0,0.04569679294691289,0.9868758193613173
405,0.2499999999999849,0.9423595516167672,2.0,-0.03593209214125351,0.9064274594755137
406,0.2999999999999847,0.9427334744350172,2.0,0.07492855580861563,1.0176620302436328
407,0.3499999999999845,0.9424682997556704,2.0,0.04870140669408121,0.9911697064497516
408,0.3999999999999843,0.9491811006293658,2.0,0.031235152853408412,0.9804162534827742
409,0.4499999999999842,0.9595472110994376,2.0,-0.027007249272364378,0.9325399618270732
410,0.499999999999984,0.970296117769976,2.0,-0.019405590734317933,0.9508905270356581
411,0.5499999999999838,0.9803298846297624,2.0,0.001926019278133669,0.9822559039078961
412,0.5999999999999837,0.9927574845163134,2.0,-0.010945810429833593,0.9818116740864798
413,0.6499999999999835,1.0,2.0,-0.010952954767437767,0.9890470452325623
414,0.6999999999999833,0.9997355563951794,2.0,0.0048589702191132594,1.0045945266142926
415,0.7499999999999831,0.995903348234513,2.0,-0.07779876484860017,0.9181045833859128
416,0.799999999999983,0.9920711400738466,2.0,-0.024806773366276402,0.9672643667075702
417,0.8499999999999828,0.9874024689727644,2.0,-0.013310329159176468,0.9740921398135879
418,0.8999999999999826,0.982041436263647,2.0,-0.0495278928466954,0.9325135434169516
419,0.9499999999999824,0.9766804035545296,2.0,-0.062030686785377015,0.9146497167691525
420,0.9999999999999822,0.9713193708454122,2.0,-0.022108473305360567,0.9492108975400516
421,1.049999999999982,0.9678196344578996,2.0,-0.0055589460191098235,0.9622606884387899
422,1.099999999999982,0.9669211499596336,2.0,-0.017261150198173633,0.94965999976146
423,1.1499999999999817,0.9713253163934158,2.0,-0.0349034720895545,0.9364218443038613
424,1.1999999999999815,0.9759244427463112,2.0,-0.016954111453234028,0.9589703312930772
425,1.2499999999999811,0.9816077509795946,2.0,-0.011432402505314156,0.9701753484742804
426,1.2999999999999812,0.9876537386917792,2.0,-0.019838475316715003,0.9678152633750642
427,1.349999999999981,0.9878700322561782,2.0,0.028623419953723944,1.016493452209902
428,1.3999999999999808,0.9881531441903112,2.0,-0.013876477905778279,0.9742766662845329
429,1.4499999999999806,0.9884089256192112,2.0,-0.021178601889350206,0.9672303237298611
430,1.4999999999999805,0.985908102948088,2.0,-0.01703189671948714,0.9688762062286008
431,1.5499999999999805,0.9766768647355852,2.0,-0.024096974082307102,0.9525798906532781
432,1.59999999999998,0.9628503042616894,2.0,-0.005583313363475046,0.9572669908982143
433,1.64999999999998,0.9493302153145372,2.0,0.03138728550484392,0.9807175008193811
434,1.6999999999999795,0.939227408785763,2.0,0.0672732553811216,1.0065006641668846
435,1.7499999999999796,0.9353997038011158,2.0,-0.09002836648241823,0.8453713373186976
436,1.7999999999999794,0.9315597389712136,2.0,-0.05751498002039027,0.8740447589508233
437,1.8499999999999792,0.9277197741413112,2.0,0.05493961224997826,0.9826593863912895
438,1.899999999999979,0.9238798093114086,2.0,-0.05727905632567916,0.8666007529857294
439,1.9499999999999789,0.9200398444815064,2.0,-0.022929151526477776,0.8971106929550287
440,1.999999999999979,0.9161998796516037,2.0,-0.09338405070952055,0.822815828942083
441,2.0499999999999785,0.912345226026259,2.0,0.033927803986266596,0.9462730300125256
442,2.0999999999999783,0.9091145231429746,2.0,0.022384337874175566,0.9314988610171502
443,2.149999999999978,0.9059070901998132,2.0,-0.030971243112430914,0.8749358470873823
444,2.199999999999978,0.902699657256652,2.0,-0.05153874982187532,0.8511609074347767
445,2.249999999999978,0.9033576913405384,2.0,-0.0758604213765609,0.8274972699639775
446,2.2999999999999776,0.9041318612207434,2.0,-0.03496174297463674,0.8691701182461067
447,2.349999999999977,0.9039198295786488,2.0,0.06556185800955326,0.9694816875882021
448,2.3999999999999773,0.9029913428755556,2.0,0.043378503053484986,0.9463698459290406
449,2.449999999999977,0.9020628561724626,2.0,0.0024753922113295874,0.9045382483837923
450,2.499999999999977,0.9011343694693692,2.0,-0.002834118714841214,0.898300250754528
451,2.5499999999999767,0.9002058827662758,2.0,0.10235875709388453,1.0025646398601604
452,2.599999999999977,0.8992773960631828,2.0,-0.06892954589952298,0.8303478501636599
453,2.6499999999999764,0.8983489093600899,2.0,-0.022085840515720337,0.8762630688443696
454,2.699999999999976,0.8949976676416601,2.0,0.04786832611074504,0.9428659937524051
455,2.749999999999976,0.88873782184987,2.0,-0.059151992300767446,0.8295858295491026
456,2.799999999999976,0.8824779760580795,2.0,0.029668589988194268,0.9121465660462738
457,2.849999999999976,0.8762181302662896,2.0,-0.02662969203877906,0.8495884382275105
458,2.8999999999999755,0.8699582844744991,2.0,-0.04815544345422708,0.821802841020272
459,2.9499999999999758,0.863698438682709,2.0,0.09749582318774697,0.961194261870456
460,2.999999999999975,0.857438592890919,2.0,0.12523485245793817,0.9826734453488571
461,3.049999999999975,0.8511795619735054,2.0,-0.015153980310372978,0.8360255816631325
462,3.0999999999999748,0.8449250642902172,2.0,0.028627369780258722,0.8735524340704759
463,3.1499999999999746,0.8386705666069285,2.0,-0.009199726522513151,0.8294708400844154
464,3.1999999999999744,0.8323940309221988,2.0,-0.021456711659021122,0.8109373192631777
465,3.2499999999999742,0.8261027106072254,2.0,-0.01932781572600031,0.8067748948812251
466,3.299999999999974,0.819811390292252,2.0,-0.07133943172136246,0.7484719585708896
467,3.349999999999974,0.8135200699772785,2.0,-0.011049398777249766,0.8024706712000288
468,3.3999999999999737,0.8072287496623054,2.0,-0.05947525937653551,0.7477534902857699
469,3.449999999999973,0.800937429347332,2.0,0.011201703047048952,0.812139132394381
470,3.4999999999999734,0.7946461090323593,2.0,-0.036632701361061955,0.7580134076712973
471,3.549999999999973,0.7883547887173854,2.0,0.07300467439158448,0.8613594631089698
472,3.599999999999973,0.7820634684024128,2.0,-0.04504382944453775,0.737019638957875
473,3.649999999999973,0.7757721480874388,2.0,0.02097678476910031,0.7967489328565391
474,3.6999999999999726,0.7694808277724654,2.0,0.009193920484216508,0.7786747482566819
475,3.749999999999973,0.7631895074574921,2.0,0.08493887434609643,0.8481283818035885
476,3.799999999999972,0.7568981871425193,2.0,-0.00931274850926376,0.7475854386332556
477,3.849999999999972,0.750900262320528,2.0,-0.012389942949028301,0.7385103193714997
478,3.899999999999972,0.745016637979115,2.0,-0.02389624330741612,0.7211203946716989
479,3.949999999999972,0.738320322481804,2.0,0.06734313782247556,0.8056634603042796
480,-4.0,0.0,3.0,0.03865116174223335,0.03865116174223335
481,-3.95,0.0128324427063509,3.0,-0.02054659877197534,-0.00771415606562444
482,-3.9,0.0256648854127012,3.0,-0.019660395876097893,0.006004489536603309
483,-3.850000000000001,0.0384973281190507,3.0,-0.02066168138666238,0.017835646732388317
484,-3.8000000000000007,0.051329770825402,3.0,-0.060057144087574926,-0.008727373262172926
485,-3.750000000000001,0.0641622135317513,3.0,-0.1280655302025201,-0.06390331667076879
486,-3.700000000000001,0.076994656238102,3.0,-0.018155915624809168,0.058838740613292834
487,-3.650000000000001,0.0898270989444517,3.0,0.07009641028524882,0.15992350922970053
488,-3.6000000000000014,0.1026595416508021,3.0,0.0680230318548457,0.1706825735056478
489,-3.5500000000000016,0.1154919843571516,3.0,0.06461247099420084,0.18010445535135244
490,-3.5000000000000018,0.1283244270635021,3.0,-0.027981699342470058,0.10034272772103206
491,-3.450000000000002,0.1411568697698516,3.0,0.06213551601348,0.2032923857833316
492,-3.400000000000002,0.1539893124762023,3.0,-0.004484258789270055,0.14950505368693223
493,-3.3500000000000023,0.1668217551825528,3.0,-0.033989553503994914,0.1328322016785579
494,-3.3000000000000025,0.1796541978889027,3.0,-0.01496094564750101,0.1646932522414017
495,-3.2500000000000027,0.192486640595253,3.0,0.04752596115197617,0.24001260174722916
496,-3.200000000000003,0.2053190833016026,3.0,0.04894628505223191,0.2542653683538345
497,-3.150000000000003,0.2190235652013454,3.0,-0.02241945678319908,0.1966041084181463
498,-3.100000000000003,0.2331389311613179,3.0,0.0013284355453353008,0.2344673667066532
499,-3.050000000000004,0.2531662538340968,3.0,0.06386376195422257,0.31703001578831935
500,-3.000000000000004,0.2795788522120693,3.0,-0.0581578591114771,0.2214209931005922
501,-2.950000000000004,0.3059914505900408,3.0,0.07970939004027079,0.38570084063031157
502,-2.900000000000004,0.333941534534476,3.0,-0.05298130359651098,0.280960230937965
503,-2.850000000000004,0.3637626186347874,3.0,-0.0601508427988065,0.3036117758359809
504,-2.8000000000000043,0.3969539423811967,3.0,0.0034607954833061846,0.4004147378645029
505,-2.7500000000000044,0.4301452661276033,3.0,0.02580639760236197,0.45595166372996526
506,-2.7000000000000046,0.4633365898740119,3.0,0.07098857754789882,0.5343251674219107
507,-2.650000000000005,0.4951360000119429,3.0,0.09879725553792712,0.59393325554987
508,-2.600000000000005,0.5267658192800009,3.0,-0.034739998087327334,0.4920258211926736
509,-2.550000000000005,0.5492239482977138,3.0,-0.010427283302286766,0.538796664995427
510,-2.5000000000000053,0.5715713322796697,3.0,-0.055824200702496454,0.5157471315771732
511,-2.450000000000005,0.593918716261626,3.0,0.11246012254526838,0.7063788388068943
512,-2.4000000000000057,0.6162661002435825,3.0,0.043714843535683584,0.6599809437792661
513,-2.350000000000006,0.6381095285305339,3.0,0.05116673622115458,0.6892762647516885
514,-2.300000000000006,0.6598733460706541,3.0,-0.008600666578705323,0.6512726794919488
515,-2.250000000000006,0.6816371636107732,3.0,0.02663726581689273,0.7082744294276659
516,-2.2000000000000064,0.7056228776371776,3.0,0.061731136071709804,0.7673540137088873
517,-2.1500000000000066,0.728049073164863,3.0,0.021857898913912446,0.7499069720787754
518,-2.1000000000000068,0.7373922373075249,3.0,0.07481352559072714,0.8122057628982521
519,-2.050000000000007,0.7467354014501879,3.0,0.0005192824119702272,0.7472546838621581
520,-2.000000000000007,0.7554146442493975,3.0,-0.1380288385187576,0.61738580573064
521,-1.9500000000000075,0.7614554611978375,3.0,-0.05793983592978144,0.703515625268056
522,-1.9000000000000077,0.7670928213554008,3.0,-0.011004457639793568,0.7560883637156073
523,-1.850000000000008,0.7727301815129637,3.0,0.0814224813610605,0.8541526628740241
524,-1.8000000000000078,0.7790008579599462,3.0,0.01926655243379273,0.7982674103937389
525,-1.750000000000008,0.7914827502399336,3.0,-0.003720750959355342,0.7877619992805783
526,-1.7000000000000082,0.8039646425199214,3.0,-0.08568803761807314,0.7182766049018483
527,-1.6500000000000083,0.8164465347999086,3.0,0.0540488729702131,0.8704954077701217
528,-1.6000000000000083,0.825893443226814,3.0,-0.050808008410530264,0.7750854348162838
529,-1.5500000000000087,0.816805900992147,3.0,-0.05117948182225007,0.7656264191698969
530,-1.5000000000000089,0.8062762341115612,3.0,-0.08847314916250229,0.717803084949059
531,-1.450000000000009,0.7955333502822151,3.0,-0.042757750641368546,0.7527755996408465
532,-1.4000000000000092,0.7847904664528688,3.0,-0.032588259209786925,0.7522022072430818
533,-1.3500000000000094,0.7858098044988466,3.0,-0.02860299439082602,0.7572068101080206
534,-1.3000000000000096,0.7959326590351039,3.0,0.024060729274506237,0.8199933883096101
535,-1.2500000000000098,0.8064131615572098,3.0,-0.0181318206881171,0.7882813408690926
536,-1.20000000000001,0.8281089414070344,3.0,0.011651951528660274,0.8397608929356947
537,-1.15000000000001,0.8492462911248975,3.0,0.0010123006642197012,0.8502585917891172
538,-1.1000000000000103,0.8682621084244035,3.0,0.053164910449214765,0.9214270188736183
539,-1.0500000000000105,0.8731754283076737,3.0,-0.042458856206897204,0.8307165721007765
540,-1.0000000000000109,0.8780124648841611,3.0,0.010058468405116334,0.8880709332892774
541,-0.9500000000000108,0.8803290954872873,3.0,-0.0645886072240477,0.8157404882632396
542,-0.900000000000011,0.8806562845764037,3.0,0.08969387729233337,0.970350161868737
543,-0.8500000000000112,0.8809834736655199,3.0,-0.0509040183984016,0.8300794552671182
544,-0.8000000000000114,0.8769351672954235,3.0,0.11013656406589392,0.9870717313613174
545,-0.7500000000000115,0.871187896669022,3.0,-0.060788774227419275,0.8103991224416027
546,-0.7000000000000117,0.8611573904829772,3.0,0.06372641866511938,0.9248838091480966
547,-0.6500000000000119,0.8637913513760126,3.0,0.014652552079842219,0.8784439034558548
548,-0.6000000000000121,0.8680759502910039,3.0,-0.006921759587222408,0.8611541907037815
549,-0.5500000000000123,0.8793255409246812,3.0,0.03789996862405026,0.9172255095487314
550,-0.5000000000000124,0.8996973449170996,3.0,-0.009469018733697017,0.8902283261834026
551,-0.4500000000000126,0.8970978742938055,3.0,-0.04198136063890433,0.8551165136549012
552,-0.4000000000000128,0.8969449454884235,3.0,-0.09449916397824865,0.8024457815101749
553,-0.3500000000000129,0.9024344823454497,3.0,0.11587207051856273,1.0183065528640123
554,-0.3000000000000131,0.9284226246969232,3.0,-0.08411013065629819,0.844312494040625
555,-0.2500000000000133,0.9743153477611431,3.0,0.015576271639558499,0.9898916194007017
556,-0.2000000000000135,0.9999999999999982,3.0,0.05267762460608771,1.0526776246060858
557,-0.1500000000000136,0.9757489722908858,3.0,0.012289652562189342,0.9880386248530751
558,-0.1000000000000138,0.9494754586554172,3.0,-0.01473040057419767,0.9347450580812194
559,-0.050000000000014,0.9253651627648696,3.0,-0.03117936741746102,0.8941857953474086
560,-1.4210854715202004e-14,0.8946538489678306,3.0,-0.0923146758453272,0.8023391731225035
561,0.0499999999999856,0.8674848538180195,3.0,-0.019643998556796678,0.8478408552612229
562,0.0999999999999854,0.8524940371777907,3.0,-0.1501622836638088,0.7023317535139819
563,0.1499999999999852,0.8394823837792881,3.0,-0.10321692391534583,0.7362654598639422
564,0.199999999999985,0.8264707303807852,3.0,-0.013426005344787675,0.8130447250359976
565,0.2499999999999849,0.8137185712609859,3.0,0.02151831899691529,0.8352368902579012
566,0.2999999999999847,0.8082920225468238,3.0,-0.0236127876020662,0.7846792349447576
567,0.3499999999999845,0.8011592917094674,3.0,0.0477252981466073,0.8488845898560747
568,0.3999999999999843,0.7926666520039544,3.0,0.12251376315699652,0.9151804151609508
569,0.4499999999999842,0.7857194015156099,3.0,-0.05986450401703303,0.7258548974985769
570,0.499999999999984,0.7789384074209192,3.0,-0.1028616362453701,0.6760767711755491
571,0.5499999999999838,0.7689082131136649,3.0,0.0676435688727493,0.8365517819864141
572,0.5999999999999837,0.7540106957493544,3.0,-0.007971700005413179,0.7460389957439413
573,0.6499999999999835,0.7432049148426152,3.0,0.025028734876771364,0.7682336497193866
574,0.6999999999999833,0.7323991339358756,3.0,-0.05638698000927417,0.6760121539266015
575,0.7499999999999831,0.7235311181843788,3.0,0.06560932644742673,0.7891404446318055
576,0.799999999999983,0.7153244072473205,3.0,-0.04457562761335099,0.6707487796339695
577,0.8499999999999828,0.7089432389678508,3.0,-0.0032746333446002822,0.7056686056232505
578,0.8999999999999826,0.7030659986153085,3.0,-0.024434399942754287,0.6786315986725542
579,0.9499999999999824,0.7010713782080835,3.0,-0.10600246364659177,0.5950689145614918
580,0.9999999999999822,0.6974596274341813,3.0,-0.0155802433773777,0.6818793840568036
581,1.049999999999982,0.6904432138878348,3.0,0.03370980533814535,0.7241530192259802
582,1.099999999999982,0.6913338871751132,3.0,0.06176794218392084,0.7531018293590341
583,1.1499999999999817,0.6987530594163313,3.0,-0.030303951962790145,0.6684491074535411
584,1.1999999999999815,0.702577199235847,3.0,0.002527860186569166,0.7051050594224162
585,1.2499999999999811,0.7012685396906704,3.0,0.014679049690740777,0.7159475893814111
586,1.2999999999999812,0.7000342062454814,3.0,-0.022869305622790315,0.6771649006226911
587,1.349999999999981,0.7011696468111897,3.0,-0.029132452643499653,0.67203719416769
588,1.3999999999999808,0.7017381920534084,3.0,-0.08533607800097898,0.6164021140524294
589,1.4499999999999806,0.7023067372956269,3.0,-0.01174676139026723,0.6905599759053597
590,1.4999999999999805,0.6999792629521765,3.0,-0.008151175078853481,0.6918280878733231
591,1.5499999999999805,0.6933788079331943,3.0,-0.08210084023856605,0.6112779676946283
592,1.59999999999998,0.6895152341185192,3.0,-0.04314894484673901,0.6463662892717802
593,1.64999999999998,0.6856516603038433,3.0,-0.03877308005382974,0.6468785802500135
594,1.6999999999999795,0.680702590436158,3.0,-0.05365103345366432,0.6270515569824937
595,1.7499999999999796,0.6769226793250913,3.0,-0.045657150446156224,0.6312655288789351
596,1.7999999999999794,0.6737453037447302,3.0,-0.05651666479945949,0.6172286389452707
597,1.8499999999999792,0.6705961482175827,3.0,0.027796091099483024,0.6983922393170657
598,1.899999999999979,0.6674469926904353,3.0,0.05313105065737833,0.7205780433478136
599,1.9499999999999789,0.6642978371632886,3.0,-0.0010764772073902113,0.6632213599558984
600,1.999999999999979,0.6611486816361417,3.0,-0.027492189651988325,0.6336564919841534
601,2.0499999999999785,0.6582144940187981,3.0,0.07186901928620411,0.7300835133050022
602,2.0999999999999783,0.6553329215805606,3.0,-0.008814002451819711,0.6465189191287408
603,2.149999999999978,0.6524513491423222,3.0,-0.041981696370563565,0.6104696527717586
604,2.199999999999978,0.6495697767040846,3.0,0.07073253855086047,0.720302315254945
605,2.249999999999978,0.6454492786098953,3.0,-0.05382208119294033,0.591627197416955
606,2.2999999999999776,0.641028606708715,3.0,-0.07963636717288013,0.5613922395358348
607,2.349999999999977,0.6366079348075337,3.0,0.06094352102859463,0.6975514558361284
608,2.3999999999999773,0.6316715467768874,3.0,-0.005427462854041046,0.6262440839228464
609,2.449999999999977,0.626630123428339,3.0,0.016010918725450258,0.6426410421537893
610,2.499999999999977,0.6226476684798578,3.0,0.015900316905648682,0.6385479853855064
611,2.5499999999999767,0.6199250544553531,3.0,0.09345774978965733,0.7133828042450104
612,2.599999999999977,0.6172024404308485,3.0,-0.04632383446922826,0.5708786059616202
613,2.6499999999999764,0.6118609338114993,3.0,-0.008400661880616259,0.603460271930883
614,2.699999999999976,0.6061010416110135,3.0,0.014052538789400033,0.6201535804004136
615,2.749999999999976,0.6003411494105275,3.0,0.03522584635770831,0.6355669957682358
616,2.799999999999976,0.5927910913900206,3.0,0.01612186269583562,0.6089129540858562
617,2.849999999999976,0.5833204631084572,3.0,0.06814070695326994,0.6514611700617271
618,2.8999999999999755,0.5738498348268938,3.0,0.0858403574911909,0.6596901923180847
619,2.9499999999999758,0.5643792065453301,3.0,0.10339656919946381,0.667775775744794
620,2.999999999999975,0.5549085782637672,3.0,0.1252752238963529,0.6801838021601201
621,3.049999999999975,0.5454379499822039,3.0,0.06338628849600929,0.6088242384782131
622,3.0999999999999748,0.5359673217006399,3.0,0.02106185094334949,0.5570291726439893
623,3.1499999999999746,0.5264966934190762,3.0,-0.011553158289876315,0.5149435351291999
624,3.1999999999999744,0.5232588869625866,3.0,0.031727600574558715,0.5549864875371453
625,3.2499999999999742,0.5196528383256439,3.0,-0.013043162834215345,0.5066096754914285
626,3.299999999999974,0.515950839460015,3.0,-0.04274470376970424,0.4732061356903107
627,3.349999999999974,0.5122488405943858,3.0,0.026474850112694577,0.5387236907070804
628,3.3999999999999737,0.5085468417287564,3.0,-0.038171369063896045,0.47037547266486035
629,3.449999999999973,0.5048448428631271,3.0,-0.006382317063508902,0.49846252579961825
630,3.4999999999999734,0.5011428439974976,3.0,0.0804918717711188,0.5816347157686165
631,3.549999999999973,0.4974408451318683,3.0,0.026278120981872783,0.5237189661137411
632,3.599999999999973,0.4952575886341635,3.0,-0.0040178796964312055,0.49123970893773233
633,3.649999999999973,0.4935131859356023,3.0,0.12710014685150478,0.6206133327871071
634,3.6999999999999726,0.4917687832370395,3.0,-0.05219061181080195,0.43957817142623756
635,3.749999999999973,0.4887858197789699,3.0,0.06695217246099212,0.555737992239962
636,3.799999999999972,0.4844266793297078,3.0,0.0540753157505077,0.5385019950802155
637,3.849999999999972,0.480067538880445,3.0,-0.04179209181297974,0.43827544706746524
638,3.899999999999972,0.4757083984311833,3.0,-0.019005228430594948,0.45670317000058835
639,3.949999999999972,0.4712657692208425,3.0,0.05324326771972389,0.5245090369405664
640,-4.0,0.0,4.0,0.03713425930686617,0.03713425930686617
641,-3.95,0.014873840147295,4.0,0.003419790039387773,0.01829363018668277
642,-3.9,0.0297476802945909,4.0,0.12961852151141032,0.15936620180600122
643,-3.850000000000001,0.0446215204418875,4.0,0.01888826571500729,0.06350978615689479
644,-3.8000000000000007,0.0594953605891821,4.0,-0.021467540474466182,0.03802782011471592
645,-3.750000000000001,0.0758159068743968,4.0,0.008458265403435954,0.08427417227783275
646,-3.700000000000001,0.09330586314187,4.0,0.06307458291039707,0.15638044605226709
647,-3.650000000000001,0.1107958194093437,4.0,-0.07388942594658728,0.036906393462756426
648,-3.6000000000000014,0.1282857756768184,4.0,-0.1257283885339394,0.0025573871428790085
649,-3.5500000000000016,0.1481639801384678,4.0,-0.12412320914984537,0.024040770988622423
650,-3.5000000000000018,0.1719505269944059,4.0,0.04213934814732945,0.21408987514173536
651,-3.450000000000002,0.1957370738503387,4.0,-0.04770254379689208,0.14803453005344663
652,-3.400000000000002,0.2195236207062746,4.0,-0.02657495846744608,0.1929486622388285
653,-3.3500000000000023,0.2433101675622073,4.0,-0.02043483308955867,0.22287533447264862
654,-3.3000000000000025,0.2670967144181468,4.0,0.006766697029016342,0.27386341144716314
655,-3.2500000000000027,0.2913549347146252,4.0,0.021489117073899822,0.31284405178852503
656,-3.200000000000003,0.3148976129375384,4.0,0.030644084543949204,0.34554169748148755
657,-3.150000000000003,0.3377769774622393,4.0,-0.03161173614617963,0.30616524131605966
658,-3.100000000000003,0.3562582724675531,4.0,0.08443977730270028,0.4406980497702534
659,-3.050000000000004,0.3747395674728675,4.0,0.08486524191668496,0.4596048093895525
660,-3.000000000000004,0.3932208624781824,4.0,-0.03897505684342357,0.3542458056347588
661,-2.950000000000004,0.4117021574834971,4.0,0.020555657242955966,0.4322578147264531
662,-2.900000000000004,0.4301834524888123,4.0,0.00865535716309087,0.43883880965190314
663,-2.850000000000004,0.4486647474941271,4.0,0.002575658190668704,0.4512404056847958
664,-2.8000000000000043,0.4671460424994405,4.0,-0.014693321268674668,0.4524527212307658
665,-2.7500000000000044,0.4856273375047552,4.0,0.10975160314130966,0.5953789406460648
666,-2.7000000000000046,0.5041086325100709,4.0,-0.04179806336695178,0.4623105691431191
667,-2.650000000000005,0.5225899275153858,4.0,0.014618193627004153,0.5372081211423899
668,-2.600000000000005,0.545074910043059,4.0,-0.02646385640303671,0.5186110536400222
669,-2.550000000000005,0.5678300141682383,4.0,-0.010101648945298927,0.5577283652229393
670,-2.5000000000000053,0.5905851182934203,4.0,-0.029091632595060715,0.5614934856983596
671,-2.450000000000005,0.6133402224186013,4.0,-0.022524683365965765,0.5908155390526355
672,-2.4000000000000057,0.6360953265437808,4.0,0.03576903125237536,0.6718643577961562
673,-2.350000000000006,0.6585178358204138,4.0,0.022066590718608833,0.6805844265390226
674,-2.300000000000006,0.681154392903196,4.0,0.08642191124250068,0.7675763041456967
675,-2.250000000000006,0.7037909499859804,4.0,-0.05801560770387729,0.6457753422821031
676,-2.2000000000000064,0.7264275070687638,4.0,0.010852857602838181,0.737280364671602
677,-2.1500000000000066,0.7490640641515465,4.0,0.06523868976892402,0.8143027539204705
678,-2.1000000000000068,0.7717006212343297,4.0,0.0317312592351048,0.8034318804694345
679,-2.050000000000007,0.7943371783171135,4.0,-0.06405786834854492,0.7302793099685686
680,-2.000000000000007,0.816973735399896,4.0,-0.1235245588853397,0.6934491765145563
681,-1.9500000000000075,0.8396102924826796,4.0,-0.050792228584818216,0.7888180638978614
682,-1.9000000000000077,0.8622468495654642,4.0,0.012615913486551965,0.8748627630520162
683,-1.850000000000008,0.8871017097239053,4.0,0.02537463831644255,0.9124763480403479
684,-1.8000000000000078,0.9158255939465466,4.0,-0.025240488759647337,0.8905851051868993
685,-1.750000000000008,0.944868407862341,4.0,0.002861396637571706,0.9477298044999127
686,-1.7000000000000082,0.973911221778135,4.0,0.022236443493803743,0.9961476652719388
687,-1.6500000000000083,0.9987495975702776,4.0,-0.05039080365219909,0.9483587939180785
688,-1.6000000000000083,0.9990400257094354,4.0,0.0462649425205873,1.0453049682300226
689,-1.5500000000000087,0.9992669958060646,4.0,-0.046729611638851705,0.9525373841672129
690,-1.5000000000000089,0.9994107092068996,4.0,-0.03602590221000303,0.9633848069968965
691,-1.450000000000009,0.999522223589672,4.0,-0.028419613154350522,0.9711026104353215
692,-1.4000000000000092,0.999595984641306,4.0,0.03151634714203078,1.0311123317833368
693,-1.3500000000000094,0.9996697456929404,4.0,0.013628205351605025,1.0132979510445455
694,-1.3000000000000096,0.9994732649179228,4.0,0.10274207870006982,1.1022153436179927
695,-1.2500000000000098,0.9989253747158224,4.0,0.00594893568212927,1.0048743103979516
696,-1.20000000000001,0.9639147334935954,4.0,-0.017292017707612746,0.9466227157859826
697,-1.15000000000001,0.9392837056698936,4.0,-0.08131670524613659,0.8579670004237571
698,-1.1000000000000103,0.9177101859982814,4.0,-0.03364699954000976,0.8840631864582716
699,-1.0500000000000105,0.9006875021013699,4.0,0.04139948605304955,0.9420869881544195
700,-1.0000000000000109,0.8953713180487851,4.0,0.019420422426117204,0.9147917404749023
701,-0.9500000000000108,0.9001615460942337,4.0,-0.006639250116990527,0.8935222959772432
702,-0.900000000000011,0.9014866534367192,4.0,0.04802592802591044,0.9495125814626296
703,-0.8500000000000112,0.9013786135256098,4.0,-0.030686144433455534,0.8706924690921543
704,-0.8000000000000114,0.9022282187485648,4.0,0.029089431339161705,0.9313176500877266
705,-0.7500000000000115,0.9150315379055444,4.0,-0.022713379404482134,0.8923181585010622
706,-0.7000000000000117,0.9293956520542704,4.0,-0.029147253241818567,0.9002483988124519
707,-0.6500000000000119,0.9504662107584292,4.0,0.011148800055734494,0.9616150108141637
708,-0.6000000000000121,0.952415517459534,4.0,0.027399573119520827,0.9798150905790548
709,-0.5500000000000123,0.9695575746166716,4.0,0.004128025494905311,0.9736856001115769
710,-0.5000000000000124,0.9987233538529008,4.0,-0.1697264698288365,0.8289968840240642
711,-0.4500000000000126,0.995312277431038,4.0,-0.03639725704347396,0.958915020387564
712,-0.4000000000000128,0.998784861263037,4.0,-0.01499102465390792,0.9837938366091291
713,-0.3500000000000129,0.9988309504971608,4.0,0.027248253684319858,1.0260792041814806
714,-0.3000000000000131,0.9989386422109048,4.0,-0.020991864100149766,0.977946778110755
715,-0.2500000000000133,0.9990463339246488,4.0,0.014567511160159467,1.0136138450848082
716,-0.2000000000000135,0.9991540256383932,4.0,0.020484607855679727,1.0196386334940728
717,-0.1500000000000136,0.9992786193341292,4.0,-0.02982175792701261,0.9694568614071166
718,-0.1000000000000138,0.9993855421825628,4.0,-0.06010506278784742,0.9392804793947154
719,-0.050000000000014,0.9989325709245086,4.0,0.018805140987237182,1.017737711911746
720,-1.4210854715202004e-14,0.9773120598772014,4.0,0.023244629340394344,1.0005566892175957
721,0.0499999999999856,0.957630805597158,4.0,-0.002688513748167235,0.9549422918489907
722,0.0999999999999854,0.980747137731568,4.0,-0.03747546135495058,0.9432716763766174
723,0.1499999999999852,0.9775679682741386,4.0,0.028018537779608468,1.005586506053747
724,0.199999999999985,0.9705271903477304,4.0,-0.0012549550491216784,0.9692722352986087
725,0.2499999999999849,0.967439917457341,4.0,-0.047570499898569686,0.9198694175587714
726,0.2999999999999847,0.9666377127563146,4.0,-0.055010626050499306,0.9116270867058153
727,0.3499999999999845,0.9658355080552884,4.0,-0.051507771060213085,0.9143277369950753
728,0.3999999999999843,0.968322669413938,4.0,0.0350850184445261,1.0034076878584641
729,0.4499999999999842,0.9741623795638878,4.0,-0.017032070367985933,0.9571303091959019
730,0.499999999999984,0.9802568183811275,4.0,-0.03431664696251301,0.9459401714186145
731,0.5499999999999838,0.9863512571983686,4.0,-0.06726926661540349,0.9190819905829651
732,0.5999999999999837,0.9924365063947388,4.0,0.07721380240586684,1.0696503088006057
733,0.6499999999999835,0.9989091518443052,4.0,-0.07106866381176058,0.9278404880325446
734,0.6999999999999833,0.9992623157050736,4.0,-0.008920257430899076,0.9903420582741745
735,0.7499999999999831,0.9996614493570012,4.0,-0.022761235504998704,0.9769002138520024
736,0.799999999999983,1.0,4.0,-0.018524685579309922,0.98147531442069
737,0.8499999999999828,0.9998988308374972,4.0,0.03807207189154701,1.0379709027290442
738,0.8999999999999826,0.9997881900687164,4.0,0.0028021268317740843,1.0025903169004906
739,0.9499999999999824,0.9996871658581222,4.0,0.0055675998787276,1.0052547657368498
740,0.9999999999999822,0.9996007873393212,4.0,-0.03588731805061589,0.9637134692887054
741,1.049999999999982,0.9994485297293452,4.0,-0.055151149365684965,0.9442973803636602
742,1.099999999999982,0.9992908786923876,4.0,-0.014951099659535156,0.9843397790328525
743,1.1499999999999817,0.99913322765543,4.0,0.02670121515996269,1.0258344428153927
744,1.1999999999999815,0.998975249021441,4.0,-0.07906837138179643,0.9199068776396445
745,1.2499999999999811,0.9988128905356324,4.0,0.031182590519412273,1.0299954810550447
746,1.2999999999999812,0.9934772439117316,4.0,-0.011475404011470808,0.9820018399002608
747,1.349999999999981,0.9814360357232432,4.0,0.04201492678600403,1.0234509625092472
748,1.3999999999999808,0.9688339884411112,4.0,-0.079530340434872,0.8893036480062393
749,1.4499999999999806,0.9571282241571946,4.0,-0.05626722249996946,0.9008610016572252
750,1.4999999999999805,0.956474521395289,4.0,-0.01747929818768362,0.9389952232076054
751,1.5499999999999805,0.954419278632366,4.0,0.010251872189828775,0.9646711508221948
752,1.59999999999998,0.952265520177547,4.0,0.08681121949321259,1.0390767396707596
753,1.64999999999998,0.9501117617227284,4.0,-0.022635570325369732,0.9274761913973586
754,1.6999999999999795,0.9479580032679102,4.0,-0.026516235225012248,0.921441768042898
755,1.7499999999999796,0.9458042448130908,4.0,0.02530724794562741,0.9711114927587182
756,1.7999999999999794,0.9436504863582736,4.0,-0.029179124091121694,0.914471362267152
757,1.8499999999999792,0.941496727903454,4.0,0.05576957768832657,0.9972663055917805
758,1.899999999999979,0.9393429694486356,4.0,0.06598796749208326,1.0053309369407188
759,1.9499999999999789,0.9370917011712604,4.0,0.014269082050462885,0.9513607832217232
760,1.999999999999979,0.9343983888742412,4.0,0.04646735802217125,0.9808657468964125
761,2.0499999999999785,0.9317050765772232,4.0,0.017340259284592752,0.9490453358618159
762,2.0999999999999783,0.9290117642802036,4.0,-0.008266576597652538,0.9207451876825511
763,2.149999999999978,0.926318451983186,4.0,0.04323691949667578,0.9695553714798617
764,2.199999999999978,0.923625139686166,4.0,-0.006241086895479308,0.9173840527906867
765,2.249999999999978,0.9209318273891473,4.0,0.03905006892933467,0.959981896318482
766,2.2999999999999776,0.9182385150921306,4.0,0.012844234489211449,0.9310827495813421
767,2.349999999999977,0.9155452027951104,4.0,0.03159284202731713,0.9471380448224276
768,2.3999999999999773,0.9128518904980925,4.0,-0.01747204787885299,0.8953798426192394
769,2.449999999999977,0.910158578201073,4.0,-0.05865061265310023,0.8515079655479728
770,2.499999999999977,0.9074652659040544,4.0,0.006658706733713455,0.9141239726377679
771,2.5499999999999767,0.9047719536070358,4.0,0.023100524684428553,0.9278724782914644
772,2.599999999999977,0.9020786413100172,4.0,-0.011561452962495137,0.8905171883475221
773,2.6499999999999764,0.899385329012998,4.0,-0.09076279379036732,0.8086225352226306
774,2.699999999999976,0.8966920167159799,4.0,-0.017847724953710335,0.8788442917622695
775,2.749999999999976,0.8939987044189607,4.0,0.05865419636763835,0.952652900786599
776,2.799999999999976,0.8913053921219426,4.0,-0.05173804084369763,0.839567351278245
777,2.849999999999976,0.8886120798249242,4.0,0.07004182762559995,0.9586539074505241
778,2.8999999999999755,0.8859187675279052,4.0,-0.025614422219791096,0.8603043453081142
779,2.9499999999999758,0.883794041424529,4.0,0.038554252397613537,0.9223482938221426
780,2.999999999999975,0.8820118616007657,4.0,-0.005894987093200383,0.8761168745075654
781,3.049999999999975,0.8801604676713816,4.0,0.00043337399170487406,0.8805938416630864
782,3.0999999999999748,0.8783090737419968,4.0,0.07986429337091121,0.958173367112908
783,3.1499999999999746,0.876457679812614,4.0,0.057566178688116525,0.9340238585007306
784,3.1999999999999744,0.8746062858832279,4.0,-0.046063656182292544,0.8285426297009353
785,3.2499999999999742,0.8727548919538439,4.0,0.0736100771314613,0.9463649690853052
786,3.299999999999974,0.8709034980244594,4.0,0.04160803623723529,0.9125115342616947
787,3.349999999999974,0.8690521040950746,4.0,0.13354430032017195,1.0025964044152467
788,3.3999999999999737,0.8672007101656898,4.0,0.008429136888666037,0.8756298470543559
789,3.449999999999973,0.8653493162363048,4.0,-0.0838837096695575,0.7814656065667474
790,3.4999999999999734,0.8631589999586189,4.0,-0.01755993048415311,0.8455990694744657
791,3.549999999999973,0.8608400137417678,4.0,0.016950820739959526,0.8777908344817273
792,3.599999999999973,0.8578617808872134,4.0,0.026720715079529368,0.8845824959667428
793,3.649999999999973,0.8544132671948079,4.0,-0.03705083793118149,0.8173624292636265
794,3.6999999999999726,0.8509647535024023,4.0,-0.07832872669997194,0.7726360268024304
795,3.749999999999973,0.8475162398099968,4.0,0.053705840199150534,0.9012220800091473
796,3.799999999999972,0.8440677261175902,4.0,0.01724576485785969,0.8613134909754498
797,3.849999999999972,0.8406192124251837,4.0,-0.04627193272040546,0.7943472797047783
798,3.899999999999972,0.8371706987327802,4.0,-0.026467779822362737,0.8107029189104175
799,3.949999999999972,0.8337221850403747,4.0,-0.015138159729485122,0.8185840253108896
800,-4.0,1.0,5.0,-0.033888076655757535,0.9661119233442425
801,-3.95,0.9887498558830714,5.0,0.07322472810364261,1.061974583986714
802,-3.9,0.9774997117661428,5.0,0.09976925260229744,1.0772689643684403
803,-3.850000000000001,0.9662495676492148,5.0,0.08501590420807316,1.051265471857288
804,-3.8000000000000007,0.9549994235322862,5.0,0.07751940778807082,1.032518831320357
805,-3.750000000000001,0.9435943780902176,5.0,-0.024004254570316925,0.9195901235199007
806,-3.700000000000001,0.932166400483458,5.0,0.03385367748971149,0.9660200779731695
807,-3.650000000000001,0.9207384228766988,5.0,0.1048805301277799,1.0256189530044788
808,-3.6000000000000014,0.9093104452699394,5.0,-0.006437715220084364,0.902872730049855
809,-3.5500000000000016,0.8978824676631797,5.0,0.021612530120139535,0.9194949977833192
810,-3.5000000000000018,0.8864544900564201,5.0,-0.04950668453149823,0.8369478055249219
811,-3.450000000000002,0.8750265124496607,5.0,0.015656698981673718,0.8906832114313344
812,-3.400000000000002,0.8635985348429008,5.0,-0.02457480383334347,0.8390237310095574
813,-3.3500000000000023,0.8521705572361419,5.0,0.02684395681733421,0.8790145140534761
814,-3.3000000000000025,0.840742579629382,5.0,-0.022096815421925042,0.8186457642074569
815,-3.2500000000000027,0.8293146020226229,5.0,-0.01352682182127174,0.8157877802013511
816,-3.200000000000003,0.8178866244158629,5.0,-0.06490852411357294,0.75297810030229
817,-3.150000000000003,0.8064586468091035,5.0,-0.06418697158541976,0.7422716752236838
818,-3.100000000000003,0.7950306692023441,5.0,-0.04553702470191215,0.749493644500432
819,-3.050000000000004,0.7836543449144419,5.0,0.008647901053280468,0.7923022459677224
820,-3.000000000000004,0.7727859029783737,5.0,0.05651525230193081,0.8293011552803045
821,-2.950000000000004,0.7619174610423047,5.0,-0.043973582034165536,0.7179438790081392
822,-2.900000000000004,0.7510168966934182,5.0,0.02734651747444028,0.7783634141678585
823,-2.850000000000004,0.7400869291357249,5.0,-0.017263479832873792,0.7228234493028511
824,-2.8000000000000043,0.7291569615780317,5.0,0.029934889109822723,0.7590918506878543
825,-2.7500000000000044,0.7158358881222763,5.0,0.0327082308783114,0.7485441190005877
826,-2.7000000000000046,0.7003268969987823,5.0,0.002089566508836614,0.7024164635076189
827,-2.650000000000005,0.6848179058752891,5.0,0.04263718602464281,0.727455091899932
828,-2.600000000000005,0.669308914751796,5.0,-0.0018981919306822765,0.6674107228211137
829,-2.550000000000005,0.653799923628302,5.0,0.014902838265700179,0.6687027618940021
830,-2.5000000000000053,0.6382909325048081,5.0,-0.031090264045373957,0.6072006684594341
831,-2.450000000000005,0.622781941381314,5.0,0.0034562981816153495,0.6262382395629293
832,-2.4000000000000057,0.6077223852725957,5.0,-0.03981662435064636,0.5679057609219493
833,-2.350000000000006,0.5926679189496104,5.0,0.005817328917520376,0.5984852478671308
834,-2.300000000000006,0.5776134526266254,5.0,0.006677864231341699,0.5842913168579671
835,-2.250000000000006,0.5625589863036399,5.0,0.015805145627329938,0.5783641319309698
836,-2.2000000000000064,0.5475045199806551,5.0,0.07998696632220191,0.627491486302857
837,-2.1500000000000066,0.5324500536576701,5.0,-0.05492750556032103,0.47752254809734906
838,-2.1000000000000068,0.5173955873346847,5.0,0.06120662392283384,0.5786022112575185
839,-2.050000000000007,0.5023411210117004,5.0,0.06433534087207272,0.5666764618837731
840,-2.000000000000007,0.4872866546887146,5.0,-0.005601701883210022,0.4816849528055046
841,-1.9500000000000075,0.4722321883657298,5.0,0.049329579763189496,0.5215617681289193
842,-1.9000000000000077,0.4585009115745809,5.0,0.046502016543913643,0.5050029281184946
843,-1.850000000000008,0.4457153358399776,5.0,0.050140001245424164,0.49585533708540175
844,-1.8000000000000078,0.432929760105374,5.0,0.0021595311143519534,0.43508929121972595
845,-1.750000000000008,0.4201441843707704,5.0,-0.020507002284757738,0.3996371820860127
846,-1.7000000000000082,0.4073586086361671,5.0,-0.021321491247745555,0.3860371173884215
847,-1.6500000000000083,0.393544305605547,5.0,0.07130411737080954,0.46484842297635653
848,-1.6000000000000083,0.3795759313576794,5.0,0.07229244479140905,0.4518683761490885
849,-1.5500000000000087,0.3662600528152148,5.0,0.0745139818654814,0.4407740346806962
850,-1.5000000000000089,0.3532376049096959,5.0,-0.022345699381360173,0.33089190552833575
851,-1.450000000000009,0.3402151570041768,5.0,0.11155699418730997,0.4517721511914868
852,-1.4000000000000092,0.3273954907001919,5.0,-0.00935060320281992,0.318044887497372
853,-1.3500000000000094,0.3146633721932744,5.0,0.00900628727281284,0.3236696594660872
854,-1.3000000000000096,0.3019250271805864,5.0,-0.001710500432148708,0.3002145267484377
855,-1.2500000000000098,0.2894190325112969,5.0,-0.03249436798563575,0.25692466452566115
856,-1.20000000000001,0.2772140483201435,5.0,0.06053962328019668,0.3377536716003402
857,-1.15000000000001,0.2650090641289898,5.0,0.06624288107950947,0.33125194520849927
858,-1.1000000000000103,0.2550617445383459,5.0,0.05214186584071895,0.30720361037906485
859,-1.0500000000000105,0.244597481650419,5.0,-0.0002955369878052047,0.2443019446626138
860,-1.0000000000000109,0.2340308496921545,5.0,0.032670344272180595,0.2667011939643351
861,-0.9500000000000108,0.2224853783943098,5.0,0.0002404732989713223,0.2227258516932811
862,-0.900000000000011,0.2109399070964653,5.0,0.025460900923684877,0.23640080802015018
863,-0.8500000000000112,0.1994721432857853,5.0,0.06655015972872506,0.26602230301451035
864,-0.8000000000000114,0.1872182941854506,5.0,0.027683144589533266,0.21490143877498388
865,-0.7500000000000115,0.1741915884305452,5.0,0.023218630562138423,0.19741021899268363
866,-0.7000000000000117,0.1611648826756399,5.0,-0.07064416933890488,0.090520713336735
867,-0.6500000000000119,0.1484840259897287,5.0,-0.039075788389664565,0.10940823760006414
868,-0.6000000000000121,0.1388072443425548,5.0,0.06947577708973039,0.20828302143228516
869,-0.5500000000000123,0.1321454547581486,5.0,-0.01203883068623593,0.12010662407191267
870,-0.5000000000000124,0.1277500134834683,5.0,-0.0229944143819539,0.10475559910151439
871,-0.4500000000000126,0.1233545722087883,5.0,-0.04152960197298941,0.08182497023579889
872,-0.4000000000000128,0.1190597972706546,5.0,0.04775614715685884,0.16681594442751344
873,-0.3500000000000129,0.1151205732486045,5.0,0.012846158610979836,0.12796673185958435
874,-0.3000000000000131,0.1111813492265545,5.0,-0.05909609456120493,0.052085254665349565
875,-0.2500000000000133,0.1067433106144244,5.0,-0.03259263384356241,0.07415067677086198
876,-0.2000000000000135,0.0982665049874787,5.0,-0.003988828335950759,0.09427767665152795
877,-0.1500000000000136,0.0920837753717965,5.0,-0.0136604127884127,0.07842336258338381
878,-0.1000000000000138,0.0926067159875081,5.0,-0.03148003768439532,0.061126678303112775
879,-0.050000000000014,0.091949562332209,5.0,-0.028773434216185896,0.0631761281160231
880,-1.4210854715202004e-14,0.0908601097362956,5.0,-0.10682087147808167,-0.015960761741786067
881,0.0499999999999856,0.0870133222648812,5.0,-0.10831322354156057,-0.02129990127667937
882,0.0999999999999854,0.0720484666994478,5.0,-0.027127148731762026,0.04492131796768577
883,0.1499999999999852,0.0563933830298032,5.0,-0.004423899454150465,0.05196948357565274
884,0.199999999999985,0.0379038638109004,5.0,-0.05006864552903722,-0.01216478171813682
885,0.2499999999999849,0.0302784518087951,5.0,0.0031107784708969384,0.03338923027969204
886,0.2999999999999847,0.0192980549257611,5.0,0.013130849861419209,0.03242890478718031
887,0.3499999999999845,0.0222267694050783,5.0,0.028878916374678265,0.05110568577975656
888,0.3999999999999843,0.0203815685251539,5.0,0.020721576541696117,0.04110314506685002
889,0.4499999999999842,0.0145046848816322,5.0,0.00986365444228876,0.024368339323920962
890,0.499999999999984,0.0101959298723789,5.0,-0.013666659514446889,-0.0034707296420679896
891,0.5499999999999838,0.0059491118939955,5.0,0.06469776073527894,0.07064687262927444
892,0.5999999999999837,0.0034361341595153,5.0,0.032801540669852955,0.03623767482936825
893,0.6499999999999835,0.0011755604955144,5.0,-0.010030808621014861,-0.008855248125500462
894,0.6999999999999833,0.0,5.0,-0.06100009803971112,-0.06100009803971112
895,0.7499999999999831,7.275203588267846e-05,5.0,-0.0449505887610814,-0.04487783672519872
896,0.799999999999983,0.0016814783186351,5.0,-0.017192406903746977,-0.015510928585111878
897,0.8499999999999828,0.0057293921023438,5.0,-0.08141676774831003,-0.07568737564596623
898,0.8999999999999826,0.0110531224459318,5.0,-0.05114161157440117,-0.040088489128469365
899,0.9499999999999824,0.0194898163761447,5.0,0.009504153006960545,0.028993969383105243
900,0.9999999999999822,0.0285406696684509,5.0,-0.07963058290158395,-0.051089913233133055
901,1.049999999999982,0.0375914678874179,5.0,-0.0425841563609741,-0.004992688473556203
902,1.099999999999982,0.0467407229544805,5.0,-0.05513366188197636,-0.00839293892749586
903,1.1499999999999817,0.0559337828076034,5.0,0.037537442614761836,0.09347122542236525
904,1.1999999999999815,0.0630598445017695,5.0,-0.06995923818321256,-0.006899393681443058
905,1.2499999999999811,0.0695731353602419,5.0,-0.029710322751614254,0.039862812608627646
906,1.2999999999999812,0.0772496374516415,5.0,0.06569074762891412,0.14294038508055562
907,1.349999999999981,0.083732311981534,5.0,0.029669300546016675,0.11340161252755067
908,1.3999999999999808,0.0828119592006267,5.0,-0.020051435970267942,0.06276052323035876
909,1.4499999999999806,0.0781621597846052,5.0,0.058784250287170485,0.1369464100717757
910,1.4999999999999805,0.0735123603685833,5.0,-0.04209289761706539,0.03141946275151791
911,1.5499999999999805,0.0688625609525618,5.0,0.0106482698822642,0.07951083083482599
912,1.59999999999998,0.0674543347678566,5.0,-0.037602707064588604,0.029851627703267998
913,1.64999999999998,0.0685636369912851,5.0,-0.0405182705518305,0.028045366439454607
914,1.6999999999999795,0.0696729392147137,5.0,-0.11627140443227896,-0.04659846521756526
915,1.7499999999999796,0.0707822414381421,5.0,-0.03251158831174183,0.038270653126400274
916,1.7999999999999794,0.0718915436615706,5.0,0.003763432142659304,0.0756549758042299
917,1.8499999999999792,0.073000845884999,5.0,0.12398552750697085,0.19698637339196984
918,1.899999999999979,0.0744839622917765,5.0,-0.07208669678554111,0.0023972655062353965
919,1.9499999999999789,0.0753365145226374,5.0,0.044423931717804774,0.11976044624044217
920,1.999999999999979,0.0746806585084383,5.0,0.03949633259438364,0.11417699110282195
921,2.0499999999999785,0.07341914221589,5.0,0.07340255418522083,0.1468216964011108
922,2.0999999999999783,0.0711817023870581,5.0,0.020219799641010984,0.09140150202806907
923,2.149999999999978,0.0690876148917378,5.0,0.025066991359943898,0.0941546062516817
924,2.199999999999978,0.0670904998736872,5.0,-0.0451278581468495,0.021962641726837706
925,2.249999999999978,0.0650933848556368,5.0,-0.036599134996464486,0.028494249859172316
926,2.2999999999999776,0.0630962698375866,5.0,-0.06129163943498738,0.0018046304025992124
927,2.349999999999977,0.0610991548195364,5.0,-0.08340208501172278,-0.022302930192186377
928,2.3999999999999773,0.0591020398014859,5.0,0.007580781951151636,0.06668282175263754
929,2.449999999999977,0.0571049247834357,5.0,-0.032515503236266306,0.024589421547169393
930,2.499999999999977,0.0551078097653852,5.0,-0.041540079067300485,0.013567730698084715
931,2.5499999999999767,0.0531106947473353,5.0,0.02868436872778243,0.08179506347511772
932,2.599999999999977,0.0511135797292849,5.0,0.11955293308259228,0.17066651281187717
933,2.6499999999999764,0.0491164647112348,5.0,-0.06698128076431871,-0.01786481605308391
934,2.699999999999976,0.0471193496931842,5.0,-0.027154726876629377,0.019964622816554825
935,2.749999999999976,0.045122234675134,5.0,-0.013741144493870053,0.03138109018126395
936,2.799999999999976,0.043125119657084,5.0,0.047759513980651785,0.09088463363773579
937,2.849999999999976,0.0411280046390332,5.0,0.015206817588980301,0.0563348222280135
938,2.8999999999999755,0.039130889620983,5.0,-0.13152820414741534,-0.09239731452643234
939,2.9499999999999758,0.0370158535372948,5.0,-0.12172433711589292,-0.08470848357859811
940,2.999999999999975,0.0346038885926084,5.0,0.028321445546268628,0.06292533413887702
941,3.049999999999975,0.0321919236479216,5.0,-0.0484780971169932,-0.016286173469071595
942,3.0999999999999748,0.0297799587032353,5.0,-0.0024065483843115337,0.027373410318923763
943,3.1499999999999746,0.0273679937585486,5.0,-0.034836599498431,-0.0074686057398824016
944,3.1999999999999744,0.0249560288138623,5.0,0.0035912193545627243,0.02854724816842502
945,3.2499999999999742,0.0225440638691755,5.0,-0.04933690997353955,-0.026792846104364054
946,3.299999999999974,0.0201320989244893,5.0,0.0799893482500098,0.10012144717449911
947,3.349999999999974,0.0177201339798028,5.0,-0.011076162998213275,0.006643970981589526
948,3.3999999999999737,0.0153081690351161,5.0,-0.04269080421131034,-0.027382635176194242
949,3.449999999999973,0.0137135645679871,5.0,-0.022280496557432205,-0.008566931989445106
950,3.4999999999999734,0.0128394339205249,5.0,0.10888469544812107,0.12172412936864598
951,3.549999999999973,0.0119653032730625,5.0,0.06957947135227714,0.08154477462533964
952,3.599999999999973,0.0112338341597609,5.0,0.005275681275449506,0.016509515435210405
953,3.649999999999973,0.0108036340278553,5.0,0.004136556571332241,0.014940190599187542
954,3.6999999999999726,0.0103734338959502,5.0,0.035859785593607404,0.04623321948955761
955,3.749999999999973,0.0099432337640445,5.0,0.011023068120173087,0.020966301884217588
956,3.799999999999972,0.0095130336321393,5.0,-0.05457180674789841,-0.04505877311575911
957,3.849999999999972,0.0090828335002341,5.0,0.05230661320120044,0.061389446701434536
958,3.899999999999972,0.0086526333683286,5.0,-0.07968379621606819,-0.0710311628477396
959,3.949999999999972,0.008222433236423,5.0,0.00616488974472193,0.01438732298114493
960,-4.0,0.0,6.0,-0.0295945473944492,-0.0295945473944492
961,-3.95,0.0107610983478069,6.0,-0.043919375514860824,-0.033158277167053926
962,-3.9,0.0215221966956144,6.0,0.012405759887497184,0.03392795658311158
963,-3.850000000000001,0.0322832950434209,6.0,-0.001270769771112261,0.03101252527230864
964,-3.8000000000000007,0.043044393391229,6.0,-0.0011572959473958434,0.041887097443833156
965,-3.750000000000001,0.0538054917390343,6.0,-0.0916359695643136,-0.03783047782527929
966,-3.700000000000001,0.064566590086842,6.0,-0.012841813362070971,0.05172477672477103
967,-3.650000000000001,0.0753276884346487,6.0,-0.05381123244685193,0.021516455987796765
968,-3.6000000000000014,0.0860887867824586,6.0,0.005410613219885213,0.09149940000234381
969,-3.5500000000000016,0.0968498851302635,6.0,0.042369130885913306,0.1392190160161768
970,-3.5000000000000018,0.1076109834780724,6.0,-0.052938390311034346,0.05467259316703805
971,-3.450000000000002,0.1183720818258783,6.0,0.020481958578663494,0.1388540404045418
972,-3.400000000000002,0.1291331801736843,6.0,-0.13574985199640507,-0.006616671822720771
973,-3.3500000000000023,0.1398942785214933,6.0,-0.09461678678746281,0.04527749173403049
974,-3.3000000000000025,0.150655376869301,6.0,-0.031053054344743293,0.11960232252455771
975,-3.2500000000000027,0.1614164752171064,6.0,0.030062097599090384,0.1914785728161968
976,-3.200000000000003,0.1721775735649139,6.0,-0.0031580035463773908,0.1690195700185365
977,-3.150000000000003,0.1829386719127214,6.0,-0.06783221444398417,0.11510645746873722
978,-3.100000000000003,0.1936997702605269,6.0,-0.04569857193287079,0.14800119832765612
979,-3.050000000000004,0.2044608686083368,6.0,-0.053883097363188415,0.15057777124514837
980,-3.000000000000004,0.2152219669561443,6.0,-0.07008404716250159,0.1451379197936427
981,-2.950000000000004,0.2259830653039498,6.0,-0.08714899234516489,0.13883407295878492
982,-2.900000000000004,0.2367441636517571,6.0,-0.03056104154308663,0.20618312210867046
983,-2.850000000000004,0.2475052619995639,6.0,0.026735278778829853,0.27424054077839377
984,-2.8000000000000043,0.2582663603473713,6.0,0.05178333000072415,0.3100496903480955
985,-2.7500000000000044,0.2690274586951797,6.0,-0.021473393989697966,0.24755406470548172
986,-2.7000000000000046,0.2797885570429864,6.0,0.07966204060418171,0.3594505976471681
987,-2.650000000000005,0.2905496553907938,6.0,-0.017850805694553478,0.2726988496962403
988,-2.600000000000005,0.3013107537386017,6.0,0.01110205202349276,0.31241280576209446
989,-2.550000000000005,0.3120718520864084,6.0,0.04328292214368881,0.3553547742300972
990,-2.5000000000000053,0.3228329504342151,6.0,-0.049069029088447166,0.27376392134576794
991,-2.450000000000005,0.3335940487820223,6.0,0.06685696439874093,0.40045101318076326
992,-2.4000000000000057,0.3443551471298302,6.0,-0.05355251389944415,0.290802633230386
993,-2.350000000000006,0.3551162454776362,6.0,-0.010507676448249077,0.34460856902938714
994,-2.300000000000006,0.365877343825444,6.0,-0.11415762117458504,0.25171972265085896
995,-2.250000000000006,0.376638442173252,6.0,0.048149049936901604,0.4247874921101536
996,-2.2000000000000064,0.3873995405210582,6.0,0.03852872258910026,0.42592826311015847
997,-2.1500000000000066,0.398160638868866,6.0,0.004982567603227601,0.4031432064720936
998,-2.1000000000000068,0.4089217372166729,6.0,-0.03757648228877032,0.3713452549279026
999,-2.050000000000007,0.4196828355644804,6.0,0.05589119876484292,0.4755740343293233
1000,-2.000000000000007,0.4304439339122867,6.0,-0.11627085627610174,0.31417307763618496
1001,-1.9500000000000075,0.4412050322600943,6.0,0.08121867725610378,0.5224237095161981
1002,-1.9000000000000077,0.4530773733434333,6.0,0.051837817502431716,0.504915190845865
1003,-1.850000000000008,0.4683278085255423,6.0,-0.0288535067452088,0.4394743017803335
1004,-1.8000000000000078,0.4835782437076531,6.0,0.007052446985547985,0.4906306906932011
1005,-1.750000000000008,0.4988286788897626,6.0,0.03209151062143313,0.5309201895111958
1006,-1.7000000000000082,0.5132477089121893,6.0,0.002026872054919448,0.5152745809671088
1007,-1.6500000000000083,0.5272333505516547,6.0,-0.0372939600776315,0.48993939047402313
1008,-1.6000000000000083,0.5412189921911191,6.0,-0.01849212103191948,0.5227268711591997
1009,-1.5500000000000087,0.5552046338305834,6.0,0.037740164999995246,0.5929447988305786
1010,-1.5000000000000089,0.5691902754700483,6.0,-0.07647008851900816,0.49272018695104014
1011,-1.450000000000009,0.5831759171095118,6.0,-0.030448279382656353,0.5527276377268554
1012,-1.4000000000000092,0.5971615587489766,6.0,0.02577221114303184,0.6229337698920084
1013,-1.3500000000000094,0.6111472003884405,6.0,-0.002983242183891463,0.608163958204549
1014,-1.3000000000000096,0.6251328420279054,6.0,-0.06026515967495214,0.5648676823529533
1015,-1.2500000000000098,0.644446706130928,6.0,-0.024650185863497806,0.6197965202674303
1016,-1.20000000000001,0.6635472035263101,6.0,0.01140874271159585,0.674955946237906
1017,-1.15000000000001,0.6741396776328172,6.0,0.061470697560006386,0.7356103751928236
1018,-1.1000000000000103,0.6847321517393233,6.0,0.08211364879886991,0.7668458005381933
1019,-1.0500000000000105,0.69532462584583,6.0,-0.01631176593030907,0.679012859915521
1020,-1.0000000000000109,0.7050035111940509,6.0,0.053285220173387826,0.7582887313674387
1021,-0.9500000000000108,0.7143476754413014,6.0,-0.043635609515132484,0.6707120659261689
1022,-0.900000000000011,0.72310230164419,6.0,-0.059077458920598215,0.6640248427235917
1023,-0.8500000000000112,0.7086616556125239,6.0,-0.059642513254057075,0.6490191423584668
1024,-0.8000000000000114,0.7102795416276262,6.0,-0.04264116689394448,0.6676383747336817
1025,-0.7500000000000115,0.7129097624656725,6.0,-0.009814247640873186,0.7030955148247993
1026,-0.7000000000000117,0.716455374344131,6.0,-0.09004210545063013,0.6264132688935009
1027,-0.6500000000000119,0.7172892979575806,6.0,0.00593861911528608,0.7232279170728666
1028,-0.6000000000000121,0.7199314708831701,6.0,0.00856427606778673,0.7284957469509569
1029,-0.5500000000000123,0.7172991211451691,6.0,0.03318960014518987,0.750488721290359
1030,-0.5000000000000124,0.7143583512748081,6.0,0.0032152576424524953,0.7175736089172605
1031,-0.4500000000000126,0.7112513101860912,6.0,-0.004543432385071447,0.7067078778010197
1032,-0.4000000000000128,0.7081477052879049,6.0,-0.15734242191323825,0.5508052833746667
1033,-0.3500000000000129,0.7050441003897184,6.0,-0.04982924540858763,0.6552148549811307
1034,-0.3000000000000131,0.7018331242362773,6.0,-0.015726799421186398,0.6861063248150909
1035,-0.2500000000000133,0.6880569991436069,6.0,-0.021222917865886988,0.6668340812777198
1036,-0.2000000000000135,0.6677165888111254,6.0,-0.02483849363837625,0.6428780951727492
1037,-0.1500000000000136,0.6473761784786436,6.0,0.021126978071827594,0.6685031565504712
1038,-0.1000000000000138,0.6305711666021933,6.0,-0.03398784770816293,0.5965833188940304
1039,-0.050000000000014,0.6154068066494058,6.0,-0.006637836077867424,0.6087689705715384
1040,-1.4210854715202004e-14,0.5967196720092723,6.0,0.024713070554576617,0.621432742563849
1041,0.0499999999999856,0.5881640638368962,6.0,-0.0034390651788496988,0.5847249986580465
1042,0.0999999999999854,0.5847842100094441,6.0,0.08628736032281446,0.6710715703322586
1043,0.1499999999999852,0.6062151194791894,6.0,-0.009986293042896133,0.5962288264362933
1044,0.199999999999985,0.6352842860673606,6.0,-0.03705500613012787,0.5982292799372327
1045,0.2499999999999849,0.664672575180603,6.0,-0.04109947762199533,0.6235730975586077
1046,0.2999999999999847,0.6984949278917841,6.0,0.04128845414706024,0.7397833820388444
1047,0.3499999999999845,0.7464806341563079,6.0,-0.037946788550451895,0.7085338456058561
1048,0.3999999999999843,0.808769462740489,6.0,-0.0769879049942867,0.7317815577462023
1049,0.4499999999999842,0.8405165413670183,6.0,0.029477052148788038,0.8699935935158063
1050,0.499999999999984,0.8669362947162734,6.0,-0.03136289984671573,0.8355733948695577
1051,0.5499999999999838,0.8894655836351844,6.0,-0.015293562963427255,0.8741720206717571
1052,0.5999999999999837,0.9112277460910486,6.0,-0.05368186126276034,0.8575458848282883
1053,0.6499999999999835,0.9252780335052584,6.0,-0.09556854511642343,0.829709488388835
1054,0.6999999999999833,0.9385355211907368,6.0,0.08854288385125228,1.027078405041989
1055,0.7499999999999831,0.953819123660572,6.0,-0.0458924318610954,0.9079266917994766
1056,0.799999999999983,0.972301075620494,6.0,0.04325731400715791,1.0155583896276519
1057,0.8499999999999828,0.98941639349782,6.0,0.0419564364170019,1.031372829914822
1058,0.8999999999999826,0.9974622486582444,6.0,0.001481777498990488,0.9989440261572349
1059,0.9499999999999824,0.9987913849100808,6.0,-0.025606671761756402,0.9731847131483244
1060,0.9999999999999822,0.9990909054650012,6.0,-0.034103122601383165,0.9649877828636181
1061,1.049999999999982,0.9993904260199216,6.0,-0.014129308992264323,0.9852611170276573
1062,1.099999999999982,0.999689946574842,6.0,0.007857529039490057,1.007547475614332
1063,1.1499999999999817,1.0,6.0,-0.01591746395385958,0.9840825360461404
1064,1.1999999999999815,0.9985877015902228,6.0,0.0067207811296344806,1.0053084827198573
1065,1.2499999999999811,0.9969874037830292,6.0,0.023502763246194294,1.0204901670292235
1066,1.2999999999999812,0.9950690616333157,6.0,-0.08198504096604113,0.9130840206672746
1067,1.349999999999981,0.9931507194836018,6.0,0.028778623711215215,1.021929343194817
1068,1.3999999999999808,0.991232377333888,6.0,0.0458908746732541,1.037123252007142
1069,1.4499999999999806,0.9893140351841744,6.0,0.0001657429703849751,0.9894797781545593
1070,1.4999999999999805,0.987395693034461,6.0,-0.0332211861003641,0.9541745069340969
1071,1.5499999999999805,0.9853941359319184,6.0,0.1061878111162752,1.0915819470481936
1072,1.59999999999998,0.98180346158593,6.0,-0.07616366703952565,0.9056397945464043
1073,1.64999999999998,0.9754892654333184,6.0,-0.10504309496290423,0.8704461704704142
1074,1.6999999999999795,0.9676071619613906,6.0,-0.09259170622576435,0.8750154557356262
1075,1.7499999999999796,0.9596919323491152,6.0,0.03842063314078159,0.9981125654898968
1076,1.7999999999999794,0.9522069340532568,6.0,0.12035778647366578,1.0725647205269226
1077,1.8499999999999792,0.9439343585966588,6.0,0.06468123236876064,1.0086155909654193
1078,1.899999999999979,0.9355229150780672,6.0,0.05286539213438451,0.9883883072124516
1079,1.9499999999999789,0.9271114715594754,6.0,0.07371806640163338,1.0008295379611087
1080,1.999999999999979,0.9187000280408836,6.0,0.07106514600816641,0.98976517404905
1081,2.0499999999999785,0.9102885845222918,6.0,0.06058470280759146,0.9708732873298832
1082,2.0999999999999783,0.903402405164848,6.0,0.06518630518932915,0.9685887103541772
1083,2.149999999999978,0.896555550865333,6.0,-0.001276319019150436,0.8952792318461825
1084,2.199999999999978,0.8897086965658195,6.0,-0.005659887785313129,0.8840488087805064
1085,2.249999999999978,0.8828618422663063,6.0,0.00790379063295087,0.8907656328992571
1086,2.2999999999999776,0.8762534517898144,6.0,-0.005857625149859005,0.8703958266399554
1087,2.349999999999977,0.8696642613857652,6.0,-0.0502992913245883,0.8193649700611769
1088,2.3999999999999773,0.8634893433953497,6.0,0.025159742691702475,0.8886490860870522
1089,2.449999999999977,0.8577896119839561,6.0,0.055877544640385406,0.9136671566243415
1090,2.499999999999977,0.8520898805725625,6.0,0.0819175948785229,0.9340074754510854
1091,2.5499999999999767,0.8463901491611682,6.0,0.05141943630334356,0.8978095854645117
1092,2.599999999999977,0.8406904177497748,6.0,-0.014725207461384105,0.8259652102883908
1093,2.6499999999999764,0.8349906863383811,6.0,0.042359881252699745,0.8773505675910809
1094,2.699999999999976,0.8292909549269878,6.0,-0.036063034151392254,0.7932279207755956
1095,2.749999999999976,0.8235526029681811,6.0,0.018622448845901595,0.8421750518140827
1096,2.799999999999976,0.8177835098108052,6.0,-0.04463626685650675,0.7731472429542984
1097,2.849999999999976,0.81201441665343,6.0,-0.053917565275067,0.758096851378363
1098,2.8999999999999755,0.8062453234960537,6.0,0.021796135063050476,0.8280414585591042
1099,2.9499999999999758,0.8004762303386777,6.0,0.07403456456314705,0.8745107949018247
1100,2.999999999999975,0.7945080490770372,6.0,0.08214455679636941,0.8766526058734067
1101,3.049999999999975,0.7883569323012873,6.0,-0.06110329756789262,0.7272536347333947
1102,3.0999999999999748,0.7822058155255368,6.0,0.03401572672486793,0.8162215422504048
1103,3.1499999999999746,0.7760546987497865,6.0,-0.047998461490029946,0.7280562372597565
1104,3.1999999999999744,0.7699035819740357,6.0,-0.01661868051668654,0.7532849014573492
1105,3.2499999999999742,0.7637524651982857,6.0,-0.08078996537103204,0.6829624998272537
1106,3.299999999999974,0.7576013484225355,6.0,-0.051083792661623995,0.7065175557609115
1107,3.349999999999974,0.7514502316467846,6.0,-0.04207180140976213,0.7093784302370225
1108,3.3999999999999737,0.7452991148710344,6.0,-0.10154784726871827,0.6437512676023162
1109,3.449999999999973,0.7391479980952834,6.0,-0.01033177027463642,0.728816227820647
1110,3.4999999999999734,0.7334497289284516,6.0,-0.1368014608435406,0.596648268084911
1111,3.549999999999973,0.7299555146374199,6.0,0.04659690600290799,0.7765524206403279
1112,3.599999999999973,0.726793933222992,6.0,-0.005391161147173948,0.721402772075818
1113,3.649999999999973,0.7260470523773433,6.0,0.002330109050404996,0.7283771614277483
1114,3.6999999999999726,0.7253001715316936,6.0,0.10597286210139188,0.8312730336330855
1115,3.749999999999973,0.7245532906860435,6.0,0.014837532622530276,0.7393908233085738
1116,3.799999999999972,0.723806409840394,6.0,0.014246578536432476,0.7380529883768265
1117,3.849999999999972,0.7230595289947447,6.0,0.07216236335553462,0.7952218923502793
1118,3.899999999999972,0.7223126481490952,6.0,-0.08637615604903814,0.6359364921000571
1119,3.949999999999972,0.721565767303445,6.0,-0.004036675946190801,0.7175290913572542
1120,-4.0,0.4427373289465216,7.0,0.012200667398293702,0.45493799634481535
1121,-3.95,0.4489015621882523,7.0,0.0016562254089164865,0.45055778759716875
1122,-3.9,0.4550657954299827,7.0,-0.004198551958686035,0.4508672434712967
1123,-3.850000000000001,0.4612300286717131,7.0,0.021762949633079103,0.4829929783047922
1124,-3.8000000000000007,0.4673942619134433,7.0,-0.029405289850105445,0.43798897206333787
1125,-3.750000000000001,0.4735584951551737,7.0,0.0439180751759646,0.5174765703311383
1126,-3.700000000000001,0.4797227283969041,7.0,0.030736204367617693,0.5104589327645218
1127,-3.650000000000001,0.4858869616386347,7.0,-0.02701457206714857,0.45887238957148613
1128,-3.6000000000000014,0.4920511948803655,7.0,-0.059595623282053235,0.4324555715983122
1129,-3.5500000000000016,0.4982154281220953,7.0,0.030400229567274346,0.5286156576893697
1130,-3.5000000000000018,0.5043796613638258,7.0,0.031557656728573136,0.535937318092399
1131,-3.450000000000002,0.5105438946055565,7.0,-0.006424248096716129,0.5041196465088403
1132,-3.400000000000002,0.5165825214044788,7.0,-0.07766953974775553,0.43891298165672327
1133,-3.3500000000000023,0.5219842173455961,7.0,0.011188675267102955,0.5331728926126991
1134,-3.3000000000000025,0.5247840645387414,7.0,-0.06828475296228657,0.4564993115764548
1135,-3.2500000000000027,0.5274715054602312,7.0,-0.02456448356942419,0.502907021890807
1136,-3.200000000000003,0.530158946381721,7.0,-0.0658494548773139,0.4643094915044071
1137,-3.150000000000003,0.5328463873032105,7.0,0.01497335646206485,0.5478197437652754
1138,-3.100000000000003,0.5354231839107383,7.0,-0.05019224338434702,0.48523094052639126
1139,-3.050000000000004,0.5386394739147942,7.0,-0.019343761137001935,0.5192957127777922
1140,-3.000000000000004,0.5422183030786312,7.0,-0.04964732149007874,0.49257098158855245
1141,-2.950000000000004,0.5457971322424675,7.0,-0.05986853201262741,0.4859286002298401
1142,-2.900000000000004,0.5493759614063044,7.0,-0.0381719428104872,0.5112040185958172
1143,-2.850000000000004,0.552954790570141,7.0,0.018147175179353794,0.5711019657494948
1144,-2.8000000000000043,0.5565336197339773,7.0,-0.10815675822573048,0.44837686150824685
1145,-2.7500000000000044,0.560112448897814,7.0,-0.07138503294798418,0.4887274159498298
1146,-2.7000000000000046,0.5636912780616506,7.0,0.0038734334126917314,0.5675647114743424
1147,-2.650000000000005,0.5672701072254871,7.0,-0.0933375377695197,0.4739325694559674
1148,-2.600000000000005,0.5708489363893231,7.0,0.09081778433730223,0.6616667207266254
1149,-2.550000000000005,0.5746015232101552,7.0,-0.12753545006807496,0.44706607314208024
1150,-2.5000000000000053,0.579239466955671,7.0,-0.12041371188515292,0.45882575507051804
1151,-2.450000000000005,0.5835680606886459,7.0,-0.025835905943871026,0.5577321547447749
1152,-2.4000000000000057,0.5901166812253105,7.0,0.06996263783535749,0.660079319060668
1153,-2.350000000000006,0.5971743562954605,7.0,0.08736055093246009,0.6845349072279205
1154,-2.300000000000006,0.6031491186995689,7.0,-0.07551624419378072,0.5276328745057881
1155,-2.250000000000006,0.6090967067421179,7.0,0.05749856409220411,0.666595270834322
1156,-2.2000000000000064,0.6150442947846675,7.0,-0.07371150612917936,0.5413327886554882
1157,-2.1500000000000066,0.6209918828272168,7.0,0.049562885815446774,0.6705547686426636
1158,-2.1000000000000068,0.6269394708697662,7.0,-0.07905627834613972,0.5478831925236265
1159,-2.050000000000007,0.6328870589123157,7.0,-0.019801203417240204,0.6130858554950754
1160,-2.000000000000007,0.6388346469548652,7.0,-0.03169077709538893,0.6071438698594763
1161,-1.9500000000000075,0.6447822349974146,7.0,-0.05741681181224151,0.587365423185173
1162,-1.9000000000000077,0.6501856364928899,7.0,0.004359926468081861,0.6545455629609717
1163,-1.850000000000008,0.6566128137341366,7.0,0.007567929636814644,0.6641807433709512
1164,-1.8000000000000078,0.666455257001177,7.0,-0.029548755596882498,0.6369065014042945
1165,-1.750000000000008,0.6742833797153688,7.0,0.0371289162474722,0.711412295962841
1166,-1.7000000000000082,0.6821115024295605,7.0,0.044264290578480345,0.7263757930080409
1167,-1.6500000000000083,0.6899396251437525,7.0,-0.030159631290104735,0.6597799938536478
1168,-1.6000000000000083,0.697767747857944,7.0,0.05465461960230519,0.7524223674602493
1169,-1.5500000000000087,0.7055791082851133,7.0,-0.05056359567981257,0.6550155126053007
1170,-1.5000000000000089,0.7105041072128221,7.0,0.006271400247111422,0.7167755074599335
1171,-1.450000000000009,0.7149820885179425,7.0,0.06367314151520098,0.7786552300331435
1172,-1.4000000000000092,0.7194600698230632,7.0,0.02476235911490763,0.7442224289379709
1173,-1.3500000000000094,0.7239380511281835,7.0,-0.03834266513259214,0.6855953859955914
1174,-1.3000000000000096,0.7284160324333038,7.0,0.09548402255090378,0.8239000549842076
1175,-1.2500000000000098,0.7355600923271256,7.0,0.033101562643565,0.7686616549706906
1176,-1.20000000000001,0.7406309201576609,7.0,-0.044131069230657884,0.696499850927003
1177,-1.15000000000001,0.7457047251836167,7.0,0.057156013935768295,0.802860739119385
1178,-1.1000000000000103,0.7507785302095723,7.0,0.02994378056839952,0.7807223107779718
1179,-1.0500000000000105,0.751000624518502,7.0,0.021898700176888636,0.7728993246953907
1180,-1.0000000000000109,0.747690806741466,7.0,0.024758747930544958,0.772449554672011
1181,-0.9500000000000108,0.7443809889644301,7.0,-0.021731288800880346,0.7226497001635497
1182,-0.900000000000011,0.7410711711873942,7.0,-0.016436125191360312,0.7246350459960339
1183,-0.8500000000000112,0.7381175742618491,7.0,-0.01694234937808303,0.7211752248837661
1184,-0.8000000000000114,0.7341164428019855,7.0,0.01244327516344171,0.7465597179654272
1185,-0.7500000000000115,0.7300279131391137,7.0,-0.0008658887497291235,0.7291620243893846
1186,-0.7000000000000117,0.7301554700911804,7.0,0.06948038554478053,0.799635855635961
1187,-0.6500000000000119,0.7351249384180661,7.0,0.06297837480015649,0.7981033132182226
1188,-0.6000000000000121,0.7416689737972617,7.0,0.12915540428845282,0.8708243780857146
1189,-0.5500000000000123,0.7482130091764575,7.0,-0.024225568770168543,0.7239874404062889
1190,-0.5000000000000124,0.754980090351433,7.0,0.017848637175133616,0.7728287275265666
1191,-0.4500000000000126,0.7669813391654601,7.0,0.05845394001228552,0.8254352791777456
1192,-0.4000000000000128,0.7790445796934432,7.0,0.09178931653679973,0.8708338962302429
1193,-0.3500000000000129,0.7913323463578964,7.0,0.08567787882752737,0.8770102251854237
1194,-0.3000000000000131,0.8034455099294631,7.0,0.07125659489340683,0.8747021048228699
1195,-0.2500000000000133,0.8142412595197862,7.0,0.014919208753232872,0.829160468273019
1196,-0.2000000000000135,0.8214765379967042,7.0,0.0272419262185157,0.8487184642152199
1197,-0.1500000000000136,0.830420123149448,7.0,0.01747631553699666,0.8478964386864447
1198,-0.1000000000000138,0.8398850571417921,7.0,-0.04173965152842618,0.7981454056133659
1199,-0.050000000000014,0.8519004380088465,7.0,-0.013001713286058054,0.8388987247227885
1200,-1.4210854715202004e-14,0.8622063208445895,7.0,0.01574077480201023,0.8779470956465997
1201,0.0499999999999856,0.872012895686917,7.0,-0.05717275511267668,0.8148401405742403
1202,0.0999999999999854,0.8818194705292439,7.0,0.012008369307434746,0.8938278398366787
1203,0.1499999999999852,0.8922554071209473,7.0,-0.00019782407844920808,0.892057583042498
1204,0.199999999999985,0.9032342849205646,7.0,-0.05483530131015762,0.848398983610407
1205,0.2499999999999849,0.9157935788655616,7.0,0.06037001178561984,0.9761635906511814
1206,0.2999999999999847,0.9279939736434508,7.0,-0.059450116701080274,0.8685438569423706
1207,0.3499999999999845,0.9394416180674288,7.0,-0.06504981705104926,0.8743918010163795
1208,0.3999999999999843,0.9490783938064944,7.0,-0.007059742260376648,0.9420186515461177
1209,0.4499999999999842,0.9587503385144344,7.0,-0.015033188034827392,0.943717150479607
1210,0.499999999999984,0.9681615626278526,7.0,0.04189050442162678,1.0100520670494793
1211,0.5499999999999838,0.9765619791448786,7.0,0.030505529398928873,1.0070675085438074
1212,0.5999999999999837,0.9868248222835758,7.0,-0.048528066823357446,0.9382967554602184
1213,0.6499999999999835,0.994832100540807,7.0,0.061274525503890044,1.056106626044697
1214,0.6999999999999833,0.9999999999999988,7.0,-0.03765601726600969,0.9623439827339891
1215,0.7499999999999831,0.9976345037431742,7.0,-0.012597152770667594,0.9850373509725066
1216,0.799999999999983,0.9926749200996215,7.0,-0.04949677563276378,0.9431781444668578
1217,0.8499999999999828,0.9860295489274706,7.0,0.016869917860736893,1.0028994667882076
1218,0.8999999999999826,0.9778701579763108,7.0,0.08173559284958981,1.0596057508259007
1219,0.9499999999999824,0.9673091282281864,7.0,0.0421647410139846,1.009473869242171
1220,0.9999999999999822,0.9561251113339444,7.0,0.008690957220795863,0.9648160685547402
1221,1.049999999999982,0.9413379732980252,7.0,-0.011698709248060626,0.9296392640499646
1222,1.099999999999982,0.925136217534988,7.0,0.06522258305534288,0.9903588005903309
1223,1.1499999999999817,0.9114744832885108,7.0,-0.07154253476336159,0.8399319485251492
1224,1.1999999999999815,0.8983157442846372,7.0,0.0158715686213554,0.9141873129059926
1225,1.2499999999999811,0.8861673867425571,7.0,0.06965111544177736,0.9558185021843345
1226,1.2999999999999812,0.8745445030366721,7.0,-0.010097663049365319,0.8644468399873068
1227,1.349999999999981,0.8629216193307869,7.0,-0.035419940601871744,0.8275016787289152
1228,1.3999999999999808,0.8513620509541449,7.0,-0.00609061040700386,0.845271440547141
1229,1.4499999999999806,0.8395508897648283,7.0,0.023873525154941688,0.86342441491977
1230,1.4999999999999805,0.8250926784618757,7.0,0.005973455683240794,0.8310661341451165
1231,1.5499999999999805,0.8106344671589237,7.0,0.11987843880380154,0.9305129059627253
1232,1.59999999999998,0.7961831231767675,7.0,0.03615926498870806,0.8323423881654756
1233,1.64999999999998,0.7817604098621249,7.0,-0.05558507444056228,0.7261753354215627
1234,1.6999999999999795,0.7673376965474824,7.0,0.08553579264794328,0.8528734891954257
1235,1.7499999999999796,0.7529149832328403,7.0,0.07501456627624242,0.8279295495090828
1236,1.7999999999999794,0.7391131410377533,7.0,-0.07350026338541543,0.6656128776523378
1237,1.8499999999999792,0.7259026107972292,7.0,0.0031756970850695026,0.7290783078822987
1238,1.899999999999979,0.7126696341918914,7.0,0.032047456880146465,0.7447170910720379
1239,1.9499999999999789,0.6993847652112188,7.0,0.0037093316781846306,0.7030940968894035
1240,1.999999999999979,0.6846283694876105,7.0,0.026207681767787063,0.7108360512553976
1241,2.0499999999999785,0.6686401310740909,7.0,0.12092049274758108,0.789560623821672
1242,2.0999999999999783,0.652651892660571,7.0,-0.019521270787286327,0.6331306218732846
1243,2.149999999999978,0.6358550571046354,7.0,-0.12602349040780525,0.5098315666968302
1244,2.199999999999978,0.617055207995342,7.0,-0.005845509479946709,0.6112096985153953
1245,2.249999999999978,0.5982553588860481,7.0,-0.14592841346773125,0.45232694541831686
1246,2.2999999999999776,0.5794555097767545,7.0,-0.050988699504158054,0.5284668102725965
1247,2.349999999999977,0.5606556606674609,7.0,-0.05039665604257226,0.5102590046248886
1248,2.3999999999999773,0.5418558115581673,7.0,0.021863335913616947,0.5637191474717843
1249,2.449999999999977,0.5249059442348957,7.0,0.0310177375145656,0.5559236817494613
1250,2.499999999999977,0.5078056196534131,7.0,0.02149691616533965,0.5293025358187528
1251,2.5499999999999767,0.490705295071931,7.0,-0.060190944965886076,0.43051435010604494
1252,2.599999999999977,0.4736049704904487,7.0,0.044423241272896465,0.5180282117633451
1253,2.6499999999999764,0.4564714775397367,7.0,-0.018773313615488934,0.43769816392424776
1254,2.699999999999976,0.439277450740648,7.0,0.06455141563334715,0.5038288663739952
1255,2.749999999999976,0.4218900221539585,7.0,0.08212458356227131,0.5040146057162298
1256,2.799999999999976,0.4045025935672685,7.0,-0.10744908815892751,0.29705350540834097
1257,2.849999999999976,0.3871151649805788,7.0,0.08056914062496727,0.4676843056055461
1258,2.8999999999999755,0.3697277363938882,7.0,-0.008299314534934887,0.3614284218589533
1259,2.9499999999999758,0.3523992735967399,7.0,0.011795138125565131,0.36419441172230504
1260,2.999999999999975,0.3352429573054827,7.0,-0.00725739442112643,0.32798556288435626
1261,3.049999999999975,0.3180866410142258,7.0,0.028996942895245483,0.34708358390947125
1262,3.0999999999999748,0.3009303247229694,7.0,-0.015197211333930684,0.2857331133890387
1263,3.1499999999999746,0.2837740084317124,7.0,0.012891281905468949,0.29666529033718136
1264,3.1999999999999744,0.2666176921404553,7.0,-0.06307171665859586,0.20354597548185943
1265,3.2499999999999742,0.2494613758491986,7.0,0.013166000657128953,0.26262737650632756
1266,3.299999999999974,0.2323050595579419,7.0,-0.036744901997819324,0.19556015756012257
1267,3.349999999999974,0.2151487432666853,7.0,-0.009298545055113606,0.2058501982115717
1268,3.3999999999999737,0.1978865283151031,7.0,0.05256420127894106,0.25045072959404413
1269,3.449999999999973,0.1803233530145301,7.0,-0.04650148049652457,0.13382187251800554
1270,3.4999999999999734,0.1627601777139575,7.0,-0.07456566992362218,0.08819450779033533
1271,3.549999999999973,0.1451970024133851,7.0,-0.10819533233022893,0.03700167008315616
1272,3.599999999999973,0.1276338271128126,7.0,0.07182064695951135,0.19945447407232395
1273,3.649999999999973,0.1094512754506325,7.0,0.006141577786557578,0.11559285323719008
1274,3.6999999999999726,0.0912093962088604,7.0,-0.06208570605588809,0.02912369015297231
1275,3.749999999999973,0.0729675169670887,7.0,-0.11396317326959522,-0.040995656302506525
1276,3.799999999999972,0.054725637725316,7.0,-0.04206880695429491,0.012656830771021095
1277,3.849999999999972,0.0364837584835442,7.0,-0.06315456075195446,-0.026670802268410253
1278,3.899999999999972,0.0182418792417718,7.0,0.026811509038879962,0.045053388280651765
1279,3.949999999999972,0.0,7.0,-0.0470031782797357,-0.0470031782797357
1280,-4.0,0.0012447960292912,8.0,-0.0010412406926837874,0.00020355533660741253
1281,-3.95,0.0015554529744376,8.0,0.0015730912173354279,0.0031285441917730276
1282,-3.9,0.0018661099195838,8.0,-0.01671099482604058,-0.01484488490645678
1283,-3.850000000000001,0.0021767668647296,8.0,-0.05463939059969545,-0.05246262373496585
1284,-3.8000000000000007,0.0024874238098761,8.0,-0.06418763424996593,-0.06170021044008983
1285,-3.750000000000001,0.0027980807550221,8.0,0.07679513716947711,0.07959321792449921
1286,-3.700000000000001,0.0031087377001682,8.0,0.10092271129897788,0.10403144899914608
1287,-3.650000000000001,0.0034193946453146,8.0,0.02799784329458595,0.031417237939900554
1288,-3.6000000000000014,0.0037300515904604,8.0,0.028816117133796112,0.03254616872425651
1289,-3.5500000000000016,0.0040407085356066,8.0,0.021227711051975368,0.02526841958758197
1290,-3.5000000000000018,0.004351365480753,8.0,-0.0010703074257579627,0.0032810580549950375
1291,-3.450000000000002,0.0046620224258991,8.0,0.007309304944333223,0.011971327370232323
1292,-3.400000000000002,0.0049726793710451,8.0,-0.016363839771133575,-0.011391160400088475
1293,-3.3500000000000023,0.0052833363161915,8.0,0.035115991991158786,0.04039932830735028
1294,-3.3000000000000025,0.0055939932613377,8.0,0.050103593340514146,0.055697586601851846
1295,-3.2500000000000027,0.0059046502064838,8.0,0.03997323198614762,0.04587788219263142
1296,-3.200000000000003,0.0062153071516299,8.0,-0.0015638288737233918,0.004651478277906508
1297,-3.150000000000003,0.0065259640967762,8.0,0.022758844284322566,0.029284808381098766
1298,-3.100000000000003,0.0068366210419223,8.0,0.06436859116276727,0.07120521220468957
1299,-3.050000000000004,0.007335117544799,8.0,0.019850996211627447,0.027186113756426447
1300,-3.000000000000004,0.0080181298195548,8.0,-0.03589328604004502,-0.02787515622049022
1301,-2.950000000000004,0.0087011420943107,8.0,0.02664658145934845,0.03534772355365915
1302,-2.900000000000004,0.0093841543690665,8.0,-0.08475215908581558,-0.07536800471674908
1303,-2.850000000000004,0.0100671666438222,8.0,0.02527040505067037,0.03533757169449257
1304,-2.8000000000000043,0.0107501789185779,8.0,-0.06324793239104036,-0.05249775347246246
1305,-2.7500000000000044,0.0114331911933337,8.0,-0.032639057348889555,-0.021205866155555857
1306,-2.7000000000000046,0.0121162034680896,8.0,-0.00541050146613704,0.0067057020019525605
1307,-2.650000000000005,0.0127956375277835,8.0,0.10095493284073581,0.11375057036851931
1308,-2.600000000000005,0.0134536904858977,8.0,0.01819334584209768,0.03164703632799538
1309,-2.550000000000005,0.0141117434440119,8.0,-0.0765907821993195,-0.0624790387553076
1310,-2.5000000000000053,0.0147697964021259,8.0,0.09033563068043936,0.10510542708256526
1311,-2.450000000000005,0.015292220609351,8.0,-0.06996664096487494,-0.05467442035552394
1312,-2.4000000000000057,0.0155722350321142,8.0,-0.1025083988324117,-0.08693616380029749
1313,-2.350000000000006,0.0158522494548773,8.0,0.022602980901846096,0.038455230356723394
1314,-2.300000000000006,0.0161322638776405,8.0,0.014924340177062193,0.031056604054702692
1315,-2.250000000000006,0.0164122783004037,8.0,-0.09009870181108665,-0.07368642351068294
1316,-2.2000000000000064,0.0166922927231668,8.0,-0.028558082324355985,-0.011865789601189183
1317,-2.1500000000000066,0.01697230714593,8.0,0.04632686309057561,0.06329917023650561
1318,-2.1000000000000068,0.0172556520695517,8.0,0.05238100178082605,0.06963665385037776
1319,-2.050000000000007,0.0175453145576042,8.0,-0.008982071683782551,0.008563242873821647
1320,-2.000000000000007,0.0178349770456567,8.0,-0.03857811938742323,-0.020743142341766534
1321,-1.9500000000000075,0.018124639533709,8.0,-0.1277441937604468,-0.1096195542267378
1322,-1.9000000000000077,0.017695900625847,8.0,-0.03408990099036215,-0.016394000364515153
1323,-1.850000000000008,0.016995043986037,8.0,0.03240255134511347,0.04939759533115047
1324,-1.8000000000000078,0.0162097322879904,8.0,0.05858318310152169,0.07479291538951209
1325,-1.750000000000008,0.015335549584048,8.0,-0.06867310330716234,-0.053337553723114335
1326,-1.7000000000000082,0.0144613668801055,8.0,-0.007173608175038888,0.007287758705066613
1327,-1.6500000000000083,0.0133414673432744,8.0,-0.0199415282130153,-0.0066000608697409004
1328,-1.6000000000000083,0.0116366604109171,8.0,0.027886845934443977,0.03952350634536108
1329,-1.5500000000000087,0.0092420665189189,8.0,-0.02981790780432658,-0.02057584128540768
1330,-1.5000000000000089,0.0066136899698738,8.0,0.002489193226921181,0.00910288319679498
1331,-1.450000000000009,0.0050133355432917,8.0,-0.06293924441295133,-0.057925908869659634
1332,-1.4000000000000092,0.0034683421128498,8.0,-0.006566873021870586,-0.003098530909020786
1333,-1.3500000000000094,0.0019162253933461,8.0,-0.01917769483169594,-0.01726146943834984
1334,-1.3000000000000096,0.0,8.0,0.028151102538055275,0.028151102538055275
1335,-1.2500000000000098,0.000194530117737,8.0,-0.008503853950881244,-0.008309323833144243
1336,-1.20000000000001,0.0011404419834212,8.0,-0.054960613359617355,-0.05382017137619616
1337,-1.15000000000001,0.0024058938908478,8.0,0.020443212210762764,0.022849106101610565
1338,-1.1000000000000103,0.0046386936782978,8.0,-0.055575340876083824,-0.050936647197786025
1339,-1.0500000000000105,0.0070310513157826,8.0,-0.09792655400706446,-0.09089550269128185
1340,-1.0000000000000109,0.0090957692348926,8.0,0.010705635507140225,0.019801404742032826
1341,-0.9500000000000108,0.0111234214936311,8.0,-0.09658681846329953,-0.08546339696966843
1342,-0.900000000000011,0.0129973527332338,8.0,-0.039957407373681614,-0.026960054640447813
1343,-0.8500000000000112,0.0138140420935034,8.0,0.08159805460148435,0.09541209669498775
1344,-0.8000000000000114,0.0142773003789515,8.0,0.02170170090157453,0.03597900128052603
1345,-0.7500000000000115,0.0155322153201607,8.0,-0.011866897704610411,0.003665317615550289
1346,-0.7000000000000117,0.01678713026137,8.0,-0.07256599996092565,-0.05577886969955565
1347,-0.6500000000000119,0.0179262755063293,8.0,0.09686712394064587,0.11479339944697517
1348,-0.6000000000000121,0.0187605474925683,8.0,0.022763345845787635,0.04152389333835593
1349,-0.5500000000000123,0.0185637208702374,8.0,-0.026701516213249756,-0.008137795343012358
1350,-0.5000000000000124,0.0181173168159939,8.0,0.006038915767146134,0.024156232583140032
1351,-0.4500000000000126,0.0176818738421675,8.0,0.04726025805267135,0.06494213189483886
1352,-0.4000000000000128,0.0172677024750276,8.0,-0.05090533193466497,-0.03363762945963737
1353,-0.3500000000000129,0.0168754788149069,8.0,-0.04263124232859247,-0.02575576351368557
1354,-0.3000000000000131,0.0167191262103279,8.0,-0.00629957060380609,0.010419555606521809
1355,-0.2500000000000133,0.0169585994801653,8.0,-0.03399644783189814,-0.01703784835173284
1356,-0.2000000000000135,0.017194907382826,8.0,0.04194857474116,0.059143482123986
1357,-0.1500000000000136,0.0177612119885536,8.0,-0.01719202963264084,0.000569182355912759
1358,-0.1000000000000138,0.0179702366185597,8.0,0.04784549396507328,0.06581573058363298
1359,-0.050000000000014,0.0176613495421905,8.0,0.0069075547155990295,0.02456890425778953
1360,-1.4210854715202004e-14,0.0178389715127839,8.0,-0.054810767468926214,-0.03697179595614231
1361,0.0499999999999856,0.0181526433552903,8.0,-0.062220449892947866,-0.044067806537657565
1362,0.0999999999999854,0.0183019624112912,8.0,-0.0677908253558951,-0.049488862944603904
1363,0.1499999999999852,0.0180984298812291,8.0,0.07683022107142026,0.09492865095264937
1364,0.199999999999985,0.017790185030717,8.0,-0.012081060696425736,0.0057091243342912625
1365,0.2499999999999849,0.0175418968901281,8.0,-0.055777773377883824,-0.03823587648775573
1366,0.2999999999999847,0.0172936087495392,8.0,-0.09598120742248542,-0.07868759867294622
1367,0.3499999999999845,0.0170459949280175,8.0,0.010123091282764344,0.027169086210781845
1368,0.3999999999999843,0.0166592332240627,8.0,0.030022423644346038,0.046681656868408736
1369,0.4499999999999842,0.016141783430216,8.0,0.05957259122818839,0.07571437465840439
1370,0.499999999999984,0.0162395231343378,8.0,-0.0728210720573838,-0.05658154892304601
1371,0.5499999999999838,0.0166597076177232,8.0,-0.054031328272731154,-0.03737162065500796
1372,0.5999999999999837,0.0174749297734308,8.0,-0.039938493660605145,-0.022463563887174347
1373,0.6499999999999835,0.0184123753956926,8.0,-0.011191364216761148,0.007221011178931451
1374,0.6999999999999833,0.0193847850759352,8.0,-0.029120210915401675,-0.009735425839466474
1375,0.7499999999999831,0.0359475810659463,8.0,0.011095965605000254,0.047043546670946554
1376,0.799999999999983,0.1291666456557506,8.0,-0.0018533841927545842,0.127313261462996
1377,0.8499999999999828,0.2223857102455508,8.0,-0.02160411365264557,0.20078159659290523
1378,0.8999999999999826,0.2818955467887989,8.0,-0.032785824664859034,0.2491097221239399
1379,0.9499999999999824,0.3359746167296165,8.0,0.004159572459784865,0.34013418918940136
1380,0.9999999999999822,0.3316194805296179,8.0,-0.004598924526034786,0.32702055600358315
1381,1.049999999999982,0.317553822774652,8.0,-0.044527731220873536,0.27302609155377844
1382,1.099999999999982,0.3026530395943986,8.0,0.052133430430096786,0.35478647002449537
1383,1.1499999999999817,0.2892880862400016,8.0,-0.0031392130895722087,0.28614887315042936
1384,1.1999999999999815,0.3645059628744608,8.0,-0.01443885307476272,0.3500671097996981
1385,1.2499999999999811,0.4183536633462834,8.0,0.028874060255259733,0.4472277236015431
1386,1.2999999999999812,0.4603233242705933,8.0,0.012599367399497272,0.4729226916700906
1387,1.349999999999981,0.5022929851949053,8.0,0.09818117957343436,0.6004741647683396
1388,1.3999999999999808,0.5390578741735363,8.0,-0.05489865027566241,0.4841592238978739
1389,1.4499999999999806,0.5696778369793405,8.0,0.0777617117571644,0.6474395487365049
1390,1.4999999999999805,0.5851968975126007,8.0,-0.029039525966461723,0.556157371546139
1391,1.5499999999999805,0.6024649039520652,8.0,-0.001399040583272478,0.6010658633687928
1392,1.59999999999998,0.6197329103915311,8.0,-0.060454876014304576,0.5592780343772266
1393,1.64999999999998,0.6341319932299232,8.0,-0.022001455985537002,0.6121305372443862
1394,1.6999999999999795,0.6460038999926876,8.0,-0.002278320595715996,0.6437255793969716
1395,1.7499999999999796,0.65787580675545,8.0,-0.06982437206915121,0.5880514346862988
1396,1.7999999999999794,0.6697477135182149,8.0,0.1042737520500055,0.7740214655682205
1397,1.8499999999999792,0.681619620280978,8.0,-0.02735735958776129,0.6542622606932167
1398,1.899999999999979,0.6934915270437452,8.0,-0.10536271654924022,0.5881288104945049
1399,1.9499999999999789,0.6999211329654877,8.0,0.06442734019771483,0.7643484731632025
1400,1.999999999999979,0.7019760094782728,8.0,0.08598173029091533,0.7879577397691881
1401,2.0499999999999785,0.7026091196967413,8.0,0.033081920065369655,0.735691039762111
1402,2.0999999999999783,0.6964522871373181,8.0,0.006452881895682021,0.7029051690330002
1403,2.149999999999978,0.6902954545778945,8.0,-0.030051308140787603,0.6602441464371069
1404,2.199999999999978,0.6841386220184731,8.0,0.036209984544734966,0.7203486065632081
1405,2.249999999999978,0.6771428095096869,8.0,0.031552252727695095,0.708695062237382
1406,2.2999999999999776,0.6681498917942668,8.0,0.0011563486342703118,0.669306240428537
1407,2.349999999999977,0.6591569740788494,8.0,0.025370696815129903,0.6845276708939794
1408,2.3999999999999773,0.6632681134309178,8.0,-0.02758480607514865,0.6356833073557692
1409,2.449999999999977,0.6731096960024501,8.0,0.06279268879807379,0.7359023848005238
1410,2.499999999999977,0.6829512785739812,8.0,-0.0536760659766282,0.629275212597353
1411,2.5499999999999767,0.6927928611455124,8.0,0.03456131162588152,0.7273541727713939
1412,2.599999999999977,0.7026344437170456,8.0,-0.059884887870592055,0.6427495558464535
1413,2.6499999999999764,0.7124760262885744,8.0,0.0817617334681352,0.7942377597567096
1414,2.699999999999976,0.7223176088601064,8.0,0.025028929864610746,0.7473465387247171
1415,2.749999999999976,0.732159191431637,8.0,0.013757120298512721,0.7459163117301497
1416,2.799999999999976,0.7420007740031674,8.0,0.010585892285241837,0.7525866662884093
1417,2.849999999999976,0.7521114128570636,8.0,0.0001307796161344393,0.752242192473198
1418,2.8999999999999755,0.7640769198248897,8.0,0.018294952467225407,0.7823718722921151
1419,2.9499999999999758,0.7760424267927126,8.0,-0.016642780286009795,0.7593996465067028
1420,2.999999999999975,0.7880079337605338,8.0,0.017373434711635338,0.8053813684721691
1421,3.049999999999975,0.7999734407283579,8.0,-0.030492576278448986,0.7694808644499088
1422,3.0999999999999748,0.8119389476961802,8.0,0.04177213173959179,0.8537110794357721
1423,3.1499999999999746,0.8236251365185454,8.0,0.06610848713498184,0.8897336236535273
1424,3.1999999999999744,0.8347158453848738,8.0,0.010136432439984865,0.8448522778248586
1425,3.2499999999999742,0.8458065542512012,8.0,0.03216234012505807,0.8779688943762592
1426,3.299999999999974,0.8568972631175321,8.0,0.07451187191699316,0.9314091350345253
1427,3.349999999999974,0.867987971983858,8.0,-0.04820688254450927,0.8197810894393488
1428,3.3999999999999737,0.8790786808501849,8.0,-0.04415333692261705,0.8349253439275679
1429,3.449999999999973,0.8901693897165158,8.0,-0.06723736597549211,0.8229320237410237
1430,3.4999999999999734,0.9012600985828424,8.0,-0.026707632621824403,0.874552465961018
1431,3.549999999999973,0.9123508074491692,8.0,-0.021443514637241576,0.8909072928119276
1432,3.599999999999973,0.9234415163155,8.0,0.0257520446991105,0.9491935610146105
1433,3.649999999999973,0.9345322251818272,8.0,-0.03012592341617698,0.9044063017656503
1434,3.6999999999999726,0.9456229340481564,8.0,0.14368423669844332,1.0893071707465998
1435,3.749999999999973,0.9567136429144856,8.0,3.660616739557528e-05,0.9567502490818811
1436,3.799999999999972,0.9678043517808136,8.0,0.047149952303603276,1.014954304084417
1437,3.849999999999972,0.9786624184712024,8.0,-0.08402831523783216,0.8946341032333702
1438,3.899999999999972,0.989195886810612,8.0,-0.015337834442263127,0.9738580523683489
1439,3.949999999999972,0.9999999999999998,8.0,-0.05689919855210265,0.9431008014478971
1440,-4.0,0.0,9.0,-0.04714914872215811,-0.04714914872215811
1441,-3.95,0.0076313842637149,9.0,-0.09419987094439775,-0.08656848668068284
1442,-3.9,0.0154840419453916,9.0,0.025001593688630544,0.040485635634022146
1443,-3.850000000000001,0.0235654696181461,9.0,0.028826123872938997,0.052391593491085096
1444,-3.8000000000000007,0.0316468972909025,9.0,-0.07962880422195123,-0.047981906931048736
1445,-3.750000000000001,0.0397283249636611,9.0,-0.010795598264215755,0.02893272669944534
1446,-3.700000000000001,0.0478097526364214,9.0,-0.03722007660622297,0.010589676030198426
1447,-3.650000000000001,0.0558911803091756,9.0,-0.010936558565396347,0.044954621743779254
1448,-3.6000000000000014,0.0639726079819351,9.0,0.06551346566108535,0.12948607364302045
1449,-3.5500000000000016,0.0720540356546947,9.0,-0.04925223491700828,0.022801800737686423
1450,-3.5000000000000018,0.0801354633274533,9.0,0.004826517915215604,0.0849619812426689
1451,-3.450000000000002,0.0882168910002104,9.0,0.004988670839940184,0.0932055618401506
1452,-3.400000000000002,0.0962983186729671,9.0,-0.04432125783472348,0.051977060838243626
1453,-3.3500000000000023,0.1069811019086025,9.0,0.06040210083588587,0.16738320274448837
1454,-3.3000000000000025,0.1176430243958996,9.0,0.01564215134447597,0.13328517574037557
1455,-3.2500000000000027,0.1283049468832003,9.0,-0.09101062330750032,0.03729432357569998
1456,-3.200000000000003,0.1389668693704942,9.0,0.029472858092950888,0.1684397274634451
1457,-3.150000000000003,0.1496287918577933,9.0,0.02511288808506897,0.17474167994286227
1458,-3.100000000000003,0.1602907143450907,9.0,-0.0666876070634365,0.0936031072816542
1459,-3.050000000000004,0.1709526368323887,9.0,-0.026656915117633052,0.14429572171475566
1460,-3.000000000000004,0.1795637685483574,9.0,-0.08305151224487316,0.09651225630348424
1461,-2.950000000000004,0.1861898198980923,9.0,-0.10470155754047412,0.08148826235761818
1462,-2.900000000000004,0.1928158712478263,9.0,-0.011894125347096947,0.18092174590072935
1463,-2.850000000000004,0.1994419225975599,9.0,-0.05511009593741337,0.14433182666014654
1464,-2.8000000000000043,0.2060679739472958,9.0,0.005183845095647568,0.21125181904294338
1465,-2.7500000000000044,0.2102242901023379,9.0,0.02189117605766959,0.2321154661600075
1466,-2.7000000000000046,0.2142729204959604,9.0,-0.024718010562088295,0.18955490993387208
1467,-2.650000000000005,0.2183215508895805,9.0,-0.07234625902605236,0.14597529186352814
1468,-2.600000000000005,0.2223701812832032,9.0,0.016461540258602636,0.23883172154180585
1469,-2.550000000000005,0.2264188116768274,9.0,0.029246751950868507,0.2556655636276959
1470,-2.5000000000000053,0.2304674420704469,9.0,0.009602186282799937,0.24006962835324683
1471,-2.450000000000005,0.2346775431113333,9.0,-0.06395443216008481,0.17072311095124848
1472,-2.4000000000000057,0.2403859714533229,9.0,0.024023773038568324,0.26440974449189125
1473,-2.350000000000006,0.2473039173629269,9.0,0.014681762602018894,0.2619856799649458
1474,-2.300000000000006,0.2538854831448504,9.0,0.01258665379984528,0.2664721369446957
1475,-2.250000000000006,0.2583046913949506,9.0,0.039547589114477054,0.29785228050942764
1476,-2.2000000000000064,0.261719851002092,9.0,-0.012789531453576551,0.24893031954851544
1477,-2.1500000000000066,0.2737777137940608,9.0,-0.021692283327021025,0.2520854304670398
1478,-2.1000000000000068,0.2922180361508091,9.0,0.008975200600632846,0.30119323675144194
1479,-2.050000000000007,0.3089735509180267,9.0,0.03581442931363913,0.34478798023166585
1480,-2.000000000000007,0.3229041125560001,9.0,-0.019083534545767583,0.30382057801023254
1481,-1.9500000000000075,0.3350644892735928,9.0,0.04698993269552556,0.3820544219691183
1482,-1.9000000000000077,0.3472248659911853,9.0,-0.0007540199515836906,0.3464708460396016
1483,-1.850000000000008,0.3593852427087782,9.0,0.06801261034408136,0.42739785305285954
1484,-1.8000000000000078,0.3715456194263708,9.0,-0.060474402404718734,0.3110712170216521
1485,-1.750000000000008,0.3851953943723286,9.0,0.045498145598405135,0.43069353997073373
1486,-1.7000000000000082,0.3993704150790322,9.0,-0.0591240368797327,0.3402463781992995
1487,-1.6500000000000083,0.4137340937836731,9.0,-0.0022330051612019703,0.41150108862247115
1488,-1.6000000000000083,0.4286102630057949,9.0,-0.04725376153161451,0.38135650147418043
1489,-1.5500000000000087,0.4434864322279158,9.0,0.006865485894594953,0.45035191812251074
1490,-1.5000000000000089,0.4583626014500372,9.0,0.11827596178420743,0.5766385632342447
1491,-1.450000000000009,0.4764817763731691,9.0,-0.0481844583889689,0.4282973179842002
1492,-1.4000000000000092,0.5007170658560639,9.0,-0.07434063534330969,0.4263764305127542
1493,-1.3500000000000094,0.524952355338959,9.0,0.03740253732843306,0.562354892667392
1494,-1.3000000000000096,0.5478196978795228,9.0,0.011038173739867395,0.5588578716193902
1495,-1.2500000000000098,0.564228838791444,9.0,0.04676956340179917,0.6109984021932432
1496,-1.20000000000001,0.5806379797033642,9.0,-0.02457324779781586,0.5560647319055483
1497,-1.15000000000001,0.5970471206152854,9.0,0.12632411312068756,0.723371233735973
1498,-1.1000000000000103,0.6138643634562861,9.0,-0.030888497484691843,0.5829758659715943
1499,-1.0500000000000105,0.631210299897138,9.0,0.03758134872876964,0.6687916486259076
1500,-1.0000000000000109,0.6490506268852299,9.0,-0.09568021529785747,0.5533704115873723
1501,-0.9500000000000108,0.6832601074072584,9.0,0.007560317907564312,0.6908204253148227
1502,-0.900000000000011,0.7265595041710079,9.0,-0.010139012300209313,0.7164204918707986
1503,-0.8500000000000112,0.7777522349445318,9.0,0.08315405007708779,0.8609062850216196
1504,-0.8000000000000114,0.8513106058069562,9.0,-0.039180010760164044,0.8121305950467921
1505,-0.7500000000000115,0.9606732466891778,9.0,0.059697698858156026,1.0203709455473338
1506,-0.7000000000000117,0.9983457091150112,9.0,0.05371735071732452,1.0520630598323357
1507,-0.6500000000000119,0.9989851609135064,9.0,0.019038528641833308,1.0180236895553398
1508,-0.6000000000000121,0.9995769395930382,9.0,0.06773331250624934,1.0673102520992874
1509,-0.5500000000000123,0.9999999999999998,9.0,0.061524003941607244,1.061524003941607
1510,-0.5000000000000124,0.9988666943195672,9.0,-0.0436438333303631,0.9552228609892041
1511,-0.4500000000000126,0.8929720513595935,9.0,-0.04378720711520673,0.8491848442443868
1512,-0.4000000000000128,0.81217605192986,9.0,0.003964396490216428,0.8161404484200764
1513,-0.3500000000000129,0.7778920434979558,9.0,0.0603505381312336,0.8382425816291894
1514,-0.3000000000000131,0.7449965361463265,9.0,0.02421400921059049,0.769210545356917
1515,-0.2500000000000133,0.698870936489776,9.0,0.01237572922819643,0.7112466657179725
1516,-0.2000000000000135,0.585643181666387,9.0,0.08992666295036583,0.6755698446167528
1517,-0.1500000000000136,0.629087417532001,9.0,-0.08844403562066554,0.5406433819113355
1518,-0.1000000000000138,0.6161406291756926,9.0,-0.092732274708059,0.5234083544676336
1519,-0.050000000000014,0.5895636020120285,9.0,0.062416124721774546,0.651979726733803
1520,-1.4210854715202004e-14,0.5484206602343741,9.0,-0.060000269920307825,0.48842039031406626
1521,0.0499999999999856,0.5118674971675018,9.0,0.00784008619840524,0.519707583365907
1522,0.0999999999999854,0.476353696115709,9.0,0.062305422883923225,0.5386591189996323
1523,0.1499999999999852,0.4408398950639162,9.0,-0.03674326030701719,0.404096634756899
1524,0.199999999999985,0.4053260940121237,9.0,-0.039513865612249156,0.36581222839987454
1525,0.2499999999999849,0.3667289064776641,9.0,0.03741914631621135,0.40414805279387545
1526,0.2999999999999847,0.3272127393060965,9.0,-0.03454100711113806,0.29267173219495846
1527,0.3499999999999845,0.2516022173181331,9.0,-0.03267422306091793,0.21892799425721515
1528,0.3999999999999843,0.2100328676394017,9.0,0.0025692259181522674,0.21260209355755397
1529,0.4499999999999842,0.2746997268171056,9.0,-0.03249323573058155,0.24220649108652403
1530,0.499999999999984,0.336677139942933,9.0,-0.021733347591576965,0.31494379235135606
1531,0.5499999999999838,0.2900227492780419,9.0,0.04419336171451291,0.33421611099255477
1532,0.5999999999999837,0.2615641118597629,9.0,-0.07198695222964317,0.18957715963011973
1533,0.6499999999999835,0.2397274746545698,9.0,0.012771921445933788,0.2524993961005036
1534,0.6999999999999833,0.2241390313002045,9.0,-0.053053967913623316,0.17108506338658117
1535,0.7499999999999831,0.2184159801924847,9.0,0.014609904467479885,0.2330258846599646
1536,0.799999999999983,0.2270791958230965,9.0,0.07610106788876793,0.3031802637118644
1537,0.8499999999999828,0.2366916558327326,9.0,0.03734653208399972,0.27403818791673235
1538,0.8999999999999826,0.2529971298691683,9.0,0.10718026863565965,0.36017739850482794
1539,0.9499999999999824,0.2719323484827103,9.0,-0.025663151294069222,0.2462691971886411
1540,0.9999999999999822,0.2908675670962528,9.0,0.016933296575068483,0.30780086367132126
1541,1.049999999999982,0.3098027857097953,9.0,-0.07411099851394169,0.2356917871958536
1542,1.099999999999982,0.3287380043233373,9.0,-0.01127392006459161,0.31746408425874567
1543,1.1499999999999817,0.3497859847619988,9.0,-0.003108521643294169,0.3466774631187046
1544,1.1999999999999815,0.3710805342136828,9.0,0.04673979744447184,0.41782033165815463
1545,1.2499999999999811,0.3947252435049147,9.0,0.00543248798836013,0.4001577314932748
1546,1.2999999999999812,0.4222747732078411,9.0,0.026361608903423397,0.4486363821112645
1547,1.349999999999981,0.4498243029107701,9.0,-0.048406975235777756,0.40141732767499233
1548,1.3999999999999808,0.4867715755498822,9.0,0.05703614795018761,0.5438077235000698
1549,1.4499999999999806,0.5345348022202387,9.0,-0.013633714906633426,0.5209010873136053
1550,1.4999999999999805,0.5448087728342634,9.0,0.048779334696744954,0.5935881075310084
1551,1.5499999999999805,0.5487191876975749,9.0,-0.03906543434011959,0.5096537533574553
1552,1.59999999999998,0.5362382596708561,9.0,-0.07563894318819056,0.4605993164826656
1553,1.64999999999998,0.5264083946509465,9.0,-0.007151191359169768,0.5192572032917767
1554,1.6999999999999795,0.5165785296310375,9.0,0.022406120776589933,0.5389846504076274
1555,1.7499999999999796,0.509214198897156,9.0,-0.04096489726876042,0.4682493016283956
1556,1.7999999999999794,0.5023307354271307,9.0,0.024832271388986575,0.5271630068161173
1557,1.8499999999999792,0.4887011950235133,9.0,-0.007269382796286013,0.48143181222722725
1558,1.899999999999979,0.4627968582063601,9.0,-0.04771684278607762,0.41508001542028244
1559,1.9499999999999789,0.4319588665239058,9.0,-0.0373987568761819,0.3945601096477239
1560,1.999999999999979,0.4001780807850262,9.0,0.07449491359781597,0.47467299438284216
1561,2.0499999999999785,0.3694786216547386,9.0,-0.024682211342897734,0.3447964103118409
1562,2.0999999999999783,0.3435999301902052,9.0,-0.033076714276557846,0.31052321591364734
1563,2.149999999999978,0.3125887963639762,9.0,0.013060553941348849,0.32564935030532505
1564,2.199999999999978,0.2800128790687727,9.0,-0.04332038487157124,0.23669249419720145
1565,2.249999999999978,0.2562647540819187,9.0,0.027206234965548328,0.283470989047467
1566,2.2999999999999776,0.2342782501784113,9.0,0.010359712683217115,0.24463796286162842
1567,2.349999999999977,0.2122917462749037,9.0,-0.006486126177565769,0.2058056200973379
1568,2.3999999999999773,0.1903052423713956,9.0,-0.011826688846230346,0.17847855352516526
1569,2.449999999999977,0.1683187384678886,9.0,0.01634540956102408,0.18466414802891268
1570,2.499999999999977,0.1563493762849228,9.0,0.0022488570255456792,0.15859823331046846
1571,2.5499999999999767,0.1523377629806886,9.0,-0.05875472345674854,0.09358303952394006
1572,2.599999999999977,0.1484080454705752,9.0,-0.0014919201983779617,0.14691612527219725
1573,2.6499999999999764,0.1437376863817837,9.0,-0.07032384435803742,0.07341384202374628
1574,2.699999999999976,0.1372857415050785,9.0,-0.026292148479294532,0.11099359302578396
1575,2.749999999999976,0.1308337966283722,9.0,-0.08679232396084759,0.0440414726675246
1576,2.799999999999976,0.124381851751667,9.0,0.05579755952776323,0.1801794112794302
1577,2.849999999999976,0.1221916319971135,9.0,-0.04385412657515412,0.07833750542195939
1578,2.8999999999999755,0.1202847379992167,9.0,0.006827546778400218,0.1271122847776169
1579,2.9499999999999758,0.1183778440013213,9.0,-0.0012558879791806478,0.11712195602214065
1580,2.999999999999975,0.1164709500034245,9.0,0.016111700152700706,0.1325826501561252
1581,3.049999999999975,0.121674861907659,9.0,-0.06156292893158839,0.060111932976070606
1582,3.0999999999999748,0.1268852538771294,9.0,0.044178805514904024,0.17106405939203342
1583,3.1499999999999746,0.1320956458466009,9.0,-0.07594658010110084,0.056149065745500076
1584,3.1999999999999744,0.1359557582563179,9.0,0.043564389248977216,0.1795201475052951
1585,3.2499999999999742,0.1390525396098057,9.0,0.08615553063606274,0.22520807024586845
1586,3.299999999999974,0.1421493209632942,9.0,-0.0723208075214257,0.0698285134418685
1587,3.349999999999974,0.1452461023167825,9.0,0.021746834108073165,0.16699293642485566
1588,3.3999999999999737,0.1483428836702695,9.0,0.03793150882089268,0.18627439249116218
1589,3.449999999999973,0.151439665023758,9.0,0.012322997198426227,0.16376266222218422
1590,3.4999999999999734,0.1545364463772463,9.0,-0.030687105354708744,0.12384934102253757
1591,3.549999999999973,0.1576332277307339,9.0,0.07010909871080366,0.22774232644153758
1592,3.599999999999973,0.160730009084222,9.0,0.025068965459626114,0.1857989745438481
1593,3.649999999999973,0.164054918930503,9.0,-0.014864834224017763,0.14919008470648523
1594,3.6999999999999726,0.1706582465875926,9.0,0.018630918475509104,0.1892891650631017
1595,3.749999999999973,0.1776962923619181,9.0,0.0740588568452231,0.2517551492071412
1596,3.799999999999972,0.1847343381362416,9.0,-0.0647145885149195,0.1200197496213221
1597,3.849999999999972,0.1836507698464468,9.0,0.03944706140122964,0.22309783124767643
1598,3.899999999999972,0.1756717442220773,9.0,0.05981893167539251,0.2354906758974698
1599,3.949999999999972,0.1629539610521702,9.0,-0.08986591857792953,0.07308804247424067
