,x1,y,rep,noise,y_noise
0,-4.0,0.9999999999999998,0.0,0.0,0.9999999999999998
1,-3.95,0.9532703293904524,0.0,0.0,0.9532703293904524
2,-3.9,0.9065406587809004,0.0,0.0,0.9065406587809004
3,-3.850000000000001,0.8598109881713443,0.0,0.0,0.8598109881713443
4,-3.8000000000000007,0.813081317561793,0.0,0.0,0.813081317561793
5,-3.750000000000001,0.7663516469522327,0.0,0.0,0.7663516469522327
6,-3.700000000000001,0.7196219763426841,0.0,0.0,0.7196219763426841
7,-3.650000000000001,0.6728923057331317,0.0,0.0,0.6728923057331317
8,-3.6000000000000014,0.6261626351235802,0.0,0.0,0.6261626351235802
9,-3.5500000000000016,0.5794329645140212,0.0,0.0,0.5794329645140212
10,-3.5000000000000018,0.532703293904475,0.0,0.0,0.532703293904475
11,-3.450000000000002,0.4859736232949178,0.0,0.0,0.4859736232949178
12,-3.400000000000002,0.4406870766421867,0.0,0.0,0.4406870766421867
13,-3.3500000000000023,0.3995138901460017,0.0,0.0,0.3995138901460017
14,-3.3000000000000025,0.3586166608697724,0.0,0.0,0.3586166608697724
15,-3.2500000000000027,0.3186983126264596,0.0,0.0,0.3186983126264596
16,-3.200000000000003,0.278779964383152,0.0,0.0,0.278779964383152
17,-3.150000000000003,0.2388616161398411,0.0,0.0,0.2388616161398411
18,-3.100000000000003,0.1989432678965303,0.0,0.0,0.1989432678965303
19,-3.050000000000004,0.1613652555572358,0.0,0.0,0.1613652555572358
20,-3.000000000000004,0.1239116502235774,0.0,0.0,0.1239116502235774
21,-2.950000000000004,0.0815048790015434,0.0,0.0,0.0815048790015434
22,-2.900000000000004,0.0386665476888825,0.0,0.0,0.0386665476888825
23,-2.850000000000004,0.0,0.0,0.0,0.0
24,-2.8000000000000043,0.0104676244470131,0.0,0.0,0.0104676244470131
25,-2.7500000000000044,0.0209352488940292,0.0,0.0,0.0209352488940292
26,-2.7000000000000046,0.0314028733410426,0.0,0.0,0.0314028733410426
27,-2.650000000000005,0.0380635345671466,0.0,0.0,0.0380635345671466
28,-2.600000000000005,0.0391734770313677,0.0,0.0,0.0391734770313677
29,-2.550000000000005,0.0407187170106938,0.0,0.0,0.0407187170106938
30,-2.5000000000000053,0.0423582033670694,0.0,0.0,0.0423582033670694
31,-2.450000000000005,0.0439976897234464,0.0,0.0,0.0439976897234464
32,-2.4000000000000057,0.0456371760798221,0.0,0.0,0.0456371760798221
33,-2.350000000000006,0.0477589453774605,0.0,0.0,0.0477589453774605
34,-2.300000000000006,0.063360952478118,0.0,0.0,0.063360952478118
35,-2.250000000000006,0.1113539675338552,0.0,0.0,0.1113539675338552
36,-2.2000000000000064,0.1653610888712371,0.0,0.0,0.1653610888712371
37,-2.1500000000000066,0.2193682102086166,0.0,0.0,0.2193682102086166
38,-2.1000000000000068,0.2722563255932678,0.0,0.0,0.2722563255932678
39,-2.050000000000007,0.321198701136544,0.0,0.0,0.321198701136544
40,-2.000000000000007,0.3671508206643511,0.0,0.0,0.3671508206643511
41,-1.9500000000000075,0.4054697230538124,0.0,0.0,0.4054697230538124
42,-1.9000000000000077,0.443788625443272,0.0,0.0,0.443788625443272
43,-1.850000000000008,0.4872990546577967,0.0,0.0,0.4872990546577967
44,-1.8000000000000078,0.5265941511576011,0.0,0.0,0.5265941511576011
45,-1.750000000000008,0.5555759288995382,0.0,0.0,0.5555759288995382
46,-1.7000000000000082,0.5845577066414753,0.0,0.0,0.5845577066414753
47,-1.6500000000000083,0.6135394843834137,0.0,0.0,0.6135394843834137
48,-1.6000000000000083,0.6425212621253511,0.0,0.0,0.6425212621253511
49,-1.5500000000000087,0.6651601369668682,0.0,0.0,0.6651601369668682
50,-1.5000000000000089,0.6782149997653785,0.0,0.0,0.6782149997653785
51,-1.450000000000009,0.6638571629702021,0.0,0.0,0.6638571629702021
52,-1.4000000000000092,0.6479784308572385,0.0,0.0,0.6479784308572385
53,-1.3500000000000094,0.6370279725093053,0.0,0.0,0.6370279725093053
54,-1.3000000000000096,0.6322965311657941,0.0,0.0,0.6322965311657941
55,-1.2500000000000098,0.6247932356551674,0.0,0.0,0.6247932356551674
56,-1.20000000000001,0.6150997026742221,0.0,0.0,0.6150997026742221
57,-1.15000000000001,0.6038097708345234,0.0,0.0,0.6038097708345234
58,-1.1000000000000103,0.6017440013915972,0.0,0.0,0.6017440013915972
59,-1.0500000000000105,0.5718502650273446,0.0,0.0,0.5718502650273446
60,-1.0000000000000109,0.5417321474175806,0.0,0.0,0.5417321474175806
61,-0.9500000000000108,0.5100214250354145,0.0,0.0,0.5100214250354145
62,-0.900000000000011,0.4773028525765499,0.0,0.0,0.4773028525765499
63,-0.8500000000000112,0.4453983623246137,0.0,0.0,0.4453983623246137
64,-0.8000000000000114,0.41421946289551,0.0,0.0,0.41421946289551
65,-0.7500000000000115,0.3771477501093116,0.0,0.0,0.3771477501093116
66,-0.7000000000000117,0.342889954585672,0.0,0.0,0.342889954585672
67,-0.6500000000000119,0.308826384406943,0.0,0.0,0.308826384406943
68,-0.6000000000000121,0.2954618296484212,0.0,0.0,0.2954618296484212
69,-0.5500000000000123,0.3010703908201252,0.0,0.0,0.3010703908201252
70,-0.5000000000000124,0.2886296723767332,0.0,0.0,0.2886296723767332
71,-0.4500000000000126,0.3044859242920719,0.0,0.0,0.3044859242920719
72,-0.4000000000000128,0.3193905408374373,0.0,0.0,0.3193905408374373
73,-0.3500000000000129,0.3427161820959434,0.0,0.0,0.3427161820959434
74,-0.3000000000000131,0.367231037060016,0.0,0.0,0.367231037060016
75,-0.2500000000000133,0.3723252673857634,0.0,0.0,0.3723252673857634
76,-0.2000000000000135,0.3784096281454616,0.0,0.0,0.3784096281454616
77,-0.1500000000000136,0.3804201922576326,0.0,0.0,0.3804201922576326
78,-0.1000000000000138,0.3737362993019953,0.0,0.0,0.3737362993019953
79,-0.050000000000014,0.3689508466165838,0.0,0.0,0.3689508466165838
80,-1.4210854715202004e-14,0.373195292215894,0.0,0.0,0.373195292215894
81,0.0499999999999856,0.3844348468323899,0.0,0.0,0.3844348468323899
82,0.0999999999999854,0.3958738419236154,0.0,0.0,0.3958738419236154
83,0.1499999999999852,0.4005320974856107,0.0,0.0,0.4005320974856107
84,0.199999999999985,0.4145289859869335,0.0,0.0,0.4145289859869335
85,0.2499999999999849,0.4286122402349705,0.0,0.0,0.4286122402349705
86,0.2999999999999847,0.4426954944830072,0.0,0.0,0.4426954944830072
87,0.3499999999999845,0.4580152519665754,0.0,0.0,0.4580152519665754
88,0.3999999999999843,0.4734746408214647,0.0,0.0,0.4734746408214647
89,0.4499999999999842,0.4862146927103912,0.0,0.0,0.4862146927103912
90,0.499999999999984,0.4983708130459496,0.0,0.0,0.4983708130459496
91,0.5499999999999838,0.5105269333815085,0.0,0.0,0.5105269333815085
92,0.5999999999999837,0.5226830537170674,0.0,0.0,0.5226830537170674
93,0.6499999999999835,0.5348391740526254,0.0,0.0,0.5348391740526254
94,0.6999999999999833,0.5469952943881837,0.0,0.0,0.5469952943881837
95,0.7499999999999831,0.5591514147237429,0.0,0.0,0.5591514147237429
96,0.799999999999983,0.5713075350593001,0.0,0.0,0.5713075350593001
97,0.8499999999999828,0.5834636553948603,0.0,0.0,0.5834636553948603
98,0.8999999999999826,0.5956197757304191,0.0,0.0,0.5956197757304191
99,0.9499999999999824,0.6077758960659772,0.0,0.0,0.6077758960659772
100,0.9999999999999822,0.6185691344640099,0.0,0.0,0.6185691344640099
101,1.049999999999982,0.6256753729690978,0.0,0.0,0.6256753729690978
102,1.099999999999982,0.6312128999966584,0.0,0.0,0.6312128999966584
103,1.1499999999999817,0.6367504270242189,0.0,0.0,0.6367504270242189
104,1.1999999999999815,0.6422879540517785,0.0,0.0,0.6422879540517785
105,1.2499999999999811,0.6478254810793381,0.0,0.0,0.6478254810793381
106,1.2999999999999812,0.6533630081068994,0.0,0.0,0.6533630081068994
107,1.349999999999981,0.6589005351344595,0.0,0.0,0.6589005351344595
108,1.3999999999999808,0.6590939589271803,0.0,0.0,0.6590939589271803
109,1.4499999999999806,0.6586269190195465,0.0,0.0,0.6586269190195465
110,1.4999999999999805,0.6585084794923454,0.0,0.0,0.6585084794923454
111,1.5499999999999805,0.6589451364045498,0.0,0.0,0.6589451364045498
112,1.59999999999998,0.6633489109734987,0.0,0.0,0.6633489109734987
113,1.64999999999998,0.6706837102177698,0.0,0.0,0.6706837102177698
114,1.6999999999999795,0.6703966797546888,0.0,0.0,0.6703966797546888
115,1.7499999999999796,0.6565942972696707,0.0,0.0,0.6565942972696707
116,1.7999999999999794,0.640940598092225,0.0,0.0,0.640940598092225
117,1.8499999999999792,0.6253045072786559,0.0,0.0,0.6253045072786559
118,1.899999999999979,0.6112086703272214,0.0,0.0,0.6112086703272214
119,1.9499999999999789,0.5877278816861463,0.0,0.0,0.5877278816861463
120,1.999999999999979,0.5629989633296224,0.0,0.0,0.5629989633296224
121,2.0499999999999785,0.538270044973098,0.0,0.0,0.538270044973098
122,2.0999999999999783,0.5135411266165746,0.0,0.0,0.5135411266165746
123,2.149999999999978,0.4888122082600492,0.0,0.0,0.4888122082600492
124,2.199999999999978,0.4640832899035246,0.0,0.0,0.4640832899035246
125,2.249999999999978,0.4393543715470012,0.0,0.0,0.4393543715470012
126,2.2999999999999776,0.4123182928727943,0.0,0.0,0.4123182928727943
127,2.349999999999977,0.3836045388754671,0.0,0.0,0.3836045388754671
128,2.3999999999999773,0.3548907848781413,0.0,0.0,0.3548907848781413
129,2.449999999999977,0.3261770308808136,0.0,0.0,0.3261770308808136
130,2.499999999999977,0.2974632768834869,0.0,0.0,0.2974632768834869
131,2.5499999999999767,0.2695695788930987,0.0,0.0,0.2695695788930987
132,2.599999999999977,0.2444038425340486,0.0,0.0,0.2444038425340486
133,2.6499999999999764,0.2402561525190454,0.0,0.0,0.2402561525190454
134,2.699999999999976,0.237459801947303,0.0,0.0,0.237459801947303
135,2.749999999999976,0.2347217630720998,0.0,0.0,0.2347217630720998
136,2.799999999999976,0.232005801356464,0.0,0.0,0.232005801356464
137,2.849999999999976,0.2292898396408307,0.0,0.0,0.2292898396408307
138,2.8999999999999755,0.2265738779251948,0.0,0.0,0.2265738779251948
139,2.9499999999999758,0.2238579162095604,0.0,0.0,0.2238579162095604
140,2.999999999999975,0.2211419544939262,0.0,0.0,0.2211419544939262
141,3.049999999999975,0.218425992778291,0.0,0.0,0.218425992778291
142,3.0999999999999748,0.2157100310626557,0.0,0.0,0.2157100310626557
143,3.1499999999999746,0.2129940693470214,0.0,0.0,0.2129940693470214
144,3.1999999999999744,0.2102781076313867,0.0,0.0,0.2102781076313867
145,3.2499999999999742,0.2075621459157502,0.0,0.0,0.2075621459157502
146,3.299999999999974,0.2048461842001174,0.0,0.0,0.2048461842001174
147,3.349999999999974,0.2021302224844808,0.0,0.0,0.2021302224844808
148,3.3999999999999737,0.1994142607688462,0.0,0.0,0.1994142607688462
149,3.449999999999973,0.1966982990532116,0.0,0.0,0.1966982990532116
150,3.4999999999999734,0.1939823373375769,0.0,0.0,0.1939823373375769
151,3.549999999999973,0.1912663756219413,0.0,0.0,0.1912663756219413
152,3.599999999999973,0.1885504139063054,0.0,0.0,0.1885504139063054
153,3.649999999999973,0.1858344521906717,0.0,0.0,0.1858344521906717
154,3.6999999999999726,0.1831184904750374,0.0,0.0,0.1831184904750374
155,3.749999999999973,0.1804025287594015,0.0,0.0,0.1804025287594015
156,3.799999999999972,0.1776865670437665,0.0,0.0,0.1776865670437665
157,3.849999999999972,0.1749706053281312,0.0,0.0,0.1749706053281312
158,3.899999999999972,0.1722546436124952,0.0,0.0,0.1722546436124952
159,3.949999999999972,0.1695386818968619,0.0,0.0,0.1695386818968619
160,-4.0,0.3253936510174813,1.0,0.0,0.3253936510174813
161,-3.95,0.3244615504194073,1.0,0.0,0.3244615504194073
162,-3.9,0.3222073371624419,1.0,0.0,0.3222073371624419
163,-3.850000000000001,0.3195908230566202,1.0,0.0,0.3195908230566202
164,-3.8000000000000007,0.3190103581822391,1.0,0.0,0.3190103581822391
165,-3.750000000000001,0.3184298933078578,1.0,0.0,0.3184298933078578
166,-3.700000000000001,0.3178494284334769,1.0,0.0,0.3178494284334769
167,-3.650000000000001,0.3172689635590958,1.0,0.0,0.3172689635590958
168,-3.6000000000000014,0.3156870958308601,1.0,0.0,0.3156870958308601
169,-3.5500000000000016,0.3103160406336006,1.0,0.0,0.3103160406336006
170,-3.5000000000000018,0.2813150976382328,1.0,0.0,0.2813150976382328
171,-3.450000000000002,0.2342349615695022,1.0,0.0,0.2342349615695022
172,-3.400000000000002,0.2089442384989064,1.0,0.0,0.2089442384989064
173,-3.3500000000000023,0.1926832249374698,1.0,0.0,0.1926832249374698
174,-3.3000000000000025,0.1764222113760339,1.0,0.0,0.1764222113760339
175,-3.2500000000000027,0.1601611978145975,1.0,0.0,0.1601611978145975
176,-3.200000000000003,0.1437103120654919,1.0,0.0,0.1437103120654919
177,-3.150000000000003,0.135795939789185,1.0,0.0,0.135795939789185
178,-3.100000000000003,0.1254045830149471,1.0,0.0,0.1254045830149471
179,-3.050000000000004,0.1150132262407094,1.0,0.0,0.1150132262407094
180,-3.000000000000004,0.1046218694664714,1.0,0.0,0.1046218694664714
181,-2.950000000000004,0.0942305126922338,1.0,0.0,0.0942305126922338
182,-2.900000000000004,0.0838391559179961,1.0,0.0,0.0838391559179961
183,-2.850000000000004,0.0721233626722252,1.0,0.0,0.0721233626722252
184,-2.8000000000000043,0.0603659969617404,1.0,0.0,0.0603659969617404
185,-2.7500000000000044,0.0486086312512557,1.0,0.0,0.0486086312512557
186,-2.7000000000000046,0.0368120110094344,1.0,0.0,0.0368120110094344
187,-2.650000000000005,0.0256337336453388,1.0,0.0,0.0256337336453388
188,-2.600000000000005,0.0142521717962767,1.0,0.0,0.0142521717962767
189,-2.550000000000005,0.0026747219809715,1.0,0.0,0.0026747219809715
190,-2.5000000000000053,0.0025798339881935,1.0,0.0,0.0025798339881935
191,-2.450000000000005,0.0025091911260617,1.0,0.0,0.0025091911260617
192,-2.4000000000000057,0.0024489848268168,1.0,0.0,0.0024489848268168
193,-2.350000000000006,0.0024329306565409,1.0,0.0,0.0024329306565409
194,-2.300000000000006,0.0024012184823247,1.0,0.0,0.0024012184823247
195,-2.250000000000006,0.0023642472688059,1.0,0.0,0.0023642472688059
196,-2.2000000000000064,0.0023272760552871,1.0,0.0,0.0023272760552871
197,-2.1500000000000066,0.0022903048417683,1.0,0.0,0.0022903048417683
198,-2.1000000000000068,0.0021781290435009,1.0,0.0,0.0021781290435009
199,-2.050000000000007,0.002040165226235,1.0,0.0,0.002040165226235
200,-2.000000000000007,0.0019048504514079,1.0,0.0,0.0019048504514079
201,-1.9500000000000075,0.0017597508596665,1.0,0.0,0.0017597508596665
202,-1.9000000000000077,0.001615581713511,1.0,0.0,0.001615581713511
203,-1.850000000000008,0.0014668147321115,1.0,0.0,0.0014668147321115
204,-1.8000000000000078,0.0015459761916641,1.0,0.0,0.0015459761916641
205,-1.750000000000008,0.0017022259848273,1.0,0.0,0.0017022259848273
206,-1.7000000000000082,0.0017952968192172,1.0,0.0,0.0017952968192172
207,-1.6500000000000083,0.0018830924075023,1.0,0.0,0.0018830924075023
208,-1.6000000000000083,0.0019925030595531,1.0,0.0,0.0019925030595531
209,-1.5500000000000087,0.0020299051959879,1.0,0.0,0.0020299051959879
210,-1.5000000000000089,0.0019731131904711,1.0,0.0,0.0019731131904711
211,-1.450000000000009,0.0019109101153552,1.0,0.0,0.0019109101153552
212,-1.4000000000000092,0.0018243226791546,1.0,0.0,0.0018243226791546
213,-1.3500000000000094,0.0017740675835411,1.0,0.0,0.0017740675835411
214,-1.3000000000000096,0.00169242908316,1.0,0.0,0.00169242908316
215,-1.2500000000000098,0.0015965777461828,1.0,0.0,0.0015965777461828
216,-1.20000000000001,0.0014862706807834,1.0,0.0,0.0014862706807834
217,-1.15000000000001,0.0013621856776262,1.0,0.0,0.0013621856776262
218,-1.1000000000000103,0.001190358537881,1.0,0.0,0.001190358537881
219,-1.0500000000000105,0.0009391886308526,1.0,0.0,0.0009391886308526
220,-1.0000000000000109,0.0006917792411145,1.0,0.0,0.0006917792411145
221,-0.9500000000000108,0.0005189615140292,1.0,0.0,0.0005189615140292
222,-0.900000000000011,0.0003808727387766,1.0,0.0,0.0003808727387766
223,-0.8500000000000112,0.0002427839635239,1.0,0.0,0.0002427839635239
224,-0.8000000000000114,8.345119060338714e-05,1.0,0.0,8.345119060338714e-05
225,-0.7500000000000115,2.897589485200846e-06,1.0,0.0,2.897589485200846e-06
226,-0.7000000000000117,0.0,1.0,0.0,0.0
227,-0.6500000000000119,9.498013409922812e-05,1.0,0.0,9.498013409922812e-05
228,-0.6000000000000121,0.000255052691733,1.0,0.0,0.000255052691733
229,-0.5500000000000123,0.0004257572347496,1.0,0.0,0.0004257572347496
230,-0.5000000000000124,0.0004823900301916,1.0,0.0,0.0004823900301916
231,-0.4500000000000126,0.0004403127883134,1.0,0.0,0.0004403127883134
232,-0.4000000000000128,0.0005036376950236,1.0,0.0,0.0005036376950236
233,-0.3500000000000129,0.0006560325829274,1.0,0.0,0.0006560325829274
234,-0.3000000000000131,0.0008941134520911,1.0,0.0,0.0008941134520911
235,-0.2500000000000133,0.0014346965962275,1.0,0.0,0.0014346965962275
236,-0.2000000000000135,0.0016097976310364,1.0,0.0,0.0016097976310364
237,-0.1500000000000136,0.0018413965106189,1.0,0.0,0.0018413965106189
238,-0.1000000000000138,0.0025874318880499,1.0,0.0,0.0025874318880499
239,-0.050000000000014,0.0125951742854176,1.0,0.0,0.0125951742854176
240,-1.4210854715202004e-14,0.0192464590975598,1.0,0.0,0.0192464590975598
241,0.0499999999999856,0.0266169886206283,1.0,0.0,0.0266169886206283
242,0.0999999999999854,0.0361198764899741,1.0,0.0,0.0361198764899741
243,0.1499999999999852,0.0505490643882604,1.0,0.0,0.0505490643882604
244,0.199999999999985,0.0762493469775532,1.0,0.0,0.0762493469775532
245,0.2499999999999849,0.0949231640661485,1.0,0.0,0.0949231640661485
246,0.2999999999999847,0.1148188187044044,1.0,0.0,0.1148188187044044
247,0.3499999999999845,0.133949965266146,1.0,0.0,0.133949965266146
248,0.3999999999999843,0.1482459770556463,1.0,0.0,0.1482459770556463
249,0.4499999999999842,0.1519645012745902,1.0,0.0,0.1519645012745902
250,0.499999999999984,0.1462732491891375,1.0,0.0,0.1462732491891375
251,0.5499999999999838,0.1410342511838711,1.0,0.0,0.1410342511838711
252,0.5999999999999837,0.1224996049366656,1.0,0.0,0.1224996049366656
253,0.6499999999999835,0.1097072593382011,1.0,0.0,0.1097072593382011
254,0.6999999999999833,0.0101179031912773,1.0,0.0,0.0101179031912773
255,0.7499999999999831,0.0021998050743582,1.0,0.0,0.0021998050743582
256,0.799999999999983,0.0020991152379418,1.0,0.0,0.0020991152379418
257,0.8499999999999828,0.0019862065066229,1.0,0.0,0.0019862065066229
258,0.8999999999999826,0.0018325096655478,1.0,0.0,0.0018325096655478
259,0.9499999999999824,0.0017506916630599,1.0,0.0,0.0017506916630599
260,0.9999999999999822,0.0016827478713806,1.0,0.0,0.0016827478713806
261,1.049999999999982,0.0016159626626618,1.0,0.0,0.0016159626626618
262,1.099999999999982,0.0016027695761079,1.0,0.0,0.0016027695761079
263,1.1499999999999817,0.0018961402808686,1.0,0.0,0.0018961402808686
264,1.1999999999999815,0.0022835887863617,1.0,0.0,0.0022835887863617
265,1.2499999999999811,0.0022740091596495,1.0,0.0,0.0022740091596495
266,1.2999999999999812,0.0022257409715477,1.0,0.0,0.0022257409715477
267,1.349999999999981,0.071918064698665,1.0,0.0,0.071918064698665
268,1.3999999999999808,0.1238793362933803,1.0,0.0,0.1238793362933803
269,1.4499999999999806,0.1452595038950927,1.0,0.0,0.1452595038950927
270,1.4999999999999805,0.1678916889166979,1.0,0.0,0.1678916889166979
271,1.5499999999999805,0.1913338266990523,1.0,0.0,0.1913338266990523
272,1.59999999999998,0.2082823256894802,1.0,0.0,0.2082823256894802
273,1.64999999999998,0.2260344531206359,1.0,0.0,0.2260344531206359
274,1.6999999999999795,0.2430767629625266,1.0,0.0,0.2430767629625266
275,1.7499999999999796,0.2601124802938092,1.0,0.0,0.2601124802938092
276,1.7999999999999794,0.2768319586830592,1.0,0.0,0.2768319586830592
277,1.8499999999999792,0.2880997203902727,1.0,0.0,0.2880997203902727
278,1.899999999999979,0.2989593552837499,1.0,0.0,0.2989593552837499
279,1.9499999999999789,0.3096424226670257,1.0,0.0,0.3096424226670257
280,1.999999999999979,0.3202948936104559,1.0,0.0,0.3202948936104559
281,2.0499999999999785,0.3344082878677101,1.0,0.0,0.3344082878677101
282,2.0999999999999783,0.3568202751508493,1.0,0.0,0.3568202751508493
283,2.149999999999978,0.3818274058166003,1.0,0.0,0.3818274058166003
284,2.199999999999978,0.4067978123648991,1.0,0.0,0.4067978123648991
285,2.249999999999978,0.4302890125878378,1.0,0.0,0.4302890125878378
286,2.2999999999999776,0.4537802128107763,1.0,0.0,0.4537802128107763
287,2.349999999999977,0.4768609783229514,1.0,0.0,0.4768609783229514
288,2.3999999999999773,0.4968709937903822,1.0,0.0,0.4968709937903822
289,2.449999999999977,0.5168810092578129,1.0,0.0,0.5168810092578129
290,2.499999999999977,0.5382972117262602,1.0,0.0,0.5382972117262602
291,2.5499999999999767,0.5551228185731749,1.0,0.0,0.5551228185731749
292,2.599999999999977,0.5717981028205595,1.0,0.0,0.5717981028205595
293,2.6499999999999764,0.5884733870679436,1.0,0.0,0.5884733870679436
294,2.699999999999976,0.6051486713153278,1.0,0.0,0.6051486713153278
295,2.749999999999976,0.6218239555627123,1.0,0.0,0.6218239555627123
296,2.799999999999976,0.6336076292767804,1.0,0.0,0.6336076292767804
297,2.849999999999976,0.6404910277519219,1.0,0.0,0.6404910277519219
298,2.8999999999999755,0.652973664281277,1.0,0.0,0.652973664281277
299,2.9499999999999758,0.6711106110706355,1.0,0.0,0.6711106110706355
300,2.999999999999975,0.6868869900335013,1.0,0.0,0.6868869900335013
301,3.049999999999975,0.7021636105836079,1.0,0.0,0.7021636105836079
302,3.0999999999999748,0.7174402311337144,1.0,0.0,0.7174402311337144
303,3.1499999999999746,0.7327168516838214,1.0,0.0,0.7327168516838214
304,3.1999999999999744,0.7479934722339285,1.0,0.0,0.7479934722339285
305,3.2499999999999742,0.7632700927840352,1.0,0.0,0.7632700927840352
306,3.299999999999974,0.7785467133341423,1.0,0.0,0.7785467133341423
307,3.349999999999974,0.7944976781966772,1.0,0.0,0.7944976781966772
308,3.3999999999999737,0.8111145085885962,1.0,0.0,0.8111145085885962
309,3.449999999999973,0.829290127890015,1.0,0.0,0.829290127890015
310,3.4999999999999734,0.8470536444167759,1.0,0.0,0.8470536444167759
311,3.549999999999973,0.8645170900181176,1.0,0.0,0.8645170900181176
312,3.599999999999973,0.881980535619456,1.0,0.0,0.881980535619456
313,3.649999999999973,0.8994439812207968,1.0,0.0,0.8994439812207968
314,3.6999999999999726,0.9169074268221372,1.0,0.0,0.9169074268221372
315,3.749999999999973,0.9343708724234764,1.0,0.0,0.9343708724234764
316,3.799999999999972,0.9509351200443832,1.0,0.0,0.9509351200443832
317,3.849999999999972,0.9672900800295884,1.0,0.0,0.9672900800295884
318,3.899999999999972,0.9836450400147922,1.0,0.0,0.9836450400147922
319,3.949999999999972,1.0,1.0,0.0,1.0
320,-4.0,0.0,2.0,0.0,0.0
321,-3.95,0.0142066065593748,2.0,0.0,0.0142066065593748
322,-3.9,0.0284132131187491,2.0,0.0,0.0284132131187491
323,-3.850000000000001,0.0426198196781251,2.0,0.0,0.0426198196781251
324,-3.8000000000000007,0.0568264262375008,2.0,0.0,0.0568264262375008
325,-3.750000000000001,0.0710330327968766,2.0,0.0,0.0710330327968766
326,-3.700000000000001,0.0852396393562511,2.0,0.0,0.0852396393562511
327,-3.650000000000001,0.0994462459156279,2.0,0.0,0.0994462459156279
328,-3.6000000000000014,0.1136528524750033,2.0,0.0,0.1136528524750033
329,-3.5500000000000016,0.1278594590343786,2.0,0.0,0.1278594590343786
330,-3.5000000000000018,0.142066065593754,2.0,0.0,0.142066065593754
331,-3.450000000000002,0.1562400441195449,2.0,0.0,0.1562400441195449
332,-3.400000000000002,0.1698043172846075,2.0,0.0,0.1698043172846075
333,-3.3500000000000023,0.1833685904496712,2.0,0.0,0.1833685904496712
334,-3.3000000000000025,0.1969328636147342,2.0,0.0,0.1969328636147342
335,-3.2500000000000027,0.2104971367797964,2.0,0.0,0.2104971367797964
336,-3.200000000000003,0.2240614099448585,2.0,0.0,0.2240614099448585
337,-3.150000000000003,0.2376256831099226,2.0,0.0,0.2376256831099226
338,-3.100000000000003,0.251189956274985,2.0,0.0,0.251189956274985
339,-3.050000000000004,0.2647542294400476,2.0,0.0,0.2647542294400476
340,-3.000000000000004,0.2783185026051113,2.0,0.0,0.2783185026051113
341,-2.950000000000004,0.2918827757701736,2.0,0.0,0.2918827757701736
342,-2.900000000000004,0.3054470489352374,2.0,0.0,0.3054470489352374
343,-2.850000000000004,0.3190113221003005,2.0,0.0,0.3190113221003005
344,-2.8000000000000043,0.3325755952653623,2.0,0.0,0.3325755952653623
345,-2.7500000000000044,0.3461398684304264,2.0,0.0,0.3461398684304264
346,-2.7000000000000046,0.3597041415954888,2.0,0.0,0.3597041415954888
347,-2.650000000000005,0.3728703492200522,2.0,0.0,0.3728703492200522
348,-2.600000000000005,0.3861477133467602,2.0,0.0,0.3861477133467602
349,-2.550000000000005,0.3995332348322966,2.0,0.0,0.3995332348322966
350,-2.5000000000000053,0.4129187563178327,2.0,0.0,0.4129187563178327
351,-2.450000000000005,0.4263042778033691,2.0,0.0,0.4263042778033691
352,-2.4000000000000057,0.439689799288907,2.0,0.0,0.439689799288907
353,-2.350000000000006,0.4530753207744419,2.0,0.0,0.4530753207744419
354,-2.300000000000006,0.4664186979500253,2.0,0.0,0.4664186979500253
355,-2.250000000000006,0.4796754495325655,2.0,0.0,0.4796754495325655
356,-2.2000000000000064,0.4929322011151053,2.0,0.0,0.4929322011151053
357,-2.1500000000000066,0.5061889526976462,2.0,0.0,0.5061889526976462
358,-2.1000000000000068,0.5194457042801857,2.0,0.0,0.5194457042801857
359,-2.050000000000007,0.5327024558627257,2.0,0.0,0.5327024558627257
360,-2.000000000000007,0.5462402734149028,2.0,0.0,0.5462402734149028
361,-1.9500000000000075,0.5604752714531306,2.0,0.0,0.5604752714531306
362,-1.9000000000000077,0.5751414577398896,2.0,0.0,0.5751414577398896
363,-1.850000000000008,0.5899804503225139,2.0,0.0,0.5899804503225139
364,-1.8000000000000078,0.6081686135285659,2.0,0.0,0.6081686135285659
365,-1.750000000000008,0.6274844713718224,2.0,0.0,0.6274844713718224
366,-1.7000000000000082,0.6470262764984338,2.0,0.0,0.6470262764984338
367,-1.6500000000000083,0.6665680816250464,2.0,0.0,0.6665680816250464
368,-1.6000000000000083,0.6861098867516581,2.0,0.0,0.6861098867516581
369,-1.5500000000000087,0.7056516918782697,2.0,0.0,0.7056516918782697
370,-1.5000000000000089,0.7251934970048816,2.0,0.0,0.7251934970048816
371,-1.450000000000009,0.7447353021314932,2.0,0.0,0.7447353021314932
372,-1.4000000000000092,0.7642771072581052,2.0,0.0,0.7642771072581052
373,-1.3500000000000094,0.7795364867870094,2.0,0.0,0.7795364867870094
374,-1.3000000000000096,0.7933288418607167,2.0,0.0,0.7933288418607167
375,-1.2500000000000098,0.8071211969344243,2.0,0.0,0.8071211969344243
376,-1.20000000000001,0.8218114002255001,2.0,0.0,0.8218114002255001
377,-1.15000000000001,0.8367513872975345,2.0,0.0,0.8367513872975345
378,-1.1000000000000103,0.8509562833670072,2.0,0.0,0.8509562833670072
379,-1.0500000000000105,0.8550251600429419,2.0,0.0,0.8550251600429419
380,-1.0000000000000109,0.8501299276860861,2.0,0.0,0.8501299276860861
381,-0.9500000000000108,0.8452346953292313,2.0,0.0,0.8452346953292313
382,-0.900000000000011,0.8462244475457739,2.0,0.0,0.8462244475457739
383,-0.8500000000000112,0.8467930090389929,2.0,0.0,0.8467930090389929
384,-0.8000000000000114,0.8465028219707154,2.0,0.0,0.8465028219707154
385,-0.7500000000000115,0.8431287355749932,2.0,0.0,0.8431287355749932
386,-0.7000000000000117,0.8359284796342001,2.0,0.0,0.8359284796342001
387,-0.6500000000000119,0.8292278766102522,2.0,0.0,0.8292278766102522
388,-0.6000000000000121,0.840399135592844,2.0,0.0,0.840399135592844
389,-0.5500000000000123,0.8502206887488398,2.0,0.0,0.8502206887488398
390,-0.5000000000000124,0.8598649012828277,2.0,0.0,0.8598649012828277
391,-0.4500000000000126,0.8660150395045988,2.0,0.0,0.8660150395045988
392,-0.4000000000000128,0.870834706217511,2.0,0.0,0.870834706217511
393,-0.3500000000000129,0.8751943155943901,2.0,0.0,0.8751943155943901
394,-0.3000000000000131,0.8849706518623579,2.0,0.0,0.8849706518623579
395,-0.2500000000000133,0.894763752449677,2.0,0.0,0.894763752449677
396,-0.2000000000000135,0.907695034589114,2.0,0.0,0.907695034589114
397,-0.1500000000000136,0.9186895019292404,2.0,0.0,0.9186895019292404
398,-0.1000000000000138,0.9270757183715176,2.0,0.0,0.9270757183715176
399,-0.050000000000014,0.935461934813795,2.0,0.0,0.935461934813795
400,-1.4210854715202004e-14,0.9432964134246672,2.0,0.0,0.9432964134246672
401,0.0499999999999856,0.9446588950285936,2.0,0.0,0.9446588950285936
402,0.0999999999999854,0.9411305286602254,2.0,0.0,0.9411305286602254
403,0.1499999999999852,0.9406747612893024,2.0,0.0,0.9406747612893024
404,0.199999999999985,0.9411790264144044,2.0,0.0,0.9411790264144044
405,0.2499999999999849,0.9423595516167672,2.0,0.0,0.9423595516167672
406,0.2999999999999847,0.9427334744350172,2.0,0.0,0.9427334744350172
407,0.3499999999999845,0.9424682997556704,2.0,0.0,0.9424682997556704
408,0.3999999999999843,0.9491811006293658,2.0,0.0,0.9491811006293658
409,0.4499999999999842,0.9595472110994376,2.0,0.0,0.9595472110994376
410,0.499999999999984,0.970296117769976,2.0,0.0,0.970296117769976
411,0.5499999999999838,0.9803298846297624,2.0,0.0,0.9803298846297624
412,0.5999999999999837,0.9927574845163134,2.0,0.0,0.9927574845163134
413,0.6499999999999835,1.0,2.0,0.0,1.0
414,0.6999999999999833,0.9997355563951794,2.0,0.0,0.9997355563951794
415,0.7499999999999831,0.995903348234513,2.0,0.0,0.995903348234513
416,0.799999999999983,0.9920711400738466,2.0,0.0,0.9920711400738466
417,0.8499999999999828,0.9874024689727644,2.0,0.0,0.9874024689727644
418,0.8999999999999826,0.982041436263647,2.0,0.0,0.982041436263647
419,0.9499999999999824,0.9766804035545296,2.0,0.0,0.9766804035545296
420,0.9999999999999822,0.9713193708454122,2.0,0.0,0.9713193708454122
421,1.049999999999982,0.9678196344578996,2.0,0.0,0.9678196344578996
422,1.099999999999982,0.9669211499596336,2.0,0.0,0.9669211499596336
423,1.1499999999999817,0.9713253163934158,2.0,0.0,0.9713253163934158
424,1.1999999999999815,0.9759244427463112,2.0,0.0,0.9759244427463112
425,1.2499999999999811,0.9816077509795946,2.0,0.0,0.9816077509795946
426,1.2999999999999812,0.9876537386917792,2.0,0.0,0.9876537386917792
427,1.349999999999981,0.9878700322561782,2.0,0.0,0.9878700322561782
428,1.3999999999999808,0.9881531441903112,2.0,0.0,0.9881531441903112
429,1.4499999999999806,0.9884089256192112,2.0,0.0,0.9884089256192112
430,1.4999999999999805,0.985908102948088,2.0,0.0,0.985908102948088
431,1.5499999999999805,0.9766768647355852,2.0,0.0,0.9766768647355852
432,1.59999999999998,0.9628503042616894,2.0,0.0,0.9628503042616894
433,1.64999999999998,0.9493302153145372,2.0,0.0,0.9493302153145372
434,1.6999999999999795,0.939227408785763,2.0,0.0,0.939227408785763
435,1.7499999999999796,0.9353997038011158,2.0,0.0,0.9353997038011158
436,1.7999999999999794,0.9315597389712136,2.0,0.0,0.9315597389712136
437,1.8499999999999792,0.9277197741413112,2.0,0.0,0.9277197741413112
438,1.899999999999979,0.9238798093114086,2.0,0.0,0.9238798093114086
439,1.9499999999999789,0.9200398444815064,2.0,0.0,0.9200398444815064
440,1.999999999999979,0.9161998796516037,2.0,0.0,0.9161998796516037
441,2.0499999999999785,0.912345226026259,2.0,0.0,0.912345226026259
442,2.0999999999999783,0.9091145231429746,2.0,0.0,0.9091145231429746
443,2.149999999999978,0.9059070901998132,2.0,0.0,0.9059070901998132
444,2.199999999999978,0.902699657256652,2.0,0.0,0.902699657256652
445,2.249999999999978,0.9033576913405384,2.0,0.0,0.9033576913405384
446,2.2999999999999776,0.9041318612207434,2.0,0.0,0.9041318612207434
447,2.349999999999977,0.9039198295786488,2.0,0.0,0.9039198295786488
448,2.3999999999999773,0.9029913428755556,2.0,0.0,0.9029913428755556
449,2.449999999999977,0.9020628561724626,2.0,0.0,0.9020628561724626
450,2.499999999999977,0.9011343694693692,2.0,0.0,0.9011343694693692
451,2.5499999999999767,0.9002058827662758,2.0,0.0,0.9002058827662758
452,2.599999999999977,0.8992773960631828,2.0,0.0,0.8992773960631828
453,2.6499999999999764,0.8983489093600899,2.0,0.0,0.8983489093600899
454,2.699999999999976,0.8949976676416601,2.0,0.0,0.8949976676416601
455,2.749999999999976,0.88873782184987,2.0,0.0,0.88873782184987
456,2.799999999999976,0.8824779760580795,2.0,0.0,0.8824779760580795
457,2.849999999999976,0.8762181302662896,2.0,0.0,0.8762181302662896
458,2.8999999999999755,0.8699582844744991,2.0,0.0,0.8699582844744991
459,2.9499999999999758,0.863698438682709,2.0,0.0,0.863698438682709
460,2.999999999999975,0.857438592890919,2.0,0.0,0.857438592890919
461,3.049999999999975,0.8511795619735054,2.0,0.0,0.8511795619735054
462,3.0999999999999748,0.8449250642902172,2.0,0.0,0.8449250642902172
463,3.1499999999999746,0.8386705666069285,2.0,0.0,0.8386705666069285
464,3.1999999999999744,0.8323940309221988,2.0,0.0,0.8323940309221988
465,3.2499999999999742,0.8261027106072254,2.0,0.0,0.8261027106072254
466,3.299999999999974,0.819811390292252,2.0,0.0,0.819811390292252
467,3.349999999999974,0.8135200699772785,2.0,0.0,0.8135200699772785
468,3.3999999999999737,0.8072287496623054,2.0,0.0,0.8072287496623054
469,3.449999999999973,0.800937429347332,2.0,0.0,0.800937429347332
470,3.4999999999999734,0.7946461090323593,2.0,0.0,0.7946461090323593
471,3.549999999999973,0.7883547887173854,2.0,0.0,0.7883547887173854
472,3.599999999999973,0.7820634684024128,2.0,0.0,0.7820634684024128
473,3.649999999999973,0.7757721480874388,2.0,0.0,0.7757721480874388
474,3.6999999999999726,0.7694808277724654,2.0,0.0,0.7694808277724654
475,3.749999999999973,0.7631895074574921,2.0,0.0,0.7631895074574921
476,3.799999999999972,0.7568981871425193,2.0,0.0,0.7568981871425193
477,3.849999999999972,0.750900262320528,2.0,0.0,0.750900262320528
478,3.899999999999972,0.745016637979115,2.0,0.0,0.745016637979115
479,3.949999999999972,0.738320322481804,2.0,0.0,0.738320322481804
480,-4.0,0.0,3.0,0.0,0.0
481,-3.95,0.0128324427063509,3.0,0.0,0.0128324427063509
482,-3.9,0.0256648854127012,3.0,0.0,0.0256648854127012
483,-3.850000000000001,0.0384973281190507,3.0,0.0,0.0384973281190507
484,-3.8000000000000007,0.051329770825402,3.0,0.0,0.051329770825402
485,-3.750000000000001,0.0641622135317513,3.0,0.0,0.0641622135317513
486,-3.700000000000001,0.076994656238102,3.0,0.0,0.076994656238102
487,-3.650000000000001,0.0898270989444517,3.0,0.0,0.0898270989444517
488,-3.6000000000000014,0.1026595416508021,3.0,0.0,0.1026595416508021
489,-3.5500000000000016,0.1154919843571516,3.0,0.0,0.1154919843571516
490,-3.5000000000000018,0.1283244270635021,3.0,0.0,0.1283244270635021
491,-3.450000000000002,0.1411568697698516,3.0,0.0,0.1411568697698516
492,-3.400000000000002,0.1539893124762023,3.0,0.0,0.1539893124762023
493,-3.3500000000000023,0.1668217551825528,3.0,0.0,0.1668217551825528
494,-3.3000000000000025,0.1796541978889027,3.0,0.0,0.1796541978889027
495,-3.2500000000000027,0.192486640595253,3.0,0.0,0.192486640595253
496,-3.200000000000003,0.2053190833016026,3.0,0.0,0.2053190833016026
497,-3.150000000000003,0.2190235652013454,3.0,0.0,0.2190235652013454
498,-3.100000000000003,0.2331389311613179,3.0,0.0,0.2331389311613179
499,-3.050000000000004,0.2531662538340968,3.0,0.0,0.2531662538340968
500,-3.000000000000004,0.2795788522120693,3.0,0.0,0.2795788522120693
501,-2.950000000000004,0.3059914505900408,3.0,0.0,0.3059914505900408
502,-2.900000000000004,0.333941534534476,3.0,0.0,0.333941534534476
503,-2.850000000000004,0.3637626186347874,3.0,0.0,0.3637626186347874
504,-2.8000000000000043,0.3969539423811967,3.0,0.0,0.3969539423811967
505,-2.7500000000000044,0.4301452661276033,3.0,0.0,0.4301452661276033
506,-2.7000000000000046,0.4633365898740119,3.0,0.0,0.4633365898740119
507,-2.650000000000005,0.4951360000119429,3.0,0.0,0.4951360000119429
508,-2.600000000000005,0.5267658192800009,3.0,0.0,0.5267658192800009
509,-2.550000000000005,0.5492239482977138,3.0,0.0,0.5492239482977138
510,-2.5000000000000053,0.5715713322796697,3.0,0.0,0.5715713322796697
511,-2.450000000000005,0.593918716261626,3.0,0.0,0.593918716261626
512,-2.4000000000000057,0.6162661002435825,3.0,0.0,0.6162661002435825
513,-2.350000000000006,0.6381095285305339,3.0,0.0,0.6381095285305339
514,-2.300000000000006,0.6598733460706541,3.0,0.0,0.6598733460706541
515,-2.250000000000006,0.6816371636107732,3.0,0.0,0.6816371636107732
516,-2.2000000000000064,0.7056228776371776,3.0,0.0,0.7056228776371776
517,-2.1500000000000066,0.728049073164863,3.0,0.0,0.728049073164863
518,-2.1000000000000068,0.7373922373075249,3.0,0.0,0.7373922373075249
519,-2.050000000000007,0.7467354014501879,3.0,0.0,0.7467354014501879
520,-2.000000000000007,0.7554146442493975,3.0,0.0,0.7554146442493975
521,-1.9500000000000075,0.7614554611978375,3.0,0.0,0.7614554611978375
522,-1.9000000000000077,0.7670928213554008,3.0,0.0,0.7670928213554008
523,-1.850000000000008,0.7727301815129637,3.0,0.0,0.7727301815129637
524,-1.8000000000000078,0.7790008579599462,3.0,0.0,0.7790008579599462
525,-1.750000000000008,0.7914827502399336,3.0,0.0,0.7914827502399336
526,-1.7000000000000082,0.8039646425199214,3.0,0.0,0.8039646425199214
527,-1.6500000000000083,0.8164465347999086,3.0,0.0,0.8164465347999086
528,-1.6000000000000083,0.825893443226814,3.0,0.0,0.825893443226814
529,-1.5500000000000087,0.816805900992147,3.0,0.0,0.816805900992147
530,-1.5000000000000089,0.8062762341115612,3.0,0.0,0.8062762341115612
531,-1.450000000000009,0.7955333502822151,3.0,0.0,0.7955333502822151
532,-1.4000000000000092,0.7847904664528688,3.0,0.0,0.7847904664528688
533,-1.3500000000000094,0.7858098044988466,3.0,0.0,0.7858098044988466
534,-1.3000000000000096,0.7959326590351039,3.0,0.0,0.7959326590351039
535,-1.2500000000000098,0.8064131615572098,3.0,0.0,0.8064131615572098
536,-1.20000000000001,0.8281089414070344,3.0,0.0,0.8281089414070344
537,-1.15000000000001,0.8492462911248975,3.0,0.0,0.8492462911248975
538,-1.1000000000000103,0.8682621084244035,3.0,0.0,0.8682621084244035
539,-1.0500000000000105,0.8731754283076737,3.0,0.0,0.8731754283076737
540,-1.0000000000000109,0.8780124648841611,3.0,0.0,0.8780124648841611
541,-0.9500000000000108,0.8803290954872873,3.0,0.0,0.8803290954872873
542,-0.900000000000011,0.8806562845764037,3.0,0.0,0.8806562845764037
543,-0.8500000000000112,0.8809834736655199,3.0,0.0,0.8809834736655199
544,-0.8000000000000114,0.8769351672954235,3.0,0.0,0.8769351672954235
545,-0.7500000000000115,0.871187896669022,3.0,0.0,0.871187896669022
546,-0.7000000000000117,0.8611573904829772,3.0,0.0,0.8611573904829772
547,-0.6500000000000119,0.8637913513760126,3.0,0.0,0.8637913513760126
548,-0.6000000000000121,0.8680759502910039,3.0,0.0,0.8680759502910039
549,-0.5500000000000123,0.8793255409246812,3.0,0.0,0.8793255409246812
550,-0.5000000000000124,0.8996973449170996,3.0,0.0,0.8996973449170996
551,-0.4500000000000126,0.8970978742938055,3.0,0.0,0.8970978742938055
552,-0.4000000000000128,0.8969449454884235,3.0,0.0,0.8969449454884235
553,-0.3500000000000129,0.9024344823454497,3.0,0.0,0.9024344823454497
554,-0.3000000000000131,0.9284226246969232,3.0,0.0,0.9284226246969232
555,-0.2500000000000133,0.9743153477611431,3.0,0.0,0.9743153477611431
556,-0.2000000000000135,0.9999999999999982,3.0,0.0,0.9999999999999982
557,-0.1500000000000136,0.9757489722908858,3.0,0.0,0.9757489722908858
558,-0.1000000000000138,0.9494754586554172,3.0,0.0,0.9494754586554172
559,-0.050000000000014,0.9253651627648696,3.0,0.0,0.9253651627648696
560,-1.4210854715202004e-14,0.8946538489678306,3.0,0.0,0.8946538489678306
561,0.0499999999999856,0.8674848538180195,3.0,0.0,0.8674848538180195
562,0.0999999999999854,0.8524940371777907,3.0,0.0,0.8524940371777907
563,0.1499999999999852,0.8394823837792881,3.0,0.0,0.8394823837792881
564,0.199999999999985,0.8264707303807852,3.0,0.0,0.8264707303807852
565,0.2499999999999849,0.8137185712609859,3.0,0.0,0.8137185712609859
566,0.2999999999999847,0.8082920225468238,3.0,0.0,0.8082920225468238
567,0.3499999999999845,0.8011592917094674,3.0,0.0,0.8011592917094674
568,0.3999999999999843,0.7926666520039544,3.0,0.0,0.7926666520039544
569,0.4499999999999842,0.7857194015156099,3.0,0.0,0.7857194015156099
570,0.499999999999984,0.7789384074209192,3.0,0.0,0.7789384074209192
571,0.5499999999999838,0.7689082131136649,3.0,0.0,0.7689082131136649
572,0.5999999999999837,0.7540106957493544,3.0,0.0,0.7540106957493544
573,0.6499999999999835,0.7432049148426152,3.0,0.0,0.7432049148426152
574,0.6999999999999833,0.7323991339358756,3.0,0.0,0.7323991339358756
575,0.7499999999999831,0.7235311181843788,3.0,0.0,0.7235311181843788
576,0.799999999999983,0.7153244072473205,3.0,0.0,0.7153244072473205
577,0.8499999999999828,0.7089432389678508,3.0,0.0,0.7089432389678508
578,0.8999999999999826,0.7030659986153085,3.0,0.0,0.7030659986153085
579,0.9499999999999824,0.7010713782080835,3.0,0.0,0.7010713782080835
580,0.9999999999999822,0.6974596274341813,3.0,0.0,0.6974596274341813
581,1.049999999999982,0.6904432138878348,3.0,0.0,0.6904432138878348
582,1.099999999999982,0.6913338871751132,3.0,0.0,0.6913338871751132
583,1.1499999999999817,0.6987530594163313,3.0,0.0,0.6987530594163313
584,1.1999999999999815,0.702577199235847,3.0,0.0,0.702577199235847
585,1.2499999999999811,0.7012685396906704,3.0,0.0,0.7012685396906704
586,1.2999999999999812,0.7000342062454814,3.0,0.0,0.7000342062454814
587,1.349999999999981,0.7011696468111897,3.0,0.0,0.7011696468111897
588,1.3999999999999808,0.7017381920534084,3.0,0.0,0.7017381920534084
589,1.4499999999999806,0.7023067372956269,3.0,0.0,0.7023067372956269
590,1.4999999999999805,0.6999792629521765,3.0,0.0,0.6999792629521765
591,1.5499999999999805,0.6933788079331943,3.0,0.0,0.6933788079331943
592,1.59999999999998,0.6895152341185192,3.0,0.0,0.6895152341185192
593,1.64999999999998,0.6856516603038433,3.0,0.0,0.6856516603038433
594,1.6999999999999795,0.680702590436158,3.0,0.0,0.680702590436158
595,1.7499999999999796,0.6769226793250913,3.0,0.0,0.6769226793250913
596,1.7999999999999794,0.6737453037447302,3.0,0.0,0.6737453037447302
597,1.8499999999999792,0.6705961482175827,3.0,0.0,0.6705961482175827
598,1.899999999999979,0.6674469926904353,3.0,0.0,0.6674469926904353
599,1.9499999999999789,0.6642978371632886,3.0,0.0,0.6642978371632886
600,1.999999999999979,0.6611486816361417,3.0,0.0,0.6611486816361417
601,2.0499999999999785,0.6582144940187981,3.0,0.0,0.6582144940187981
602,2.0999999999999783,0.6553329215805606,3.0,0.0,0.6553329215805606
603,2.149999999999978,0.6524513491423222,3.0,0.0,0.6524513491423222
604,2.199999999999978,0.6495697767040846,3.0,0.0,0.6495697767040846
605,2.249999999999978,0.6454492786098953,3.0,0.0,0.6454492786098953
606,2.2999999999999776,0.641028606708715,3.0,0.0,0.641028606708715
607,2.349999999999977,0.6366079348075337,3.0,0.0,0.6366079348075337
608,2.3999999999999773,0.6316715467768874,3.0,0.0,0.6316715467768874
609,2.449999999999977,0.626630123428339,3.0,0.0,0.626630123428339
610,2.499999999999977,0.6226476684798578,3.0,0.0,0.6226476684798578
611,2.5499999999999767,0.6199250544553531,3.0,0.0,0.6199250544553531
612,2.599999999999977,0.6172024404308485,3.0,0.0,0.6172024404308485
613,2.6499999999999764,0.6118609338114993,3.0,0.0,0.6118609338114993
614,2.699999999999976,0.6061010416110135,3.0,0.0,0.6061010416110135
615,2.749999999999976,0.6003411494105275,3.0,0.0,0.6003411494105275
616,2.799999999999976,0.5927910913900206,3.0,0.0,0.5927910913900206
617,2.849999999999976,0.5833204631084572,3.0,0.0,0.5833204631084572
618,2.8999999999999755,0.5738498348268938,3.0,0.0,0.5738498348268938
619,2.9499999999999758,0.5643792065453301,3.0,0.0,0.5643792065453301
620,2.999999999999975,0.5549085782637672,3.0,0.0,0.5549085782637672
621,3.049999999999975,0.5454379499822039,3.0,0.0,0.5454379499822039
622,3.0999999999999748,0.5359673217006399,3.0,0.0,0.5359673217006399
623,3.1499999999999746,0.5264966934190762,3.0,0.0,0.5264966934190762
624,3.1999999999999744,0.5232588869625866,3.0,0.0,0.5232588869625866
625,3.2499999999999742,0.5196528383256439,3.0,0.0,0.5196528383256439
626,3.299999999999974,0.515950839460015,3.0,0.0,0.515950839460015
627,3.349999999999974,0.5122488405943858,3.0,0.0,0.5122488405943858
628,3.3999999999999737,0.5085468417287564,3.0,0.0,0.5085468417287564
629,3.449999999999973,0.5048448428631271,3.0,0.0,0.5048448428631271
630,3.4999999999999734,0.5011428439974976,3.0,0.0,0.5011428439974976
631,3.549999999999973,0.4974408451318683,3.0,0.0,0.4974408451318683
632,3.599999999999973,0.4952575886341635,3.0,0.0,0.4952575886341635
633,3.649999999999973,0.4935131859356023,3.0,0.0,0.4935131859356023
634,3.6999999999999726,0.4917687832370395,3.0,0.0,0.4917687832370395
635,3.749999999999973,0.4887858197789699,3.0,0.0,0.4887858197789699
636,3.799999999999972,0.4844266793297078,3.0,0.0,0.4844266793297078
637,3.849999999999972,0.480067538880445,3.0,0.0,0.480067538880445
638,3.899999999999972,0.4757083984311833,3.0,0.0,0.4757083984311833
639,3.949999999999972,0.4712657692208425,3.0,0.0,0.4712657692208425
640,-4.0,0.0,4.0,0.0,0.0
641,-3.95,0.014873840147295,4.0,0.0,0.014873840147295
642,-3.9,0.0297476802945909,4.0,0.0,0.0297476802945909
643,-3.850000000000001,0.0446215204418875,4.0,0.0,0.0446215204418875
644,-3.8000000000000007,0.0594953605891821,4.0,0.0,0.0594953605891821
645,-3.750000000000001,0.0758159068743968,4.0,0.0,0.0758159068743968
646,-3.700000000000001,0.09330586314187,4.0,0.0,0.09330586314187
647,-3.650000000000001,0.1107958194093437,4.0,0.0,0.1107958194093437
648,-3.6000000000000014,0.1282857756768184,4.0,0.0,0.1282857756768184
649,-3.5500000000000016,0.1481639801384678,4.0,0.0,0.1481639801384678
650,-3.5000000000000018,0.1719505269944059,4.0,0.0,0.1719505269944059
651,-3.450000000000002,0.1957370738503387,4.0,0.0,0.1957370738503387
652,-3.400000000000002,0.2195236207062746,4.0,0.0,0.2195236207062746
653,-3.3500000000000023,0.2433101675622073,4.0,0.0,0.2433101675622073
654,-3.3000000000000025,0.2670967144181468,4.0,0.0,0.2670967144181468
655,-3.2500000000000027,0.2913549347146252,4.0,0.0,0.2913549347146252
656,-3.200000000000003,0.3148976129375384,4.0,0.0,0.3148976129375384
657,-3.150000000000003,0.3377769774622393,4.0,0.0,0.3377769774622393
658,-3.100000000000003,0.3562582724675531,4.0,0.0,0.3562582724675531
659,-3.050000000000004,0.3747395674728675,4.0,0.0,0.3747395674728675
660,-3.000000000000004,0.3932208624781824,4.0,0.0,0.3932208624781824
661,-2.950000000000004,0.4117021574834971,4.0,0.0,0.4117021574834971
662,-2.900000000000004,0.4301834524888123,4.0,0.0,0.4301834524888123
663,-2.850000000000004,0.4486647474941271,4.0,0.0,0.4486647474941271
664,-2.8000000000000043,0.4671460424994405,4.0,0.0,0.4671460424994405
665,-2.7500000000000044,0.4856273375047552,4.0,0.0,0.4856273375047552
666,-2.7000000000000046,0.5041086325100709,4.0,0.0,0.5041086325100709
667,-2.650000000000005,0.5225899275153858,4.0,0.0,0.5225899275153858
668,-2.600000000000005,0.545074910043059,4.0,0.0,0.545074910043059
669,-2.550000000000005,0.5678300141682383,4.0,0.0,0.5678300141682383
670,-2.5000000000000053,0.5905851182934203,4.0,0.0,0.5905851182934203
671,-2.450000000000005,0.6133402224186013,4.0,0.0,0.6133402224186013
672,-2.4000000000000057,0.6360953265437808,4.0,0.0,0.6360953265437808
673,-2.350000000000006,0.6585178358204138,4.0,0.0,0.6585178358204138
674,-2.300000000000006,0.681154392903196,4.0,0.0,0.681154392903196
675,-2.250000000000006,0.7037909499859804,4.0,0.0,0.7037909499859804
676,-2.2000000000000064,0.7264275070687638,4.0,0.0,0.7264275070687638
677,-2.1500000000000066,0.7490640641515465,4.0,0.0,0.7490640641515465
678,-2.1000000000000068,0.7717006212343297,4.0,0.0,0.7717006212343297
679,-2.050000000000007,0.7943371783171135,4.0,0.0,0.7943371783171135
680,-2.000000000000007,0.816973735399896,4.0,0.0,0.816973735399896
681,-1.9500000000000075,0.8396102924826796,4.0,0.0,0.8396102924826796
682,-1.9000000000000077,0.8622468495654642,4.0,0.0,0.8622468495654642
683,-1.850000000000008,0.8871017097239053,4.0,0.0,0.8871017097239053
684,-1.8000000000000078,0.9158255939465466,4.0,0.0,0.9158255939465466
685,-1.750000000000008,0.944868407862341,4.0,0.0,0.944868407862341
686,-1.7000000000000082,0.973911221778135,4.0,0.0,0.973911221778135
687,-1.6500000000000083,0.9987495975702776,4.0,0.0,0.9987495975702776
688,-1.6000000000000083,0.9990400257094354,4.0,0.0,0.9990400257094354
689,-1.5500000000000087,0.9992669958060646,4.0,0.0,0.9992669958060646
690,-1.5000000000000089,0.9994107092068996,4.0,0.0,0.9994107092068996
691,-1.450000000000009,0.999522223589672,4.0,0.0,0.999522223589672
692,-1.4000000000000092,0.999595984641306,4.0,0.0,0.999595984641306
693,-1.3500000000000094,0.9996697456929404,4.0,0.0,0.9996697456929404
694,-1.3000000000000096,0.9994732649179228,4.0,0.0,0.9994732649179228
695,-1.2500000000000098,0.9989253747158224,4.0,0.0,0.9989253747158224
696,-1.20000000000001,0.9639147334935954,4.0,0.0,0.9639147334935954
697,-1.15000000000001,0.9392837056698936,4.0,0.0,0.9392837056698936
698,-1.1000000000000103,0.9177101859982814,4.0,0.0,0.9177101859982814
699,-1.0500000000000105,0.9006875021013699,4.0,0.0,0.9006875021013699
700,-1.0000000000000109,0.8953713180487851,4.0,0.0,0.8953713180487851
701,-0.9500000000000108,0.9001615460942337,4.0,0.0,0.9001615460942337
702,-0.900000000000011,0.9014866534367192,4.0,0.0,0.9014866534367192
703,-0.8500000000000112,0.9013786135256098,4.0,0.0,0.9013786135256098
704,-0.8000000000000114,0.9022282187485648,4.0,0.0,0.9022282187485648
705,-0.7500000000000115,0.9150315379055444,4.0,0.0,0.9150315379055444
706,-0.7000000000000117,0.9293956520542704,4.0,0.0,0.9293956520542704
707,-0.6500000000000119,0.9504662107584292,4.0,0.0,0.9504662107584292
708,-0.6000000000000121,0.952415517459534,4.0,0.0,0.952415517459534
709,-0.5500000000000123,0.9695575746166716,4.0,0.0,0.9695575746166716
710,-0.5000000000000124,0.9987233538529008,4.0,0.0,0.9987233538529008
711,-0.4500000000000126,0.995312277431038,4.0,0.0,0.995312277431038
712,-0.4000000000000128,0.998784861263037,4.0,0.0,0.998784861263037
713,-0.3500000000000129,0.9988309504971608,4.0,0.0,0.9988309504971608
714,-0.3000000000000131,0.9989386422109048,4.0,0.0,0.9989386422109048
715,-0.2500000000000133,0.9990463339246488,4.0,0.0,0.9990463339246488
716,-0.2000000000000135,0.9991540256383932,4.0,0.0,0.9991540256383932
717,-0.1500000000000136,0.9992786193341292,4.0,0.0,0.9992786193341292
718,-0.1000000000000138,0.9993855421825628,4.0,0.0,0.9993855421825628
719,-0.050000000000014,0.9989325709245086,4.0,0.0,0.9989325709245086
720,-1.4210854715202004e-14,0.9773120598772014,4.0,0.0,0.9773120598772014
721,0.0499999999999856,0.957630805597158,4.0,0.0,0.957630805597158
722,0.0999999999999854,0.980747137731568,4.0,0.0,0.980747137731568
723,0.1499999999999852,0.9775679682741386,4.0,0.0,0.9775679682741386
724,0.199999999999985,0.9705271903477304,4.0,0.0,0.9705271903477304
725,0.2499999999999849,0.967439917457341,4.0,0.0,0.967439917457341
726,0.2999999999999847,0.9666377127563146,4.0,0.0,0.9666377127563146
727,0.3499999999999845,0.9658355080552884,4.0,0.0,0.9658355080552884
728,0.3999999999999843,0.968322669413938,4.0,0.0,0.968322669413938
729,0.4499999999999842,0.9741623795638878,4.0,0.0,0.9741623795638878
730,0.499999999999984,0.9802568183811275,4.0,0.0,0.9802568183811275
731,0.5499999999999838,0.9863512571983686,4.0,0.0,0.9863512571983686
732,0.5999999999999837,0.9924365063947388,4.0,0.0,0.9924365063947388
733,0.6499999999999835,0.9989091518443052,4.0,0.0,0.9989091518443052
734,0.6999999999999833,0.9992623157050736,4.0,0.0,0.9992623157050736
735,0.7499999999999831,0.9996614493570012,4.0,0.0,0.9996614493570012
736,0.799999999999983,1.0,4.0,0.0,1.0
737,0.8499999999999828,0.9998988308374972,4.0,0.0,0.9998988308374972
738,0.8999999999999826,0.9997881900687164,4.0,0.0,0.9997881900687164
739,0.9499999999999824,0.9996871658581222,4.0,0.0,0.9996871658581222
740,0.9999999999999822,0.9996007873393212,4.0,0.0,0.9996007873393212
741,1.049999999999982,0.9994485297293452,4.0,0.0,0.9994485297293452
742,1.099999999999982,0.9992908786923876,4.0,0.0,0.9992908786923876
743,1.1499999999999817,0.99913322765543,4.0,0.0,0.99913322765543
744,1.1999999999999815,0.998975249021441,4.0,0.0,0.998975249021441
745,1.2499999999999811,0.9988128905356324,4.0,0.0,0.9988128905356324
746,1.2999999999999812,0.9934772439117316,4.0,0.0,0.9934772439117316
747,1.349999999999981,0.9814360357232432,4.0,0.0,0.9814360357232432
748,1.3999999999999808,0.9688339884411112,4.0,0.0,0.9688339884411112
749,1.4499999999999806,0.9571282241571946,4.0,0.0,0.9571282241571946
750,1.4999999999999805,0.956474521395289,4.0,0.0,0.956474521395289
751,1.5499999999999805,0.954419278632366,4.0,0.0,0.954419278632366
752,1.59999999999998,0.952265520177547,4.0,0.0,0.952265520177547
753,1.64999999999998,0.9501117617227284,4.0,0.0,0.9501117617227284
754,1.6999999999999795,0.9479580032679102,4.0,0.0,0.9479580032679102
755,1.7499999999999796,0.9458042448130908,4.0,0.0,0.9458042448130908
756,1.7999999999999794,0.9436504863582736,4.0,0.0,0.9436504863582736
757,1.8499999999999792,0.941496727903454,4.0,0.0,0.941496727903454
758,1.899999999999979,0.9393429694486356,4.0,0.0,0.9393429694486356
759,1.9499999999999789,0.9370917011712604,4.0,0.0,0.9370917011712604
760,1.999999999999979,0.9343983888742412,4.0,0.0,0.9343983888742412
761,2.0499999999999785,0.9317050765772232,4.0,0.0,0.9317050765772232
762,2.0999999999999783,0.9290117642802036,4.0,0.0,0.9290117642802036
763,2.149999999999978,0.926318451983186,4.0,0.0,0.926318451983186
764,2.199999999999978,0.923625139686166,4.0,0.0,0.923625139686166
765,2.249999999999978,0.9209318273891473,4.0,0.0,0.9209318273891473
766,2.2999999999999776,0.9182385150921306,4.0,0.0,0.9182385150921306
767,2.349999999999977,0.9155452027951104,4.0,0.0,0.9155452027951104
768,2.3999999999999773,0.9128518904980925,4.0,0.0,0.9128518904980925
769,2.449999999999977,0.910158578201073,4.0,0.0,0.910158578201073
770,2.499999999999977,0.9074652659040544,4.0,0.0,0.9074652659040544
771,2.5499999999999767,0.9047719536070358,4.0,0.0,0.9047719536070358
772,2.599999999999977,0.9020786413100172,4.0,0.0,0.9020786413100172
773,2.6499999999999764,0.899385329012998,4.0,0.0,0.899385329012998
774,2.699999999999976,0.8966920167159799,4.0,0.0,0.8966920167159799
775,2.749999999999976,0.8939987044189607,4.0,0.0,0.8939987044189607
776,2.799999999999976,0.8913053921219426,4.0,0.0,0.8913053921219426
777,2.849999999999976,0.8886120798249242,4.0,0.0,0.8886120798249242
778,2.8999999999999755,0.8859187675279052,4.0,0.0,0.8859187675279052
779,2.9499999999999758,0.883794041424529,4.0,0.0,0.883794041424529
780,2.999999999999975,0.8820118616007657,4.0,0.0,0.8820118616007657
781,3.049999999999975,0.8801604676713816,4.0,0.0,0.8801604676713816
782,3.0999999999999748,0.8783090737419968,4.0,0.0,0.8783090737419968
783,3.1499999999999746,0.876457679812614,4.0,0.0,0.876457679812614
784,3.1999999999999744,0.8746062858832279,4.0,0.0,0.8746062858832279
785,3.2499999999999742,0.8727548919538439,4.0,0.0,0.8727548919538439
786,3.299999999999974,0.8709034980244594,4.0,0.0,0.8709034980244594
787,3.349999999999974,0.8690521040950746,4.0,0.0,0.8690521040950746
788,3.3999999999999737,0.8672007101656898,4.0,0.0,0.8672007101656898
789,3.449999999999973,0.8653493162363048,4.0,0.0,0.8653493162363048
790,3.4999999999999734,0.8631589999586189,4.0,0.0,0.8631589999586189
791,3.549999999999973,0.8608400137417678,4.0,0.0,0.8608400137417678
792,3.599999999999973,0.8578617808872134,4.0,0.0,0.8578617808872134
793,3.649999999999973,0.8544132671948079,4.0,0.0,0.8544132671948079
794,3.6999999999999726,0.8509647535024023,4.0,0.0,0.8509647535024023
795,3.749999999999973,0.8475162398099968,4.0,0.0,0.8475162398099968
796,3.799999999999972,0.8440677261175902,4.0,0.0,0.8440677261175902
797,3.849999999999972,0.8406192124251837,4.0,0.0,0.8406192124251837
798,3.899999999999972,0.8371706987327802,4.0,0.0,0.8371706987327802
799,3.949999999999972,0.8337221850403747,4.0,0.0,0.8337221850403747
800,-4.0,1.0,5.0,0.0,1.0
801,-3.95,0.9887498558830714,5.0,0.0,0.9887498558830714
802,-3.9,0.9774997117661428,5.0,0.0,0.9774997117661428
803,-3.850000000000001,0.9662495676492148,5.0,0.0,0.9662495676492148
804,-3.8000000000000007,0.9549994235322862,5.0,0.0,0.9549994235322862
805,-3.750000000000001,0.9435943780902176,5.0,0.0,0.9435943780902176
806,-3.700000000000001,0.932166400483458,5.0,0.0,0.932166400483458
807,-3.650000000000001,0.9207384228766988,5.0,0.0,0.9207384228766988
808,-3.6000000000000014,0.9093104452699394,5.0,0.0,0.9093104452699394
809,-3.5500000000000016,0.8978824676631797,5.0,0.0,0.8978824676631797
810,-3.5000000000000018,0.8864544900564201,5.0,0.0,0.8864544900564201
811,-3.450000000000002,0.8750265124496607,5.0,0.0,0.8750265124496607
812,-3.400000000000002,0.8635985348429008,5.0,0.0,0.8635985348429008
813,-3.3500000000000023,0.8521705572361419,5.0,0.0,0.8521705572361419
814,-3.3000000000000025,0.840742579629382,5.0,0.0,0.840742579629382
815,-3.2500000000000027,0.8293146020226229,5.0,0.0,0.8293146020226229
816,-3.200000000000003,0.8178866244158629,5.0,0.0,0.8178866244158629
817,-3.150000000000003,0.8064586468091035,5.0,0.0,0.8064586468091035
818,-3.100000000000003,0.7950306692023441,5.0,0.0,0.7950306692023441
819,-3.050000000000004,0.7836543449144419,5.0,0.0,0.7836543449144419
820,-3.000000000000004,0.7727859029783737,5.0,0.0,0.7727859029783737
821,-2.950000000000004,0.7619174610423047,5.0,0.0,0.7619174610423047
822,-2.900000000000004,0.7510168966934182,5.0,0.0,0.7510168966934182
823,-2.850000000000004,0.7400869291357249,5.0,0.0,0.7400869291357249
824,-2.8000000000000043,0.7291569615780317,5.0,0.0,0.7291569615780317
825,-2.7500000000000044,0.7158358881222763,5.0,0.0,0.7158358881222763
826,-2.7000000000000046,0.7003268969987823,5.0,0.0,0.7003268969987823
827,-2.650000000000005,0.6848179058752891,5.0,0.0,0.6848179058752891
828,-2.600000000000005,0.669308914751796,5.0,0.0,0.669308914751796
829,-2.550000000000005,0.653799923628302,5.0,0.0,0.653799923628302
830,-2.5000000000000053,0.6382909325048081,5.0,0.0,0.6382909325048081
831,-2.450000000000005,0.622781941381314,5.0,0.0,0.622781941381314
832,-2.4000000000000057,0.6077223852725957,5.0,0.0,0.6077223852725957
833,-2.350000000000006,0.5926679189496104,5.0,0.0,0.5926679189496104
834,-2.300000000000006,0.5776134526266254,5.0,0.0,0.5776134526266254
835,-2.250000000000006,0.5625589863036399,5.0,0.0,0.5625589863036399
836,-2.2000000000000064,0.5475045199806551,5.0,0.0,0.5475045199806551
837,-2.1500000000000066,0.5324500536576701,5.0,0.0,0.5324500536576701
838,-2.1000000000000068,0.5173955873346847,5.0,0.0,0.5173955873346847
839,-2.050000000000007,0.5023411210117004,5.0,0.0,0.5023411210117004
840,-2.000000000000007,0.4872866546887146,5.0,0.0,0.4872866546887146
841,-1.9500000000000075,0.4722321883657298,5.0,0.0,0.4722321883657298
842,-1.9000000000000077,0.4585009115745809,5.0,0.0,0.4585009115745809
843,-1.850000000000008,0.4457153358399776,5.0,0.0,0.4457153358399776
844,-1.8000000000000078,0.432929760105374,5.0,0.0,0.432929760105374
845,-1.750000000000008,0.4201441843707704,5.0,0.0,0.4201441843707704
846,-1.7000000000000082,0.4073586086361671,5.0,0.0,0.4073586086361671
847,-1.6500000000000083,0.393544305605547,5.0,0.0,0.393544305605547
848,-1.6000000000000083,0.3795759313576794,5.0,0.0,0.3795759313576794
849,-1.5500000000000087,0.3662600528152148,5.0,0.0,0.3662600528152148
850,-1.5000000000000089,0.3532376049096959,5.0,0.0,0.3532376049096959
851,-1.450000000000009,0.3402151570041768,5.0,0.0,0.3402151570041768
852,-1.4000000000000092,0.3273954907001919,5.0,0.0,0.3273954907001919
853,-1.3500000000000094,0.3146633721932744,5.0,0.0,0.3146633721932744
854,-1.3000000000000096,0.3019250271805864,5.0,0.0,0.3019250271805864
855,-1.2500000000000098,0.2894190325112969,5.0,0.0,0.2894190325112969
856,-1.20000000000001,0.2772140483201435,5.0,0.0,0.2772140483201435
857,-1.15000000000001,0.2650090641289898,5.0,0.0,0.2650090641289898
858,-1.1000000000000103,0.2550617445383459,5.0,0.0,0.2550617445383459
859,-1.0500000000000105,0.244597481650419,5.0,0.0,0.244597481650419
860,-1.0000000000000109,0.2340308496921545,5.0,0.0,0.2340308496921545
861,-0.9500000000000108,0.2224853783943098,5.0,0.0,0.2224853783943098
862,-0.900000000000011,0.2109399070964653,5.0,0.0,0.2109399070964653
863,-0.8500000000000112,0.1994721432857853,5.0,0.0,0.1994721432857853
864,-0.8000000000000114,0.1872182941854506,5.0,0.0,0.1872182941854506
865,-0.7500000000000115,0.1741915884305452,5.0,0.0,0.1741915884305452
866,-0.7000000000000117,0.1611648826756399,5.0,0.0,0.1611648826756399
867,-0.6500000000000119,0.1484840259897287,5.0,0.0,0.1484840259897287
868,-0.6000000000000121,0.1388072443425548,5.0,0.0,0.1388072443425548
869,-0.5500000000000123,0.1321454547581486,5.0,0.0,0.1321454547581486
870,-0.5000000000000124,0.1277500134834683,5.0,0.0,0.1277500134834683
871,-0.4500000000000126,0.1233545722087883,5.0,0.0,0.1233545722087883
872,-0.4000000000000128,0.1190597972706546,5.0,0.0,0.1190597972706546
873,-0.3500000000000129,0.1151205732486045,5.0,0.0,0.1151205732486045
874,-0.3000000000000131,0.1111813492265545,5.0,0.0,0.1111813492265545
875,-0.2500000000000133,0.1067433106144244,5.0,0.0,0.1067433106144244
876,-0.2000000000000135,0.0982665049874787,5.0,0.0,0.0982665049874787
877,-0.1500000000000136,0.0920837753717965,5.0,0.0,0.0920837753717965
878,-0.1000000000000138,0.0926067159875081,5.0,0.0,0.0926067159875081
879,-0.050000000000014,0.091949562332209,5.0,0.0,0.091949562332209
880,-1.4210854715202004e-14,0.0908601097362956,5.0,0.0,0.0908601097362956
881,0.0499999999999856,0.0870133222648812,5.0,0.0,0.0870133222648812
882,0.0999999999999854,0.0720484666994478,5.0,0.0,0.0720484666994478
883,0.1499999999999852,0.0563933830298032,5.0,0.0,0.0563933830298032
884,0.199999999999985,0.0379038638109004,5.0,0.0,0.0379038638109004
885,0.2499999999999849,0.0302784518087951,5.0,0.0,0.0302784518087951
886,0.2999999999999847,0.0192980549257611,5.0,0.0,0.0192980549257611
887,0.3499999999999845,0.0222267694050783,5.0,0.0,0.0222267694050783
888,0.3999999999999843,0.0203815685251539,5.0,0.0,0.0203815685251539
889,0.4499999999999842,0.0145046848816322,5.0,0.0,0.0145046848816322
890,0.499999999999984,0.0101959298723789,5.0,0.0,0.0101959298723789
891,0.5499999999999838,0.0059491118939955,5.0,0.0,0.0059491118939955
892,0.5999999999999837,0.0034361341595153,5.0,0.0,0.0034361341595153
893,0.6499999999999835,0.0011755604955144,5.0,0.0,0.0011755604955144
894,0.6999999999999833,0.0,5.0,0.0,0.0
895,0.7499999999999831,7.275203588267846e-05,5.0,0.0,7.275203588267846e-05
896,0.799999999999983,0.0016814783186351,5.0,0.0,0.0016814783186351
897,0.8499999999999828,0.0057293921023438,5.0,0.0,0.0057293921023438
898,0.8999999999999826,0.0110531224459318,5.0,0.0,0.0110531224459318
899,0.9499999999999824,0.0194898163761447,5.0,0.0,0.0194898163761447
900,0.9999999999999822,0.0285406696684509,5.0,0.0,0.0285406696684509
901,1.049999999999982,0.0375914678874179,5.0,0.0,0.0375914678874179
902,1.099999999999982,0.0467407229544805,5.0,0.0,0.0467407229544805
903,1.1499999999999817,0.0559337828076034,5.0,0.0,0.0559337828076034
904,1.1999999999999815,0.0630598445017695,5.0,0.0,0.0630598445017695
905,1.2499999999999811,0.0695731353602419,5.0,0.0,0.0695731353602419
906,1.2999999999999812,0.0772496374516415,5.0,0.0,0.0772496374516415
907,1.349999999999981,0.083732311981534,5.0,0.0,0.083732311981534
908,1.3999999999999808,0.0828119592006267,5.0,0.0,0.0828119592006267
909,1.4499999999999806,0.0781621597846052,5.0,0.0,0.0781621597846052
910,1.4999999999999805,0.0735123603685833,5.0,0.0,0.0735123603685833
911,1.5499999999999805,0.0688625609525618,5.0,0.0,0.0688625609525618
912,1.59999999999998,0.0674543347678566,5.0,0.0,0.0674543347678566
913,1.64999999999998,0.0685636369912851,5.0,0.0,0.0685636369912851
914,1.6999999999999795,0.0696729392147137,5.0,0.0,0.0696729392147137
915,1.7499999999999796,0.0707822414381421,5.0,0.0,0.0707822414381421
916,1.7999999999999794,0.0718915436615706,5.0,0.0,0.0718915436615706
917,1.8499999999999792,0.073000845884999,5.0,0.0,0.073000845884999
918,1.899999999999979,0.0744839622917765,5.0,0.0,0.0744839622917765
919,1.9499999999999789,0.0753365145226374,5.0,0.0,0.0753365145226374
920,1.999999999999979,0.0746806585084383,5.0,0.0,0.0746806585084383
921,2.0499999999999785,0.07341914221589,5.0,0.0,0.07341914221589
922,2.0999999999999783,0.0711817023870581,5.0,0.0,0.0711817023870581
923,2.149999999999978,0.0690876148917378,5.0,0.0,0.0690876148917378
924,2.199999999999978,0.0670904998736872,5.0,0.0,0.0670904998736872
925,2.249999999999978,0.0650933848556368,5.0,0.0,0.0650933848556368
926,2.2999999999999776,0.0630962698375866,5.0,0.0,0.0630962698375866
927,2.349999999999977,0.0610991548195364,5.0,0.0,0.0610991548195364
928,2.3999999999999773,0.0591020398014859,5.0,0.0,0.0591020398014859
929,2.449999999999977,0.0571049247834357,5.0,0.0,0.0571049247834357
930,2.499999999999977,0.0551078097653852,5.0,0.0,0.0551078097653852
931,2.5499999999999767,0.0531106947473353,5.0,0.0,0.0531106947473353
932,2.599999999999977,0.0511135797292849,5.0,0.0,0.0511135797292849
933,2.6499999999999764,0.0491164647112348,5.0,0.0,0.0491164647112348
934,2.699999999999976,0.0471193496931842,5.0,0.0,0.0471193496931842
935,2.749999999999976,0.045122234675134,5.0,0.0,0.045122234675134
936,2.799999999999976,0.043125119657084,5.0,0.0,0.043125119657084
937,2.849999999999976,0.0411280046390332,5.0,0.0,0.0411280046390332
938,2.8999999999999755,0.039130889620983,5.0,0.0,0.039130889620983
939,2.9499999999999758,0.0370158535372948,5.0,0.0,0.0370158535372948
940,2.999999999999975,0.0346038885926084,5.0,0.0,0.0346038885926084
941,3.049999999999975,0.0321919236479216,5.0,0.0,0.0321919236479216
942,3.0999999999999748,0.0297799587032353,5.0,0.0,0.0297799587032353
943,3.1499999999999746,0.0273679937585486,5.0,0.0,0.0273679937585486
944,3.1999999999999744,0.0249560288138623,5.0,0.0,0.0249560288138623
945,3.2499999999999742,0.0225440638691755,5.0,0.0,0.0225440638691755
946,3.299999999999974,0.0201320989244893,5.0,0.0,0.0201320989244893
947,3.349999999999974,0.0177201339798028,5.0,0.0,0.0177201339798028
948,3.3999999999999737,0.0153081690351161,5.0,0.0,0.0153081690351161
949,3.449999999999973,0.0137135645679871,5.0,0.0,0.0137135645679871
950,3.4999999999999734,0.0128394339205249,5.0,0.0,0.0128394339205249
951,3.549999999999973,0.0119653032730625,5.0,0.0,0.0119653032730625
952,3.599999999999973,0.0112338341597609,5.0,0.0,0.0112338341597609
953,3.649999999999973,0.0108036340278553,5.0,0.0,0.0108036340278553
954,3.6999999999999726,0.0103734338959502,5.0,0.0,0.0103734338959502
955,3.749999999999973,0.0099432337640445,5.0,0.0,0.0099432337640445
956,3.799999999999972,0.0095130336321393,5.0,0.0,0.0095130336321393
957,3.849999999999972,0.0090828335002341,5.0,0.0,0.0090828335002341
958,3.899999999999972,0.0086526333683286,5.0,0.0,0.0086526333683286
959,3.949999999999972,0.008222433236423,5.0,0.0,0.008222433236423
960,-4.0,0.0,6.0,0.0,0.0
961,-3.95,0.0107610983478069,6.0,0.0,0.0107610983478069
962,-3.9,0.0215221966956144,6.0,0.0,0.0215221966956144
963,-3.850000000000001,0.0322832950434209,6.0,0.0,0.0322832950434209
964,-3.8000000000000007,0.043044393391229,6.0,0.0,0.043044393391229
965,-3.750000000000001,0.0538054917390343,6.0,0.0,0.0538054917390343
966,-3.700000000000001,0.064566590086842,6.0,0.0,0.064566590086842
967,-3.650000000000001,0.0753276884346487,6.0,0.0,0.0753276884346487
968,-3.6000000000000014,0.0860887867824586,6.0,0.0,0.0860887867824586
969,-3.5500000000000016,0.0968498851302635,6.0,0.0,0.0968498851302635
970,-3.5000000000000018,0.1076109834780724,6.0,0.0,0.1076109834780724
971,-3.450000000000002,0.1183720818258783,6.0,0.0,0.1183720818258783
972,-3.400000000000002,0.1291331801736843,6.0,0.0,0.1291331801736843
973,-3.3500000000000023,0.1398942785214933,6.0,0.0,0.1398942785214933
974,-3.3000000000000025,0.150655376869301,6.0,0.0,0.150655376869301
975,-3.2500000000000027,0.1614164752171064,6.0,0.0,0.1614164752171064
976,-3.200000000000003,0.1721775735649139,6.0,0.0,0.1721775735649139
977,-3.150000000000003,0.1829386719127214,6.0,0.0,0.1829386719127214
978,-3.100000000000003,0.1936997702605269,6.0,0.0,0.1936997702605269
979,-3.050000000000004,0.2044608686083368,6.0,0.0,0.2044608686083368
980,-3.000000000000004,0.2152219669561443,6.0,0.0,0.2152219669561443
981,-2.950000000000004,0.2259830653039498,6.0,0.0,0.2259830653039498
982,-2.900000000000004,0.2367441636517571,6.0,0.0,0.2367441636517571
983,-2.850000000000004,0.2475052619995639,6.0,0.0,0.2475052619995639
984,-2.8000000000000043,0.2582663603473713,6.0,0.0,0.2582663603473713
985,-2.7500000000000044,0.2690274586951797,6.0,0.0,0.2690274586951797
986,-2.7000000000000046,0.2797885570429864,6.0,0.0,0.2797885570429864
987,-2.650000000000005,0.2905496553907938,6.0,0.0,0.2905496553907938
988,-2.600000000000005,0.3013107537386017,6.0,0.0,0.3013107537386017
989,-2.550000000000005,0.3120718520864084,6.0,0.0,0.3120718520864084
990,-2.5000000000000053,0.3228329504342151,6.0,0.0,0.3228329504342151
991,-2.450000000000005,0.3335940487820223,6.0,0.0,0.3335940487820223
992,-2.4000000000000057,0.3443551471298302,6.0,0.0,0.3443551471298302
993,-2.350000000000006,0.3551162454776362,6.0,0.0,0.3551162454776362
994,-2.300000000000006,0.365877343825444,6.0,0.0,0.365877343825444
995,-2.250000000000006,0.376638442173252,6.0,0.0,0.376638442173252
996,-2.2000000000000064,0.3873995405210582,6.0,0.0,0.3873995405210582
997,-2.1500000000000066,0.398160638868866,6.0,0.0,0.398160638868866
998,-2.1000000000000068,0.4089217372166729,6.0,0.0,0.4089217372166729
999,-2.050000000000007,0.4196828355644804,6.0,0.0,0.4196828355644804
1000,-2.000000000000007,0.4304439339122867,6.0,0.0,0.4304439339122867
1001,-1.9500000000000075,0.4412050322600943,6.0,0.0,0.4412050322600943
1002,-1.9000000000000077,0.4530773733434333,6.0,0.0,0.4530773733434333
1003,-1.850000000000008,0.4683278085255423,6.0,0.0,0.4683278085255423
1004,-1.8000000000000078,0.4835782437076531,6.0,0.0,0.4835782437076531
1005,-1.750000000000008,0.4988286788897626,6.0,0.0,0.4988286788897626
1006,-1.7000000000000082,0.5132477089121893,6.0,0.0,0.5132477089121893
1007,-1.6500000000000083,0.5272333505516547,6.0,0.0,0.5272333505516547
1008,-1.6000000000000083,0.5412189921911191,6.0,0.0,0.5412189921911191
1009,-1.5500000000000087,0.5552046338305834,6.0,0.0,0.5552046338305834
1010,-1.5000000000000089,0.5691902754700483,6.0,0.0,0.5691902754700483
1011,-1.450000000000009,0.5831759171095118,6.0,0.0,0.5831759171095118
1012,-1.4000000000000092,0.5971615587489766,6.0,0.0,0.5971615587489766
1013,-1.3500000000000094,0.6111472003884405,6.0,0.0,0.6111472003884405
1014,-1.3000000000000096,0.6251328420279054,6.0,0.0,0.6251328420279054
1015,-1.2500000000000098,0.644446706130928,6.0,0.0,0.644446706130928
1016,-1.20000000000001,0.6635472035263101,6.0,0.0,0.6635472035263101
1017,-1.15000000000001,0.6741396776328172,6.0,0.0,0.6741396776328172
1018,-1.1000000000000103,0.6847321517393233,6.0,0.0,0.6847321517393233
1019,-1.0500000000000105,0.69532462584583,6.0,0.0,0.69532462584583
1020,-1.0000000000000109,0.7050035111940509,6.0,0.0,0.7050035111940509
1021,-0.9500000000000108,0.7143476754413014,6.0,0.0,0.7143476754413014
1022,-0.900000000000011,0.72310230164419,6.0,0.0,0.72310230164419
1023,-0.8500000000000112,0.7086616556125239,6.0,0.0,0.7086616556125239
1024,-0.8000000000000114,0.7102795416276262,6.0,0.0,0.7102795416276262
1025,-0.7500000000000115,0.7129097624656725,6.0,0.0,0.7129097624656725
1026,-0.7000000000000117,0.716455374344131,6.0,0.0,0.716455374344131
1027,-0.6500000000000119,0.7172892979575806,6.0,0.0,0.7172892979575806
1028,-0.6000000000000121,0.7199314708831701,6.0,0.0,0.7199314708831701
1029,-0.5500000000000123,0.7172991211451691,6.0,0.0,0.7172991211451691
1030,-0.5000000000000124,0.7143583512748081,6.0,0.0,0.7143583512748081
1031,-0.4500000000000126,0.7112513101860912,6.0,0.0,0.7112513101860912
1032,-0.4000000000000128,0.7081477052879049,6.0,0.0,0.7081477052879049
1033,-0.3500000000000129,0.7050441003897184,6.0,0.0,0.7050441003897184
1034,-0.3000000000000131,0.7018331242362773,6.0,0.0,0.7018331242362773
1035,-0.2500000000000133,0.6880569991436069,6.0,0.0,0.6880569991436069
1036,-0.2000000000000135,0.6677165888111254,6.0,0.0,0.6677165888111254
1037,-0.1500000000000136,0.6473761784786436,6.0,0.0,0.6473761784786436
1038,-0.1000000000000138,0.6305711666021933,6.0,0.0,0.6305711666021933
1039,-0.050000000000014,0.6154068066494058,6.0,0.0,0.6154068066494058
1040,-1.4210854715202004e-14,0.5967196720092723,6.0,0.0,0.5967196720092723
1041,0.0499999999999856,0.5881640638368962,6.0,0.0,0.5881640638368962
1042,0.0999999999999854,0.5847842100094441,6.0,0.0,0.5847842100094441
1043,0.1499999999999852,0.6062151194791894,6.0,0.0,0.6062151194791894
1044,0.199999999999985,0.6352842860673606,6.0,0.0,0.6352842860673606
1045,0.2499999999999849,0.664672575180603,6.0,0.0,0.664672575180603
1046,0.2999999999999847,0.6984949278917841,6.0,0.0,0.6984949278917841
1047,0.3499999999999845,0.7464806341563079,6.0,0.0,0.7464806341563079
1048,0.3999999999999843,0.808769462740489,6.0,0.0,0.808769462740489
1049,0.4499999999999842,0.8405165413670183,6.0,0.0,0.8405165413670183
1050,0.499999999999984,0.8669362947162734,6.0,0.0,0.8669362947162734
1051,0.5499999999999838,0.8894655836351844,6.0,0.0,0.8894655836351844
1052,0.5999999999999837,0.9112277460910486,6.0,0.0,0.9112277460910486
1053,0.6499999999999835,0.9252780335052584,6.0,0.0,0.9252780335052584
1054,0.6999999999999833,0.9385355211907368,6.0,0.0,0.9385355211907368
1055,0.7499999999999831,0.953819123660572,6.0,0.0,0.953819123660572
1056,0.799999999999983,0.972301075620494,6.0,0.0,0.972301075620494
1057,0.8499999999999828,0.98941639349782,6.0,0.0,0.98941639349782
1058,0.8999999999999826,0.9974622486582444,6.0,0.0,0.9974622486582444
1059,0.9499999999999824,0.9987913849100808,6.0,0.0,0.9987913849100808
1060,0.9999999999999822,0.9990909054650012,6.0,0.0,0.9990909054650012
1061,1.049999999999982,0.9993904260199216,6.0,0.0,0.9993904260199216
1062,1.099999999999982,0.999689946574842,6.0,0.0,0.999689946574842
1063,1.1499999999999817,1.0,6.0,0.0,1.0
1064,1.1999999999999815,0.9985877015902228,6.0,0.0,0.9985877015902228
1065,1.2499999999999811,0.9969874037830292,6.0,0.0,0.9969874037830292
1066,1.2999999999999812,0.9950690616333157,6.0,0.0,0.9950690616333157
1067,1.349999999999981,0.9931507194836018,6.0,0.0,0.9931507194836018
1068,1.3999999999999808,0.991232377333888,6.0,0.0,0.991232377333888
1069,1.4499999999999806,0.9893140351841744,6.0,0.0,0.9893140351841744
1070,1.4999999999999805,0.987395693034461,6.0,0.0,0.987395693034461
1071,1.5499999999999805,0.9853941359319184,6.0,0.0,0.9853941359319184
1072,1.59999999999998,0.98180346158593,6.0,0.0,0.98180346158593
1073,1.64999999999998,0.9754892654333184,6.0,0.0,0.9754892654333184
1074,1.6999999999999795,0.9676071619613906,6.0,0.0,0.9676071619613906
1075,1.7499999999999796,0.9596919323491152,6.0,0.0,0.9596919323491152
1076,1.7999999999999794,0.9522069340532568,6.0,0.0,0.9522069340532568
1077,1.8499999999999792,0.9439343585966588,6.0,0.0,0.9439343585966588
1078,1.899999999999979,0.9355229150780672,6.0,0.0,0.9355229150780672
1079,1.9499999999999789,0.9271114715594754,6.0,0.0,0.9271114715594754
1080,1.999999999999979,0.9187000280408836,6.0,0.0,0.9187000280408836
1081,2.0499999999999785,0.9102885845222918,6.0,0.0,0.9102885845222918
1082,2.0999999999999783,0.903402405164848,6.0,0.0,0.903402405164848
1083,2.149999999999978,0.896555550865333,6.0,0.0,0.896555550865333
1084,2.199999999999978,0.8897086965658195,6.0,0.0,0.8897086965658195
1085,2.249999999999978,0.8828618422663063,6.0,0.0,0.8828618422663063
1086,2.2999999999999776,0.8762534517898144,6.0,0.0,0.8762534517898144
1087,2.349999999999977,0.8696642613857652,6.0,0.0,0.8696642613857652
1088,2.3999999999999773,0.8634893433953497,6.0,0.0,0.8634893433953497
1089,2.449999999999977,0.8577896119839561,6.0,0.0,0.8577896119839561
1090,2.499999999999977,0.8520898805725625,6.0,0.0,0.8520898805725625
1091,2.5499999999999767,0.8463901491611682,6.0,0.0,0.8463901491611682
1092,2.599999999999977,0.8406904177497748,6.0,0.0,0.8406904177497748
1093,2.6499999999999764,0.8349906863383811,6.0,0.0,0.8349906863383811
1094,2.699999999999976,0.8292909549269878,6.0,0.0,0.8292909549269878
1095,2.749999999999976,0.8235526029681811,6.0,0.0,0.8235526029681811
1096,2.799999999999976,0.8177835098108052,6.0,0.0,0.8177835098108052
1097,2.849999999999976,0.81201441665343,6.0,0.0,0.81201441665343
1098,2.8999999999999755,0.8062453234960537,6.0,0.0,0.8062453234960537
1099,2.9499999999999758,0.8004762303386777,6.0,0.0,0.8004762303386777
1100,2.999999999999975,0.7945080490770372,6.0,0.0,0.7945080490770372
1101,3.049999999999975,0.7883569323012873,6.0,0.0,0.7883569323012873
1102,3.0999999999999748,0.7822058155255368,6.0,0.0,0.7822058155255368
1103,3.1499999999999746,0.7760546987497865,6.0,0.0,0.7760546987497865
1104,3.1999999999999744,0.7699035819740357,6.0,0.0,0.7699035819740357
1105,3.2499999999999742,0.7637524651982857,6.0,0.0,0.7637524651982857
1106,3.299999999999974,0.7576013484225355,6.0,0.0,0.7576013484225355
1107,3.349999999999974,0.7514502316467846,6.0,0.0,0.7514502316467846
1108,3.3999999999999737,0.7452991148710344,6.0,0.0,0.7452991148710344
1109,3.449999999999973,0.7391479980952834,6.0,0.0,0.7391479980952834
1110,3.4999999999999734,0.7334497289284516,6.0,0.0,0.7334497289284516
1111,3.549999999999973,0.7299555146374199,6.0,0.0,0.7299555146374199
1112,3.599999999999973,0.726793933222992,6.0,0.0,0.726793933222992
1113,3.649999999999973,0.7260470523773433,6.0,0.0,0.7260470523773433
1114,3.6999999999999726,0.7253001715316936,6.0,0.0,0.7253001715316936
1115,3.749999999999973,0.7245532906860435,6.0,0.0,0.7245532906860435
1116,3.799999999999972,0.723806409840394,6.0,0.0,0.723806409840394
1117,3.849999999999972,0.7230595289947447,6.0,0.0,0.7230595289947447
1118,3.899999999999972,0.7223126481490952,6.0,0.0,0.7223126481490952
1119,3.949999999999972,0.721565767303445,6.0,0.0,0.721565767303445
1120,-4.0,0.4427373289465216,7.0,0.0,0.4427373289465216
1121,-3.95,0.4489015621882523,7.0,0.0,0.4489015621882523
1122,-3.9,0.4550657954299827,7.0,0.0,0.4550657954299827
1123,-3.850000000000001,0.4612300286717131,7.0,0.0,0.4612300286717131
1124,-3.8000000000000007,0.4673942619134433,7.0,0.0,0.4673942619134433
1125,-3.750000000000001,0.4735584951551737,7.0,0.0,0.4735584951551737
1126,-3.700000000000001,0.4797227283969041,7.0,0.0,0.4797227283969041
1127,-3.650000000000001,0.4858869616386347,7.0,0.0,0.4858869616386347
1128,-3.6000000000000014,0.4920511948803655,7.0,0.0,0.4920511948803655
1129,-3.5500000000000016,0.4982154281220953,7.0,0.0,0.4982154281220953
1130,-3.5000000000000018,0.5043796613638258,7.0,0.0,0.5043796613638258
1131,-3.450000000000002,0.5105438946055565,7.0,0.0,0.5105438946055565
1132,-3.400000000000002,0.5165825214044788,7.0,0.0,0.5165825214044788
1133,-3.3500000000000023,0.5219842173455961,7.0,0.0,0.5219842173455961
1134,-3.3000000000000025,0.5247840645387414,7.0,0.0,0.5247840645387414
1135,-3.2500000000000027,0.5274715054602312,7.0,0.0,0.5274715054602312
1136,-3.200000000000003,0.530158946381721,7.0,0.0,0.530158946381721
1137,-3.150000000000003,0.5328463873032105,7.0,0.0,0.5328463873032105
1138,-3.100000000000003,0.5354231839107383,7.0,0.0,0.5354231839107383
1139,-3.050000000000004,0.5386394739147942,7.0,0.0,0.5386394739147942
1140,-3.000000000000004,0.5422183030786312,7.0,0.0,0.5422183030786312
1141,-2.950000000000004,0.5457971322424675,7.0,0.0,0.5457971322424675
1142,-2.900000000000004,0.5493759614063044,7.0,0.0,0.5493759614063044
1143,-2.850000000000004,0.552954790570141,7.0,0.0,0.552954790570141
1144,-2.8000000000000043,0.5565336197339773,7.0,0.0,0.5565336197339773
1145,-2.7500000000000044,0.560112448897814,7.0,0.0,0.560112448897814
1146,-2.7000000000000046,0.5636912780616506,7.0,0.0,0.5636912780616506
1147,-2.650000000000005,0.5672701072254871,7.0,0.0,0.5672701072254871
1148,-2.600000000000005,0.5708489363893231,7.0,0.0,0.5708489363893231
1149,-2.550000000000005,0.5746015232101552,7.0,0.0,0.5746015232101552
1150,-2.5000000000000053,0.579239466955671,7.0,0.0,0.579239466955671
1151,-2.450000000000005,0.5835680606886459,7.0,0.0,0.5835680606886459
1152,-2.4000000000000057,0.5901166812253105,7.0,0.0,0.5901166812253105
1153,-2.350000000000006,0.5971743562954605,7.0,0.0,0.5971743562954605
1154,-2.300000000000006,0.6031491186995689,7.0,0.0,0.6031491186995689
1155,-2.250000000000006,0.6090967067421179,7.0,0.0,0.6090967067421179
1156,-2.2000000000000064,0.6150442947846675,7.0,0.0,0.6150442947846675
1157,-2.1500000000000066,0.6209918828272168,7.0,0.0,0.6209918828272168
1158,-2.1000000000000068,0.6269394708697662,7.0,0.0,0.6269394708697662
1159,-2.050000000000007,0.6328870589123157,7.0,0.0,0.6328870589123157
1160,-2.000000000000007,0.6388346469548652,7.0,0.0,0.6388346469548652
1161,-1.9500000000000075,0.6447822349974146,7.0,0.0,0.6447822349974146
1162,-1.9000000000000077,0.6501856364928899,7.0,0.0,0.6501856364928899
1163,-1.850000000000008,0.6566128137341366,7.0,0.0,0.6566128137341366
1164,-1.8000000000000078,0.666455257001177,7.0,0.0,0.666455257001177
1165,-1.750000000000008,0.6742833797153688,7.0,0.0,0.6742833797153688
1166,-1.7000000000000082,0.6821115024295605,7.0,0.0,0.6821115024295605
1167,-1.6500000000000083,0.6899396251437525,7.0,0.0,0.6899396251437525
1168,-1.6000000000000083,0.697767747857944,7.0,0.0,0.697767747857944
1169,-1.5500000000000087,0.7055791082851133,7.0,0.0,0.7055791082851133
1170,-1.5000000000000089,0.7105041072128221,7.0,0.0,0.7105041072128221
1171,-1.450000000000009,0.7149820885179425,7.0,0.0,0.7149820885179425
1172,-1.4000000000000092,0.7194600698230632,7.0,0.0,0.7194600698230632
1173,-1.3500000000000094,0.7239380511281835,7.0,0.0,0.7239380511281835
1174,-1.3000000000000096,0.7284160324333038,7.0,0.0,0.7284160324333038
1175,-1.2500000000000098,0.7355600923271256,7.0,0.0,0.7355600923271256
1176,-1.20000000000001,0.7406309201576609,7.0,0.0,0.7406309201576609
1177,-1.15000000000001,0.7457047251836167,7.0,0.0,0.7457047251836167
1178,-1.1000000000000103,0.7507785302095723,7.0,0.0,0.7507785302095723
1179,-1.0500000000000105,0.751000624518502,7.0,0.0,0.751000624518502
1180,-1.0000000000000109,0.747690806741466,7.0,0.0,0.747690806741466
1181,-0.9500000000000108,0.7443809889644301,7.0,0.0,0.7443809889644301
1182,-0.900000000000011,0.7410711711873942,7.0,0.0,0.7410711711873942
1183,-0.8500000000000112,0.7381175742618491,7.0,0.0,0.7381175742618491
1184,-0.8000000000000114,0.7341164428019855,7.0,0.0,0.7341164428019855
1185,-0.7500000000000115,0.7300279131391137,7.0,0.0,0.7300279131391137
1186,-0.7000000000000117,0.7301554700911804,7.0,0.0,0.7301554700911804
1187,-0.6500000000000119,0.7351249384180661,7.0,0.0,0.7351249384180661
1188,-0.6000000000000121,0.7416689737972617,7.0,0.0,0.7416689737972617
1189,-0.5500000000000123,0.7482130091764575,7.0,0.0,0.7482130091764575
1190,-0.5000000000000124,0.754980090351433,7.0,0.0,0.754980090351433
1191,-0.4500000000000126,0.7669813391654601,7.0,0.0,0.7669813391654601
1192,-0.4000000000000128,0.7790445796934432,7.0,0.0,0.7790445796934432
1193,-0.3500000000000129,0.7913323463578964,7.0,0.0,0.7913323463578964
1194,-0.3000000000000131,0.8034455099294631,7.0,0.0,0.8034455099294631
1195,-0.2500000000000133,0.8142412595197862,7.0,0.0,0.8142412595197862
1196,-0.2000000000000135,0.8214765379967042,7.0,0.0,0.8214765379967042
1197,-0.1500000000000136,0.830420123149448,7.0,0.0,0.830420123149448
1198,-0.1000000000000138,0.8398850571417921,7.0,0.0,0.8398850571417921
1199,-0.050000000000014,0.8519004380088465,7.0,0.0,0.8519004380088465
1200,-1.4210854715202004e-14,0.8622063208445895,7.0,0.0,0.8622063208445895
1201,0.0499999999999856,0.872012895686917,7.0,0.0,0.872012895686917
1202,0.0999999999999854,0.8818194705292439,7.0,0.0,0.8818194705292439
1203,0.1499999999999852,0.8922554071209473,7.0,0.0,0.8922554071209473
1204,0.199999999999985,0.9032342849205646,7.0,0.0,0.9032342849205646
1205,0.2499999999999849,0.9157935788655616,7.0,0.0,0.9157935788655616
1206,0.2999999999999847,0.9279939736434508,7.0,0.0,0.9279939736434508
1207,0.3499999999999845,0.9394416180674288,7.0,0.0,0.9394416180674288
1208,0.3999999999999843,0.9490783938064944,7.0,0.0,0.9490783938064944
1209,0.4499999999999842,0.9587503385144344,7.0,0.0,0.9587503385144344
1210,0.499999999999984,0.9681615626278526,7.0,0.0,0.9681615626278526
1211,0.5499999999999838,0.9765619791448786,7.0,0.0,0.9765619791448786
1212,0.5999999999999837,0.9868248222835758,7.0,0.0,0.9868248222835758
1213,0.6499999999999835,0.994832100540807,7.0,0.0,0.994832100540807
1214,0.6999999999999833,0.9999999999999988,7.0,0.0,0.9999999999999988
1215,0.7499999999999831,0.9976345037431742,7.0,0.0,0.9976345037431742
1216,0.799999999999983,0.9926749200996215,7.0,0.0,0.9926749200996215
1217,0.8499999999999828,0.9860295489274706,7.0,0.0,0.9860295489274706
1218,0.8999999999999826,0.9778701579763108,7.0,0.0,0.9778701579763108
1219,0.9499999999999824,0.9673091282281864,7.0,0.0,0.9673091282281864
1220,0.9999999999999822,0.9561251113339444,7.0,0.0,0.9561251113339444
1221,1.049999999999982,0.9413379732980252,7.0,0.0,0.9413379732980252
1222,1.099999999999982,0.925136217534988,7.0,0.0,0.925136217534988
1223,1.1499999999999817,0.9114744832885108,7.0,0.0,0.9114744832885108
1224,1.1999999999999815,0.8983157442846372,7.0,0.0,0.8983157442846372
1225,1.2499999999999811,0.8861673867425571,7.0,0.0,0.8861673867425571
1226,1.2999999999999812,0.8745445030366721,7.0,0.0,0.8745445030366721
1227,1.349999999999981,0.8629216193307869,7.0,0.0,0.8629216193307869
1228,1.3999999999999808,0.8513620509541449,7.0,0.0,0.8513620509541449
1229,1.4499999999999806,0.8395508897648283,7.0,0.0,0.8395508897648283
1230,1.4999999999999805,0.8250926784618757,7.0,0.0,0.8250926784618757
1231,1.5499999999999805,0.8106344671589237,7.0,0.0,0.8106344671589237
1232,1.59999999999998,0.7961831231767675,7.0,0.0,0.7961831231767675
1233,1.64999999999998,0.7817604098621249,7.0,0.0,0.7817604098621249
1234,1.6999999999999795,0.7673376965474824,7.0,0.0,0.7673376965474824
1235,1.7499999999999796,0.7529149832328403,7.0,0.0,0.7529149832328403
1236,1.7999999999999794,0.7391131410377533,7.0,0.0,0.7391131410377533
1237,1.8499999999999792,0.7259026107972292,7.0,0.0,0.7259026107972292
1238,1.899999999999979,0.7126696341918914,7.0,0.0,0.7126696341918914
1239,1.9499999999999789,0.6993847652112188,7.0,0.0,0.6993847652112188
1240,1.999999999999979,0.6846283694876105,7.0,0.0,0.6846283694876105
1241,2.0499999999999785,0.6686401310740909,7.0,0.0,0.6686401310740909
1242,2.0999999999999783,0.652651892660571,7.0,0.0,0.652651892660571
1243,2.149999999999978,0.6358550571046354,7.0,0.0,0.6358550571046354
1244,2.199999999999978,0.617055207995342,7.0,0.0,0.617055207995342
1245,2.249999999999978,0.5982553588860481,7.0,0.0,0.5982553588860481
1246,2.2999999999999776,0.5794555097767545,7.0,0.0,0.5794555097767545
1247,2.349999999999977,0.5606556606674609,7.0,0.0,0.5606556606674609
1248,2.3999999999999773,0.5418558115581673,7.0,0.0,0.5418558115581673
1249,2.449999999999977,0.5249059442348957,7.0,0.0,0.5249059442348957
1250,2.499999999999977,0.5078056196534131,7.0,0.0,0.5078056196534131
1251,2.5499999999999767,0.490705295071931,7.0,0.0,0.490705295071931
1252,2.599999999999977,0.4736049704904487,7.0,0.0,0.4736049704904487
1253,2.6499999999999764,0.4564714775397367,7.0,0.0,0.4564714775397367
1254,2.699999999999976,0.439277450740648,7.0,0.0,0.439277450740648
1255,2.749999999999976,0.4218900221539585,7.0,0.0,0.4218900221539585
1256,2.799999999999976,0.4045025935672685,7.0,0.0,0.4045025935672685
1257,2.849999999999976,0.3871151649805788,7.0,0.0,0.3871151649805788
1258,2.8999999999999755,0.3697277363938882,7.0,0.0,0.3697277363938882
1259,2.9499999999999758,0.3523992735967399,7.0,0.0,0.3523992735967399
1260,2.999999999999975,0.3352429573054827,7.0,0.0,0.3352429573054827
1261,3.049999999999975,0.3180866410142258,7.0,0.0,0.3180866410142258
1262,3.0999999999999748,0.3009303247229694,7.0,0.0,0.3009303247229694
1263,3.1499999999999746,0.2837740084317124,7.0,0.0,0.2837740084317124
1264,3.1999999999999744,0.2666176921404553,7.0,0.0,0.2666176921404553
1265,3.2499999999999742,0.2494613758491986,7.0,0.0,0.2494613758491986
1266,3.299999999999974,0.2323050595579419,7.0,0.0,0.2323050595579419
1267,3.349999999999974,0.2151487432666853,7.0,0.0,0.2151487432666853
1268,3.3999999999999737,0.1978865283151031,7.0,0.0,0.1978865283151031
1269,3.449999999999973,0.1803233530145301,7.0,0.0,0.1803233530145301
1270,3.4999999999999734,0.1627601777139575,7.0,0.0,0.1627601777139575
1271,3.549999999999973,0.1451970024133851,7.0,0.0,0.1451970024133851
1272,3.599999999999973,0.1276338271128126,7.0,0.0,0.1276338271128126
1273,3.649999999999973,0.1094512754506325,7.0,0.0,0.1094512754506325
1274,3.6999999999999726,0.0912093962088604,7.0,0.0,0.0912093962088604
1275,3.749999999999973,0.0729675169670887,7.0,0.0,0.0729675169670887
1276,3.799999999999972,0.054725637725316,7.0,0.0,0.054725637725316
1277,3.849999999999972,0.0364837584835442,7.0,0.0,0.0364837584835442
1278,3.899999999999972,0.0182418792417718,7.0,0.0,0.0182418792417718
1279,3.949999999999972,0.0,7.0,0.0,0.0
1280,-4.0,0.0012447960292912,8.0,0.0,0.0012447960292912
1281,-3.95,0.0015554529744376,8.0,0.0,0.0015554529744376
1282,-3.9,0.0018661099195838,8.0,0.0,0.0018661099195838
1283,-3.850000000000001,0.0021767668647296,8.0,0.0,0.0021767668647296
1284,-3.8000000000000007,0.0024874238098761,8.0,0.0,0.0024874238098761
1285,-3.750000000000001,0.0027980807550221,8.0,0.0,0.0027980807550221
1286,-3.700000000000001,0.0031087377001682,8.0,0.0,0.0031087377001682
1287,-3.650000000000001,0.0034193946453146,8.0,0.0,0.0034193946453146
1288,-3.6000000000000014,0.0037300515904604,8.0,0.0,0.0037300515904604
1289,-3.5500000000000016,0.0040407085356066,8.0,0.0,0.0040407085356066
1290,-3.5000000000000018,0.004351365480753,8.0,0.0,0.004351365480753
1291,-3.450000000000002,0.0046620224258991,8.0,0.0,0.0046620224258991
1292,-3.400000000000002,0.0049726793710451,8.0,0.0,0.0049726793710451
1293,-3.3500000000000023,0.0052833363161915,8.0,0.0,0.0052833363161915
1294,-3.3000000000000025,0.0055939932613377,8.0,0.0,0.0055939932613377
1295,-3.2500000000000027,0.0059046502064838,8.0,0.0,0.0059046502064838
1296,-3.200000000000003,0.0062153071516299,8.0,0.0,0.0062153071516299
1297,-3.150000000000003,0.0065259640967762,8.0,0.0,0.0065259640967762
1298,-3.100000000000003,0.0068366210419223,8.0,0.0,0.0068366210419223
1299,-3.050000000000004,0.007335117544799,8.0,0.0,0.007335117544799
1300,-3.000000000000004,0.0080181298195548,8.0,0.0,0.0080181298195548
1301,-2.950000000000004,0.0087011420943107,8.0,0.0,0.0087011420943107
1302,-2.900000000000004,0.0093841543690665,8.0,0.0,0.0093841543690665
1303,-2.850000000000004,0.0100671666438222,8.0,0.0,0.0100671666438222
1304,-2.8000000000000043,0.0107501789185779,8.0,0.0,0.0107501789185779
1305,-2.7500000000000044,0.0114331911933337,8.0,0.0,0.0114331911933337
1306,-2.7000000000000046,0.0121162034680896,8.0,0.0,0.0121162034680896
1307,-2.650000000000005,0.0127956375277835,8.0,0.0,0.0127956375277835
1308,-2.600000000000005,0.0134536904858977,8.0,0.0,0.0134536904858977
1309,-2.550000000000005,0.0141117434440119,8.0,0.0,0.0141117434440119
1310,-2.5000000000000053,0.0147697964021259,8.0,0.0,0.0147697964021259
1311,-2.450000000000005,0.015292220609351,8.0,0.0,0.015292220609351
1312,-2.4000000000000057,0.0155722350321142,8.0,0.0,0.0155722350321142
1313,-2.350000000000006,0.0158522494548773,8.0,0.0,0.0158522494548773
1314,-2.300000000000006,0.0161322638776405,8.0,0.0,0.0161322638776405
1315,-2.250000000000006,0.0164122783004037,8.0,0.0,0.0164122783004037
1316,-2.2000000000000064,0.0166922927231668,8.0,0.0,0.0166922927231668
1317,-2.1500000000000066,0.01697230714593,8.0,0.0,0.01697230714593
1318,-2.1000000000000068,0.0172556520695517,8.0,0.0,0.0172556520695517
1319,-2.050000000000007,0.0175453145576042,8.0,0.0,0.0175453145576042
1320,-2.000000000000007,0.0178349770456567,8.0,0.0,0.0178349770456567
1321,-1.9500000000000075,0.018124639533709,8.0,0.0,0.018124639533709
1322,-1.9000000000000077,0.017695900625847,8.0,0.0,0.017695900625847
1323,-1.850000000000008,0.016995043986037,8.0,0.0,0.016995043986037
1324,-1.8000000000000078,0.0162097322879904,8.0,0.0,0.0162097322879904
1325,-1.750000000000008,0.015335549584048,8.0,0.0,0.015335549584048
1326,-1.7000000000000082,0.0144613668801055,8.0,0.0,0.0144613668801055
1327,-1.6500000000000083,0.0133414673432744,8.0,0.0,0.0133414673432744
1328,-1.6000000000000083,0.0116366604109171,8.0,0.0,0.0116366604109171
1329,-1.5500000000000087,0.0092420665189189,8.0,0.0,0.0092420665189189
1330,-1.5000000000000089,0.0066136899698738,8.0,0.0,0.0066136899698738
1331,-1.450000000000009,0.0050133355432917,8.0,0.0,0.0050133355432917
1332,-1.4000000000000092,0.0034683421128498,8.0,0.0,0.0034683421128498
1333,-1.3500000000000094,0.0019162253933461,8.0,0.0,0.0019162253933461
1334,-1.3000000000000096,0.0,8.0,0.0,0.0
1335,-1.2500000000000098,0.000194530117737,8.0,0.0,0.000194530117737
1336,-1.20000000000001,0.0011404419834212,8.0,0.0,0.0011404419834212
1337,-1.15000000000001,0.0024058938908478,8.0,0.0,0.0024058938908478
1338,-1.1000000000000103,0.0046386936782978,8.0,0.0,0.0046386936782978
1339,-1.0500000000000105,0.0070310513157826,8.0,0.0,0.0070310513157826
1340,-1.0000000000000109,0.0090957692348926,8.0,0.0,0.0090957692348926
1341,-0.9500000000000108,0.0111234214936311,8.0,0.0,0.0111234214936311
1342,-0.900000000000011,0.0129973527332338,8.0,0.0,0.0129973527332338
1343,-0.8500000000000112,0.0138140420935034,8.0,0.0,0.0138140420935034
1344,-0.8000000000000114,0.0142773003789515,8.0,0.0,0.0142773003789515
1345,-0.7500000000000115,0.0155322153201607,8.0,0.0,0.0155322153201607
1346,-0.7000000000000117,0.01678713026137,8.0,0.0,0.01678713026137
1347,-0.6500000000000119,0.0179262755063293,8.0,0.0,0.0179262755063293
1348,-0.6000000000000121,0.0187605474925683,8.0,0.0,0.0187605474925683
1349,-0.5500000000000123,0.0185637208702374,8.0,0.0,0.0185637208702374
1350,-0.5000000000000124,0.0181173168159939,8.0,0.0,0.0181173168159939
1351,-0.4500000000000126,0.0176818738421675,8.0,0.0,0.0176818738421675
1352,-0.4000000000000128,0.0172677024750276,8.0,0.0,0.0172677024750276
1353,-0.3500000000000129,0.0168754788149069,8.0,0.0,0.0168754788149069
1354,-0.3000000000000131,0.0167191262103279,8.0,0.0,0.0167191262103279
1355,-0.2500000000000133,0.0169585994801653,8.0,0.0,0.0169585994801653
1356,-0.2000000000000135,0.017194907382826,8.0,0.0,0.017194907382826
1357,-0.1500000000000136,0.0177612119885536,8.0,0.0,0.0177612119885536
1358,-0.1000000000000138,0.0179702366185597,8.0,0.0,0.0179702366185597
1359,-0.050000000000014,0.0176613495421905,8.0,0.0,0.0176613495421905
1360,-1.4210854715202004e-14,0.0178389715127839,8.0,0.0,0.0178389715127839
1361,0.0499999999999856,0.0181526433552903,8.0,0.0,0.0181526433552903
1362,0.0999999999999854,0.0183019624112912,8.0,0.0,0.0183019624112912
1363,0.1499999999999852,0.0180984298812291,8.0,0.0,0.0180984298812291
1364,0.199999999999985,0.017790185030717,8.0,0.0,0.017790185030717
1365,0.2499999999999849,0.0175418968901281,8.0,0.0,0.0175418968901281
1366,0.2999999999999847,0.0172936087495392,8.0,0.0,0.0172936087495392
1367,0.3499999999999845,0.0170459949280175,8.0,0.0,0.0170459949280175
1368,0.3999999999999843,0.0166592332240627,8.0,0.0,0.0166592332240627
1369,0.4499999999999842,0.016141783430216,8.0,0.0,0.016141783430216
1370,0.499999999999984,0.0162395231343378,8.0,0.0,0.0162395231343378
1371,0.5499999999999838,0.0166597076177232,8.0,0.0,0.0166597076177232
1372,0.5999999999999837,0.0174749297734308,8.0,0.0,0.0174749297734308
1373,0.6499999999999835,0.0184123753956926,8.0,0.0,0.0184123753956926
1374,0.6999999999999833,0.0193847850759352,8.0,0.0,0.0193847850759352
1375,0.7499999999999831,0.0359475810659463,8.0,0.0,0.0359475810659463
1376,0.799999999999983,0.1291666456557506,8.0,0.0,0.1291666456557506
1377,0.8499999999999828,0.2223857102455508,8.0,0.0,0.2223857102455508
1378,0.8999999999999826,0.2818955467887989,8.0,0.0,0.2818955467887989
1379,0.9499999999999824,0.3359746167296165,8.0,0.0,0.3359746167296165
1380,0.9999999999999822,0.3316194805296179,8.0,0.0,0.3316194805296179
1381,1.049999999999982,0.317553822774652,8.0,0.0,0.317553822774652
1382,1.099999999999982,0.3026530395943986,8.0,0.0,0.3026530395943986
1383,1.1499999999999817,0.2892880862400016,8.0,0.0,0.2892880862400016
1384,1.1999999999999815,0.3645059628744608,8.0,0.0,0.3645059628744608
1385,1.2499999999999811,0.4183536633462834,8.0,0.0,0.4183536633462834
1386,1.2999999999999812,0.4603233242705933,8.0,0.0,0.4603233242705933
1387,1.349999999999981,0.5022929851949053,8.0,0.0,0.5022929851949053
1388,1.3999999999999808,0.5390578741735363,8.0,0.0,0.5390578741735363
1389,1.4499999999999806,0.5696778369793405,8.0,0.0,0.5696778369793405
1390,1.4999999999999805,0.5851968975126007,8.0,0.0,0.5851968975126007
1391,1.5499999999999805,0.6024649039520652,8.0,0.0,0.6024649039520652
1392,1.59999999999998,0.6197329103915311,8.0,0.0,0.6197329103915311
1393,1.64999999999998,0.6341319932299232,8.0,0.0,0.6341319932299232
1394,1.6999999999999795,0.6460038999926876,8.0,0.0,0.6460038999926876
1395,1.7499999999999796,0.65787580675545,8.0,0.0,0.65787580675545
1396,1.7999999999999794,0.6697477135182149,8.0,0.0,0.6697477135182149
1397,1.8499999999999792,0.681619620280978,8.0,0.0,0.681619620280978
1398,1.899999999999979,0.6934915270437452,8.0,0.0,0.6934915270437452
1399,1.9499999999999789,0.6999211329654877,8.0,0.0,0.6999211329654877
1400,1.999999999999979,0.7019760094782728,8.0,0.0,0.7019760094782728
1401,2.0499999999999785,0.7026091196967413,8.0,0.0,0.7026091196967413
1402,2.0999999999999783,0.6964522871373181,8.0,0.0,0.6964522871373181
1403,2.149999999999978,0.6902954545778945,8.0,0.0,0.6902954545778945
1404,2.199999999999978,0.6841386220184731,8.0,0.0,0.6841386220184731
1405,2.249999999999978,0.6771428095096869,8.0,0.0,0.6771428095096869
1406,2.2999999999999776,0.6681498917942668,8.0,0.0,0.6681498917942668
1407,2.349999999999977,0.6591569740788494,8.0,0.0,0.6591569740788494
1408,2.3999999999999773,0.6632681134309178,8.0,0.0,0.6632681134309178
1409,2.449999999999977,0.6731096960024501,8.0,0.0,0.6731096960024501
1410,2.499999999999977,0.6829512785739812,8.0,0.0,0.6829512785739812
1411,2.5499999999999767,0.6927928611455124,8.0,0.0,0.6927928611455124
1412,2.599999999999977,0.7026344437170456,8.0,0.0,0.7026344437170456
1413,2.6499999999999764,0.7124760262885744,8.0,0.0,0.7124760262885744
1414,2.699999999999976,0.7223176088601064,8.0,0.0,0.7223176088601064
1415,2.749999999999976,0.732159191431637,8.0,0.0,0.732159191431637
1416,2.799999999999976,0.7420007740031674,8.0,0.0,0.7420007740031674
1417,2.849999999999976,0.7521114128570636,8.0,0.0,0.7521114128570636
1418,2.8999999999999755,0.7640769198248897,8.0,0.0,0.7640769198248897
1419,2.9499999999999758,0.7760424267927126,8.0,0.0,0.7760424267927126
1420,2.999999999999975,0.7880079337605338,8.0,0.0,0.7880079337605338
1421,3.049999999999975,0.7999734407283579,8.0,0.0,0.7999734407283579
1422,3.0999999999999748,0.8119389476961802,8.0,0.0,0.8119389476961802
1423,3.1499999999999746,0.8236251365185454,8.0,0.0,0.8236251365185454
1424,3.1999999999999744,0.8347158453848738,8.0,0.0,0.8347158453848738
1425,3.2499999999999742,0.8458065542512012,8.0,0.0,0.8458065542512012
1426,3.299999999999974,0.8568972631175321,8.0,0.0,0.8568972631175321
1427,3.349999999999974,0.867987971983858,8.0,0.0,0.867987971983858
1428,3.3999999999999737,0.8790786808501849,8.0,0.0,0.8790786808501849
1429,3.449999999999973,0.8901693897165158,8.0,0.0,0.8901693897165158
1430,3.4999999999999734,0.9012600985828424,8.0,0.0,0.9012600985828424
1431,3.549999999999973,0.9123508074491692,8.0,0.0,0.9123508074491692
1432,3.599999999999973,0.9234415163155,8.0,0.0,0.9234415163155
1433,3.649999999999973,0.9345322251818272,8.0,0.0,0.9345322251818272
1434,3.6999999999999726,0.9456229340481564,8.0,0.0,0.9456229340481564
1435,3.749999999999973,0.9567136429144856,8.0,0.0,0.9567136429144856
1436,3.799999999999972,0.9678043517808136,8.0,0.0,0.9678043517808136
1437,3.849999999999972,0.9786624184712024,8.0,0.0,0.9786624184712024
1438,3.899999999999972,0.989195886810612,8.0,0.0,0.989195886810612
1439,3.949999999999972,0.9999999999999998,8.0,0.0,0.9999999999999998
1440,-4.0,0.0,9.0,0.0,0.0
1441,-3.95,0.0076313842637149,9.0,0.0,0.0076313842637149
1442,-3.9,0.0154840419453916,9.0,0.0,0.0154840419453916
1443,-3.850000000000001,0.0235654696181461,9.0,0.0,0.0235654696181461
1444,-3.8000000000000007,0.0316468972909025,9.0,0.0,0.0316468972909025
1445,-3.750000000000001,0.0397283249636611,9.0,0.0,0.0397283249636611
1446,-3.700000000000001,0.0478097526364214,9.0,0.0,0.0478097526364214
1447,-3.650000000000001,0.0558911803091756,9.0,0.0,0.0558911803091756
1448,-3.6000000000000014,0.0639726079819351,9.0,0.0,0.0639726079819351
1449,-3.5500000000000016,0.0720540356546947,9.0,0.0,0.0720540356546947
1450,-3.5000000000000018,0.0801354633274533,9.0,0.0,0.0801354633274533
1451,-3.450000000000002,0.0882168910002104,9.0,0.0,0.0882168910002104
1452,-3.400000000000002,0.0962983186729671,9.0,0.0,0.0962983186729671
1453,-3.3500000000000023,0.1069811019086025,9.0,0.0,0.1069811019086025
1454,-3.3000000000000025,0.1176430243958996,9.0,0.0,0.1176430243958996
1455,-3.2500000000000027,0.1283049468832003,9.0,0.0,0.1283049468832003
1456,-3.200000000000003,0.1389668693704942,9.0,0.0,0.1389668693704942
1457,-3.150000000000003,0.1496287918577933,9.0,0.0,0.1496287918577933
1458,-3.100000000000003,0.1602907143450907,9.0,0.0,0.1602907143450907
1459,-3.050000000000004,0.1709526368323887,9.0,0.0,0.1709526368323887
1460,-3.000000000000004,0.1795637685483574,9.0,0.0,0.1795637685483574
1461,-2.950000000000004,0.1861898198980923,9.0,0.0,0.1861898198980923
1462,-2.900000000000004,0.1928158712478263,9.0,0.0,0.1928158712478263
1463,-2.850000000000004,0.1994419225975599,9.0,0.0,0.1994419225975599
1464,-2.8000000000000043,0.2060679739472958,9.0,0.0,0.2060679739472958
1465,-2.7500000000000044,0.2102242901023379,9.0,0.0,0.2102242901023379
1466,-2.7000000000000046,0.2142729204959604,9.0,0.0,0.2142729204959604
1467,-2.650000000000005,0.2183215508895805,9.0,0.0,0.2183215508895805
1468,-2.600000000000005,0.2223701812832032,9.0,0.0,0.2223701812832032
1469,-2.550000000000005,0.2264188116768274,9.0,0.0,0.2264188116768274
1470,-2.5000000000000053,0.2304674420704469,9.0,0.0,0.2304674420704469
1471,-2.450000000000005,0.2346775431113333,9.0,0.0,0.2346775431113333
1472,-2.4000000000000057,0.2403859714533229,9.0,0.0,0.2403859714533229
1473,-2.350000000000006,0.2473039173629269,9.0,0.0,0.2473039173629269
1474,-2.300000000000006,0.2538854831448504,9.0,0.0,0.2538854831448504
1475,-2.250000000000006,0.2583046913949506,9.0,0.0,0.2583046913949506
1476,-2.2000000000000064,0.261719851002092,9.0,0.0,0.261719851002092
1477,-2.1500000000000066,0.2737777137940608,9.0,0.0,0.2737777137940608
1478,-2.1000000000000068,0.2922180361508091,9.0,0.0,0.2922180361508091
1479,-2.050000000000007,0.3089735509180267,9.0,0.0,0.3089735509180267
1480,-2.000000000000007,0.3229041125560001,9.0,0.0,0.3229041125560001
1481,-1.9500000000000075,0.3350644892735928,9.0,0.0,0.3350644892735928
1482,-1.9000000000000077,0.3472248659911853,9.0,0.0,0.3472248659911853
1483,-1.850000000000008,0.3593852427087782,9.0,0.0,0.3593852427087782
1484,-1.8000000000000078,0.3715456194263708,9.0,0.0,0.3715456194263708
1485,-1.750000000000008,0.3851953943723286,9.0,0.0,0.3851953943723286
1486,-1.7000000000000082,0.3993704150790322,9.0,0.0,0.3993704150790322
1487,-1.6500000000000083,0.4137340937836731,9.0,0.0,0.4137340937836731
1488,-1.6000000000000083,0.4286102630057949,9.0,0.0,0.4286102630057949
1489,-1.5500000000000087,0.4434864322279158,9.0,0.0,0.4434864322279158
1490,-1.5000000000000089,0.4583626014500372,9.0,0.0,0.4583626014500372
1491,-1.450000000000009,0.4764817763731691,9.0,0.0,0.4764817763731691
1492,-1.4000000000000092,0.5007170658560639,9.0,0.0,0.5007170658560639
1493,-1.3500000000000094,0.524952355338959,9.0,0.0,0.524952355338959
1494,-1.3000000000000096,0.5478196978795228,9.0,0.0,0.5478196978795228
1495,-1.2500000000000098,0.564228838791444,9.0,0.0,0.564228838791444
1496,-1.20000000000001,0.5806379797033642,9.0,0.0,0.5806379797033642
1497,-1.15000000000001,0.5970471206152854,9.0,0.0,0.5970471206152854
1498,-1.1000000000000103,0.6138643634562861,9.0,0.0,0.6138643634562861
1499,-1.0500000000000105,0.631210299897138,9.0,0.0,0.631210299897138
1500,-1.0000000000000109,0.6490506268852299,9.0,0.0,0.6490506268852299
1501,-0.9500000000000108,0.6832601074072584,9.0,0.0,0.6832601074072584
1502,-0.900000000000011,0.7265595041710079,9.0,0.0,0.7265595041710079
1503,-0.8500000000000112,0.7777522349445318,9.0,0.0,0.7777522349445318
1504,-0.8000000000000114,0.8513106058069562,9.0,0.0,0.8513106058069562
1505,-0.7500000000000115,0.9606732466891778,9.0,0.0,0.9606732466891778
1506,-0.7000000000000117,0.9983457091150112,9.0,0.0,0.9983457091150112
1507,-0.6500000000000119,0.9989851609135064,9.0,0.0,0.9989851609135064
1508,-0.6000000000000121,0.9995769395930382,9.0,0.0,0.9995769395930382
1509,-0.5500000000000123,0.9999999999999998,9.0,0.0,0.9999999999999998
1510,-0.5000000000000124,0.9988666943195672,9.0,0.0,0.9988666943195672
1511,-0.4500000000000126,0.8929720513595935,9.0,0.0,0.8929720513595935
1512,-0.4000000000000128,0.81217605192986,9.0,0.0,0.81217605192986
1513,-0.3500000000000129,0.7778920434979558,9.0,0.0,0.7778920434979558
1514,-0.3000000000000131,0.7449965361463265,9.0,0.0,0.7449965361463265
1515,-0.2500000000000133,0.698870936489776,9.0,0.0,0.698870936489776
1516,-0.2000000000000135,0.585643181666387,9.0,0.0,0.585643181666387
1517,-0.1500000000000136,0.629087417532001,9.0,0.0,0.629087417532001
1518,-0.1000000000000138,0.6161406291756926,9.0,0.0,0.6161406291756926
1519,-0.050000000000014,0.5895636020120285,9.0,0.0,0.5895636020120285
1520,-1.4210854715202004e-14,0.5484206602343741,9.0,0.0,0.5484206602343741
1521,0.0499999999999856,0.5118674971675018,9.0,0.0,0.5118674971675018
1522,0.0999999999999854,0.476353696115709,9.0,0.0,0.476353696115709
1523,0.1499999999999852,0.4408398950639162,9.0,0.0,0.4408398950639162
1524,0.199999999999985,0.4053260940121237,9.0,0.0,0.4053260940121237
1525,0.2499999999999849,0.3667289064776641,9.0,0.0,0.3667289064776641
1526,0.2999999999999847,0.3272127393060965,9.0,0.0,0.3272127393060965
1527,0.3499999999999845,0.2516022173181331,9.0,0.0,0.2516022173181331
1528,0.3999999999999843,0.2100328676394017,9.0,0.0,0.2100328676394017
1529,0.4499999999999842,0.2746997268171056,9.0,0.0,0.2746997268171056
1530,0.499999999999984,0.336677139942933,9.0,0.0,0.336677139942933
1531,0.5499999999999838,0.2900227492780419,9.0,0.0,0.2900227492780419
1532,0.5999999999999837,0.2615641118597629,9.0,0.0,0.2615641118597629
1533,0.6499999999999835,0.2397274746545698,9.0,0.0,0.2397274746545698
1534,0.6999999999999833,0.2241390313002045,9.0,0.0,0.2241390313002045
1535,0.7499999999999831,0.2184159801924847,9.0,0.0,0.2184159801924847
1536,0.799999999999983,0.2270791958230965,9.0,0.0,0.2270791958230965
1537,0.8499999999999828,0.2366916558327326,9.0,0.0,0.2366916558327326
1538,0.8999999999999826,0.2529971298691683,9.0,0.0,0.2529971298691683
1539,0.9499999999999824,0.2719323484827103,9.0,0.0,0.2719323484827103
1540,0.9999999999999822,0.2908675670962528,9.0,0.0,0.2908675670962528
1541,1.049999999999982,0.3098027857097953,9.0,0.0,0.3098027857097953
1542,1.099999999999982,0.3287380043233373,9.0,0.0,0.3287380043233373
1543,1.1499999999999817,0.3497859847619988,9.0,0.0,0.3497859847619988
1544,1.1999999999999815,0.3710805342136828,9.0,0.0,0.3710805342136828
1545,1.2499999999999811,0.3947252435049147,9.0,0.0,0.3947252435049147
1546,1.2999999999999812,0.4222747732078411,9.0,0.0,0.4222747732078411
1547,1.349999999999981,0.4498243029107701,9.0,0.0,0.4498243029107701
1548,1.3999999999999808,0.4867715755498822,9.0,0.0,0.4867715755498822
1549,1.4499999999999806,0.5345348022202387,9.0,0.0,0.5345348022202387
1550,1.4999999999999805,0.5448087728342634,9.0,0.0,0.5448087728342634
1551,1.5499999999999805,0.5487191876975749,9.0,0.0,0.5487191876975749
1552,1.59999999999998,0.5362382596708561,9.0,0.0,0.5362382596708561
1553,1.64999999999998,0.5264083946509465,9.0,0.0,0.5264083946509465
1554,1.6999999999999795,0.5165785296310375,9.0,0.0,0.5165785296310375
1555,1.7499999999999796,0.509214198897156,9.0,0.0,0.509214198897156
1556,1.7999999999999794,0.5023307354271307,9.0,0.0,0.5023307354271307
1557,1.8499999999999792,0.4887011950235133,9.0,0.0,0.4887011950235133
1558,1.899999999999979,0.4627968582063601,9.0,0.0,0.4627968582063601
1559,1.9499999999999789,0.4319588665239058,9.0,0.0,0.4319588665239058
1560,1.999999999999979,0.4001780807850262,9.0,0.0,0.4001780807850262
1561,2.0499999999999785,0.3694786216547386,9.0,0.0,0.3694786216547386
1562,2.0999999999999783,0.3435999301902052,9.0,0.0,0.3435999301902052
1563,2.149999999999978,0.3125887963639762,9.0,0.0,0.3125887963639762
1564,2.199999999999978,0.2800128790687727,9.0,0.0,0.2800128790687727
1565,2.249999999999978,0.2562647540819187,9.0,0.0,0.2562647540819187
1566,2.2999999999999776,0.2342782501784113,9.0,0.0,0.2342782501784113
1567,2.349999999999977,0.2122917462749037,9.0,0.0,0.2122917462749037
1568,2.3999999999999773,0.1903052423713956,9.0,0.0,0.1903052423713956
1569,2.449999999999977,0.1683187384678886,9.0,0.0,0.1683187384678886
1570,2.499999999999977,0.1563493762849228,9.0,0.0,0.1563493762849228
1571,2.5499999999999767,0.1523377629806886,9.0,0.0,0.1523377629806886
1572,2.599999999999977,0.1484080454705752,9.0,0.0,0.1484080454705752
1573,2.6499999999999764,0.1437376863817837,9.0,0.0,0.1437376863817837
1574,2.699999999999976,0.1372857415050785,9.0,0.0,0.1372857415050785
1575,2.749999999999976,0.1308337966283722,9.0,0.0,0.1308337966283722
1576,2.799999999999976,0.124381851751667,9.0,0.0,0.124381851751667
1577,2.849999999999976,0.1221916319971135,9.0,0.0,0.1221916319971135
1578,2.8999999999999755,0.1202847379992167,9.0,0.0,0.1202847379992167
1579,2.9499999999999758,0.1183778440013213,9.0,0.0,0.1183778440013213
1580,2.999999999999975,0.1164709500034245,9.0,0.0,0.1164709500034245
1581,3.049999999999975,0.121674861907659,9.0,0.0,0.121674861907659
1582,3.0999999999999748,0.1268852538771294,9.0,0.0,0.1268852538771294
1583,3.1499999999999746,0.1320956458466009,9.0,0.0,0.1320956458466009
1584,3.1999999999999744,0.1359557582563179,9.0,0.0,0.1359557582563179
1585,3.2499999999999742,0.1390525396098057,9.0,0.0,0.1390525396098057
1586,3.299999999999974,0.1421493209632942,9.0,0.0,0.1421493209632942
1587,3.349999999999974,0.1452461023167825,9.0,0.0,0.1452461023167825
1588,3.3999999999999737,0.1483428836702695,9.0,0.0,0.1483428836702695
1589,3.449999999999973,0.151439665023758,9.0,0.0,0.151439665023758
1590,3.4999999999999734,0.1545364463772463,9.0,0.0,0.1545364463772463
1591,3.549999999999973,0.1576332277307339,9.0,0.0,0.1576332277307339
1592,3.599999999999973,0.160730009084222,9.0,0.0,0.160730009084222
1593,3.649999999999973,0.164054918930503,9.0,0.0,0.164054918930503
1594,3.6999999999999726,0.1706582465875926,9.0,0.0,0.1706582465875926
1595,3.749999999999973,0.1776962923619181,9.0,0.0,0.1776962923619181
1596,3.799999999999972,0.1847343381362416,9.0,0.0,0.1847343381362416
1597,3.849999999999972,0.1836507698464468,9.0,0.0,0.1836507698464468
1598,3.899999999999972,0.1756717442220773,9.0,0.0,0.1756717442220773
1599,3.949999999999972,0.1629539610521702,9.0,0.0,0.1629539610521702
