0;20.5773813363268;_a0_;{'d0': {'_a0_': 0.6116066148990904, '_a1_': 1.0, '_a2_': 1.0, '_a3_': 1.0, '_a4_': 1.0, '_a5_': 1.0, '_a6_': 1.0, '_a7_': 1.0}};{'d0': 6.085458391248631};41.1547626726536;0.0
1;20.5773813363268;_a0_;{'d0': {'_a0_': 0.6116066148990904, '_a1_': 1.0, '_a2_': 1.0, '_a3_': 1.0, '_a4_': 1.0, '_a5_': 1.0, '_a6_': 1.0, '_a7_': 1.0}};{'d0': 6.085458391248631};41.1547626726536;0.0
2;20.5773813363268;_a0_;{'d0': {'_a0_': 0.6116066148990904, '_a1_': 1.0, '_a2_': 1.0, '_a3_': 1.0, '_a4_': 1.0, '_a5_': 1.0, '_a6_': 1.0, '_a7_': 1.0}};{'d0': 6.085458391248631};41.1547626726536;0.0
3;20.5773813363268;_a0_;{'d0': {'_a0_': 0.6116066148990904, '_a1_': 1.0, '_a2_': 1.0, '_a3_': 1.0, '_a4_': 1.0, '_a5_': 1.0, '_a6_': 1.0, '_a7_': 1.0}};{'d0': 6.085458391248631};41.1547626726536;0.0
4;20.5773813363268;_a0_;{'d0': {'_a0_': 0.6116066148990904, '_a1_': 1.0, '_a2_': 1.0, '_a3_': 1.0, '_a4_': 1.0, '_a5_': 1.0, '_a6_': 1.0, '_a7_': 1.0}};{'d0': 6.085458391248631};41.1547626726536;0.0
5;28.4248453914552;(_a1_ / _a7_);{'d0': {'_a1_': 778.2436120835299, '_a7_': 1272.4472508984813, '_a0_': 1.0, '_a2_': 1.0, '_a3_': 1.0, '_a4_': 1.0, '_a5_': 1.0, '_a6_': 1.0}};{'d0': 6.085458392793322};45.2491072501057;5.8002917664024
6;28.4248453914552;(_a1_ / _a7_);{'d0': {'_a1_': 778.2436120835299, '_a7_': 1272.4472508984813, '_a0_': 1.0, '_a2_': 1.0, '_a3_': 1.0, '_a4_': 1.0, '_a5_': 1.0, '_a6_': 1.0}};{'d0': 6.085458392793322};45.2491072501057;5.8002917664024
7;28.4248453914552;(_a1_ / _a7_);{'d0': {'_a1_': 778.2436120835299, '_a7_': 1272.4472508984813, '_a0_': 1.0, '_a2_': 1.0, '_a3_': 1.0, '_a4_': 1.0, '_a5_': 1.0, '_a6_': 1.0}};{'d0': 6.085458392793322};45.2491072501057;5.8002917664024
8;28.4248453914552;(_a1_ / _a7_);{'d0': {'_a1_': 778.2436120835299, '_a7_': 1272.4472508984813, '_a0_': 1.0, '_a2_': 1.0, '_a3_': 1.0, '_a4_': 1.0, '_a5_': 1.0, '_a6_': 1.0}};{'d0': 6.085458392793322};45.2491072501057;5.8002917664024
9;28.4248453914552;(_a1_ / _a7_);{'d0': {'_a1_': 778.2436120835299, '_a7_': 1272.4472508984813, '_a0_': 1.0, '_a2_': 1.0, '_a3_': 1.0, '_a4_': 1.0, '_a5_': 1.0, '_a6_': 1.0}};{'d0': 6.085458392793322};45.2491072501057;5.8002917664024
10;28.4248453914552;(_a1_ / _a7_);{'d0': {'_a1_': 778.2436120835299, '_a7_': 1272.4472508984813, '_a0_': 1.0, '_a2_': 1.0, '_a3_': 1.0, '_a4_': 1.0, '_a5_': 1.0, '_a6_': 1.0}};{'d0': 6.085458392793322};45.2491072501057;5.8002917664024
11;28.4248453914552;(_a1_ / _a7_);{'d0': {'_a1_': 778.2436120835299, '_a7_': 1272.4472508984813, '_a0_': 1.0, '_a2_': 1.0, '_a3_': 1.0, '_a4_': 1.0, '_a5_': 1.0, '_a6_': 1.0}};{'d0': 6.085458392793322};45.2491072501057;5.8002917664024
12;20.5773813363268;_a0_;{'d0': {'_a0_': 0.6116066148990904, '_a1_': 1.0, '_a2_': 1.0, '_a3_': 1.0, '_a4_': 1.0, '_a5_': 1.0, '_a6_': 1.0, '_a7_': 1.0}};{'d0': 6.085458391248631};41.1547626726536;0.0
13;20.5773813363268;_a0_;{'d0': {'_a0_': 0.6116066148990904, '_a1_': 1.0, '_a2_': 1.0, '_a3_': 1.0, '_a4_': 1.0, '_a5_': 1.0, '_a6_': 1.0, '_a7_': 1.0}};{'d0': 6.085458391248631};41.1547626726536;0.0
14;20.5773813363268;_a0_;{'d0': {'_a0_': 0.6116066148990904, '_a1_': 1.0, '_a2_': 1.0, '_a3_': 1.0, '_a4_': 1.0, '_a5_': 1.0, '_a6_': 1.0, '_a7_': 1.0}};{'d0': 6.085458391248631};41.1547626726536;0.0
15;20.5773813363268;_a0_;{'d0': {'_a0_': 0.6116066148990904, '_a1_': 1.0, '_a2_': 1.0, '_a3_': 1.0, '_a4_': 1.0, '_a5_': 1.0, '_a6_': 1.0, '_a7_': 1.0}};{'d0': 6.085458391248631};41.1547626726536;0.0
16;20.5773813363268;_a0_;{'d0': {'_a0_': 0.6116066148990904, '_a1_': 1.0, '_a2_': 1.0, '_a3_': 1.0, '_a4_': 1.0, '_a5_': 1.0, '_a6_': 1.0, '_a7_': 1.0}};{'d0': 6.085458391248631};41.1547626726536;0.0
17;20.5773813363268;_a0_;{'d0': {'_a0_': 0.6116066148990904, '_a1_': 1.0, '_a2_': 1.0, '_a3_': 1.0, '_a4_': 1.0, '_a5_': 1.0, '_a6_': 1.0, '_a7_': 1.0}};{'d0': 6.085458391248631};41.1547626726536;0.0
18;20.5773813363268;_a0_;{'d0': {'_a0_': 0.6116066148990904, '_a1_': 1.0, '_a2_': 1.0, '_a3_': 1.0, '_a4_': 1.0, '_a5_': 1.0, '_a6_': 1.0, '_a7_': 1.0}};{'d0': 6.085458391248631};41.1547626726536;0.0
19;20.5773813363268;_a0_;{'d0': {'_a0_': 0.6116066148990904, '_a1_': 1.0, '_a2_': 1.0, '_a3_': 1.0, '_a4_': 1.0, '_a5_': 1.0, '_a6_': 1.0, '_a7_': 1.0}};{'d0': 6.085458391248631};41.1547626726536;0.0
20;20.5773813363268;_a0_;{'d0': {'_a0_': 0.6116066148990904, '_a1_': 1.0, '_a2_': 1.0, '_a3_': 1.0, '_a4_': 1.0, '_a5_': 1.0, '_a6_': 1.0, '_a7_': 1.0}};{'d0': 6.085458391248631};41.1547626726536;0.0
21;20.5773813363268;_a0_;{'d0': {'_a0_': 0.6116066148990904, '_a1_': 1.0, '_a2_': 1.0, '_a3_': 1.0, '_a4_': 1.0, '_a5_': 1.0, '_a6_': 1.0, '_a7_': 1.0}};{'d0': 6.085458391248631};41.1547626726536;0.0
22;20.5773813363268;_a0_;{'d0': {'_a0_': 0.6116066148990904, '_a1_': 1.0, '_a2_': 1.0, '_a3_': 1.0, '_a4_': 1.0, '_a5_': 1.0, '_a6_': 1.0, '_a7_': 1.0}};{'d0': 6.085458391248631};41.1547626726536;0.0
23;20.5773813363268;_a0_;{'d0': {'_a0_': 0.6116066148990904, '_a1_': 1.0, '_a2_': 1.0, '_a3_': 1.0, '_a4_': 1.0, '_a5_': 1.0, '_a6_': 1.0, '_a7_': 1.0}};{'d0': 6.085458391248631};41.1547626726536;0.0
24;20.5773813363268;_a0_;{'d0': {'_a0_': 0.6116066148990904, '_a1_': 1.0, '_a2_': 1.0, '_a3_': 1.0, '_a4_': 1.0, '_a5_': 1.0, '_a6_': 1.0, '_a7_': 1.0}};{'d0': 6.085458391248631};41.1547626726536;0.0
25;20.5773813363268;_a0_;{'d0': {'_a0_': 0.6116066148990904, '_a1_': 1.0, '_a2_': 1.0, '_a3_': 1.0, '_a4_': 1.0, '_a5_': 1.0, '_a6_': 1.0, '_a7_': 1.0}};{'d0': 6.085458391248631};41.1547626726536;0.0
26;20.5773813363268;_a0_;{'d0': {'_a0_': 0.6116066148990904, '_a1_': 1.0, '_a2_': 1.0, '_a3_': 1.0, '_a4_': 1.0, '_a5_': 1.0, '_a6_': 1.0, '_a7_': 1.0}};{'d0': 6.085458391248631};41.1547626726536;0.0
27;20.5773813363268;_a0_;{'d0': {'_a0_': 0.6116066148990904, '_a1_': 1.0, '_a2_': 1.0, '_a3_': 1.0, '_a4_': 1.0, '_a5_': 1.0, '_a6_': 1.0, '_a7_': 1.0}};{'d0': 6.085458391248631};41.1547626726536;0.0
28;20.5773813363268;_a0_;{'d0': {'_a0_': 0.6116066148990904, '_a1_': 1.0, '_a2_': 1.0, '_a3_': 1.0, '_a4_': 1.0, '_a5_': 1.0, '_a6_': 1.0, '_a7_': 1.0}};{'d0': 6.085458391248631};41.1547626726536;0.0
29;20.5773813363268;_a0_;{'d0': {'_a0_': 0.6116066148990904, '_a1_': 1.0, '_a2_': 1.0, '_a3_': 1.0, '_a4_': 1.0, '_a5_': 1.0, '_a6_': 1.0, '_a7_': 1.0}};{'d0': 6.085458391248631};41.1547626726536;0.0
30;20.5773813363268;_a0_;{'d0': {'_a0_': 0.6116066148990904, '_a1_': 1.0, '_a2_': 1.0, '_a3_': 1.0, '_a4_': 1.0, '_a5_': 1.0, '_a6_': 1.0, '_a7_': 1.0}};{'d0': 6.085458391248631};41.1547626726536;0.0
31;20.5773813363268;_a0_;{'d0': {'_a0_': 0.6116066148990904, '_a1_': 1.0, '_a2_': 1.0, '_a3_': 1.0, '_a4_': 1.0, '_a5_': 1.0, '_a6_': 1.0, '_a7_': 1.0}};{'d0': 6.085458391248631};41.1547626726536;0.0
32;20.5773813363268;_a0_;{'d0': {'_a0_': 0.6116066148990904, '_a1_': 1.0, '_a2_': 1.0, '_a3_': 1.0, '_a4_': 1.0, '_a5_': 1.0, '_a6_': 1.0, '_a7_': 1.0}};{'d0': 6.085458391248631};41.1547626726536;0.0
33;20.5773813363268;_a0_;{'d0': {'_a0_': 0.6116066148990904, '_a1_': 1.0, '_a2_': 1.0, '_a3_': 1.0, '_a4_': 1.0, '_a5_': 1.0, '_a6_': 1.0, '_a7_': 1.0}};{'d0': 6.085458391248631};41.1547626726536;0.0
34;20.5773813363268;_a0_;{'d0': {'_a0_': 0.6116066148990904, '_a1_': 1.0, '_a2_': 1.0, '_a3_': 1.0, '_a4_': 1.0, '_a5_': 1.0, '_a6_': 1.0, '_a7_': 1.0}};{'d0': 6.085458391248631};41.1547626726536;0.0
35;-5.13784951516852;cos(x1);{'d0': {'_a7_': 1.0, '_a0_': 1.0, '_a1_': 1.0, '_a2_': 1.0, '_a3_': 1.0, '_a4_': 1.0, '_a5_': 1.0, '_a6_': 1.0}};{'d0': 2.2576394498006427};-22.4345186154770;6.079409792569997
36;-5.13784951516852;cos(x1);{'d0': {'_a7_': 1.0, '_a0_': 1.0, '_a1_': 1.0, '_a2_': 1.0, '_a3_': 1.0, '_a4_': 1.0, '_a5_': 1.0, '_a6_': 1.0}};{'d0': 2.2576394498006427};-22.4345186154770;6.079409792569997
37;-5.13784951516852;cos(x1);{'d0': {'_a7_': 1.0, '_a0_': 1.0, '_a1_': 1.0, '_a2_': 1.0, '_a3_': 1.0, '_a4_': 1.0, '_a5_': 1.0, '_a6_': 1.0}};{'d0': 2.2576394498006427};-22.4345186154770;6.079409792569997
38;-7.13326747261673;cos((x1 * _a2_));{'d0': {'_a2_': 0.8894772553863142, '_a0_': 1.0, '_a1_': 1.0, '_a3_': 1.0, '_a4_': 1.0, '_a5_': 1.0, '_a6_': 1.0, '_a7_': 1.0}};{'d0': 1.6850993093198925};-35.8898906633555;10.811677859060996
39;-7.13326747261673;cos((x1 * _a2_));{'d0': {'_a2_': 0.8894772553863142, '_a0_': 1.0, '_a1_': 1.0, '_a3_': 1.0, '_a4_': 1.0, '_a5_': 1.0, '_a6_': 1.0, '_a7_': 1.0}};{'d0': 1.6850993093198925};-35.8898906633555;10.811677859060996
40;-7.13326747261673;cos((x1 * _a2_));{'d0': {'_a2_': 0.8894772553863142, '_a0_': 1.0, '_a1_': 1.0, '_a3_': 1.0, '_a4_': 1.0, '_a5_': 1.0, '_a6_': 1.0, '_a7_': 1.0}};{'d0': 1.6850993093198925};-35.8898906633555;10.811677859060996
41;-7.13326747261673;cos((x1 * _a2_));{'d0': {'_a2_': 0.8894772553863142, '_a0_': 1.0, '_a1_': 1.0, '_a3_': 1.0, '_a4_': 1.0, '_a5_': 1.0, '_a6_': 1.0, '_a7_': 1.0}};{'d0': 1.6850993093198925};-35.8898906633555;10.811677859060996
42;-7.13326747261673;cos((x1 * _a2_));{'d0': {'_a2_': 0.8894772553863142, '_a0_': 1.0, '_a1_': 1.0, '_a3_': 1.0, '_a4_': 1.0, '_a5_': 1.0, '_a6_': 1.0, '_a7_': 1.0}};{'d0': 1.6850993093198925};-35.8898906633555;10.811677859060996
43;-0.516158290002601;cos((x1 * sin(_a6_)));{'d0': {'_a6_': 1.096199869542072, '_a0_': 1.0, '_a1_': 1.0, '_a2_': 1.0, '_a3_': 1.0, '_a4_': 1.0, '_a5_': 1.0, '_a7_': 1.0}};{'d0': 1.6850993093199276};-35.8898906633542;17.428787041674518
44;-0.516158290002601;cos((x1 * sin(_a6_)));{'d0': {'_a6_': 1.096199869542072, '_a0_': 1.0, '_a1_': 1.0, '_a2_': 1.0, '_a3_': 1.0, '_a4_': 1.0, '_a5_': 1.0, '_a7_': 1.0}};{'d0': 1.6850993093199276};-35.8898906633542;17.428787041674518
45;-0.516158290002601;cos((x1 * sin(_a6_)));{'d0': {'_a6_': 1.096199869542072, '_a0_': 1.0, '_a1_': 1.0, '_a2_': 1.0, '_a3_': 1.0, '_a4_': 1.0, '_a5_': 1.0, '_a7_': 1.0}};{'d0': 1.6850993093199276};-35.8898906633542;17.428787041674518
46;-0.516158290002601;cos((x1 * sin(_a6_)));{'d0': {'_a6_': 1.096199869542072, '_a0_': 1.0, '_a1_': 1.0, '_a2_': 1.0, '_a3_': 1.0, '_a4_': 1.0, '_a5_': 1.0, '_a7_': 1.0}};{'d0': 1.6850993093199276};-35.8898906633542;17.428787041674518
47;-0.516158290002601;cos((x1 * sin(_a6_)));{'d0': {'_a6_': 1.096199869542072, '_a0_': 1.0, '_a1_': 1.0, '_a2_': 1.0, '_a3_': 1.0, '_a4_': 1.0, '_a5_': 1.0, '_a7_': 1.0}};{'d0': 1.6850993093199276};-35.8898906633542;17.428787041674518
48;0.714196575379654;cos((x1 * (_a1_ / _a7_)));{'d0': {'_a1_': 194.8147637499261, '_a7_': 219.02182953701768, '_a0_': 1.0, '_a2_': 1.0, '_a3_': 1.0, '_a4_': 1.0, '_a5_': 1.0, '_a6_': 1.0}};{'d0': 1.6850993093470203};-31.7955461001675;16.6119696254634
49;0.714196575379654;cos((x1 * (_a1_ / _a7_)));{'d0': {'_a1_': 194.8147637499261, '_a7_': 219.02182953701768, '_a0_': 1.0, '_a2_': 1.0, '_a3_': 1.0, '_a4_': 1.0, '_a5_': 1.0, '_a6_': 1.0}};{'d0': 1.6850993093470203};-31.7955461001675;16.6119696254634
50;0.714196575379654;cos((x1 * (_a1_ / _a7_)));{'d0': {'_a1_': 194.8147637499261, '_a7_': 219.02182953701768, '_a0_': 1.0, '_a2_': 1.0, '_a3_': 1.0, '_a4_': 1.0, '_a5_': 1.0, '_a6_': 1.0}};{'d0': 1.6850993093470203};-31.7955461001675;16.6119696254634
51;0.714196575379654;cos((x1 * (_a1_ / _a7_)));{'d0': {'_a1_': 194.8147637499261, '_a7_': 219.02182953701768, '_a0_': 1.0, '_a2_': 1.0, '_a3_': 1.0, '_a4_': 1.0, '_a5_': 1.0, '_a6_': 1.0}};{'d0': 1.6850993093470203};-31.7955461001675;16.6119696254634
52;0.714196575379654;cos((x1 * (_a1_ / _a7_)));{'d0': {'_a1_': 194.8147637499261, '_a7_': 219.02182953701768, '_a0_': 1.0, '_a2_': 1.0, '_a3_': 1.0, '_a4_': 1.0, '_a5_': 1.0, '_a6_': 1.0}};{'d0': 1.6850993093470203};-31.7955461001675;16.6119696254634
53;0.714196575379654;cos((x1 * (_a1_ / _a7_)));{'d0': {'_a1_': 194.8147637499261, '_a7_': 219.02182953701768, '_a0_': 1.0, '_a2_': 1.0, '_a3_': 1.0, '_a4_': 1.0, '_a5_': 1.0, '_a6_': 1.0}};{'d0': 1.6850993093470203};-31.7955461001675;16.6119696254634
54;0.714196575379654;cos((x1 * (_a1_ / _a7_)));{'d0': {'_a1_': 194.8147637499261, '_a7_': 219.02182953701768, '_a0_': 1.0, '_a2_': 1.0, '_a3_': 1.0, '_a4_': 1.0, '_a5_': 1.0, '_a6_': 1.0}};{'d0': 1.6850993093470203};-31.7955461001675;16.6119696254634
55;0.714196575379654;cos((x1 * (_a1_ / _a7_)));{'d0': {'_a1_': 194.8147637499261, '_a7_': 219.02182953701768, '_a0_': 1.0, '_a2_': 1.0, '_a3_': 1.0, '_a4_': 1.0, '_a5_': 1.0, '_a6_': 1.0}};{'d0': 1.6850993093470203};-31.7955461001675;16.6119696254634
56;0.714196575379654;cos((x1 * (_a1_ / _a7_)));{'d0': {'_a1_': 194.8147637499261, '_a7_': 219.02182953701768, '_a0_': 1.0, '_a2_': 1.0, '_a3_': 1.0, '_a4_': 1.0, '_a5_': 1.0, '_a6_': 1.0}};{'d0': 1.6850993093470203};-31.7955461001675;16.6119696254634
57;0.714196575379654;cos((x1 * (_a1_ / _a7_)));{'d0': {'_a1_': 194.8147637499261, '_a7_': 219.02182953701768, '_a0_': 1.0, '_a2_': 1.0, '_a3_': 1.0, '_a4_': 1.0, '_a5_': 1.0, '_a6_': 1.0}};{'d0': 1.6850993093470203};-31.7955461001675;16.6119696254634
58;0.714196575379654;cos((x1 * (_a1_ / _a7_)));{'d0': {'_a1_': 194.8147637499261, '_a7_': 219.02182953701768, '_a0_': 1.0, '_a2_': 1.0, '_a3_': 1.0, '_a4_': 1.0, '_a5_': 1.0, '_a6_': 1.0}};{'d0': 1.6850993093470203};-31.7955461001675;16.6119696254634
59;0.714196575379654;cos((x1 * (_a1_ / _a7_)));{'d0': {'_a1_': 194.8147637499261, '_a7_': 219.02182953701768, '_a0_': 1.0, '_a2_': 1.0, '_a3_': 1.0, '_a4_': 1.0, '_a5_': 1.0, '_a6_': 1.0}};{'d0': 1.6850993093470203};-31.7955461001675;16.6119696254634
60;0.714196575379654;cos((x1 * (_a1_ / _a7_)));{'d0': {'_a1_': 194.8147637499261, '_a7_': 219.02182953701768, '_a0_': 1.0, '_a2_': 1.0, '_a3_': 1.0, '_a4_': 1.0, '_a5_': 1.0, '_a6_': 1.0}};{'d0': 1.6850993093470203};-31.7955461001675;16.6119696254634
61;0.714196575379654;cos((x1 * (_a1_ / _a7_)));{'d0': {'_a1_': 194.8147637499261, '_a7_': 219.02182953701768, '_a0_': 1.0, '_a2_': 1.0, '_a3_': 1.0, '_a4_': 1.0, '_a5_': 1.0, '_a6_': 1.0}};{'d0': 1.6850993093470203};-31.7955461001675;16.6119696254634
62;0.714196575379654;cos((x1 * (_a1_ / _a7_)));{'d0': {'_a1_': 194.8147637499261, '_a7_': 219.02182953701768, '_a0_': 1.0, '_a2_': 1.0, '_a3_': 1.0, '_a4_': 1.0, '_a5_': 1.0, '_a6_': 1.0}};{'d0': 1.6850993093470203};-31.7955461001675;16.6119696254634
63;0.714196575379654;cos((x1 * (_a1_ / _a7_)));{'d0': {'_a1_': 194.8147637499261, '_a7_': 219.02182953701768, '_a0_': 1.0, '_a2_': 1.0, '_a3_': 1.0, '_a4_': 1.0, '_a5_': 1.0, '_a6_': 1.0}};{'d0': 1.6850993093470203};-31.7955461001675;16.6119696254634
64;0.714196575379654;cos((x1 * (_a1_ / _a7_)));{'d0': {'_a1_': 194.8147637499261, '_a7_': 219.02182953701768, '_a0_': 1.0, '_a2_': 1.0, '_a3_': 1.0, '_a4_': 1.0, '_a5_': 1.0, '_a6_': 1.0}};{'d0': 1.6850993093470203};-31.7955461001675;16.6119696254634
65;0.714196575379654;cos((x1 * (_a1_ / _a7_)));{'d0': {'_a1_': 194.8147637499261, '_a7_': 219.02182953701768, '_a0_': 1.0, '_a2_': 1.0, '_a3_': 1.0, '_a4_': 1.0, '_a5_': 1.0, '_a6_': 1.0}};{'d0': 1.6850993093470203};-31.7955461001675;16.6119696254634
66;0.714196575379654;cos((x1 * (_a1_ / _a7_)));{'d0': {'_a1_': 194.8147637499261, '_a7_': 219.02182953701768, '_a0_': 1.0, '_a2_': 1.0, '_a3_': 1.0, '_a4_': 1.0, '_a5_': 1.0, '_a6_': 1.0}};{'d0': 1.6850993093470203};-31.7955461001675;16.6119696254634
67;0.714196575379654;cos((x1 * (_a1_ / _a7_)));{'d0': {'_a1_': 194.8147637499261, '_a7_': 219.02182953701768, '_a0_': 1.0, '_a2_': 1.0, '_a3_': 1.0, '_a4_': 1.0, '_a5_': 1.0, '_a6_': 1.0}};{'d0': 1.6850993093470203};-31.7955461001675;16.6119696254634
68;0.714196575379654;cos((x1 * (_a1_ / _a7_)));{'d0': {'_a1_': 194.8147637499261, '_a7_': 219.02182953701768, '_a0_': 1.0, '_a2_': 1.0, '_a3_': 1.0, '_a4_': 1.0, '_a5_': 1.0, '_a6_': 1.0}};{'d0': 1.6850993093470203};-31.7955461001675;16.6119696254634
69;0.714196575379654;cos((x1 * (_a1_ / _a7_)));{'d0': {'_a1_': 194.8147637499261, '_a7_': 219.02182953701768, '_a0_': 1.0, '_a2_': 1.0, '_a3_': 1.0, '_a4_': 1.0, '_a5_': 1.0, '_a6_': 1.0}};{'d0': 1.6850993093470203};-31.7955461001675;16.6119696254634
70;0.714196575379654;cos((x1 * (_a1_ / _a7_)));{'d0': {'_a1_': 194.8147637499261, '_a7_': 219.02182953701768, '_a0_': 1.0, '_a2_': 1.0, '_a3_': 1.0, '_a4_': 1.0, '_a5_': 1.0, '_a6_': 1.0}};{'d0': 1.6850993093470203};-31.7955461001675;16.6119696254634
71;0.714196575379654;cos((x1 * (_a1_ / _a7_)));{'d0': {'_a1_': 194.8147637499261, '_a7_': 219.02182953701768, '_a0_': 1.0, '_a2_': 1.0, '_a3_': 1.0, '_a4_': 1.0, '_a5_': 1.0, '_a6_': 1.0}};{'d0': 1.6850993093470203};-31.7955461001675;16.6119696254634
72;0.714196575379654;cos((x1 * (_a1_ / _a7_)));{'d0': {'_a1_': 194.8147637499261, '_a7_': 219.02182953701768, '_a0_': 1.0, '_a2_': 1.0, '_a3_': 1.0, '_a4_': 1.0, '_a5_': 1.0, '_a6_': 1.0}};{'d0': 1.6850993093470203};-31.7955461001675;16.6119696254634
73;0.714196575379654;cos((x1 * (_a1_ / _a7_)));{'d0': {'_a1_': 194.8147637499261, '_a7_': 219.02182953701768, '_a0_': 1.0, '_a2_': 1.0, '_a3_': 1.0, '_a4_': 1.0, '_a5_': 1.0, '_a6_': 1.0}};{'d0': 1.6850993093470203};-31.7955461001675;16.6119696254634
74;-1.81813112992604;(cos((x1 * (_a1_ / _a7_))) * _a7_);{'d0': {'_a1_': 0.7577780631854532, '_a7_': 0.8886565015441443, '_a0_': 1.0, '_a2_': 1.0, '_a3_': 1.0, '_a4_': 1.0, '_a5_': 1.0, '_a6_': 1.0}};{'d0': 1.319508603784249};-46.4694522164049;21.4165949782764
75;-7.61842289632843;(cos((x1 * _a5_)) * _a7_);{'d0': {'_a5_': 0.8527232549633716, '_a7_': 0.8886565017893037, '_a0_': 1.0, '_a1_': 1.0, '_a2_': 1.0, '_a3_': 1.0, '_a4_': 1.0, '_a6_': 1.0}};{'d0': 1.3195086037842492};-46.4694522164048;15.616303211874001
76;-7.61842289632843;(cos((x1 * _a5_)) * _a7_);{'d0': {'_a5_': 0.8527232549633716, '_a7_': 0.8886565017893037, '_a0_': 1.0, '_a1_': 1.0, '_a2_': 1.0, '_a3_': 1.0, '_a4_': 1.0, '_a6_': 1.0}};{'d0': 1.3195086037842492};-46.4694522164048;15.616303211874001
77;-7.61842289632843;(cos((x1 * _a5_)) * _a7_);{'d0': {'_a5_': 0.8527232549633716, '_a7_': 0.8886565017893037, '_a0_': 1.0, '_a1_': 1.0, '_a2_': 1.0, '_a3_': 1.0, '_a4_': 1.0, '_a6_': 1.0}};{'d0': 1.3195086037842492};-46.4694522164048;15.616303211874001
78;-7.61842289632843;(cos((x1 * _a5_)) * _a7_);{'d0': {'_a5_': 0.8527232549633716, '_a7_': 0.8886565017893037, '_a0_': 1.0, '_a1_': 1.0, '_a2_': 1.0, '_a3_': 1.0, '_a4_': 1.0, '_a6_': 1.0}};{'d0': 1.3195086037842492};-46.4694522164048;15.616303211874001
79;-7.61842289632843;(cos((x1 * _a5_)) * _a7_);{'d0': {'_a5_': 0.8527232549633716, '_a7_': 0.8886565017893037, '_a0_': 1.0, '_a1_': 1.0, '_a2_': 1.0, '_a3_': 1.0, '_a4_': 1.0, '_a6_': 1.0}};{'d0': 1.3195086037842492};-46.4694522164048;15.616303211874001
80;-7.61842289632843;(cos((x1 * _a5_)) * _a7_);{'d0': {'_a5_': 0.8527232549633716, '_a7_': 0.8886565017893037, '_a0_': 1.0, '_a1_': 1.0, '_a2_': 1.0, '_a3_': 1.0, '_a4_': 1.0, '_a6_': 1.0}};{'d0': 1.3195086037842492};-46.4694522164048;15.616303211874001
81;-7.61842289632843;(cos((x1 * _a5_)) * _a7_);{'d0': {'_a5_': 0.8527232549633716, '_a7_': 0.8886565017893037, '_a0_': 1.0, '_a1_': 1.0, '_a2_': 1.0, '_a3_': 1.0, '_a4_': 1.0, '_a6_': 1.0}};{'d0': 1.3195086037842492};-46.4694522164048;15.616303211874001
82;-7.61842289632843;(cos((x1 * _a5_)) * _a7_);{'d0': {'_a5_': 0.8527232549633716, '_a7_': 0.8886565017893037, '_a0_': 1.0, '_a1_': 1.0, '_a2_': 1.0, '_a3_': 1.0, '_a4_': 1.0, '_a6_': 1.0}};{'d0': 1.3195086037842492};-46.4694522164048;15.616303211874001
83;-7.61842289632843;(cos((x1 * _a5_)) * _a7_);{'d0': {'_a5_': 0.8527232549633716, '_a7_': 0.8886565017893037, '_a0_': 1.0, '_a1_': 1.0, '_a2_': 1.0, '_a3_': 1.0, '_a4_': 1.0, '_a6_': 1.0}};{'d0': 1.3195086037842492};-46.4694522164048;15.616303211874001
84;-7.61842289632843;(cos((x1 * _a5_)) * _a7_);{'d0': {'_a5_': 0.8527232549633716, '_a7_': 0.8886565017893037, '_a0_': 1.0, '_a1_': 1.0, '_a2_': 1.0, '_a3_': 1.0, '_a4_': 1.0, '_a6_': 1.0}};{'d0': 1.3195086037842492};-46.4694522164048;15.616303211874001
85;-7.61842289632843;(cos((x1 * _a5_)) * _a7_);{'d0': {'_a5_': 0.8527232549633716, '_a7_': 0.8886565017893037, '_a0_': 1.0, '_a1_': 1.0, '_a2_': 1.0, '_a3_': 1.0, '_a4_': 1.0, '_a6_': 1.0}};{'d0': 1.3195086037842492};-46.4694522164048;15.616303211874001
86;-7.61842289632843;(cos((x1 * _a5_)) * _a7_);{'d0': {'_a5_': 0.8527232549633716, '_a7_': 0.8886565017893037, '_a0_': 1.0, '_a1_': 1.0, '_a2_': 1.0, '_a3_': 1.0, '_a4_': 1.0, '_a6_': 1.0}};{'d0': 1.3195086037842492};-46.4694522164048;15.616303211874001
87;-7.61842289632843;(cos((x1 * _a5_)) * _a7_);{'d0': {'_a5_': 0.8527232549633716, '_a7_': 0.8886565017893037, '_a0_': 1.0, '_a1_': 1.0, '_a2_': 1.0, '_a3_': 1.0, '_a4_': 1.0, '_a6_': 1.0}};{'d0': 1.3195086037842492};-46.4694522164048;15.616303211874001
88;-7.61842289632843;(cos((x1 * _a5_)) * _a7_);{'d0': {'_a5_': 0.8527232549633716, '_a7_': 0.8886565017893037, '_a0_': 1.0, '_a1_': 1.0, '_a2_': 1.0, '_a3_': 1.0, '_a4_': 1.0, '_a6_': 1.0}};{'d0': 1.3195086037842492};-46.4694522164048;15.616303211874001
89;-7.61842289632843;(cos((x1 * _a5_)) * _a7_);{'d0': {'_a5_': 0.8527232549633716, '_a7_': 0.8886565017893037, '_a0_': 1.0, '_a1_': 1.0, '_a2_': 1.0, '_a3_': 1.0, '_a4_': 1.0, '_a6_': 1.0}};{'d0': 1.3195086037842492};-46.4694522164048;15.616303211874001
90;-7.61842289632843;(cos((x1 * _a5_)) * _a7_);{'d0': {'_a5_': 0.8527232549633716, '_a7_': 0.8886565017893037, '_a0_': 1.0, '_a1_': 1.0, '_a2_': 1.0, '_a3_': 1.0, '_a4_': 1.0, '_a6_': 1.0}};{'d0': 1.3195086037842492};-46.4694522164048;15.616303211874001
91;-7.61842289632843;(cos((x1 * _a5_)) * _a7_);{'d0': {'_a5_': 0.8527232549633716, '_a7_': 0.8886565017893037, '_a0_': 1.0, '_a1_': 1.0, '_a2_': 1.0, '_a3_': 1.0, '_a4_': 1.0, '_a6_': 1.0}};{'d0': 1.3195086037842492};-46.4694522164048;15.616303211874001
92;-7.61842289632843;(cos((x1 * _a5_)) * _a7_);{'d0': {'_a5_': 0.8527232549633716, '_a7_': 0.8886565017893037, '_a0_': 1.0, '_a1_': 1.0, '_a2_': 1.0, '_a3_': 1.0, '_a4_': 1.0, '_a6_': 1.0}};{'d0': 1.3195086037842492};-46.4694522164048;15.616303211874001
93;-7.61842289632843;(cos((x1 * _a5_)) * _a7_);{'d0': {'_a5_': 0.8527232549633716, '_a7_': 0.8886565017893037, '_a0_': 1.0, '_a1_': 1.0, '_a2_': 1.0, '_a3_': 1.0, '_a4_': 1.0, '_a6_': 1.0}};{'d0': 1.3195086037842492};-46.4694522164048;15.616303211874001
94;-7.61842289632843;(cos((x1 * _a5_)) * _a7_);{'d0': {'_a5_': 0.8527232549633716, '_a7_': 0.8886565017893037, '_a0_': 1.0, '_a1_': 1.0, '_a2_': 1.0, '_a3_': 1.0, '_a4_': 1.0, '_a6_': 1.0}};{'d0': 1.3195086037842492};-46.4694522164048;15.616303211874001
95;-7.61842289632843;(cos((x1 * _a5_)) * _a7_);{'d0': {'_a5_': 0.8527232549633716, '_a7_': 0.8886565017893037, '_a0_': 1.0, '_a1_': 1.0, '_a2_': 1.0, '_a3_': 1.0, '_a4_': 1.0, '_a6_': 1.0}};{'d0': 1.3195086037842492};-46.4694522164048;15.616303211874001
96;-7.61842289632843;(cos((x1 * _a5_)) * _a7_);{'d0': {'_a5_': 0.8527232549633716, '_a7_': 0.8886565017893037, '_a0_': 1.0, '_a1_': 1.0, '_a2_': 1.0, '_a3_': 1.0, '_a4_': 1.0, '_a6_': 1.0}};{'d0': 1.3195086037842492};-46.4694522164048;15.616303211874001
97;-7.61842289632843;(cos((x1 * _a5_)) * _a7_);{'d0': {'_a5_': 0.8527232549633716, '_a7_': 0.8886565017893037, '_a0_': 1.0, '_a1_': 1.0, '_a2_': 1.0, '_a3_': 1.0, '_a4_': 1.0, '_a6_': 1.0}};{'d0': 1.3195086037842492};-46.4694522164048;15.616303211874001
98;-7.61842289632843;(cos((x1 * _a5_)) * _a7_);{'d0': {'_a5_': 0.8527232549633716, '_a7_': 0.8886565017893037, '_a0_': 1.0, '_a1_': 1.0, '_a2_': 1.0, '_a3_': 1.0, '_a4_': 1.0, '_a6_': 1.0}};{'d0': 1.3195086037842492};-46.4694522164048;15.616303211874001
99;-7.61842289632843;(cos((x1 * _a5_)) * _a7_);{'d0': {'_a5_': 0.8527232549633716, '_a7_': 0.8886565017893037, '_a0_': 1.0, '_a1_': 1.0, '_a2_': 1.0, '_a3_': 1.0, '_a4_': 1.0, '_a6_': 1.0}};{'d0': 1.3195086037842492};-46.4694522164048;15.616303211874001
100;-7.61842289632843;(cos((x1 * _a5_)) * _a7_);{'d0': {'_a5_': 0.8527232549633716, '_a7_': 0.8886565017893037, '_a0_': 1.0, '_a1_': 1.0, '_a2_': 1.0, '_a3_': 1.0, '_a4_': 1.0, '_a6_': 1.0}};{'d0': 1.3195086037842492};-46.4694522164048;15.616303211874001
101;-7.61842289632843;(cos((x1 * _a5_)) * _a7_);{'d0': {'_a5_': 0.8527232549633716, '_a7_': 0.8886565017893037, '_a0_': 1.0, '_a1_': 1.0, '_a2_': 1.0, '_a3_': 1.0, '_a4_': 1.0, '_a6_': 1.0}};{'d0': 1.3195086037842492};-46.4694522164048;15.616303211874001
102;-7.61842289632843;(cos((x1 * _a5_)) * _a7_);{'d0': {'_a5_': 0.8527232549633716, '_a7_': 0.8886565017893037, '_a0_': 1.0, '_a1_': 1.0, '_a2_': 1.0, '_a3_': 1.0, '_a4_': 1.0, '_a6_': 1.0}};{'d0': 1.3195086037842492};-46.4694522164048;15.616303211874001
103;-7.61842289632843;(cos((x1 * _a5_)) * _a7_);{'d0': {'_a5_': 0.8527232549633716, '_a7_': 0.8886565017893037, '_a0_': 1.0, '_a1_': 1.0, '_a2_': 1.0, '_a3_': 1.0, '_a4_': 1.0, '_a6_': 1.0}};{'d0': 1.3195086037842492};-46.4694522164048;15.616303211874001
104;-7.61842289632843;(cos((x1 * _a5_)) * _a7_);{'d0': {'_a5_': 0.8527232549633716, '_a7_': 0.8886565017893037, '_a0_': 1.0, '_a1_': 1.0, '_a2_': 1.0, '_a3_': 1.0, '_a4_': 1.0, '_a6_': 1.0}};{'d0': 1.3195086037842492};-46.4694522164048;15.616303211874001
105;-7.61842289632843;(cos((x1 * _a5_)) * _a7_);{'d0': {'_a5_': 0.8527232549633716, '_a7_': 0.8886565017893037, '_a0_': 1.0, '_a1_': 1.0, '_a2_': 1.0, '_a3_': 1.0, '_a4_': 1.0, '_a6_': 1.0}};{'d0': 1.3195086037842492};-46.4694522164048;15.616303211874001
106;20.5773813363268;_a0_;{'d0': {'_a0_': 0.6116066148990904, '_a1_': 1.0, '_a2_': 1.0, '_a3_': 1.0, '_a4_': 1.0, '_a5_': 1.0, '_a6_': 1.0, '_a7_': 1.0}};{'d0': 6.085458391248631};41.1547626726536;0.0
107;20.5773813363268;_a0_;{'d0': {'_a0_': 0.6116066148990904, '_a1_': 1.0, '_a2_': 1.0, '_a3_': 1.0, '_a4_': 1.0, '_a5_': 1.0, '_a6_': 1.0, '_a7_': 1.0}};{'d0': 6.085458391248631};41.1547626726536;0.0
108;20.5773813363268;_a0_;{'d0': {'_a0_': 0.6116066148990904, '_a1_': 1.0, '_a2_': 1.0, '_a3_': 1.0, '_a4_': 1.0, '_a5_': 1.0, '_a6_': 1.0, '_a7_': 1.0}};{'d0': 6.085458391248631};41.1547626726536;0.0
109;-8.97170950348793;(cos((x1 * _a7_)) * _a7_);{'d0': {'_a7_': 0.8700137897289546, '_a0_': 1.0, '_a1_': 1.0, '_a2_': 1.0, '_a3_': 1.0, '_a4_': 1.0, '_a5_': 1.0, '_a6_': 1.0}};{'d0': 1.3503838966215682};-49.1760254307239;15.616303211874001
110;-8.97170950348793;(cos((x1 * _a7_)) * _a7_);{'d0': {'_a7_': 0.8700137897289546, '_a0_': 1.0, '_a1_': 1.0, '_a2_': 1.0, '_a3_': 1.0, '_a4_': 1.0, '_a5_': 1.0, '_a6_': 1.0}};{'d0': 1.3503838966215682};-49.1760254307239;15.616303211874001
111;-8.97170950348793;(cos((x1 * _a7_)) * _a7_);{'d0': {'_a7_': 0.8700137897289546, '_a0_': 1.0, '_a1_': 1.0, '_a2_': 1.0, '_a3_': 1.0, '_a4_': 1.0, '_a5_': 1.0, '_a6_': 1.0}};{'d0': 1.3503838966215682};-49.1760254307239;15.616303211874001
112;-8.97170950348793;(cos((x1 * _a7_)) * _a7_);{'d0': {'_a7_': 0.8700137897289546, '_a0_': 1.0, '_a1_': 1.0, '_a2_': 1.0, '_a3_': 1.0, '_a4_': 1.0, '_a5_': 1.0, '_a6_': 1.0}};{'d0': 1.3503838966215682};-49.1760254307239;15.616303211874001
113;-8.97170950348793;(cos((x1 * _a7_)) * _a7_);{'d0': {'_a7_': 0.8700137897289546, '_a0_': 1.0, '_a1_': 1.0, '_a2_': 1.0, '_a3_': 1.0, '_a4_': 1.0, '_a5_': 1.0, '_a6_': 1.0}};{'d0': 1.3503838966215682};-49.1760254307239;15.616303211874001
114;-8.97170950348793;(cos((x1 * _a7_)) * _a7_);{'d0': {'_a7_': 0.8700137897289546, '_a0_': 1.0, '_a1_': 1.0, '_a2_': 1.0, '_a3_': 1.0, '_a4_': 1.0, '_a5_': 1.0, '_a6_': 1.0}};{'d0': 1.3503838966215682};-49.1760254307239;15.616303211874001
115;-8.97170950348793;(cos((x1 * _a7_)) * _a7_);{'d0': {'_a7_': 0.8700137897289546, '_a0_': 1.0, '_a1_': 1.0, '_a2_': 1.0, '_a3_': 1.0, '_a4_': 1.0, '_a5_': 1.0, '_a6_': 1.0}};{'d0': 1.3503838966215682};-49.1760254307239;15.616303211874001
116;-8.97170950348793;(cos((x1 * _a7_)) * _a7_);{'d0': {'_a7_': 0.8700137897289546, '_a0_': 1.0, '_a1_': 1.0, '_a2_': 1.0, '_a3_': 1.0, '_a4_': 1.0, '_a5_': 1.0, '_a6_': 1.0}};{'d0': 1.3503838966215682};-49.1760254307239;15.616303211874001
117;-8.97170950348793;(cos((x1 * _a7_)) * _a7_);{'d0': {'_a7_': 0.8700137897289546, '_a0_': 1.0, '_a1_': 1.0, '_a2_': 1.0, '_a3_': 1.0, '_a4_': 1.0, '_a5_': 1.0, '_a6_': 1.0}};{'d0': 1.3503838966215682};-49.1760254307239;15.616303211874001
118;-8.97170950348793;(cos((x1 * _a7_)) * _a7_);{'d0': {'_a7_': 0.8700137897289546, '_a0_': 1.0, '_a1_': 1.0, '_a2_': 1.0, '_a3_': 1.0, '_a4_': 1.0, '_a5_': 1.0, '_a6_': 1.0}};{'d0': 1.3503838966215682};-49.1760254307239;15.616303211874001
119;-8.97170950348793;(cos((x1 * _a7_)) * _a7_);{'d0': {'_a7_': 0.8700137897289546, '_a0_': 1.0, '_a1_': 1.0, '_a2_': 1.0, '_a3_': 1.0, '_a4_': 1.0, '_a5_': 1.0, '_a6_': 1.0}};{'d0': 1.3503838966215682};-49.1760254307239;15.616303211874001
120;-8.97170950348793;(cos((x1 * _a7_)) * _a7_);{'d0': {'_a7_': 0.8700137897289546, '_a0_': 1.0, '_a1_': 1.0, '_a2_': 1.0, '_a3_': 1.0, '_a4_': 1.0, '_a5_': 1.0, '_a6_': 1.0}};{'d0': 1.3503838966215682};-49.1760254307239;15.616303211874001
121;-8.97170950348793;(cos((x1 * _a7_)) * _a7_);{'d0': {'_a7_': 0.8700137897289546, '_a0_': 1.0, '_a1_': 1.0, '_a2_': 1.0, '_a3_': 1.0, '_a4_': 1.0, '_a5_': 1.0, '_a6_': 1.0}};{'d0': 1.3503838966215682};-49.1760254307239;15.616303211874001
122;-8.97170950348793;(cos((x1 * _a7_)) * _a7_);{'d0': {'_a7_': 0.8700137897289546, '_a0_': 1.0, '_a1_': 1.0, '_a2_': 1.0, '_a3_': 1.0, '_a4_': 1.0, '_a5_': 1.0, '_a6_': 1.0}};{'d0': 1.3503838966215682};-49.1760254307239;15.616303211874001
123;-8.97170950348793;(cos((x1 * _a7_)) * _a7_);{'d0': {'_a7_': 0.8700137897289546, '_a0_': 1.0, '_a1_': 1.0, '_a2_': 1.0, '_a3_': 1.0, '_a4_': 1.0, '_a5_': 1.0, '_a6_': 1.0}};{'d0': 1.3503838966215682};-49.1760254307239;15.616303211874001
124;-8.97170950348793;(cos((x1 * _a7_)) * _a7_);{'d0': {'_a7_': 0.8700137897289546, '_a0_': 1.0, '_a1_': 1.0, '_a2_': 1.0, '_a3_': 1.0, '_a4_': 1.0, '_a5_': 1.0, '_a6_': 1.0}};{'d0': 1.3503838966215682};-49.1760254307239;15.616303211874001
125;-8.97170950348793;(cos((x1 * _a7_)) * _a7_);{'d0': {'_a7_': 0.8700137897289546, '_a0_': 1.0, '_a1_': 1.0, '_a2_': 1.0, '_a3_': 1.0, '_a4_': 1.0, '_a5_': 1.0, '_a6_': 1.0}};{'d0': 1.3503838966215682};-49.1760254307239;15.616303211874001
126;-8.97170950348793;(cos((x1 * _a7_)) * _a7_);{'d0': {'_a7_': 0.8700137897289546, '_a0_': 1.0, '_a1_': 1.0, '_a2_': 1.0, '_a3_': 1.0, '_a4_': 1.0, '_a5_': 1.0, '_a6_': 1.0}};{'d0': 1.3503838966215682};-49.1760254307239;15.616303211874001
127;-8.97170950348793;(cos((x1 * _a7_)) * _a7_);{'d0': {'_a7_': 0.8700137897289546, '_a0_': 1.0, '_a1_': 1.0, '_a2_': 1.0, '_a3_': 1.0, '_a4_': 1.0, '_a5_': 1.0, '_a6_': 1.0}};{'d0': 1.3503838966215682};-49.1760254307239;15.616303211874001
128;-8.97170950348793;(cos((x1 * _a7_)) * _a7_);{'d0': {'_a7_': 0.8700137897289546, '_a0_': 1.0, '_a1_': 1.0, '_a2_': 1.0, '_a3_': 1.0, '_a4_': 1.0, '_a5_': 1.0, '_a6_': 1.0}};{'d0': 1.3503838966215682};-49.1760254307239;15.616303211874001
129;-8.97170950348793;(cos((x1 * _a7_)) * _a7_);{'d0': {'_a7_': 0.8700137897289546, '_a0_': 1.0, '_a1_': 1.0, '_a2_': 1.0, '_a3_': 1.0, '_a4_': 1.0, '_a5_': 1.0, '_a6_': 1.0}};{'d0': 1.3503838966215682};-49.1760254307239;15.616303211874001
130;-8.97170950348793;(cos((x1 * _a7_)) * _a7_);{'d0': {'_a7_': 0.8700137897289546, '_a0_': 1.0, '_a1_': 1.0, '_a2_': 1.0, '_a3_': 1.0, '_a4_': 1.0, '_a5_': 1.0, '_a6_': 1.0}};{'d0': 1.3503838966215682};-49.1760254307239;15.616303211874001
131;-8.97170950348793;(cos((x1 * _a7_)) * _a7_);{'d0': {'_a7_': 0.8700137897289546, '_a0_': 1.0, '_a1_': 1.0, '_a2_': 1.0, '_a3_': 1.0, '_a4_': 1.0, '_a5_': 1.0, '_a6_': 1.0}};{'d0': 1.3503838966215682};-49.1760254307239;15.616303211874001
132;-8.97170950348793;(cos((x1 * _a7_)) * _a7_);{'d0': {'_a7_': 0.8700137897289546, '_a0_': 1.0, '_a1_': 1.0, '_a2_': 1.0, '_a3_': 1.0, '_a4_': 1.0, '_a5_': 1.0, '_a6_': 1.0}};{'d0': 1.3503838966215682};-49.1760254307239;15.616303211874001
133;-8.97170950348793;(cos((x1 * _a7_)) * _a7_);{'d0': {'_a7_': 0.8700137897289546, '_a0_': 1.0, '_a1_': 1.0, '_a2_': 1.0, '_a3_': 1.0, '_a4_': 1.0, '_a5_': 1.0, '_a6_': 1.0}};{'d0': 1.3503838966215682};-49.1760254307239;15.616303211874001
134;-8.97170950348793;(cos((x1 * _a7_)) * _a7_);{'d0': {'_a7_': 0.8700137897289546, '_a0_': 1.0, '_a1_': 1.0, '_a2_': 1.0, '_a3_': 1.0, '_a4_': 1.0, '_a5_': 1.0, '_a6_': 1.0}};{'d0': 1.3503838966215682};-49.1760254307239;15.616303211874001
135;-8.97170950348793;(cos((x1 * _a7_)) * _a7_);{'d0': {'_a7_': 0.8700137897289546, '_a0_': 1.0, '_a1_': 1.0, '_a2_': 1.0, '_a3_': 1.0, '_a4_': 1.0, '_a5_': 1.0, '_a6_': 1.0}};{'d0': 1.3503838966215682};-49.1760254307239;15.616303211874001
136;-8.97170950348793;(cos((x1 * _a7_)) * _a7_);{'d0': {'_a7_': 0.8700137897289546, '_a0_': 1.0, '_a1_': 1.0, '_a2_': 1.0, '_a3_': 1.0, '_a4_': 1.0, '_a5_': 1.0, '_a6_': 1.0}};{'d0': 1.3503838966215682};-49.1760254307239;15.616303211874001
137;-8.97170950348793;(cos((x1 * _a7_)) * _a7_);{'d0': {'_a7_': 0.8700137897289546, '_a0_': 1.0, '_a1_': 1.0, '_a2_': 1.0, '_a3_': 1.0, '_a4_': 1.0, '_a5_': 1.0, '_a6_': 1.0}};{'d0': 1.3503838966215682};-49.1760254307239;15.616303211874001
138;-8.97170950348793;(cos((x1 * _a7_)) * _a7_);{'d0': {'_a7_': 0.8700137897289546, '_a0_': 1.0, '_a1_': 1.0, '_a2_': 1.0, '_a3_': 1.0, '_a4_': 1.0, '_a5_': 1.0, '_a6_': 1.0}};{'d0': 1.3503838966215682};-49.1760254307239;15.616303211874001
139;-8.97170950348793;(cos((x1 * _a7_)) * _a7_);{'d0': {'_a7_': 0.8700137897289546, '_a0_': 1.0, '_a1_': 1.0, '_a2_': 1.0, '_a3_': 1.0, '_a4_': 1.0, '_a5_': 1.0, '_a6_': 1.0}};{'d0': 1.3503838966215682};-49.1760254307239;15.616303211874001
140;-8.97170950348793;(cos((x1 * _a7_)) * _a7_);{'d0': {'_a7_': 0.8700137897289546, '_a0_': 1.0, '_a1_': 1.0, '_a2_': 1.0, '_a3_': 1.0, '_a4_': 1.0, '_a5_': 1.0, '_a6_': 1.0}};{'d0': 1.3503838966215682};-49.1760254307239;15.616303211874001
141;-8.97170950348793;(cos((x1 * _a7_)) * _a7_);{'d0': {'_a7_': 0.8700137897289546, '_a0_': 1.0, '_a1_': 1.0, '_a2_': 1.0, '_a3_': 1.0, '_a4_': 1.0, '_a5_': 1.0, '_a6_': 1.0}};{'d0': 1.3503838966215682};-49.1760254307239;15.616303211874001
142;-8.97170950348793;(cos((x1 * _a7_)) * _a7_);{'d0': {'_a7_': 0.8700137897289546, '_a0_': 1.0, '_a1_': 1.0, '_a2_': 1.0, '_a3_': 1.0, '_a4_': 1.0, '_a5_': 1.0, '_a6_': 1.0}};{'d0': 1.3503838966215682};-49.1760254307239;15.616303211874001
143;-8.97170950348793;(cos((x1 * _a7_)) * _a7_);{'d0': {'_a7_': 0.8700137897289546, '_a0_': 1.0, '_a1_': 1.0, '_a2_': 1.0, '_a3_': 1.0, '_a4_': 1.0, '_a5_': 1.0, '_a6_': 1.0}};{'d0': 1.3503838966215682};-49.1760254307239;15.616303211874001
144;-8.97170950348793;(cos((x1 * _a7_)) * _a7_);{'d0': {'_a7_': 0.8700137897289546, '_a0_': 1.0, '_a1_': 1.0, '_a2_': 1.0, '_a3_': 1.0, '_a4_': 1.0, '_a5_': 1.0, '_a6_': 1.0}};{'d0': 1.3503838966215682};-49.1760254307239;15.616303211874001
145;-8.97170950348793;(cos((x1 * _a7_)) * _a7_);{'d0': {'_a7_': 0.8700137897289546, '_a0_': 1.0, '_a1_': 1.0, '_a2_': 1.0, '_a3_': 1.0, '_a4_': 1.0, '_a5_': 1.0, '_a6_': 1.0}};{'d0': 1.3503838966215682};-49.1760254307239;15.616303211874001
146;-8.97170950348793;(cos((x1 * _a7_)) * _a7_);{'d0': {'_a7_': 0.8700137897289546, '_a0_': 1.0, '_a1_': 1.0, '_a2_': 1.0, '_a3_': 1.0, '_a4_': 1.0, '_a5_': 1.0, '_a6_': 1.0}};{'d0': 1.3503838966215682};-49.1760254307239;15.616303211874001
147;-8.97170950348793;(cos((x1 * _a7_)) * _a7_);{'d0': {'_a7_': 0.8700137897289546, '_a0_': 1.0, '_a1_': 1.0, '_a2_': 1.0, '_a3_': 1.0, '_a4_': 1.0, '_a5_': 1.0, '_a6_': 1.0}};{'d0': 1.3503838966215682};-49.1760254307239;15.616303211874001
148;-8.97170950348793;(cos((x1 * _a7_)) * _a7_);{'d0': {'_a7_': 0.8700137897289546, '_a0_': 1.0, '_a1_': 1.0, '_a2_': 1.0, '_a3_': 1.0, '_a4_': 1.0, '_a5_': 1.0, '_a6_': 1.0}};{'d0': 1.3503838966215682};-49.1760254307239;15.616303211874001
149;-8.97170950348793;(cos((x1 * _a7_)) * _a7_);{'d0': {'_a7_': 0.8700137897289546, '_a0_': 1.0, '_a1_': 1.0, '_a2_': 1.0, '_a3_': 1.0, '_a4_': 1.0, '_a5_': 1.0, '_a6_': 1.0}};{'d0': 1.3503838966215682};-49.1760254307239;15.616303211874001
150;-8.97170950348793;(cos((x1 * _a7_)) * _a7_);{'d0': {'_a7_': 0.8700137897289546, '_a0_': 1.0, '_a1_': 1.0, '_a2_': 1.0, '_a3_': 1.0, '_a4_': 1.0, '_a5_': 1.0, '_a6_': 1.0}};{'d0': 1.3503838966215682};-49.1760254307239;15.616303211874001
151;-8.97170950348793;(cos((x1 * _a7_)) * _a7_);{'d0': {'_a7_': 0.8700137897289546, '_a0_': 1.0, '_a1_': 1.0, '_a2_': 1.0, '_a3_': 1.0, '_a4_': 1.0, '_a5_': 1.0, '_a6_': 1.0}};{'d0': 1.3503838966215682};-49.1760254307239;15.616303211874001
152;-8.97170950348793;(cos((x1 * _a7_)) * _a7_);{'d0': {'_a7_': 0.8700137897289546, '_a0_': 1.0, '_a1_': 1.0, '_a2_': 1.0, '_a3_': 1.0, '_a4_': 1.0, '_a5_': 1.0, '_a6_': 1.0}};{'d0': 1.3503838966215682};-49.1760254307239;15.616303211874001
153;-8.97170950348793;(cos((x1 * _a7_)) * _a7_);{'d0': {'_a7_': 0.8700137897289546, '_a0_': 1.0, '_a1_': 1.0, '_a2_': 1.0, '_a3_': 1.0, '_a4_': 1.0, '_a5_': 1.0, '_a6_': 1.0}};{'d0': 1.3503838966215682};-49.1760254307239;15.616303211874001
154;-8.97170950348793;(cos((x1 * _a7_)) * _a7_);{'d0': {'_a7_': 0.8700137897289546, '_a0_': 1.0, '_a1_': 1.0, '_a2_': 1.0, '_a3_': 1.0, '_a4_': 1.0, '_a5_': 1.0, '_a6_': 1.0}};{'d0': 1.3503838966215682};-49.1760254307239;15.616303211874001
155;-8.97170950348793;(cos((x1 * _a7_)) * _a7_);{'d0': {'_a7_': 0.8700137897289546, '_a0_': 1.0, '_a1_': 1.0, '_a2_': 1.0, '_a3_': 1.0, '_a4_': 1.0, '_a5_': 1.0, '_a6_': 1.0}};{'d0': 1.3503838966215682};-49.1760254307239;15.616303211874001
156;-8.97170950348793;(cos((x1 * _a7_)) * _a7_);{'d0': {'_a7_': 0.8700137897289546, '_a0_': 1.0, '_a1_': 1.0, '_a2_': 1.0, '_a3_': 1.0, '_a4_': 1.0, '_a5_': 1.0, '_a6_': 1.0}};{'d0': 1.3503838966215682};-49.1760254307239;15.616303211874001
157;-8.97170950348793;(cos((x1 * _a7_)) * _a7_);{'d0': {'_a7_': 0.8700137897289546, '_a0_': 1.0, '_a1_': 1.0, '_a2_': 1.0, '_a3_': 1.0, '_a4_': 1.0, '_a5_': 1.0, '_a6_': 1.0}};{'d0': 1.3503838966215682};-49.1760254307239;15.616303211874001
158;-8.97170950348793;(cos((x1 * _a7_)) * _a7_);{'d0': {'_a7_': 0.8700137897289546, '_a0_': 1.0, '_a1_': 1.0, '_a2_': 1.0, '_a3_': 1.0, '_a4_': 1.0, '_a5_': 1.0, '_a6_': 1.0}};{'d0': 1.3503838966215682};-49.1760254307239;15.616303211874001
159;-8.97170950348793;(cos((x1 * _a7_)) * _a7_);{'d0': {'_a7_': 0.8700137897289546, '_a0_': 1.0, '_a1_': 1.0, '_a2_': 1.0, '_a3_': 1.0, '_a4_': 1.0, '_a5_': 1.0, '_a6_': 1.0}};{'d0': 1.3503838966215682};-49.1760254307239;15.616303211874001
160;-8.97170950348793;(cos((x1 * _a7_)) * _a7_);{'d0': {'_a7_': 0.8700137897289546, '_a0_': 1.0, '_a1_': 1.0, '_a2_': 1.0, '_a3_': 1.0, '_a4_': 1.0, '_a5_': 1.0, '_a6_': 1.0}};{'d0': 1.3503838966215682};-49.1760254307239;15.616303211874001
161;-8.97170950348793;(cos((x1 * _a7_)) * _a7_);{'d0': {'_a7_': 0.8700137897289546, '_a0_': 1.0, '_a1_': 1.0, '_a2_': 1.0, '_a3_': 1.0, '_a4_': 1.0, '_a5_': 1.0, '_a6_': 1.0}};{'d0': 1.3503838966215682};-49.1760254307239;15.616303211874001
162;-8.97170950348793;(cos((x1 * _a7_)) * _a7_);{'d0': {'_a7_': 0.8700137897289546, '_a0_': 1.0, '_a1_': 1.0, '_a2_': 1.0, '_a3_': 1.0, '_a4_': 1.0, '_a5_': 1.0, '_a6_': 1.0}};{'d0': 1.3503838966215682};-49.1760254307239;15.616303211874001
163;-8.97170950348793;(cos((x1 * _a7_)) * _a7_);{'d0': {'_a7_': 0.8700137897289546, '_a0_': 1.0, '_a1_': 1.0, '_a2_': 1.0, '_a3_': 1.0, '_a4_': 1.0, '_a5_': 1.0, '_a6_': 1.0}};{'d0': 1.3503838966215682};-49.1760254307239;15.616303211874001
164;-8.97170950348793;(cos((x1 * _a7_)) * _a7_);{'d0': {'_a7_': 0.8700137897289546, '_a0_': 1.0, '_a1_': 1.0, '_a2_': 1.0, '_a3_': 1.0, '_a4_': 1.0, '_a5_': 1.0, '_a6_': 1.0}};{'d0': 1.3503838966215682};-49.1760254307239;15.616303211874001
165;-8.97170950348793;(cos((x1 * _a7_)) * _a7_);{'d0': {'_a7_': 0.8700137897289546, '_a0_': 1.0, '_a1_': 1.0, '_a2_': 1.0, '_a3_': 1.0, '_a4_': 1.0, '_a5_': 1.0, '_a6_': 1.0}};{'d0': 1.3503838966215682};-49.1760254307239;15.616303211874001
166;-8.97170950348793;(cos((x1 * _a7_)) * _a7_);{'d0': {'_a7_': 0.8700137897289546, '_a0_': 1.0, '_a1_': 1.0, '_a2_': 1.0, '_a3_': 1.0, '_a4_': 1.0, '_a5_': 1.0, '_a6_': 1.0}};{'d0': 1.3503838966215682};-49.1760254307239;15.616303211874001
167;-8.97170950348793;(cos((x1 * _a7_)) * _a7_);{'d0': {'_a7_': 0.8700137897289546, '_a0_': 1.0, '_a1_': 1.0, '_a2_': 1.0, '_a3_': 1.0, '_a4_': 1.0, '_a5_': 1.0, '_a6_': 1.0}};{'d0': 1.3503838966215682};-49.1760254307239;15.616303211874001
168;-8.97170950348793;(cos((x1 * _a7_)) * _a7_);{'d0': {'_a7_': 0.8700137897289546, '_a0_': 1.0, '_a1_': 1.0, '_a2_': 1.0, '_a3_': 1.0, '_a4_': 1.0, '_a5_': 1.0, '_a6_': 1.0}};{'d0': 1.3503838966215682};-49.1760254307239;15.616303211874001
169;-8.97170950348793;(cos((x1 * _a7_)) * _a7_);{'d0': {'_a7_': 0.8700137897289546, '_a0_': 1.0, '_a1_': 1.0, '_a2_': 1.0, '_a3_': 1.0, '_a4_': 1.0, '_a5_': 1.0, '_a6_': 1.0}};{'d0': 1.3503838966215682};-49.1760254307239;15.616303211874001
170;-8.97170950348793;(cos((x1 * _a7_)) * _a7_);{'d0': {'_a7_': 0.8700137897289546, '_a0_': 1.0, '_a1_': 1.0, '_a2_': 1.0, '_a3_': 1.0, '_a4_': 1.0, '_a5_': 1.0, '_a6_': 1.0}};{'d0': 1.3503838966215682};-49.1760254307239;15.616303211874001
171;-8.97170950348793;(cos((x1 * _a7_)) * _a7_);{'d0': {'_a7_': 0.8700137897289546, '_a0_': 1.0, '_a1_': 1.0, '_a2_': 1.0, '_a3_': 1.0, '_a4_': 1.0, '_a5_': 1.0, '_a6_': 1.0}};{'d0': 1.3503838966215682};-49.1760254307239;15.616303211874001
172;-8.97170950348793;(cos((x1 * _a7_)) * _a7_);{'d0': {'_a7_': 0.8700137897289546, '_a0_': 1.0, '_a1_': 1.0, '_a2_': 1.0, '_a3_': 1.0, '_a4_': 1.0, '_a5_': 1.0, '_a6_': 1.0}};{'d0': 1.3503838966215682};-49.1760254307239;15.616303211874001
173;-8.97170950348793;(cos((x1 * _a7_)) * _a7_);{'d0': {'_a7_': 0.8700137897289546, '_a0_': 1.0, '_a1_': 1.0, '_a2_': 1.0, '_a3_': 1.0, '_a4_': 1.0, '_a5_': 1.0, '_a6_': 1.0}};{'d0': 1.3503838966215682};-49.1760254307239;15.616303211874001
174;-8.97170950348793;(cos((x1 * _a7_)) * _a7_);{'d0': {'_a7_': 0.8700137897289546, '_a0_': 1.0, '_a1_': 1.0, '_a2_': 1.0, '_a3_': 1.0, '_a4_': 1.0, '_a5_': 1.0, '_a6_': 1.0}};{'d0': 1.3503838966215682};-49.1760254307239;15.616303211874001
175;-8.97170950348793;(cos((x1 * _a7_)) * _a7_);{'d0': {'_a7_': 0.8700137897289546, '_a0_': 1.0, '_a1_': 1.0, '_a2_': 1.0, '_a3_': 1.0, '_a4_': 1.0, '_a5_': 1.0, '_a6_': 1.0}};{'d0': 1.3503838966215682};-49.1760254307239;15.616303211874001
176;-8.97170950348793;(cos((x1 * _a7_)) * _a7_);{'d0': {'_a7_': 0.8700137897289546, '_a0_': 1.0, '_a1_': 1.0, '_a2_': 1.0, '_a3_': 1.0, '_a4_': 1.0, '_a5_': 1.0, '_a6_': 1.0}};{'d0': 1.3503838966215682};-49.1760254307239;15.616303211874001
177;-8.97170950348793;(cos((x1 * _a7_)) * _a7_);{'d0': {'_a7_': 0.8700137897289546, '_a0_': 1.0, '_a1_': 1.0, '_a2_': 1.0, '_a3_': 1.0, '_a4_': 1.0, '_a5_': 1.0, '_a6_': 1.0}};{'d0': 1.3503838966215682};-49.1760254307239;15.616303211874001
178;-8.97170950348793;(cos((x1 * _a7_)) * _a7_);{'d0': {'_a7_': 0.8700137897289546, '_a0_': 1.0, '_a1_': 1.0, '_a2_': 1.0, '_a3_': 1.0, '_a4_': 1.0, '_a5_': 1.0, '_a6_': 1.0}};{'d0': 1.3503838966215682};-49.1760254307239;15.616303211874001
179;-8.97170950348793;(cos((x1 * _a7_)) * _a7_);{'d0': {'_a7_': 0.8700137897289546, '_a0_': 1.0, '_a1_': 1.0, '_a2_': 1.0, '_a3_': 1.0, '_a4_': 1.0, '_a5_': 1.0, '_a6_': 1.0}};{'d0': 1.3503838966215682};-49.1760254307239;15.616303211874001
180;-8.97170950348793;(cos((x1 * _a7_)) * _a7_);{'d0': {'_a7_': 0.8700137897289546, '_a0_': 1.0, '_a1_': 1.0, '_a2_': 1.0, '_a3_': 1.0, '_a4_': 1.0, '_a5_': 1.0, '_a6_': 1.0}};{'d0': 1.3503838966215682};-49.1760254307239;15.616303211874001
181;-8.97170950348793;(cos((x1 * _a7_)) * _a7_);{'d0': {'_a7_': 0.8700137897289546, '_a0_': 1.0, '_a1_': 1.0, '_a2_': 1.0, '_a3_': 1.0, '_a4_': 1.0, '_a5_': 1.0, '_a6_': 1.0}};{'d0': 1.3503838966215682};-49.1760254307239;15.616303211874001
182;-8.97170950348793;(cos((x1 * _a7_)) * _a7_);{'d0': {'_a7_': 0.8700137897289546, '_a0_': 1.0, '_a1_': 1.0, '_a2_': 1.0, '_a3_': 1.0, '_a4_': 1.0, '_a5_': 1.0, '_a6_': 1.0}};{'d0': 1.3503838966215682};-49.1760254307239;15.616303211874001
183;-8.97170950348793;(cos((x1 * _a7_)) * _a7_);{'d0': {'_a7_': 0.8700137897289546, '_a0_': 1.0, '_a1_': 1.0, '_a2_': 1.0, '_a3_': 1.0, '_a4_': 1.0, '_a5_': 1.0, '_a6_': 1.0}};{'d0': 1.3503838966215682};-49.1760254307239;15.616303211874001
184;-8.97170950348793;(cos((x1 * _a7_)) * _a7_);{'d0': {'_a7_': 0.8700137897289546, '_a0_': 1.0, '_a1_': 1.0, '_a2_': 1.0, '_a3_': 1.0, '_a4_': 1.0, '_a5_': 1.0, '_a6_': 1.0}};{'d0': 1.3503838966215682};-49.1760254307239;15.616303211874001
185;-8.97170950348793;(cos((x1 * _a7_)) * _a7_);{'d0': {'_a7_': 0.8700137897289546, '_a0_': 1.0, '_a1_': 1.0, '_a2_': 1.0, '_a3_': 1.0, '_a4_': 1.0, '_a5_': 1.0, '_a6_': 1.0}};{'d0': 1.3503838966215682};-49.1760254307239;15.616303211874001
186;-8.97170950348793;(cos((x1 * _a7_)) * _a7_);{'d0': {'_a7_': 0.8700137897289546, '_a0_': 1.0, '_a1_': 1.0, '_a2_': 1.0, '_a3_': 1.0, '_a4_': 1.0, '_a5_': 1.0, '_a6_': 1.0}};{'d0': 1.3503838966215682};-49.1760254307239;15.616303211874001
187;-8.97170950348793;(cos((x1 * _a7_)) * _a7_);{'d0': {'_a7_': 0.8700137897289546, '_a0_': 1.0, '_a1_': 1.0, '_a2_': 1.0, '_a3_': 1.0, '_a4_': 1.0, '_a5_': 1.0, '_a6_': 1.0}};{'d0': 1.3503838966215682};-49.1760254307239;15.616303211874001
188;-8.97170950348793;(cos((x1 * _a7_)) * _a7_);{'d0': {'_a7_': 0.8700137897289546, '_a0_': 1.0, '_a1_': 1.0, '_a2_': 1.0, '_a3_': 1.0, '_a4_': 1.0, '_a5_': 1.0, '_a6_': 1.0}};{'d0': 1.3503838966215682};-49.1760254307239;15.616303211874001
189;-8.97170950348793;(cos((x1 * _a7_)) * _a7_);{'d0': {'_a7_': 0.8700137897289546, '_a0_': 1.0, '_a1_': 1.0, '_a2_': 1.0, '_a3_': 1.0, '_a4_': 1.0, '_a5_': 1.0, '_a6_': 1.0}};{'d0': 1.3503838966215682};-49.1760254307239;15.616303211874001
190;-8.97170950348793;(cos((x1 * _a7_)) * _a7_);{'d0': {'_a7_': 0.8700137897289546, '_a0_': 1.0, '_a1_': 1.0, '_a2_': 1.0, '_a3_': 1.0, '_a4_': 1.0, '_a5_': 1.0, '_a6_': 1.0}};{'d0': 1.3503838966215682};-49.1760254307239;15.616303211874001
191;-8.97170950348793;(cos((x1 * _a7_)) * _a7_);{'d0': {'_a7_': 0.8700137897289546, '_a0_': 1.0, '_a1_': 1.0, '_a2_': 1.0, '_a3_': 1.0, '_a4_': 1.0, '_a5_': 1.0, '_a6_': 1.0}};{'d0': 1.3503838966215682};-49.1760254307239;15.616303211874001
192;-8.97170950348793;(cos((x1 * _a7_)) * _a7_);{'d0': {'_a7_': 0.8700137897289546, '_a0_': 1.0, '_a1_': 1.0, '_a2_': 1.0, '_a3_': 1.0, '_a4_': 1.0, '_a5_': 1.0, '_a6_': 1.0}};{'d0': 1.3503838966215682};-49.1760254307239;15.616303211874001
193;-8.97170950348793;(cos((x1 * _a7_)) * _a7_);{'d0': {'_a7_': 0.8700137897289546, '_a0_': 1.0, '_a1_': 1.0, '_a2_': 1.0, '_a3_': 1.0, '_a4_': 1.0, '_a5_': 1.0, '_a6_': 1.0}};{'d0': 1.3503838966215682};-49.1760254307239;15.616303211874001
194;-5.13784951516852;cos(x1);{'d0': {'_a0_': 1.0, '_a1_': 1.0, '_a2_': 1.0, '_a3_': 1.0, '_a4_': 1.0, '_a5_': 1.0, '_a6_': 1.0, '_a7_': 1.0}};{'d0': 2.2576394498006427};-22.4345186154770;6.07940979257
195;-5.13784951516852;cos(x1);{'d0': {'_a0_': 1.0, '_a1_': 1.0, '_a2_': 1.0, '_a3_': 1.0, '_a4_': 1.0, '_a5_': 1.0, '_a6_': 1.0, '_a7_': 1.0}};{'d0': 2.2576394498006427};-22.4345186154770;6.07940979257
196;-5.13784951516852;cos(x1);{'d0': {'_a0_': 1.0, '_a1_': 1.0, '_a2_': 1.0, '_a3_': 1.0, '_a4_': 1.0, '_a5_': 1.0, '_a6_': 1.0, '_a7_': 1.0}};{'d0': 2.2576394498006427};-22.4345186154770;6.07940979257
197;-5.13784951516852;cos(x1);{'d0': {'_a0_': 1.0, '_a1_': 1.0, '_a2_': 1.0, '_a3_': 1.0, '_a4_': 1.0, '_a5_': 1.0, '_a6_': 1.0, '_a7_': 1.0}};{'d0': 2.2576394498006427};-22.4345186154770;6.07940979257
198;-5.13784951516852;cos(x1);{'d0': {'_a0_': 1.0, '_a1_': 1.0, '_a2_': 1.0, '_a3_': 1.0, '_a4_': 1.0, '_a5_': 1.0, '_a6_': 1.0, '_a7_': 1.0}};{'d0': 2.2576394498006427};-22.4345186154770;6.07940979257
199;-5.13784951516852;cos(x1);{'d0': {'_a0_': 1.0, '_a1_': 1.0, '_a2_': 1.0, '_a3_': 1.0, '_a4_': 1.0, '_a5_': 1.0, '_a6_': 1.0, '_a7_': 1.0}};{'d0': 2.2576394498006427};-22.4345186154770;6.07940979257
200;-5.13784951516852;cos(x1);{'d0': {'_a0_': 1.0, '_a1_': 1.0, '_a2_': 1.0, '_a3_': 1.0, '_a4_': 1.0, '_a5_': 1.0, '_a6_': 1.0, '_a7_': 1.0}};{'d0': 2.2576394498006427};-22.4345186154770;6.07940979257
201;-5.13784951516852;cos(x1);{'d0': {'_a0_': 1.0, '_a1_': 1.0, '_a2_': 1.0, '_a3_': 1.0, '_a4_': 1.0, '_a5_': 1.0, '_a6_': 1.0, '_a7_': 1.0}};{'d0': 2.2576394498006427};-22.4345186154770;6.07940979257
202;-5.13784951516852;cos(x1);{'d0': {'_a0_': 1.0, '_a1_': 1.0, '_a2_': 1.0, '_a3_': 1.0, '_a4_': 1.0, '_a5_': 1.0, '_a6_': 1.0, '_a7_': 1.0}};{'d0': 2.2576394498006427};-22.4345186154770;6.07940979257
203;-5.13784951516852;cos(x1);{'d0': {'_a0_': 1.0, '_a1_': 1.0, '_a2_': 1.0, '_a3_': 1.0, '_a4_': 1.0, '_a5_': 1.0, '_a6_': 1.0, '_a7_': 1.0}};{'d0': 2.2576394498006427};-22.4345186154770;6.07940979257
204;-5.13784951516852;cos(x1);{'d0': {'_a0_': 1.0, '_a1_': 1.0, '_a2_': 1.0, '_a3_': 1.0, '_a4_': 1.0, '_a5_': 1.0, '_a6_': 1.0, '_a7_': 1.0}};{'d0': 2.2576394498006427};-22.4345186154770;6.07940979257
205;-5.13784951516852;cos(x1);{'d0': {'_a0_': 1.0, '_a1_': 1.0, '_a2_': 1.0, '_a3_': 1.0, '_a4_': 1.0, '_a5_': 1.0, '_a6_': 1.0, '_a7_': 1.0}};{'d0': 2.2576394498006427};-22.4345186154770;6.07940979257
206;-5.13784951516852;cos(x1);{'d0': {'_a0_': 1.0, '_a1_': 1.0, '_a2_': 1.0, '_a3_': 1.0, '_a4_': 1.0, '_a5_': 1.0, '_a6_': 1.0, '_a7_': 1.0}};{'d0': 2.2576394498006427};-22.4345186154770;6.07940979257
207;-5.13784951516852;cos(x1);{'d0': {'_a0_': 1.0, '_a1_': 1.0, '_a2_': 1.0, '_a3_': 1.0, '_a4_': 1.0, '_a5_': 1.0, '_a6_': 1.0, '_a7_': 1.0}};{'d0': 2.2576394498006427};-22.4345186154770;6.07940979257
208;-5.13784951516852;cos(x1);{'d0': {'_a0_': 1.0, '_a1_': 1.0, '_a2_': 1.0, '_a3_': 1.0, '_a4_': 1.0, '_a5_': 1.0, '_a6_': 1.0, '_a7_': 1.0}};{'d0': 2.2576394498006427};-22.4345186154770;6.07940979257
209;-5.13784951516852;cos(x1);{'d0': {'_a0_': 1.0, '_a1_': 1.0, '_a2_': 1.0, '_a3_': 1.0, '_a4_': 1.0, '_a5_': 1.0, '_a6_': 1.0, '_a7_': 1.0}};{'d0': 2.2576394498006427};-22.4345186154770;6.07940979257
210;-5.13784951516852;cos(x1);{'d0': {'_a0_': 1.0, '_a1_': 1.0, '_a2_': 1.0, '_a3_': 1.0, '_a4_': 1.0, '_a5_': 1.0, '_a6_': 1.0, '_a7_': 1.0}};{'d0': 2.2576394498006427};-22.4345186154770;6.07940979257
211;-5.13784951516852;cos(x1);{'d0': {'_a0_': 1.0, '_a1_': 1.0, '_a2_': 1.0, '_a3_': 1.0, '_a4_': 1.0, '_a5_': 1.0, '_a6_': 1.0, '_a7_': 1.0}};{'d0': 2.2576394498006427};-22.4345186154770;6.07940979257
212;-5.13784951516852;cos(x1);{'d0': {'_a0_': 1.0, '_a1_': 1.0, '_a2_': 1.0, '_a3_': 1.0, '_a4_': 1.0, '_a5_': 1.0, '_a6_': 1.0, '_a7_': 1.0}};{'d0': 2.2576394498006427};-22.4345186154770;6.07940979257
213;-5.13784951516852;cos(x1);{'d0': {'_a0_': 1.0, '_a1_': 1.0, '_a2_': 1.0, '_a3_': 1.0, '_a4_': 1.0, '_a5_': 1.0, '_a6_': 1.0, '_a7_': 1.0}};{'d0': 2.2576394498006427};-22.4345186154770;6.07940979257
214;-5.13784951516852;cos(x1);{'d0': {'_a0_': 1.0, '_a1_': 1.0, '_a2_': 1.0, '_a3_': 1.0, '_a4_': 1.0, '_a5_': 1.0, '_a6_': 1.0, '_a7_': 1.0}};{'d0': 2.2576394498006427};-22.4345186154770;6.07940979257
215;-5.13784951516852;cos(x1);{'d0': {'_a0_': 1.0, '_a1_': 1.0, '_a2_': 1.0, '_a3_': 1.0, '_a4_': 1.0, '_a5_': 1.0, '_a6_': 1.0, '_a7_': 1.0}};{'d0': 2.2576394498006427};-22.4345186154770;6.07940979257
216;-5.13784951516852;cos(x1);{'d0': {'_a0_': 1.0, '_a1_': 1.0, '_a2_': 1.0, '_a3_': 1.0, '_a4_': 1.0, '_a5_': 1.0, '_a6_': 1.0, '_a7_': 1.0}};{'d0': 2.2576394498006427};-22.4345186154770;6.07940979257
217;-63.7440118114646;log(((_a0_ * x1) + _a7_));{'d0': {'_a0_': 0.6581654126801065, '_a7_': 2.245443586384535, '_a1_': 1.0, '_a2_': 1.0, '_a3_': 1.0, '_a4_': 1.0, '_a5_': 1.0, '_a6_': 1.0}};{'d0': 0.20053025132273364};-159.512425914191;16.012201145631
218;-63.7440118114646;log(((_a0_ * x1) + _a7_));{'d0': {'_a0_': 0.6581654126801065, '_a7_': 2.245443586384535, '_a1_': 1.0, '_a2_': 1.0, '_a3_': 1.0, '_a4_': 1.0, '_a5_': 1.0, '_a6_': 1.0}};{'d0': 0.20053025132273364};-159.512425914191;16.012201145631
219;-63.7440118114646;log(((_a0_ * x1) + _a7_));{'d0': {'_a0_': 0.6581654126801065, '_a7_': 2.245443586384535, '_a1_': 1.0, '_a2_': 1.0, '_a3_': 1.0, '_a4_': 1.0, '_a5_': 1.0, '_a6_': 1.0}};{'d0': 0.20053025132273364};-159.512425914191;16.012201145631
220;-63.7440118114646;log(((_a0_ * x1) + _a7_));{'d0': {'_a0_': 0.6581654126801065, '_a7_': 2.245443586384535, '_a1_': 1.0, '_a2_': 1.0, '_a3_': 1.0, '_a4_': 1.0, '_a5_': 1.0, '_a6_': 1.0}};{'d0': 0.20053025132273364};-159.512425914191;16.012201145631
221;-63.7440118114646;log(((_a0_ * x1) + _a7_));{'d0': {'_a0_': 0.6581654126801065, '_a7_': 2.245443586384535, '_a1_': 1.0, '_a2_': 1.0, '_a3_': 1.0, '_a4_': 1.0, '_a5_': 1.0, '_a6_': 1.0}};{'d0': 0.20053025132273364};-159.512425914191;16.012201145631
222;-63.7440118114646;log(((_a0_ * x1) + _a7_));{'d0': {'_a0_': 0.6581654126801065, '_a7_': 2.245443586384535, '_a1_': 1.0, '_a2_': 1.0, '_a3_': 1.0, '_a4_': 1.0, '_a5_': 1.0, '_a6_': 1.0}};{'d0': 0.20053025132273364};-159.512425914191;16.012201145631
223;-63.7440118114646;log(((_a0_ * x1) + _a7_));{'d0': {'_a0_': 0.6581654126801065, '_a7_': 2.245443586384535, '_a1_': 1.0, '_a2_': 1.0, '_a3_': 1.0, '_a4_': 1.0, '_a5_': 1.0, '_a6_': 1.0}};{'d0': 0.20053025132273364};-159.512425914191;16.012201145631
224;-63.7440118114646;log(((_a0_ * x1) + _a7_));{'d0': {'_a0_': 0.6581654126801065, '_a7_': 2.245443586384535, '_a1_': 1.0, '_a2_': 1.0, '_a3_': 1.0, '_a4_': 1.0, '_a5_': 1.0, '_a6_': 1.0}};{'d0': 0.20053025132273364};-159.512425914191;16.012201145631
225;-63.7440118114646;log(((_a0_ * x1) + _a7_));{'d0': {'_a0_': 0.6581654126801065, '_a7_': 2.245443586384535, '_a1_': 1.0, '_a2_': 1.0, '_a3_': 1.0, '_a4_': 1.0, '_a5_': 1.0, '_a6_': 1.0}};{'d0': 0.20053025132273364};-159.512425914191;16.012201145631
226;-63.7440118114646;log(((_a0_ * x1) + _a7_));{'d0': {'_a0_': 0.6581654126801065, '_a7_': 2.245443586384535, '_a1_': 1.0, '_a2_': 1.0, '_a3_': 1.0, '_a4_': 1.0, '_a5_': 1.0, '_a6_': 1.0}};{'d0': 0.20053025132273364};-159.512425914191;16.012201145631
227;-63.7440118114646;log(((_a0_ * x1) + _a7_));{'d0': {'_a0_': 0.6581654126801065, '_a7_': 2.245443586384535, '_a1_': 1.0, '_a2_': 1.0, '_a3_': 1.0, '_a4_': 1.0, '_a5_': 1.0, '_a6_': 1.0}};{'d0': 0.20053025132273364};-159.512425914191;16.012201145631
228;-63.7440118114646;log(((_a0_ * x1) + _a7_));{'d0': {'_a0_': 0.6581654126801065, '_a7_': 2.245443586384535, '_a1_': 1.0, '_a2_': 1.0, '_a3_': 1.0, '_a4_': 1.0, '_a5_': 1.0, '_a6_': 1.0}};{'d0': 0.20053025132273364};-159.512425914191;16.012201145631
229;-63.7440118114646;log(((_a0_ * x1) + _a7_));{'d0': {'_a0_': 0.6581654126801065, '_a7_': 2.245443586384535, '_a1_': 1.0, '_a2_': 1.0, '_a3_': 1.0, '_a4_': 1.0, '_a5_': 1.0, '_a6_': 1.0}};{'d0': 0.20053025132273364};-159.512425914191;16.012201145631
230;-63.7440118114646;log(((_a0_ * x1) + _a7_));{'d0': {'_a0_': 0.6581654126801065, '_a7_': 2.245443586384535, '_a1_': 1.0, '_a2_': 1.0, '_a3_': 1.0, '_a4_': 1.0, '_a5_': 1.0, '_a6_': 1.0}};{'d0': 0.20053025132273364};-159.512425914191;16.012201145631
231;-63.7440118114646;log(((_a0_ * x1) + _a7_));{'d0': {'_a0_': 0.6581654126801065, '_a7_': 2.245443586384535, '_a1_': 1.0, '_a2_': 1.0, '_a3_': 1.0, '_a4_': 1.0, '_a5_': 1.0, '_a6_': 1.0}};{'d0': 0.20053025132273364};-159.512425914191;16.012201145631
232;-63.7440118114646;log(((_a0_ * x1) + _a7_));{'d0': {'_a0_': 0.6581654126801065, '_a7_': 2.245443586384535, '_a1_': 1.0, '_a2_': 1.0, '_a3_': 1.0, '_a4_': 1.0, '_a5_': 1.0, '_a6_': 1.0}};{'d0': 0.20053025132273364};-159.512425914191;16.012201145631
233;-63.7440118114646;log(((_a0_ * x1) + _a7_));{'d0': {'_a0_': 0.6581654126801065, '_a7_': 2.245443586384535, '_a1_': 1.0, '_a2_': 1.0, '_a3_': 1.0, '_a4_': 1.0, '_a5_': 1.0, '_a6_': 1.0}};{'d0': 0.20053025132273364};-159.512425914191;16.012201145631
234;-63.7440118114646;log(((_a0_ * x1) + _a7_));{'d0': {'_a0_': 0.6581654126801065, '_a7_': 2.245443586384535, '_a1_': 1.0, '_a2_': 1.0, '_a3_': 1.0, '_a4_': 1.0, '_a5_': 1.0, '_a6_': 1.0}};{'d0': 0.20053025132273364};-159.512425914191;16.012201145631
235;-63.7440118114646;log(((_a0_ * x1) + _a7_));{'d0': {'_a0_': 0.6581654126801065, '_a7_': 2.245443586384535, '_a1_': 1.0, '_a2_': 1.0, '_a3_': 1.0, '_a4_': 1.0, '_a5_': 1.0, '_a6_': 1.0}};{'d0': 0.20053025132273364};-159.512425914191;16.012201145631
236;-63.7440118114646;log(((_a0_ * x1) + _a7_));{'d0': {'_a0_': 0.6581654126801065, '_a7_': 2.245443586384535, '_a1_': 1.0, '_a2_': 1.0, '_a3_': 1.0, '_a4_': 1.0, '_a5_': 1.0, '_a6_': 1.0}};{'d0': 0.20053025132273364};-159.512425914191;16.012201145631
237;-63.7440118114646;log(((_a0_ * x1) + _a7_));{'d0': {'_a0_': 0.6581654126801065, '_a7_': 2.245443586384535, '_a1_': 1.0, '_a2_': 1.0, '_a3_': 1.0, '_a4_': 1.0, '_a5_': 1.0, '_a6_': 1.0}};{'d0': 0.20053025132273364};-159.512425914191;16.012201145631
238;-63.7440118114646;log(((_a0_ * x1) + _a7_));{'d0': {'_a0_': 0.6581654126801065, '_a7_': 2.245443586384535, '_a1_': 1.0, '_a2_': 1.0, '_a3_': 1.0, '_a4_': 1.0, '_a5_': 1.0, '_a6_': 1.0}};{'d0': 0.20053025132273364};-159.512425914191;16.012201145631
239;-63.7440118114646;log(((_a0_ * x1) + _a7_));{'d0': {'_a0_': 0.6581654126801065, '_a7_': 2.245443586384535, '_a1_': 1.0, '_a2_': 1.0, '_a3_': 1.0, '_a4_': 1.0, '_a5_': 1.0, '_a6_': 1.0}};{'d0': 0.20053025132273364};-159.512425914191;16.012201145631
240;-63.7440118114646;log(((_a0_ * x1) + _a7_));{'d0': {'_a0_': 0.6581654126801065, '_a7_': 2.245443586384535, '_a1_': 1.0, '_a2_': 1.0, '_a3_': 1.0, '_a4_': 1.0, '_a5_': 1.0, '_a6_': 1.0}};{'d0': 0.20053025132273364};-159.512425914191;16.012201145631
241;-63.7440118114646;log(((_a0_ * x1) + _a7_));{'d0': {'_a0_': 0.6581654126801065, '_a7_': 2.245443586384535, '_a1_': 1.0, '_a2_': 1.0, '_a3_': 1.0, '_a4_': 1.0, '_a5_': 1.0, '_a6_': 1.0}};{'d0': 0.20053025132273364};-159.512425914191;16.012201145631
242;-63.7440118114646;log(((_a0_ * x1) + _a7_));{'d0': {'_a0_': 0.6581654126801065, '_a7_': 2.245443586384535, '_a1_': 1.0, '_a2_': 1.0, '_a3_': 1.0, '_a4_': 1.0, '_a5_': 1.0, '_a6_': 1.0}};{'d0': 0.20053025132273364};-159.512425914191;16.012201145631
243;-63.7440118114646;log(((_a0_ * x1) + _a7_));{'d0': {'_a0_': 0.6581654126801065, '_a7_': 2.245443586384535, '_a1_': 1.0, '_a2_': 1.0, '_a3_': 1.0, '_a4_': 1.0, '_a5_': 1.0, '_a6_': 1.0}};{'d0': 0.20053025132273364};-159.512425914191;16.012201145631
244;-63.7440118114646;log(((_a0_ * x1) + _a7_));{'d0': {'_a0_': 0.6581654126801065, '_a7_': 2.245443586384535, '_a1_': 1.0, '_a2_': 1.0, '_a3_': 1.0, '_a4_': 1.0, '_a5_': 1.0, '_a6_': 1.0}};{'d0': 0.20053025132273364};-159.512425914191;16.012201145631
245;-63.7440118114646;log(((_a0_ * x1) + _a7_));{'d0': {'_a0_': 0.6581654126801065, '_a7_': 2.245443586384535, '_a1_': 1.0, '_a2_': 1.0, '_a3_': 1.0, '_a4_': 1.0, '_a5_': 1.0, '_a6_': 1.0}};{'d0': 0.20053025132273364};-159.512425914191;16.012201145631
246;-63.7440118114646;log(((_a0_ * x1) + _a7_));{'d0': {'_a0_': 0.6581654126801065, '_a7_': 2.245443586384535, '_a1_': 1.0, '_a2_': 1.0, '_a3_': 1.0, '_a4_': 1.0, '_a5_': 1.0, '_a6_': 1.0}};{'d0': 0.20053025132273364};-159.512425914191;16.012201145631
247;-63.7440118114646;log(((_a0_ * x1) + _a7_));{'d0': {'_a0_': 0.6581654126801065, '_a7_': 2.245443586384535, '_a1_': 1.0, '_a2_': 1.0, '_a3_': 1.0, '_a4_': 1.0, '_a5_': 1.0, '_a6_': 1.0}};{'d0': 0.20053025132273364};-159.512425914191;16.012201145631
248;-63.7440118114646;log(((_a0_ * x1) + _a7_));{'d0': {'_a0_': 0.6581654126801065, '_a7_': 2.245443586384535, '_a1_': 1.0, '_a2_': 1.0, '_a3_': 1.0, '_a4_': 1.0, '_a5_': 1.0, '_a6_': 1.0}};{'d0': 0.20053025132273364};-159.512425914191;16.012201145631
249;-63.7440118114646;log(((_a0_ * x1) + _a7_));{'d0': {'_a0_': 0.6581654126801065, '_a7_': 2.245443586384535, '_a1_': 1.0, '_a2_': 1.0, '_a3_': 1.0, '_a4_': 1.0, '_a5_': 1.0, '_a6_': 1.0}};{'d0': 0.20053025132273364};-159.512425914191;16.012201145631
250;-63.7440118114646;log(((_a0_ * x1) + _a7_));{'d0': {'_a0_': 0.6581654126801065, '_a7_': 2.245443586384535, '_a1_': 1.0, '_a2_': 1.0, '_a3_': 1.0, '_a4_': 1.0, '_a5_': 1.0, '_a6_': 1.0}};{'d0': 0.20053025132273364};-159.512425914191;16.012201145631
251;-63.7440118114646;log(((_a0_ * x1) + _a7_));{'d0': {'_a0_': 0.6581654126801065, '_a7_': 2.245443586384535, '_a1_': 1.0, '_a2_': 1.0, '_a3_': 1.0, '_a4_': 1.0, '_a5_': 1.0, '_a6_': 1.0}};{'d0': 0.20053025132273364};-159.512425914191;16.012201145631
252;-63.7440118114646;log(((_a0_ * x1) + _a7_));{'d0': {'_a0_': 0.6581654126801065, '_a7_': 2.245443586384535, '_a1_': 1.0, '_a2_': 1.0, '_a3_': 1.0, '_a4_': 1.0, '_a5_': 1.0, '_a6_': 1.0}};{'d0': 0.20053025132273364};-159.512425914191;16.012201145631
253;-63.7440118114646;log(((_a0_ * x1) + _a7_));{'d0': {'_a0_': 0.6581654126801065, '_a7_': 2.245443586384535, '_a1_': 1.0, '_a2_': 1.0, '_a3_': 1.0, '_a4_': 1.0, '_a5_': 1.0, '_a6_': 1.0}};{'d0': 0.20053025132273364};-159.512425914191;16.012201145631
254;-63.7440118114646;log(((_a0_ * x1) + _a7_));{'d0': {'_a0_': 0.6581654126801065, '_a7_': 2.245443586384535, '_a1_': 1.0, '_a2_': 1.0, '_a3_': 1.0, '_a4_': 1.0, '_a5_': 1.0, '_a6_': 1.0}};{'d0': 0.20053025132273364};-159.512425914191;16.012201145631
255;-63.7440118114646;log(((_a0_ * x1) + _a7_));{'d0': {'_a0_': 0.6581654126801065, '_a7_': 2.245443586384535, '_a1_': 1.0, '_a2_': 1.0, '_a3_': 1.0, '_a4_': 1.0, '_a5_': 1.0, '_a6_': 1.0}};{'d0': 0.20053025132273364};-159.512425914191;16.012201145631
256;-63.7440118114646;log(((_a0_ * x1) + _a7_));{'d0': {'_a0_': 0.6581654126801065, '_a7_': 2.245443586384535, '_a1_': 1.0, '_a2_': 1.0, '_a3_': 1.0, '_a4_': 1.0, '_a5_': 1.0, '_a6_': 1.0}};{'d0': 0.20053025132273364};-159.512425914191;16.012201145631
257;-63.7440118114646;log(((_a0_ * x1) + _a7_));{'d0': {'_a0_': 0.6581654126801065, '_a7_': 2.245443586384535, '_a1_': 1.0, '_a2_': 1.0, '_a3_': 1.0, '_a4_': 1.0, '_a5_': 1.0, '_a6_': 1.0}};{'d0': 0.20053025132273364};-159.512425914191;16.012201145631
258;-63.7440118114646;log(((_a0_ * x1) + _a7_));{'d0': {'_a0_': 0.6581654126801065, '_a7_': 2.245443586384535, '_a1_': 1.0, '_a2_': 1.0, '_a3_': 1.0, '_a4_': 1.0, '_a5_': 1.0, '_a6_': 1.0}};{'d0': 0.20053025132273364};-159.512425914191;16.012201145631
259;-63.7440118114646;log(((_a0_ * x1) + _a7_));{'d0': {'_a0_': 0.6581654126801065, '_a7_': 2.245443586384535, '_a1_': 1.0, '_a2_': 1.0, '_a3_': 1.0, '_a4_': 1.0, '_a5_': 1.0, '_a6_': 1.0}};{'d0': 0.20053025132273364};-159.512425914191;16.012201145631
260;-63.7440118114646;log(((_a0_ * x1) + _a7_));{'d0': {'_a0_': 0.6581654126801065, '_a7_': 2.245443586384535, '_a1_': 1.0, '_a2_': 1.0, '_a3_': 1.0, '_a4_': 1.0, '_a5_': 1.0, '_a6_': 1.0}};{'d0': 0.20053025132273364};-159.512425914191;16.012201145631
261;-63.7440118114646;log(((_a0_ * x1) + _a7_));{'d0': {'_a0_': 0.6581654126801065, '_a7_': 2.245443586384535, '_a1_': 1.0, '_a2_': 1.0, '_a3_': 1.0, '_a4_': 1.0, '_a5_': 1.0, '_a6_': 1.0}};{'d0': 0.20053025132273364};-159.512425914191;16.012201145631
262;-63.7440118114646;log(((_a0_ * x1) + _a7_));{'d0': {'_a0_': 0.6581654126801065, '_a7_': 2.245443586384535, '_a1_': 1.0, '_a2_': 1.0, '_a3_': 1.0, '_a4_': 1.0, '_a5_': 1.0, '_a6_': 1.0}};{'d0': 0.20053025132273364};-159.512425914191;16.012201145631
263;-63.7440118114646;log(((_a0_ * x1) + _a7_));{'d0': {'_a0_': 0.6581654126801065, '_a7_': 2.245443586384535, '_a1_': 1.0, '_a2_': 1.0, '_a3_': 1.0, '_a4_': 1.0, '_a5_': 1.0, '_a6_': 1.0}};{'d0': 0.20053025132273364};-159.512425914191;16.012201145631
264;-63.7440118114646;log(((_a0_ * x1) + _a7_));{'d0': {'_a0_': 0.6581654126801065, '_a7_': 2.245443586384535, '_a1_': 1.0, '_a2_': 1.0, '_a3_': 1.0, '_a4_': 1.0, '_a5_': 1.0, '_a6_': 1.0}};{'d0': 0.20053025132273364};-159.512425914191;16.012201145631
265;-63.7440118114646;log(((_a0_ * x1) + _a7_));{'d0': {'_a0_': 0.6581654126801065, '_a7_': 2.245443586384535, '_a1_': 1.0, '_a2_': 1.0, '_a3_': 1.0, '_a4_': 1.0, '_a5_': 1.0, '_a6_': 1.0}};{'d0': 0.20053025132273364};-159.512425914191;16.012201145631
266;-63.7440118114646;log(((_a0_ * x1) + _a7_));{'d0': {'_a0_': 0.6581654126801065, '_a7_': 2.245443586384535, '_a1_': 1.0, '_a2_': 1.0, '_a3_': 1.0, '_a4_': 1.0, '_a5_': 1.0, '_a6_': 1.0}};{'d0': 0.20053025132273364};-159.512425914191;16.012201145631
267;-58.5404402243275;(log(((_a0_ * x1) + _a7_)) * _a4_);{'d0': {'_a0_': 0.9417555818929046, '_a4_': 0.8001691696454782, '_a7_': 2.753366567486363, '_a1_': 1.0, '_a2_': 1.0, '_a3_': 1.0, '_a5_': 1.0, '_a6_': 1.0}};{'d0': 0.18981012807006378};-158.714533445543;20.816826498444
268;-58.5404402243275;(log(((_a0_ * x1) + _a7_)) * _a4_);{'d0': {'_a0_': 0.9417555818929046, '_a4_': 0.8001691696454782, '_a7_': 2.753366567486363, '_a1_': 1.0, '_a2_': 1.0, '_a3_': 1.0, '_a5_': 1.0, '_a6_': 1.0}};{'d0': 0.18981012807006378};-158.714533445543;20.816826498444
269;-58.5404402243275;(log(((_a0_ * x1) + _a7_)) * _a4_);{'d0': {'_a0_': 0.9417555818929046, '_a4_': 0.8001691696454782, '_a7_': 2.753366567486363, '_a1_': 1.0, '_a2_': 1.0, '_a3_': 1.0, '_a5_': 1.0, '_a6_': 1.0}};{'d0': 0.18981012807006378};-158.714533445543;20.816826498444
270;-65.3354875600714;(log((x1 + _a7_)) * _a4_);{'d0': {'_a4_': 0.7723292422459846, '_a7_': 2.857009527140104, '_a0_': 1.0, '_a1_': 1.0, '_a2_': 1.0, '_a3_': 1.0, '_a5_': 1.0, '_a6_': 1.0}};{'d0': 0.19016952727527683};-162.695377411405;16.012201145631003
271;-65.3354875600714;(log((x1 + _a7_)) * _a4_);{'d0': {'_a4_': 0.7723292422459846, '_a7_': 2.857009527140104, '_a0_': 1.0, '_a1_': 1.0, '_a2_': 1.0, '_a3_': 1.0, '_a5_': 1.0, '_a6_': 1.0}};{'d0': 0.19016952727527683};-162.695377411405;16.012201145631003
272;-65.3354875600714;(log((x1 + _a7_)) * _a4_);{'d0': {'_a4_': 0.7723292422459846, '_a7_': 2.857009527140104, '_a0_': 1.0, '_a1_': 1.0, '_a2_': 1.0, '_a3_': 1.0, '_a5_': 1.0, '_a6_': 1.0}};{'d0': 0.19016952727527683};-162.695377411405;16.012201145631003
273;-65.3354875600714;(log((x1 + _a7_)) * _a4_);{'d0': {'_a4_': 0.7723292422459846, '_a7_': 2.857009527140104, '_a0_': 1.0, '_a1_': 1.0, '_a2_': 1.0, '_a3_': 1.0, '_a5_': 1.0, '_a6_': 1.0}};{'d0': 0.19016952727527683};-162.695377411405;16.012201145631003
274;-65.3354875600714;(log((x1 + _a7_)) * _a4_);{'d0': {'_a4_': 0.7723292422459846, '_a7_': 2.857009527140104, '_a0_': 1.0, '_a1_': 1.0, '_a2_': 1.0, '_a3_': 1.0, '_a5_': 1.0, '_a6_': 1.0}};{'d0': 0.19016952727527683};-162.695377411405;16.012201145631003
275;-65.3354875600714;(log((x1 + _a7_)) * _a4_);{'d0': {'_a4_': 0.7723292422459846, '_a7_': 2.857009527140104, '_a0_': 1.0, '_a1_': 1.0, '_a2_': 1.0, '_a3_': 1.0, '_a5_': 1.0, '_a6_': 1.0}};{'d0': 0.19016952727527683};-162.695377411405;16.012201145631003
276;-65.3354875600714;(log((x1 + _a7_)) * _a4_);{'d0': {'_a4_': 0.7723292422459846, '_a7_': 2.857009527140104, '_a0_': 1.0, '_a1_': 1.0, '_a2_': 1.0, '_a3_': 1.0, '_a5_': 1.0, '_a6_': 1.0}};{'d0': 0.19016952727527683};-162.695377411405;16.012201145631003
277;-65.3354875600714;(log((x1 + _a7_)) * _a4_);{'d0': {'_a4_': 0.7723292422459846, '_a7_': 2.857009527140104, '_a0_': 1.0, '_a1_': 1.0, '_a2_': 1.0, '_a3_': 1.0, '_a5_': 1.0, '_a6_': 1.0}};{'d0': 0.19016952727527683};-162.695377411405;16.012201145631003
278;-65.3354875600714;(log((x1 + _a7_)) * _a4_);{'d0': {'_a4_': 0.7723292422459846, '_a7_': 2.857009527140104, '_a0_': 1.0, '_a1_': 1.0, '_a2_': 1.0, '_a3_': 1.0, '_a5_': 1.0, '_a6_': 1.0}};{'d0': 0.19016952727527683};-162.695377411405;16.012201145631003
279;-65.3354875600714;(log((x1 + _a7_)) * _a4_);{'d0': {'_a4_': 0.7723292422459846, '_a7_': 2.857009527140104, '_a0_': 1.0, '_a1_': 1.0, '_a2_': 1.0, '_a3_': 1.0, '_a5_': 1.0, '_a6_': 1.0}};{'d0': 0.19016952727527683};-162.695377411405;16.012201145631003
280;-65.3354875600714;(log((x1 + _a7_)) * _a4_);{'d0': {'_a4_': 0.7723292422459846, '_a7_': 2.857009527140104, '_a0_': 1.0, '_a1_': 1.0, '_a2_': 1.0, '_a3_': 1.0, '_a5_': 1.0, '_a6_': 1.0}};{'d0': 0.19016952727527683};-162.695377411405;16.012201145631003
281;-65.3354875600714;(log((x1 + _a7_)) * _a4_);{'d0': {'_a4_': 0.7723292422459846, '_a7_': 2.857009527140104, '_a0_': 1.0, '_a1_': 1.0, '_a2_': 1.0, '_a3_': 1.0, '_a5_': 1.0, '_a6_': 1.0}};{'d0': 0.19016952727527683};-162.695377411405;16.012201145631003
282;-65.3354875600714;(log((x1 + _a7_)) * _a4_);{'d0': {'_a4_': 0.7723292422459846, '_a7_': 2.857009527140104, '_a0_': 1.0, '_a1_': 1.0, '_a2_': 1.0, '_a3_': 1.0, '_a5_': 1.0, '_a6_': 1.0}};{'d0': 0.19016952727527683};-162.695377411405;16.012201145631003
283;-65.3354875600714;(log((x1 + _a7_)) * _a4_);{'d0': {'_a4_': 0.7723292422459846, '_a7_': 2.857009527140104, '_a0_': 1.0, '_a1_': 1.0, '_a2_': 1.0, '_a3_': 1.0, '_a5_': 1.0, '_a6_': 1.0}};{'d0': 0.19016952727527683};-162.695377411405;16.012201145631003
284;-65.3354875600714;(log((x1 + _a7_)) * _a4_);{'d0': {'_a4_': 0.7723292422459846, '_a7_': 2.857009527140104, '_a0_': 1.0, '_a1_': 1.0, '_a2_': 1.0, '_a3_': 1.0, '_a5_': 1.0, '_a6_': 1.0}};{'d0': 0.19016952727527683};-162.695377411405;16.012201145631003
285;-65.3354875600714;(log((x1 + _a7_)) * _a4_);{'d0': {'_a4_': 0.7723292422459846, '_a7_': 2.857009527140104, '_a0_': 1.0, '_a1_': 1.0, '_a2_': 1.0, '_a3_': 1.0, '_a5_': 1.0, '_a6_': 1.0}};{'d0': 0.19016952727527683};-162.695377411405;16.012201145631003
286;-65.3354875600714;(log((x1 + _a7_)) * _a4_);{'d0': {'_a4_': 0.7723292422459846, '_a7_': 2.857009527140104, '_a0_': 1.0, '_a1_': 1.0, '_a2_': 1.0, '_a3_': 1.0, '_a5_': 1.0, '_a6_': 1.0}};{'d0': 0.19016952727527683};-162.695377411405;16.012201145631003
287;-65.3354875600714;(log((x1 + _a7_)) * _a4_);{'d0': {'_a4_': 0.7723292422459846, '_a7_': 2.857009527140104, '_a0_': 1.0, '_a1_': 1.0, '_a2_': 1.0, '_a3_': 1.0, '_a5_': 1.0, '_a6_': 1.0}};{'d0': 0.19016952727527683};-162.695377411405;16.012201145631003
288;-65.3354875600714;(log((x1 + _a7_)) * _a4_);{'d0': {'_a4_': 0.7723292422459846, '_a7_': 2.857009527140104, '_a0_': 1.0, '_a1_': 1.0, '_a2_': 1.0, '_a3_': 1.0, '_a5_': 1.0, '_a6_': 1.0}};{'d0': 0.19016952727527683};-162.695377411405;16.012201145631003
289;-65.3354875600714;(log((x1 + _a7_)) * _a4_);{'d0': {'_a4_': 0.7723292422459846, '_a7_': 2.857009527140104, '_a0_': 1.0, '_a1_': 1.0, '_a2_': 1.0, '_a3_': 1.0, '_a5_': 1.0, '_a6_': 1.0}};{'d0': 0.19016952727527683};-162.695377411405;16.012201145631003
290;-65.3354875600714;(log((x1 + _a7_)) * _a4_);{'d0': {'_a4_': 0.7723292422459846, '_a7_': 2.857009527140104, '_a0_': 1.0, '_a1_': 1.0, '_a2_': 1.0, '_a3_': 1.0, '_a5_': 1.0, '_a6_': 1.0}};{'d0': 0.19016952727527683};-162.695377411405;16.012201145631003
291;-65.3354875600714;(log((x1 + _a7_)) * _a4_);{'d0': {'_a4_': 0.7723292422459846, '_a7_': 2.857009527140104, '_a0_': 1.0, '_a1_': 1.0, '_a2_': 1.0, '_a3_': 1.0, '_a5_': 1.0, '_a6_': 1.0}};{'d0': 0.19016952727527683};-162.695377411405;16.012201145631003
292;-65.3354875600714;(log((x1 + _a7_)) * _a4_);{'d0': {'_a4_': 0.7723292422459846, '_a7_': 2.857009527140104, '_a0_': 1.0, '_a1_': 1.0, '_a2_': 1.0, '_a3_': 1.0, '_a5_': 1.0, '_a6_': 1.0}};{'d0': 0.19016952727527683};-162.695377411405;16.012201145631003
293;-65.3354875600714;(log((x1 + _a7_)) * _a4_);{'d0': {'_a4_': 0.7723292422459846, '_a7_': 2.857009527140104, '_a0_': 1.0, '_a1_': 1.0, '_a2_': 1.0, '_a3_': 1.0, '_a5_': 1.0, '_a6_': 1.0}};{'d0': 0.19016952727527683};-162.695377411405;16.012201145631003
294;-65.3354875600714;(log((x1 + _a7_)) * _a4_);{'d0': {'_a4_': 0.7723292422459846, '_a7_': 2.857009527140104, '_a0_': 1.0, '_a1_': 1.0, '_a2_': 1.0, '_a3_': 1.0, '_a5_': 1.0, '_a6_': 1.0}};{'d0': 0.19016952727527683};-162.695377411405;16.012201145631003
295;-65.3354875600714;(log((x1 + _a7_)) * _a4_);{'d0': {'_a4_': 0.7723292422459846, '_a7_': 2.857009527140104, '_a0_': 1.0, '_a1_': 1.0, '_a2_': 1.0, '_a3_': 1.0, '_a5_': 1.0, '_a6_': 1.0}};{'d0': 0.19016952727527683};-162.695377411405;16.012201145631003
296;-65.3354875600714;(log((x1 + _a7_)) * _a4_);{'d0': {'_a4_': 0.7723292422459846, '_a7_': 2.857009527140104, '_a0_': 1.0, '_a1_': 1.0, '_a2_': 1.0, '_a3_': 1.0, '_a5_': 1.0, '_a6_': 1.0}};{'d0': 0.19016952727527683};-162.695377411405;16.012201145631003
297;-65.3354875600714;(log((x1 + _a7_)) * _a4_);{'d0': {'_a4_': 0.7723292422459846, '_a7_': 2.857009527140104, '_a0_': 1.0, '_a1_': 1.0, '_a2_': 1.0, '_a3_': 1.0, '_a5_': 1.0, '_a6_': 1.0}};{'d0': 0.19016952727527683};-162.695377411405;16.012201145631003
298;-65.3354875600714;(log((x1 + _a7_)) * _a4_);{'d0': {'_a4_': 0.7723292422459846, '_a7_': 2.857009527140104, '_a0_': 1.0, '_a1_': 1.0, '_a2_': 1.0, '_a3_': 1.0, '_a5_': 1.0, '_a6_': 1.0}};{'d0': 0.19016952727527683};-162.695377411405;16.012201145631003
299;-65.3354875600714;(log((x1 + _a7_)) * _a4_);{'d0': {'_a4_': 0.7723292422459846, '_a7_': 2.857009527140104, '_a0_': 1.0, '_a1_': 1.0, '_a2_': 1.0, '_a3_': 1.0, '_a5_': 1.0, '_a6_': 1.0}};{'d0': 0.19016952727527683};-162.695377411405;16.012201145631003
300;-65.3354875600714;(log((x1 + _a7_)) * _a4_);{'d0': {'_a4_': 0.7723292422459846, '_a7_': 2.857009527140104, '_a0_': 1.0, '_a1_': 1.0, '_a2_': 1.0, '_a3_': 1.0, '_a5_': 1.0, '_a6_': 1.0}};{'d0': 0.19016952727527683};-162.695377411405;16.012201145631003
301;-65.3354875600714;(log((x1 + _a7_)) * _a4_);{'d0': {'_a4_': 0.7723292422459846, '_a7_': 2.857009527140104, '_a0_': 1.0, '_a1_': 1.0, '_a2_': 1.0, '_a3_': 1.0, '_a5_': 1.0, '_a6_': 1.0}};{'d0': 0.19016952727527683};-162.695377411405;16.012201145631003
302;-65.3354875600714;(log((x1 + _a7_)) * _a4_);{'d0': {'_a4_': 0.7723292422459846, '_a7_': 2.857009527140104, '_a0_': 1.0, '_a1_': 1.0, '_a2_': 1.0, '_a3_': 1.0, '_a5_': 1.0, '_a6_': 1.0}};{'d0': 0.19016952727527683};-162.695377411405;16.012201145631003
303;-65.3354875600714;(log((x1 + _a7_)) * _a4_);{'d0': {'_a4_': 0.7723292422459846, '_a7_': 2.857009527140104, '_a0_': 1.0, '_a1_': 1.0, '_a2_': 1.0, '_a3_': 1.0, '_a5_': 1.0, '_a6_': 1.0}};{'d0': 0.19016952727527683};-162.695377411405;16.012201145631003
304;-65.3354875600714;(log((x1 + _a7_)) * _a4_);{'d0': {'_a4_': 0.7723292422459846, '_a7_': 2.857009527140104, '_a0_': 1.0, '_a1_': 1.0, '_a2_': 1.0, '_a3_': 1.0, '_a5_': 1.0, '_a6_': 1.0}};{'d0': 0.19016952727527683};-162.695377411405;16.012201145631003
305;-65.3354875600714;(log((x1 + _a7_)) * _a4_);{'d0': {'_a4_': 0.7723292422459846, '_a7_': 2.857009527140104, '_a0_': 1.0, '_a1_': 1.0, '_a2_': 1.0, '_a3_': 1.0, '_a5_': 1.0, '_a6_': 1.0}};{'d0': 0.19016952727527683};-162.695377411405;16.012201145631003
306;-65.3354875600714;(log((x1 + _a7_)) * _a4_);{'d0': {'_a4_': 0.7723292422459846, '_a7_': 2.857009527140104, '_a0_': 1.0, '_a1_': 1.0, '_a2_': 1.0, '_a3_': 1.0, '_a5_': 1.0, '_a6_': 1.0}};{'d0': 0.19016952727527683};-162.695377411405;16.012201145631003
307;-65.3354875600714;(log((x1 + _a7_)) * _a4_);{'d0': {'_a4_': 0.7723292422459846, '_a7_': 2.857009527140104, '_a0_': 1.0, '_a1_': 1.0, '_a2_': 1.0, '_a3_': 1.0, '_a5_': 1.0, '_a6_': 1.0}};{'d0': 0.19016952727527683};-162.695377411405;16.012201145631003
308;-65.3354875600714;(log((x1 + _a7_)) * _a4_);{'d0': {'_a4_': 0.7723292422459846, '_a7_': 2.857009527140104, '_a0_': 1.0, '_a1_': 1.0, '_a2_': 1.0, '_a3_': 1.0, '_a5_': 1.0, '_a6_': 1.0}};{'d0': 0.19016952727527683};-162.695377411405;16.012201145631003
309;-65.3354875600714;(log((x1 + _a7_)) * _a4_);{'d0': {'_a4_': 0.7723292422459846, '_a7_': 2.857009527140104, '_a0_': 1.0, '_a1_': 1.0, '_a2_': 1.0, '_a3_': 1.0, '_a5_': 1.0, '_a6_': 1.0}};{'d0': 0.19016952727527683};-162.695377411405;16.012201145631003
310;-65.3354875600714;(log((x1 + _a7_)) * _a4_);{'d0': {'_a4_': 0.7723292422459846, '_a7_': 2.857009527140104, '_a0_': 1.0, '_a1_': 1.0, '_a2_': 1.0, '_a3_': 1.0, '_a5_': 1.0, '_a6_': 1.0}};{'d0': 0.19016952727527683};-162.695377411405;16.012201145631003
311;-65.3354875600714;(log((x1 + _a7_)) * _a4_);{'d0': {'_a4_': 0.7723292422459846, '_a7_': 2.857009527140104, '_a0_': 1.0, '_a1_': 1.0, '_a2_': 1.0, '_a3_': 1.0, '_a5_': 1.0, '_a6_': 1.0}};{'d0': 0.19016952727527683};-162.695377411405;16.012201145631003
312;-65.3354875600714;(log((x1 + _a7_)) * _a4_);{'d0': {'_a4_': 0.7723292422459846, '_a7_': 2.857009527140104, '_a0_': 1.0, '_a1_': 1.0, '_a2_': 1.0, '_a3_': 1.0, '_a5_': 1.0, '_a6_': 1.0}};{'d0': 0.19016952727527683};-162.695377411405;16.012201145631003
313;-65.3354875600714;(log((x1 + _a7_)) * _a4_);{'d0': {'_a4_': 0.7723292422459846, '_a7_': 2.857009527140104, '_a0_': 1.0, '_a1_': 1.0, '_a2_': 1.0, '_a3_': 1.0, '_a5_': 1.0, '_a6_': 1.0}};{'d0': 0.19016952727527683};-162.695377411405;16.012201145631003
314;-65.3354875600714;(log((x1 + _a7_)) * _a4_);{'d0': {'_a4_': 0.7723292422459846, '_a7_': 2.857009527140104, '_a0_': 1.0, '_a1_': 1.0, '_a2_': 1.0, '_a3_': 1.0, '_a5_': 1.0, '_a6_': 1.0}};{'d0': 0.19016952727527683};-162.695377411405;16.012201145631003
315;-65.3354875600714;(log((x1 + _a7_)) * _a4_);{'d0': {'_a4_': 0.7723292422459846, '_a7_': 2.857009527140104, '_a0_': 1.0, '_a1_': 1.0, '_a2_': 1.0, '_a3_': 1.0, '_a5_': 1.0, '_a6_': 1.0}};{'d0': 0.19016952727527683};-162.695377411405;16.012201145631003
316;-65.3354875600714;(log((x1 + _a7_)) * _a4_);{'d0': {'_a4_': 0.7723292422459846, '_a7_': 2.857009527140104, '_a0_': 1.0, '_a1_': 1.0, '_a2_': 1.0, '_a3_': 1.0, '_a5_': 1.0, '_a6_': 1.0}};{'d0': 0.19016952727527683};-162.695377411405;16.012201145631003
317;-65.3354875600714;(log((x1 + _a7_)) * _a4_);{'d0': {'_a4_': 0.7723292422459846, '_a7_': 2.857009527140104, '_a0_': 1.0, '_a1_': 1.0, '_a2_': 1.0, '_a3_': 1.0, '_a5_': 1.0, '_a6_': 1.0}};{'d0': 0.19016952727527683};-162.695377411405;16.012201145631003
318;-65.3354875600714;(log((x1 + _a7_)) * _a4_);{'d0': {'_a4_': 0.7723292422459846, '_a7_': 2.857009527140104, '_a0_': 1.0, '_a1_': 1.0, '_a2_': 1.0, '_a3_': 1.0, '_a5_': 1.0, '_a6_': 1.0}};{'d0': 0.19016952727527683};-162.695377411405;16.012201145631003
319;-65.3354875600714;(log((x1 + _a7_)) * _a4_);{'d0': {'_a4_': 0.7723292422459846, '_a7_': 2.857009527140104, '_a0_': 1.0, '_a1_': 1.0, '_a2_': 1.0, '_a3_': 1.0, '_a5_': 1.0, '_a6_': 1.0}};{'d0': 0.19016952727527683};-162.695377411405;16.012201145631003
320;-65.3354875600714;(log((x1 + _a7_)) * _a4_);{'d0': {'_a4_': 0.7723292422459846, '_a7_': 2.857009527140104, '_a0_': 1.0, '_a1_': 1.0, '_a2_': 1.0, '_a3_': 1.0, '_a5_': 1.0, '_a6_': 1.0}};{'d0': 0.19016952727527683};-162.695377411405;16.012201145631003
321;-65.3354875600714;(log((x1 + _a7_)) * _a4_);{'d0': {'_a4_': 0.7723292422459846, '_a7_': 2.857009527140104, '_a0_': 1.0, '_a1_': 1.0, '_a2_': 1.0, '_a3_': 1.0, '_a5_': 1.0, '_a6_': 1.0}};{'d0': 0.19016952727527683};-162.695377411405;16.012201145631003
322;-65.3354875600714;(log((x1 + _a7_)) * _a4_);{'d0': {'_a4_': 0.7723292422459846, '_a7_': 2.857009527140104, '_a0_': 1.0, '_a1_': 1.0, '_a2_': 1.0, '_a3_': 1.0, '_a5_': 1.0, '_a6_': 1.0}};{'d0': 0.19016952727527683};-162.695377411405;16.012201145631003
323;-65.3354875600714;(log((x1 + _a7_)) * _a4_);{'d0': {'_a4_': 0.7723292422459846, '_a7_': 2.857009527140104, '_a0_': 1.0, '_a1_': 1.0, '_a2_': 1.0, '_a3_': 1.0, '_a5_': 1.0, '_a6_': 1.0}};{'d0': 0.19016952727527683};-162.695377411405;16.012201145631003
324;-65.3354875600714;(log((x1 + _a7_)) * _a4_);{'d0': {'_a4_': 0.7723292422459846, '_a7_': 2.857009527140104, '_a0_': 1.0, '_a1_': 1.0, '_a2_': 1.0, '_a3_': 1.0, '_a5_': 1.0, '_a6_': 1.0}};{'d0': 0.19016952727527683};-162.695377411405;16.012201145631003
325;-64.2674638601610;(log((x1 + _a7_)) / _a4_);{'d0': {'_a4_': 1.2947846039258968, '_a7_': 2.857009558377895, '_a0_': 1.0, '_a1_': 1.0, '_a2_': 1.0, '_a3_': 1.0, '_a5_': 1.0, '_a6_': 1.0}};{'d0': 0.1901695272752707};-162.695377411407;17.080224845542404
326;-64.2674638601610;(log((x1 + _a7_)) / _a4_);{'d0': {'_a4_': 1.2947846039258968, '_a7_': 2.857009558377895, '_a0_': 1.0, '_a1_': 1.0, '_a2_': 1.0, '_a3_': 1.0, '_a5_': 1.0, '_a6_': 1.0}};{'d0': 0.1901695272752707};-162.695377411407;17.080224845542404
327;-64.2674638601610;(log((x1 + _a7_)) / _a4_);{'d0': {'_a4_': 1.2947846039258968, '_a7_': 2.857009558377895, '_a0_': 1.0, '_a1_': 1.0, '_a2_': 1.0, '_a3_': 1.0, '_a5_': 1.0, '_a6_': 1.0}};{'d0': 0.1901695272752707};-162.695377411407;17.080224845542404
328;-64.2674638601610;(log((x1 + _a7_)) / _a4_);{'d0': {'_a4_': 1.2947846039258968, '_a7_': 2.857009558377895, '_a0_': 1.0, '_a1_': 1.0, '_a2_': 1.0, '_a3_': 1.0, '_a5_': 1.0, '_a6_': 1.0}};{'d0': 0.1901695272752707};-162.695377411407;17.080224845542404
329;-64.2674638601610;(log((x1 + _a7_)) / _a4_);{'d0': {'_a4_': 1.2947846039258968, '_a7_': 2.857009558377895, '_a0_': 1.0, '_a1_': 1.0, '_a2_': 1.0, '_a3_': 1.0, '_a5_': 1.0, '_a6_': 1.0}};{'d0': 0.1901695272752707};-162.695377411407;17.080224845542404
330;-64.2674638601610;(log((x1 + _a7_)) / _a4_);{'d0': {'_a4_': 1.2947846039258968, '_a7_': 2.857009558377895, '_a0_': 1.0, '_a1_': 1.0, '_a2_': 1.0, '_a3_': 1.0, '_a5_': 1.0, '_a6_': 1.0}};{'d0': 0.1901695272752707};-162.695377411407;17.080224845542404
331;-64.2674638601610;(log((x1 + _a7_)) / _a4_);{'d0': {'_a4_': 1.2947846039258968, '_a7_': 2.857009558377895, '_a0_': 1.0, '_a1_': 1.0, '_a2_': 1.0, '_a3_': 1.0, '_a5_': 1.0, '_a6_': 1.0}};{'d0': 0.1901695272752707};-162.695377411407;17.080224845542404
332;-64.2674638601610;(log((x1 + _a7_)) / _a4_);{'d0': {'_a4_': 1.2947846039258968, '_a7_': 2.857009558377895, '_a0_': 1.0, '_a1_': 1.0, '_a2_': 1.0, '_a3_': 1.0, '_a5_': 1.0, '_a6_': 1.0}};{'d0': 0.1901695272752707};-162.695377411407;17.080224845542404
333;-64.2674638601610;(log((x1 + _a7_)) / _a4_);{'d0': {'_a4_': 1.2947846039258968, '_a7_': 2.857009558377895, '_a0_': 1.0, '_a1_': 1.0, '_a2_': 1.0, '_a3_': 1.0, '_a5_': 1.0, '_a6_': 1.0}};{'d0': 0.1901695272752707};-162.695377411407;17.080224845542404
334;-64.2674638601610;(log((x1 + _a7_)) / _a4_);{'d0': {'_a4_': 1.2947846039258968, '_a7_': 2.857009558377895, '_a0_': 1.0, '_a1_': 1.0, '_a2_': 1.0, '_a3_': 1.0, '_a5_': 1.0, '_a6_': 1.0}};{'d0': 0.1901695272752707};-162.695377411407;17.080224845542404
335;-64.2674638601610;(log((x1 + _a7_)) / _a4_);{'d0': {'_a4_': 1.2947846039258968, '_a7_': 2.857009558377895, '_a0_': 1.0, '_a1_': 1.0, '_a2_': 1.0, '_a3_': 1.0, '_a5_': 1.0, '_a6_': 1.0}};{'d0': 0.1901695272752707};-162.695377411407;17.080224845542404
336;-64.2674638601610;(log((x1 + _a7_)) / _a4_);{'d0': {'_a4_': 1.2947846039258968, '_a7_': 2.857009558377895, '_a0_': 1.0, '_a1_': 1.0, '_a2_': 1.0, '_a3_': 1.0, '_a5_': 1.0, '_a6_': 1.0}};{'d0': 0.1901695272752707};-162.695377411407;17.080224845542404
337;-64.2674638601610;(log((x1 + _a7_)) / _a4_);{'d0': {'_a4_': 1.2947846039258968, '_a7_': 2.857009558377895, '_a0_': 1.0, '_a1_': 1.0, '_a2_': 1.0, '_a3_': 1.0, '_a5_': 1.0, '_a6_': 1.0}};{'d0': 0.1901695272752707};-162.695377411407;17.080224845542404
338;-64.2674638601610;(log((x1 + _a7_)) / _a4_);{'d0': {'_a4_': 1.2947846039258968, '_a7_': 2.857009558377895, '_a0_': 1.0, '_a1_': 1.0, '_a2_': 1.0, '_a3_': 1.0, '_a5_': 1.0, '_a6_': 1.0}};{'d0': 0.1901695272752707};-162.695377411407;17.080224845542404
339;-64.2674638601610;(log((x1 + _a7_)) / _a4_);{'d0': {'_a4_': 1.2947846039258968, '_a7_': 2.857009558377895, '_a0_': 1.0, '_a1_': 1.0, '_a2_': 1.0, '_a3_': 1.0, '_a5_': 1.0, '_a6_': 1.0}};{'d0': 0.1901695272752707};-162.695377411407;17.080224845542404
340;-64.2674638601610;(log((x1 + _a7_)) / _a4_);{'d0': {'_a4_': 1.2947846039258968, '_a7_': 2.857009558377895, '_a0_': 1.0, '_a1_': 1.0, '_a2_': 1.0, '_a3_': 1.0, '_a5_': 1.0, '_a6_': 1.0}};{'d0': 0.1901695272752707};-162.695377411407;17.080224845542404
341;-64.2674638601610;(log((x1 + _a7_)) / _a4_);{'d0': {'_a4_': 1.2947846039258968, '_a7_': 2.857009558377895, '_a0_': 1.0, '_a1_': 1.0, '_a2_': 1.0, '_a3_': 1.0, '_a5_': 1.0, '_a6_': 1.0}};{'d0': 0.1901695272752707};-162.695377411407;17.080224845542404
342;-64.2674638601610;(log((x1 + _a7_)) / _a4_);{'d0': {'_a4_': 1.2947846039258968, '_a7_': 2.857009558377895, '_a0_': 1.0, '_a1_': 1.0, '_a2_': 1.0, '_a3_': 1.0, '_a5_': 1.0, '_a6_': 1.0}};{'d0': 0.1901695272752707};-162.695377411407;17.080224845542404
343;-65.3354875600714;(log((x1 + _a7_)) * _a4_);{'d0': {'_a4_': 0.7723292422459846, '_a7_': 2.857009527140104, '_a0_': 1.0, '_a1_': 1.0, '_a2_': 1.0, '_a3_': 1.0, '_a5_': 1.0, '_a6_': 1.0}};{'d0': 0.19016952727527683};-162.695377411405;16.012201145631003
344;-65.3354875600714;(log((x1 + _a7_)) * _a4_);{'d0': {'_a4_': 0.7723292422459846, '_a7_': 2.857009527140104, '_a0_': 1.0, '_a1_': 1.0, '_a2_': 1.0, '_a3_': 1.0, '_a5_': 1.0, '_a6_': 1.0}};{'d0': 0.19016952727527683};-162.695377411405;16.012201145631003
345;-65.3354875600714;(log((x1 + _a7_)) * _a4_);{'d0': {'_a4_': 0.7723292422459846, '_a7_': 2.857009527140104, '_a0_': 1.0, '_a1_': 1.0, '_a2_': 1.0, '_a3_': 1.0, '_a5_': 1.0, '_a6_': 1.0}};{'d0': 0.19016952727527683};-162.695377411405;16.012201145631003
346;-65.3354875600714;(log((x1 + _a7_)) * _a4_);{'d0': {'_a4_': 0.7723292422459846, '_a7_': 2.857009527140104, '_a0_': 1.0, '_a1_': 1.0, '_a2_': 1.0, '_a3_': 1.0, '_a5_': 1.0, '_a6_': 1.0}};{'d0': 0.19016952727527683};-162.695377411405;16.012201145631003
347;-65.3354875600714;(log((x1 + _a7_)) * _a4_);{'d0': {'_a4_': 0.7723292422459846, '_a7_': 2.857009527140104, '_a0_': 1.0, '_a1_': 1.0, '_a2_': 1.0, '_a3_': 1.0, '_a5_': 1.0, '_a6_': 1.0}};{'d0': 0.19016952727527683};-162.695377411405;16.012201145631003
348;-65.3354875600714;(log((x1 + _a7_)) * _a4_);{'d0': {'_a4_': 0.7723292422459846, '_a7_': 2.857009527140104, '_a0_': 1.0, '_a1_': 1.0, '_a2_': 1.0, '_a3_': 1.0, '_a5_': 1.0, '_a6_': 1.0}};{'d0': 0.19016952727527683};-162.695377411405;16.012201145631003
349;-65.3354875600714;(log((x1 + _a7_)) * _a4_);{'d0': {'_a4_': 0.7723292422459846, '_a7_': 2.857009527140104, '_a0_': 1.0, '_a1_': 1.0, '_a2_': 1.0, '_a3_': 1.0, '_a5_': 1.0, '_a6_': 1.0}};{'d0': 0.19016952727527683};-162.695377411405;16.012201145631003
350;-65.3354875600714;(log((x1 + _a7_)) * _a4_);{'d0': {'_a4_': 0.7723292422459846, '_a7_': 2.857009527140104, '_a0_': 1.0, '_a1_': 1.0, '_a2_': 1.0, '_a3_': 1.0, '_a5_': 1.0, '_a6_': 1.0}};{'d0': 0.19016952727527683};-162.695377411405;16.012201145631003
351;-65.3354875600714;(log((x1 + _a7_)) * _a4_);{'d0': {'_a4_': 0.7723292422459846, '_a7_': 2.857009527140104, '_a0_': 1.0, '_a1_': 1.0, '_a2_': 1.0, '_a3_': 1.0, '_a5_': 1.0, '_a6_': 1.0}};{'d0': 0.19016952727527683};-162.695377411405;16.012201145631003
352;-65.3354875600714;(log((x1 + _a7_)) * _a4_);{'d0': {'_a4_': 0.7723292422459846, '_a7_': 2.857009527140104, '_a0_': 1.0, '_a1_': 1.0, '_a2_': 1.0, '_a3_': 1.0, '_a5_': 1.0, '_a6_': 1.0}};{'d0': 0.19016952727527683};-162.695377411405;16.012201145631003
353;-65.3354875600714;(log((x1 + _a7_)) * _a4_);{'d0': {'_a4_': 0.7723292422459846, '_a7_': 2.857009527140104, '_a0_': 1.0, '_a1_': 1.0, '_a2_': 1.0, '_a3_': 1.0, '_a5_': 1.0, '_a6_': 1.0}};{'d0': 0.19016952727527683};-162.695377411405;16.012201145631003
354;-65.3354875600714;(log((x1 + _a7_)) * _a4_);{'d0': {'_a4_': 0.7723292422459846, '_a7_': 2.857009527140104, '_a0_': 1.0, '_a1_': 1.0, '_a2_': 1.0, '_a3_': 1.0, '_a5_': 1.0, '_a6_': 1.0}};{'d0': 0.19016952727527683};-162.695377411405;16.012201145631003
355;-65.3354875600714;(log((x1 + _a7_)) * _a4_);{'d0': {'_a4_': 0.7723292422459846, '_a7_': 2.857009527140104, '_a0_': 1.0, '_a1_': 1.0, '_a2_': 1.0, '_a3_': 1.0, '_a5_': 1.0, '_a6_': 1.0}};{'d0': 0.19016952727527683};-162.695377411405;16.012201145631003
356;-65.3354875600714;(log((x1 + _a7_)) * _a4_);{'d0': {'_a4_': 0.7723292422459846, '_a7_': 2.857009527140104, '_a0_': 1.0, '_a1_': 1.0, '_a2_': 1.0, '_a3_': 1.0, '_a5_': 1.0, '_a6_': 1.0}};{'d0': 0.19016952727527683};-162.695377411405;16.012201145631003
357;-65.3354875600714;(log((x1 + _a7_)) * _a4_);{'d0': {'_a4_': 0.7723292422459846, '_a7_': 2.857009527140104, '_a0_': 1.0, '_a1_': 1.0, '_a2_': 1.0, '_a3_': 1.0, '_a5_': 1.0, '_a6_': 1.0}};{'d0': 0.19016952727527683};-162.695377411405;16.012201145631003
358;-52.9874506796472;(sin(((x1 + (_a7_ * _a4_)) + (x1 * _a4_))) / _a0_);{'d0': {'_a0_': 1.030827617043004, '_a4_': -0.443280697130479, '_a7_': -2.3783003636768814, '_a1_': 1.0, '_a2_': 1.0, '_a3_': 1.0, '_a5_': 1.0, '_a6_': 1.0}};{'d0': 0.14819093827938018};-173.565894292054;33.795496466379916
359;-52.9874506796472;(sin(((x1 + (_a7_ * _a4_)) + (x1 * _a4_))) / _a0_);{'d0': {'_a0_': 1.030827617043004, '_a4_': -0.443280697130479, '_a7_': -2.3783003636768814, '_a1_': 1.0, '_a2_': 1.0, '_a3_': 1.0, '_a5_': 1.0, '_a6_': 1.0}};{'d0': 0.14819093827938018};-173.565894292054;33.795496466379916
360;-57.7920760324625;(sin(((x1 + _a6_) + (x1 * _a4_))) / _a0_);{'d0': {'_a0_': 1.0308276364046103, '_a4_': -0.44328067101475643, '_a6_': 1.0542546881550714, '_a1_': 1.0, '_a2_': 1.0, '_a3_': 1.0, '_a5_': 1.0, '_a7_': 1.0}};{'d0': 0.14819093827936838};-173.565894292059;28.990871113566918
361;-57.7920760324625;(sin(((x1 + _a6_) + (x1 * _a4_))) / _a0_);{'d0': {'_a0_': 1.0308276364046103, '_a4_': -0.44328067101475643, '_a6_': 1.0542546881550714, '_a1_': 1.0, '_a2_': 1.0, '_a3_': 1.0, '_a5_': 1.0, '_a7_': 1.0}};{'d0': 0.14819093827936838};-173.565894292059;28.990871113566918
362;-57.7920760324625;(sin(((x1 + _a6_) + (x1 * _a4_))) / _a0_);{'d0': {'_a0_': 1.0308276364046103, '_a4_': -0.44328067101475643, '_a6_': 1.0542546881550714, '_a1_': 1.0, '_a2_': 1.0, '_a3_': 1.0, '_a5_': 1.0, '_a7_': 1.0}};{'d0': 0.14819093827936838};-173.565894292059;28.990871113566918
363;-57.7130708540550;(sin(((x1 + _a6_) + (x1 * _a4_))) + _a0_);{'d0': {'_a0_': -0.029732841660909396, '_a4_': -0.45482344999793406, '_a6_': 1.0610303763446713, '_a1_': 1.0, '_a2_': 1.0, '_a3_': 1.0, '_a5_': 1.0, '_a7_': 1.0}};{'d0': 0.1479870488707605};-173.648502500499;29.11118039619452
364;-57.7130708540550;(sin(((x1 + _a6_) + (x1 * _a4_))) + _a0_);{'d0': {'_a0_': -0.029732841660909396, '_a4_': -0.45482344999793406, '_a6_': 1.0610303763446713, '_a1_': 1.0, '_a2_': 1.0, '_a3_': 1.0, '_a5_': 1.0, '_a7_': 1.0}};{'d0': 0.1479870488707605};-173.648502500499;29.11118039619452
365;-57.7130708540550;(sin(((x1 + _a6_) + (x1 * _a4_))) + _a0_);{'d0': {'_a0_': -0.029732841660909396, '_a4_': -0.45482344999793406, '_a6_': 1.0610303763446713, '_a1_': 1.0, '_a2_': 1.0, '_a3_': 1.0, '_a5_': 1.0, '_a7_': 1.0}};{'d0': 0.1479870488707605};-173.648502500499;29.11118039619452
366;-57.7130708540550;(sin(((x1 + _a6_) + (x1 * _a4_))) + _a0_);{'d0': {'_a0_': -0.029732841660909396, '_a4_': -0.45482344999793406, '_a6_': 1.0610303763446713, '_a1_': 1.0, '_a2_': 1.0, '_a3_': 1.0, '_a5_': 1.0, '_a7_': 1.0}};{'d0': 0.1479870488707605};-173.648502500499;29.11118039619452
367;-57.7130708540550;(sin(((x1 + _a6_) + (x1 * _a4_))) + _a0_);{'d0': {'_a0_': -0.029732841660909396, '_a4_': -0.45482344999793406, '_a6_': 1.0610303763446713, '_a1_': 1.0, '_a2_': 1.0, '_a3_': 1.0, '_a5_': 1.0, '_a7_': 1.0}};{'d0': 0.1479870488707605};-173.648502500499;29.11118039619452
368;-57.7130708540550;(sin(((x1 + _a6_) + (x1 * _a4_))) + _a0_);{'d0': {'_a0_': -0.029732841660909396, '_a4_': -0.45482344999793406, '_a6_': 1.0610303763446713, '_a1_': 1.0, '_a2_': 1.0, '_a3_': 1.0, '_a5_': 1.0, '_a7_': 1.0}};{'d0': 0.1479870488707605};-173.648502500499;29.11118039619452
369;-57.7130708540550;(sin(((x1 + _a6_) + (x1 * _a4_))) + _a0_);{'d0': {'_a0_': -0.029732841660909396, '_a4_': -0.45482344999793406, '_a6_': 1.0610303763446713, '_a1_': 1.0, '_a2_': 1.0, '_a3_': 1.0, '_a5_': 1.0, '_a7_': 1.0}};{'d0': 0.1479870488707605};-173.648502500499;29.11118039619452
370;-57.7130708540550;(sin(((x1 + _a6_) + (x1 * _a4_))) + _a0_);{'d0': {'_a0_': -0.029732841660909396, '_a4_': -0.45482344999793406, '_a6_': 1.0610303763446713, '_a1_': 1.0, '_a2_': 1.0, '_a3_': 1.0, '_a5_': 1.0, '_a7_': 1.0}};{'d0': 0.1479870488707605};-173.648502500499;29.11118039619452
371;-57.7920760324625;(sin(((x1 + _a6_) + (x1 * _a4_))) / _a0_);{'d0': {'_a0_': 1.0308276364046103, '_a4_': -0.44328067101475643, '_a6_': 1.0542546881550714, '_a1_': 1.0, '_a2_': 1.0, '_a3_': 1.0, '_a5_': 1.0, '_a7_': 1.0}};{'d0': 0.14819093827936838};-173.565894292059;28.990871113566918
372;-57.7920760324625;(sin(((x1 + _a6_) + (x1 * _a4_))) / _a0_);{'d0': {'_a0_': 1.0308276364046103, '_a4_': -0.44328067101475643, '_a6_': 1.0542546881550714, '_a1_': 1.0, '_a2_': 1.0, '_a3_': 1.0, '_a5_': 1.0, '_a7_': 1.0}};{'d0': 0.14819093827936838};-173.565894292059;28.990871113566918
373;-57.7920760324625;(sin(((x1 + _a6_) + (x1 * _a4_))) / _a0_);{'d0': {'_a0_': 1.0308276364046103, '_a4_': -0.44328067101475643, '_a6_': 1.0542546881550714, '_a1_': 1.0, '_a2_': 1.0, '_a3_': 1.0, '_a5_': 1.0, '_a7_': 1.0}};{'d0': 0.14819093827936838};-173.565894292059;28.990871113566918
374;-57.7920760324625;(sin(((x1 + _a6_) + (x1 * _a4_))) / _a0_);{'d0': {'_a0_': 1.0308276364046103, '_a4_': -0.44328067101475643, '_a6_': 1.0542546881550714, '_a1_': 1.0, '_a2_': 1.0, '_a3_': 1.0, '_a5_': 1.0, '_a7_': 1.0}};{'d0': 0.14819093827936838};-173.565894292059;28.990871113566918
375;-57.7920760324625;(sin(((x1 + _a6_) + (x1 * _a4_))) / _a0_);{'d0': {'_a0_': 1.0308276364046103, '_a4_': -0.44328067101475643, '_a6_': 1.0542546881550714, '_a1_': 1.0, '_a2_': 1.0, '_a3_': 1.0, '_a5_': 1.0, '_a7_': 1.0}};{'d0': 0.14819093827936838};-173.565894292059;28.990871113566918
376;-57.7920760324625;(sin(((x1 + _a6_) + (x1 * _a4_))) / _a0_);{'d0': {'_a0_': 1.0308276364046103, '_a4_': -0.44328067101475643, '_a6_': 1.0542546881550714, '_a1_': 1.0, '_a2_': 1.0, '_a3_': 1.0, '_a5_': 1.0, '_a7_': 1.0}};{'d0': 0.14819093827936838};-173.565894292059;28.990871113566918
377;-58.7877424460528;(sin(((x1 + _a6_) + (x1 * _a4_))) * _a0_);{'d0': {'_a0_': 0.9700942666228191, '_a4_': -0.44328064101489406, '_a6_': 1.0542547364087, '_a1_': 1.0, '_a2_': 1.0, '_a3_': 1.0, '_a5_': 1.0, '_a7_': 1.0}};{'d0': 0.14819093827936383};-173.565894292061;27.995204699977517
378;-58.7877424460528;(sin(((x1 + _a6_) + (x1 * _a4_))) * _a0_);{'d0': {'_a0_': 0.9700942666228191, '_a4_': -0.44328064101489406, '_a6_': 1.0542547364087, '_a1_': 1.0, '_a2_': 1.0, '_a3_': 1.0, '_a5_': 1.0, '_a7_': 1.0}};{'d0': 0.14819093827936383};-173.565894292061;27.995204699977517
379;-58.7877424460528;(sin(((x1 + _a6_) + (x1 * _a4_))) * _a0_);{'d0': {'_a0_': 0.9700942666228191, '_a4_': -0.44328064101489406, '_a6_': 1.0542547364087, '_a1_': 1.0, '_a2_': 1.0, '_a3_': 1.0, '_a5_': 1.0, '_a7_': 1.0}};{'d0': 0.14819093827936383};-173.565894292061;27.995204699977517
380;-55.3554163209958;abs(((pow2(x1) + ((x1 + _a3_) * (_a6_ + _a5_))) * _a5_));{'d0': {'_a3_': 3.341566405485189, '_a5_': 0.1230377350407615, '_a6_': -2.1749040462841713, '_a0_': 1.0, '_a1_': 1.0, '_a2_': 1.0, '_a4_': 1.0, '_a7_': 1.0}};{'d0': 0.11895310914218776};-186.752225760700;38.020696559354
381;-55.3554163209958;abs(((pow2(x1) + ((x1 + _a3_) * (_a6_ + _a5_))) * _a5_));{'d0': {'_a3_': 3.341566405485189, '_a5_': 0.1230377350407615, '_a6_': -2.1749040462841713, '_a0_': 1.0, '_a1_': 1.0, '_a2_': 1.0, '_a4_': 1.0, '_a7_': 1.0}};{'d0': 0.11895310914218776};-186.752225760700;38.020696559354
382;-55.3554163209958;abs(((pow2(x1) + ((x1 + _a3_) * (_a6_ + _a5_))) * _a5_));{'d0': {'_a3_': 3.341566405485189, '_a5_': 0.1230377350407615, '_a6_': -2.1749040462841713, '_a0_': 1.0, '_a1_': 1.0, '_a2_': 1.0, '_a4_': 1.0, '_a7_': 1.0}};{'d0': 0.11895310914218776};-186.752225760700;38.020696559354
383;-55.3554163209958;abs(((pow2(x1) + ((x1 + _a3_) * (_a6_ + _a5_))) * _a5_));{'d0': {'_a3_': 3.341566405485189, '_a5_': 0.1230377350407615, '_a6_': -2.1749040462841713, '_a0_': 1.0, '_a1_': 1.0, '_a2_': 1.0, '_a4_': 1.0, '_a7_': 1.0}};{'d0': 0.11895310914218776};-186.752225760700;38.020696559354
384;-55.3554163209958;abs(((pow2(x1) + ((x1 + _a3_) * (_a6_ + _a5_))) * _a5_));{'d0': {'_a3_': 3.341566405485189, '_a5_': 0.1230377350407615, '_a6_': -2.1749040462841713, '_a0_': 1.0, '_a1_': 1.0, '_a2_': 1.0, '_a4_': 1.0, '_a7_': 1.0}};{'d0': 0.11895310914218776};-186.752225760700;38.020696559354
385;-55.3554163209958;abs(((pow2(x1) + ((x1 + _a3_) * (_a6_ + _a5_))) * _a5_));{'d0': {'_a3_': 3.341566405485189, '_a5_': 0.1230377350407615, '_a6_': -2.1749040462841713, '_a0_': 1.0, '_a1_': 1.0, '_a2_': 1.0, '_a4_': 1.0, '_a7_': 1.0}};{'d0': 0.11895310914218776};-186.752225760700;38.020696559354
386;-55.3554163209958;abs(((pow2(x1) + ((x1 + _a3_) * (_a6_ + _a5_))) * _a5_));{'d0': {'_a3_': 3.341566405485189, '_a5_': 0.1230377350407615, '_a6_': -2.1749040462841713, '_a0_': 1.0, '_a1_': 1.0, '_a2_': 1.0, '_a4_': 1.0, '_a7_': 1.0}};{'d0': 0.11895310914218776};-186.752225760700;38.020696559354
387;-55.3554163209958;abs(((pow2(x1) + ((x1 + _a3_) * (_a6_ + _a5_))) * _a5_));{'d0': {'_a3_': 3.341566405485189, '_a5_': 0.1230377350407615, '_a6_': -2.1749040462841713, '_a0_': 1.0, '_a1_': 1.0, '_a2_': 1.0, '_a4_': 1.0, '_a7_': 1.0}};{'d0': 0.11895310914218776};-186.752225760700;38.020696559354
388;-55.3554163209958;abs(((pow2(x1) + ((x1 + _a3_) * (_a6_ + _a5_))) * _a5_));{'d0': {'_a3_': 3.341566405485189, '_a5_': 0.1230377350407615, '_a6_': -2.1749040462841713, '_a0_': 1.0, '_a1_': 1.0, '_a2_': 1.0, '_a4_': 1.0, '_a7_': 1.0}};{'d0': 0.11895310914218776};-186.752225760700;38.020696559354
389;-55.3554163209958;abs(((pow2(x1) + ((x1 + _a3_) * (_a6_ + _a5_))) * _a5_));{'d0': {'_a3_': 3.341566405485189, '_a5_': 0.1230377350407615, '_a6_': -2.1749040462841713, '_a0_': 1.0, '_a1_': 1.0, '_a2_': 1.0, '_a4_': 1.0, '_a7_': 1.0}};{'d0': 0.11895310914218776};-186.752225760700;38.020696559354
390;-55.3554163209958;abs(((pow2(x1) + ((x1 + _a3_) * (_a6_ + _a5_))) * _a5_));{'d0': {'_a3_': 3.341566405485189, '_a5_': 0.1230377350407615, '_a6_': -2.1749040462841713, '_a0_': 1.0, '_a1_': 1.0, '_a2_': 1.0, '_a4_': 1.0, '_a7_': 1.0}};{'d0': 0.11895310914218776};-186.752225760700;38.020696559354
391;-55.3554163209958;abs(((pow2(x1) + ((x1 + _a3_) * (_a6_ + _a5_))) * _a5_));{'d0': {'_a3_': 3.341566405485189, '_a5_': 0.1230377350407615, '_a6_': -2.1749040462841713, '_a0_': 1.0, '_a1_': 1.0, '_a2_': 1.0, '_a4_': 1.0, '_a7_': 1.0}};{'d0': 0.11895310914218776};-186.752225760700;38.020696559354
392;-55.3554163209958;abs(((pow2(x1) + ((x1 + _a3_) * (_a6_ + _a5_))) * _a5_));{'d0': {'_a3_': 3.341566405485189, '_a5_': 0.1230377350407615, '_a6_': -2.1749040462841713, '_a0_': 1.0, '_a1_': 1.0, '_a2_': 1.0, '_a4_': 1.0, '_a7_': 1.0}};{'d0': 0.11895310914218776};-186.752225760700;38.020696559354
393;-55.3554163209958;abs(((pow2(x1) + ((x1 + _a3_) * (_a6_ + _a5_))) * _a5_));{'d0': {'_a3_': 3.341566405485189, '_a5_': 0.1230377350407615, '_a6_': -2.1749040462841713, '_a0_': 1.0, '_a1_': 1.0, '_a2_': 1.0, '_a4_': 1.0, '_a7_': 1.0}};{'d0': 0.11895310914218776};-186.752225760700;38.020696559354
394;-55.3554163209958;abs(((pow2(x1) + ((x1 + _a3_) * (_a6_ + _a5_))) * _a5_));{'d0': {'_a3_': 3.341566405485189, '_a5_': 0.1230377350407615, '_a6_': -2.1749040462841713, '_a0_': 1.0, '_a1_': 1.0, '_a2_': 1.0, '_a4_': 1.0, '_a7_': 1.0}};{'d0': 0.11895310914218776};-186.752225760700;38.020696559354
395;-64.7083434950828;(sin((_a5_ + (x1 * _a4_))) * _a0_);{'d0': {'_a0_': 0.9700942643373045, '_a4_': -0.5567193632091951, '_a5_': 2.0873379109955823, '_a1_': 1.0, '_a2_': 1.0, '_a3_': 1.0, '_a6_': 1.0, '_a7_': 1.0}};{'d0': 0.14819093827936392};-173.565894292061;22.074603650947516
396;-64.7083434950828;(sin((_a5_ + (x1 * _a4_))) * _a0_);{'d0': {'_a0_': 0.9700942643373045, '_a4_': -0.5567193632091951, '_a5_': 2.0873379109955823, '_a1_': 1.0, '_a2_': 1.0, '_a3_': 1.0, '_a6_': 1.0, '_a7_': 1.0}};{'d0': 0.14819093827936392};-173.565894292061;22.074603650947516
397;-64.7083434950828;(sin((_a5_ + (x1 * _a4_))) * _a0_);{'d0': {'_a0_': 0.9700942643373045, '_a4_': -0.5567193632091951, '_a5_': 2.0873379109955823, '_a1_': 1.0, '_a2_': 1.0, '_a3_': 1.0, '_a6_': 1.0, '_a7_': 1.0}};{'d0': 0.14819093827936392};-173.565894292061;22.074603650947516
398;-64.7083434950828;(sin((_a5_ + (x1 * _a4_))) * _a0_);{'d0': {'_a0_': 0.9700942643373045, '_a4_': -0.5567193632091951, '_a5_': 2.0873379109955823, '_a1_': 1.0, '_a2_': 1.0, '_a3_': 1.0, '_a6_': 1.0, '_a7_': 1.0}};{'d0': 0.14819093827936392};-173.565894292061;22.074603650947516
399;-64.7083434950828;(sin((_a5_ + (x1 * _a4_))) * _a0_);{'d0': {'_a0_': 0.9700942643373045, '_a4_': -0.5567193632091951, '_a5_': 2.0873379109955823, '_a1_': 1.0, '_a2_': 1.0, '_a3_': 1.0, '_a6_': 1.0, '_a7_': 1.0}};{'d0': 0.14819093827936392};-173.565894292061;22.074603650947516
400;-64.7083434950828;(sin((_a2_ + (x1 * _a4_))) * _a0_);{'d0': {'_a0_': 0.9700942681903932, '_a2_': 2.087337920830957, '_a4_': -0.5567193566355445, '_a1_': 1.0, '_a3_': 1.0, '_a5_': 1.0, '_a6_': 1.0, '_a7_': 1.0}};{'d0': 0.14819093827936394};-173.565894292061;22.074603650947516
401;-64.7083434950828;(sin((_a2_ + (x1 * _a4_))) * _a0_);{'d0': {'_a0_': 0.9700942681903932, '_a2_': 2.087337920830957, '_a4_': -0.5567193566355445, '_a1_': 1.0, '_a3_': 1.0, '_a5_': 1.0, '_a6_': 1.0, '_a7_': 1.0}};{'d0': 0.14819093827936394};-173.565894292061;22.074603650947516
402;-60.5419581635023;(sin((_a2_ + (x1 * cos(_a0_)))) * _a0_);{'d0': {'_a0_': 0.9677083188230182, '_a2_': 1.0673390592379965, '_a1_': 1.0, '_a3_': 1.0, '_a4_': 1.0, '_a5_': 1.0, '_a6_': 1.0, '_a7_': 1.0}};{'d0': 0.14885507175143425};-177.391943214040;28.154013443517517
403;-60.5419581635023;(sin((_a2_ + (x1 * cos(_a0_)))) * _a0_);{'d0': {'_a0_': 0.9677083188230182, '_a2_': 1.0673390592379965, '_a1_': 1.0, '_a3_': 1.0, '_a4_': 1.0, '_a5_': 1.0, '_a6_': 1.0, '_a7_': 1.0}};{'d0': 0.14885507175143425};-177.391943214040;28.154013443517517
404;-60.5419581635023;(sin((_a2_ + (x1 * cos(_a0_)))) * _a0_);{'d0': {'_a0_': 0.9677083188230182, '_a2_': 1.0673390592379965, '_a1_': 1.0, '_a3_': 1.0, '_a4_': 1.0, '_a5_': 1.0, '_a6_': 1.0, '_a7_': 1.0}};{'d0': 0.14885507175143425};-177.391943214040;28.154013443517517
405;-60.5419581635023;(sin((_a2_ + (x1 * cos(_a0_)))) * _a0_);{'d0': {'_a0_': 0.9677083188230182, '_a2_': 1.0673390592379965, '_a1_': 1.0, '_a3_': 1.0, '_a4_': 1.0, '_a5_': 1.0, '_a6_': 1.0, '_a7_': 1.0}};{'d0': 0.14885507175143425};-177.391943214040;28.154013443517517
406;-60.5419581635023;(sin((_a2_ + (x1 * cos(_a0_)))) * _a0_);{'d0': {'_a0_': 0.9677083188230182, '_a2_': 1.0673390592379965, '_a1_': 1.0, '_a3_': 1.0, '_a4_': 1.0, '_a5_': 1.0, '_a6_': 1.0, '_a7_': 1.0}};{'d0': 0.14885507175143425};-177.391943214040;28.154013443517517
407;-60.5419581635023;(sin((_a2_ + (x1 * cos(_a0_)))) * _a0_);{'d0': {'_a0_': 0.9677083188230182, '_a2_': 1.0673390592379965, '_a1_': 1.0, '_a3_': 1.0, '_a4_': 1.0, '_a5_': 1.0, '_a6_': 1.0, '_a7_': 1.0}};{'d0': 0.14885507175143425};-177.391943214040;28.154013443517517
408;-60.5419581635023;(sin((_a2_ + (x1 * cos(_a0_)))) * _a0_);{'d0': {'_a0_': 0.9677083188230182, '_a2_': 1.0673390592379965, '_a1_': 1.0, '_a3_': 1.0, '_a4_': 1.0, '_a5_': 1.0, '_a6_': 1.0, '_a7_': 1.0}};{'d0': 0.14885507175143425};-177.391943214040;28.154013443517517
409;-60.5419581635023;(sin((_a2_ + (x1 * cos(_a0_)))) * _a0_);{'d0': {'_a0_': 0.9677083188230182, '_a2_': 1.0673390592379965, '_a1_': 1.0, '_a3_': 1.0, '_a4_': 1.0, '_a5_': 1.0, '_a6_': 1.0, '_a7_': 1.0}};{'d0': 0.14885507175143425};-177.391943214040;28.154013443517517
410;-60.5419581635023;(sin((_a2_ + (x1 * cos(_a0_)))) * _a0_);{'d0': {'_a0_': 0.9677083188230182, '_a2_': 1.0673390592379965, '_a1_': 1.0, '_a3_': 1.0, '_a4_': 1.0, '_a5_': 1.0, '_a6_': 1.0, '_a7_': 1.0}};{'d0': 0.14885507175143425};-177.391943214040;28.154013443517517
411;-60.5419581635023;(sin((_a2_ + (x1 * cos(_a0_)))) * _a0_);{'d0': {'_a0_': 0.9677083188230182, '_a2_': 1.0673390592379965, '_a1_': 1.0, '_a3_': 1.0, '_a4_': 1.0, '_a5_': 1.0, '_a6_': 1.0, '_a7_': 1.0}};{'d0': 0.14885507175143425};-177.391943214040;28.154013443517517
412;-60.5419581635023;(sin((_a2_ + (x1 * cos(_a0_)))) * _a0_);{'d0': {'_a0_': 0.9677083188230182, '_a2_': 1.0673390592379965, '_a1_': 1.0, '_a3_': 1.0, '_a4_': 1.0, '_a5_': 1.0, '_a6_': 1.0, '_a7_': 1.0}};{'d0': 0.14885507175143425};-177.391943214040;28.154013443517517
413;-60.5419581635023;(sin((_a2_ + (x1 * cos(_a0_)))) * _a0_);{'d0': {'_a0_': 0.9677083188230182, '_a2_': 1.0673390592379965, '_a1_': 1.0, '_a3_': 1.0, '_a4_': 1.0, '_a5_': 1.0, '_a6_': 1.0, '_a7_': 1.0}};{'d0': 0.14885507175143425};-177.391943214040;28.154013443517517
414;-60.5419581635023;(sin((_a2_ + (x1 * cos(_a0_)))) * _a0_);{'d0': {'_a0_': 0.9677083188230182, '_a2_': 1.0673390592379965, '_a1_': 1.0, '_a3_': 1.0, '_a4_': 1.0, '_a5_': 1.0, '_a6_': 1.0, '_a7_': 1.0}};{'d0': 0.14885507175143425};-177.391943214040;28.154013443517517
415;-60.5419581635023;(sin((_a2_ + (x1 * cos(_a0_)))) * _a0_);{'d0': {'_a0_': 0.9677083188230182, '_a2_': 1.0673390592379965, '_a1_': 1.0, '_a3_': 1.0, '_a4_': 1.0, '_a5_': 1.0, '_a6_': 1.0, '_a7_': 1.0}};{'d0': 0.14885507175143425};-177.391943214040;28.154013443517517
416;-60.5419581635023;(sin((_a2_ + (x1 * cos(_a0_)))) * _a0_);{'d0': {'_a0_': 0.9677083188230182, '_a2_': 1.0673390592379965, '_a1_': 1.0, '_a3_': 1.0, '_a4_': 1.0, '_a5_': 1.0, '_a6_': 1.0, '_a7_': 1.0}};{'d0': 0.14885507175143425};-177.391943214040;28.154013443517517
417;-60.5419581635023;(sin((_a2_ + (x1 * cos(_a0_)))) * _a0_);{'d0': {'_a0_': 0.9677083188230182, '_a2_': 1.0673390592379965, '_a1_': 1.0, '_a3_': 1.0, '_a4_': 1.0, '_a5_': 1.0, '_a6_': 1.0, '_a7_': 1.0}};{'d0': 0.14885507175143425};-177.391943214040;28.154013443517517
418;-60.5419581635023;(sin((_a2_ + (x1 * cos(_a0_)))) * _a0_);{'d0': {'_a0_': 0.9677083188230182, '_a2_': 1.0673390592379965, '_a1_': 1.0, '_a3_': 1.0, '_a4_': 1.0, '_a5_': 1.0, '_a6_': 1.0, '_a7_': 1.0}};{'d0': 0.14885507175143425};-177.391943214040;28.154013443517517
419;-60.5419581635023;(sin((_a2_ + (x1 * cos(_a0_)))) * _a0_);{'d0': {'_a0_': 0.9677083188230182, '_a2_': 1.0673390592379965, '_a1_': 1.0, '_a3_': 1.0, '_a4_': 1.0, '_a5_': 1.0, '_a6_': 1.0, '_a7_': 1.0}};{'d0': 0.14885507175143425};-177.391943214040;28.154013443517517
420;-60.5419581635023;(sin((_a2_ + (x1 * cos(_a0_)))) * _a0_);{'d0': {'_a0_': 0.9677083188230182, '_a2_': 1.0673390592379965, '_a1_': 1.0, '_a3_': 1.0, '_a4_': 1.0, '_a5_': 1.0, '_a6_': 1.0, '_a7_': 1.0}};{'d0': 0.14885507175143425};-177.391943214040;28.154013443517517
421;-60.5419581635023;(sin((_a2_ + (x1 * cos(_a0_)))) * _a0_);{'d0': {'_a0_': 0.9677083188230182, '_a2_': 1.0673390592379965, '_a1_': 1.0, '_a3_': 1.0, '_a4_': 1.0, '_a5_': 1.0, '_a6_': 1.0, '_a7_': 1.0}};{'d0': 0.14885507175143425};-177.391943214040;28.154013443517517
422;-60.5419581635023;(sin((_a2_ + (x1 * cos(_a0_)))) * _a0_);{'d0': {'_a0_': 0.9677083188230182, '_a2_': 1.0673390592379965, '_a1_': 1.0, '_a3_': 1.0, '_a4_': 1.0, '_a5_': 1.0, '_a6_': 1.0, '_a7_': 1.0}};{'d0': 0.14885507175143425};-177.391943214040;28.154013443517517
423;-60.5419581635023;(sin((_a2_ + (x1 * cos(_a0_)))) * _a0_);{'d0': {'_a0_': 0.9677083188230182, '_a2_': 1.0673390592379965, '_a1_': 1.0, '_a3_': 1.0, '_a4_': 1.0, '_a5_': 1.0, '_a6_': 1.0, '_a7_': 1.0}};{'d0': 0.14885507175143425};-177.391943214040;28.154013443517517
424;-60.5419581635023;(sin((_a2_ + (x1 * cos(_a0_)))) * _a0_);{'d0': {'_a0_': 0.9677083188230182, '_a2_': 1.0673390592379965, '_a1_': 1.0, '_a3_': 1.0, '_a4_': 1.0, '_a5_': 1.0, '_a6_': 1.0, '_a7_': 1.0}};{'d0': 0.14885507175143425};-177.391943214040;28.154013443517517
425;-60.5419581635023;(sin((_a2_ + (x1 * cos(_a0_)))) * _a0_);{'d0': {'_a0_': 0.9677083188230182, '_a2_': 1.0673390592379965, '_a1_': 1.0, '_a3_': 1.0, '_a4_': 1.0, '_a5_': 1.0, '_a6_': 1.0, '_a7_': 1.0}};{'d0': 0.14885507175143425};-177.391943214040;28.154013443517517
426;-60.5419581635023;(sin((_a2_ + (x1 * cos(_a0_)))) * _a0_);{'d0': {'_a0_': 0.9677083188230182, '_a2_': 1.0673390592379965, '_a1_': 1.0, '_a3_': 1.0, '_a4_': 1.0, '_a5_': 1.0, '_a6_': 1.0, '_a7_': 1.0}};{'d0': 0.14885507175143425};-177.391943214040;28.154013443517517
427;-60.5419581635023;(sin((_a2_ + (x1 * cos(_a0_)))) * _a0_);{'d0': {'_a0_': 0.9677083188230182, '_a2_': 1.0673390592379965, '_a1_': 1.0, '_a3_': 1.0, '_a4_': 1.0, '_a5_': 1.0, '_a6_': 1.0, '_a7_': 1.0}};{'d0': 0.14885507175143425};-177.391943214040;28.154013443517517
428;-60.5419581635023;(sin((_a2_ + (x1 * cos(_a0_)))) * _a0_);{'d0': {'_a0_': 0.9677083188230182, '_a2_': 1.0673390592379965, '_a1_': 1.0, '_a3_': 1.0, '_a4_': 1.0, '_a5_': 1.0, '_a6_': 1.0, '_a7_': 1.0}};{'d0': 0.14885507175143425};-177.391943214040;28.154013443517517
429;-60.5419581635023;(sin((_a2_ + (x1 * cos(_a0_)))) * _a0_);{'d0': {'_a0_': 0.9677083188230182, '_a2_': 1.0673390592379965, '_a1_': 1.0, '_a3_': 1.0, '_a4_': 1.0, '_a5_': 1.0, '_a6_': 1.0, '_a7_': 1.0}};{'d0': 0.14885507175143425};-177.391943214040;28.154013443517517
430;-60.5419581635023;(sin((_a2_ + (x1 * cos(_a0_)))) * _a0_);{'d0': {'_a0_': 0.9677083188230182, '_a2_': 1.0673390592379965, '_a1_': 1.0, '_a3_': 1.0, '_a4_': 1.0, '_a5_': 1.0, '_a6_': 1.0, '_a7_': 1.0}};{'d0': 0.14885507175143425};-177.391943214040;28.154013443517517
431;-60.5419581635023;(sin((_a2_ + (x1 * cos(_a0_)))) * _a0_);{'d0': {'_a0_': 0.9677083188230182, '_a2_': 1.0673390592379965, '_a1_': 1.0, '_a3_': 1.0, '_a4_': 1.0, '_a5_': 1.0, '_a6_': 1.0, '_a7_': 1.0}};{'d0': 0.14885507175143425};-177.391943214040;28.154013443517517
432;-60.5419581635023;(sin((_a2_ + (x1 * cos(_a0_)))) * _a0_);{'d0': {'_a0_': 0.9677083188230182, '_a2_': 1.0673390592379965, '_a1_': 1.0, '_a3_': 1.0, '_a4_': 1.0, '_a5_': 1.0, '_a6_': 1.0, '_a7_': 1.0}};{'d0': 0.14885507175143425};-177.391943214040;28.154013443517517
433;-60.5419581635023;(sin((_a2_ + (x1 * cos(_a0_)))) * _a0_);{'d0': {'_a0_': 0.9677083188230182, '_a2_': 1.0673390592379965, '_a1_': 1.0, '_a3_': 1.0, '_a4_': 1.0, '_a5_': 1.0, '_a6_': 1.0, '_a7_': 1.0}};{'d0': 0.14885507175143425};-177.391943214040;28.154013443517517
434;-60.5419581635023;(sin((_a2_ + (x1 * cos(_a0_)))) * _a0_);{'d0': {'_a0_': 0.9677083188230182, '_a2_': 1.0673390592379965, '_a1_': 1.0, '_a3_': 1.0, '_a4_': 1.0, '_a5_': 1.0, '_a6_': 1.0, '_a7_': 1.0}};{'d0': 0.14885507175143425};-177.391943214040;28.154013443517517
435;-60.5419581635023;(sin((_a2_ + (x1 * cos(_a0_)))) * _a0_);{'d0': {'_a0_': 0.9677083188230182, '_a2_': 1.0673390592379965, '_a1_': 1.0, '_a3_': 1.0, '_a4_': 1.0, '_a5_': 1.0, '_a6_': 1.0, '_a7_': 1.0}};{'d0': 0.14885507175143425};-177.391943214040;28.154013443517517
436;-60.4738233287760;(sin((_a0_ + (x1 * cos(_a0_)))) * _a0_);{'d0': {'_a0_': 1.0058795271517043, '_a1_': 1.0, '_a2_': 1.0, '_a3_': 1.0, '_a4_': 1.0, '_a5_': 1.0, '_a6_': 1.0, '_a7_': 1.0}};{'d0': 0.15972976155137494};-177.255673544587;28.154013443517517
437;-60.4738233287760;(sin((_a0_ + (x1 * cos(_a0_)))) * _a0_);{'d0': {'_a0_': 1.0058795271517043, '_a1_': 1.0, '_a2_': 1.0, '_a3_': 1.0, '_a4_': 1.0, '_a5_': 1.0, '_a6_': 1.0, '_a7_': 1.0}};{'d0': 0.15972976155137494};-177.255673544587;28.154013443517517
438;-60.4738233287760;(sin((_a0_ + (x1 * cos(_a0_)))) * _a0_);{'d0': {'_a0_': 1.0058795271517043, '_a1_': 1.0, '_a2_': 1.0, '_a3_': 1.0, '_a4_': 1.0, '_a5_': 1.0, '_a6_': 1.0, '_a7_': 1.0}};{'d0': 0.15972976155137494};-177.255673544587;28.154013443517517
439;-60.4738233287760;(sin((_a0_ + (x1 * cos(_a0_)))) * _a0_);{'d0': {'_a0_': 1.0058795271517043, '_a1_': 1.0, '_a2_': 1.0, '_a3_': 1.0, '_a4_': 1.0, '_a5_': 1.0, '_a6_': 1.0, '_a7_': 1.0}};{'d0': 0.15972976155137494};-177.255673544587;28.154013443517517
440;-60.4738233287760;(sin((_a0_ + (x1 * cos(_a0_)))) * _a0_);{'d0': {'_a0_': 1.0058795271517043, '_a1_': 1.0, '_a2_': 1.0, '_a3_': 1.0, '_a4_': 1.0, '_a5_': 1.0, '_a6_': 1.0, '_a7_': 1.0}};{'d0': 0.15972976155137494};-177.255673544587;28.154013443517517
441;-60.4738233287760;(sin((_a0_ + (x1 * cos(_a0_)))) * _a0_);{'d0': {'_a0_': 1.0058795271517043, '_a1_': 1.0, '_a2_': 1.0, '_a3_': 1.0, '_a4_': 1.0, '_a5_': 1.0, '_a6_': 1.0, '_a7_': 1.0}};{'d0': 0.15972976155137494};-177.255673544587;28.154013443517517
442;-60.4738233287760;(sin((_a0_ + (x1 * cos(_a0_)))) * _a0_);{'d0': {'_a0_': 1.0058795271517043, '_a1_': 1.0, '_a2_': 1.0, '_a3_': 1.0, '_a4_': 1.0, '_a5_': 1.0, '_a6_': 1.0, '_a7_': 1.0}};{'d0': 0.15972976155137494};-177.255673544587;28.154013443517517
443;-60.0935019541220;(sin((_a0_ + (x1 * cos(_a0_)))) * _a3_);{'d0': {'_a0_': 1.0125451526395823, '_a3_': 0.9879126555509146, '_a1_': 1.0, '_a2_': 1.0, '_a4_': 1.0, '_a5_': 1.0, '_a6_': 1.0, '_a7_': 1.0}};{'d0': 0.15109695246719848};-176.495030795279;28.154013443517517
444;-60.0935019541220;(sin((_a0_ + (x1 * cos(_a0_)))) * _a3_);{'d0': {'_a0_': 1.0125451526395823, '_a3_': 0.9879126555509146, '_a1_': 1.0, '_a2_': 1.0, '_a4_': 1.0, '_a5_': 1.0, '_a6_': 1.0, '_a7_': 1.0}};{'d0': 0.15109695246719848};-176.495030795279;28.154013443517517
445;-60.0935019541220;(sin((_a0_ + (x1 * cos(_a0_)))) * _a3_);{'d0': {'_a0_': 1.0125451526395823, '_a3_': 0.9879126555509146, '_a1_': 1.0, '_a2_': 1.0, '_a4_': 1.0, '_a5_': 1.0, '_a6_': 1.0, '_a7_': 1.0}};{'d0': 0.15109695246719848};-176.495030795279;28.154013443517517
446;-60.0935019541220;(sin((_a0_ + (x1 * cos(_a0_)))) * _a3_);{'d0': {'_a0_': 1.0125451526395823, '_a3_': 0.9879126555509146, '_a1_': 1.0, '_a2_': 1.0, '_a4_': 1.0, '_a5_': 1.0, '_a6_': 1.0, '_a7_': 1.0}};{'d0': 0.15109695246719848};-176.495030795279;28.154013443517517
447;-60.0935019541220;(sin((_a0_ + (x1 * cos(_a0_)))) * _a3_);{'d0': {'_a0_': 1.0125451526395823, '_a3_': 0.9879126555509146, '_a1_': 1.0, '_a2_': 1.0, '_a4_': 1.0, '_a5_': 1.0, '_a6_': 1.0, '_a7_': 1.0}};{'d0': 0.15109695246719848};-176.495030795279;28.154013443517517
448;-60.0935019541220;(sin((_a0_ + (x1 * cos(_a0_)))) * _a3_);{'d0': {'_a0_': 1.0125451526395823, '_a3_': 0.9879126555509146, '_a1_': 1.0, '_a2_': 1.0, '_a4_': 1.0, '_a5_': 1.0, '_a6_': 1.0, '_a7_': 1.0}};{'d0': 0.15109695246719848};-176.495030795279;28.154013443517517
449;-60.0935019541220;(sin((_a0_ + (x1 * cos(_a0_)))) * _a3_);{'d0': {'_a0_': 1.0125451526395823, '_a3_': 0.9879126555509146, '_a1_': 1.0, '_a2_': 1.0, '_a4_': 1.0, '_a5_': 1.0, '_a6_': 1.0, '_a7_': 1.0}};{'d0': 0.15109695246719848};-176.495030795279;28.154013443517517
450;-60.0935019541220;(sin((_a0_ + (x1 * cos(_a0_)))) * _a3_);{'d0': {'_a0_': 1.0125451526395823, '_a3_': 0.9879126555509146, '_a1_': 1.0, '_a2_': 1.0, '_a4_': 1.0, '_a5_': 1.0, '_a6_': 1.0, '_a7_': 1.0}};{'d0': 0.15109695246719848};-176.495030795279;28.154013443517517
451;-60.0935019541220;(sin((_a0_ + (x1 * cos(_a0_)))) * _a3_);{'d0': {'_a0_': 1.0125451526395823, '_a3_': 0.9879126555509146, '_a1_': 1.0, '_a2_': 1.0, '_a4_': 1.0, '_a5_': 1.0, '_a6_': 1.0, '_a7_': 1.0}};{'d0': 0.15109695246719848};-176.495030795279;28.154013443517517
452;-60.0935019541220;(sin((_a0_ + (x1 * cos(_a0_)))) * _a3_);{'d0': {'_a0_': 1.0125451526395823, '_a3_': 0.9879126555509146, '_a1_': 1.0, '_a2_': 1.0, '_a4_': 1.0, '_a5_': 1.0, '_a6_': 1.0, '_a7_': 1.0}};{'d0': 0.15109695246719848};-176.495030795279;28.154013443517517
453;-59.8313608559478;(sin((_a0_ + (x1 * (_a7_ * _a0_)))) * _a3_);{'d0': {'_a0_': 1.0542547412050998, '_a3_': 0.9700942648265788, '_a7_': 0.5280691092595494, '_a1_': 1.0, '_a2_': 1.0, '_a4_': 1.0, '_a5_': 1.0, '_a6_': 1.0}};{'d0': 0.14819093827936386};-173.565894292061;26.951586290082517
454;-61.0104090224714;(sin((_a0_ + (x1 * pow2(_a4_)))) * _a3_);{'d0': {'_a0_': 1.0542548005155972, '_a3_': 0.9700942403445784, '_a4_': 0.7461363125750584, '_a1_': 1.0, '_a2_': 1.0, '_a5_': 1.0, '_a6_': 1.0, '_a7_': 1.0}};{'d0': 0.14819093827937097};-173.565894292058;25.772538123557517
455;-61.0104090224714;(sin((_a0_ + (x1 * pow2(_a4_)))) * _a3_);{'d0': {'_a0_': 1.0542548005155972, '_a3_': 0.9700942403445784, '_a4_': 0.7461363125750584, '_a1_': 1.0, '_a2_': 1.0, '_a5_': 1.0, '_a6_': 1.0, '_a7_': 1.0}};{'d0': 0.14819093827937097};-173.565894292058;25.772538123557517
456;-61.0104090224714;(sin((_a0_ + (x1 * pow2(_a4_)))) * _a3_);{'d0': {'_a0_': 1.0542548005155972, '_a3_': 0.9700942403445784, '_a4_': 0.7461363125750584, '_a1_': 1.0, '_a2_': 1.0, '_a5_': 1.0, '_a6_': 1.0, '_a7_': 1.0}};{'d0': 0.14819093827937097};-173.565894292058;25.772538123557517
457;-61.0104090224714;(sin((_a0_ + (x1 * pow2(_a4_)))) * _a3_);{'d0': {'_a0_': 1.0542548005155972, '_a3_': 0.9700942403445784, '_a4_': 0.7461363125750584, '_a1_': 1.0, '_a2_': 1.0, '_a5_': 1.0, '_a6_': 1.0, '_a7_': 1.0}};{'d0': 0.14819093827937097};-173.565894292058;25.772538123557517
458;-61.0104090224714;(sin((_a0_ + (x1 * pow2(_a4_)))) * _a3_);{'d0': {'_a0_': 1.0542548005155972, '_a3_': 0.9700942403445784, '_a4_': 0.7461363125750584, '_a1_': 1.0, '_a2_': 1.0, '_a5_': 1.0, '_a6_': 1.0, '_a7_': 1.0}};{'d0': 0.14819093827937097};-173.565894292058;25.772538123557517
459;-61.0104090224714;(sin((_a0_ + (x1 * pow2(_a4_)))) * _a3_);{'d0': {'_a0_': 1.0542548005155972, '_a3_': 0.9700942403445784, '_a4_': 0.7461363125750584, '_a1_': 1.0, '_a2_': 1.0, '_a5_': 1.0, '_a6_': 1.0, '_a7_': 1.0}};{'d0': 0.14819093827937097};-173.565894292058;25.772538123557517
460;-61.0104090224714;(sin((_a0_ + (x1 * pow2(_a4_)))) * _a3_);{'d0': {'_a0_': 1.0542548005155972, '_a3_': 0.9700942403445784, '_a4_': 0.7461363125750584, '_a1_': 1.0, '_a2_': 1.0, '_a5_': 1.0, '_a6_': 1.0, '_a7_': 1.0}};{'d0': 0.14819093827937097};-173.565894292058;25.772538123557517
461;-61.0104090224714;(sin((_a0_ + (x1 * pow2(_a4_)))) * _a3_);{'d0': {'_a0_': 1.0542548005155972, '_a3_': 0.9700942403445784, '_a4_': 0.7461363125750584, '_a1_': 1.0, '_a2_': 1.0, '_a5_': 1.0, '_a6_': 1.0, '_a7_': 1.0}};{'d0': 0.14819093827937097};-173.565894292058;25.772538123557517
462;-61.0104090224714;(sin((_a0_ + (x1 * pow2(_a4_)))) * _a3_);{'d0': {'_a0_': 1.0542548005155972, '_a3_': 0.9700942403445784, '_a4_': 0.7461363125750584, '_a1_': 1.0, '_a2_': 1.0, '_a5_': 1.0, '_a6_': 1.0, '_a7_': 1.0}};{'d0': 0.14819093827937097};-173.565894292058;25.772538123557517
463;-61.0104090224714;(sin((_a0_ + (x1 * pow2(_a4_)))) * _a3_);{'d0': {'_a0_': 1.0542548005155972, '_a3_': 0.9700942403445784, '_a4_': 0.7461363125750584, '_a1_': 1.0, '_a2_': 1.0, '_a5_': 1.0, '_a6_': 1.0, '_a7_': 1.0}};{'d0': 0.14819093827937097};-173.565894292058;25.772538123557517
464;-61.0104090224714;(sin((_a0_ + (x1 * pow2(_a4_)))) * _a3_);{'d0': {'_a0_': 1.0542548005155972, '_a3_': 0.9700942403445784, '_a4_': 0.7461363125750584, '_a1_': 1.0, '_a2_': 1.0, '_a5_': 1.0, '_a6_': 1.0, '_a7_': 1.0}};{'d0': 0.14819093827937097};-173.565894292058;25.772538123557517
465;-61.0104090224714;(sin((_a0_ + (x1 * pow2(_a4_)))) * _a3_);{'d0': {'_a0_': 1.0542548005155972, '_a3_': 0.9700942403445784, '_a4_': 0.7461363125750584, '_a1_': 1.0, '_a2_': 1.0, '_a5_': 1.0, '_a6_': 1.0, '_a7_': 1.0}};{'d0': 0.14819093827937097};-173.565894292058;25.772538123557517
466;-54.3742792772048;((x1 * (((_a4_ * _a3_) + (_a2_ * x1)) + x1)) + _a4_);{'d0': {'_a2_': -1.1018786926884705, '_a3_': 0.3093209052075162, '_a4_': 0.8334352953467559, '_a0_': 1.0, '_a1_': 1.0, '_a5_': 1.0, '_a6_': 1.0, '_a7_': 1.0}};{'d0': 0.14934631257811667};-173.099916965468;32.175679205529
467;-59.2512619163398;((x1 * ((_a0_ + (_a2_ * x1)) + x1)) + _a4_);{'d0': {'_a0_': 0.25779896231910526, '_a2_': -1.1018786915701038, '_a4_': 0.8334352963370313, '_a1_': 1.0, '_a3_': 1.0, '_a5_': 1.0, '_a6_': 1.0, '_a7_': 1.0}};{'d0': 0.14934631257811704};-173.099916965468;27.298696566394
468;-59.2512619163398;((x1 * ((_a0_ + (_a2_ * x1)) + x1)) + _a4_);{'d0': {'_a0_': 0.25779896231910526, '_a2_': -1.1018786915701038, '_a4_': 0.8334352963370313, '_a1_': 1.0, '_a3_': 1.0, '_a5_': 1.0, '_a6_': 1.0, '_a7_': 1.0}};{'d0': 0.14934631257811704};-173.099916965468;27.298696566394
469;-59.2512619163398;((x1 * ((_a0_ + (_a2_ * x1)) + x1)) + _a4_);{'d0': {'_a0_': 0.25779896231910526, '_a2_': -1.1018786915701038, '_a4_': 0.8334352963370313, '_a1_': 1.0, '_a3_': 1.0, '_a5_': 1.0, '_a6_': 1.0, '_a7_': 1.0}};{'d0': 0.14934631257811704};-173.099916965468;27.298696566394
470;-59.2512619163398;((x1 * ((_a0_ + (_a2_ * x1)) + x1)) + _a4_);{'d0': {'_a0_': 0.25779896231910526, '_a2_': -1.1018786915701038, '_a4_': 0.8334352963370313, '_a1_': 1.0, '_a3_': 1.0, '_a5_': 1.0, '_a6_': 1.0, '_a7_': 1.0}};{'d0': 0.14934631257811704};-173.099916965468;27.298696566394
471;-59.2512619163398;((x1 * ((_a0_ + (_a2_ * x1)) + x1)) + _a4_);{'d0': {'_a0_': 0.25779896231910526, '_a2_': -1.1018786915701038, '_a4_': 0.8334352963370313, '_a1_': 1.0, '_a3_': 1.0, '_a5_': 1.0, '_a6_': 1.0, '_a7_': 1.0}};{'d0': 0.14934631257811704};-173.099916965468;27.298696566394
472;-59.2512619163398;((x1 * ((_a0_ + (_a2_ * x1)) + x1)) + _a4_);{'d0': {'_a0_': 0.25779896231910526, '_a2_': -1.1018786915701038, '_a4_': 0.8334352963370313, '_a1_': 1.0, '_a3_': 1.0, '_a5_': 1.0, '_a6_': 1.0, '_a7_': 1.0}};{'d0': 0.14934631257811704};-173.099916965468;27.298696566394
473;-59.2512619163398;((x1 * ((_a0_ + (_a2_ * x1)) + x1)) + _a4_);{'d0': {'_a0_': 0.25779896231910526, '_a2_': -1.1018786915701038, '_a4_': 0.8334352963370313, '_a1_': 1.0, '_a3_': 1.0, '_a5_': 1.0, '_a6_': 1.0, '_a7_': 1.0}};{'d0': 0.14934631257811704};-173.099916965468;27.298696566394
474;-59.2512619163398;((x1 * ((_a0_ + (_a2_ * x1)) + x1)) + _a4_);{'d0': {'_a0_': 0.25779896231910526, '_a2_': -1.1018786915701038, '_a4_': 0.8334352963370313, '_a1_': 1.0, '_a3_': 1.0, '_a5_': 1.0, '_a6_': 1.0, '_a7_': 1.0}};{'d0': 0.14934631257811704};-173.099916965468;27.298696566394
475;-59.2512619163398;((x1 * ((_a0_ + (_a2_ * x1)) + x1)) + _a4_);{'d0': {'_a0_': 0.25779896231910526, '_a2_': -1.1018786915701038, '_a4_': 0.8334352963370313, '_a1_': 1.0, '_a3_': 1.0, '_a5_': 1.0, '_a6_': 1.0, '_a7_': 1.0}};{'d0': 0.14934631257811704};-173.099916965468;27.298696566394
476;-59.2512619163398;((x1 * ((_a0_ + (_a2_ * x1)) + x1)) + _a4_);{'d0': {'_a0_': 0.25779896231910526, '_a2_': -1.1018786915701038, '_a4_': 0.8334352963370313, '_a1_': 1.0, '_a3_': 1.0, '_a5_': 1.0, '_a6_': 1.0, '_a7_': 1.0}};{'d0': 0.14934631257811704};-173.099916965468;27.298696566394
477;-59.2512619163398;((x1 * ((_a0_ + (_a2_ * x1)) + x1)) + _a4_);{'d0': {'_a0_': 0.25779896231910526, '_a2_': -1.1018786915701038, '_a4_': 0.8334352963370313, '_a1_': 1.0, '_a3_': 1.0, '_a5_': 1.0, '_a6_': 1.0, '_a7_': 1.0}};{'d0': 0.14934631257811704};-173.099916965468;27.298696566394
478;-59.2512619163398;((x1 * ((_a0_ + (_a2_ * x1)) + x1)) + _a4_);{'d0': {'_a0_': 0.25779896231910526, '_a2_': -1.1018786915701038, '_a4_': 0.8334352963370313, '_a1_': 1.0, '_a3_': 1.0, '_a5_': 1.0, '_a6_': 1.0, '_a7_': 1.0}};{'d0': 0.14934631257811704};-173.099916965468;27.298696566394
479;-59.2512619163398;((x1 * ((_a0_ + (_a2_ * x1)) + x1)) + _a4_);{'d0': {'_a0_': 0.25779896231910526, '_a2_': -1.1018786915701038, '_a4_': 0.8334352963370313, '_a1_': 1.0, '_a3_': 1.0, '_a5_': 1.0, '_a6_': 1.0, '_a7_': 1.0}};{'d0': 0.14934631257811704};-173.099916965468;27.298696566394
480;-49.3401796206686;abs(((pow2(x1) + ((x1 + _a3_) / (_a6_ + _a6_))) * (_a1_ * _a6_)));{'d0': {'_a1_': 0.5065321160514642, '_a3_': 3.3218861498034347, '_a6_': -0.2329495521658308, '_a0_': 1.0, '_a2_': 1.0, '_a4_': 1.0, '_a5_': 1.0, '_a7_': 1.0}};{'d0': 0.11980844860402619};-186.322335892850;43.820988325756396
481;-49.3401796206686;abs(((pow2(x1) + ((x1 + _a3_) / (_a6_ + _a6_))) * (_a1_ * _a6_)));{'d0': {'_a1_': 0.5065321160514642, '_a3_': 3.3218861498034347, '_a6_': -0.2329495521658308, '_a0_': 1.0, '_a2_': 1.0, '_a4_': 1.0, '_a5_': 1.0, '_a7_': 1.0}};{'d0': 0.11980844860402619};-186.322335892850;43.820988325756396
482;-49.3401796206686;abs(((pow2(x1) + ((x1 + _a3_) / (_a6_ + _a6_))) * (_a1_ * _a6_)));{'d0': {'_a1_': 0.5065321160514642, '_a3_': 3.3218861498034347, '_a6_': -0.2329495521658308, '_a0_': 1.0, '_a2_': 1.0, '_a4_': 1.0, '_a5_': 1.0, '_a7_': 1.0}};{'d0': 0.11980844860402619};-186.322335892850;43.820988325756396
483;-49.3401796206686;abs(((pow2(x1) + ((x1 + _a3_) / (_a6_ + _a6_))) * (_a1_ * _a6_)));{'d0': {'_a1_': 0.5065321160514642, '_a3_': 3.3218861498034347, '_a6_': -0.2329495521658308, '_a0_': 1.0, '_a2_': 1.0, '_a4_': 1.0, '_a5_': 1.0, '_a7_': 1.0}};{'d0': 0.11980844860402619};-186.322335892850;43.820988325756396
484;-49.3401796206686;abs(((pow2(x1) + ((x1 + _a3_) / (_a6_ + _a6_))) * (_a1_ * _a6_)));{'d0': {'_a1_': 0.5065321160514642, '_a3_': 3.3218861498034347, '_a6_': -0.2329495521658308, '_a0_': 1.0, '_a2_': 1.0, '_a4_': 1.0, '_a5_': 1.0, '_a7_': 1.0}};{'d0': 0.11980844860402619};-186.322335892850;43.820988325756396
485;-49.3401796206686;abs(((pow2(x1) + ((x1 + _a3_) / (_a6_ + _a6_))) * (_a1_ * _a6_)));{'d0': {'_a1_': 0.5065321160514642, '_a3_': 3.3218861498034347, '_a6_': -0.2329495521658308, '_a0_': 1.0, '_a2_': 1.0, '_a4_': 1.0, '_a5_': 1.0, '_a7_': 1.0}};{'d0': 0.11980844860402619};-186.322335892850;43.820988325756396
486;-49.3401796206686;abs(((pow2(x1) + ((x1 + _a3_) / (_a6_ + _a6_))) * (_a1_ * _a6_)));{'d0': {'_a1_': 0.5065321160514642, '_a3_': 3.3218861498034347, '_a6_': -0.2329495521658308, '_a0_': 1.0, '_a2_': 1.0, '_a4_': 1.0, '_a5_': 1.0, '_a7_': 1.0}};{'d0': 0.11980844860402619};-186.322335892850;43.820988325756396
487;-49.3401796206686;abs(((pow2(x1) + ((x1 + _a3_) / (_a6_ + _a6_))) * (_a1_ * _a6_)));{'d0': {'_a1_': 0.5065321160514642, '_a3_': 3.3218861498034347, '_a6_': -0.2329495521658308, '_a0_': 1.0, '_a2_': 1.0, '_a4_': 1.0, '_a5_': 1.0, '_a7_': 1.0}};{'d0': 0.11980844860402619};-186.322335892850;43.820988325756396
488;-49.3401796206686;abs(((pow2(x1) + ((x1 + _a3_) / (_a6_ + _a6_))) * (_a1_ * _a6_)));{'d0': {'_a1_': 0.5065321160514642, '_a3_': 3.3218861498034347, '_a6_': -0.2329495521658308, '_a0_': 1.0, '_a2_': 1.0, '_a4_': 1.0, '_a5_': 1.0, '_a7_': 1.0}};{'d0': 0.11980844860402619};-186.322335892850;43.820988325756396
489;-49.3401796206686;abs(((pow2(x1) + ((x1 + _a3_) / (_a6_ + _a6_))) * (_a1_ * _a6_)));{'d0': {'_a1_': 0.5065321160514642, '_a3_': 3.3218861498034347, '_a6_': -0.2329495521658308, '_a0_': 1.0, '_a2_': 1.0, '_a4_': 1.0, '_a5_': 1.0, '_a7_': 1.0}};{'d0': 0.11980844860402619};-186.322335892850;43.820988325756396
490;-49.3401796206686;abs(((pow2(x1) + ((x1 + _a3_) / (_a6_ + _a6_))) * (_a1_ * _a6_)));{'d0': {'_a1_': 0.5065321160514642, '_a3_': 3.3218861498034347, '_a6_': -0.2329495521658308, '_a0_': 1.0, '_a2_': 1.0, '_a4_': 1.0, '_a5_': 1.0, '_a7_': 1.0}};{'d0': 0.11980844860402619};-186.322335892850;43.820988325756396
491;-49.3401796206686;abs(((pow2(x1) + ((x1 + _a3_) / (_a6_ + _a6_))) * (_a1_ * _a6_)));{'d0': {'_a1_': 0.5065321160514642, '_a3_': 3.3218861498034347, '_a6_': -0.2329495521658308, '_a0_': 1.0, '_a2_': 1.0, '_a4_': 1.0, '_a5_': 1.0, '_a7_': 1.0}};{'d0': 0.11980844860402619};-186.322335892850;43.820988325756396
492;-49.3401796206686;abs(((pow2(x1) + ((x1 + _a3_) / (_a6_ + _a6_))) * (_a1_ * _a6_)));{'d0': {'_a1_': 0.5065321160514642, '_a3_': 3.3218861498034347, '_a6_': -0.2329495521658308, '_a0_': 1.0, '_a2_': 1.0, '_a4_': 1.0, '_a5_': 1.0, '_a7_': 1.0}};{'d0': 0.11980844860402619};-186.322335892850;43.820988325756396
493;-49.3401796206686;abs(((pow2(x1) + ((x1 + _a3_) / (_a6_ + _a6_))) * (_a1_ * _a6_)));{'d0': {'_a1_': 0.5065321160514642, '_a3_': 3.3218861498034347, '_a6_': -0.2329495521658308, '_a0_': 1.0, '_a2_': 1.0, '_a4_': 1.0, '_a5_': 1.0, '_a7_': 1.0}};{'d0': 0.11980844860402619};-186.322335892850;43.820988325756396
494;-49.3401796206686;abs(((pow2(x1) + ((x1 + _a3_) / (_a6_ + _a6_))) * (_a1_ * _a6_)));{'d0': {'_a1_': 0.5065321160514642, '_a3_': 3.3218861498034347, '_a6_': -0.2329495521658308, '_a0_': 1.0, '_a2_': 1.0, '_a4_': 1.0, '_a5_': 1.0, '_a7_': 1.0}};{'d0': 0.11980844860402619};-186.322335892850;43.820988325756396
495;-49.3401796206686;abs(((pow2(x1) + ((x1 + _a3_) / (_a6_ + _a6_))) * (_a1_ * _a6_)));{'d0': {'_a1_': 0.5065321160514642, '_a3_': 3.3218861498034347, '_a6_': -0.2329495521658308, '_a0_': 1.0, '_a2_': 1.0, '_a4_': 1.0, '_a5_': 1.0, '_a7_': 1.0}};{'d0': 0.11980844860402619};-186.322335892850;43.820988325756396
496;-49.3401796206686;abs(((pow2(x1) + ((x1 + _a3_) / (_a6_ + _a6_))) * (_a1_ * _a6_)));{'d0': {'_a1_': 0.5065321160514642, '_a3_': 3.3218861498034347, '_a6_': -0.2329495521658308, '_a0_': 1.0, '_a2_': 1.0, '_a4_': 1.0, '_a5_': 1.0, '_a7_': 1.0}};{'d0': 0.11980844860402619};-186.322335892850;43.820988325756396
497;-49.3401796206686;abs(((pow2(x1) + ((x1 + _a3_) / (_a6_ + _a6_))) * (_a1_ * _a6_)));{'d0': {'_a1_': 0.5065321160514642, '_a3_': 3.3218861498034347, '_a6_': -0.2329495521658308, '_a0_': 1.0, '_a2_': 1.0, '_a4_': 1.0, '_a5_': 1.0, '_a7_': 1.0}};{'d0': 0.11980844860402619};-186.322335892850;43.820988325756396
498;-49.3401796206686;abs(((pow2(x1) + ((x1 + _a3_) / (_a6_ + _a6_))) * (_a1_ * _a6_)));{'d0': {'_a1_': 0.5065321160514642, '_a3_': 3.3218861498034347, '_a6_': -0.2329495521658308, '_a0_': 1.0, '_a2_': 1.0, '_a4_': 1.0, '_a5_': 1.0, '_a7_': 1.0}};{'d0': 0.11980844860402619};-186.322335892850;43.820988325756396
499;-49.3401796206686;abs(((pow2(x1) + ((x1 + _a3_) / (_a6_ + _a6_))) * (_a1_ * _a6_)));{'d0': {'_a1_': 0.5065321160514642, '_a3_': 3.3218861498034347, '_a6_': -0.2329495521658308, '_a0_': 1.0, '_a2_': 1.0, '_a4_': 1.0, '_a5_': 1.0, '_a7_': 1.0}};{'d0': 0.11980844860402619};-186.322335892850;43.820988325756396
500;-49.3401796206686;abs(((pow2(x1) + ((x1 + _a3_) / (_a6_ + _a6_))) * (_a1_ * _a6_)));{'d0': {'_a1_': 0.5065321160514642, '_a3_': 3.3218861498034347, '_a6_': -0.2329495521658308, '_a0_': 1.0, '_a2_': 1.0, '_a4_': 1.0, '_a5_': 1.0, '_a7_': 1.0}};{'d0': 0.11980844860402619};-186.322335892850;43.820988325756396
501;-65.1755757495603;cos((((_a0_ + x1) / _a6_) * _a0_));{'d0': {'_a0_': 566467.2780998672, '_a6_': 1080812.668706009, '_a1_': 1.0, '_a2_': 1.0, '_a3_': 1.0, '_a4_': 1.0, '_a5_': 1.0, '_a7_': 1.0}};{'d0': 0.15383808695018514};-175.416292848108;22.532570674493392
502;-65.1755757495603;cos((((_a0_ + x1) / _a6_) * _a0_));{'d0': {'_a0_': 566467.2780998672, '_a6_': 1080812.668706009, '_a1_': 1.0, '_a2_': 1.0, '_a3_': 1.0, '_a4_': 1.0, '_a5_': 1.0, '_a7_': 1.0}};{'d0': 0.15383808695018514};-175.416292848108;22.532570674493392
503;-65.1755757495603;cos((((_a0_ + x1) / _a6_) * _a0_));{'d0': {'_a0_': 566467.2780998672, '_a6_': 1080812.668706009, '_a1_': 1.0, '_a2_': 1.0, '_a3_': 1.0, '_a4_': 1.0, '_a5_': 1.0, '_a7_': 1.0}};{'d0': 0.15383808695018514};-175.416292848108;22.532570674493392
504;-65.1755757495603;cos((((_a0_ + x1) / _a6_) * _a0_));{'d0': {'_a0_': 566467.2780998672, '_a6_': 1080812.668706009, '_a1_': 1.0, '_a2_': 1.0, '_a3_': 1.0, '_a4_': 1.0, '_a5_': 1.0, '_a7_': 1.0}};{'d0': 0.15383808695018514};-175.416292848108;22.532570674493392
505;-65.1755757495603;cos((((_a0_ + x1) / _a6_) * _a0_));{'d0': {'_a0_': 566467.2780998672, '_a6_': 1080812.668706009, '_a1_': 1.0, '_a2_': 1.0, '_a3_': 1.0, '_a4_': 1.0, '_a5_': 1.0, '_a7_': 1.0}};{'d0': 0.15383808695018514};-175.416292848108;22.532570674493392
506;-65.1755757495603;cos((((_a0_ + x1) / _a6_) * _a0_));{'d0': {'_a0_': 566467.2780998672, '_a6_': 1080812.668706009, '_a1_': 1.0, '_a2_': 1.0, '_a3_': 1.0, '_a4_': 1.0, '_a5_': 1.0, '_a7_': 1.0}};{'d0': 0.15383808695018514};-175.416292848108;22.532570674493392
507;-65.1755757495603;cos((((_a0_ + x1) / _a6_) * _a0_));{'d0': {'_a0_': 566467.2780998672, '_a6_': 1080812.668706009, '_a1_': 1.0, '_a2_': 1.0, '_a3_': 1.0, '_a4_': 1.0, '_a5_': 1.0, '_a7_': 1.0}};{'d0': 0.15383808695018514};-175.416292848108;22.532570674493392
508;-65.1755757495603;cos((((_a0_ + x1) / _a6_) * _a0_));{'d0': {'_a0_': 566467.2780998672, '_a6_': 1080812.668706009, '_a1_': 1.0, '_a2_': 1.0, '_a3_': 1.0, '_a4_': 1.0, '_a5_': 1.0, '_a7_': 1.0}};{'d0': 0.15383808695018514};-175.416292848108;22.532570674493392
509;-65.1755757495603;cos((((_a0_ + x1) / _a6_) * _a0_));{'d0': {'_a0_': 566467.2780998672, '_a6_': 1080812.668706009, '_a1_': 1.0, '_a2_': 1.0, '_a3_': 1.0, '_a4_': 1.0, '_a5_': 1.0, '_a7_': 1.0}};{'d0': 0.15383808695018514};-175.416292848108;22.532570674493392
510;-65.1755757495603;cos((((_a0_ + x1) / _a6_) * _a0_));{'d0': {'_a0_': 566467.2780998672, '_a6_': 1080812.668706009, '_a1_': 1.0, '_a2_': 1.0, '_a3_': 1.0, '_a4_': 1.0, '_a5_': 1.0, '_a7_': 1.0}};{'d0': 0.15383808695018514};-175.416292848108;22.532570674493392
511;-65.1755757495603;cos((((_a0_ + x1) / _a6_) * _a0_));{'d0': {'_a0_': 566467.2780998672, '_a6_': 1080812.668706009, '_a1_': 1.0, '_a2_': 1.0, '_a3_': 1.0, '_a4_': 1.0, '_a5_': 1.0, '_a7_': 1.0}};{'d0': 0.15383808695018514};-175.416292848108;22.532570674493392
512;-65.1755757495603;cos((((_a0_ + x1) / _a6_) * _a0_));{'d0': {'_a0_': 566467.2780998672, '_a6_': 1080812.668706009, '_a1_': 1.0, '_a2_': 1.0, '_a3_': 1.0, '_a4_': 1.0, '_a5_': 1.0, '_a7_': 1.0}};{'d0': 0.15383808695018514};-175.416292848108;22.532570674493392
513;-65.1755757495603;cos((((_a0_ + x1) / _a6_) * _a0_));{'d0': {'_a0_': 566467.2780998672, '_a6_': 1080812.668706009, '_a1_': 1.0, '_a2_': 1.0, '_a3_': 1.0, '_a4_': 1.0, '_a5_': 1.0, '_a7_': 1.0}};{'d0': 0.15383808695018514};-175.416292848108;22.532570674493392
514;-65.1755757495603;cos((((_a0_ + x1) / _a6_) * _a0_));{'d0': {'_a0_': 566467.2780998672, '_a6_': 1080812.668706009, '_a1_': 1.0, '_a2_': 1.0, '_a3_': 1.0, '_a4_': 1.0, '_a5_': 1.0, '_a7_': 1.0}};{'d0': 0.15383808695018514};-175.416292848108;22.532570674493392
515;-65.1755757495603;cos((((_a0_ + x1) / _a6_) * _a0_));{'d0': {'_a0_': 566467.2780998672, '_a6_': 1080812.668706009, '_a1_': 1.0, '_a2_': 1.0, '_a3_': 1.0, '_a4_': 1.0, '_a5_': 1.0, '_a7_': 1.0}};{'d0': 0.15383808695018514};-175.416292848108;22.532570674493392
516;-65.1755757495603;cos((((_a0_ + x1) / _a6_) * _a0_));{'d0': {'_a0_': 566467.2780998672, '_a6_': 1080812.668706009, '_a1_': 1.0, '_a2_': 1.0, '_a3_': 1.0, '_a4_': 1.0, '_a5_': 1.0, '_a7_': 1.0}};{'d0': 0.15383808695018514};-175.416292848108;22.532570674493392
517;-65.1755757495603;cos((((_a0_ + x1) / _a6_) * _a0_));{'d0': {'_a0_': 566467.2780998672, '_a6_': 1080812.668706009, '_a1_': 1.0, '_a2_': 1.0, '_a3_': 1.0, '_a4_': 1.0, '_a5_': 1.0, '_a7_': 1.0}};{'d0': 0.15383808695018514};-175.416292848108;22.532570674493392
518;-65.1755757495603;cos((((_a0_ + x1) / _a6_) * _a0_));{'d0': {'_a0_': 566467.2780998672, '_a6_': 1080812.668706009, '_a1_': 1.0, '_a2_': 1.0, '_a3_': 1.0, '_a4_': 1.0, '_a5_': 1.0, '_a7_': 1.0}};{'d0': 0.15383808695018514};-175.416292848108;22.532570674493392
519;-65.1755757495603;cos((((_a0_ + x1) / _a6_) * _a0_));{'d0': {'_a0_': 566467.2780998672, '_a6_': 1080812.668706009, '_a1_': 1.0, '_a2_': 1.0, '_a3_': 1.0, '_a4_': 1.0, '_a5_': 1.0, '_a7_': 1.0}};{'d0': 0.15383808695018514};-175.416292848108;22.532570674493392
520;-65.1755757495603;cos((((_a0_ + x1) / _a6_) * _a0_));{'d0': {'_a0_': 566467.2780998672, '_a6_': 1080812.668706009, '_a1_': 1.0, '_a2_': 1.0, '_a3_': 1.0, '_a4_': 1.0, '_a5_': 1.0, '_a7_': 1.0}};{'d0': 0.15383808695018514};-175.416292848108;22.532570674493392
521;-65.1755757495603;cos((((_a0_ + x1) / _a6_) * _a0_));{'d0': {'_a0_': 566467.2780998672, '_a6_': 1080812.668706009, '_a1_': 1.0, '_a2_': 1.0, '_a3_': 1.0, '_a4_': 1.0, '_a5_': 1.0, '_a7_': 1.0}};{'d0': 0.15383808695018514};-175.416292848108;22.532570674493392
522;-65.1755757495603;cos((((_a0_ + x1) / _a6_) * _a0_));{'d0': {'_a0_': 566467.2780998672, '_a6_': 1080812.668706009, '_a1_': 1.0, '_a2_': 1.0, '_a3_': 1.0, '_a4_': 1.0, '_a5_': 1.0, '_a7_': 1.0}};{'d0': 0.15383808695018514};-175.416292848108;22.532570674493392
523;-77.8685055355849;((_a3_ + _a1_) ** (_a1_ ** x1));{'d0': {'_a1_': 0.20341165482353654, '_a3_': 0.6516442815254496, '_a0_': 1.0, '_a2_': 1.0, '_a4_': 1.0, '_a5_': 1.0, '_a6_': 1.0, '_a7_': 1.0}};{'d0': 0.11242639836581983};-194.232406553630;19.247697741229995
524;-77.8685055355849;((_a3_ + _a1_) ** (_a1_ ** x1));{'d0': {'_a1_': 0.20341165482353654, '_a3_': 0.6516442815254496, '_a0_': 1.0, '_a2_': 1.0, '_a4_': 1.0, '_a5_': 1.0, '_a6_': 1.0, '_a7_': 1.0}};{'d0': 0.11242639836581983};-194.232406553630;19.247697741229995
525;-77.8685055355849;((_a3_ + _a1_) ** (_a1_ ** x1));{'d0': {'_a1_': 0.20341165482353654, '_a3_': 0.6516442815254496, '_a0_': 1.0, '_a2_': 1.0, '_a4_': 1.0, '_a5_': 1.0, '_a6_': 1.0, '_a7_': 1.0}};{'d0': 0.11242639836581983};-194.232406553630;19.247697741229995
526;-77.8685055355849;((_a3_ + _a1_) ** (_a1_ ** x1));{'d0': {'_a1_': 0.20341165482353654, '_a3_': 0.6516442815254496, '_a0_': 1.0, '_a2_': 1.0, '_a4_': 1.0, '_a5_': 1.0, '_a6_': 1.0, '_a7_': 1.0}};{'d0': 0.11242639836581983};-194.232406553630;19.247697741229995
527;-77.8685055355849;((_a3_ + _a1_) ** (_a1_ ** x1));{'d0': {'_a1_': 0.20341165482353654, '_a3_': 0.6516442815254496, '_a0_': 1.0, '_a2_': 1.0, '_a4_': 1.0, '_a5_': 1.0, '_a6_': 1.0, '_a7_': 1.0}};{'d0': 0.11242639836581983};-194.232406553630;19.247697741229995
528;-77.8685055355849;((_a3_ + _a1_) ** (_a1_ ** x1));{'d0': {'_a1_': 0.20341165482353654, '_a3_': 0.6516442815254496, '_a0_': 1.0, '_a2_': 1.0, '_a4_': 1.0, '_a5_': 1.0, '_a6_': 1.0, '_a7_': 1.0}};{'d0': 0.11242639836581983};-194.232406553630;19.247697741229995
529;-77.8685055355849;((_a3_ + _a1_) ** (_a1_ ** x1));{'d0': {'_a1_': 0.20341165482353654, '_a3_': 0.6516442815254496, '_a0_': 1.0, '_a2_': 1.0, '_a4_': 1.0, '_a5_': 1.0, '_a6_': 1.0, '_a7_': 1.0}};{'d0': 0.11242639836581983};-194.232406553630;19.247697741229995
530;-77.8685055355849;((_a3_ + _a1_) ** (_a1_ ** x1));{'d0': {'_a1_': 0.20341165482353654, '_a3_': 0.6516442815254496, '_a0_': 1.0, '_a2_': 1.0, '_a4_': 1.0, '_a5_': 1.0, '_a6_': 1.0, '_a7_': 1.0}};{'d0': 0.11242639836581983};-194.232406553630;19.247697741229995
531;-77.8685055355849;((_a3_ + _a1_) ** (_a1_ ** x1));{'d0': {'_a1_': 0.20341165482353654, '_a3_': 0.6516442815254496, '_a0_': 1.0, '_a2_': 1.0, '_a4_': 1.0, '_a5_': 1.0, '_a6_': 1.0, '_a7_': 1.0}};{'d0': 0.11242639836581983};-194.232406553630;19.247697741229995
532;-79.0568385181302;((_a3_ * _a1_) ** (_a1_ ** x1));{'d0': {'_a1_': 0.20341247621472502, '_a3_': 4.2035533881667, '_a0_': 1.0, '_a2_': 1.0, '_a4_': 1.0, '_a5_': 1.0, '_a6_': 1.0, '_a7_': 1.0}};{'d0': 0.11242639836579645};-194.232406553642;18.059364758690997
533;-79.0568385181302;((_a3_ * _a1_) ** (_a1_ ** x1));{'d0': {'_a1_': 0.20341247621472502, '_a3_': 4.2035533881667, '_a0_': 1.0, '_a2_': 1.0, '_a4_': 1.0, '_a5_': 1.0, '_a6_': 1.0, '_a7_': 1.0}};{'d0': 0.11242639836579645};-194.232406553642;18.059364758690997
534;-79.0568385181302;((_a3_ * _a1_) ** (_a1_ ** x1));{'d0': {'_a1_': 0.20341247621472502, '_a3_': 4.2035533881667, '_a0_': 1.0, '_a2_': 1.0, '_a4_': 1.0, '_a5_': 1.0, '_a6_': 1.0, '_a7_': 1.0}};{'d0': 0.11242639836579645};-194.232406553642;18.059364758690997
535;-79.0568385181302;((_a3_ * _a1_) ** (_a1_ ** x1));{'d0': {'_a1_': 0.20341247621472502, '_a3_': 4.2035533881667, '_a0_': 1.0, '_a2_': 1.0, '_a4_': 1.0, '_a5_': 1.0, '_a6_': 1.0, '_a7_': 1.0}};{'d0': 0.11242639836579645};-194.232406553642;18.059364758690997
536;-79.0568385181302;((_a3_ * _a1_) ** (_a1_ ** x1));{'d0': {'_a1_': 0.20341247621472502, '_a3_': 4.2035533881667, '_a0_': 1.0, '_a2_': 1.0, '_a4_': 1.0, '_a5_': 1.0, '_a6_': 1.0, '_a7_': 1.0}};{'d0': 0.11242639836579645};-194.232406553642;18.059364758690997
537;-79.0568385181302;((_a3_ * _a1_) ** (_a1_ ** x1));{'d0': {'_a1_': 0.20341247621472502, '_a3_': 4.2035533881667, '_a0_': 1.0, '_a2_': 1.0, '_a4_': 1.0, '_a5_': 1.0, '_a6_': 1.0, '_a7_': 1.0}};{'d0': 0.11242639836579645};-194.232406553642;18.059364758690997
538;-79.0568385181302;((_a3_ * _a1_) ** (_a1_ ** x1));{'d0': {'_a1_': 0.20341247621472502, '_a3_': 4.2035533881667, '_a0_': 1.0, '_a2_': 1.0, '_a4_': 1.0, '_a5_': 1.0, '_a6_': 1.0, '_a7_': 1.0}};{'d0': 0.11242639836579645};-194.232406553642;18.059364758690997
539;-79.0568385181302;((_a3_ * _a1_) ** (_a1_ ** x1));{'d0': {'_a1_': 0.20341247621472502, '_a3_': 4.2035533881667, '_a0_': 1.0, '_a2_': 1.0, '_a4_': 1.0, '_a5_': 1.0, '_a6_': 1.0, '_a7_': 1.0}};{'d0': 0.11242639836579645};-194.232406553642;18.059364758690997
540;-79.0568385181302;((_a3_ * _a1_) ** (_a1_ ** x1));{'d0': {'_a1_': 0.20341247621472502, '_a3_': 4.2035533881667, '_a0_': 1.0, '_a2_': 1.0, '_a4_': 1.0, '_a5_': 1.0, '_a6_': 1.0, '_a7_': 1.0}};{'d0': 0.11242639836579645};-194.232406553642;18.059364758690997
541;-79.0568385181302;((_a3_ * _a1_) ** (_a1_ ** x1));{'d0': {'_a1_': 0.20341247621472502, '_a3_': 4.2035533881667, '_a0_': 1.0, '_a2_': 1.0, '_a4_': 1.0, '_a5_': 1.0, '_a6_': 1.0, '_a7_': 1.0}};{'d0': 0.11242639836579645};-194.232406553642;18.059364758690997
542;-79.0568385181302;((_a3_ * _a1_) ** (_a1_ ** x1));{'d0': {'_a1_': 0.20341247621472502, '_a3_': 4.2035533881667, '_a0_': 1.0, '_a2_': 1.0, '_a4_': 1.0, '_a5_': 1.0, '_a6_': 1.0, '_a7_': 1.0}};{'d0': 0.11242639836579645};-194.232406553642;18.059364758690997
543;-79.0568385181302;((_a3_ * _a1_) ** (_a1_ ** x1));{'d0': {'_a1_': 0.20341247621472502, '_a3_': 4.2035533881667, '_a0_': 1.0, '_a2_': 1.0, '_a4_': 1.0, '_a5_': 1.0, '_a6_': 1.0, '_a7_': 1.0}};{'d0': 0.11242639836579645};-194.232406553642;18.059364758690997
544;-79.0568385181302;((_a3_ * _a1_) ** (_a1_ ** x1));{'d0': {'_a1_': 0.20341247621472502, '_a3_': 4.2035533881667, '_a0_': 1.0, '_a2_': 1.0, '_a4_': 1.0, '_a5_': 1.0, '_a6_': 1.0, '_a7_': 1.0}};{'d0': 0.11242639836579645};-194.232406553642;18.059364758690997
545;-79.0568385181302;((_a3_ * _a1_) ** (_a1_ ** x1));{'d0': {'_a1_': 0.20341247621472502, '_a3_': 4.2035533881667, '_a0_': 1.0, '_a2_': 1.0, '_a4_': 1.0, '_a5_': 1.0, '_a6_': 1.0, '_a7_': 1.0}};{'d0': 0.11242639836579645};-194.232406553642;18.059364758690997
546;-79.0568385193123;((_a0_ * _a1_) ** (_a1_ ** x1));{'d0': {'_a0_': 4.203560041999472, '_a1_': 0.20341222205156068, '_a2_': 1.0, '_a3_': 1.0, '_a4_': 1.0, '_a5_': 1.0, '_a6_': 1.0, '_a7_': 1.0}};{'d0': 0.11242639836136632};-194.232406556007;18.059364758690997
547;-79.0568385193123;((_a0_ * _a1_) ** (_a1_ ** x1));{'d0': {'_a0_': 4.203560041999472, '_a1_': 0.20341222205156068, '_a2_': 1.0, '_a3_': 1.0, '_a4_': 1.0, '_a5_': 1.0, '_a6_': 1.0, '_a7_': 1.0}};{'d0': 0.11242639836136632};-194.232406556007;18.059364758690997
548;-79.0568385193123;((_a0_ * _a1_) ** (_a1_ ** x1));{'d0': {'_a0_': 4.203560041999472, '_a1_': 0.20341222205156068, '_a2_': 1.0, '_a3_': 1.0, '_a4_': 1.0, '_a5_': 1.0, '_a6_': 1.0, '_a7_': 1.0}};{'d0': 0.11242639836136632};-194.232406556007;18.059364758690997
549;-79.0568385193123;((_a0_ * _a1_) ** (_a1_ ** x1));{'d0': {'_a0_': 4.203560041999472, '_a1_': 0.20341222205156068, '_a2_': 1.0, '_a3_': 1.0, '_a4_': 1.0, '_a5_': 1.0, '_a6_': 1.0, '_a7_': 1.0}};{'d0': 0.11242639836136632};-194.232406556007;18.059364758690997
550;-79.0568385193123;((_a0_ * _a1_) ** (_a1_ ** x1));{'d0': {'_a0_': 4.203560041999472, '_a1_': 0.20341222205156068, '_a2_': 1.0, '_a3_': 1.0, '_a4_': 1.0, '_a5_': 1.0, '_a6_': 1.0, '_a7_': 1.0}};{'d0': 0.11242639836136632};-194.232406556007;18.059364758690997
551;-79.0568385193123;((_a0_ * _a1_) ** (_a1_ ** x1));{'d0': {'_a0_': 4.203560041999472, '_a1_': 0.20341222205156068, '_a2_': 1.0, '_a3_': 1.0, '_a4_': 1.0, '_a5_': 1.0, '_a6_': 1.0, '_a7_': 1.0}};{'d0': 0.11242639836136632};-194.232406556007;18.059364758690997
552;-79.0568385193123;((_a0_ * _a1_) ** (_a1_ ** x1));{'d0': {'_a0_': 4.203560041999472, '_a1_': 0.20341222205156068, '_a2_': 1.0, '_a3_': 1.0, '_a4_': 1.0, '_a5_': 1.0, '_a6_': 1.0, '_a7_': 1.0}};{'d0': 0.11242639836136632};-194.232406556007;18.059364758690997
553;-79.0568385193123;((_a0_ * _a1_) ** (_a1_ ** x1));{'d0': {'_a0_': 4.203560041999472, '_a1_': 0.20341222205156068, '_a2_': 1.0, '_a3_': 1.0, '_a4_': 1.0, '_a5_': 1.0, '_a6_': 1.0, '_a7_': 1.0}};{'d0': 0.11242639836136632};-194.232406556007;18.059364758690997
554;-79.0568385193123;((_a0_ * _a1_) ** (_a1_ ** x1));{'d0': {'_a0_': 4.203560041999472, '_a1_': 0.20341222205156068, '_a2_': 1.0, '_a3_': 1.0, '_a4_': 1.0, '_a5_': 1.0, '_a6_': 1.0, '_a7_': 1.0}};{'d0': 0.11242639836136632};-194.232406556007;18.059364758690997
555;-79.0568385193123;((_a0_ * _a1_) ** (_a1_ ** x1));{'d0': {'_a0_': 4.203560041999472, '_a1_': 0.20341222205156068, '_a2_': 1.0, '_a3_': 1.0, '_a4_': 1.0, '_a5_': 1.0, '_a6_': 1.0, '_a7_': 1.0}};{'d0': 0.11242639836136632};-194.232406556007;18.059364758690997
556;-79.0568385193123;((_a0_ * _a1_) ** (_a1_ ** x1));{'d0': {'_a0_': 4.203560041999472, '_a1_': 0.20341222205156068, '_a2_': 1.0, '_a3_': 1.0, '_a4_': 1.0, '_a5_': 1.0, '_a6_': 1.0, '_a7_': 1.0}};{'d0': 0.11242639836136632};-194.232406556007;18.059364758690997
557;-79.0568385193123;((_a0_ * _a1_) ** (_a1_ ** x1));{'d0': {'_a0_': 4.203560041999472, '_a1_': 0.20341222205156068, '_a2_': 1.0, '_a3_': 1.0, '_a4_': 1.0, '_a5_': 1.0, '_a6_': 1.0, '_a7_': 1.0}};{'d0': 0.11242639836136632};-194.232406556007;18.059364758690997
558;-79.0568385193123;((_a0_ * _a1_) ** (_a1_ ** x1));{'d0': {'_a0_': 4.203560041999472, '_a1_': 0.20341222205156068, '_a2_': 1.0, '_a3_': 1.0, '_a4_': 1.0, '_a5_': 1.0, '_a6_': 1.0, '_a7_': 1.0}};{'d0': 0.11242639836136632};-194.232406556007;18.059364758690997
559;-79.0568385193123;((_a0_ * _a1_) ** (_a1_ ** x1));{'d0': {'_a0_': 4.203560041999472, '_a1_': 0.20341222205156068, '_a2_': 1.0, '_a3_': 1.0, '_a4_': 1.0, '_a5_': 1.0, '_a6_': 1.0, '_a7_': 1.0}};{'d0': 0.11242639836136632};-194.232406556007;18.059364758690997
560;-79.0568385193123;((_a0_ * _a1_) ** (_a1_ ** x1));{'d0': {'_a0_': 4.203560041999472, '_a1_': 0.20341222205156068, '_a2_': 1.0, '_a3_': 1.0, '_a4_': 1.0, '_a5_': 1.0, '_a6_': 1.0, '_a7_': 1.0}};{'d0': 0.11242639836136632};-194.232406556007;18.059364758690997
561;-79.0568385193123;((_a0_ * _a1_) ** (_a1_ ** x1));{'d0': {'_a0_': 4.203560041999472, '_a1_': 0.20341222205156068, '_a2_': 1.0, '_a3_': 1.0, '_a4_': 1.0, '_a5_': 1.0, '_a6_': 1.0, '_a7_': 1.0}};{'d0': 0.11242639836136632};-194.232406556007;18.059364758690997
562;-79.0568385193123;((_a0_ * _a1_) ** (_a1_ ** x1));{'d0': {'_a0_': 4.203560041999472, '_a1_': 0.20341222205156068, '_a2_': 1.0, '_a3_': 1.0, '_a4_': 1.0, '_a5_': 1.0, '_a6_': 1.0, '_a7_': 1.0}};{'d0': 0.11242639836136632};-194.232406556007;18.059364758690997
563;-79.0568385193123;((_a0_ * _a1_) ** (_a1_ ** x1));{'d0': {'_a0_': 4.203560041999472, '_a1_': 0.20341222205156068, '_a2_': 1.0, '_a3_': 1.0, '_a4_': 1.0, '_a5_': 1.0, '_a6_': 1.0, '_a7_': 1.0}};{'d0': 0.11242639836136632};-194.232406556007;18.059364758690997
564;-79.0568385193123;((_a0_ * _a1_) ** (_a1_ ** x1));{'d0': {'_a0_': 4.203560041999472, '_a1_': 0.20341222205156068, '_a2_': 1.0, '_a3_': 1.0, '_a4_': 1.0, '_a5_': 1.0, '_a6_': 1.0, '_a7_': 1.0}};{'d0': 0.11242639836136632};-194.232406556007;18.059364758690997
565;-79.0568385193123;((_a0_ * _a1_) ** (_a1_ ** x1));{'d0': {'_a0_': 4.203560041999472, '_a1_': 0.20341222205156068, '_a2_': 1.0, '_a3_': 1.0, '_a4_': 1.0, '_a5_': 1.0, '_a6_': 1.0, '_a7_': 1.0}};{'d0': 0.11242639836136632};-194.232406556007;18.059364758690997
566;-79.0568385193123;((_a0_ * _a1_) ** (_a1_ ** x1));{'d0': {'_a0_': 4.203560041999472, '_a1_': 0.20341222205156068, '_a2_': 1.0, '_a3_': 1.0, '_a4_': 1.0, '_a5_': 1.0, '_a6_': 1.0, '_a7_': 1.0}};{'d0': 0.11242639836136632};-194.232406556007;18.059364758690997
567;-79.0568385193123;((_a0_ * _a1_) ** (_a1_ ** x1));{'d0': {'_a0_': 4.203560041999472, '_a1_': 0.20341222205156068, '_a2_': 1.0, '_a3_': 1.0, '_a4_': 1.0, '_a5_': 1.0, '_a6_': 1.0, '_a7_': 1.0}};{'d0': 0.11242639836136632};-194.232406556007;18.059364758690997
568;-79.0568385193123;((_a0_ * _a1_) ** (_a1_ ** x1));{'d0': {'_a0_': 4.203560041999472, '_a1_': 0.20341222205156068, '_a2_': 1.0, '_a3_': 1.0, '_a4_': 1.0, '_a5_': 1.0, '_a6_': 1.0, '_a7_': 1.0}};{'d0': 0.11242639836136632};-194.232406556007;18.059364758690997
569;-79.0568385193123;((_a0_ * _a1_) ** (_a1_ ** x1));{'d0': {'_a0_': 4.203560041999472, '_a1_': 0.20341222205156068, '_a2_': 1.0, '_a3_': 1.0, '_a4_': 1.0, '_a5_': 1.0, '_a6_': 1.0, '_a7_': 1.0}};{'d0': 0.11242639836136632};-194.232406556007;18.059364758690997
570;-79.0568385193123;((_a0_ * _a1_) ** (_a1_ ** x1));{'d0': {'_a0_': 4.203560041999472, '_a1_': 0.20341222205156068, '_a2_': 1.0, '_a3_': 1.0, '_a4_': 1.0, '_a5_': 1.0, '_a6_': 1.0, '_a7_': 1.0}};{'d0': 0.11242639836136632};-194.232406556007;18.059364758690997
571;-79.0568385193123;((_a0_ * _a1_) ** (_a1_ ** x1));{'d0': {'_a0_': 4.203560041999472, '_a1_': 0.20341222205156068, '_a2_': 1.0, '_a3_': 1.0, '_a4_': 1.0, '_a5_': 1.0, '_a6_': 1.0, '_a7_': 1.0}};{'d0': 0.11242639836136632};-194.232406556007;18.059364758690997
572;-65.1755757495603;cos((((_a0_ + x1) / _a6_) * _a0_));{'d0': {'_a0_': 566467.2780998672, '_a6_': 1080812.668706009, '_a1_': 1.0, '_a2_': 1.0, '_a3_': 1.0, '_a4_': 1.0, '_a5_': 1.0, '_a7_': 1.0}};{'d0': 0.15383808695018514};-175.416292848108;22.532570674493392
573;-65.1755757495603;cos((((_a0_ + x1) / _a6_) * _a0_));{'d0': {'_a0_': 566467.2780998672, '_a6_': 1080812.668706009, '_a1_': 1.0, '_a2_': 1.0, '_a3_': 1.0, '_a4_': 1.0, '_a5_': 1.0, '_a7_': 1.0}};{'d0': 0.15383808695018514};-175.416292848108;22.532570674493392
574;-65.1755757495603;cos((((_a0_ + x1) / _a6_) * _a0_));{'d0': {'_a0_': 566467.2780998672, '_a6_': 1080812.668706009, '_a1_': 1.0, '_a2_': 1.0, '_a3_': 1.0, '_a4_': 1.0, '_a5_': 1.0, '_a7_': 1.0}};{'d0': 0.15383808695018514};-175.416292848108;22.532570674493392
575;-65.1755757495603;cos((((_a0_ + x1) / _a6_) * _a0_));{'d0': {'_a0_': 566467.2780998672, '_a6_': 1080812.668706009, '_a1_': 1.0, '_a2_': 1.0, '_a3_': 1.0, '_a4_': 1.0, '_a5_': 1.0, '_a7_': 1.0}};{'d0': 0.15383808695018514};-175.416292848108;22.532570674493392
576;-65.1755757495603;cos((((_a0_ + x1) / _a6_) * _a0_));{'d0': {'_a0_': 566467.2780998672, '_a6_': 1080812.668706009, '_a1_': 1.0, '_a2_': 1.0, '_a3_': 1.0, '_a4_': 1.0, '_a5_': 1.0, '_a7_': 1.0}};{'d0': 0.15383808695018514};-175.416292848108;22.532570674493392
577;-65.1755757495603;cos((((_a0_ + x1) / _a6_) * _a0_));{'d0': {'_a0_': 566467.2780998672, '_a6_': 1080812.668706009, '_a1_': 1.0, '_a2_': 1.0, '_a3_': 1.0, '_a4_': 1.0, '_a5_': 1.0, '_a7_': 1.0}};{'d0': 0.15383808695018514};-175.416292848108;22.532570674493392
578;-65.1755757495603;cos((((_a0_ + x1) / _a6_) * _a0_));{'d0': {'_a0_': 566467.2780998672, '_a6_': 1080812.668706009, '_a1_': 1.0, '_a2_': 1.0, '_a3_': 1.0, '_a4_': 1.0, '_a5_': 1.0, '_a7_': 1.0}};{'d0': 0.15383808695018514};-175.416292848108;22.532570674493392
579;-65.1755757495603;cos((((_a0_ + x1) / _a6_) * _a0_));{'d0': {'_a0_': 566467.2780998672, '_a6_': 1080812.668706009, '_a1_': 1.0, '_a2_': 1.0, '_a3_': 1.0, '_a4_': 1.0, '_a5_': 1.0, '_a7_': 1.0}};{'d0': 0.15383808695018514};-175.416292848108;22.532570674493392
580;-65.1755757495603;cos((((_a0_ + x1) / _a6_) * _a0_));{'d0': {'_a0_': 566467.2780998672, '_a6_': 1080812.668706009, '_a1_': 1.0, '_a2_': 1.0, '_a3_': 1.0, '_a4_': 1.0, '_a5_': 1.0, '_a7_': 1.0}};{'d0': 0.15383808695018514};-175.416292848108;22.532570674493392
581;-65.1755757495603;cos((((_a0_ + x1) / _a6_) * _a0_));{'d0': {'_a0_': 566467.2780998672, '_a6_': 1080812.668706009, '_a1_': 1.0, '_a2_': 1.0, '_a3_': 1.0, '_a4_': 1.0, '_a5_': 1.0, '_a7_': 1.0}};{'d0': 0.15383808695018514};-175.416292848108;22.532570674493392
582;-65.1755757495603;cos((((_a0_ + x1) / _a6_) * _a0_));{'d0': {'_a0_': 566467.2780998672, '_a6_': 1080812.668706009, '_a1_': 1.0, '_a2_': 1.0, '_a3_': 1.0, '_a4_': 1.0, '_a5_': 1.0, '_a7_': 1.0}};{'d0': 0.15383808695018514};-175.416292848108;22.532570674493392
583;-83.7891065858169;(_a2_ ** (_a1_ ** x1));{'d0': {'_a1_': 0.20341217870806366, '_a2_': 0.855055500759432, '_a0_': 1.0, '_a3_': 1.0, '_a4_': 1.0, '_a5_': 1.0, '_a6_': 1.0, '_a7_': 1.0}};{'d0': 0.1124263983613155};-194.232406556034;13.327096692199998
584;-65.1755757495603;cos((((_a0_ + x1) / _a6_) * _a0_));{'d0': {'_a0_': 566467.2780998672, '_a6_': 1080812.668706009, '_a1_': 1.0, '_a2_': 1.0, '_a3_': 1.0, '_a4_': 1.0, '_a5_': 1.0, '_a7_': 1.0}};{'d0': 0.15383808695018514};-175.416292848108;22.532570674493392
585;-65.1755757495603;cos((((_a0_ + x1) / _a6_) * _a0_));{'d0': {'_a0_': 566467.2780998672, '_a6_': 1080812.668706009, '_a1_': 1.0, '_a2_': 1.0, '_a3_': 1.0, '_a4_': 1.0, '_a5_': 1.0, '_a7_': 1.0}};{'d0': 0.15383808695018514};-175.416292848108;22.532570674493392
586;-65.1755757495603;cos((((_a0_ + x1) / _a6_) * _a0_));{'d0': {'_a0_': 566467.2780998672, '_a6_': 1080812.668706009, '_a1_': 1.0, '_a2_': 1.0, '_a3_': 1.0, '_a4_': 1.0, '_a5_': 1.0, '_a7_': 1.0}};{'d0': 0.15383808695018514};-175.416292848108;22.532570674493392
587;-65.1755757495603;cos((((_a0_ + x1) / _a6_) * _a0_));{'d0': {'_a0_': 566467.2780998672, '_a6_': 1080812.668706009, '_a1_': 1.0, '_a2_': 1.0, '_a3_': 1.0, '_a4_': 1.0, '_a5_': 1.0, '_a7_': 1.0}};{'d0': 0.15383808695018514};-175.416292848108;22.532570674493392
588;-65.1755757495603;cos((((_a0_ + x1) / _a6_) * _a0_));{'d0': {'_a0_': 566467.2780998672, '_a6_': 1080812.668706009, '_a1_': 1.0, '_a2_': 1.0, '_a3_': 1.0, '_a4_': 1.0, '_a5_': 1.0, '_a7_': 1.0}};{'d0': 0.15383808695018514};-175.416292848108;22.532570674493392
589;-65.1755757495603;cos((((_a0_ + x1) / _a6_) * _a0_));{'d0': {'_a0_': 566467.2780998672, '_a6_': 1080812.668706009, '_a1_': 1.0, '_a2_': 1.0, '_a3_': 1.0, '_a4_': 1.0, '_a5_': 1.0, '_a7_': 1.0}};{'d0': 0.15383808695018514};-175.416292848108;22.532570674493392
590;-65.1755757495603;cos((((_a0_ + x1) / _a6_) * _a0_));{'d0': {'_a0_': 566467.2780998672, '_a6_': 1080812.668706009, '_a1_': 1.0, '_a2_': 1.0, '_a3_': 1.0, '_a4_': 1.0, '_a5_': 1.0, '_a7_': 1.0}};{'d0': 0.15383808695018514};-175.416292848108;22.532570674493392
591;-65.1755757495603;cos((((_a0_ + x1) / _a6_) * _a0_));{'d0': {'_a0_': 566467.2780998672, '_a6_': 1080812.668706009, '_a1_': 1.0, '_a2_': 1.0, '_a3_': 1.0, '_a4_': 1.0, '_a5_': 1.0, '_a7_': 1.0}};{'d0': 0.15383808695018514};-175.416292848108;22.532570674493392
592;-65.1755757495603;cos((((_a0_ + x1) / _a6_) * _a0_));{'d0': {'_a0_': 566467.2780998672, '_a6_': 1080812.668706009, '_a1_': 1.0, '_a2_': 1.0, '_a3_': 1.0, '_a4_': 1.0, '_a5_': 1.0, '_a7_': 1.0}};{'d0': 0.15383808695018514};-175.416292848108;22.532570674493392
593;-65.1755757495603;cos((((_a0_ + x1) / _a6_) * _a0_));{'d0': {'_a0_': 566467.2780998672, '_a6_': 1080812.668706009, '_a1_': 1.0, '_a2_': 1.0, '_a3_': 1.0, '_a4_': 1.0, '_a5_': 1.0, '_a7_': 1.0}};{'d0': 0.15383808695018514};-175.416292848108;22.532570674493392
594;-65.1755757495603;cos((((_a0_ + x1) / _a6_) * _a0_));{'d0': {'_a0_': 566467.2780998672, '_a6_': 1080812.668706009, '_a1_': 1.0, '_a2_': 1.0, '_a3_': 1.0, '_a4_': 1.0, '_a5_': 1.0, '_a7_': 1.0}};{'d0': 0.15383808695018514};-175.416292848108;22.532570674493392
595;-65.1755757495603;cos((((_a0_ + x1) / _a6_) * _a0_));{'d0': {'_a0_': 566467.2780998672, '_a6_': 1080812.668706009, '_a1_': 1.0, '_a2_': 1.0, '_a3_': 1.0, '_a4_': 1.0, '_a5_': 1.0, '_a7_': 1.0}};{'d0': 0.15383808695018514};-175.416292848108;22.532570674493392
596;-65.1755757495603;cos((((_a0_ + x1) / _a6_) * _a0_));{'d0': {'_a0_': 566467.2780998672, '_a6_': 1080812.668706009, '_a1_': 1.0, '_a2_': 1.0, '_a3_': 1.0, '_a4_': 1.0, '_a5_': 1.0, '_a7_': 1.0}};{'d0': 0.15383808695018514};-175.416292848108;22.532570674493392
597;-65.1755757495603;cos((((_a0_ + x1) / _a6_) * _a0_));{'d0': {'_a0_': 566467.2780998672, '_a6_': 1080812.668706009, '_a1_': 1.0, '_a2_': 1.0, '_a3_': 1.0, '_a4_': 1.0, '_a5_': 1.0, '_a7_': 1.0}};{'d0': 0.15383808695018514};-175.416292848108;22.532570674493392
598;-65.1755757495603;cos((((_a0_ + x1) / _a6_) * _a0_));{'d0': {'_a0_': 566467.2780998672, '_a6_': 1080812.668706009, '_a1_': 1.0, '_a2_': 1.0, '_a3_': 1.0, '_a4_': 1.0, '_a5_': 1.0, '_a7_': 1.0}};{'d0': 0.15383808695018514};-175.416292848108;22.532570674493392
599;-65.1755757495603;cos((((_a0_ + x1) / _a6_) * _a0_));{'d0': {'_a0_': 566467.2780998672, '_a6_': 1080812.668706009, '_a1_': 1.0, '_a2_': 1.0, '_a3_': 1.0, '_a4_': 1.0, '_a5_': 1.0, '_a7_': 1.0}};{'d0': 0.15383808695018514};-175.416292848108;22.532570674493392
600;-65.1755757495603;cos((((_a0_ + x1) / _a6_) * _a0_));{'d0': {'_a0_': 566467.2780998672, '_a6_': 1080812.668706009, '_a1_': 1.0, '_a2_': 1.0, '_a3_': 1.0, '_a4_': 1.0, '_a5_': 1.0, '_a7_': 1.0}};{'d0': 0.15383808695018514};-175.416292848108;22.532570674493392
601;-65.1755757495603;cos((((_a0_ + x1) / _a6_) * _a0_));{'d0': {'_a0_': 566467.2780998672, '_a6_': 1080812.668706009, '_a1_': 1.0, '_a2_': 1.0, '_a3_': 1.0, '_a4_': 1.0, '_a5_': 1.0, '_a7_': 1.0}};{'d0': 0.15383808695018514};-175.416292848108;22.532570674493392
602;-65.1755757495603;cos((((_a0_ + x1) / _a6_) * _a0_));{'d0': {'_a0_': 566467.2780998672, '_a6_': 1080812.668706009, '_a1_': 1.0, '_a2_': 1.0, '_a3_': 1.0, '_a4_': 1.0, '_a5_': 1.0, '_a7_': 1.0}};{'d0': 0.15383808695018514};-175.416292848108;22.532570674493392
603;-65.1755757495603;cos((((_a0_ + x1) / _a6_) * _a0_));{'d0': {'_a0_': 566467.2780998672, '_a6_': 1080812.668706009, '_a1_': 1.0, '_a2_': 1.0, '_a3_': 1.0, '_a4_': 1.0, '_a5_': 1.0, '_a7_': 1.0}};{'d0': 0.15383808695018514};-175.416292848108;22.532570674493392
604;-65.1755757495603;cos((((_a0_ + x1) / _a6_) * _a0_));{'d0': {'_a0_': 566467.2780998672, '_a6_': 1080812.668706009, '_a1_': 1.0, '_a2_': 1.0, '_a3_': 1.0, '_a4_': 1.0, '_a5_': 1.0, '_a7_': 1.0}};{'d0': 0.15383808695018514};-175.416292848108;22.532570674493392
605;-65.1755757495603;cos((((_a0_ + x1) / _a6_) * _a0_));{'d0': {'_a0_': 566467.2780998672, '_a6_': 1080812.668706009, '_a1_': 1.0, '_a2_': 1.0, '_a3_': 1.0, '_a4_': 1.0, '_a5_': 1.0, '_a7_': 1.0}};{'d0': 0.15383808695018514};-175.416292848108;22.532570674493392
606;-83.7891065858169;(_a2_ ** (_a1_ ** x1));{'d0': {'_a1_': 0.20341217870806366, '_a2_': 0.855055500759432, '_a0_': 1.0, '_a3_': 1.0, '_a4_': 1.0, '_a5_': 1.0, '_a6_': 1.0, '_a7_': 1.0}};{'d0': 0.1124263983613155};-194.232406556034;13.327096692199998
607;-83.7891065858169;(_a2_ ** (_a1_ ** x1));{'d0': {'_a1_': 0.20341217870806366, '_a2_': 0.855055500759432, '_a0_': 1.0, '_a3_': 1.0, '_a4_': 1.0, '_a5_': 1.0, '_a6_': 1.0, '_a7_': 1.0}};{'d0': 0.1124263983613155};-194.232406556034;13.327096692199998
608;-83.7891065858169;(_a2_ ** (_a1_ ** x1));{'d0': {'_a1_': 0.20341217870806366, '_a2_': 0.855055500759432, '_a0_': 1.0, '_a3_': 1.0, '_a4_': 1.0, '_a5_': 1.0, '_a6_': 1.0, '_a7_': 1.0}};{'d0': 0.1124263983613155};-194.232406556034;13.327096692199998
609;-83.7891065858169;(_a2_ ** (_a1_ ** x1));{'d0': {'_a1_': 0.20341217870806366, '_a2_': 0.855055500759432, '_a0_': 1.0, '_a3_': 1.0, '_a4_': 1.0, '_a5_': 1.0, '_a6_': 1.0, '_a7_': 1.0}};{'d0': 0.1124263983613155};-194.232406556034;13.327096692199998
610;-83.7891065858169;(_a2_ ** (_a1_ ** x1));{'d0': {'_a1_': 0.20341217870806366, '_a2_': 0.855055500759432, '_a0_': 1.0, '_a3_': 1.0, '_a4_': 1.0, '_a5_': 1.0, '_a6_': 1.0, '_a7_': 1.0}};{'d0': 0.1124263983613155};-194.232406556034;13.327096692199998
611;-83.7891065858169;(_a2_ ** (_a1_ ** x1));{'d0': {'_a1_': 0.20341217870806366, '_a2_': 0.855055500759432, '_a0_': 1.0, '_a3_': 1.0, '_a4_': 1.0, '_a5_': 1.0, '_a6_': 1.0, '_a7_': 1.0}};{'d0': 0.1124263983613155};-194.232406556034;13.327096692199998
612;-83.7891065858169;(_a2_ ** (_a1_ ** x1));{'d0': {'_a1_': 0.20341217870806366, '_a2_': 0.855055500759432, '_a0_': 1.0, '_a3_': 1.0, '_a4_': 1.0, '_a5_': 1.0, '_a6_': 1.0, '_a7_': 1.0}};{'d0': 0.1124263983613155};-194.232406556034;13.327096692199998
613;-83.7891065858169;(_a2_ ** (_a1_ ** x1));{'d0': {'_a1_': 0.20341217870806366, '_a2_': 0.855055500759432, '_a0_': 1.0, '_a3_': 1.0, '_a4_': 1.0, '_a5_': 1.0, '_a6_': 1.0, '_a7_': 1.0}};{'d0': 0.1124263983613155};-194.232406556034;13.327096692199998
614;-83.7891065858169;(_a2_ ** (_a1_ ** x1));{'d0': {'_a1_': 0.20341217870806366, '_a2_': 0.855055500759432, '_a0_': 1.0, '_a3_': 1.0, '_a4_': 1.0, '_a5_': 1.0, '_a6_': 1.0, '_a7_': 1.0}};{'d0': 0.1124263983613155};-194.232406556034;13.327096692199998
615;-83.7891065858169;(_a2_ ** (_a1_ ** x1));{'d0': {'_a1_': 0.20341217870806366, '_a2_': 0.855055500759432, '_a0_': 1.0, '_a3_': 1.0, '_a4_': 1.0, '_a5_': 1.0, '_a6_': 1.0, '_a7_': 1.0}};{'d0': 0.1124263983613155};-194.232406556034;13.327096692199998
616;-83.7891065858169;(_a2_ ** (_a1_ ** x1));{'d0': {'_a1_': 0.20341217870806366, '_a2_': 0.855055500759432, '_a0_': 1.0, '_a3_': 1.0, '_a4_': 1.0, '_a5_': 1.0, '_a6_': 1.0, '_a7_': 1.0}};{'d0': 0.1124263983613155};-194.232406556034;13.327096692199998
617;-54.9072523170697;abs(((pow2(x1) + ((x1 + _a3_) / cos(_a4_))) / _a4_));{'d0': {'_a3_': 3.347997315890486, '_a4_': 8.350148498713317, '_a0_': 1.0, '_a1_': 1.0, '_a2_': 1.0, '_a5_': 1.0, '_a6_': 1.0, '_a7_': 1.0}};{'d0': 0.11989218982570475};-190.374757550419;40.28012645813959
618;-54.9072523170697;abs(((pow2(x1) + ((x1 + _a3_) / cos(_a4_))) / _a4_));{'d0': {'_a3_': 3.347997315890486, '_a4_': 8.350148498713317, '_a0_': 1.0, '_a1_': 1.0, '_a2_': 1.0, '_a5_': 1.0, '_a6_': 1.0, '_a7_': 1.0}};{'d0': 0.11989218982570475};-190.374757550419;40.28012645813959
619;-54.9072523170697;abs(((pow2(x1) + ((x1 + _a3_) / cos(_a4_))) / _a4_));{'d0': {'_a3_': 3.347997315890486, '_a4_': 8.350148498713317, '_a0_': 1.0, '_a1_': 1.0, '_a2_': 1.0, '_a5_': 1.0, '_a6_': 1.0, '_a7_': 1.0}};{'d0': 0.11989218982570475};-190.374757550419;40.28012645813959
620;-54.9072523170697;abs(((pow2(x1) + ((x1 + _a3_) / cos(_a4_))) / _a4_));{'d0': {'_a3_': 3.347997315890486, '_a4_': 8.350148498713317, '_a0_': 1.0, '_a1_': 1.0, '_a2_': 1.0, '_a5_': 1.0, '_a6_': 1.0, '_a7_': 1.0}};{'d0': 0.11989218982570475};-190.374757550419;40.28012645813959
621;-54.9072523170697;abs(((pow2(x1) + ((x1 + _a3_) / cos(_a4_))) / _a4_));{'d0': {'_a3_': 3.347997315890486, '_a4_': 8.350148498713317, '_a0_': 1.0, '_a1_': 1.0, '_a2_': 1.0, '_a5_': 1.0, '_a6_': 1.0, '_a7_': 1.0}};{'d0': 0.11989218982570475};-190.374757550419;40.28012645813959
622;-54.9072523170697;abs(((pow2(x1) + ((x1 + _a3_) / cos(_a4_))) / _a4_));{'d0': {'_a3_': 3.347997315890486, '_a4_': 8.350148498713317, '_a0_': 1.0, '_a1_': 1.0, '_a2_': 1.0, '_a5_': 1.0, '_a6_': 1.0, '_a7_': 1.0}};{'d0': 0.11989218982570475};-190.374757550419;40.28012645813959
623;-54.9072523170697;abs(((pow2(x1) + ((x1 + _a3_) / cos(_a4_))) / _a4_));{'d0': {'_a3_': 3.347997315890486, '_a4_': 8.350148498713317, '_a0_': 1.0, '_a1_': 1.0, '_a2_': 1.0, '_a5_': 1.0, '_a6_': 1.0, '_a7_': 1.0}};{'d0': 0.11989218982570475};-190.374757550419;40.28012645813959
624;-54.9072523170697;abs(((pow2(x1) + ((x1 + _a3_) / cos(_a4_))) / _a4_));{'d0': {'_a3_': 3.347997315890486, '_a4_': 8.350148498713317, '_a0_': 1.0, '_a1_': 1.0, '_a2_': 1.0, '_a5_': 1.0, '_a6_': 1.0, '_a7_': 1.0}};{'d0': 0.11989218982570475};-190.374757550419;40.28012645813959
625;-54.9072523170697;abs(((pow2(x1) + ((x1 + _a3_) / cos(_a4_))) / _a4_));{'d0': {'_a3_': 3.347997315890486, '_a4_': 8.350148498713317, '_a0_': 1.0, '_a1_': 1.0, '_a2_': 1.0, '_a5_': 1.0, '_a6_': 1.0, '_a7_': 1.0}};{'d0': 0.11989218982570475};-190.374757550419;40.28012645813959
626;-54.9072523170697;abs(((pow2(x1) + ((x1 + _a3_) / cos(_a4_))) / _a4_));{'d0': {'_a3_': 3.347997315890486, '_a4_': 8.350148498713317, '_a0_': 1.0, '_a1_': 1.0, '_a2_': 1.0, '_a5_': 1.0, '_a6_': 1.0, '_a7_': 1.0}};{'d0': 0.11989218982570475};-190.374757550419;40.28012645813959
627;-54.9072523170697;abs(((pow2(x1) + ((x1 + _a3_) / cos(_a4_))) / _a4_));{'d0': {'_a3_': 3.347997315890486, '_a4_': 8.350148498713317, '_a0_': 1.0, '_a1_': 1.0, '_a2_': 1.0, '_a5_': 1.0, '_a6_': 1.0, '_a7_': 1.0}};{'d0': 0.11989218982570475};-190.374757550419;40.28012645813959
628;-54.9072523170697;abs(((pow2(x1) + ((x1 + _a3_) / cos(_a4_))) / _a4_));{'d0': {'_a3_': 3.347997315890486, '_a4_': 8.350148498713317, '_a0_': 1.0, '_a1_': 1.0, '_a2_': 1.0, '_a5_': 1.0, '_a6_': 1.0, '_a7_': 1.0}};{'d0': 0.11989218982570475};-190.374757550419;40.28012645813959
629;-54.9072523170697;abs(((pow2(x1) + ((x1 + _a3_) / cos(_a4_))) / _a4_));{'d0': {'_a3_': 3.347997315890486, '_a4_': 8.350148498713317, '_a0_': 1.0, '_a1_': 1.0, '_a2_': 1.0, '_a5_': 1.0, '_a6_': 1.0, '_a7_': 1.0}};{'d0': 0.11989218982570475};-190.374757550419;40.28012645813959
630;-54.9072523170697;abs(((pow2(x1) + ((x1 + _a3_) / cos(_a4_))) / _a4_));{'d0': {'_a3_': 3.347997315890486, '_a4_': 8.350148498713317, '_a0_': 1.0, '_a1_': 1.0, '_a2_': 1.0, '_a5_': 1.0, '_a6_': 1.0, '_a7_': 1.0}};{'d0': 0.11989218982570475};-190.374757550419;40.28012645813959
631;-54.9072523170697;abs(((pow2(x1) + ((x1 + _a3_) / cos(_a4_))) / _a4_));{'d0': {'_a3_': 3.347997315890486, '_a4_': 8.350148498713317, '_a0_': 1.0, '_a1_': 1.0, '_a2_': 1.0, '_a5_': 1.0, '_a6_': 1.0, '_a7_': 1.0}};{'d0': 0.11989218982570475};-190.374757550419;40.28012645813959
632;-54.9072523170697;abs(((pow2(x1) + ((x1 + _a3_) / cos(_a4_))) / _a4_));{'d0': {'_a3_': 3.347997315890486, '_a4_': 8.350148498713317, '_a0_': 1.0, '_a1_': 1.0, '_a2_': 1.0, '_a5_': 1.0, '_a6_': 1.0, '_a7_': 1.0}};{'d0': 0.11989218982570475};-190.374757550419;40.28012645813959
633;-54.9072523170697;abs(((pow2(x1) + ((x1 + _a3_) / cos(_a4_))) / _a4_));{'d0': {'_a3_': 3.347997315890486, '_a4_': 8.350148498713317, '_a0_': 1.0, '_a1_': 1.0, '_a2_': 1.0, '_a5_': 1.0, '_a6_': 1.0, '_a7_': 1.0}};{'d0': 0.11989218982570475};-190.374757550419;40.28012645813959
634;-54.9072523170697;abs(((pow2(x1) + ((x1 + _a3_) / cos(_a4_))) / _a4_));{'d0': {'_a3_': 3.347997315890486, '_a4_': 8.350148498713317, '_a0_': 1.0, '_a1_': 1.0, '_a2_': 1.0, '_a5_': 1.0, '_a6_': 1.0, '_a7_': 1.0}};{'d0': 0.11989218982570475};-190.374757550419;40.28012645813959
635;-54.9072523170697;abs(((pow2(x1) + ((x1 + _a3_) / cos(_a4_))) / _a4_));{'d0': {'_a3_': 3.347997315890486, '_a4_': 8.350148498713317, '_a0_': 1.0, '_a1_': 1.0, '_a2_': 1.0, '_a5_': 1.0, '_a6_': 1.0, '_a7_': 1.0}};{'d0': 0.11989218982570475};-190.374757550419;40.28012645813959
636;-54.9072523170697;abs(((pow2(x1) + ((x1 + _a3_) / cos(_a4_))) / _a4_));{'d0': {'_a3_': 3.347997315890486, '_a4_': 8.350148498713317, '_a0_': 1.0, '_a1_': 1.0, '_a2_': 1.0, '_a5_': 1.0, '_a6_': 1.0, '_a7_': 1.0}};{'d0': 0.11989218982570475};-190.374757550419;40.28012645813959
637;-80.0911721129563;(_a2_ ** (pow2(_a1_) ** x1));{'d0': {'_a1_': 0.451012601330536, '_a2_': 0.8550553797783207, '_a0_': 1.0, '_a3_': 1.0, '_a4_': 1.0, '_a5_': 1.0, '_a6_': 1.0, '_a7_': 1.0}};{'d0': 0.11242639836225438};-194.232406555533;17.02503116481
638;-80.0911721129563;(_a2_ ** (pow2(_a1_) ** x1));{'d0': {'_a1_': 0.451012601330536, '_a2_': 0.8550553797783207, '_a0_': 1.0, '_a3_': 1.0, '_a4_': 1.0, '_a5_': 1.0, '_a6_': 1.0, '_a7_': 1.0}};{'d0': 0.11242639836225438};-194.232406555533;17.02503116481
639;-80.0911721129563;(_a2_ ** (pow2(_a1_) ** x1));{'d0': {'_a1_': 0.451012601330536, '_a2_': 0.8550553797783207, '_a0_': 1.0, '_a3_': 1.0, '_a4_': 1.0, '_a5_': 1.0, '_a6_': 1.0, '_a7_': 1.0}};{'d0': 0.11242639836225438};-194.232406555533;17.02503116481
640;-80.0911721129563;(_a2_ ** (pow2(_a1_) ** x1));{'d0': {'_a1_': 0.451012601330536, '_a2_': 0.8550553797783207, '_a0_': 1.0, '_a3_': 1.0, '_a4_': 1.0, '_a5_': 1.0, '_a6_': 1.0, '_a7_': 1.0}};{'d0': 0.11242639836225438};-194.232406555533;17.02503116481
641;-80.0911721129563;(_a2_ ** (pow2(_a1_) ** x1));{'d0': {'_a1_': 0.451012601330536, '_a2_': 0.8550553797783207, '_a0_': 1.0, '_a3_': 1.0, '_a4_': 1.0, '_a5_': 1.0, '_a6_': 1.0, '_a7_': 1.0}};{'d0': 0.11242639836225438};-194.232406555533;17.02503116481
642;-80.0911721129563;(_a2_ ** (pow2(_a1_) ** x1));{'d0': {'_a1_': 0.451012601330536, '_a2_': 0.8550553797783207, '_a0_': 1.0, '_a3_': 1.0, '_a4_': 1.0, '_a5_': 1.0, '_a6_': 1.0, '_a7_': 1.0}};{'d0': 0.11242639836225438};-194.232406555533;17.02503116481
643;-80.0911721129563;(_a2_ ** (pow2(_a1_) ** x1));{'d0': {'_a1_': 0.451012601330536, '_a2_': 0.8550553797783207, '_a0_': 1.0, '_a3_': 1.0, '_a4_': 1.0, '_a5_': 1.0, '_a6_': 1.0, '_a7_': 1.0}};{'d0': 0.11242639836225438};-194.232406555533;17.02503116481
644;-80.0911721129563;(_a2_ ** (pow2(_a1_) ** x1));{'d0': {'_a1_': 0.451012601330536, '_a2_': 0.8550553797783207, '_a0_': 1.0, '_a3_': 1.0, '_a4_': 1.0, '_a5_': 1.0, '_a6_': 1.0, '_a7_': 1.0}};{'d0': 0.11242639836225438};-194.232406555533;17.02503116481
645;-80.1091594254562;(_a2_ ** (-(_a1_) ** x1));{'d0': {'_a1_': 0.20341227735753337, '_a2_': 1.169514820470555, '_a0_': 1.0, '_a3_': 1.0, '_a4_': 1.0, '_a5_': 1.0, '_a6_': 1.0, '_a7_': 1.0}};{'d0': 0.11242639836169131};-194.232406555833;17.007043852460388
646;-80.1091594254562;(_a2_ ** (-(_a1_) ** x1));{'d0': {'_a1_': 0.20341227735753337, '_a2_': 1.169514820470555, '_a0_': 1.0, '_a3_': 1.0, '_a4_': 1.0, '_a5_': 1.0, '_a6_': 1.0, '_a7_': 1.0}};{'d0': 0.11242639836169131};-194.232406555833;17.007043852460388
647;-80.1091594254562;(_a2_ ** (-(_a1_) ** x1));{'d0': {'_a1_': 0.20341227735753337, '_a2_': 1.169514820470555, '_a0_': 1.0, '_a3_': 1.0, '_a4_': 1.0, '_a5_': 1.0, '_a6_': 1.0, '_a7_': 1.0}};{'d0': 0.11242639836169131};-194.232406555833;17.007043852460388
648;-80.1091594254562;(_a2_ ** (-(_a1_) ** x1));{'d0': {'_a1_': 0.20341227735753337, '_a2_': 1.169514820470555, '_a0_': 1.0, '_a3_': 1.0, '_a4_': 1.0, '_a5_': 1.0, '_a6_': 1.0, '_a7_': 1.0}};{'d0': 0.11242639836169131};-194.232406555833;17.007043852460388
649;-80.1091594254562;(_a2_ ** (-(_a1_) ** x1));{'d0': {'_a1_': 0.20341227735753337, '_a2_': 1.169514820470555, '_a0_': 1.0, '_a3_': 1.0, '_a4_': 1.0, '_a5_': 1.0, '_a6_': 1.0, '_a7_': 1.0}};{'d0': 0.11242639836169131};-194.232406555833;17.007043852460388
650;-80.1091594254562;(_a2_ ** (-(_a1_) ** x1));{'d0': {'_a1_': 0.20341227735753337, '_a2_': 1.169514820470555, '_a0_': 1.0, '_a3_': 1.0, '_a4_': 1.0, '_a5_': 1.0, '_a6_': 1.0, '_a7_': 1.0}};{'d0': 0.11242639836169131};-194.232406555833;17.007043852460388
651;-80.1091594254562;(_a2_ ** (-(_a1_) ** x1));{'d0': {'_a1_': 0.20341227735753337, '_a2_': 1.169514820470555, '_a0_': 1.0, '_a3_': 1.0, '_a4_': 1.0, '_a5_': 1.0, '_a6_': 1.0, '_a7_': 1.0}};{'d0': 0.11242639836169131};-194.232406555833;17.007043852460388
652;-80.1091594254562;(_a2_ ** (-(_a1_) ** x1));{'d0': {'_a1_': 0.20341227735753337, '_a2_': 1.169514820470555, '_a0_': 1.0, '_a3_': 1.0, '_a4_': 1.0, '_a5_': 1.0, '_a6_': 1.0, '_a7_': 1.0}};{'d0': 0.11242639836169131};-194.232406555833;17.007043852460388
653;-80.1091594254562;(_a2_ ** (-(_a1_) ** x1));{'d0': {'_a1_': 0.20341227735753337, '_a2_': 1.169514820470555, '_a0_': 1.0, '_a3_': 1.0, '_a4_': 1.0, '_a5_': 1.0, '_a6_': 1.0, '_a7_': 1.0}};{'d0': 0.11242639836169131};-194.232406555833;17.007043852460388
654;-80.1091594254562;(_a2_ ** (-(_a1_) ** x1));{'d0': {'_a1_': 0.20341227735753337, '_a2_': 1.169514820470555, '_a0_': 1.0, '_a3_': 1.0, '_a4_': 1.0, '_a5_': 1.0, '_a6_': 1.0, '_a7_': 1.0}};{'d0': 0.11242639836169131};-194.232406555833;17.007043852460388
655;-80.1091594254562;(_a2_ ** (-(_a1_) ** x1));{'d0': {'_a1_': 0.20341227735753337, '_a2_': 1.169514820470555, '_a0_': 1.0, '_a3_': 1.0, '_a4_': 1.0, '_a5_': 1.0, '_a6_': 1.0, '_a7_': 1.0}};{'d0': 0.11242639836169131};-194.232406555833;17.007043852460388
656;-80.1091594254562;(_a2_ ** (-(_a1_) ** x1));{'d0': {'_a1_': 0.20341227735753337, '_a2_': 1.169514820470555, '_a0_': 1.0, '_a3_': 1.0, '_a4_': 1.0, '_a5_': 1.0, '_a6_': 1.0, '_a7_': 1.0}};{'d0': 0.11242639836169131};-194.232406555833;17.007043852460388
657;-80.1091594254562;(_a2_ ** (-(_a1_) ** x1));{'d0': {'_a1_': 0.20341227735753337, '_a2_': 1.169514820470555, '_a0_': 1.0, '_a3_': 1.0, '_a4_': 1.0, '_a5_': 1.0, '_a6_': 1.0, '_a7_': 1.0}};{'d0': 0.11242639836169131};-194.232406555833;17.007043852460388
658;-80.1091594254562;(_a2_ ** (-(_a1_) ** x1));{'d0': {'_a1_': 0.20341227735753337, '_a2_': 1.169514820470555, '_a0_': 1.0, '_a3_': 1.0, '_a4_': 1.0, '_a5_': 1.0, '_a6_': 1.0, '_a7_': 1.0}};{'d0': 0.11242639836169131};-194.232406555833;17.007043852460388
659;-80.1091594254562;(_a2_ ** (-(_a1_) ** x1));{'d0': {'_a1_': 0.20341227735753337, '_a2_': 1.169514820470555, '_a0_': 1.0, '_a3_': 1.0, '_a4_': 1.0, '_a5_': 1.0, '_a6_': 1.0, '_a7_': 1.0}};{'d0': 0.11242639836169131};-194.232406555833;17.007043852460388
660;-80.1091594254562;(_a2_ ** (-(_a1_) ** x1));{'d0': {'_a1_': 0.20341227735753337, '_a2_': 1.169514820470555, '_a0_': 1.0, '_a3_': 1.0, '_a4_': 1.0, '_a5_': 1.0, '_a6_': 1.0, '_a7_': 1.0}};{'d0': 0.11242639836169131};-194.232406555833;17.007043852460388
661;-80.1091594254562;(_a2_ ** (-(_a1_) ** x1));{'d0': {'_a1_': 0.20341227735753337, '_a2_': 1.169514820470555, '_a0_': 1.0, '_a3_': 1.0, '_a4_': 1.0, '_a5_': 1.0, '_a6_': 1.0, '_a7_': 1.0}};{'d0': 0.11242639836169131};-194.232406555833;17.007043852460388
662;-80.1091594254562;(_a2_ ** (-(_a1_) ** x1));{'d0': {'_a1_': 0.20341227735753337, '_a2_': 1.169514820470555, '_a0_': 1.0, '_a3_': 1.0, '_a4_': 1.0, '_a5_': 1.0, '_a6_': 1.0, '_a7_': 1.0}};{'d0': 0.11242639836169131};-194.232406555833;17.007043852460388
663;-80.1091594254562;(_a2_ ** (-(_a1_) ** x1));{'d0': {'_a1_': 0.20341227735753337, '_a2_': 1.169514820470555, '_a0_': 1.0, '_a3_': 1.0, '_a4_': 1.0, '_a5_': 1.0, '_a6_': 1.0, '_a7_': 1.0}};{'d0': 0.11242639836169131};-194.232406555833;17.007043852460388
664;-80.1091594254562;(_a2_ ** (-(_a1_) ** x1));{'d0': {'_a1_': 0.20341227735753337, '_a2_': 1.169514820470555, '_a0_': 1.0, '_a3_': 1.0, '_a4_': 1.0, '_a5_': 1.0, '_a6_': 1.0, '_a7_': 1.0}};{'d0': 0.11242639836169131};-194.232406555833;17.007043852460388
665;-80.1091594254562;(_a2_ ** (-(_a1_) ** x1));{'d0': {'_a1_': 0.20341227735753337, '_a2_': 1.169514820470555, '_a0_': 1.0, '_a3_': 1.0, '_a4_': 1.0, '_a5_': 1.0, '_a6_': 1.0, '_a7_': 1.0}};{'d0': 0.11242639836169131};-194.232406555833;17.007043852460388
666;-80.1091594254562;(_a2_ ** (-(_a1_) ** x1));{'d0': {'_a1_': 0.20341227735753337, '_a2_': 1.169514820470555, '_a0_': 1.0, '_a3_': 1.0, '_a4_': 1.0, '_a5_': 1.0, '_a6_': 1.0, '_a7_': 1.0}};{'d0': 0.11242639836169131};-194.232406555833;17.007043852460388
667;-80.1091594254562;(_a2_ ** (-(_a1_) ** x1));{'d0': {'_a1_': 0.20341227735753337, '_a2_': 1.169514820470555, '_a0_': 1.0, '_a3_': 1.0, '_a4_': 1.0, '_a5_': 1.0, '_a6_': 1.0, '_a7_': 1.0}};{'d0': 0.11242639836169131};-194.232406555833;17.007043852460388
668;-80.1091594254562;(_a2_ ** (-(_a1_) ** x1));{'d0': {'_a1_': 0.20341227735753337, '_a2_': 1.169514820470555, '_a0_': 1.0, '_a3_': 1.0, '_a4_': 1.0, '_a5_': 1.0, '_a6_': 1.0, '_a7_': 1.0}};{'d0': 0.11242639836169131};-194.232406555833;17.007043852460388
669;-80.1091594254562;(_a2_ ** (-(_a1_) ** x1));{'d0': {'_a1_': 0.20341227735753337, '_a2_': 1.169514820470555, '_a0_': 1.0, '_a3_': 1.0, '_a4_': 1.0, '_a5_': 1.0, '_a6_': 1.0, '_a7_': 1.0}};{'d0': 0.11242639836169131};-194.232406555833;17.007043852460388
670;-80.1091594254562;(_a2_ ** (-(_a1_) ** x1));{'d0': {'_a1_': 0.20341227735753337, '_a2_': 1.169514820470555, '_a0_': 1.0, '_a3_': 1.0, '_a4_': 1.0, '_a5_': 1.0, '_a6_': 1.0, '_a7_': 1.0}};{'d0': 0.11242639836169131};-194.232406555833;17.007043852460388
671;-80.1091594254562;(_a2_ ** (-(_a1_) ** x1));{'d0': {'_a1_': 0.20341227735753337, '_a2_': 1.169514820470555, '_a0_': 1.0, '_a3_': 1.0, '_a4_': 1.0, '_a5_': 1.0, '_a6_': 1.0, '_a7_': 1.0}};{'d0': 0.11242639836169131};-194.232406555833;17.007043852460388
672;-80.1091594254562;(_a2_ ** (-(_a1_) ** x1));{'d0': {'_a1_': 0.20341227735753337, '_a2_': 1.169514820470555, '_a0_': 1.0, '_a3_': 1.0, '_a4_': 1.0, '_a5_': 1.0, '_a6_': 1.0, '_a7_': 1.0}};{'d0': 0.11242639836169131};-194.232406555833;17.007043852460388
673;-80.1091594254562;(_a2_ ** (-(_a1_) ** x1));{'d0': {'_a1_': 0.20341227735753337, '_a2_': 1.169514820470555, '_a0_': 1.0, '_a3_': 1.0, '_a4_': 1.0, '_a5_': 1.0, '_a6_': 1.0, '_a7_': 1.0}};{'d0': 0.11242639836169131};-194.232406555833;17.007043852460388
674;-80.1091594254562;(_a2_ ** (-(_a1_) ** x1));{'d0': {'_a1_': 0.20341227735753337, '_a2_': 1.169514820470555, '_a0_': 1.0, '_a3_': 1.0, '_a4_': 1.0, '_a5_': 1.0, '_a6_': 1.0, '_a7_': 1.0}};{'d0': 0.11242639836169131};-194.232406555833;17.007043852460388
675;-80.1091594254562;(_a2_ ** (-(_a1_) ** x1));{'d0': {'_a1_': 0.20341227735753337, '_a2_': 1.169514820470555, '_a0_': 1.0, '_a3_': 1.0, '_a4_': 1.0, '_a5_': 1.0, '_a6_': 1.0, '_a7_': 1.0}};{'d0': 0.11242639836169131};-194.232406555833;17.007043852460388
676;-80.1091594254562;(_a2_ ** (-(_a1_) ** x1));{'d0': {'_a1_': 0.20341227735753337, '_a2_': 1.169514820470555, '_a0_': 1.0, '_a3_': 1.0, '_a4_': 1.0, '_a5_': 1.0, '_a6_': 1.0, '_a7_': 1.0}};{'d0': 0.11242639836169131};-194.232406555833;17.007043852460388
677;-80.1091594254562;(_a2_ ** (-(_a1_) ** x1));{'d0': {'_a1_': 0.20341227735753337, '_a2_': 1.169514820470555, '_a0_': 1.0, '_a3_': 1.0, '_a4_': 1.0, '_a5_': 1.0, '_a6_': 1.0, '_a7_': 1.0}};{'d0': 0.11242639836169131};-194.232406555833;17.007043852460388
678;-80.1091594254562;(_a2_ ** (-(_a1_) ** x1));{'d0': {'_a1_': 0.20341227735753337, '_a2_': 1.169514820470555, '_a0_': 1.0, '_a3_': 1.0, '_a4_': 1.0, '_a5_': 1.0, '_a6_': 1.0, '_a7_': 1.0}};{'d0': 0.11242639836169131};-194.232406555833;17.007043852460388
679;-80.1091594254562;(_a2_ ** (-(_a1_) ** x1));{'d0': {'_a1_': 0.20341227735753337, '_a2_': 1.169514820470555, '_a0_': 1.0, '_a3_': 1.0, '_a4_': 1.0, '_a5_': 1.0, '_a6_': 1.0, '_a7_': 1.0}};{'d0': 0.11242639836169131};-194.232406555833;17.007043852460388
680;-80.1091594254562;(_a2_ ** (-(_a1_) ** x1));{'d0': {'_a1_': 0.20341227735753337, '_a2_': 1.169514820470555, '_a0_': 1.0, '_a3_': 1.0, '_a4_': 1.0, '_a5_': 1.0, '_a6_': 1.0, '_a7_': 1.0}};{'d0': 0.11242639836169131};-194.232406555833;17.007043852460388
681;-80.1091594254562;(_a2_ ** (-(_a1_) ** x1));{'d0': {'_a1_': 0.20341227735753337, '_a2_': 1.169514820470555, '_a0_': 1.0, '_a3_': 1.0, '_a4_': 1.0, '_a5_': 1.0, '_a6_': 1.0, '_a7_': 1.0}};{'d0': 0.11242639836169131};-194.232406555833;17.007043852460388
682;-54.9072523170697;abs(((pow2(x1) + ((x1 + _a3_) / cos(_a4_))) / _a4_));{'d0': {'_a3_': 3.347997315890486, '_a4_': 8.350148498713317, '_a0_': 1.0, '_a1_': 1.0, '_a2_': 1.0, '_a5_': 1.0, '_a6_': 1.0, '_a7_': 1.0}};{'d0': 0.11989218982570475};-190.374757550419;40.28012645813959
683;-54.9072523170697;abs(((pow2(x1) + ((x1 + _a3_) / cos(_a4_))) / _a4_));{'d0': {'_a3_': 3.347997315890486, '_a4_': 8.350148498713317, '_a0_': 1.0, '_a1_': 1.0, '_a2_': 1.0, '_a5_': 1.0, '_a6_': 1.0, '_a7_': 1.0}};{'d0': 0.11989218982570475};-190.374757550419;40.28012645813959
684;-54.9072523170697;abs(((pow2(x1) + ((x1 + _a3_) / cos(_a4_))) / _a4_));{'d0': {'_a3_': 3.347997315890486, '_a4_': 8.350148498713317, '_a0_': 1.0, '_a1_': 1.0, '_a2_': 1.0, '_a5_': 1.0, '_a6_': 1.0, '_a7_': 1.0}};{'d0': 0.11989218982570475};-190.374757550419;40.28012645813959
685;-54.9072523170697;abs(((pow2(x1) + ((x1 + _a3_) / cos(_a4_))) / _a4_));{'d0': {'_a3_': 3.347997315890486, '_a4_': 8.350148498713317, '_a0_': 1.0, '_a1_': 1.0, '_a2_': 1.0, '_a5_': 1.0, '_a6_': 1.0, '_a7_': 1.0}};{'d0': 0.11989218982570475};-190.374757550419;40.28012645813959
686;-54.9072523170697;abs(((pow2(x1) + ((x1 + _a3_) / cos(_a4_))) / _a4_));{'d0': {'_a3_': 3.347997315890486, '_a4_': 8.350148498713317, '_a0_': 1.0, '_a1_': 1.0, '_a2_': 1.0, '_a5_': 1.0, '_a6_': 1.0, '_a7_': 1.0}};{'d0': 0.11989218982570475};-190.374757550419;40.28012645813959
687;-54.9072523170697;abs(((pow2(x1) + ((x1 + _a3_) / cos(_a4_))) / _a4_));{'d0': {'_a3_': 3.347997315890486, '_a4_': 8.350148498713317, '_a0_': 1.0, '_a1_': 1.0, '_a2_': 1.0, '_a5_': 1.0, '_a6_': 1.0, '_a7_': 1.0}};{'d0': 0.11989218982570475};-190.374757550419;40.28012645813959
688;-54.9072523170697;abs(((pow2(x1) + ((x1 + _a3_) / cos(_a4_))) / _a4_));{'d0': {'_a3_': 3.347997315890486, '_a4_': 8.350148498713317, '_a0_': 1.0, '_a1_': 1.0, '_a2_': 1.0, '_a5_': 1.0, '_a6_': 1.0, '_a7_': 1.0}};{'d0': 0.11989218982570475};-190.374757550419;40.28012645813959
689;-54.9072523170697;abs(((pow2(x1) + ((x1 + _a3_) / cos(_a4_))) / _a4_));{'d0': {'_a3_': 3.347997315890486, '_a4_': 8.350148498713317, '_a0_': 1.0, '_a1_': 1.0, '_a2_': 1.0, '_a5_': 1.0, '_a6_': 1.0, '_a7_': 1.0}};{'d0': 0.11989218982570475};-190.374757550419;40.28012645813959
690;-54.9072523170697;abs(((pow2(x1) + ((x1 + _a3_) / cos(_a4_))) / _a4_));{'d0': {'_a3_': 3.347997315890486, '_a4_': 8.350148498713317, '_a0_': 1.0, '_a1_': 1.0, '_a2_': 1.0, '_a5_': 1.0, '_a6_': 1.0, '_a7_': 1.0}};{'d0': 0.11989218982570475};-190.374757550419;40.28012645813959
691;-54.9072523170697;abs(((pow2(x1) + ((x1 + _a3_) / cos(_a4_))) / _a4_));{'d0': {'_a3_': 3.347997315890486, '_a4_': 8.350148498713317, '_a0_': 1.0, '_a1_': 1.0, '_a2_': 1.0, '_a5_': 1.0, '_a6_': 1.0, '_a7_': 1.0}};{'d0': 0.11989218982570475};-190.374757550419;40.28012645813959
692;-54.9072523170697;abs(((pow2(x1) + ((x1 + _a3_) / cos(_a4_))) / _a4_));{'d0': {'_a3_': 3.347997315890486, '_a4_': 8.350148498713317, '_a0_': 1.0, '_a1_': 1.0, '_a2_': 1.0, '_a5_': 1.0, '_a6_': 1.0, '_a7_': 1.0}};{'d0': 0.11989218982570475};-190.374757550419;40.28012645813959
693;-54.9072523170697;abs(((pow2(x1) + ((x1 + _a3_) / cos(_a4_))) / _a4_));{'d0': {'_a3_': 3.347997315890486, '_a4_': 8.350148498713317, '_a0_': 1.0, '_a1_': 1.0, '_a2_': 1.0, '_a5_': 1.0, '_a6_': 1.0, '_a7_': 1.0}};{'d0': 0.11989218982570475};-190.374757550419;40.28012645813959
694;-54.9072523170697;abs(((pow2(x1) + ((x1 + _a3_) / cos(_a4_))) / _a4_));{'d0': {'_a3_': 3.347997315890486, '_a4_': 8.350148498713317, '_a0_': 1.0, '_a1_': 1.0, '_a2_': 1.0, '_a5_': 1.0, '_a6_': 1.0, '_a7_': 1.0}};{'d0': 0.11989218982570475};-190.374757550419;40.28012645813959
695;-54.9072523170697;abs(((pow2(x1) + ((x1 + _a3_) / cos(_a4_))) / _a4_));{'d0': {'_a3_': 3.347997315890486, '_a4_': 8.350148498713317, '_a0_': 1.0, '_a1_': 1.0, '_a2_': 1.0, '_a5_': 1.0, '_a6_': 1.0, '_a7_': 1.0}};{'d0': 0.11989218982570475};-190.374757550419;40.28012645813959
696;-54.9072523170697;abs(((pow2(x1) + ((x1 + _a3_) / cos(_a4_))) / _a4_));{'d0': {'_a3_': 3.347997315890486, '_a4_': 8.350148498713317, '_a0_': 1.0, '_a1_': 1.0, '_a2_': 1.0, '_a5_': 1.0, '_a6_': 1.0, '_a7_': 1.0}};{'d0': 0.11989218982570475};-190.374757550419;40.28012645813959
697;-80.1091594254562;(_a2_ ** (-(_a1_) ** x1));{'d0': {'_a1_': 0.20341227735753337, '_a2_': 1.169514820470555, '_a0_': 1.0, '_a3_': 1.0, '_a4_': 1.0, '_a5_': 1.0, '_a6_': 1.0, '_a7_': 1.0}};{'d0': 0.11242639836169131};-194.232406555833;17.007043852460388
698;-80.1091594254562;(_a2_ ** (-(_a1_) ** x1));{'d0': {'_a1_': 0.20341227735753337, '_a2_': 1.169514820470555, '_a0_': 1.0, '_a3_': 1.0, '_a4_': 1.0, '_a5_': 1.0, '_a6_': 1.0, '_a7_': 1.0}};{'d0': 0.11242639836169131};-194.232406555833;17.007043852460388
699;-80.1091594254562;(_a2_ ** (-(_a1_) ** x1));{'d0': {'_a1_': 0.20341227735753337, '_a2_': 1.169514820470555, '_a0_': 1.0, '_a3_': 1.0, '_a4_': 1.0, '_a5_': 1.0, '_a6_': 1.0, '_a7_': 1.0}};{'d0': 0.11242639836169131};-194.232406555833;17.007043852460388
700;-80.1091594254562;(_a2_ ** (-(_a1_) ** x1));{'d0': {'_a1_': 0.20341227735753337, '_a2_': 1.169514820470555, '_a0_': 1.0, '_a3_': 1.0, '_a4_': 1.0, '_a5_': 1.0, '_a6_': 1.0, '_a7_': 1.0}};{'d0': 0.11242639836169131};-194.232406555833;17.007043852460388
701;-80.1091594254562;(_a2_ ** (-(_a1_) ** x1));{'d0': {'_a1_': 0.20341227735753337, '_a2_': 1.169514820470555, '_a0_': 1.0, '_a3_': 1.0, '_a4_': 1.0, '_a5_': 1.0, '_a6_': 1.0, '_a7_': 1.0}};{'d0': 0.11242639836169131};-194.232406555833;17.007043852460388
702;-80.1091594254562;(_a2_ ** (-(_a1_) ** x1));{'d0': {'_a1_': 0.20341227735753337, '_a2_': 1.169514820470555, '_a0_': 1.0, '_a3_': 1.0, '_a4_': 1.0, '_a5_': 1.0, '_a6_': 1.0, '_a7_': 1.0}};{'d0': 0.11242639836169131};-194.232406555833;17.007043852460388
703;-80.1091594254562;(_a2_ ** (-(_a1_) ** x1));{'d0': {'_a1_': 0.20341227735753337, '_a2_': 1.169514820470555, '_a0_': 1.0, '_a3_': 1.0, '_a4_': 1.0, '_a5_': 1.0, '_a6_': 1.0, '_a7_': 1.0}};{'d0': 0.11242639836169131};-194.232406555833;17.007043852460388
704;-80.1091594254562;(_a2_ ** (-(_a1_) ** x1));{'d0': {'_a1_': 0.20341227735753337, '_a2_': 1.169514820470555, '_a0_': 1.0, '_a3_': 1.0, '_a4_': 1.0, '_a5_': 1.0, '_a6_': 1.0, '_a7_': 1.0}};{'d0': 0.11242639836169131};-194.232406555833;17.007043852460388
705;-80.1091594254562;(_a2_ ** (-(_a1_) ** x1));{'d0': {'_a1_': 0.20341227735753337, '_a2_': 1.169514820470555, '_a0_': 1.0, '_a3_': 1.0, '_a4_': 1.0, '_a5_': 1.0, '_a6_': 1.0, '_a7_': 1.0}};{'d0': 0.11242639836169131};-194.232406555833;17.007043852460388
706;-80.1091594254562;(_a2_ ** (-(_a1_) ** x1));{'d0': {'_a1_': 0.20341227735753337, '_a2_': 1.169514820470555, '_a0_': 1.0, '_a3_': 1.0, '_a4_': 1.0, '_a5_': 1.0, '_a6_': 1.0, '_a7_': 1.0}};{'d0': 0.11242639836169131};-194.232406555833;17.007043852460388
707;-54.9072523170697;abs(((pow2(x1) + ((x1 + _a3_) / cos(_a4_))) / _a4_));{'d0': {'_a3_': 3.347997315890486, '_a4_': 8.350148498713317, '_a0_': 1.0, '_a1_': 1.0, '_a2_': 1.0, '_a5_': 1.0, '_a6_': 1.0, '_a7_': 1.0}};{'d0': 0.11989218982570475};-190.374757550419;40.28012645813959
708;-54.9072523170697;abs(((pow2(x1) + ((x1 + _a3_) / cos(_a4_))) / _a4_));{'d0': {'_a3_': 3.347997315890486, '_a4_': 8.350148498713317, '_a0_': 1.0, '_a1_': 1.0, '_a2_': 1.0, '_a5_': 1.0, '_a6_': 1.0, '_a7_': 1.0}};{'d0': 0.11989218982570475};-190.374757550419;40.28012645813959
709;-54.9072523170697;abs(((pow2(x1) + ((x1 + _a3_) / cos(_a4_))) / _a4_));{'d0': {'_a3_': 3.347997315890486, '_a4_': 8.350148498713317, '_a0_': 1.0, '_a1_': 1.0, '_a2_': 1.0, '_a5_': 1.0, '_a6_': 1.0, '_a7_': 1.0}};{'d0': 0.11989218982570475};-190.374757550419;40.28012645813959
710;-54.9072523170697;abs(((pow2(x1) + ((x1 + _a3_) / cos(_a4_))) / _a4_));{'d0': {'_a3_': 3.347997315890486, '_a4_': 8.350148498713317, '_a0_': 1.0, '_a1_': 1.0, '_a2_': 1.0, '_a5_': 1.0, '_a6_': 1.0, '_a7_': 1.0}};{'d0': 0.11989218982570475};-190.374757550419;40.28012645813959
711;-54.9072523170697;abs(((pow2(x1) + ((x1 + _a3_) / cos(_a4_))) / _a4_));{'d0': {'_a3_': 3.347997315890486, '_a4_': 8.350148498713317, '_a0_': 1.0, '_a1_': 1.0, '_a2_': 1.0, '_a5_': 1.0, '_a6_': 1.0, '_a7_': 1.0}};{'d0': 0.11989218982570475};-190.374757550419;40.28012645813959
712;-54.9072523170697;abs(((pow2(x1) + ((x1 + _a3_) / cos(_a4_))) / _a4_));{'d0': {'_a3_': 3.347997315890486, '_a4_': 8.350148498713317, '_a0_': 1.0, '_a1_': 1.0, '_a2_': 1.0, '_a5_': 1.0, '_a6_': 1.0, '_a7_': 1.0}};{'d0': 0.11989218982570475};-190.374757550419;40.28012645813959
713;-54.9072523170697;abs(((pow2(x1) + ((x1 + _a3_) / cos(_a4_))) / _a4_));{'d0': {'_a3_': 3.347997315890486, '_a4_': 8.350148498713317, '_a0_': 1.0, '_a1_': 1.0, '_a2_': 1.0, '_a5_': 1.0, '_a6_': 1.0, '_a7_': 1.0}};{'d0': 0.11989218982570475};-190.374757550419;40.28012645813959
714;-54.9072523170697;abs(((pow2(x1) + ((x1 + _a3_) / cos(_a4_))) / _a4_));{'d0': {'_a3_': 3.347997315890486, '_a4_': 8.350148498713317, '_a0_': 1.0, '_a1_': 1.0, '_a2_': 1.0, '_a5_': 1.0, '_a6_': 1.0, '_a7_': 1.0}};{'d0': 0.11989218982570475};-190.374757550419;40.28012645813959
715;-54.9072523170697;abs(((pow2(x1) + ((x1 + _a3_) / cos(_a4_))) / _a4_));{'d0': {'_a3_': 3.347997315890486, '_a4_': 8.350148498713317, '_a0_': 1.0, '_a1_': 1.0, '_a2_': 1.0, '_a5_': 1.0, '_a6_': 1.0, '_a7_': 1.0}};{'d0': 0.11989218982570475};-190.374757550419;40.28012645813959
716;-54.9072523170697;abs(((pow2(x1) + ((x1 + _a3_) / cos(_a4_))) / _a4_));{'d0': {'_a3_': 3.347997315890486, '_a4_': 8.350148498713317, '_a0_': 1.0, '_a1_': 1.0, '_a2_': 1.0, '_a5_': 1.0, '_a6_': 1.0, '_a7_': 1.0}};{'d0': 0.11989218982570475};-190.374757550419;40.28012645813959
717;-54.9072523170697;abs(((pow2(x1) + ((x1 + _a3_) / cos(_a4_))) / _a4_));{'d0': {'_a3_': 3.347997315890486, '_a4_': 8.350148498713317, '_a0_': 1.0, '_a1_': 1.0, '_a2_': 1.0, '_a5_': 1.0, '_a6_': 1.0, '_a7_': 1.0}};{'d0': 0.11989218982570475};-190.374757550419;40.28012645813959
718;-54.9072523170697;abs(((pow2(x1) + ((x1 + _a3_) / cos(_a4_))) / _a4_));{'d0': {'_a3_': 3.347997315890486, '_a4_': 8.350148498713317, '_a0_': 1.0, '_a1_': 1.0, '_a2_': 1.0, '_a5_': 1.0, '_a6_': 1.0, '_a7_': 1.0}};{'d0': 0.11989218982570475};-190.374757550419;40.28012645813959
719;-54.9072523170697;abs(((pow2(x1) + ((x1 + _a3_) / cos(_a4_))) / _a4_));{'d0': {'_a3_': 3.347997315890486, '_a4_': 8.350148498713317, '_a0_': 1.0, '_a1_': 1.0, '_a2_': 1.0, '_a5_': 1.0, '_a6_': 1.0, '_a7_': 1.0}};{'d0': 0.11989218982570475};-190.374757550419;40.28012645813959
720;-54.9072523170697;abs(((pow2(x1) + ((x1 + _a3_) / cos(_a4_))) / _a4_));{'d0': {'_a3_': 3.347997315890486, '_a4_': 8.350148498713317, '_a0_': 1.0, '_a1_': 1.0, '_a2_': 1.0, '_a5_': 1.0, '_a6_': 1.0, '_a7_': 1.0}};{'d0': 0.11989218982570475};-190.374757550419;40.28012645813959
721;-54.9072523170697;abs(((pow2(x1) + ((x1 + _a3_) / cos(_a4_))) / _a4_));{'d0': {'_a3_': 3.347997315890486, '_a4_': 8.350148498713317, '_a0_': 1.0, '_a1_': 1.0, '_a2_': 1.0, '_a5_': 1.0, '_a6_': 1.0, '_a7_': 1.0}};{'d0': 0.11989218982570475};-190.374757550419;40.28012645813959
722;-54.9072523170697;abs(((pow2(x1) + ((x1 + _a3_) / cos(_a4_))) / _a4_));{'d0': {'_a3_': 3.347997315890486, '_a4_': 8.350148498713317, '_a0_': 1.0, '_a1_': 1.0, '_a2_': 1.0, '_a5_': 1.0, '_a6_': 1.0, '_a7_': 1.0}};{'d0': 0.11989218982570475};-190.374757550419;40.28012645813959
723;-54.9072523170697;abs(((pow2(x1) + ((x1 + _a3_) / cos(_a4_))) / _a4_));{'d0': {'_a3_': 3.347997315890486, '_a4_': 8.350148498713317, '_a0_': 1.0, '_a1_': 1.0, '_a2_': 1.0, '_a5_': 1.0, '_a6_': 1.0, '_a7_': 1.0}};{'d0': 0.11989218982570475};-190.374757550419;40.28012645813959
724;-54.9072523170697;abs(((pow2(x1) + ((x1 + _a3_) / cos(_a4_))) / _a4_));{'d0': {'_a3_': 3.347997315890486, '_a4_': 8.350148498713317, '_a0_': 1.0, '_a1_': 1.0, '_a2_': 1.0, '_a5_': 1.0, '_a6_': 1.0, '_a7_': 1.0}};{'d0': 0.11989218982570475};-190.374757550419;40.28012645813959
725;-54.9072523170697;abs(((pow2(x1) + ((x1 + _a3_) / cos(_a4_))) / _a4_));{'d0': {'_a3_': 3.347997315890486, '_a4_': 8.350148498713317, '_a0_': 1.0, '_a1_': 1.0, '_a2_': 1.0, '_a5_': 1.0, '_a6_': 1.0, '_a7_': 1.0}};{'d0': 0.11989218982570475};-190.374757550419;40.28012645813959
726;-54.9072523170697;abs(((pow2(x1) + ((x1 + _a3_) / cos(_a4_))) / _a4_));{'d0': {'_a3_': 3.347997315890486, '_a4_': 8.350148498713317, '_a0_': 1.0, '_a1_': 1.0, '_a2_': 1.0, '_a5_': 1.0, '_a6_': 1.0, '_a7_': 1.0}};{'d0': 0.11989218982570475};-190.374757550419;40.28012645813959
727;-54.9072523170697;abs(((pow2(x1) + ((x1 + _a3_) / cos(_a4_))) / _a4_));{'d0': {'_a3_': 3.347997315890486, '_a4_': 8.350148498713317, '_a0_': 1.0, '_a1_': 1.0, '_a2_': 1.0, '_a5_': 1.0, '_a6_': 1.0, '_a7_': 1.0}};{'d0': 0.11989218982570475};-190.374757550419;40.28012645813959
728;-54.9072523170697;abs(((pow2(x1) + ((x1 + _a3_) / cos(_a4_))) / _a4_));{'d0': {'_a3_': 3.347997315890486, '_a4_': 8.350148498713317, '_a0_': 1.0, '_a1_': 1.0, '_a2_': 1.0, '_a5_': 1.0, '_a6_': 1.0, '_a7_': 1.0}};{'d0': 0.11989218982570475};-190.374757550419;40.28012645813959
729;-54.9072523170697;abs(((pow2(x1) + ((x1 + _a3_) / cos(_a4_))) / _a4_));{'d0': {'_a3_': 3.347997315890486, '_a4_': 8.350148498713317, '_a0_': 1.0, '_a1_': 1.0, '_a2_': 1.0, '_a5_': 1.0, '_a6_': 1.0, '_a7_': 1.0}};{'d0': 0.11989218982570475};-190.374757550419;40.28012645813959
730;-54.9072523170697;abs(((pow2(x1) + ((x1 + _a3_) / cos(_a4_))) / _a4_));{'d0': {'_a3_': 3.347997315890486, '_a4_': 8.350148498713317, '_a0_': 1.0, '_a1_': 1.0, '_a2_': 1.0, '_a5_': 1.0, '_a6_': 1.0, '_a7_': 1.0}};{'d0': 0.11989218982570475};-190.374757550419;40.28012645813959
731;-54.9072523170697;abs(((pow2(x1) + ((x1 + _a3_) / cos(_a4_))) / _a4_));{'d0': {'_a3_': 3.347997315890486, '_a4_': 8.350148498713317, '_a0_': 1.0, '_a1_': 1.0, '_a2_': 1.0, '_a5_': 1.0, '_a6_': 1.0, '_a7_': 1.0}};{'d0': 0.11989218982570475};-190.374757550419;40.28012645813959
732;-54.9072523170697;abs(((pow2(x1) + ((x1 + _a3_) / cos(_a4_))) / _a4_));{'d0': {'_a3_': 3.347997315890486, '_a4_': 8.350148498713317, '_a0_': 1.0, '_a1_': 1.0, '_a2_': 1.0, '_a5_': 1.0, '_a6_': 1.0, '_a7_': 1.0}};{'d0': 0.11989218982570475};-190.374757550419;40.28012645813959
733;-54.9072523170697;abs(((pow2(x1) + ((x1 + _a3_) / cos(_a4_))) / _a4_));{'d0': {'_a3_': 3.347997315890486, '_a4_': 8.350148498713317, '_a0_': 1.0, '_a1_': 1.0, '_a2_': 1.0, '_a5_': 1.0, '_a6_': 1.0, '_a7_': 1.0}};{'d0': 0.11989218982570475};-190.374757550419;40.28012645813959
734;-54.9072523170697;abs(((pow2(x1) + ((x1 + _a3_) / cos(_a4_))) / _a4_));{'d0': {'_a3_': 3.347997315890486, '_a4_': 8.350148498713317, '_a0_': 1.0, '_a1_': 1.0, '_a2_': 1.0, '_a5_': 1.0, '_a6_': 1.0, '_a7_': 1.0}};{'d0': 0.11989218982570475};-190.374757550419;40.28012645813959
735;-54.9072523170697;abs(((pow2(x1) + ((x1 + _a3_) / cos(_a4_))) / _a4_));{'d0': {'_a3_': 3.347997315890486, '_a4_': 8.350148498713317, '_a0_': 1.0, '_a1_': 1.0, '_a2_': 1.0, '_a5_': 1.0, '_a6_': 1.0, '_a7_': 1.0}};{'d0': 0.11989218982570475};-190.374757550419;40.28012645813959
736;-54.9072523170697;abs(((pow2(x1) + ((x1 + _a3_) / cos(_a4_))) / _a4_));{'d0': {'_a3_': 3.347997315890486, '_a4_': 8.350148498713317, '_a0_': 1.0, '_a1_': 1.0, '_a2_': 1.0, '_a5_': 1.0, '_a6_': 1.0, '_a7_': 1.0}};{'d0': 0.11989218982570475};-190.374757550419;40.28012645813959
737;-54.9072523170697;abs(((pow2(x1) + ((x1 + _a3_) / cos(_a4_))) / _a4_));{'d0': {'_a3_': 3.347997315890486, '_a4_': 8.350148498713317, '_a0_': 1.0, '_a1_': 1.0, '_a2_': 1.0, '_a5_': 1.0, '_a6_': 1.0, '_a7_': 1.0}};{'d0': 0.11989218982570475};-190.374757550419;40.28012645813959
738;-54.9072523170697;abs(((pow2(x1) + ((x1 + _a3_) / cos(_a4_))) / _a4_));{'d0': {'_a3_': 3.347997315890486, '_a4_': 8.350148498713317, '_a0_': 1.0, '_a1_': 1.0, '_a2_': 1.0, '_a5_': 1.0, '_a6_': 1.0, '_a7_': 1.0}};{'d0': 0.11989218982570475};-190.374757550419;40.28012645813959
739;-54.9072523170697;abs(((pow2(x1) + ((x1 + _a3_) / cos(_a4_))) / _a4_));{'d0': {'_a3_': 3.347997315890486, '_a4_': 8.350148498713317, '_a0_': 1.0, '_a1_': 1.0, '_a2_': 1.0, '_a5_': 1.0, '_a6_': 1.0, '_a7_': 1.0}};{'d0': 0.11989218982570475};-190.374757550419;40.28012645813959
740;-54.9072523170697;abs(((pow2(x1) + ((x1 + _a3_) / cos(_a4_))) / _a4_));{'d0': {'_a3_': 3.347997315890486, '_a4_': 8.350148498713317, '_a0_': 1.0, '_a1_': 1.0, '_a2_': 1.0, '_a5_': 1.0, '_a6_': 1.0, '_a7_': 1.0}};{'d0': 0.11989218982570475};-190.374757550419;40.28012645813959
741;-54.9072523170697;abs(((pow2(x1) + ((x1 + _a3_) / cos(_a4_))) / _a4_));{'d0': {'_a3_': 3.347997315890486, '_a4_': 8.350148498713317, '_a0_': 1.0, '_a1_': 1.0, '_a2_': 1.0, '_a5_': 1.0, '_a6_': 1.0, '_a7_': 1.0}};{'d0': 0.11989218982570475};-190.374757550419;40.28012645813959
742;-54.9072523170697;abs(((pow2(x1) + ((x1 + _a3_) / cos(_a4_))) / _a4_));{'d0': {'_a3_': 3.347997315890486, '_a4_': 8.350148498713317, '_a0_': 1.0, '_a1_': 1.0, '_a2_': 1.0, '_a5_': 1.0, '_a6_': 1.0, '_a7_': 1.0}};{'d0': 0.11989218982570475};-190.374757550419;40.28012645813959
743;-54.9072523170697;abs(((pow2(x1) + ((x1 + _a3_) / cos(_a4_))) / _a4_));{'d0': {'_a3_': 3.347997315890486, '_a4_': 8.350148498713317, '_a0_': 1.0, '_a1_': 1.0, '_a2_': 1.0, '_a5_': 1.0, '_a6_': 1.0, '_a7_': 1.0}};{'d0': 0.11989218982570475};-190.374757550419;40.28012645813959
744;-54.9072523170697;abs(((pow2(x1) + ((x1 + _a3_) / cos(_a4_))) / _a4_));{'d0': {'_a3_': 3.347997315890486, '_a4_': 8.350148498713317, '_a0_': 1.0, '_a1_': 1.0, '_a2_': 1.0, '_a5_': 1.0, '_a6_': 1.0, '_a7_': 1.0}};{'d0': 0.11989218982570475};-190.374757550419;40.28012645813959
745;-54.9072523170697;abs(((pow2(x1) + ((x1 + _a3_) / cos(_a4_))) / _a4_));{'d0': {'_a3_': 3.347997315890486, '_a4_': 8.350148498713317, '_a0_': 1.0, '_a1_': 1.0, '_a2_': 1.0, '_a5_': 1.0, '_a6_': 1.0, '_a7_': 1.0}};{'d0': 0.11989218982570475};-190.374757550419;40.28012645813959
746;-54.9072523170697;abs(((pow2(x1) + ((x1 + _a3_) / cos(_a4_))) / _a4_));{'d0': {'_a3_': 3.347997315890486, '_a4_': 8.350148498713317, '_a0_': 1.0, '_a1_': 1.0, '_a2_': 1.0, '_a5_': 1.0, '_a6_': 1.0, '_a7_': 1.0}};{'d0': 0.11989218982570475};-190.374757550419;40.28012645813959
747;-54.9072523170697;abs(((pow2(x1) + ((x1 + _a3_) / cos(_a4_))) / _a4_));{'d0': {'_a3_': 3.347997315890486, '_a4_': 8.350148498713317, '_a0_': 1.0, '_a1_': 1.0, '_a2_': 1.0, '_a5_': 1.0, '_a6_': 1.0, '_a7_': 1.0}};{'d0': 0.11989218982570475};-190.374757550419;40.28012645813959
748;-54.9072523170697;abs(((pow2(x1) + ((x1 + _a3_) / cos(_a4_))) / _a4_));{'d0': {'_a3_': 3.347997315890486, '_a4_': 8.350148498713317, '_a0_': 1.0, '_a1_': 1.0, '_a2_': 1.0, '_a5_': 1.0, '_a6_': 1.0, '_a7_': 1.0}};{'d0': 0.11989218982570475};-190.374757550419;40.28012645813959
749;-54.9072523170697;abs(((pow2(x1) + ((x1 + _a3_) / cos(_a4_))) / _a4_));{'d0': {'_a3_': 3.347997315890486, '_a4_': 8.350148498713317, '_a0_': 1.0, '_a1_': 1.0, '_a2_': 1.0, '_a5_': 1.0, '_a6_': 1.0, '_a7_': 1.0}};{'d0': 0.11989218982570475};-190.374757550419;40.28012645813959
750;-54.9072523170697;abs(((pow2(x1) + ((x1 + _a3_) / cos(_a4_))) / _a4_));{'d0': {'_a3_': 3.347997315890486, '_a4_': 8.350148498713317, '_a0_': 1.0, '_a1_': 1.0, '_a2_': 1.0, '_a5_': 1.0, '_a6_': 1.0, '_a7_': 1.0}};{'d0': 0.11989218982570475};-190.374757550419;40.28012645813959
751;-60.3690602459913;(cos((((x1 * _a4_) + _a2_) * _a2_)) * _a1_);{'d0': {'_a1_': 0.9700942702647126, '_a2_': -0.7187082848980886, '_a4_': 0.7746110155291486, '_a0_': 1.0, '_a3_': 1.0, '_a5_': 1.0, '_a6_': 1.0, '_a7_': 1.0}};{'d0': 0.14819093827936422};-173.565894292061;26.413886900039003
752;-60.3690602459913;(cos((((x1 * _a4_) + _a2_) * _a2_)) * _a1_);{'d0': {'_a1_': 0.9700942702647126, '_a2_': -0.7187082848980886, '_a4_': 0.7746110155291486, '_a0_': 1.0, '_a3_': 1.0, '_a5_': 1.0, '_a6_': 1.0, '_a7_': 1.0}};{'d0': 0.14819093827936422};-173.565894292061;26.413886900039003
753;-60.3690602459913;(cos((((x1 * _a4_) + _a2_) * _a2_)) * _a1_);{'d0': {'_a1_': 0.9700942702647126, '_a2_': -0.7187082848980886, '_a4_': 0.7746110155291486, '_a0_': 1.0, '_a3_': 1.0, '_a5_': 1.0, '_a6_': 1.0, '_a7_': 1.0}};{'d0': 0.14819093827936422};-173.565894292061;26.413886900039003
754;-60.3690602459913;(cos((((x1 * _a4_) + _a2_) * _a2_)) * _a1_);{'d0': {'_a1_': 0.9700942702647126, '_a2_': -0.7187082848980886, '_a4_': 0.7746110155291486, '_a0_': 1.0, '_a3_': 1.0, '_a5_': 1.0, '_a6_': 1.0, '_a7_': 1.0}};{'d0': 0.14819093827936422};-173.565894292061;26.413886900039003
755;-60.3690602459913;(cos((((x1 * _a4_) + _a2_) * _a2_)) * _a1_);{'d0': {'_a1_': 0.9700942702647126, '_a2_': -0.7187082848980886, '_a4_': 0.7746110155291486, '_a0_': 1.0, '_a3_': 1.0, '_a5_': 1.0, '_a6_': 1.0, '_a7_': 1.0}};{'d0': 0.14819093827936422};-173.565894292061;26.413886900039003
756;-60.3690602459913;(cos((((x1 * _a4_) + _a2_) * _a2_)) * _a1_);{'d0': {'_a1_': 0.9700942702647126, '_a2_': -0.7187082848980886, '_a4_': 0.7746110155291486, '_a0_': 1.0, '_a3_': 1.0, '_a5_': 1.0, '_a6_': 1.0, '_a7_': 1.0}};{'d0': 0.14819093827936422};-173.565894292061;26.413886900039003
757;-60.3690602459913;(cos((((x1 * _a4_) + _a2_) * _a2_)) * _a1_);{'d0': {'_a1_': 0.9700942702647126, '_a2_': -0.7187082848980886, '_a4_': 0.7746110155291486, '_a0_': 1.0, '_a3_': 1.0, '_a5_': 1.0, '_a6_': 1.0, '_a7_': 1.0}};{'d0': 0.14819093827936422};-173.565894292061;26.413886900039003
758;-60.3690602459913;(cos((((x1 * _a4_) + _a2_) * _a2_)) * _a1_);{'d0': {'_a1_': 0.9700942702647126, '_a2_': -0.7187082848980886, '_a4_': 0.7746110155291486, '_a0_': 1.0, '_a3_': 1.0, '_a5_': 1.0, '_a6_': 1.0, '_a7_': 1.0}};{'d0': 0.14819093827936422};-173.565894292061;26.413886900039003
759;-60.3690602459913;(cos((((x1 * _a4_) + _a2_) * _a2_)) * _a1_);{'d0': {'_a1_': 0.9700942702647126, '_a2_': -0.7187082848980886, '_a4_': 0.7746110155291486, '_a0_': 1.0, '_a3_': 1.0, '_a5_': 1.0, '_a6_': 1.0, '_a7_': 1.0}};{'d0': 0.14819093827936422};-173.565894292061;26.413886900039003
760;-60.3690602459913;(cos((((x1 * _a4_) + _a2_) * _a2_)) * _a1_);{'d0': {'_a1_': 0.9700942702647126, '_a2_': -0.7187082848980886, '_a4_': 0.7746110155291486, '_a0_': 1.0, '_a3_': 1.0, '_a5_': 1.0, '_a6_': 1.0, '_a7_': 1.0}};{'d0': 0.14819093827936422};-173.565894292061;26.413886900039003
761;-54.9072523170697;abs(((pow2(x1) + ((x1 + _a3_) / cos(_a4_))) / _a4_));{'d0': {'_a3_': 3.347997315890486, '_a4_': 8.350148498713317, '_a0_': 1.0, '_a1_': 1.0, '_a2_': 1.0, '_a5_': 1.0, '_a6_': 1.0, '_a7_': 1.0}};{'d0': 0.11989218982570475};-190.374757550419;40.28012645813959
762;-54.9072523170697;abs(((pow2(x1) + ((x1 + _a3_) / cos(_a4_))) / _a4_));{'d0': {'_a3_': 3.347997315890486, '_a4_': 8.350148498713317, '_a0_': 1.0, '_a1_': 1.0, '_a2_': 1.0, '_a5_': 1.0, '_a6_': 1.0, '_a7_': 1.0}};{'d0': 0.11989218982570475};-190.374757550419;40.28012645813959
763;-54.9072523170697;abs(((pow2(x1) + ((x1 + _a3_) / cos(_a4_))) / _a4_));{'d0': {'_a3_': 3.347997315890486, '_a4_': 8.350148498713317, '_a0_': 1.0, '_a1_': 1.0, '_a2_': 1.0, '_a5_': 1.0, '_a6_': 1.0, '_a7_': 1.0}};{'d0': 0.11989218982570475};-190.374757550419;40.28012645813959
764;-54.9072523170697;abs(((pow2(x1) + ((x1 + _a3_) / cos(_a4_))) / _a4_));{'d0': {'_a3_': 3.347997315890486, '_a4_': 8.350148498713317, '_a0_': 1.0, '_a1_': 1.0, '_a2_': 1.0, '_a5_': 1.0, '_a6_': 1.0, '_a7_': 1.0}};{'d0': 0.11989218982570475};-190.374757550419;40.28012645813959
765;-54.9072523170697;abs(((pow2(x1) + ((x1 + _a3_) / cos(_a4_))) / _a4_));{'d0': {'_a3_': 3.347997315890486, '_a4_': 8.350148498713317, '_a0_': 1.0, '_a1_': 1.0, '_a2_': 1.0, '_a5_': 1.0, '_a6_': 1.0, '_a7_': 1.0}};{'d0': 0.11989218982570475};-190.374757550419;40.28012645813959
766;-54.9072523170697;abs(((pow2(x1) + ((x1 + _a3_) / cos(_a4_))) / _a4_));{'d0': {'_a3_': 3.347997315890486, '_a4_': 8.350148498713317, '_a0_': 1.0, '_a1_': 1.0, '_a2_': 1.0, '_a5_': 1.0, '_a6_': 1.0, '_a7_': 1.0}};{'d0': 0.11989218982570475};-190.374757550419;40.28012645813959
767;-54.9072523170697;abs(((pow2(x1) + ((x1 + _a3_) / cos(_a4_))) / _a4_));{'d0': {'_a3_': 3.347997315890486, '_a4_': 8.350148498713317, '_a0_': 1.0, '_a1_': 1.0, '_a2_': 1.0, '_a5_': 1.0, '_a6_': 1.0, '_a7_': 1.0}};{'d0': 0.11989218982570475};-190.374757550419;40.28012645813959
768;-54.9072523170697;abs(((pow2(x1) + ((x1 + _a3_) / cos(_a4_))) / _a4_));{'d0': {'_a3_': 3.347997315890486, '_a4_': 8.350148498713317, '_a0_': 1.0, '_a1_': 1.0, '_a2_': 1.0, '_a5_': 1.0, '_a6_': 1.0, '_a7_': 1.0}};{'d0': 0.11989218982570475};-190.374757550419;40.28012645813959
769;-54.9072523170697;abs(((pow2(x1) + ((x1 + _a3_) / cos(_a4_))) / _a4_));{'d0': {'_a3_': 3.347997315890486, '_a4_': 8.350148498713317, '_a0_': 1.0, '_a1_': 1.0, '_a2_': 1.0, '_a5_': 1.0, '_a6_': 1.0, '_a7_': 1.0}};{'d0': 0.11989218982570475};-190.374757550419;40.28012645813959
770;-54.9072523170697;abs(((pow2(x1) + ((x1 + _a3_) / cos(_a4_))) / _a4_));{'d0': {'_a3_': 3.347997315890486, '_a4_': 8.350148498713317, '_a0_': 1.0, '_a1_': 1.0, '_a2_': 1.0, '_a5_': 1.0, '_a6_': 1.0, '_a7_': 1.0}};{'d0': 0.11989218982570475};-190.374757550419;40.28012645813959
771;-54.9072523170697;abs(((pow2(x1) + ((x1 + _a3_) / cos(_a4_))) / _a4_));{'d0': {'_a3_': 3.347997315890486, '_a4_': 8.350148498713317, '_a0_': 1.0, '_a1_': 1.0, '_a2_': 1.0, '_a5_': 1.0, '_a6_': 1.0, '_a7_': 1.0}};{'d0': 0.11989218982570475};-190.374757550419;40.28012645813959
772;-54.9072523170697;abs(((pow2(x1) + ((x1 + _a3_) / cos(_a4_))) / _a4_));{'d0': {'_a3_': 3.347997315890486, '_a4_': 8.350148498713317, '_a0_': 1.0, '_a1_': 1.0, '_a2_': 1.0, '_a5_': 1.0, '_a6_': 1.0, '_a7_': 1.0}};{'d0': 0.11989218982570475};-190.374757550419;40.28012645813959
773;-54.9072523170697;abs(((pow2(x1) + ((x1 + _a3_) / cos(_a4_))) / _a4_));{'d0': {'_a3_': 3.347997315890486, '_a4_': 8.350148498713317, '_a0_': 1.0, '_a1_': 1.0, '_a2_': 1.0, '_a5_': 1.0, '_a6_': 1.0, '_a7_': 1.0}};{'d0': 0.11989218982570475};-190.374757550419;40.28012645813959
774;-54.9072523170697;abs(((pow2(x1) + ((x1 + _a3_) / cos(_a4_))) / _a4_));{'d0': {'_a3_': 3.347997315890486, '_a4_': 8.350148498713317, '_a0_': 1.0, '_a1_': 1.0, '_a2_': 1.0, '_a5_': 1.0, '_a6_': 1.0, '_a7_': 1.0}};{'d0': 0.11989218982570475};-190.374757550419;40.28012645813959
775;-54.9072523170697;abs(((pow2(x1) + ((x1 + _a3_) / cos(_a4_))) / _a4_));{'d0': {'_a3_': 3.347997315890486, '_a4_': 8.350148498713317, '_a0_': 1.0, '_a1_': 1.0, '_a2_': 1.0, '_a5_': 1.0, '_a6_': 1.0, '_a7_': 1.0}};{'d0': 0.11989218982570475};-190.374757550419;40.28012645813959
776;-54.9072523170697;abs(((pow2(x1) + ((x1 + _a3_) / cos(_a4_))) / _a4_));{'d0': {'_a3_': 3.347997315890486, '_a4_': 8.350148498713317, '_a0_': 1.0, '_a1_': 1.0, '_a2_': 1.0, '_a5_': 1.0, '_a6_': 1.0, '_a7_': 1.0}};{'d0': 0.11989218982570475};-190.374757550419;40.28012645813959
777;-54.9072523170697;abs(((pow2(x1) + ((x1 + _a3_) / cos(_a4_))) / _a4_));{'d0': {'_a3_': 3.347997315890486, '_a4_': 8.350148498713317, '_a0_': 1.0, '_a1_': 1.0, '_a2_': 1.0, '_a5_': 1.0, '_a6_': 1.0, '_a7_': 1.0}};{'d0': 0.11989218982570475};-190.374757550419;40.28012645813959
778;-54.9072523170697;abs(((pow2(x1) + ((x1 + _a3_) / cos(_a4_))) / _a4_));{'d0': {'_a3_': 3.347997315890486, '_a4_': 8.350148498713317, '_a0_': 1.0, '_a1_': 1.0, '_a2_': 1.0, '_a5_': 1.0, '_a6_': 1.0, '_a7_': 1.0}};{'d0': 0.11989218982570475};-190.374757550419;40.28012645813959
779;-54.9072523170697;abs(((pow2(x1) + ((x1 + _a3_) / cos(_a4_))) / _a4_));{'d0': {'_a3_': 3.347997315890486, '_a4_': 8.350148498713317, '_a0_': 1.0, '_a1_': 1.0, '_a2_': 1.0, '_a5_': 1.0, '_a6_': 1.0, '_a7_': 1.0}};{'d0': 0.11989218982570475};-190.374757550419;40.28012645813959
780;-54.9072523170697;abs(((pow2(x1) + ((x1 + _a3_) / cos(_a4_))) / _a4_));{'d0': {'_a3_': 3.347997315890486, '_a4_': 8.350148498713317, '_a0_': 1.0, '_a1_': 1.0, '_a2_': 1.0, '_a5_': 1.0, '_a6_': 1.0, '_a7_': 1.0}};{'d0': 0.11989218982570475};-190.374757550419;40.28012645813959
781;-54.9072523170697;abs(((pow2(x1) + ((x1 + _a3_) / cos(_a4_))) / _a4_));{'d0': {'_a3_': 3.347997315890486, '_a4_': 8.350148498713317, '_a0_': 1.0, '_a1_': 1.0, '_a2_': 1.0, '_a5_': 1.0, '_a6_': 1.0, '_a7_': 1.0}};{'d0': 0.11989218982570475};-190.374757550419;40.28012645813959
782;-54.9072523170697;abs(((pow2(x1) + ((x1 + _a3_) / cos(_a4_))) / _a4_));{'d0': {'_a3_': 3.347997315890486, '_a4_': 8.350148498713317, '_a0_': 1.0, '_a1_': 1.0, '_a2_': 1.0, '_a5_': 1.0, '_a6_': 1.0, '_a7_': 1.0}};{'d0': 0.11989218982570475};-190.374757550419;40.28012645813959
783;-54.9072523170697;abs(((pow2(x1) + ((x1 + _a3_) / cos(_a4_))) / _a4_));{'d0': {'_a3_': 3.347997315890486, '_a4_': 8.350148498713317, '_a0_': 1.0, '_a1_': 1.0, '_a2_': 1.0, '_a5_': 1.0, '_a6_': 1.0, '_a7_': 1.0}};{'d0': 0.11989218982570475};-190.374757550419;40.28012645813959
784;-54.9072523170697;abs(((pow2(x1) + ((x1 + _a3_) / cos(_a4_))) / _a4_));{'d0': {'_a3_': 3.347997315890486, '_a4_': 8.350148498713317, '_a0_': 1.0, '_a1_': 1.0, '_a2_': 1.0, '_a5_': 1.0, '_a6_': 1.0, '_a7_': 1.0}};{'d0': 0.11989218982570475};-190.374757550419;40.28012645813959
785;-54.9072523170697;abs(((pow2(x1) + ((x1 + _a3_) / cos(_a4_))) / _a4_));{'d0': {'_a3_': 3.347997315890486, '_a4_': 8.350148498713317, '_a0_': 1.0, '_a1_': 1.0, '_a2_': 1.0, '_a5_': 1.0, '_a6_': 1.0, '_a7_': 1.0}};{'d0': 0.11989218982570475};-190.374757550419;40.28012645813959
786;-54.9072523170697;abs(((pow2(x1) + ((x1 + _a3_) / cos(_a4_))) / _a4_));{'d0': {'_a3_': 3.347997315890486, '_a4_': 8.350148498713317, '_a0_': 1.0, '_a1_': 1.0, '_a2_': 1.0, '_a5_': 1.0, '_a6_': 1.0, '_a7_': 1.0}};{'d0': 0.11989218982570475};-190.374757550419;40.28012645813959
787;-54.9072523170697;abs(((pow2(x1) + ((x1 + _a3_) / cos(_a4_))) / _a4_));{'d0': {'_a3_': 3.347997315890486, '_a4_': 8.350148498713317, '_a0_': 1.0, '_a1_': 1.0, '_a2_': 1.0, '_a5_': 1.0, '_a6_': 1.0, '_a7_': 1.0}};{'d0': 0.11989218982570475};-190.374757550419;40.28012645813959
788;-54.9072523170697;abs(((pow2(x1) + ((x1 + _a3_) / cos(_a4_))) / _a4_));{'d0': {'_a3_': 3.347997315890486, '_a4_': 8.350148498713317, '_a0_': 1.0, '_a1_': 1.0, '_a2_': 1.0, '_a5_': 1.0, '_a6_': 1.0, '_a7_': 1.0}};{'d0': 0.11989218982570475};-190.374757550419;40.28012645813959
789;-54.9072523170697;abs(((pow2(x1) + ((x1 + _a3_) / cos(_a4_))) / _a4_));{'d0': {'_a3_': 3.347997315890486, '_a4_': 8.350148498713317, '_a0_': 1.0, '_a1_': 1.0, '_a2_': 1.0, '_a5_': 1.0, '_a6_': 1.0, '_a7_': 1.0}};{'d0': 0.11989218982570475};-190.374757550419;40.28012645813959
790;-54.9072523170697;abs(((pow2(x1) + ((x1 + _a3_) / cos(_a4_))) / _a4_));{'d0': {'_a3_': 3.347997315890486, '_a4_': 8.350148498713317, '_a0_': 1.0, '_a1_': 1.0, '_a2_': 1.0, '_a5_': 1.0, '_a6_': 1.0, '_a7_': 1.0}};{'d0': 0.11989218982570475};-190.374757550419;40.28012645813959
791;-54.9072523170697;abs(((pow2(x1) + ((x1 + _a3_) / cos(_a4_))) / _a4_));{'d0': {'_a3_': 3.347997315890486, '_a4_': 8.350148498713317, '_a0_': 1.0, '_a1_': 1.0, '_a2_': 1.0, '_a5_': 1.0, '_a6_': 1.0, '_a7_': 1.0}};{'d0': 0.11989218982570475};-190.374757550419;40.28012645813959
792;-54.9072523170697;abs(((pow2(x1) + ((x1 + _a3_) / cos(_a4_))) / _a4_));{'d0': {'_a3_': 3.347997315890486, '_a4_': 8.350148498713317, '_a0_': 1.0, '_a1_': 1.0, '_a2_': 1.0, '_a5_': 1.0, '_a6_': 1.0, '_a7_': 1.0}};{'d0': 0.11989218982570475};-190.374757550419;40.28012645813959
793;-54.9072523170697;abs(((pow2(x1) + ((x1 + _a3_) / cos(_a4_))) / _a4_));{'d0': {'_a3_': 3.347997315890486, '_a4_': 8.350148498713317, '_a0_': 1.0, '_a1_': 1.0, '_a2_': 1.0, '_a5_': 1.0, '_a6_': 1.0, '_a7_': 1.0}};{'d0': 0.11989218982570475};-190.374757550419;40.28012645813959
794;-54.9072523170697;abs(((pow2(x1) + ((x1 + _a3_) / cos(_a4_))) / _a4_));{'d0': {'_a3_': 3.347997315890486, '_a4_': 8.350148498713317, '_a0_': 1.0, '_a1_': 1.0, '_a2_': 1.0, '_a5_': 1.0, '_a6_': 1.0, '_a7_': 1.0}};{'d0': 0.11989218982570475};-190.374757550419;40.28012645813959
795;-54.9072523170697;abs(((pow2(x1) + ((x1 + _a3_) / cos(_a4_))) / _a4_));{'d0': {'_a3_': 3.347997315890486, '_a4_': 8.350148498713317, '_a0_': 1.0, '_a1_': 1.0, '_a2_': 1.0, '_a5_': 1.0, '_a6_': 1.0, '_a7_': 1.0}};{'d0': 0.11989218982570475};-190.374757550419;40.28012645813959
796;-54.9072523170697;abs(((pow2(x1) + ((x1 + _a3_) / cos(_a4_))) / _a4_));{'d0': {'_a3_': 3.347997315890486, '_a4_': 8.350148498713317, '_a0_': 1.0, '_a1_': 1.0, '_a2_': 1.0, '_a5_': 1.0, '_a6_': 1.0, '_a7_': 1.0}};{'d0': 0.11989218982570475};-190.374757550419;40.28012645813959
797;-54.9072523170697;abs(((pow2(x1) + ((x1 + _a3_) / cos(_a4_))) / _a4_));{'d0': {'_a3_': 3.347997315890486, '_a4_': 8.350148498713317, '_a0_': 1.0, '_a1_': 1.0, '_a2_': 1.0, '_a5_': 1.0, '_a6_': 1.0, '_a7_': 1.0}};{'d0': 0.11989218982570475};-190.374757550419;40.28012645813959
798;-54.9072523170697;abs(((pow2(x1) + ((x1 + _a3_) / cos(_a4_))) / _a4_));{'d0': {'_a3_': 3.347997315890486, '_a4_': 8.350148498713317, '_a0_': 1.0, '_a1_': 1.0, '_a2_': 1.0, '_a5_': 1.0, '_a6_': 1.0, '_a7_': 1.0}};{'d0': 0.11989218982570475};-190.374757550419;40.28012645813959
799;-54.9072523170697;abs(((pow2(x1) + ((x1 + _a3_) / cos(_a4_))) / _a4_));{'d0': {'_a3_': 3.347997315890486, '_a4_': 8.350148498713317, '_a0_': 1.0, '_a1_': 1.0, '_a2_': 1.0, '_a5_': 1.0, '_a6_': 1.0, '_a7_': 1.0}};{'d0': 0.11989218982570475};-190.374757550419;40.28012645813959
800;-54.9072523170697;abs(((pow2(x1) + ((x1 + _a3_) / cos(_a4_))) / _a4_));{'d0': {'_a3_': 3.347997315890486, '_a4_': 8.350148498713317, '_a0_': 1.0, '_a1_': 1.0, '_a2_': 1.0, '_a5_': 1.0, '_a6_': 1.0, '_a7_': 1.0}};{'d0': 0.11989218982570475};-190.374757550419;40.28012645813959
801;-54.9072523170697;abs(((pow2(x1) + ((x1 + _a3_) / cos(_a4_))) / _a4_));{'d0': {'_a3_': 3.347997315890486, '_a4_': 8.350148498713317, '_a0_': 1.0, '_a1_': 1.0, '_a2_': 1.0, '_a5_': 1.0, '_a6_': 1.0, '_a7_': 1.0}};{'d0': 0.11989218982570475};-190.374757550419;40.28012645813959
802;-54.9072523170697;abs(((pow2(x1) + ((x1 + _a3_) / cos(_a4_))) / _a4_));{'d0': {'_a3_': 3.347997315890486, '_a4_': 8.350148498713317, '_a0_': 1.0, '_a1_': 1.0, '_a2_': 1.0, '_a5_': 1.0, '_a6_': 1.0, '_a7_': 1.0}};{'d0': 0.11989218982570475};-190.374757550419;40.28012645813959
803;-54.9072523170697;abs(((pow2(x1) + ((x1 + _a3_) / cos(_a4_))) / _a4_));{'d0': {'_a3_': 3.347997315890486, '_a4_': 8.350148498713317, '_a0_': 1.0, '_a1_': 1.0, '_a2_': 1.0, '_a5_': 1.0, '_a6_': 1.0, '_a7_': 1.0}};{'d0': 0.11989218982570475};-190.374757550419;40.28012645813959
804;-54.9072523170697;abs(((pow2(x1) + ((x1 + _a3_) / cos(_a4_))) / _a4_));{'d0': {'_a3_': 3.347997315890486, '_a4_': 8.350148498713317, '_a0_': 1.0, '_a1_': 1.0, '_a2_': 1.0, '_a5_': 1.0, '_a6_': 1.0, '_a7_': 1.0}};{'d0': 0.11989218982570475};-190.374757550419;40.28012645813959
805;-54.9072523170697;abs(((pow2(x1) + ((x1 + _a3_) / cos(_a4_))) / _a4_));{'d0': {'_a3_': 3.347997315890486, '_a4_': 8.350148498713317, '_a0_': 1.0, '_a1_': 1.0, '_a2_': 1.0, '_a5_': 1.0, '_a6_': 1.0, '_a7_': 1.0}};{'d0': 0.11989218982570475};-190.374757550419;40.28012645813959
806;-54.9072523170697;abs(((pow2(x1) + ((x1 + _a3_) / cos(_a4_))) / _a4_));{'d0': {'_a3_': 3.347997315890486, '_a4_': 8.350148498713317, '_a0_': 1.0, '_a1_': 1.0, '_a2_': 1.0, '_a5_': 1.0, '_a6_': 1.0, '_a7_': 1.0}};{'d0': 0.11989218982570475};-190.374757550419;40.28012645813959
807;-54.9072523170697;abs(((pow2(x1) + ((x1 + _a3_) / cos(_a4_))) / _a4_));{'d0': {'_a3_': 3.347997315890486, '_a4_': 8.350148498713317, '_a0_': 1.0, '_a1_': 1.0, '_a2_': 1.0, '_a5_': 1.0, '_a6_': 1.0, '_a7_': 1.0}};{'d0': 0.11989218982570475};-190.374757550419;40.28012645813959
808;-54.9072523170697;abs(((pow2(x1) + ((x1 + _a3_) / cos(_a4_))) / _a4_));{'d0': {'_a3_': 3.347997315890486, '_a4_': 8.350148498713317, '_a0_': 1.0, '_a1_': 1.0, '_a2_': 1.0, '_a5_': 1.0, '_a6_': 1.0, '_a7_': 1.0}};{'d0': 0.11989218982570475};-190.374757550419;40.28012645813959
809;-54.9072523170697;abs(((pow2(x1) + ((x1 + _a3_) / cos(_a4_))) / _a4_));{'d0': {'_a3_': 3.347997315890486, '_a4_': 8.350148498713317, '_a0_': 1.0, '_a1_': 1.0, '_a2_': 1.0, '_a5_': 1.0, '_a6_': 1.0, '_a7_': 1.0}};{'d0': 0.11989218982570475};-190.374757550419;40.28012645813959
810;-54.9072523170697;abs(((pow2(x1) + ((x1 + _a3_) / cos(_a4_))) / _a4_));{'d0': {'_a3_': 3.347997315890486, '_a4_': 8.350148498713317, '_a0_': 1.0, '_a1_': 1.0, '_a2_': 1.0, '_a5_': 1.0, '_a6_': 1.0, '_a7_': 1.0}};{'d0': 0.11989218982570475};-190.374757550419;40.28012645813959
811;-54.9072523170697;abs(((pow2(x1) + ((x1 + _a3_) / cos(_a4_))) / _a4_));{'d0': {'_a3_': 3.347997315890486, '_a4_': 8.350148498713317, '_a0_': 1.0, '_a1_': 1.0, '_a2_': 1.0, '_a5_': 1.0, '_a6_': 1.0, '_a7_': 1.0}};{'d0': 0.11989218982570475};-190.374757550419;40.28012645813959
812;-59.2550669082386;cos((((x1 / _a0_) + (_a0_ * _a0_)) + _a2_));{'d0': {'_a0_': -1.9073343550190613, '_a2_': 15.781858280382618, '_a1_': 1.0, '_a3_': 1.0, '_a4_': 1.0, '_a5_': 1.0, '_a6_': 1.0, '_a7_': 1.0}};{'d0': 0.15383761411566357};-175.416477263524;28.4531717235234
813;-59.2550669082386;cos((((x1 / _a0_) + (_a0_ * _a0_)) + _a2_));{'d0': {'_a0_': -1.9073343550190613, '_a2_': 15.781858280382618, '_a1_': 1.0, '_a3_': 1.0, '_a4_': 1.0, '_a5_': 1.0, '_a6_': 1.0, '_a7_': 1.0}};{'d0': 0.15383761411566357};-175.416477263524;28.4531717235234
814;-59.2550669082386;cos((((x1 / _a0_) + (_a0_ * _a0_)) + _a2_));{'d0': {'_a0_': -1.9073343550190613, '_a2_': 15.781858280382618, '_a1_': 1.0, '_a3_': 1.0, '_a4_': 1.0, '_a5_': 1.0, '_a6_': 1.0, '_a7_': 1.0}};{'d0': 0.15383761411566357};-175.416477263524;28.4531717235234
815;-59.2550669082386;cos((((x1 / _a0_) + (_a0_ * _a0_)) + _a2_));{'d0': {'_a0_': -1.9073343550190613, '_a2_': 15.781858280382618, '_a1_': 1.0, '_a3_': 1.0, '_a4_': 1.0, '_a5_': 1.0, '_a6_': 1.0, '_a7_': 1.0}};{'d0': 0.15383761411566357};-175.416477263524;28.4531717235234
816;-59.2550669082386;cos((((x1 / _a0_) + (_a0_ * _a0_)) + _a2_));{'d0': {'_a0_': -1.9073343550190613, '_a2_': 15.781858280382618, '_a1_': 1.0, '_a3_': 1.0, '_a4_': 1.0, '_a5_': 1.0, '_a6_': 1.0, '_a7_': 1.0}};{'d0': 0.15383761411566357};-175.416477263524;28.4531717235234
817;-54.9072523170697;abs(((pow2(x1) + ((x1 + _a3_) / cos(_a4_))) / _a4_));{'d0': {'_a3_': 3.347997315890486, '_a4_': 8.350148498713317, '_a0_': 1.0, '_a1_': 1.0, '_a2_': 1.0, '_a5_': 1.0, '_a6_': 1.0, '_a7_': 1.0}};{'d0': 0.11989218982570475};-190.374757550419;40.28012645813959
818;-54.9072523170697;abs(((pow2(x1) + ((x1 + _a3_) / cos(_a4_))) / _a4_));{'d0': {'_a3_': 3.347997315890486, '_a4_': 8.350148498713317, '_a0_': 1.0, '_a1_': 1.0, '_a2_': 1.0, '_a5_': 1.0, '_a6_': 1.0, '_a7_': 1.0}};{'d0': 0.11989218982570475};-190.374757550419;40.28012645813959
819;-54.9072523170697;abs(((pow2(x1) + ((x1 + _a3_) / cos(_a4_))) / _a4_));{'d0': {'_a3_': 3.347997315890486, '_a4_': 8.350148498713317, '_a0_': 1.0, '_a1_': 1.0, '_a2_': 1.0, '_a5_': 1.0, '_a6_': 1.0, '_a7_': 1.0}};{'d0': 0.11989218982570475};-190.374757550419;40.28012645813959
820;-54.9072523170697;abs(((pow2(x1) + ((x1 + _a3_) / cos(_a4_))) / _a4_));{'d0': {'_a3_': 3.347997315890486, '_a4_': 8.350148498713317, '_a0_': 1.0, '_a1_': 1.0, '_a2_': 1.0, '_a5_': 1.0, '_a6_': 1.0, '_a7_': 1.0}};{'d0': 0.11989218982570475};-190.374757550419;40.28012645813959
821;-54.9072523170697;abs(((pow2(x1) + ((x1 + _a3_) / cos(_a4_))) / _a4_));{'d0': {'_a3_': 3.347997315890486, '_a4_': 8.350148498713317, '_a0_': 1.0, '_a1_': 1.0, '_a2_': 1.0, '_a5_': 1.0, '_a6_': 1.0, '_a7_': 1.0}};{'d0': 0.11989218982570475};-190.374757550419;40.28012645813959
822;-54.9072523170697;abs(((pow2(x1) + ((x1 + _a3_) / cos(_a4_))) / _a4_));{'d0': {'_a3_': 3.347997315890486, '_a4_': 8.350148498713317, '_a0_': 1.0, '_a1_': 1.0, '_a2_': 1.0, '_a5_': 1.0, '_a6_': 1.0, '_a7_': 1.0}};{'d0': 0.11989218982570475};-190.374757550419;40.28012645813959
823;-54.9072523170697;abs(((pow2(x1) + ((x1 + _a3_) / cos(_a4_))) / _a4_));{'d0': {'_a3_': 3.347997315890486, '_a4_': 8.350148498713317, '_a0_': 1.0, '_a1_': 1.0, '_a2_': 1.0, '_a5_': 1.0, '_a6_': 1.0, '_a7_': 1.0}};{'d0': 0.11989218982570475};-190.374757550419;40.28012645813959
824;-54.9072523170697;abs(((pow2(x1) + ((x1 + _a3_) / cos(_a4_))) / _a4_));{'d0': {'_a3_': 3.347997315890486, '_a4_': 8.350148498713317, '_a0_': 1.0, '_a1_': 1.0, '_a2_': 1.0, '_a5_': 1.0, '_a6_': 1.0, '_a7_': 1.0}};{'d0': 0.11989218982570475};-190.374757550419;40.28012645813959
825;-54.9072523170697;abs(((pow2(x1) + ((x1 + _a3_) / cos(_a4_))) / _a4_));{'d0': {'_a3_': 3.347997315890486, '_a4_': 8.350148498713317, '_a0_': 1.0, '_a1_': 1.0, '_a2_': 1.0, '_a5_': 1.0, '_a6_': 1.0, '_a7_': 1.0}};{'d0': 0.11989218982570475};-190.374757550419;40.28012645813959
826;-54.9072523170697;abs(((pow2(x1) + ((x1 + _a3_) / cos(_a4_))) / _a4_));{'d0': {'_a3_': 3.347997315890486, '_a4_': 8.350148498713317, '_a0_': 1.0, '_a1_': 1.0, '_a2_': 1.0, '_a5_': 1.0, '_a6_': 1.0, '_a7_': 1.0}};{'d0': 0.11989218982570475};-190.374757550419;40.28012645813959
827;-54.9072523170697;abs(((pow2(x1) + ((x1 + _a3_) / cos(_a4_))) / _a4_));{'d0': {'_a3_': 3.347997315890486, '_a4_': 8.350148498713317, '_a0_': 1.0, '_a1_': 1.0, '_a2_': 1.0, '_a5_': 1.0, '_a6_': 1.0, '_a7_': 1.0}};{'d0': 0.11989218982570475};-190.374757550419;40.28012645813959
828;-54.9072523170697;abs(((pow2(x1) + ((x1 + _a3_) / cos(_a4_))) / _a4_));{'d0': {'_a3_': 3.347997315890486, '_a4_': 8.350148498713317, '_a0_': 1.0, '_a1_': 1.0, '_a2_': 1.0, '_a5_': 1.0, '_a6_': 1.0, '_a7_': 1.0}};{'d0': 0.11989218982570475};-190.374757550419;40.28012645813959
829;-52.6897325981960;abs(((pow2(x1) + ((x1 + _a3_) / sin(_a4_))) / _a4_));{'d0': {'_a3_': 3.0998835297806435, '_a4_': 9.813731418349764, '_a0_': 1.0, '_a1_': 1.0, '_a2_': 1.0, '_a5_': 1.0, '_a6_': 1.0, '_a7_': 1.0}};{'d0': 0.12679694286366655};-187.015116892758;40.81782584818311
830;-52.6897325981960;abs(((pow2(x1) + ((x1 + _a3_) / sin(_a4_))) / _a4_));{'d0': {'_a3_': 3.0998835297806435, '_a4_': 9.813731418349764, '_a0_': 1.0, '_a1_': 1.0, '_a2_': 1.0, '_a5_': 1.0, '_a6_': 1.0, '_a7_': 1.0}};{'d0': 0.12679694286366655};-187.015116892758;40.81782584818311
831;-52.6897325981960;abs(((pow2(x1) + ((x1 + _a3_) / sin(_a4_))) / _a4_));{'d0': {'_a3_': 3.0998835297806435, '_a4_': 9.813731418349764, '_a0_': 1.0, '_a1_': 1.0, '_a2_': 1.0, '_a5_': 1.0, '_a6_': 1.0, '_a7_': 1.0}};{'d0': 0.12679694286366655};-187.015116892758;40.81782584818311
832;-52.6897325981960;abs(((pow2(x1) + ((x1 + _a3_) / sin(_a4_))) / _a4_));{'d0': {'_a3_': 3.0998835297806435, '_a4_': 9.813731418349764, '_a0_': 1.0, '_a1_': 1.0, '_a2_': 1.0, '_a5_': 1.0, '_a6_': 1.0, '_a7_': 1.0}};{'d0': 0.12679694286366655};-187.015116892758;40.81782584818311
833;-52.6897325981960;abs(((pow2(x1) + ((x1 + _a3_) / sin(_a4_))) / _a4_));{'d0': {'_a3_': 3.0998835297806435, '_a4_': 9.813731418349764, '_a0_': 1.0, '_a1_': 1.0, '_a2_': 1.0, '_a5_': 1.0, '_a6_': 1.0, '_a7_': 1.0}};{'d0': 0.12679694286366655};-187.015116892758;40.81782584818311
834;-52.6897325981960;abs(((pow2(x1) + ((x1 + _a3_) / sin(_a4_))) / _a4_));{'d0': {'_a3_': 3.0998835297806435, '_a4_': 9.813731418349764, '_a0_': 1.0, '_a1_': 1.0, '_a2_': 1.0, '_a5_': 1.0, '_a6_': 1.0, '_a7_': 1.0}};{'d0': 0.12679694286366655};-187.015116892758;40.81782584818311
835;-52.6897325981960;abs(((pow2(x1) + ((x1 + _a3_) / sin(_a4_))) / _a4_));{'d0': {'_a3_': 3.0998835297806435, '_a4_': 9.813731418349764, '_a0_': 1.0, '_a1_': 1.0, '_a2_': 1.0, '_a5_': 1.0, '_a6_': 1.0, '_a7_': 1.0}};{'d0': 0.12679694286366655};-187.015116892758;40.81782584818311
836;-52.6897325981960;abs(((pow2(x1) + ((x1 + _a3_) / sin(_a4_))) / _a4_));{'d0': {'_a3_': 3.0998835297806435, '_a4_': 9.813731418349764, '_a0_': 1.0, '_a1_': 1.0, '_a2_': 1.0, '_a5_': 1.0, '_a6_': 1.0, '_a7_': 1.0}};{'d0': 0.12679694286366655};-187.015116892758;40.81782584818311
837;-50.3560969864668;cos((((x1 * (_a6_ / _a7_)) + (_a2_ * _a0_)) + _a2_));{'d0': {'_a0_': -0.4682571205289533, '_a2_': 22.560045277136084, '_a6_': 0.5893862988040365, '_a7_': 1.1241556996760325, '_a1_': 1.0, '_a3_': 1.0, '_a4_': 1.0, '_a5_': 1.0}};{'d0': 0.15383761415020905};-167.227788125606;33.2577970763364
838;-50.2932880544476;cos((((x1 * (_a6_ / _a7_)) + (_a2_ * _a0_)) + _a6_));{'d0': {'_a0_': 43.88412349988054, '_a2_': 2434.422091078041, '_a6_': -402.1683241268219, '_a7_': -759.4197221070044, '_a1_': 1.0, '_a3_': 1.0, '_a4_': 1.0, '_a5_': 1.0}};{'d0': 0.1541600307514501};-167.102170261568;33.2577970763364
839;-50.3560969676785;cos((((x1 * (_a6_ / _a7_)) + (_a2_ * _a0_)) + x1));{'d0': {'_a0_': 43.90147962070335, '_a2_': 2433.458518447062, '_a6_': 11661.498160186315, '_a7_': -24514.081201143203, '_a1_': 1.0, '_a3_': 1.0, '_a4_': 1.0, '_a5_': 1.0}};{'d0': 0.1538376142465541};-167.227788088030;33.2577970763364
840;-50.3560969676785;cos((((x1 * (_a6_ / _a7_)) + (_a2_ * _a0_)) + x1));{'d0': {'_a0_': 43.90147962070335, '_a2_': 2433.458518447062, '_a6_': 11661.498160186315, '_a7_': -24514.081201143203, '_a1_': 1.0, '_a3_': 1.0, '_a4_': 1.0, '_a5_': 1.0}};{'d0': 0.1538376142465541};-167.227788088030;33.2577970763364
841;-55.2133712958330;cos((((x1 * _a5_) + (_a2_ * _a0_)) + x1));{'d0': {'_a0_': 482.9166393853077, '_a2_': -21901.111063546934, '_a5_': -0.44852480411993717, '_a1_': 1.0, '_a3_': 1.0, '_a4_': 1.0, '_a6_': 1.0, '_a7_': 1.0}};{'d0': 0.1699612693580095};-165.341753211534;27.457505309934003
842;-55.2133712958330;cos((((x1 * _a5_) + (_a2_ * _a0_)) + x1));{'d0': {'_a0_': 482.9166393853077, '_a2_': -21901.111063546934, '_a5_': -0.44852480411993717, '_a1_': 1.0, '_a3_': 1.0, '_a4_': 1.0, '_a6_': 1.0, '_a7_': 1.0}};{'d0': 0.1699612693580095};-165.341753211534;27.457505309934003
843;-55.2133712958330;cos((((x1 * _a5_) + (_a2_ * _a0_)) + x1));{'d0': {'_a0_': 482.9166393853077, '_a2_': -21901.111063546934, '_a5_': -0.44852480411993717, '_a1_': 1.0, '_a3_': 1.0, '_a4_': 1.0, '_a6_': 1.0, '_a7_': 1.0}};{'d0': 0.1699612693580095};-165.341753211534;27.457505309934003
844;-55.2133712958330;cos((((x1 * _a5_) + (_a2_ * _a0_)) + x1));{'d0': {'_a0_': 482.9166393853077, '_a2_': -21901.111063546934, '_a5_': -0.44852480411993717, '_a1_': 1.0, '_a3_': 1.0, '_a4_': 1.0, '_a6_': 1.0, '_a7_': 1.0}};{'d0': 0.1699612693580095};-165.341753211534;27.457505309934003
845;-55.2133712958330;cos((((x1 * _a5_) + (_a2_ * _a0_)) + x1));{'d0': {'_a0_': 482.9166393853077, '_a2_': -21901.111063546934, '_a5_': -0.44852480411993717, '_a1_': 1.0, '_a3_': 1.0, '_a4_': 1.0, '_a6_': 1.0, '_a7_': 1.0}};{'d0': 0.1699612693580095};-165.341753211534;27.457505309934003
846;-51.2784324785811;cos((((x1 * _a5_) + (_a2_ * (_a7_ * _a4_))) + x1));{'d0': {'_a2_': -16241.706442499866, '_a4_': 8.92195434576142, '_a5_': -0.4752723935096838, '_a7_': -6.659902399212706, '_a0_': 1.0, '_a1_': 1.0, '_a3_': 1.0, '_a6_': 1.0}};{'d0': 0.1538426069548619};-167.225840855300;32.334487949069
847;-51.2784324785811;cos((((x1 * _a5_) + (_a2_ * (_a7_ * _a4_))) + x1));{'d0': {'_a2_': -16241.706442499866, '_a4_': 8.92195434576142, '_a5_': -0.4752723935096838, '_a7_': -6.659902399212706, '_a0_': 1.0, '_a1_': 1.0, '_a3_': 1.0, '_a6_': 1.0}};{'d0': 0.1538426069548619};-167.225840855300;32.334487949069
848;-51.2784324785811;cos((((x1 * _a5_) + (_a2_ * (_a7_ * _a4_))) + x1));{'d0': {'_a2_': -16241.706442499866, '_a4_': 8.92195434576142, '_a5_': -0.4752723935096838, '_a7_': -6.659902399212706, '_a0_': 1.0, '_a1_': 1.0, '_a3_': 1.0, '_a6_': 1.0}};{'d0': 0.1538426069548619};-167.225840855300;32.334487949069
849;-51.2784324785811;cos((((x1 * _a5_) + (_a2_ * (_a7_ * _a4_))) + x1));{'d0': {'_a2_': -16241.706442499866, '_a4_': 8.92195434576142, '_a5_': -0.4752723935096838, '_a7_': -6.659902399212706, '_a0_': 1.0, '_a1_': 1.0, '_a3_': 1.0, '_a6_': 1.0}};{'d0': 0.1538426069548619};-167.225840855300;32.334487949069
850;-51.2784324785811;cos((((x1 * _a5_) + (_a2_ * (_a7_ * _a4_))) + x1));{'d0': {'_a2_': -16241.706442499866, '_a4_': 8.92195434576142, '_a5_': -0.4752723935096838, '_a7_': -6.659902399212706, '_a0_': 1.0, '_a1_': 1.0, '_a3_': 1.0, '_a6_': 1.0}};{'d0': 0.1538426069548619};-167.225840855300;32.334487949069
851;-51.2784324785811;cos((((x1 * _a5_) + (_a2_ * (_a7_ * _a4_))) + x1));{'d0': {'_a2_': -16241.706442499866, '_a4_': 8.92195434576142, '_a5_': -0.4752723935096838, '_a7_': -6.659902399212706, '_a0_': 1.0, '_a1_': 1.0, '_a3_': 1.0, '_a6_': 1.0}};{'d0': 0.1538426069548619};-167.225840855300;32.334487949069
852;-51.2784324785811;cos((((x1 * _a5_) + (_a2_ * (_a7_ * _a4_))) + x1));{'d0': {'_a2_': -16241.706442499866, '_a4_': 8.92195434576142, '_a5_': -0.4752723935096838, '_a7_': -6.659902399212706, '_a0_': 1.0, '_a1_': 1.0, '_a3_': 1.0, '_a6_': 1.0}};{'d0': 0.1538426069548619};-167.225840855300;32.334487949069
853;-51.2784324785811;cos((((x1 * _a5_) + (_a2_ * (_a7_ * _a4_))) + x1));{'d0': {'_a2_': -16241.706442499866, '_a4_': 8.92195434576142, '_a5_': -0.4752723935096838, '_a7_': -6.659902399212706, '_a0_': 1.0, '_a1_': 1.0, '_a3_': 1.0, '_a6_': 1.0}};{'d0': 0.1538426069548619};-167.225840855300;32.334487949069
854;-51.2784324785811;cos((((x1 * _a5_) + (_a2_ * (_a7_ * _a4_))) + x1));{'d0': {'_a2_': -16241.706442499866, '_a4_': 8.92195434576142, '_a5_': -0.4752723935096838, '_a7_': -6.659902399212706, '_a0_': 1.0, '_a1_': 1.0, '_a3_': 1.0, '_a6_': 1.0}};{'d0': 0.1538426069548619};-167.225840855300;32.334487949069
855;-51.2783650282992;cos((((x1 * _a1_) + (_a2_ * (_a7_ * _a4_))) + x1));{'d0': {'_a1_': -0.4751082036020445, '_a2_': -16229.06585079086, '_a4_': 8.92299680150121, '_a7_': -6.664311035231844, '_a0_': 1.0, '_a3_': 1.0, '_a5_': 1.0, '_a6_': 1.0}};{'d0': 0.1538429528461573};-167.225705954736;32.334487949069
856;-51.2783650282992;cos((((x1 * _a1_) + (_a2_ * (_a7_ * _a4_))) + x1));{'d0': {'_a1_': -0.4751082036020445, '_a2_': -16229.06585079086, '_a4_': 8.92299680150121, '_a7_': -6.664311035231844, '_a0_': 1.0, '_a3_': 1.0, '_a5_': 1.0, '_a6_': 1.0}};{'d0': 0.1538429528461573};-167.225705954736;32.334487949069
857;-54.5236138811884;cos((((x1 * _a1_) + (_a2_ * -(_a5_))) + x1));{'d0': {'_a1_': -0.47570760598856576, '_a2_': -16204.179225724734, '_a5_': 1.001525421097654, '_a0_': 1.0, '_a3_': 1.0, '_a4_': 1.0, '_a6_': 1.0, '_a7_': 1.0}};{'d0': 0.1538376141119109};-171.322132702766;31.13745247019439
858;-54.5236138811884;cos((((x1 * _a1_) + (_a2_ * -(_a5_))) + x1));{'d0': {'_a1_': -0.47570760598856576, '_a2_': -16204.179225724734, '_a5_': 1.001525421097654, '_a0_': 1.0, '_a3_': 1.0, '_a4_': 1.0, '_a6_': 1.0, '_a7_': 1.0}};{'d0': 0.1538376141119109};-171.322132702766;31.13745247019439
859;-54.5236138811884;cos((((x1 * _a1_) + (_a2_ * -(_a5_))) + x1));{'d0': {'_a1_': -0.47570760598856576, '_a2_': -16204.179225724734, '_a5_': 1.001525421097654, '_a0_': 1.0, '_a3_': 1.0, '_a4_': 1.0, '_a6_': 1.0, '_a7_': 1.0}};{'d0': 0.1538376141119109};-171.322132702766;31.13745247019439
860;-54.5236138811884;cos((((x1 * _a1_) + (_a2_ * -(_a5_))) + x1));{'d0': {'_a1_': -0.47570760598856576, '_a2_': -16204.179225724734, '_a5_': 1.001525421097654, '_a0_': 1.0, '_a3_': 1.0, '_a4_': 1.0, '_a6_': 1.0, '_a7_': 1.0}};{'d0': 0.1538376141119109};-171.322132702766;31.13745247019439
861;-53.5279474358338;cos((((x1 * _a1_) + (_a2_ / -(_a5_))) + x1));{'d0': {'_a1_': -0.4757061535974074, '_a2_': 68972.43155059722, '_a5_': -4.26318070707721, '_a0_': 1.0, '_a3_': 1.0, '_a4_': 1.0, '_a6_': 1.0, '_a7_': 1.0}};{'d0': 0.15383761427480055};-171.322132639235;32.13311888378379
862;-53.4482968398981;abs(((pow2(x1) + ((x1 + _a3_) / sin(_a4_))) * _a5_));{'d0': {'_a3_': 3.3218861640486796, '_a4_': 9.90942842899909, '_a5_': 0.11799643030196338, '_a0_': 1.0, '_a1_': 1.0, '_a2_': 1.0, '_a6_': 1.0, '_a7_': 1.0}};{'d0': 0.11980844860402619};-186.322335892850;39.71287110652691
863;-53.4482968398981;abs(((pow2(x1) + ((x1 + _a3_) / sin(_a4_))) * _a5_));{'d0': {'_a3_': 3.3218861640486796, '_a4_': 9.90942842899909, '_a5_': 0.11799643030196338, '_a0_': 1.0, '_a1_': 1.0, '_a2_': 1.0, '_a6_': 1.0, '_a7_': 1.0}};{'d0': 0.11980844860402619};-186.322335892850;39.71287110652691
864;-53.4482968398981;abs(((pow2(x1) + ((x1 + _a3_) / sin(_a4_))) * _a5_));{'d0': {'_a3_': 3.3218861640486796, '_a4_': 9.90942842899909, '_a5_': 0.11799643030196338, '_a0_': 1.0, '_a1_': 1.0, '_a2_': 1.0, '_a6_': 1.0, '_a7_': 1.0}};{'d0': 0.11980844860402619};-186.322335892850;39.71287110652691
865;-53.4482968398981;abs(((pow2(x1) + ((x1 + _a3_) / sin(_a4_))) * _a5_));{'d0': {'_a3_': 3.3218861640486796, '_a4_': 9.90942842899909, '_a5_': 0.11799643030196338, '_a0_': 1.0, '_a1_': 1.0, '_a2_': 1.0, '_a6_': 1.0, '_a7_': 1.0}};{'d0': 0.11980844860402619};-186.322335892850;39.71287110652691
866;-53.4482968398981;abs(((pow2(x1) + ((x1 + _a3_) / sin(_a4_))) * _a5_));{'d0': {'_a3_': 3.3218861640486796, '_a4_': 9.90942842899909, '_a5_': 0.11799643030196338, '_a0_': 1.0, '_a1_': 1.0, '_a2_': 1.0, '_a6_': 1.0, '_a7_': 1.0}};{'d0': 0.11980844860402619};-186.322335892850;39.71287110652691
867;-53.4482968398981;abs(((pow2(x1) + ((x1 + _a3_) / sin(_a4_))) * _a5_));{'d0': {'_a3_': 3.3218861640486796, '_a4_': 9.90942842899909, '_a5_': 0.11799643030196338, '_a0_': 1.0, '_a1_': 1.0, '_a2_': 1.0, '_a6_': 1.0, '_a7_': 1.0}};{'d0': 0.11980844860402619};-186.322335892850;39.71287110652691
868;-53.4482968398981;abs(((pow2(x1) + ((x1 + _a3_) / sin(_a4_))) * _a5_));{'d0': {'_a3_': 3.3218861640486796, '_a4_': 9.90942842899909, '_a5_': 0.11799643030196338, '_a0_': 1.0, '_a1_': 1.0, '_a2_': 1.0, '_a6_': 1.0, '_a7_': 1.0}};{'d0': 0.11980844860402619};-186.322335892850;39.71287110652691
869;-53.4482968398981;abs(((pow2(x1) + ((x1 + _a3_) / sin(_a4_))) * _a5_));{'d0': {'_a3_': 3.3218861640486796, '_a4_': 9.90942842899909, '_a5_': 0.11799643030196338, '_a0_': 1.0, '_a1_': 1.0, '_a2_': 1.0, '_a6_': 1.0, '_a7_': 1.0}};{'d0': 0.11980844860402619};-186.322335892850;39.71287110652691
870;-48.6436714870850;abs(((pow2(x1) + ((x1 + _a3_) / sin(_a4_))) * (_a3_ * _a0_)));{'d0': {'_a0_': 0.035520913279306746, '_a3_': 3.32188616816745, '_a4_': 9.90942843049699, '_a1_': 1.0, '_a2_': 1.0, '_a5_': 1.0, '_a6_': 1.0, '_a7_': 1.0}};{'d0': 0.11980844860402627};-186.322335892850;44.51749645933991
871;-53.5279474358338;cos((((x1 * _a1_) + (_a2_ / -(_a5_))) + x1));{'d0': {'_a1_': -0.4757061535974074, '_a2_': 68972.43155059722, '_a5_': -4.26318070707721, '_a0_': 1.0, '_a3_': 1.0, '_a4_': 1.0, '_a6_': 1.0, '_a7_': 1.0}};{'d0': 0.15383761427480055};-171.322132639235;32.13311888378379
872;-53.5279474358338;cos((((x1 * _a1_) + (_a2_ / -(_a5_))) + x1));{'d0': {'_a1_': -0.4757061535974074, '_a2_': 68972.43155059722, '_a5_': -4.26318070707721, '_a0_': 1.0, '_a3_': 1.0, '_a4_': 1.0, '_a6_': 1.0, '_a7_': 1.0}};{'d0': 0.15383761427480055};-171.322132639235;32.13311888378379
873;-53.5279473908300;cos((((x1 * _a1_) + (_a2_ / -(_a5_))) + _a1_));{'d0': {'_a1_': 0.52429143522448, '_a2_': -962658.0414366421, '_a5_': 59.50374804062102, '_a0_': 1.0, '_a3_': 1.0, '_a4_': 1.0, '_a6_': 1.0, '_a7_': 1.0}};{'d0': 0.15383761450557637};-171.322132549228;32.13311888378379
874;-53.5279473908300;cos((((x1 * _a1_) + (_a2_ / -(_a5_))) + _a1_));{'d0': {'_a1_': 0.52429143522448, '_a2_': -962658.0414366421, '_a5_': 59.50374804062102, '_a0_': 1.0, '_a3_': 1.0, '_a4_': 1.0, '_a6_': 1.0, '_a7_': 1.0}};{'d0': 0.15383761450557637};-171.322132549228;32.13311888378379
875;-53.5279473908300;cos((((x1 * _a1_) + (_a2_ / -(_a5_))) + _a1_));{'d0': {'_a1_': 0.52429143522448, '_a2_': -962658.0414366421, '_a5_': 59.50374804062102, '_a0_': 1.0, '_a3_': 1.0, '_a4_': 1.0, '_a6_': 1.0, '_a7_': 1.0}};{'d0': 0.15383761450557637};-171.322132549228;32.13311888378379
876;-53.5279473908300;cos((((x1 * _a1_) + (_a2_ / -(_a5_))) + _a1_));{'d0': {'_a1_': 0.52429143522448, '_a2_': -962658.0414366421, '_a5_': 59.50374804062102, '_a0_': 1.0, '_a3_': 1.0, '_a4_': 1.0, '_a6_': 1.0, '_a7_': 1.0}};{'d0': 0.15383761450557637};-171.322132549228;32.13311888378379
877;-53.5279473908300;cos((((x1 * _a1_) + (_a2_ / -(_a5_))) + _a1_));{'d0': {'_a1_': 0.52429143522448, '_a2_': -962658.0414366421, '_a5_': 59.50374804062102, '_a0_': 1.0, '_a3_': 1.0, '_a4_': 1.0, '_a6_': 1.0, '_a7_': 1.0}};{'d0': 0.15383761450557637};-171.322132549228;32.13311888378379
878;-53.5279473908300;cos((((x1 * _a1_) + (_a2_ / -(_a5_))) + _a1_));{'d0': {'_a1_': 0.52429143522448, '_a2_': -962658.0414366421, '_a5_': 59.50374804062102, '_a0_': 1.0, '_a3_': 1.0, '_a4_': 1.0, '_a6_': 1.0, '_a7_': 1.0}};{'d0': 0.15383761450557637};-171.322132549228;32.13311888378379
879;-53.5279473908300;cos((((x1 * _a1_) + (_a2_ / -(_a5_))) + _a1_));{'d0': {'_a1_': 0.52429143522448, '_a2_': -962658.0414366421, '_a5_': 59.50374804062102, '_a0_': 1.0, '_a3_': 1.0, '_a4_': 1.0, '_a6_': 1.0, '_a7_': 1.0}};{'d0': 0.15383761450557637};-171.322132549228;32.13311888378379
880;-53.5279473908300;cos((((x1 * _a1_) + (_a2_ / -(_a5_))) + _a1_));{'d0': {'_a1_': 0.52429143522448, '_a2_': -962658.0414366421, '_a5_': 59.50374804062102, '_a0_': 1.0, '_a3_': 1.0, '_a4_': 1.0, '_a6_': 1.0, '_a7_': 1.0}};{'d0': 0.15383761450557637};-171.322132549228;32.13311888378379
881;-53.5279473908300;cos((((x1 * _a1_) + (_a2_ / -(_a5_))) + _a1_));{'d0': {'_a1_': 0.52429143522448, '_a2_': -962658.0414366421, '_a5_': 59.50374804062102, '_a0_': 1.0, '_a3_': 1.0, '_a4_': 1.0, '_a6_': 1.0, '_a7_': 1.0}};{'d0': 0.15383761450557637};-171.322132549228;32.13311888378379
882;-53.5279473908300;cos((((x1 * _a1_) + (_a2_ / -(_a5_))) + _a1_));{'d0': {'_a1_': 0.52429143522448, '_a2_': -962658.0414366421, '_a5_': 59.50374804062102, '_a0_': 1.0, '_a3_': 1.0, '_a4_': 1.0, '_a6_': 1.0, '_a7_': 1.0}};{'d0': 0.15383761450557637};-171.322132549228;32.13311888378379
883;-53.5279473908300;cos((((x1 * _a1_) + (_a2_ / -(_a5_))) + _a1_));{'d0': {'_a1_': 0.52429143522448, '_a2_': -962658.0414366421, '_a5_': 59.50374804062102, '_a0_': 1.0, '_a3_': 1.0, '_a4_': 1.0, '_a6_': 1.0, '_a7_': 1.0}};{'d0': 0.15383761450557637};-171.322132549228;32.13311888378379
884;-53.5279473908300;cos((((x1 * _a1_) + (_a2_ / -(_a5_))) + _a1_));{'d0': {'_a1_': 0.52429143522448, '_a2_': -962658.0414366421, '_a5_': 59.50374804062102, '_a0_': 1.0, '_a3_': 1.0, '_a4_': 1.0, '_a6_': 1.0, '_a7_': 1.0}};{'d0': 0.15383761450557637};-171.322132549228;32.13311888378379
885;-53.5279473908300;cos((((x1 * _a1_) + (_a2_ / -(_a5_))) + _a1_));{'d0': {'_a1_': 0.52429143522448, '_a2_': -962658.0414366421, '_a5_': 59.50374804062102, '_a0_': 1.0, '_a3_': 1.0, '_a4_': 1.0, '_a6_': 1.0, '_a7_': 1.0}};{'d0': 0.15383761450557637};-171.322132549228;32.13311888378379
886;-53.5279473908300;cos((((x1 * _a1_) + (_a2_ / -(_a5_))) + _a1_));{'d0': {'_a1_': 0.52429143522448, '_a2_': -962658.0414366421, '_a5_': 59.50374804062102, '_a0_': 1.0, '_a3_': 1.0, '_a4_': 1.0, '_a6_': 1.0, '_a7_': 1.0}};{'d0': 0.15383761450557637};-171.322132549228;32.13311888378379
887;-53.5279473908300;cos((((x1 * _a1_) + (_a2_ / -(_a5_))) + _a1_));{'d0': {'_a1_': 0.52429143522448, '_a2_': -962658.0414366421, '_a5_': 59.50374804062102, '_a0_': 1.0, '_a3_': 1.0, '_a4_': 1.0, '_a6_': 1.0, '_a7_': 1.0}};{'d0': 0.15383761450557637};-171.322132549228;32.13311888378379
888;-53.5279473908300;cos((((x1 * _a1_) + (_a2_ / -(_a5_))) + _a1_));{'d0': {'_a1_': 0.52429143522448, '_a2_': -962658.0414366421, '_a5_': 59.50374804062102, '_a0_': 1.0, '_a3_': 1.0, '_a4_': 1.0, '_a6_': 1.0, '_a7_': 1.0}};{'d0': 0.15383761450557637};-171.322132549228;32.13311888378379
889;-53.5279474677997;cos((((x1 * _a1_) + (_a0_ / -(_a5_))) + _a1_));{'d0': {'_a0_': 33.527711922150324, '_a1_': 0.5242925166836262, '_a5_': 30.63238260024822, '_a2_': 1.0, '_a3_': 1.0, '_a4_': 1.0, '_a6_': 1.0, '_a7_': 1.0}};{'d0': 0.1538376141108819};-171.322132703167;32.13311888378379
890;-53.5279474677997;cos((((x1 * _a1_) + (_a0_ / -(_a5_))) + _a1_));{'d0': {'_a0_': 33.527711922150324, '_a1_': 0.5242925166836262, '_a5_': 30.63238260024822, '_a2_': 1.0, '_a3_': 1.0, '_a4_': 1.0, '_a6_': 1.0, '_a7_': 1.0}};{'d0': 0.1538376141108819};-171.322132703167;32.13311888378379
891;-53.5279474677997;cos((((x1 * _a1_) + (_a0_ / -(_a5_))) + _a1_));{'d0': {'_a0_': 33.527711922150324, '_a1_': 0.5242925166836262, '_a5_': 30.63238260024822, '_a2_': 1.0, '_a3_': 1.0, '_a4_': 1.0, '_a6_': 1.0, '_a7_': 1.0}};{'d0': 0.1538376141108819};-171.322132703167;32.13311888378379
892;-57.2078946281678;cos((((x1 * _a1_) + (_a0_ / _a7_)) + _a1_));{'d0': {'_a0_': 1016745.2005135925, '_a1_': -0.5242925719011755, '_a7_': 31274.416619064865, '_a2_': 1.0, '_a3_': 1.0, '_a4_': 1.0, '_a5_': 1.0, '_a6_': 1.0}};{'d0': 0.15383761411032965};-171.322132703382;28.453171723523397
893;-57.2078946281678;cos((((x1 * _a1_) + (_a0_ / _a7_)) + _a1_));{'d0': {'_a0_': 1016745.2005135925, '_a1_': -0.5242925719011755, '_a7_': 31274.416619064865, '_a2_': 1.0, '_a3_': 1.0, '_a4_': 1.0, '_a5_': 1.0, '_a6_': 1.0}};{'d0': 0.15383761411032965};-171.322132703382;28.453171723523397
894;-57.2078946281678;cos((((x1 * _a1_) + (_a0_ / _a7_)) + _a1_));{'d0': {'_a0_': 1016745.2005135925, '_a1_': -0.5242925719011755, '_a7_': 31274.416619064865, '_a2_': 1.0, '_a3_': 1.0, '_a4_': 1.0, '_a5_': 1.0, '_a6_': 1.0}};{'d0': 0.15383761411032965};-171.322132703382;28.453171723523397
895;-57.2078946281678;cos((((x1 * _a1_) + (_a0_ / _a7_)) + _a1_));{'d0': {'_a0_': 1016745.2005135925, '_a1_': -0.5242925719011755, '_a7_': 31274.416619064865, '_a2_': 1.0, '_a3_': 1.0, '_a4_': 1.0, '_a5_': 1.0, '_a6_': 1.0}};{'d0': 0.15383761411032965};-171.322132703382;28.453171723523397
896;-57.2078946281678;cos((((x1 * _a1_) + (_a0_ / _a7_)) + _a1_));{'d0': {'_a0_': 1016745.2005135925, '_a1_': -0.5242925719011755, '_a7_': 31274.416619064865, '_a2_': 1.0, '_a3_': 1.0, '_a4_': 1.0, '_a5_': 1.0, '_a6_': 1.0}};{'d0': 0.15383761411032965};-171.322132703382;28.453171723523397
897;-57.2078946281678;cos((((x1 * _a1_) + (_a0_ / _a7_)) + _a1_));{'d0': {'_a0_': 1016745.2005135925, '_a1_': -0.5242925719011755, '_a7_': 31274.416619064865, '_a2_': 1.0, '_a3_': 1.0, '_a4_': 1.0, '_a5_': 1.0, '_a6_': 1.0}};{'d0': 0.15383761411032965};-171.322132703382;28.453171723523397
898;-57.2078946281678;cos((((x1 * _a1_) + (_a0_ / _a7_)) + _a1_));{'d0': {'_a0_': 1016745.2005135925, '_a1_': -0.5242925719011755, '_a7_': 31274.416619064865, '_a2_': 1.0, '_a3_': 1.0, '_a4_': 1.0, '_a5_': 1.0, '_a6_': 1.0}};{'d0': 0.15383761411032965};-171.322132703382;28.453171723523397
899;-57.2078946281678;cos((((x1 * _a1_) + (_a0_ / _a7_)) + _a1_));{'d0': {'_a0_': 1016745.2005135925, '_a1_': -0.5242925719011755, '_a7_': 31274.416619064865, '_a2_': 1.0, '_a3_': 1.0, '_a4_': 1.0, '_a5_': 1.0, '_a6_': 1.0}};{'d0': 0.15383761411032965};-171.322132703382;28.453171723523397
900;-57.2078946281678;cos((((x1 * _a1_) + (_a0_ / _a7_)) + _a1_));{'d0': {'_a0_': 1016745.2005135925, '_a1_': -0.5242925719011755, '_a7_': 31274.416619064865, '_a2_': 1.0, '_a3_': 1.0, '_a4_': 1.0, '_a5_': 1.0, '_a6_': 1.0}};{'d0': 0.15383761411032965};-171.322132703382;28.453171723523397
901;-57.2078946281678;cos((((x1 * _a1_) + (_a0_ / _a7_)) + x1));{'d0': {'_a0_': 37511312845.53813, '_a1_': -1.5242925817796789, '_a7_': 1172736013.4499557, '_a2_': 1.0, '_a3_': 1.0, '_a4_': 1.0, '_a5_': 1.0, '_a6_': 1.0}};{'d0': 0.15383761411032973};-171.322132703382;28.453171723523397
902;-65.0553586755626;cos((((x1 * _a1_) + _a2_) + x1));{'d0': {'_a1_': -1.5242923467228489, '_a2_': 0.5702261581831805, '_a0_': 1.0, '_a3_': 1.0, '_a4_': 1.0, '_a5_': 1.0, '_a6_': 1.0, '_a7_': 1.0}};{'d0': 0.15383761411093788};-175.416477265367;22.652879957120998
903;-65.0553586755626;cos((((x1 * _a1_) + _a2_) + x1));{'d0': {'_a1_': -1.5242923467228489, '_a2_': 0.5702261581831805, '_a0_': 1.0, '_a3_': 1.0, '_a4_': 1.0, '_a5_': 1.0, '_a6_': 1.0, '_a7_': 1.0}};{'d0': 0.15383761411093788};-175.416477265367;22.652879957120998
904;-65.0553586755626;cos((((x1 * _a1_) + _a2_) + x1));{'d0': {'_a1_': -1.5242923467228489, '_a2_': 0.5702261581831805, '_a0_': 1.0, '_a3_': 1.0, '_a4_': 1.0, '_a5_': 1.0, '_a6_': 1.0, '_a7_': 1.0}};{'d0': 0.15383761411093788};-175.416477265367;22.652879957120998
905;-57.2078946280747;cos((((x1 * (_a3_ / _a7_)) + _a2_) + x1));{'d0': {'_a2_': -0.5702258498198961, '_a3_': -1077.2058453945556, '_a7_': 2264.428913028938, '_a0_': 1.0, '_a1_': 1.0, '_a4_': 1.0, '_a5_': 1.0, '_a6_': 1.0}};{'d0': 0.1538376141108068};-171.322132703196;28.453171723523397
906;-57.2078946280747;cos((((x1 * (_a3_ / _a7_)) + _a2_) + x1));{'d0': {'_a2_': -0.5702258498198961, '_a3_': -1077.2058453945556, '_a7_': 2264.428913028938, '_a0_': 1.0, '_a1_': 1.0, '_a4_': 1.0, '_a5_': 1.0, '_a6_': 1.0}};{'d0': 0.1538376141108068};-171.322132703196;28.453171723523397
907;-57.2078946280747;cos((((x1 * (_a3_ / _a7_)) + _a2_) + x1));{'d0': {'_a2_': -0.5702258498198961, '_a3_': -1077.2058453945556, '_a7_': 2264.428913028938, '_a0_': 1.0, '_a1_': 1.0, '_a4_': 1.0, '_a5_': 1.0, '_a6_': 1.0}};{'d0': 0.1538376141108068};-171.322132703196;28.453171723523397
908;-57.2078946280747;cos((((x1 * (_a3_ / _a7_)) + _a2_) + x1));{'d0': {'_a2_': -0.5702258498198961, '_a3_': -1077.2058453945556, '_a7_': 2264.428913028938, '_a0_': 1.0, '_a1_': 1.0, '_a4_': 1.0, '_a5_': 1.0, '_a6_': 1.0}};{'d0': 0.1538376141108068};-171.322132703196;28.453171723523397
909;-57.2078946169350;cos((((x1 * (_a3_ / _a7_)) + _a4_) + x1));{'d0': {'_a3_': -864443.6209447995, '_a4_': 0.5702257233079736, '_a7_': 567111.7226462709, '_a0_': 1.0, '_a1_': 1.0, '_a2_': 1.0, '_a5_': 1.0, '_a6_': 1.0}};{'d0': 0.15383761416793032};-171.322132680917;28.453171723523397
910;-57.2078946169350;cos((((x1 * (_a3_ / _a7_)) + _a4_) + x1));{'d0': {'_a3_': -864443.6209447995, '_a4_': 0.5702257233079736, '_a7_': 567111.7226462709, '_a0_': 1.0, '_a1_': 1.0, '_a2_': 1.0, '_a5_': 1.0, '_a6_': 1.0}};{'d0': 0.15383761416793032};-171.322132680917;28.453171723523397
911;-57.2078942693972;cos((((x1 * (_a3_ / _a7_)) + _a4_) + _a7_));{'d0': {'_a3_': -297550.2569551992, '_a4_': -404.7997650302119, '_a7_': 567519.3926176765, '_a0_': 1.0, '_a1_': 1.0, '_a2_': 1.0, '_a5_': 1.0, '_a6_': 1.0}};{'d0': 0.1538376159500763};-171.322131985841;28.453171723523397
912;-57.2078942693972;cos((((x1 * (_a3_ / _a7_)) + _a4_) + _a7_));{'d0': {'_a3_': -297550.2569551992, '_a4_': -404.7997650302119, '_a7_': 567519.3926176765, '_a0_': 1.0, '_a1_': 1.0, '_a2_': 1.0, '_a5_': 1.0, '_a6_': 1.0}};{'d0': 0.1538376159500763};-171.322131985841;28.453171723523397
913;-57.2078942693972;cos((((x1 * (_a3_ / _a7_)) + _a4_) + _a7_));{'d0': {'_a3_': -297550.2569551992, '_a4_': -404.7997650302119, '_a7_': 567519.3926176765, '_a0_': 1.0, '_a1_': 1.0, '_a2_': 1.0, '_a5_': 1.0, '_a6_': 1.0}};{'d0': 0.1538376159500763};-171.322131985841;28.453171723523397
914;-57.2078942693972;cos((((x1 * (_a3_ / _a7_)) + _a4_) + _a7_));{'d0': {'_a3_': -297550.2569551992, '_a4_': -404.7997650302119, '_a7_': 567519.3926176765, '_a0_': 1.0, '_a1_': 1.0, '_a2_': 1.0, '_a5_': 1.0, '_a6_': 1.0}};{'d0': 0.1538376159500763};-171.322131985841;28.453171723523397
915;-57.2078942693972;cos((((x1 * (_a3_ / _a7_)) + _a4_) + _a7_));{'d0': {'_a3_': -297550.2569551992, '_a4_': -404.7997650302119, '_a7_': 567519.3926176765, '_a0_': 1.0, '_a1_': 1.0, '_a2_': 1.0, '_a5_': 1.0, '_a6_': 1.0}};{'d0': 0.1538376159500763};-171.322131985841;28.453171723523397
916;-57.2078942693972;cos((((x1 * (_a3_ / _a7_)) + _a4_) + _a7_));{'d0': {'_a3_': -297550.2569551992, '_a4_': -404.7997650302119, '_a7_': 567519.3926176765, '_a0_': 1.0, '_a1_': 1.0, '_a2_': 1.0, '_a5_': 1.0, '_a6_': 1.0}};{'d0': 0.1538376159500763};-171.322131985841;28.453171723523397
917;-57.2078942693972;cos((((x1 * (_a3_ / _a7_)) + _a4_) + _a7_));{'d0': {'_a3_': -297550.2569551992, '_a4_': -404.7997650302119, '_a7_': 567519.3926176765, '_a0_': 1.0, '_a1_': 1.0, '_a2_': 1.0, '_a5_': 1.0, '_a6_': 1.0}};{'d0': 0.1538376159500763};-171.322131985841;28.453171723523397
918;-57.2078942693972;cos((((x1 * (_a3_ / _a7_)) + _a4_) + _a7_));{'d0': {'_a3_': -297550.2569551992, '_a4_': -404.7997650302119, '_a7_': 567519.3926176765, '_a0_': 1.0, '_a1_': 1.0, '_a2_': 1.0, '_a5_': 1.0, '_a6_': 1.0}};{'d0': 0.1538376159500763};-171.322131985841;28.453171723523397
919;-57.2078822383818;cos((((x1 * (_a3_ / _a7_)) + _a2_) + _a7_));{'d0': {'_a2_': -1021.4886807870037, '_a3_': -298118.14481695526, '_a7_': 568544.4885017212, '_a0_': 1.0, '_a1_': 1.0, '_a4_': 1.0, '_a5_': 1.0, '_a6_': 1.0}};{'d0': 0.1538376776441796};-171.322107923811;28.453171723523397
920;-57.2078822383818;cos((((x1 * (_a3_ / _a7_)) + _a2_) + _a7_));{'d0': {'_a2_': -1021.4886807870037, '_a3_': -298118.14481695526, '_a7_': 568544.4885017212, '_a0_': 1.0, '_a1_': 1.0, '_a4_': 1.0, '_a5_': 1.0, '_a6_': 1.0}};{'d0': 0.1538376776441796};-171.322107923811;28.453171723523397
921;-57.2912728665452;cos((((x1 * (_a3_ / _a7_)) + _a2_) / _a7_));{'d0': {'_a2_': -527173.8360500197, '_a3_': 448110717508.87384, '_a7_': 924498.5493193663, '_a0_': 1.0, '_a1_': 1.0, '_a4_': 1.0, '_a5_': 1.0, '_a6_': 1.0}};{'d0': 0.15383761412317692};-171.322132698372;28.369793482640596
922;-57.7691636354296;cos((((x1 * log(_a1_)) + _a2_) / _a7_));{'d0': {'_a1_': 28888150.105342522, '_a2_': -18.684022611075616, '_a7_': 32.76601037201985, '_a0_': 1.0, '_a3_': 1.0, '_a4_': 1.0, '_a5_': 1.0, '_a6_': 1.0}};{'d0': 0.1538376141701115};-171.322132680066;27.891902704603396
923;-57.7691636354296;cos((((x1 * log(_a1_)) + _a2_) / _a7_));{'d0': {'_a1_': 28888150.105342522, '_a2_': -18.684022611075616, '_a7_': 32.76601037201985, '_a0_': 1.0, '_a3_': 1.0, '_a4_': 1.0, '_a5_': 1.0, '_a6_': 1.0}};{'d0': 0.1538376141701115};-171.322132680066;27.891902704603396
924;-57.7691636354296;cos((((x1 * log(_a1_)) + _a2_) / _a7_));{'d0': {'_a1_': 28888150.105342522, '_a2_': -18.684022611075616, '_a7_': 32.76601037201985, '_a0_': 1.0, '_a3_': 1.0, '_a4_': 1.0, '_a5_': 1.0, '_a6_': 1.0}};{'d0': 0.1538376141701115};-171.322132680066;27.891902704603396
925;-57.7691636354296;cos((((x1 * log(_a1_)) + _a2_) / _a7_));{'d0': {'_a1_': 28888150.105342522, '_a2_': -18.684022611075616, '_a7_': 32.76601037201985, '_a0_': 1.0, '_a3_': 1.0, '_a4_': 1.0, '_a5_': 1.0, '_a6_': 1.0}};{'d0': 0.1538376141701115};-171.322132680066;27.891902704603396
926;-38.9344901148658;abs(((pow2(abs(x1)) + ((x1 + _a2_) / (_a3_ * _a4_))) / (_a4_ * -(_a2_))));{'d0': {'_a2_': 3.341566379571757, '_a3_': -0.2003730669381348, '_a4_': 2.4322688897469686, '_a0_': 1.0, '_a1_': 1.0, '_a5_': 1.0, '_a6_': 1.0, '_a7_': 1.0}};{'d0': 0.11895310914218778};-186.752225760700;54.44162276548399
927;-38.9344901148658;abs(((pow2(abs(x1)) + ((x1 + _a2_) / (_a3_ * _a4_))) / (_a4_ * -(_a2_))));{'d0': {'_a2_': 3.341566379571757, '_a3_': -0.2003730669381348, '_a4_': 2.4322688897469686, '_a0_': 1.0, '_a1_': 1.0, '_a5_': 1.0, '_a6_': 1.0, '_a7_': 1.0}};{'d0': 0.11895310914218778};-186.752225760700;54.44162276548399
928;-38.9344901148658;abs(((pow2(abs(x1)) + ((x1 + _a2_) / (_a3_ * _a4_))) / (_a4_ * -(_a2_))));{'d0': {'_a2_': 3.341566379571757, '_a3_': -0.2003730669381348, '_a4_': 2.4322688897469686, '_a0_': 1.0, '_a1_': 1.0, '_a5_': 1.0, '_a6_': 1.0, '_a7_': 1.0}};{'d0': 0.11895310914218778};-186.752225760700;54.44162276548399
929;-41.0574153220484;abs(((x1 / ((_a0_ / (-((_a5_ * _a2_)) * pow2(_a6_))) + x1)) + _a6_));{'d0': {'_a0_': -224332592963.40356, '_a2_': 84548014430.592, '_a5_': 0.9990189659473578, '_a6_': 0.8206642734264418, '_a1_': 1.0, '_a3_': 1.0, '_a4_': 1.0, '_a7_': 1.0}};{'d0': 0.13082514261398423};-176.949945134365;47.41755724513398
930;-41.0574153220484;abs(((x1 / ((_a0_ / (-((_a5_ * _a2_)) * pow2(_a6_))) + x1)) + _a6_));{'d0': {'_a0_': -224332592963.40356, '_a2_': 84548014430.592, '_a5_': 0.9990189659473578, '_a6_': 0.8206642734264418, '_a1_': 1.0, '_a3_': 1.0, '_a4_': 1.0, '_a7_': 1.0}};{'d0': 0.13082514261398423};-176.949945134365;47.41755724513398
931;-41.0574153220484;abs(((x1 / ((_a0_ / (-((_a5_ * _a2_)) * pow2(_a6_))) + x1)) + _a6_));{'d0': {'_a0_': -224332592963.40356, '_a2_': 84548014430.592, '_a5_': 0.9990189659473578, '_a6_': 0.8206642734264418, '_a1_': 1.0, '_a3_': 1.0, '_a4_': 1.0, '_a7_': 1.0}};{'d0': 0.13082514261398423};-176.949945134365;47.41755724513398
932;-41.0574153220484;abs(((x1 / ((_a0_ / (-((_a5_ * _a2_)) * pow2(_a6_))) + x1)) + _a6_));{'d0': {'_a0_': -224332592963.40356, '_a2_': 84548014430.592, '_a5_': 0.9990189659473578, '_a6_': 0.8206642734264418, '_a1_': 1.0, '_a3_': 1.0, '_a4_': 1.0, '_a7_': 1.0}};{'d0': 0.13082514261398423};-176.949945134365;47.41755724513398
933;-41.0574153220484;abs(((x1 / ((_a0_ / (-((_a5_ * _a2_)) * pow2(_a6_))) + x1)) + _a6_));{'d0': {'_a0_': -224332592963.40356, '_a2_': 84548014430.592, '_a5_': 0.9990189659473578, '_a6_': 0.8206642734264418, '_a1_': 1.0, '_a3_': 1.0, '_a4_': 1.0, '_a7_': 1.0}};{'d0': 0.13082514261398423};-176.949945134365;47.41755724513398
934;-41.0574153220484;abs(((x1 / ((_a0_ / (-((_a5_ * _a2_)) * pow2(_a6_))) + x1)) + _a6_));{'d0': {'_a0_': -224332592963.40356, '_a2_': 84548014430.592, '_a5_': 0.9990189659473578, '_a6_': 0.8206642734264418, '_a1_': 1.0, '_a3_': 1.0, '_a4_': 1.0, '_a7_': 1.0}};{'d0': 0.13082514261398423};-176.949945134365;47.41755724513398
935;-47.9092129310063;abs(((x1 / ((_a0_ / (-(_a2_) * pow2(_a6_))) + x1)) + _a6_));{'d0': {'_a0_': -224773118714.76556, '_a2_': 84631040414.17036, '_a6_': 0.8206642953388672, '_a1_': 1.0, '_a3_': 1.0, '_a4_': 1.0, '_a5_': 1.0, '_a7_': 1.0}};{'d0': 0.13082514272285767};-181.044289646655;42.61293189232098
936;-47.9092129310063;abs(((x1 / ((_a0_ / (-(_a2_) * pow2(_a6_))) + x1)) + _a6_));{'d0': {'_a0_': -224773118714.76556, '_a2_': 84631040414.17036, '_a6_': 0.8206642953388672, '_a1_': 1.0, '_a3_': 1.0, '_a4_': 1.0, '_a5_': 1.0, '_a7_': 1.0}};{'d0': 0.13082514272285767};-181.044289646655;42.61293189232098
937;-47.9092129310063;abs(((x1 / ((_a0_ / (-(_a2_) * pow2(_a6_))) + x1)) + _a6_));{'d0': {'_a0_': -224773118714.76556, '_a2_': 84631040414.17036, '_a6_': 0.8206642953388672, '_a1_': 1.0, '_a3_': 1.0, '_a4_': 1.0, '_a5_': 1.0, '_a7_': 1.0}};{'d0': 0.13082514272285767};-181.044289646655;42.61293189232098
938;-47.9092129310063;abs(((x1 / ((_a0_ / (-(_a2_) * pow2(_a6_))) + x1)) + _a6_));{'d0': {'_a0_': -224773118714.76556, '_a2_': 84631040414.17036, '_a6_': 0.8206642953388672, '_a1_': 1.0, '_a3_': 1.0, '_a4_': 1.0, '_a5_': 1.0, '_a7_': 1.0}};{'d0': 0.13082514272285767};-181.044289646655;42.61293189232098
939;-47.9092129310063;abs(((x1 / ((_a0_ / (-(_a2_) * pow2(_a6_))) + x1)) + _a6_));{'d0': {'_a0_': -224773118714.76556, '_a2_': 84631040414.17036, '_a6_': 0.8206642953388672, '_a1_': 1.0, '_a3_': 1.0, '_a4_': 1.0, '_a5_': 1.0, '_a7_': 1.0}};{'d0': 0.13082514272285767};-181.044289646655;42.61293189232098
940;-47.9092129310063;abs(((x1 / ((_a0_ / (-(_a2_) * pow2(_a6_))) + x1)) + _a6_));{'d0': {'_a0_': -224773118714.76556, '_a2_': 84631040414.17036, '_a6_': 0.8206642953388672, '_a1_': 1.0, '_a3_': 1.0, '_a4_': 1.0, '_a5_': 1.0, '_a7_': 1.0}};{'d0': 0.13082514272285767};-181.044289646655;42.61293189232098
941;-47.9092129310063;abs(((x1 / ((_a0_ / (-(_a2_) * pow2(_a6_))) + x1)) + _a6_));{'d0': {'_a0_': -224773118714.76556, '_a2_': 84631040414.17036, '_a6_': 0.8206642953388672, '_a1_': 1.0, '_a3_': 1.0, '_a4_': 1.0, '_a5_': 1.0, '_a7_': 1.0}};{'d0': 0.13082514272285767};-181.044289646655;42.61293189232098
942;-47.9092129310063;abs(((x1 / ((_a0_ / (-(_a2_) * pow2(_a6_))) + x1)) + _a6_));{'d0': {'_a0_': -224773118714.76556, '_a2_': 84631040414.17036, '_a6_': 0.8206642953388672, '_a1_': 1.0, '_a3_': 1.0, '_a4_': 1.0, '_a5_': 1.0, '_a7_': 1.0}};{'d0': 0.13082514272285767};-181.044289646655;42.61293189232098
943;-45.9585556352158;abs(((pow2(x1) + ((x1 + _a2_) / (_a3_ * _a4_))) / (_a4_ * -(_a2_))));{'d0': {'_a2_': 3.341566379571757, '_a3_': -0.2003730669381348, '_a4_': 2.4322688897469686, '_a0_': 1.0, '_a1_': 1.0, '_a5_': 1.0, '_a6_': 1.0, '_a7_': 1.0}};{'d0': 0.11895310914218778};-186.752225760700;47.41755724513399
944;-45.9585556352158;abs(((pow2(x1) + ((x1 + _a2_) / (_a3_ * _a4_))) / (_a4_ * -(_a2_))));{'d0': {'_a2_': 3.341566379571757, '_a3_': -0.2003730669381348, '_a4_': 2.4322688897469686, '_a0_': 1.0, '_a1_': 1.0, '_a5_': 1.0, '_a6_': 1.0, '_a7_': 1.0}};{'d0': 0.11895310914218778};-186.752225760700;47.41755724513399
945;-45.9585556352158;abs(((pow2(x1) + ((x1 + _a2_) / (_a3_ * _a4_))) / (_a4_ * -(_a2_))));{'d0': {'_a2_': 3.341566379571757, '_a3_': -0.2003730669381348, '_a4_': 2.4322688897469686, '_a0_': 1.0, '_a1_': 1.0, '_a5_': 1.0, '_a6_': 1.0, '_a7_': 1.0}};{'d0': 0.11895310914218778};-186.752225760700;47.41755724513399
946;-45.9585556352158;abs(((pow2(x1) + ((x1 + _a2_) / (_a3_ * _a4_))) / (_a4_ * -(_a2_))));{'d0': {'_a2_': 3.341566379571757, '_a3_': -0.2003730669381348, '_a4_': 2.4322688897469686, '_a0_': 1.0, '_a1_': 1.0, '_a5_': 1.0, '_a6_': 1.0, '_a7_': 1.0}};{'d0': 0.11895310914218778};-186.752225760700;47.41755724513399
947;-45.9585556352158;abs(((pow2(x1) + ((x1 + _a2_) / (_a3_ * _a4_))) / (_a4_ * -(_a2_))));{'d0': {'_a2_': 3.341566379571757, '_a3_': -0.2003730669381348, '_a4_': 2.4322688897469686, '_a0_': 1.0, '_a1_': 1.0, '_a5_': 1.0, '_a6_': 1.0, '_a7_': 1.0}};{'d0': 0.11895310914218778};-186.752225760700;47.41755724513399
948;-45.9585556352158;abs(((pow2(x1) + ((x1 + _a2_) / (_a3_ * _a4_))) / (_a4_ * -(_a2_))));{'d0': {'_a2_': 3.341566379571757, '_a3_': -0.2003730669381348, '_a4_': 2.4322688897469686, '_a0_': 1.0, '_a1_': 1.0, '_a5_': 1.0, '_a6_': 1.0, '_a7_': 1.0}};{'d0': 0.11895310914218778};-186.752225760700;47.41755724513399
949;-45.9585556352158;abs(((pow2(x1) + ((x1 + _a2_) / (_a3_ * _a4_))) / (_a4_ * -(_a2_))));{'d0': {'_a2_': 3.341566379571757, '_a3_': -0.2003730669381348, '_a4_': 2.4322688897469686, '_a0_': 1.0, '_a1_': 1.0, '_a5_': 1.0, '_a6_': 1.0, '_a7_': 1.0}};{'d0': 0.11895310914218778};-186.752225760700;47.41755724513399
950;-45.9585556352158;abs(((pow2(x1) + ((x1 + _a2_) / (_a3_ * _a4_))) / (_a4_ * -(_a2_))));{'d0': {'_a2_': 3.341566379571757, '_a3_': -0.2003730669381348, '_a4_': 2.4322688897469686, '_a0_': 1.0, '_a1_': 1.0, '_a5_': 1.0, '_a6_': 1.0, '_a7_': 1.0}};{'d0': 0.11895310914218778};-186.752225760700;47.41755724513399
951;-45.9585556352158;abs(((pow2(x1) + ((x1 + _a2_) / (_a3_ * _a4_))) / (_a4_ * -(_a2_))));{'d0': {'_a2_': 3.341566379571757, '_a3_': -0.2003730669381348, '_a4_': 2.4322688897469686, '_a0_': 1.0, '_a1_': 1.0, '_a5_': 1.0, '_a6_': 1.0, '_a7_': 1.0}};{'d0': 0.11895310914218778};-186.752225760700;47.41755724513399
952;-45.9585556352158;abs(((pow2(x1) + ((x1 + _a2_) / (_a3_ * _a4_))) / (_a4_ * -(_a2_))));{'d0': {'_a2_': 3.341566379571757, '_a3_': -0.2003730669381348, '_a4_': 2.4322688897469686, '_a0_': 1.0, '_a1_': 1.0, '_a5_': 1.0, '_a6_': 1.0, '_a7_': 1.0}};{'d0': 0.11895310914218778};-186.752225760700;47.41755724513399
953;-45.9585556352158;abs(((pow2(x1) + ((x1 + _a2_) / (_a3_ * _a4_))) / (_a4_ * -(_a2_))));{'d0': {'_a2_': 3.341566379571757, '_a3_': -0.2003730669381348, '_a4_': 2.4322688897469686, '_a0_': 1.0, '_a1_': 1.0, '_a5_': 1.0, '_a6_': 1.0, '_a7_': 1.0}};{'d0': 0.11895310914218778};-186.752225760700;47.41755724513399
954;-45.9585556352158;abs(((pow2(x1) + ((x1 + _a2_) / (_a3_ * _a4_))) / (_a4_ * -(_a2_))));{'d0': {'_a2_': 3.341566379571757, '_a3_': -0.2003730669381348, '_a4_': 2.4322688897469686, '_a0_': 1.0, '_a1_': 1.0, '_a5_': 1.0, '_a6_': 1.0, '_a7_': 1.0}};{'d0': 0.11895310914218778};-186.752225760700;47.41755724513399
955;-45.9585556352158;abs(((pow2(x1) + ((x1 + _a2_) / (_a3_ * _a4_))) / (_a4_ * -(_a2_))));{'d0': {'_a2_': 3.341566379571757, '_a3_': -0.2003730669381348, '_a4_': 2.4322688897469686, '_a0_': 1.0, '_a1_': 1.0, '_a5_': 1.0, '_a6_': 1.0, '_a7_': 1.0}};{'d0': 0.11895310914218778};-186.752225760700;47.41755724513399
956;-45.9585556352158;abs(((pow2(x1) + ((x1 + _a2_) / (_a3_ * _a4_))) / (_a4_ * -(_a2_))));{'d0': {'_a2_': 3.341566379571757, '_a3_': -0.2003730669381348, '_a4_': 2.4322688897469686, '_a0_': 1.0, '_a1_': 1.0, '_a5_': 1.0, '_a6_': 1.0, '_a7_': 1.0}};{'d0': 0.11895310914218778};-186.752225760700;47.41755724513399
957;-45.9585556352158;abs(((pow2(x1) + ((x1 + _a2_) / (_a3_ * _a4_))) / (_a4_ * -(_a2_))));{'d0': {'_a2_': 3.341566379571757, '_a3_': -0.2003730669381348, '_a4_': 2.4322688897469686, '_a0_': 1.0, '_a1_': 1.0, '_a5_': 1.0, '_a6_': 1.0, '_a7_': 1.0}};{'d0': 0.11895310914218778};-186.752225760700;47.41755724513399
958;-45.9585556352158;abs(((pow2(x1) + ((x1 + _a2_) / (_a3_ * _a4_))) / (_a4_ * -(_a2_))));{'d0': {'_a2_': 3.341566379571757, '_a3_': -0.2003730669381348, '_a4_': 2.4322688897469686, '_a0_': 1.0, '_a1_': 1.0, '_a5_': 1.0, '_a6_': 1.0, '_a7_': 1.0}};{'d0': 0.11895310914218778};-186.752225760700;47.41755724513399
959;-45.9585556352158;abs(((pow2(x1) + ((x1 + _a2_) / (_a3_ * _a4_))) / (_a4_ * -(_a2_))));{'d0': {'_a2_': 3.341566379571757, '_a3_': -0.2003730669381348, '_a4_': 2.4322688897469686, '_a0_': 1.0, '_a1_': 1.0, '_a5_': 1.0, '_a6_': 1.0, '_a7_': 1.0}};{'d0': 0.11895310914218778};-186.752225760700;47.41755724513399
960;-45.9585556352158;abs(((pow2(x1) + ((x1 + _a2_) / (_a3_ * _a4_))) / (_a4_ * -(_a2_))));{'d0': {'_a2_': 3.341566379571757, '_a3_': -0.2003730669381348, '_a4_': 2.4322688897469686, '_a0_': 1.0, '_a1_': 1.0, '_a5_': 1.0, '_a6_': 1.0, '_a7_': 1.0}};{'d0': 0.11895310914218778};-186.752225760700;47.41755724513399
961;-45.9585556352158;abs(((pow2(x1) + ((x1 + _a2_) / (_a3_ * _a4_))) / (_a4_ * -(_a2_))));{'d0': {'_a2_': 3.341566379571757, '_a3_': -0.2003730669381348, '_a4_': 2.4322688897469686, '_a0_': 1.0, '_a1_': 1.0, '_a5_': 1.0, '_a6_': 1.0, '_a7_': 1.0}};{'d0': 0.11895310914218778};-186.752225760700;47.41755724513399
962;-45.9585556352158;abs(((pow2(x1) + ((x1 + _a2_) / (_a3_ * _a4_))) / (_a4_ * -(_a2_))));{'d0': {'_a2_': 3.341566379571757, '_a3_': -0.2003730669381348, '_a4_': 2.4322688897469686, '_a0_': 1.0, '_a1_': 1.0, '_a5_': 1.0, '_a6_': 1.0, '_a7_': 1.0}};{'d0': 0.11895310914218778};-186.752225760700;47.41755724513399
963;-45.9585556352158;abs(((pow2(x1) + ((x1 + _a2_) / (_a3_ * _a4_))) / (_a4_ * -(_a2_))));{'d0': {'_a2_': 3.341566379571757, '_a3_': -0.2003730669381348, '_a4_': 2.4322688897469686, '_a0_': 1.0, '_a1_': 1.0, '_a5_': 1.0, '_a6_': 1.0, '_a7_': 1.0}};{'d0': 0.11895310914218778};-186.752225760700;47.41755724513399
964;-45.9585556352158;abs(((pow2(x1) + ((x1 + _a2_) / (_a3_ * _a4_))) / (_a4_ * -(_a2_))));{'d0': {'_a2_': 3.341566379571757, '_a3_': -0.2003730669381348, '_a4_': 2.4322688897469686, '_a0_': 1.0, '_a1_': 1.0, '_a5_': 1.0, '_a6_': 1.0, '_a7_': 1.0}};{'d0': 0.11895310914218778};-186.752225760700;47.41755724513399
965;-45.9585556352158;abs(((pow2(x1) + ((x1 + _a2_) / (_a3_ * _a4_))) / (_a4_ * -(_a2_))));{'d0': {'_a2_': 3.341566379571757, '_a3_': -0.2003730669381348, '_a4_': 2.4322688897469686, '_a0_': 1.0, '_a1_': 1.0, '_a5_': 1.0, '_a6_': 1.0, '_a7_': 1.0}};{'d0': 0.11895310914218778};-186.752225760700;47.41755724513399
966;-45.9585556352158;abs(((pow2(x1) + ((x1 + _a2_) / (_a3_ * _a4_))) / (_a4_ * -(_a2_))));{'d0': {'_a2_': 3.341566379571757, '_a3_': -0.2003730669381348, '_a4_': 2.4322688897469686, '_a0_': 1.0, '_a1_': 1.0, '_a5_': 1.0, '_a6_': 1.0, '_a7_': 1.0}};{'d0': 0.11895310914218778};-186.752225760700;47.41755724513399
967;-45.9585556352158;abs(((pow2(x1) + ((x1 + _a2_) / (_a3_ * _a4_))) / (_a4_ * -(_a2_))));{'d0': {'_a2_': 3.341566379571757, '_a3_': -0.2003730669381348, '_a4_': 2.4322688897469686, '_a0_': 1.0, '_a1_': 1.0, '_a5_': 1.0, '_a6_': 1.0, '_a7_': 1.0}};{'d0': 0.11895310914218778};-186.752225760700;47.41755724513399
968;-45.9585556352158;abs(((pow2(x1) + ((x1 + _a2_) / (_a3_ * _a4_))) / (_a4_ * -(_a2_))));{'d0': {'_a2_': 3.341566379571757, '_a3_': -0.2003730669381348, '_a4_': 2.4322688897469686, '_a0_': 1.0, '_a1_': 1.0, '_a5_': 1.0, '_a6_': 1.0, '_a7_': 1.0}};{'d0': 0.11895310914218778};-186.752225760700;47.41755724513399
969;-44.3737304666937;abs(((pow2(x1) + ((x1 + _a2_) / (_a3_ * _a4_))) / (_a2_ * -(_a2_))));{'d0': {'_a2_': 3.0987262544504506, '_a3_': -0.11135071633477892, '_a4_': 3.4724773209906736, '_a0_': 1.0, '_a1_': 1.0, '_a5_': 1.0, '_a6_': 1.0, '_a7_': 1.0}};{'d0': 0.12540605095351506};-183.582575423655;47.41755724513399
970;-44.3737304666937;abs(((pow2(x1) + ((x1 + _a2_) / (_a3_ * _a4_))) / (_a2_ * -(_a2_))));{'d0': {'_a2_': 3.0987262544504506, '_a3_': -0.11135071633477892, '_a4_': 3.4724773209906736, '_a0_': 1.0, '_a1_': 1.0, '_a5_': 1.0, '_a6_': 1.0, '_a7_': 1.0}};{'d0': 0.12540605095351506};-183.582575423655;47.41755724513399
971;-44.3737304666937;abs(((pow2(x1) + ((x1 + _a2_) / (_a3_ * _a4_))) / (_a2_ * -(_a2_))));{'d0': {'_a2_': 3.0987262544504506, '_a3_': -0.11135071633477892, '_a4_': 3.4724773209906736, '_a0_': 1.0, '_a1_': 1.0, '_a5_': 1.0, '_a6_': 1.0, '_a7_': 1.0}};{'d0': 0.12540605095351506};-183.582575423655;47.41755724513399
972;-44.3737304666937;abs(((pow2(x1) + ((x1 + _a2_) / (_a3_ * _a4_))) / (_a2_ * -(_a2_))));{'d0': {'_a2_': 3.0987262544504506, '_a3_': -0.11135071633477892, '_a4_': 3.4724773209906736, '_a0_': 1.0, '_a1_': 1.0, '_a5_': 1.0, '_a6_': 1.0, '_a7_': 1.0}};{'d0': 0.12540605095351506};-183.582575423655;47.41755724513399
973;-44.3737304666937;abs(((pow2(x1) + ((x1 + _a2_) / (_a3_ * _a4_))) / (_a2_ * -(_a2_))));{'d0': {'_a2_': 3.0987262544504506, '_a3_': -0.11135071633477892, '_a4_': 3.4724773209906736, '_a0_': 1.0, '_a1_': 1.0, '_a5_': 1.0, '_a6_': 1.0, '_a7_': 1.0}};{'d0': 0.12540605095351506};-183.582575423655;47.41755724513399
974;-44.3737304666937;abs(((pow2(x1) + ((x1 + _a2_) / (_a3_ * _a4_))) / (_a2_ * -(_a2_))));{'d0': {'_a2_': 3.0987262544504506, '_a3_': -0.11135071633477892, '_a4_': 3.4724773209906736, '_a0_': 1.0, '_a1_': 1.0, '_a5_': 1.0, '_a6_': 1.0, '_a7_': 1.0}};{'d0': 0.12540605095351506};-183.582575423655;47.41755724513399
975;-44.3737304666937;abs(((pow2(x1) + ((x1 + _a2_) / (_a3_ * _a4_))) / (_a2_ * -(_a2_))));{'d0': {'_a2_': 3.0987262544504506, '_a3_': -0.11135071633477892, '_a4_': 3.4724773209906736, '_a0_': 1.0, '_a1_': 1.0, '_a5_': 1.0, '_a6_': 1.0, '_a7_': 1.0}};{'d0': 0.12540605095351506};-183.582575423655;47.41755724513399
976;-44.3737304666937;abs(((pow2(x1) + ((x1 + _a2_) / (_a3_ * _a4_))) / (_a2_ * -(_a2_))));{'d0': {'_a2_': 3.0987262544504506, '_a3_': -0.11135071633477892, '_a4_': 3.4724773209906736, '_a0_': 1.0, '_a1_': 1.0, '_a5_': 1.0, '_a6_': 1.0, '_a7_': 1.0}};{'d0': 0.12540605095351506};-183.582575423655;47.41755724513399
977;-44.3737304666937;abs(((pow2(x1) + ((x1 + _a2_) / (_a3_ * _a4_))) / (_a2_ * -(_a2_))));{'d0': {'_a2_': 3.0987262544504506, '_a3_': -0.11135071633477892, '_a4_': 3.4724773209906736, '_a0_': 1.0, '_a1_': 1.0, '_a5_': 1.0, '_a6_': 1.0, '_a7_': 1.0}};{'d0': 0.12540605095351506};-183.582575423655;47.41755724513399
978;-44.3737304666937;abs(((pow2(x1) + ((x1 + _a2_) / (_a3_ * _a4_))) / (_a2_ * -(_a2_))));{'d0': {'_a2_': 3.0987262544504506, '_a3_': -0.11135071633477892, '_a4_': 3.4724773209906736, '_a0_': 1.0, '_a1_': 1.0, '_a5_': 1.0, '_a6_': 1.0, '_a7_': 1.0}};{'d0': 0.12540605095351506};-183.582575423655;47.41755724513399
979;-44.3737304666937;abs(((pow2(x1) + ((x1 + _a2_) / (_a3_ * _a4_))) / (_a2_ * -(_a2_))));{'d0': {'_a2_': 3.0987262544504506, '_a3_': -0.11135071633477892, '_a4_': 3.4724773209906736, '_a0_': 1.0, '_a1_': 1.0, '_a5_': 1.0, '_a6_': 1.0, '_a7_': 1.0}};{'d0': 0.12540605095351506};-183.582575423655;47.41755724513399
980;-44.3737304666937;abs(((pow2(x1) + ((x1 + _a2_) / (_a3_ * _a4_))) / (_a2_ * -(_a2_))));{'d0': {'_a2_': 3.0987262544504506, '_a3_': -0.11135071633477892, '_a4_': 3.4724773209906736, '_a0_': 1.0, '_a1_': 1.0, '_a5_': 1.0, '_a6_': 1.0, '_a7_': 1.0}};{'d0': 0.12540605095351506};-183.582575423655;47.41755724513399
981;-44.3737304666937;abs(((pow2(x1) + ((x1 + _a2_) / (_a3_ * _a4_))) / (_a2_ * -(_a2_))));{'d0': {'_a2_': 3.0987262544504506, '_a3_': -0.11135071633477892, '_a4_': 3.4724773209906736, '_a0_': 1.0, '_a1_': 1.0, '_a5_': 1.0, '_a6_': 1.0, '_a7_': 1.0}};{'d0': 0.12540605095351506};-183.582575423655;47.41755724513399
982;-44.3737304666937;abs(((pow2(x1) + ((x1 + _a2_) / (_a3_ * _a4_))) / (_a2_ * -(_a2_))));{'d0': {'_a2_': 3.0987262544504506, '_a3_': -0.11135071633477892, '_a4_': 3.4724773209906736, '_a0_': 1.0, '_a1_': 1.0, '_a5_': 1.0, '_a6_': 1.0, '_a7_': 1.0}};{'d0': 0.12540605095351506};-183.582575423655;47.41755724513399
983;-44.3737304666937;abs(((pow2(x1) + ((x1 + _a2_) / (_a3_ * _a4_))) / (_a2_ * -(_a2_))));{'d0': {'_a2_': 3.0987262544504506, '_a3_': -0.11135071633477892, '_a4_': 3.4724773209906736, '_a0_': 1.0, '_a1_': 1.0, '_a5_': 1.0, '_a6_': 1.0, '_a7_': 1.0}};{'d0': 0.12540605095351506};-183.582575423655;47.41755724513399
984;-44.3737304666937;abs(((pow2(x1) + ((x1 + _a2_) / (_a3_ * _a4_))) / (_a2_ * -(_a2_))));{'d0': {'_a2_': 3.0987262544504506, '_a3_': -0.11135071633477892, '_a4_': 3.4724773209906736, '_a0_': 1.0, '_a1_': 1.0, '_a5_': 1.0, '_a6_': 1.0, '_a7_': 1.0}};{'d0': 0.12540605095351506};-183.582575423655;47.41755724513399
985;-44.3737304666937;abs(((pow2(x1) + ((x1 + _a2_) / (_a3_ * _a4_))) / (_a2_ * -(_a2_))));{'d0': {'_a2_': 3.0987262544504506, '_a3_': -0.11135071633477892, '_a4_': 3.4724773209906736, '_a0_': 1.0, '_a1_': 1.0, '_a5_': 1.0, '_a6_': 1.0, '_a7_': 1.0}};{'d0': 0.12540605095351506};-183.582575423655;47.41755724513399
986;-44.3737304666937;abs(((pow2(x1) + ((x1 + _a2_) / (_a3_ * _a4_))) / (_a2_ * -(_a2_))));{'d0': {'_a2_': 3.0987262544504506, '_a3_': -0.11135071633477892, '_a4_': 3.4724773209906736, '_a0_': 1.0, '_a1_': 1.0, '_a5_': 1.0, '_a6_': 1.0, '_a7_': 1.0}};{'d0': 0.12540605095351506};-183.582575423655;47.41755724513399
987;-44.3737304666937;abs(((pow2(x1) + ((x1 + _a2_) / (_a3_ * _a4_))) / (_a2_ * -(_a2_))));{'d0': {'_a2_': 3.0987262544504506, '_a3_': -0.11135071633477892, '_a4_': 3.4724773209906736, '_a0_': 1.0, '_a1_': 1.0, '_a5_': 1.0, '_a6_': 1.0, '_a7_': 1.0}};{'d0': 0.12540605095351506};-183.582575423655;47.41755724513399
988;-44.3737304666937;abs(((pow2(x1) + ((x1 + _a2_) / (_a3_ * _a4_))) / (_a2_ * -(_a2_))));{'d0': {'_a2_': 3.0987262544504506, '_a3_': -0.11135071633477892, '_a4_': 3.4724773209906736, '_a0_': 1.0, '_a1_': 1.0, '_a5_': 1.0, '_a6_': 1.0, '_a7_': 1.0}};{'d0': 0.12540605095351506};-183.582575423655;47.41755724513399
989;-44.3737304666937;abs(((pow2(x1) + ((x1 + _a2_) / (_a3_ * _a4_))) / (_a2_ * -(_a2_))));{'d0': {'_a2_': 3.0987262544504506, '_a3_': -0.11135071633477892, '_a4_': 3.4724773209906736, '_a0_': 1.0, '_a1_': 1.0, '_a5_': 1.0, '_a6_': 1.0, '_a7_': 1.0}};{'d0': 0.12540605095351506};-183.582575423655;47.41755724513399
990;-41.0810397374217;abs(((pow2(x1) + ((x1 + _a2_) / (_a3_ * sqrt(_a2_)))) / (_a2_ * -(_a2_))));{'d0': {'_a2_': 3.0987262281579273, '_a3_': -0.21965489636616461, '_a0_': 1.0, '_a1_': 1.0, '_a4_': 1.0, '_a5_': 1.0, '_a6_': 1.0, '_a7_': 1.0}};{'d0': 0.12540605095294283};-187.676919986151;52.75742025565399
991;-41.0810397374217;abs(((pow2(x1) + ((x1 + _a2_) / (_a3_ * sqrt(_a2_)))) / (_a2_ * -(_a2_))));{'d0': {'_a2_': 3.0987262281579273, '_a3_': -0.21965489636616461, '_a0_': 1.0, '_a1_': 1.0, '_a4_': 1.0, '_a5_': 1.0, '_a6_': 1.0, '_a7_': 1.0}};{'d0': 0.12540605095294283};-187.676919986151;52.75742025565399
992;-40.4037476907710;abs(((pow2(x1) + ((x1 + _a2_) / (_a3_ * sqrt(_a2_)))) / (_a7_ * -(_a2_))));{'d0': {'_a2_': 3.321886148049701, '_a3_': -0.2556227501092108, '_a7_': 2.5512110696292507, '_a0_': 1.0, '_a1_': 1.0, '_a4_': 1.0, '_a5_': 1.0, '_a6_': 1.0}};{'d0': 0.11980844860402629};-186.322335892850;52.75742025565399
993;-40.4037476907710;abs(((pow2(x1) + ((x1 + _a2_) / (_a3_ * sqrt(_a2_)))) / (_a7_ * -(_a2_))));{'d0': {'_a2_': 3.321886148049701, '_a3_': -0.2556227501092108, '_a7_': 2.5512110696292507, '_a0_': 1.0, '_a1_': 1.0, '_a4_': 1.0, '_a5_': 1.0, '_a6_': 1.0}};{'d0': 0.11980844860402629};-186.322335892850;52.75742025565399
994;-40.4037476907710;abs(((pow2(x1) + ((x1 + _a2_) / (_a3_ * sqrt(_a2_)))) / (_a7_ * -(_a2_))));{'d0': {'_a2_': 3.321886148049701, '_a3_': -0.2556227501092108, '_a7_': 2.5512110696292507, '_a0_': 1.0, '_a1_': 1.0, '_a4_': 1.0, '_a5_': 1.0, '_a6_': 1.0}};{'d0': 0.11980844860402629};-186.322335892850;52.75742025565399
995;-40.4037476907710;abs(((pow2(x1) + ((x1 + _a2_) / (_a3_ * sqrt(_a2_)))) / (_a7_ * -(_a2_))));{'d0': {'_a2_': 3.321886148049701, '_a3_': -0.2556227501092108, '_a7_': 2.5512110696292507, '_a0_': 1.0, '_a1_': 1.0, '_a4_': 1.0, '_a5_': 1.0, '_a6_': 1.0}};{'d0': 0.11980844860402629};-186.322335892850;52.75742025565399
996;-40.4037476907710;abs(((pow2(x1) + ((x1 + _a2_) / (_a3_ * sqrt(_a2_)))) / (_a7_ * -(_a2_))));{'d0': {'_a2_': 3.321886148049701, '_a3_': -0.2556227501092108, '_a7_': 2.5512110696292507, '_a0_': 1.0, '_a1_': 1.0, '_a4_': 1.0, '_a5_': 1.0, '_a6_': 1.0}};{'d0': 0.11980844860402629};-186.322335892850;52.75742025565399
997;-44.9435990875265;abs(((x1 / ((_a0_ / (-(_a2_) * (_a6_ ** _a6_))) + x1)) + _a6_));{'d0': {'_a0_': -1827841278845582.0, '_a2_': 545123682729906.75, '_a6_': 0.820664282200319, '_a1_': 1.0, '_a3_': 1.0, '_a4_': 1.0, '_a5_': 1.0, '_a7_': 1.0}};{'d0': 0.1308251425919882};-181.044289706675;45.57854576581098
998;-44.9435990875265;abs(((x1 / ((_a0_ / (-(_a2_) * (_a6_ ** _a6_))) + x1)) + _a6_));{'d0': {'_a0_': -1827841278845582.0, '_a2_': 545123682729906.75, '_a6_': 0.820664282200319, '_a1_': 1.0, '_a3_': 1.0, '_a4_': 1.0, '_a5_': 1.0, '_a7_': 1.0}};{'d0': 0.1308251425919882};-181.044289706675;45.57854576581098
999;-44.9435990875265;abs(((x1 / ((_a0_ / (-(_a2_) * (_a6_ ** _a6_))) + x1)) + _a6_));{'d0': {'_a0_': -1827841278845582.0, '_a2_': 545123682729906.75, '_a6_': 0.820664282200319, '_a1_': 1.0, '_a3_': 1.0, '_a4_': 1.0, '_a5_': 1.0, '_a7_': 1.0}};{'d0': 0.1308251425919882};-181.044289706675;45.57854576581098
1000;-44.9435990875265;abs(((x1 / ((_a0_ / (-(_a2_) * (_a6_ ** _a6_))) + x1)) + _a6_));{'d0': {'_a0_': -1827841278845582.0, '_a2_': 545123682729906.75, '_a6_': 0.820664282200319, '_a1_': 1.0, '_a3_': 1.0, '_a4_': 1.0, '_a5_': 1.0, '_a7_': 1.0}};{'d0': 0.1308251425919882};-181.044289706675;45.57854576581098
1001;-44.9435990875265;abs(((x1 / ((_a0_ / (-(_a2_) * (_a6_ ** _a6_))) + x1)) + _a6_));{'d0': {'_a0_': -1827841278845582.0, '_a2_': 545123682729906.75, '_a6_': 0.820664282200319, '_a1_': 1.0, '_a3_': 1.0, '_a4_': 1.0, '_a5_': 1.0, '_a7_': 1.0}};{'d0': 0.1308251425919882};-181.044289706675;45.57854576581098
1002;-44.9435990875265;abs(((x1 / ((_a0_ / (-(_a2_) * (_a6_ ** _a6_))) + x1)) + _a6_));{'d0': {'_a0_': -1827841278845582.0, '_a2_': 545123682729906.75, '_a6_': 0.820664282200319, '_a1_': 1.0, '_a3_': 1.0, '_a4_': 1.0, '_a5_': 1.0, '_a7_': 1.0}};{'d0': 0.1308251425919882};-181.044289706675;45.57854576581098
1003;-44.9435990875265;abs(((x1 / ((_a0_ / (-(_a2_) * (_a6_ ** _a6_))) + x1)) + _a6_));{'d0': {'_a0_': -1827841278845582.0, '_a2_': 545123682729906.75, '_a6_': 0.820664282200319, '_a1_': 1.0, '_a3_': 1.0, '_a4_': 1.0, '_a5_': 1.0, '_a7_': 1.0}};{'d0': 0.1308251425919882};-181.044289706675;45.57854576581098
1004;-42.8964268065724;abs(((x1 / ((_a0_ / (-(_a2_) * (_a6_ ** _a6_))) + x1)) + _a5_));{'d0': {'_a0_': -2147978808226497.0, '_a2_': 755545567754676.5, '_a5_': 0.8206642667382472, '_a6_': 0.5538899434830276, '_a1_': 1.0, '_a3_': 1.0, '_a4_': 1.0, '_a7_': 1.0}};{'d0': 0.1308251425913039};-176.949945144767;45.57854576581098
1005;-42.8964268065724;abs(((x1 / ((_a0_ / (-(_a2_) * (_a6_ ** _a6_))) + x1)) + _a5_));{'d0': {'_a0_': -2147978808226497.0, '_a2_': 755545567754676.5, '_a5_': 0.8206642667382472, '_a6_': 0.5538899434830276, '_a1_': 1.0, '_a3_': 1.0, '_a4_': 1.0, '_a7_': 1.0}};{'d0': 0.1308251425913039};-176.949945144767;45.57854576581098
1006;-42.8964268065724;abs(((x1 / ((_a0_ / (-(_a2_) * (_a6_ ** _a6_))) + x1)) + _a5_));{'d0': {'_a0_': -2147978808226497.0, '_a2_': 755545567754676.5, '_a5_': 0.8206642667382472, '_a6_': 0.5538899434830276, '_a1_': 1.0, '_a3_': 1.0, '_a4_': 1.0, '_a7_': 1.0}};{'d0': 0.1308251425913039};-176.949945144767;45.57854576581098
1007;-42.8964268065724;abs(((x1 / ((_a0_ / (-(_a2_) * (_a6_ ** _a6_))) + x1)) + _a5_));{'d0': {'_a0_': -2147978808226497.0, '_a2_': 755545567754676.5, '_a5_': 0.8206642667382472, '_a6_': 0.5538899434830276, '_a1_': 1.0, '_a3_': 1.0, '_a4_': 1.0, '_a7_': 1.0}};{'d0': 0.1308251425913039};-176.949945144767;45.57854576581098
1008;-42.8964268065724;abs(((x1 / ((_a0_ / (-(_a2_) * (_a6_ ** _a6_))) + x1)) + _a5_));{'d0': {'_a0_': -2147978808226497.0, '_a2_': 755545567754676.5, '_a5_': 0.8206642667382472, '_a6_': 0.5538899434830276, '_a1_': 1.0, '_a3_': 1.0, '_a4_': 1.0, '_a7_': 1.0}};{'d0': 0.1308251425913039};-176.949945144767;45.57854576581098
1009;-42.8964268065724;abs(((x1 / ((_a0_ / (-(_a2_) * (_a6_ ** _a6_))) + x1)) + _a5_));{'d0': {'_a0_': -2147978808226497.0, '_a2_': 755545567754676.5, '_a5_': 0.8206642667382472, '_a6_': 0.5538899434830276, '_a1_': 1.0, '_a3_': 1.0, '_a4_': 1.0, '_a7_': 1.0}};{'d0': 0.1308251425913039};-176.949945144767;45.57854576581098
1010;-42.8964268065724;abs(((x1 / ((_a0_ / (-(_a2_) * (_a6_ ** _a6_))) + x1)) + _a5_));{'d0': {'_a0_': -2147978808226497.0, '_a2_': 755545567754676.5, '_a5_': 0.8206642667382472, '_a6_': 0.5538899434830276, '_a1_': 1.0, '_a3_': 1.0, '_a4_': 1.0, '_a7_': 1.0}};{'d0': 0.1308251425913039};-176.949945144767;45.57854576581098
1011;-42.8964268065724;abs(((x1 / ((_a0_ / (-(_a2_) * (_a6_ ** _a6_))) + x1)) + _a5_));{'d0': {'_a0_': -2147978808226497.0, '_a2_': 755545567754676.5, '_a5_': 0.8206642667382472, '_a6_': 0.5538899434830276, '_a1_': 1.0, '_a3_': 1.0, '_a4_': 1.0, '_a7_': 1.0}};{'d0': 0.1308251425913039};-176.949945144767;45.57854576581098
1012;-42.8964268065724;abs(((x1 / ((_a0_ / (-(_a2_) * (_a6_ ** _a6_))) + x1)) + _a5_));{'d0': {'_a0_': -2147978808226497.0, '_a2_': 755545567754676.5, '_a5_': 0.8206642667382472, '_a6_': 0.5538899434830276, '_a1_': 1.0, '_a3_': 1.0, '_a4_': 1.0, '_a7_': 1.0}};{'d0': 0.1308251425913039};-176.949945144767;45.57854576581098
1013;-42.8964268065724;abs(((x1 / ((_a0_ / (-(_a2_) * (_a6_ ** _a6_))) + x1)) + _a5_));{'d0': {'_a0_': -2147978808226497.0, '_a2_': 755545567754676.5, '_a5_': 0.8206642667382472, '_a6_': 0.5538899434830276, '_a1_': 1.0, '_a3_': 1.0, '_a4_': 1.0, '_a7_': 1.0}};{'d0': 0.1308251425913039};-176.949945144767;45.57854576581098
1014;-42.8964268065724;abs(((x1 / ((_a0_ / (-(_a2_) * (_a6_ ** _a6_))) + x1)) + _a5_));{'d0': {'_a0_': -2147978808226497.0, '_a2_': 755545567754676.5, '_a5_': 0.8206642667382472, '_a6_': 0.5538899434830276, '_a1_': 1.0, '_a3_': 1.0, '_a4_': 1.0, '_a7_': 1.0}};{'d0': 0.1308251425913039};-176.949945144767;45.57854576581098
1015;-42.8964268065724;abs(((x1 / ((_a0_ / (-(_a2_) * (_a6_ ** _a6_))) + x1)) + _a5_));{'d0': {'_a0_': -2147978808226497.0, '_a2_': 755545567754676.5, '_a5_': 0.8206642667382472, '_a6_': 0.5538899434830276, '_a1_': 1.0, '_a3_': 1.0, '_a4_': 1.0, '_a7_': 1.0}};{'d0': 0.1308251425913039};-176.949945144767;45.57854576581098
1016;-42.8964268065724;abs(((x1 / ((_a0_ / (-(_a2_) * (_a6_ ** _a6_))) + x1)) + _a5_));{'d0': {'_a0_': -2147978808226497.0, '_a2_': 755545567754676.5, '_a5_': 0.8206642667382472, '_a6_': 0.5538899434830276, '_a1_': 1.0, '_a3_': 1.0, '_a4_': 1.0, '_a7_': 1.0}};{'d0': 0.1308251425913039};-176.949945144767;45.57854576581098
1017;-42.8964268065724;abs(((x1 / ((_a0_ / (-(_a2_) * (_a6_ ** _a6_))) + x1)) + _a5_));{'d0': {'_a0_': -2147978808226497.0, '_a2_': 755545567754676.5, '_a5_': 0.8206642667382472, '_a6_': 0.5538899434830276, '_a1_': 1.0, '_a3_': 1.0, '_a4_': 1.0, '_a7_': 1.0}};{'d0': 0.1308251425913039};-176.949945144767;45.57854576581098
1018;-42.8964268065724;abs(((x1 / ((_a0_ / (-(_a2_) * (_a6_ ** _a6_))) + x1)) + _a5_));{'d0': {'_a0_': -2147978808226497.0, '_a2_': 755545567754676.5, '_a5_': 0.8206642667382472, '_a6_': 0.5538899434830276, '_a1_': 1.0, '_a3_': 1.0, '_a4_': 1.0, '_a7_': 1.0}};{'d0': 0.1308251425913039};-176.949945144767;45.57854576581098
1019;-42.8964268065724;abs(((x1 / ((_a0_ / (-(_a2_) * (_a6_ ** _a6_))) + x1)) + _a5_));{'d0': {'_a0_': -2147978808226497.0, '_a2_': 755545567754676.5, '_a5_': 0.8206642667382472, '_a6_': 0.5538899434830276, '_a1_': 1.0, '_a3_': 1.0, '_a4_': 1.0, '_a7_': 1.0}};{'d0': 0.1308251425913039};-176.949945144767;45.57854576581098
1020;-42.8964268065724;abs(((x1 / ((_a0_ / (-(_a2_) * (_a6_ ** _a6_))) + x1)) + _a5_));{'d0': {'_a0_': -2147978808226497.0, '_a2_': 755545567754676.5, '_a5_': 0.8206642667382472, '_a6_': 0.5538899434830276, '_a1_': 1.0, '_a3_': 1.0, '_a4_': 1.0, '_a7_': 1.0}};{'d0': 0.1308251425913039};-176.949945144767;45.57854576581098
1021;-42.8964268065724;abs(((x1 / ((_a0_ / (-(_a2_) * (_a6_ ** _a6_))) + x1)) + _a5_));{'d0': {'_a0_': -2147978808226497.0, '_a2_': 755545567754676.5, '_a5_': 0.8206642667382472, '_a6_': 0.5538899434830276, '_a1_': 1.0, '_a3_': 1.0, '_a4_': 1.0, '_a7_': 1.0}};{'d0': 0.1308251425913039};-176.949945144767;45.57854576581098
1022;-42.8964268065724;abs(((x1 / ((_a0_ / (-(_a2_) * (_a6_ ** _a6_))) + x1)) + _a5_));{'d0': {'_a0_': -2147978808226497.0, '_a2_': 755545567754676.5, '_a5_': 0.8206642667382472, '_a6_': 0.5538899434830276, '_a1_': 1.0, '_a3_': 1.0, '_a4_': 1.0, '_a7_': 1.0}};{'d0': 0.1308251425913039};-176.949945144767;45.57854576581098
1023;-42.8964268065724;abs(((x1 / ((_a0_ / (-(_a2_) * (_a6_ ** _a6_))) + x1)) + _a5_));{'d0': {'_a0_': -2147978808226497.0, '_a2_': 755545567754676.5, '_a5_': 0.8206642667382472, '_a6_': 0.5538899434830276, '_a1_': 1.0, '_a3_': 1.0, '_a4_': 1.0, '_a7_': 1.0}};{'d0': 0.1308251425913039};-176.949945144767;45.57854576581098
1024;-42.8964268065724;abs(((x1 / ((_a0_ / (-(_a2_) * (_a6_ ** _a6_))) + x1)) + _a5_));{'d0': {'_a0_': -2147978808226497.0, '_a2_': 755545567754676.5, '_a5_': 0.8206642667382472, '_a6_': 0.5538899434830276, '_a1_': 1.0, '_a3_': 1.0, '_a4_': 1.0, '_a7_': 1.0}};{'d0': 0.1308251425913039};-176.949945144767;45.57854576581098
1025;-42.8964268065724;abs(((x1 / ((_a0_ / (-(_a2_) * (_a6_ ** _a6_))) + x1)) + _a5_));{'d0': {'_a0_': -2147978808226497.0, '_a2_': 755545567754676.5, '_a5_': 0.8206642667382472, '_a6_': 0.5538899434830276, '_a1_': 1.0, '_a3_': 1.0, '_a4_': 1.0, '_a7_': 1.0}};{'d0': 0.1308251425913039};-176.949945144767;45.57854576581098
1026;-42.8964268065724;abs(((x1 / ((_a0_ / (-(_a2_) * (_a6_ ** _a6_))) + x1)) + _a5_));{'d0': {'_a0_': -2147978808226497.0, '_a2_': 755545567754676.5, '_a5_': 0.8206642667382472, '_a6_': 0.5538899434830276, '_a1_': 1.0, '_a3_': 1.0, '_a4_': 1.0, '_a7_': 1.0}};{'d0': 0.1308251425913039};-176.949945144767;45.57854576581098
1027;-42.8964268065724;abs(((x1 / ((_a0_ / (-(_a2_) * (_a6_ ** _a6_))) + x1)) + _a5_));{'d0': {'_a0_': -2147978808226497.0, '_a2_': 755545567754676.5, '_a5_': 0.8206642667382472, '_a6_': 0.5538899434830276, '_a1_': 1.0, '_a3_': 1.0, '_a4_': 1.0, '_a7_': 1.0}};{'d0': 0.1308251425913039};-176.949945144767;45.57854576581098
1028;-42.8964268065724;abs(((x1 / ((_a0_ / (-(_a2_) * (_a6_ ** _a6_))) + x1)) + _a5_));{'d0': {'_a0_': -2147978808226497.0, '_a2_': 755545567754676.5, '_a5_': 0.8206642667382472, '_a6_': 0.5538899434830276, '_a1_': 1.0, '_a3_': 1.0, '_a4_': 1.0, '_a7_': 1.0}};{'d0': 0.1308251425913039};-176.949945144767;45.57854576581098
1029;-42.8964268065724;abs(((x1 / ((_a0_ / (-(_a2_) * (_a6_ ** _a6_))) + x1)) + _a5_));{'d0': {'_a0_': -2147978808226497.0, '_a2_': 755545567754676.5, '_a5_': 0.8206642667382472, '_a6_': 0.5538899434830276, '_a1_': 1.0, '_a3_': 1.0, '_a4_': 1.0, '_a7_': 1.0}};{'d0': 0.1308251425913039};-176.949945144767;45.57854576581098
1030;-42.8964268065724;abs(((x1 / ((_a0_ / (-(_a2_) * (_a6_ ** _a6_))) + x1)) + _a5_));{'d0': {'_a0_': -2147978808226497.0, '_a2_': 755545567754676.5, '_a5_': 0.8206642667382472, '_a6_': 0.5538899434830276, '_a1_': 1.0, '_a3_': 1.0, '_a4_': 1.0, '_a7_': 1.0}};{'d0': 0.1308251425913039};-176.949945144767;45.57854576581098
1031;-70.9816811637120;((_a2_ ** (exp(_a0_) ** x1)) / _a6_);{'d0': {'_a0_': -1.6688659271843096, '_a2_': 0.869157401319919, '_a6_': 1.0174247465970896, '_a1_': 1.0, '_a3_': 1.0, '_a4_': 1.0, '_a5_': 1.0, '_a7_': 1.0}};{'d0': 0.11091474894966186};-190.950275513949;24.493456593262398
1032;-70.9816811637120;((_a2_ ** (exp(_a0_) ** x1)) / _a6_);{'d0': {'_a0_': -1.6688659271843096, '_a2_': 0.869157401319919, '_a6_': 1.0174247465970896, '_a1_': 1.0, '_a3_': 1.0, '_a4_': 1.0, '_a5_': 1.0, '_a7_': 1.0}};{'d0': 0.11091474894966186};-190.950275513949;24.493456593262398
1033;-70.9816811637120;((_a2_ ** (exp(_a0_) ** x1)) / _a6_);{'d0': {'_a0_': -1.6688659271843096, '_a2_': 0.869157401319919, '_a6_': 1.0174247465970896, '_a1_': 1.0, '_a3_': 1.0, '_a4_': 1.0, '_a5_': 1.0, '_a7_': 1.0}};{'d0': 0.11091474894966186};-190.950275513949;24.493456593262398
1034;-76.3477492969061;((_a2_ ** (_a1_ ** x1)) / _a6_);{'d0': {'_a1_': 0.18846293183179894, '_a2_': 0.869155385309493, '_a6_': 1.0174227209308386, '_a0_': 1.0, '_a3_': 1.0, '_a4_': 1.0, '_a5_': 1.0, '_a7_': 1.0}};{'d0': 0.11091474895508151};-190.950275511017;19.127388458602397
1035;-76.3477492969061;((_a2_ ** (_a1_ ** x1)) / _a6_);{'d0': {'_a1_': 0.18846293183179894, '_a2_': 0.869155385309493, '_a6_': 1.0174227209308386, '_a0_': 1.0, '_a3_': 1.0, '_a4_': 1.0, '_a5_': 1.0, '_a7_': 1.0}};{'d0': 0.11091474895508151};-190.950275511017;19.127388458602397
1036;-76.3477492969061;((_a2_ ** (_a1_ ** x1)) / _a6_);{'d0': {'_a1_': 0.18846293183179894, '_a2_': 0.869155385309493, '_a6_': 1.0174227209308386, '_a0_': 1.0, '_a3_': 1.0, '_a4_': 1.0, '_a5_': 1.0, '_a7_': 1.0}};{'d0': 0.11091474895508151};-190.950275511017;19.127388458602397
1037;-76.3477492969061;((_a2_ ** (_a1_ ** x1)) / _a6_);{'d0': {'_a1_': 0.18846293183179894, '_a2_': 0.869155385309493, '_a6_': 1.0174227209308386, '_a0_': 1.0, '_a3_': 1.0, '_a4_': 1.0, '_a5_': 1.0, '_a7_': 1.0}};{'d0': 0.11091474895508151};-190.950275511017;19.127388458602397
1038;-76.3477492969061;((_a2_ ** (_a1_ ** x1)) / _a6_);{'d0': {'_a1_': 0.18846293183179894, '_a2_': 0.869155385309493, '_a6_': 1.0174227209308386, '_a0_': 1.0, '_a3_': 1.0, '_a4_': 1.0, '_a5_': 1.0, '_a7_': 1.0}};{'d0': 0.11091474895508151};-190.950275511017;19.127388458602397
1039;-76.3477492969061;((_a2_ ** (_a1_ ** x1)) / _a6_);{'d0': {'_a1_': 0.18846293183179894, '_a2_': 0.869155385309493, '_a6_': 1.0174227209308386, '_a0_': 1.0, '_a3_': 1.0, '_a4_': 1.0, '_a5_': 1.0, '_a7_': 1.0}};{'d0': 0.11091474895508151};-190.950275511017;19.127388458602397
1040;-76.3477492969061;((_a2_ ** (_a1_ ** x1)) / _a6_);{'d0': {'_a1_': 0.18846293183179894, '_a2_': 0.869155385309493, '_a6_': 1.0174227209308386, '_a0_': 1.0, '_a3_': 1.0, '_a4_': 1.0, '_a5_': 1.0, '_a7_': 1.0}};{'d0': 0.11091474895508151};-190.950275511017;19.127388458602397
1041;-76.3901711328979;((_a2_ ** (_a1_ ** x1)) + _a6_);{'d0': {'_a1_': 0.19544810241223223, '_a2_': 0.8671406561396694, '_a6_': -0.01411271439969551, '_a0_': 1.0, '_a3_': 1.0, '_a4_': 1.0, '_a5_': 1.0, '_a7_': 1.0}};{'d0': 0.1103147350695225};-191.275737748256;19.24769774123
1042;-76.3901711328979;((_a2_ ** (_a1_ ** x1)) + _a6_);{'d0': {'_a1_': 0.19544810241223223, '_a2_': 0.8671406561396694, '_a6_': -0.01411271439969551, '_a0_': 1.0, '_a3_': 1.0, '_a4_': 1.0, '_a5_': 1.0, '_a7_': 1.0}};{'d0': 0.1103147350695225};-191.275737748256;19.24769774123
1043;-76.3901711328979;((_a2_ ** (_a1_ ** x1)) + _a6_);{'d0': {'_a1_': 0.19544810241223223, '_a2_': 0.8671406561396694, '_a6_': -0.01411271439969551, '_a0_': 1.0, '_a3_': 1.0, '_a4_': 1.0, '_a5_': 1.0, '_a7_': 1.0}};{'d0': 0.1103147350695225};-191.275737748256;19.24769774123
1044;-76.3901711328979;((_a2_ ** (_a1_ ** x1)) + _a6_);{'d0': {'_a1_': 0.19544810241223223, '_a2_': 0.8671406561396694, '_a6_': -0.01411271439969551, '_a0_': 1.0, '_a3_': 1.0, '_a4_': 1.0, '_a5_': 1.0, '_a7_': 1.0}};{'d0': 0.1103147350695225};-191.275737748256;19.24769774123
1045;-76.3901711328979;((_a2_ ** (_a1_ ** x1)) + _a6_);{'d0': {'_a1_': 0.19544810241223223, '_a2_': 0.8671406561396694, '_a6_': -0.01411271439969551, '_a0_': 1.0, '_a3_': 1.0, '_a4_': 1.0, '_a5_': 1.0, '_a7_': 1.0}};{'d0': 0.1103147350695225};-191.275737748256;19.24769774123
1046;-76.3477492969061;((_a2_ ** (_a1_ ** x1)) / _a6_);{'d0': {'_a1_': 0.18846293183179894, '_a2_': 0.869155385309493, '_a6_': 1.0174227209308386, '_a0_': 1.0, '_a3_': 1.0, '_a4_': 1.0, '_a5_': 1.0, '_a7_': 1.0}};{'d0': 0.11091474895508151};-190.950275511017;19.127388458602397
1047;-76.3477492969061;((_a2_ ** (_a1_ ** x1)) / _a6_);{'d0': {'_a1_': 0.18846293183179894, '_a2_': 0.869155385309493, '_a6_': 1.0174227209308386, '_a0_': 1.0, '_a3_': 1.0, '_a4_': 1.0, '_a5_': 1.0, '_a7_': 1.0}};{'d0': 0.11091474895508151};-190.950275511017;19.127388458602397
1048;-76.3477492969061;((_a2_ ** (_a1_ ** x1)) / _a6_);{'d0': {'_a1_': 0.18846293183179894, '_a2_': 0.869155385309493, '_a6_': 1.0174227209308386, '_a0_': 1.0, '_a3_': 1.0, '_a4_': 1.0, '_a5_': 1.0, '_a7_': 1.0}};{'d0': 0.11091474895508151};-190.950275511017;19.127388458602397
1049;-76.3477492969061;((_a2_ ** (_a1_ ** x1)) / _a6_);{'d0': {'_a1_': 0.18846293183179894, '_a2_': 0.869155385309493, '_a6_': 1.0174227209308386, '_a0_': 1.0, '_a3_': 1.0, '_a4_': 1.0, '_a5_': 1.0, '_a7_': 1.0}};{'d0': 0.11091474895508151};-190.950275511017;19.127388458602397
1050;-76.3477492969061;((_a2_ ** (_a1_ ** x1)) / _a6_);{'d0': {'_a1_': 0.18846293183179894, '_a2_': 0.869155385309493, '_a6_': 1.0174227209308386, '_a0_': 1.0, '_a3_': 1.0, '_a4_': 1.0, '_a5_': 1.0, '_a7_': 1.0}};{'d0': 0.11091474895508151};-190.950275511017;19.127388458602397
1051;-76.3477492969061;((_a2_ ** (_a1_ ** x1)) / _a6_);{'d0': {'_a1_': 0.18846293183179894, '_a2_': 0.869155385309493, '_a6_': 1.0174227209308386, '_a0_': 1.0, '_a3_': 1.0, '_a4_': 1.0, '_a5_': 1.0, '_a7_': 1.0}};{'d0': 0.11091474895508151};-190.950275511017;19.127388458602397
1052;-76.3477492969061;((_a2_ ** (_a1_ ** x1)) / _a6_);{'d0': {'_a1_': 0.18846293183179894, '_a2_': 0.869155385309493, '_a6_': 1.0174227209308386, '_a0_': 1.0, '_a3_': 1.0, '_a4_': 1.0, '_a5_': 1.0, '_a7_': 1.0}};{'d0': 0.11091474895508151};-190.950275511017;19.127388458602397
1053;-76.3477492969061;((_a2_ ** (_a1_ ** x1)) / _a6_);{'d0': {'_a1_': 0.18846293183179894, '_a2_': 0.869155385309493, '_a6_': 1.0174227209308386, '_a0_': 1.0, '_a3_': 1.0, '_a4_': 1.0, '_a5_': 1.0, '_a7_': 1.0}};{'d0': 0.11091474895508151};-190.950275511017;19.127388458602397
1054;-45.6865463820896;abs(((x1 / ((_a0_ / (-(_a2_) * (_a6_ + _a6_))) + x1)) + _a6_));{'d0': {'_a0_': -3.941032005551586e+17, '_a2_': 6.088769641153726e+16, '_a6_': 0.820664284016267, '_a1_': 1.0, '_a3_': 1.0, '_a4_': 1.0, '_a5_': 1.0, '_a7_': 1.0}};{'d0': 0.13082514260292022};-181.044289701661;44.83559846874098
1055;-45.6865463820896;abs(((x1 / ((_a0_ / (-(_a2_) * (_a6_ + _a6_))) + x1)) + _a6_));{'d0': {'_a0_': -3.941032005551586e+17, '_a2_': 6.088769641153726e+16, '_a6_': 0.820664284016267, '_a1_': 1.0, '_a3_': 1.0, '_a4_': 1.0, '_a5_': 1.0, '_a7_': 1.0}};{'d0': 0.13082514260292022};-181.044289701661;44.83559846874098
1056;-45.6865463820896;abs(((x1 / ((_a0_ / (-(_a2_) * (_a6_ + _a6_))) + x1)) + _a6_));{'d0': {'_a0_': -3.941032005551586e+17, '_a2_': 6.088769641153726e+16, '_a6_': 0.820664284016267, '_a1_': 1.0, '_a3_': 1.0, '_a4_': 1.0, '_a5_': 1.0, '_a7_': 1.0}};{'d0': 0.13082514260292022};-181.044289701661;44.83559846874098
1057;-45.6865463820896;abs(((x1 / ((_a0_ / (-(_a2_) * (_a6_ + _a6_))) + x1)) + _a6_));{'d0': {'_a0_': -3.941032005551586e+17, '_a2_': 6.088769641153726e+16, '_a6_': 0.820664284016267, '_a1_': 1.0, '_a3_': 1.0, '_a4_': 1.0, '_a5_': 1.0, '_a7_': 1.0}};{'d0': 0.13082514260292022};-181.044289701661;44.83559846874098
1058;-45.6865463820896;abs(((x1 / ((_a0_ / (-(_a2_) * (_a6_ + _a6_))) + x1)) + _a6_));{'d0': {'_a0_': -3.941032005551586e+17, '_a2_': 6.088769641153726e+16, '_a6_': 0.820664284016267, '_a1_': 1.0, '_a3_': 1.0, '_a4_': 1.0, '_a5_': 1.0, '_a7_': 1.0}};{'d0': 0.13082514260292022};-181.044289701661;44.83559846874098
1059;-45.6865463820896;abs(((x1 / ((_a0_ / (-(_a2_) * (_a6_ + _a6_))) + x1)) + _a6_));{'d0': {'_a0_': -3.941032005551586e+17, '_a2_': 6.088769641153726e+16, '_a6_': 0.820664284016267, '_a1_': 1.0, '_a3_': 1.0, '_a4_': 1.0, '_a5_': 1.0, '_a7_': 1.0}};{'d0': 0.13082514260292022};-181.044289701661;44.83559846874098
1060;-45.6865463820896;abs(((x1 / ((_a0_ / (-(_a2_) * (_a6_ + _a6_))) + x1)) + _a6_));{'d0': {'_a0_': -3.941032005551586e+17, '_a2_': 6.088769641153726e+16, '_a6_': 0.820664284016267, '_a1_': 1.0, '_a3_': 1.0, '_a4_': 1.0, '_a5_': 1.0, '_a7_': 1.0}};{'d0': 0.13082514260292022};-181.044289701661;44.83559846874098
1061;-45.6865463820896;abs(((x1 / ((_a0_ / (-(_a2_) * (_a6_ + _a6_))) + x1)) + _a6_));{'d0': {'_a0_': -3.941032005551586e+17, '_a2_': 6.088769641153726e+16, '_a6_': 0.820664284016267, '_a1_': 1.0, '_a3_': 1.0, '_a4_': 1.0, '_a5_': 1.0, '_a7_': 1.0}};{'d0': 0.13082514260292022};-181.044289701661;44.83559846874098
1062;-45.6865463820896;abs(((x1 / ((_a0_ / (-(_a2_) * (_a6_ + _a6_))) + x1)) + _a6_));{'d0': {'_a0_': -3.941032005551586e+17, '_a2_': 6.088769641153726e+16, '_a6_': 0.820664284016267, '_a1_': 1.0, '_a3_': 1.0, '_a4_': 1.0, '_a5_': 1.0, '_a7_': 1.0}};{'d0': 0.13082514260292022};-181.044289701661;44.83559846874098
1063;-45.6865463820896;abs(((x1 / ((_a0_ / (-(_a2_) * (_a6_ + _a6_))) + x1)) + _a6_));{'d0': {'_a0_': -3.941032005551586e+17, '_a2_': 6.088769641153726e+16, '_a6_': 0.820664284016267, '_a1_': 1.0, '_a3_': 1.0, '_a4_': 1.0, '_a5_': 1.0, '_a7_': 1.0}};{'d0': 0.13082514260292022};-181.044289701661;44.83559846874098
1064;-45.6865463820896;abs(((x1 / ((_a0_ / (-(_a2_) * (_a6_ + _a6_))) + x1)) + _a6_));{'d0': {'_a0_': -3.941032005551586e+17, '_a2_': 6.088769641153726e+16, '_a6_': 0.820664284016267, '_a1_': 1.0, '_a3_': 1.0, '_a4_': 1.0, '_a5_': 1.0, '_a7_': 1.0}};{'d0': 0.13082514260292022};-181.044289701661;44.83559846874098
1065;-45.6865463820896;abs(((x1 / ((_a0_ / (-(_a2_) * (_a6_ + _a6_))) + x1)) + _a6_));{'d0': {'_a0_': -3.941032005551586e+17, '_a2_': 6.088769641153726e+16, '_a6_': 0.820664284016267, '_a1_': 1.0, '_a3_': 1.0, '_a4_': 1.0, '_a5_': 1.0, '_a7_': 1.0}};{'d0': 0.13082514260292022};-181.044289701661;44.83559846874098
1066;-45.6865463820896;abs(((x1 / ((_a0_ / (-(_a2_) * (_a6_ + _a6_))) + x1)) + _a6_));{'d0': {'_a0_': -3.941032005551586e+17, '_a2_': 6.088769641153726e+16, '_a6_': 0.820664284016267, '_a1_': 1.0, '_a3_': 1.0, '_a4_': 1.0, '_a5_': 1.0, '_a7_': 1.0}};{'d0': 0.13082514260292022};-181.044289701661;44.83559846874098
1067;-45.6865463820896;abs(((x1 / ((_a0_ / (-(_a2_) * (_a6_ + _a6_))) + x1)) + _a6_));{'d0': {'_a0_': -3.941032005551586e+17, '_a2_': 6.088769641153726e+16, '_a6_': 0.820664284016267, '_a1_': 1.0, '_a3_': 1.0, '_a4_': 1.0, '_a5_': 1.0, '_a7_': 1.0}};{'d0': 0.13082514260292022};-181.044289701661;44.83559846874098
1068;-45.6865463820896;abs(((x1 / ((_a0_ / (-(_a2_) * (_a6_ + _a6_))) + x1)) + _a6_));{'d0': {'_a0_': -3.941032005551586e+17, '_a2_': 6.088769641153726e+16, '_a6_': 0.820664284016267, '_a1_': 1.0, '_a3_': 1.0, '_a4_': 1.0, '_a5_': 1.0, '_a7_': 1.0}};{'d0': 0.13082514260292022};-181.044289701661;44.83559846874098
1069;-45.6865463820896;abs(((x1 / ((_a0_ / (-(_a2_) * (_a6_ + _a6_))) + x1)) + _a6_));{'d0': {'_a0_': -3.941032005551586e+17, '_a2_': 6.088769641153726e+16, '_a6_': 0.820664284016267, '_a1_': 1.0, '_a3_': 1.0, '_a4_': 1.0, '_a5_': 1.0, '_a7_': 1.0}};{'d0': 0.13082514260292022};-181.044289701661;44.83559846874098
1070;-83.7891065858169;(_a2_ ** (_a1_ ** x1));{'d0': {'_a1_': 0.20341217870806366, '_a2_': 0.855055500759432, '_a0_': 1.0, '_a3_': 1.0, '_a4_': 1.0, '_a5_': 1.0, '_a6_': 1.0, '_a7_': 1.0}};{'d0': 0.1124263983613155};-194.232406556034;13.327096692199998
1071;-83.7891065858169;(_a2_ ** (_a1_ ** x1));{'d0': {'_a1_': 0.20341217870806366, '_a2_': 0.855055500759432, '_a0_': 1.0, '_a3_': 1.0, '_a4_': 1.0, '_a5_': 1.0, '_a6_': 1.0, '_a7_': 1.0}};{'d0': 0.1124263983613155};-194.232406556034;13.327096692199998
1072;-83.7891065858169;(_a2_ ** (_a1_ ** x1));{'d0': {'_a1_': 0.20341217870806366, '_a2_': 0.855055500759432, '_a0_': 1.0, '_a3_': 1.0, '_a4_': 1.0, '_a5_': 1.0, '_a6_': 1.0, '_a7_': 1.0}};{'d0': 0.1124263983613155};-194.232406556034;13.327096692199998
1073;-83.7891065858169;(_a2_ ** (_a1_ ** x1));{'d0': {'_a1_': 0.20341217870806366, '_a2_': 0.855055500759432, '_a0_': 1.0, '_a3_': 1.0, '_a4_': 1.0, '_a5_': 1.0, '_a6_': 1.0, '_a7_': 1.0}};{'d0': 0.1124263983613155};-194.232406556034;13.327096692199998
1074;-83.7891065858169;(_a2_ ** (_a1_ ** x1));{'d0': {'_a1_': 0.20341217870806366, '_a2_': 0.855055500759432, '_a0_': 1.0, '_a3_': 1.0, '_a4_': 1.0, '_a5_': 1.0, '_a6_': 1.0, '_a7_': 1.0}};{'d0': 0.1124263983613155};-194.232406556034;13.327096692199998
1075;-83.7891065858169;(_a2_ ** (_a1_ ** x1));{'d0': {'_a1_': 0.20341217870806366, '_a2_': 0.855055500759432, '_a0_': 1.0, '_a3_': 1.0, '_a4_': 1.0, '_a5_': 1.0, '_a6_': 1.0, '_a7_': 1.0}};{'d0': 0.1124263983613155};-194.232406556034;13.327096692199998
1076;-83.7891065858169;(_a2_ ** (_a1_ ** x1));{'d0': {'_a1_': 0.20341217870806366, '_a2_': 0.855055500759432, '_a0_': 1.0, '_a3_': 1.0, '_a4_': 1.0, '_a5_': 1.0, '_a6_': 1.0, '_a7_': 1.0}};{'d0': 0.1124263983613155};-194.232406556034;13.327096692199998
1077;-83.7891065858169;(_a2_ ** (_a1_ ** x1));{'d0': {'_a1_': 0.20341217870806366, '_a2_': 0.855055500759432, '_a0_': 1.0, '_a3_': 1.0, '_a4_': 1.0, '_a5_': 1.0, '_a6_': 1.0, '_a7_': 1.0}};{'d0': 0.1124263983613155};-194.232406556034;13.327096692199998
1078;-83.7891065858169;(_a2_ ** (_a1_ ** x1));{'d0': {'_a1_': 0.20341217870806366, '_a2_': 0.855055500759432, '_a0_': 1.0, '_a3_': 1.0, '_a4_': 1.0, '_a5_': 1.0, '_a6_': 1.0, '_a7_': 1.0}};{'d0': 0.1124263983613155};-194.232406556034;13.327096692199998
1079;-83.7891065858169;(_a2_ ** (_a1_ ** x1));{'d0': {'_a1_': 0.20341217870806366, '_a2_': 0.855055500759432, '_a0_': 1.0, '_a3_': 1.0, '_a4_': 1.0, '_a5_': 1.0, '_a6_': 1.0, '_a7_': 1.0}};{'d0': 0.1124263983613155};-194.232406556034;13.327096692199998
1080;-83.7891065858169;(_a2_ ** (_a1_ ** x1));{'d0': {'_a1_': 0.20341217870806366, '_a2_': 0.855055500759432, '_a0_': 1.0, '_a3_': 1.0, '_a4_': 1.0, '_a5_': 1.0, '_a6_': 1.0, '_a7_': 1.0}};{'d0': 0.1124263983613155};-194.232406556034;13.327096692199998
1081;-83.7891065858169;(_a2_ ** (_a1_ ** x1));{'d0': {'_a1_': 0.20341217870806366, '_a2_': 0.855055500759432, '_a0_': 1.0, '_a3_': 1.0, '_a4_': 1.0, '_a5_': 1.0, '_a6_': 1.0, '_a7_': 1.0}};{'d0': 0.1124263983613155};-194.232406556034;13.327096692199998
1082;-83.7891065858169;(_a2_ ** (_a1_ ** x1));{'d0': {'_a1_': 0.20341217870806366, '_a2_': 0.855055500759432, '_a0_': 1.0, '_a3_': 1.0, '_a4_': 1.0, '_a5_': 1.0, '_a6_': 1.0, '_a7_': 1.0}};{'d0': 0.1124263983613155};-194.232406556034;13.327096692199998
1083;-83.7891065858169;(_a2_ ** (_a1_ ** x1));{'d0': {'_a1_': 0.20341217870806366, '_a2_': 0.855055500759432, '_a0_': 1.0, '_a3_': 1.0, '_a4_': 1.0, '_a5_': 1.0, '_a6_': 1.0, '_a7_': 1.0}};{'d0': 0.1124263983613155};-194.232406556034;13.327096692199998
1084;-83.7891065858169;(_a2_ ** (_a1_ ** x1));{'d0': {'_a1_': 0.20341217870806366, '_a2_': 0.855055500759432, '_a0_': 1.0, '_a3_': 1.0, '_a4_': 1.0, '_a5_': 1.0, '_a6_': 1.0, '_a7_': 1.0}};{'d0': 0.1124263983613155};-194.232406556034;13.327096692199998
1085;-83.7891065858169;(_a2_ ** (_a1_ ** x1));{'d0': {'_a1_': 0.20341217870806366, '_a2_': 0.855055500759432, '_a0_': 1.0, '_a3_': 1.0, '_a4_': 1.0, '_a5_': 1.0, '_a6_': 1.0, '_a7_': 1.0}};{'d0': 0.1124263983613155};-194.232406556034;13.327096692199998
1086;-83.7891065858169;(_a2_ ** (_a1_ ** x1));{'d0': {'_a1_': 0.20341217870806366, '_a2_': 0.855055500759432, '_a0_': 1.0, '_a3_': 1.0, '_a4_': 1.0, '_a5_': 1.0, '_a6_': 1.0, '_a7_': 1.0}};{'d0': 0.1124263983613155};-194.232406556034;13.327096692199998
1087;-83.7891065858169;(_a2_ ** (_a1_ ** x1));{'d0': {'_a1_': 0.20341217870806366, '_a2_': 0.855055500759432, '_a0_': 1.0, '_a3_': 1.0, '_a4_': 1.0, '_a5_': 1.0, '_a6_': 1.0, '_a7_': 1.0}};{'d0': 0.1124263983613155};-194.232406556034;13.327096692199998
1088;-83.7891065858169;(_a2_ ** (_a1_ ** x1));{'d0': {'_a1_': 0.20341217870806366, '_a2_': 0.855055500759432, '_a0_': 1.0, '_a3_': 1.0, '_a4_': 1.0, '_a5_': 1.0, '_a6_': 1.0, '_a7_': 1.0}};{'d0': 0.1124263983613155};-194.232406556034;13.327096692199998
1089;-83.7891065858169;(_a2_ ** (_a1_ ** x1));{'d0': {'_a1_': 0.20341217870806366, '_a2_': 0.855055500759432, '_a0_': 1.0, '_a3_': 1.0, '_a4_': 1.0, '_a5_': 1.0, '_a6_': 1.0, '_a7_': 1.0}};{'d0': 0.1124263983613155};-194.232406556034;13.327096692199998
1090;-83.7891065858169;(_a2_ ** (_a1_ ** x1));{'d0': {'_a1_': 0.20341217870806366, '_a2_': 0.855055500759432, '_a0_': 1.0, '_a3_': 1.0, '_a4_': 1.0, '_a5_': 1.0, '_a6_': 1.0, '_a7_': 1.0}};{'d0': 0.1124263983613155};-194.232406556034;13.327096692199998
1091;-83.7891065858169;(_a2_ ** (_a1_ ** x1));{'d0': {'_a1_': 0.20341217870806366, '_a2_': 0.855055500759432, '_a0_': 1.0, '_a3_': 1.0, '_a4_': 1.0, '_a5_': 1.0, '_a6_': 1.0, '_a7_': 1.0}};{'d0': 0.1124263983613155};-194.232406556034;13.327096692199998
1092;-83.7891065858169;(_a2_ ** (_a1_ ** x1));{'d0': {'_a1_': 0.20341217870806366, '_a2_': 0.855055500759432, '_a0_': 1.0, '_a3_': 1.0, '_a4_': 1.0, '_a5_': 1.0, '_a6_': 1.0, '_a7_': 1.0}};{'d0': 0.1124263983613155};-194.232406556034;13.327096692199998
1093;-83.7891065858169;(_a2_ ** (_a1_ ** x1));{'d0': {'_a1_': 0.20341217870806366, '_a2_': 0.855055500759432, '_a0_': 1.0, '_a3_': 1.0, '_a4_': 1.0, '_a5_': 1.0, '_a6_': 1.0, '_a7_': 1.0}};{'d0': 0.1124263983613155};-194.232406556034;13.327096692199998
1094;-83.7891065858169;(_a2_ ** (_a1_ ** x1));{'d0': {'_a1_': 0.20341217870806366, '_a2_': 0.855055500759432, '_a0_': 1.0, '_a3_': 1.0, '_a4_': 1.0, '_a5_': 1.0, '_a6_': 1.0, '_a7_': 1.0}};{'d0': 0.1124263983613155};-194.232406556034;13.327096692199998
1095;-83.7891065858169;(_a2_ ** (_a1_ ** x1));{'d0': {'_a1_': 0.20341217870806366, '_a2_': 0.855055500759432, '_a0_': 1.0, '_a3_': 1.0, '_a4_': 1.0, '_a5_': 1.0, '_a6_': 1.0, '_a7_': 1.0}};{'d0': 0.1124263983613155};-194.232406556034;13.327096692199998
1096;-83.7891065858169;(_a2_ ** (_a1_ ** x1));{'d0': {'_a1_': 0.20341217870806366, '_a2_': 0.855055500759432, '_a0_': 1.0, '_a3_': 1.0, '_a4_': 1.0, '_a5_': 1.0, '_a6_': 1.0, '_a7_': 1.0}};{'d0': 0.1124263983613155};-194.232406556034;13.327096692199998
1097;-78.4492435753204;(_a2_ ** (sqrt(_a1_) ** x1));{'d0': {'_a1_': 0.04137650827911586, '_a2_': 0.8550555282975595, '_a0_': 1.0, '_a3_': 1.0, '_a4_': 1.0, '_a5_': 1.0, '_a6_': 1.0, '_a7_': 1.0}};{'d0': 0.1124263983612274};-194.232406556081;18.66695970272
1098;-78.4492435753204;(_a2_ ** (sqrt(_a1_) ** x1));{'d0': {'_a1_': 0.04137650827911586, '_a2_': 0.8550555282975595, '_a0_': 1.0, '_a3_': 1.0, '_a4_': 1.0, '_a5_': 1.0, '_a6_': 1.0, '_a7_': 1.0}};{'d0': 0.1124263983612274};-194.232406556081;18.66695970272
1099;-78.4492435753204;(_a2_ ** (sqrt(_a1_) ** x1));{'d0': {'_a1_': 0.04137650827911586, '_a2_': 0.8550555282975595, '_a0_': 1.0, '_a3_': 1.0, '_a4_': 1.0, '_a5_': 1.0, '_a6_': 1.0, '_a7_': 1.0}};{'d0': 0.1124263983612274};-194.232406556081;18.66695970272
1100;-78.4492435753204;(_a2_ ** (sqrt(_a1_) ** x1));{'d0': {'_a1_': 0.04137650827911586, '_a2_': 0.8550555282975595, '_a0_': 1.0, '_a3_': 1.0, '_a4_': 1.0, '_a5_': 1.0, '_a6_': 1.0, '_a7_': 1.0}};{'d0': 0.1124263983612274};-194.232406556081;18.66695970272
1101;-78.4492435753204;(_a2_ ** (sqrt(_a1_) ** x1));{'d0': {'_a1_': 0.04137650827911586, '_a2_': 0.8550555282975595, '_a0_': 1.0, '_a3_': 1.0, '_a4_': 1.0, '_a5_': 1.0, '_a6_': 1.0, '_a7_': 1.0}};{'d0': 0.1124263983612274};-194.232406556081;18.66695970272
1102;-78.4492435753204;(_a2_ ** (sqrt(_a1_) ** x1));{'d0': {'_a1_': 0.04137650827911586, '_a2_': 0.8550555282975595, '_a0_': 1.0, '_a3_': 1.0, '_a4_': 1.0, '_a5_': 1.0, '_a6_': 1.0, '_a7_': 1.0}};{'d0': 0.1124263983612274};-194.232406556081;18.66695970272
1103;-78.4492435753204;(_a2_ ** (sqrt(_a1_) ** x1));{'d0': {'_a1_': 0.04137650827911586, '_a2_': 0.8550555282975595, '_a0_': 1.0, '_a3_': 1.0, '_a4_': 1.0, '_a5_': 1.0, '_a6_': 1.0, '_a7_': 1.0}};{'d0': 0.1124263983612274};-194.232406556081;18.66695970272
1104;-78.4492435753204;(_a2_ ** (sqrt(_a1_) ** x1));{'d0': {'_a1_': 0.04137650827911586, '_a2_': 0.8550555282975595, '_a0_': 1.0, '_a3_': 1.0, '_a4_': 1.0, '_a5_': 1.0, '_a6_': 1.0, '_a7_': 1.0}};{'d0': 0.1124263983612274};-194.232406556081;18.66695970272
1105;-78.4492435753204;(_a2_ ** (sqrt(_a1_) ** x1));{'d0': {'_a1_': 0.04137650827911586, '_a2_': 0.8550555282975595, '_a0_': 1.0, '_a3_': 1.0, '_a4_': 1.0, '_a5_': 1.0, '_a6_': 1.0, '_a7_': 1.0}};{'d0': 0.1124263983612274};-194.232406556081;18.66695970272
1106;-78.4492435753204;(_a2_ ** (sqrt(_a1_) ** x1));{'d0': {'_a1_': 0.04137650827911586, '_a2_': 0.8550555282975595, '_a0_': 1.0, '_a3_': 1.0, '_a4_': 1.0, '_a5_': 1.0, '_a6_': 1.0, '_a7_': 1.0}};{'d0': 0.1124263983612274};-194.232406556081;18.66695970272
1107;-78.4492435753204;(_a2_ ** (sqrt(_a1_) ** x1));{'d0': {'_a1_': 0.04137650827911586, '_a2_': 0.8550555282975595, '_a0_': 1.0, '_a3_': 1.0, '_a4_': 1.0, '_a5_': 1.0, '_a6_': 1.0, '_a7_': 1.0}};{'d0': 0.1124263983612274};-194.232406556081;18.66695970272
1108;-78.4492435753204;(_a2_ ** (sqrt(_a1_) ** x1));{'d0': {'_a1_': 0.04137650827911586, '_a2_': 0.8550555282975595, '_a0_': 1.0, '_a3_': 1.0, '_a4_': 1.0, '_a5_': 1.0, '_a6_': 1.0, '_a7_': 1.0}};{'d0': 0.1124263983612274};-194.232406556081;18.66695970272
1109;-78.4492435753204;(_a2_ ** (sqrt(_a1_) ** x1));{'d0': {'_a1_': 0.04137650827911586, '_a2_': 0.8550555282975595, '_a0_': 1.0, '_a3_': 1.0, '_a4_': 1.0, '_a5_': 1.0, '_a6_': 1.0, '_a7_': 1.0}};{'d0': 0.1124263983612274};-194.232406556081;18.66695970272
1110;-78.4492435753204;(_a2_ ** (sqrt(_a1_) ** x1));{'d0': {'_a1_': 0.04137650827911586, '_a2_': 0.8550555282975595, '_a0_': 1.0, '_a3_': 1.0, '_a4_': 1.0, '_a5_': 1.0, '_a6_': 1.0, '_a7_': 1.0}};{'d0': 0.1124263983612274};-194.232406556081;18.66695970272
1111;-78.4492435753204;(_a2_ ** (sqrt(_a1_) ** x1));{'d0': {'_a1_': 0.04137650827911586, '_a2_': 0.8550555282975595, '_a0_': 1.0, '_a3_': 1.0, '_a4_': 1.0, '_a5_': 1.0, '_a6_': 1.0, '_a7_': 1.0}};{'d0': 0.1124263983612274};-194.232406556081;18.66695970272
1112;-78.4492435753204;(_a2_ ** (sqrt(_a1_) ** x1));{'d0': {'_a1_': 0.04137650827911586, '_a2_': 0.8550555282975595, '_a0_': 1.0, '_a3_': 1.0, '_a4_': 1.0, '_a5_': 1.0, '_a6_': 1.0, '_a7_': 1.0}};{'d0': 0.1124263983612274};-194.232406556081;18.66695970272
1113;-83.7891065858169;(_a2_ ** (_a1_ ** x1));{'d0': {'_a1_': 0.20341217870806366, '_a2_': 0.855055500759432, '_a0_': 1.0, '_a3_': 1.0, '_a4_': 1.0, '_a5_': 1.0, '_a6_': 1.0, '_a7_': 1.0}};{'d0': 0.1124263983613155};-194.232406556034;13.3270966922
1114;-83.7891065858169;(_a2_ ** (_a1_ ** x1));{'d0': {'_a1_': 0.20341217870806366, '_a2_': 0.855055500759432, '_a0_': 1.0, '_a3_': 1.0, '_a4_': 1.0, '_a5_': 1.0, '_a6_': 1.0, '_a7_': 1.0}};{'d0': 0.1124263983613155};-194.232406556034;13.3270966922
1115;-83.7891065858169;(_a2_ ** (_a1_ ** x1));{'d0': {'_a1_': 0.20341217870806366, '_a2_': 0.855055500759432, '_a0_': 1.0, '_a3_': 1.0, '_a4_': 1.0, '_a5_': 1.0, '_a6_': 1.0, '_a7_': 1.0}};{'d0': 0.1124263983613155};-194.232406556034;13.3270966922
1116;-83.7891065858169;(_a2_ ** (_a1_ ** x1));{'d0': {'_a1_': 0.20341217870806366, '_a2_': 0.855055500759432, '_a0_': 1.0, '_a3_': 1.0, '_a4_': 1.0, '_a5_': 1.0, '_a6_': 1.0, '_a7_': 1.0}};{'d0': 0.1124263983613155};-194.232406556034;13.3270966922
1117;-83.7891065858169;(_a2_ ** (_a1_ ** x1));{'d0': {'_a1_': 0.20341217870806366, '_a2_': 0.855055500759432, '_a0_': 1.0, '_a3_': 1.0, '_a4_': 1.0, '_a5_': 1.0, '_a6_': 1.0, '_a7_': 1.0}};{'d0': 0.1124263983613155};-194.232406556034;13.3270966922
1118;-83.7891065858169;(_a2_ ** (_a1_ ** x1));{'d0': {'_a1_': 0.20341217870806366, '_a2_': 0.855055500759432, '_a0_': 1.0, '_a3_': 1.0, '_a4_': 1.0, '_a5_': 1.0, '_a6_': 1.0, '_a7_': 1.0}};{'d0': 0.1124263983613155};-194.232406556034;13.3270966922
1119;-83.7891065858169;(_a2_ ** (_a1_ ** x1));{'d0': {'_a1_': 0.20341217870806366, '_a2_': 0.855055500759432, '_a0_': 1.0, '_a3_': 1.0, '_a4_': 1.0, '_a5_': 1.0, '_a6_': 1.0, '_a7_': 1.0}};{'d0': 0.1124263983613155};-194.232406556034;13.3270966922
1120;-83.7891065858169;(_a2_ ** (_a1_ ** x1));{'d0': {'_a1_': 0.20341217870806366, '_a2_': 0.855055500759432, '_a0_': 1.0, '_a3_': 1.0, '_a4_': 1.0, '_a5_': 1.0, '_a6_': 1.0, '_a7_': 1.0}};{'d0': 0.1124263983613155};-194.232406556034;13.3270966922
1121;-83.7891065858169;(_a2_ ** (_a1_ ** x1));{'d0': {'_a1_': 0.20341217870806366, '_a2_': 0.855055500759432, '_a0_': 1.0, '_a3_': 1.0, '_a4_': 1.0, '_a5_': 1.0, '_a6_': 1.0, '_a7_': 1.0}};{'d0': 0.1124263983613155};-194.232406556034;13.3270966922
1122;-83.7891065858169;(_a2_ ** (_a1_ ** x1));{'d0': {'_a1_': 0.20341217870806366, '_a2_': 0.855055500759432, '_a0_': 1.0, '_a3_': 1.0, '_a4_': 1.0, '_a5_': 1.0, '_a6_': 1.0, '_a7_': 1.0}};{'d0': 0.1124263983613155};-194.232406556034;13.3270966922
1123;-83.7891065858169;(_a2_ ** (_a1_ ** x1));{'d0': {'_a1_': 0.20341217870806366, '_a2_': 0.855055500759432, '_a0_': 1.0, '_a3_': 1.0, '_a4_': 1.0, '_a5_': 1.0, '_a6_': 1.0, '_a7_': 1.0}};{'d0': 0.1124263983613155};-194.232406556034;13.3270966922
1124;-83.7891065858169;(_a2_ ** (_a1_ ** x1));{'d0': {'_a1_': 0.20341217870806366, '_a2_': 0.855055500759432, '_a0_': 1.0, '_a3_': 1.0, '_a4_': 1.0, '_a5_': 1.0, '_a6_': 1.0, '_a7_': 1.0}};{'d0': 0.1124263983613155};-194.232406556034;13.3270966922
1125;-83.7891065858169;(_a2_ ** (_a1_ ** x1));{'d0': {'_a1_': 0.20341217870806366, '_a2_': 0.855055500759432, '_a0_': 1.0, '_a3_': 1.0, '_a4_': 1.0, '_a5_': 1.0, '_a6_': 1.0, '_a7_': 1.0}};{'d0': 0.1124263983613155};-194.232406556034;13.3270966922
1126;-83.7891065858169;(_a2_ ** (_a1_ ** x1));{'d0': {'_a1_': 0.20341217870806366, '_a2_': 0.855055500759432, '_a0_': 1.0, '_a3_': 1.0, '_a4_': 1.0, '_a5_': 1.0, '_a6_': 1.0, '_a7_': 1.0}};{'d0': 0.1124263983613155};-194.232406556034;13.3270966922
1127;-83.7891065858169;(_a2_ ** (_a1_ ** x1));{'d0': {'_a1_': 0.20341217870806366, '_a2_': 0.855055500759432, '_a0_': 1.0, '_a3_': 1.0, '_a4_': 1.0, '_a5_': 1.0, '_a6_': 1.0, '_a7_': 1.0}};{'d0': 0.1124263983613155};-194.232406556034;13.3270966922
1128;-83.7891065858169;(_a2_ ** (_a1_ ** x1));{'d0': {'_a1_': 0.20341217870806366, '_a2_': 0.855055500759432, '_a0_': 1.0, '_a3_': 1.0, '_a4_': 1.0, '_a5_': 1.0, '_a6_': 1.0, '_a7_': 1.0}};{'d0': 0.1124263983613155};-194.232406556034;13.3270966922
1129;-83.7891065858169;(_a2_ ** (_a1_ ** x1));{'d0': {'_a1_': 0.20341217870806366, '_a2_': 0.855055500759432, '_a0_': 1.0, '_a3_': 1.0, '_a4_': 1.0, '_a5_': 1.0, '_a6_': 1.0, '_a7_': 1.0}};{'d0': 0.1124263983613155};-194.232406556034;13.3270966922
1130;-83.7891065858169;(_a2_ ** (_a1_ ** x1));{'d0': {'_a1_': 0.20341217870806366, '_a2_': 0.855055500759432, '_a0_': 1.0, '_a3_': 1.0, '_a4_': 1.0, '_a5_': 1.0, '_a6_': 1.0, '_a7_': 1.0}};{'d0': 0.1124263983613155};-194.232406556034;13.3270966922
1131;-83.7891065858169;(_a2_ ** (_a1_ ** x1));{'d0': {'_a1_': 0.20341217870806366, '_a2_': 0.855055500759432, '_a0_': 1.0, '_a3_': 1.0, '_a4_': 1.0, '_a5_': 1.0, '_a6_': 1.0, '_a7_': 1.0}};{'d0': 0.1124263983613155};-194.232406556034;13.3270966922
1132;-83.7891065858169;(_a2_ ** (_a1_ ** x1));{'d0': {'_a1_': 0.20341217870806366, '_a2_': 0.855055500759432, '_a0_': 1.0, '_a3_': 1.0, '_a4_': 1.0, '_a5_': 1.0, '_a6_': 1.0, '_a7_': 1.0}};{'d0': 0.1124263983613155};-194.232406556034;13.3270966922
1133;-83.7891065858169;(_a2_ ** (_a1_ ** x1));{'d0': {'_a1_': 0.20341217870806366, '_a2_': 0.855055500759432, '_a0_': 1.0, '_a3_': 1.0, '_a4_': 1.0, '_a5_': 1.0, '_a6_': 1.0, '_a7_': 1.0}};{'d0': 0.1124263983613155};-194.232406556034;13.3270966922
1134;-83.7891065858169;(_a2_ ** (_a1_ ** x1));{'d0': {'_a1_': 0.20341217870806366, '_a2_': 0.855055500759432, '_a0_': 1.0, '_a3_': 1.0, '_a4_': 1.0, '_a5_': 1.0, '_a6_': 1.0, '_a7_': 1.0}};{'d0': 0.1124263983613155};-194.232406556034;13.3270966922
1135;-83.7891065858169;(_a2_ ** (_a1_ ** x1));{'d0': {'_a1_': 0.20341217870806366, '_a2_': 0.855055500759432, '_a0_': 1.0, '_a3_': 1.0, '_a4_': 1.0, '_a5_': 1.0, '_a6_': 1.0, '_a7_': 1.0}};{'d0': 0.1124263983613155};-194.232406556034;13.3270966922
1136;-83.7891065858169;(_a2_ ** (_a1_ ** x1));{'d0': {'_a1_': 0.20341217870806366, '_a2_': 0.855055500759432, '_a0_': 1.0, '_a3_': 1.0, '_a4_': 1.0, '_a5_': 1.0, '_a6_': 1.0, '_a7_': 1.0}};{'d0': 0.1124263983613155};-194.232406556034;13.3270966922
1137;-83.7891065858169;(_a2_ ** (_a1_ ** x1));{'d0': {'_a1_': 0.20341217870806366, '_a2_': 0.855055500759432, '_a0_': 1.0, '_a3_': 1.0, '_a4_': 1.0, '_a5_': 1.0, '_a6_': 1.0, '_a7_': 1.0}};{'d0': 0.1124263983613155};-194.232406556034;13.3270966922
1138;-83.7891065858169;(_a2_ ** (_a1_ ** x1));{'d0': {'_a1_': 0.20341217870806366, '_a2_': 0.855055500759432, '_a0_': 1.0, '_a3_': 1.0, '_a4_': 1.0, '_a5_': 1.0, '_a6_': 1.0, '_a7_': 1.0}};{'d0': 0.1124263983613155};-194.232406556034;13.3270966922
1139;-83.7891065858169;(_a2_ ** (_a1_ ** x1));{'d0': {'_a1_': 0.20341217870806366, '_a2_': 0.855055500759432, '_a0_': 1.0, '_a3_': 1.0, '_a4_': 1.0, '_a5_': 1.0, '_a6_': 1.0, '_a7_': 1.0}};{'d0': 0.1124263983613155};-194.232406556034;13.3270966922
1140;-45.7436107012910;abs(((pow2(x1) + ((x1 + _a5_) / (-(_a6_) * _a5_))) * (_a7_ / _a5_)));{'d0': {'_a5_': 3.3218861523183163, '_a6_': 0.14025137634975865, '_a7_': -0.3919707056903725, '_a0_': 1.0, '_a1_': 1.0, '_a2_': 1.0, '_a3_': 1.0, '_a4_': 1.0}};{'d0': 0.11980844860402627};-186.322335892850;47.41755724513399
1141;-45.7436107012910;abs(((pow2(x1) + ((x1 + _a5_) / (-(_a6_) * _a5_))) * (_a7_ / _a5_)));{'d0': {'_a5_': 3.3218861523183163, '_a6_': 0.14025137634975865, '_a7_': -0.3919707056903725, '_a0_': 1.0, '_a1_': 1.0, '_a2_': 1.0, '_a3_': 1.0, '_a4_': 1.0}};{'d0': 0.11980844860402627};-186.322335892850;47.41755724513399
1142;-45.7436107012910;abs(((pow2(x1) + ((x1 + _a5_) / (-(_a6_) * _a5_))) * (_a7_ / _a5_)));{'d0': {'_a5_': 3.3218861523183163, '_a6_': 0.14025137634975865, '_a7_': -0.3919707056903725, '_a0_': 1.0, '_a1_': 1.0, '_a2_': 1.0, '_a3_': 1.0, '_a4_': 1.0}};{'d0': 0.11980844860402627};-186.322335892850;47.41755724513399
1143;-45.7436107012910;abs(((pow2(x1) + ((x1 + _a5_) / (-(_a6_) * _a5_))) * (_a7_ / _a5_)));{'d0': {'_a5_': 3.3218861523183163, '_a6_': 0.14025137634975865, '_a7_': -0.3919707056903725, '_a0_': 1.0, '_a1_': 1.0, '_a2_': 1.0, '_a3_': 1.0, '_a4_': 1.0}};{'d0': 0.11980844860402627};-186.322335892850;47.41755724513399
1144;-51.5808335094382;abs(((pow2(x1) + ((x1 + _a5_) / (-(_a6_) * _a5_))) * _a2_));{'d0': {'_a2_': 0.11799643041486972, '_a5_': 3.3218861648819726, '_a6_': 0.14025137719251818, '_a0_': 1.0, '_a1_': 1.0, '_a3_': 1.0, '_a4_': 1.0, '_a7_': 1.0}};{'d0': 0.11980844860402624};-186.322335892850;41.58033443698679
1145;-51.5808335094382;abs(((pow2(x1) + ((x1 + _a5_) / (-(_a6_) * _a5_))) * _a2_));{'d0': {'_a2_': 0.11799643041486972, '_a5_': 3.3218861648819726, '_a6_': 0.14025137719251818, '_a0_': 1.0, '_a1_': 1.0, '_a3_': 1.0, '_a4_': 1.0, '_a7_': 1.0}};{'d0': 0.11980844860402624};-186.322335892850;41.58033443698679
1146;-51.5808335094382;abs(((pow2(x1) + ((x1 + _a5_) / (-(_a6_) * _a5_))) * _a2_));{'d0': {'_a2_': 0.11799643041486972, '_a5_': 3.3218861648819726, '_a6_': 0.14025137719251818, '_a0_': 1.0, '_a1_': 1.0, '_a3_': 1.0, '_a4_': 1.0, '_a7_': 1.0}};{'d0': 0.11980844860402624};-186.322335892850;41.58033443698679
1147;-51.5808335094382;abs(((pow2(x1) + ((x1 + _a5_) / (-(_a6_) * _a5_))) * _a2_));{'d0': {'_a2_': 0.11799643041486972, '_a5_': 3.3218861648819726, '_a6_': 0.14025137719251818, '_a0_': 1.0, '_a1_': 1.0, '_a3_': 1.0, '_a4_': 1.0, '_a7_': 1.0}};{'d0': 0.11980844860402624};-186.322335892850;41.58033443698679
1148;-51.5808335094382;abs(((pow2(x1) + ((x1 + _a5_) / (-(_a6_) * _a5_))) * _a2_));{'d0': {'_a2_': 0.11799643041486972, '_a5_': 3.3218861648819726, '_a6_': 0.14025137719251818, '_a0_': 1.0, '_a1_': 1.0, '_a3_': 1.0, '_a4_': 1.0, '_a7_': 1.0}};{'d0': 0.11980844860402624};-186.322335892850;41.58033443698679
1149;-83.7891065858169;(_a2_ ** (_a1_ ** x1));{'d0': {'_a1_': 0.20341217870806366, '_a2_': 0.855055500759432, '_a0_': 1.0, '_a3_': 1.0, '_a4_': 1.0, '_a5_': 1.0, '_a6_': 1.0, '_a7_': 1.0}};{'d0': 0.1124263983613155};-194.232406556034;13.3270966922
1150;-83.7891065858169;(_a2_ ** (_a1_ ** x1));{'d0': {'_a1_': 0.20341217870806366, '_a2_': 0.855055500759432, '_a0_': 1.0, '_a3_': 1.0, '_a4_': 1.0, '_a5_': 1.0, '_a6_': 1.0, '_a7_': 1.0}};{'d0': 0.1124263983613155};-194.232406556034;13.3270966922
1151;-50.5482360541040;abs(((pow2(x1) + ((x1 + _a5_) / (-(_a6_) / _a5_))) * _a2_));{'d0': {'_a2_': 0.11799643032677264, '_a5_': 3.3218861639433936, '_a6_': 1.5476638041368251, '_a0_': 1.0, '_a1_': 1.0, '_a3_': 1.0, '_a4_': 1.0, '_a7_': 1.0}};{'d0': 0.11980844860402627};-186.322335892850;42.61293189232099
1152;-50.5482360541040;abs(((pow2(x1) + ((x1 + _a5_) / (-(_a6_) / _a5_))) * _a2_));{'d0': {'_a2_': 0.11799643032677264, '_a5_': 3.3218861639433936, '_a6_': 1.5476638041368251, '_a0_': 1.0, '_a1_': 1.0, '_a3_': 1.0, '_a4_': 1.0, '_a7_': 1.0}};{'d0': 0.11980844860402627};-186.322335892850;42.61293189232099
1153;-50.5482360541040;abs(((pow2(x1) + ((x1 + _a5_) / (-(_a6_) / _a5_))) * _a2_));{'d0': {'_a2_': 0.11799643032677264, '_a5_': 3.3218861639433936, '_a6_': 1.5476638041368251, '_a0_': 1.0, '_a1_': 1.0, '_a3_': 1.0, '_a4_': 1.0, '_a7_': 1.0}};{'d0': 0.11980844860402627};-186.322335892850;42.61293189232099
1154;-50.5482360541040;abs(((pow2(x1) + ((x1 + _a5_) / (-(_a6_) / _a5_))) * _a2_));{'d0': {'_a2_': 0.11799643032677264, '_a5_': 3.3218861639433936, '_a6_': 1.5476638041368251, '_a0_': 1.0, '_a1_': 1.0, '_a3_': 1.0, '_a4_': 1.0, '_a7_': 1.0}};{'d0': 0.11980844860402627};-186.322335892850;42.61293189232099
1155;-50.5482360541040;abs(((pow2(x1) + ((x1 + _a5_) / (-(_a6_) / _a5_))) * _a2_));{'d0': {'_a2_': 0.11799643032677264, '_a5_': 3.3218861639433936, '_a6_': 1.5476638041368251, '_a0_': 1.0, '_a1_': 1.0, '_a3_': 1.0, '_a4_': 1.0, '_a7_': 1.0}};{'d0': 0.11980844860402627};-186.322335892850;42.61293189232099
1156;-50.5482360541040;abs(((pow2(x1) + ((x1 + _a5_) / (-(_a6_) / _a5_))) * _a2_));{'d0': {'_a2_': 0.11799643032677264, '_a5_': 3.3218861639433936, '_a6_': 1.5476638041368251, '_a0_': 1.0, '_a1_': 1.0, '_a3_': 1.0, '_a4_': 1.0, '_a7_': 1.0}};{'d0': 0.11980844860402627};-186.322335892850;42.61293189232099
1157;-50.5482360541040;abs(((pow2(x1) + ((x1 + _a5_) / (-(_a6_) / _a5_))) * _a2_));{'d0': {'_a2_': 0.11799643032677264, '_a5_': 3.3218861639433936, '_a6_': 1.5476638041368251, '_a0_': 1.0, '_a1_': 1.0, '_a3_': 1.0, '_a4_': 1.0, '_a7_': 1.0}};{'d0': 0.11980844860402627};-186.322335892850;42.61293189232099
1158;-50.5482360541040;abs(((pow2(x1) + ((x1 + _a5_) / (-(_a6_) / _a5_))) * _a2_));{'d0': {'_a2_': 0.11799643032677264, '_a5_': 3.3218861639433936, '_a6_': 1.5476638041368251, '_a0_': 1.0, '_a1_': 1.0, '_a3_': 1.0, '_a4_': 1.0, '_a7_': 1.0}};{'d0': 0.11980844860402627};-186.322335892850;42.61293189232099
1159;-50.5482360541040;abs(((pow2(x1) + ((x1 + _a5_) / (-(_a6_) / _a5_))) * _a2_));{'d0': {'_a2_': 0.11799643032677264, '_a5_': 3.3218861639433936, '_a6_': 1.5476638041368251, '_a0_': 1.0, '_a1_': 1.0, '_a3_': 1.0, '_a4_': 1.0, '_a7_': 1.0}};{'d0': 0.11980844860402627};-186.322335892850;42.61293189232099
1160;-50.5482360541040;abs(((pow2(x1) + ((x1 + _a5_) / (-(_a6_) / _a5_))) * _a2_));{'d0': {'_a2_': 0.11799643032677264, '_a5_': 3.3218861639433936, '_a6_': 1.5476638041368251, '_a0_': 1.0, '_a1_': 1.0, '_a3_': 1.0, '_a4_': 1.0, '_a7_': 1.0}};{'d0': 0.11980844860402627};-186.322335892850;42.61293189232099
1161;-50.5482360541040;abs(((pow2(x1) + ((x1 + _a5_) / (-(_a6_) / _a5_))) * _a2_));{'d0': {'_a2_': 0.11799643032677264, '_a5_': 3.3218861639433936, '_a6_': 1.5476638041368251, '_a0_': 1.0, '_a1_': 1.0, '_a3_': 1.0, '_a4_': 1.0, '_a7_': 1.0}};{'d0': 0.11980844860402627};-186.322335892850;42.61293189232099
1162;-50.5482360541040;abs(((pow2(x1) + ((x1 + _a5_) / (-(_a6_) / _a5_))) * _a2_));{'d0': {'_a2_': 0.11799643032677264, '_a5_': 3.3218861639433936, '_a6_': 1.5476638041368251, '_a0_': 1.0, '_a1_': 1.0, '_a3_': 1.0, '_a4_': 1.0, '_a7_': 1.0}};{'d0': 0.11980844860402627};-186.322335892850;42.61293189232099
1163;-50.5482360541040;abs(((pow2(x1) + ((x1 + _a5_) / (-(_a6_) / _a5_))) * _a2_));{'d0': {'_a2_': 0.11799643032677264, '_a5_': 3.3218861639433936, '_a6_': 1.5476638041368251, '_a0_': 1.0, '_a1_': 1.0, '_a3_': 1.0, '_a4_': 1.0, '_a7_': 1.0}};{'d0': 0.11980844860402627};-186.322335892850;42.61293189232099
1164;-50.5482360541040;abs(((pow2(x1) + ((x1 + _a5_) / (-(_a6_) / _a5_))) * _a2_));{'d0': {'_a2_': 0.11799643032677264, '_a5_': 3.3218861639433936, '_a6_': 1.5476638041368251, '_a0_': 1.0, '_a1_': 1.0, '_a3_': 1.0, '_a4_': 1.0, '_a7_': 1.0}};{'d0': 0.11980844860402627};-186.322335892850;42.61293189232099
1165;-50.5482360541040;abs(((pow2(x1) + ((x1 + _a5_) / (-(_a6_) / _a5_))) * _a2_));{'d0': {'_a2_': 0.11799643032677264, '_a5_': 3.3218861639433936, '_a6_': 1.5476638041368251, '_a0_': 1.0, '_a1_': 1.0, '_a3_': 1.0, '_a4_': 1.0, '_a7_': 1.0}};{'d0': 0.11980844860402627};-186.322335892850;42.61293189232099
1166;-50.5482360541040;abs(((pow2(x1) + ((x1 + _a5_) / (-(_a6_) / _a5_))) * _a2_));{'d0': {'_a2_': 0.11799643032677264, '_a5_': 3.3218861639433936, '_a6_': 1.5476638041368251, '_a0_': 1.0, '_a1_': 1.0, '_a3_': 1.0, '_a4_': 1.0, '_a7_': 1.0}};{'d0': 0.11980844860402627};-186.322335892850;42.61293189232099
1167;-50.5482360541040;abs(((pow2(x1) + ((x1 + _a5_) / (-(_a6_) / _a5_))) * _a2_));{'d0': {'_a2_': 0.11799643032677264, '_a5_': 3.3218861639433936, '_a6_': 1.5476638041368251, '_a0_': 1.0, '_a1_': 1.0, '_a3_': 1.0, '_a4_': 1.0, '_a7_': 1.0}};{'d0': 0.11980844860402627};-186.322335892850;42.61293189232099
1168;-50.5482360541040;abs(((pow2(x1) + ((x1 + _a5_) / (-(_a6_) / _a5_))) * _a2_));{'d0': {'_a2_': 0.11799643032677264, '_a5_': 3.3218861639433936, '_a6_': 1.5476638041368251, '_a0_': 1.0, '_a1_': 1.0, '_a3_': 1.0, '_a4_': 1.0, '_a7_': 1.0}};{'d0': 0.11980844860402627};-186.322335892850;42.61293189232099
1169;-50.5482360541040;abs(((pow2(x1) + ((x1 + _a5_) / (-(_a6_) / _a5_))) * _a2_));{'d0': {'_a2_': 0.11799643032677264, '_a5_': 3.3218861639433936, '_a6_': 1.5476638041368251, '_a0_': 1.0, '_a1_': 1.0, '_a3_': 1.0, '_a4_': 1.0, '_a7_': 1.0}};{'d0': 0.11980844860402627};-186.322335892850;42.61293189232099
1170;-50.5482360541040;abs(((pow2(x1) + ((x1 + _a5_) / (-(_a6_) / _a5_))) * _a2_));{'d0': {'_a2_': 0.11799643032677264, '_a5_': 3.3218861639433936, '_a6_': 1.5476638041368251, '_a0_': 1.0, '_a1_': 1.0, '_a3_': 1.0, '_a4_': 1.0, '_a7_': 1.0}};{'d0': 0.11980844860402627};-186.322335892850;42.61293189232099
1171;-50.5482360541040;abs(((pow2(x1) + ((x1 + _a5_) / (-(_a6_) / _a5_))) * _a2_));{'d0': {'_a2_': 0.11799643032677264, '_a5_': 3.3218861639433936, '_a6_': 1.5476638041368251, '_a0_': 1.0, '_a1_': 1.0, '_a3_': 1.0, '_a4_': 1.0, '_a7_': 1.0}};{'d0': 0.11980844860402627};-186.322335892850;42.61293189232099
1172;-50.5482360541040;abs(((pow2(x1) + ((x1 + _a5_) / (-(_a6_) / _a5_))) * _a2_));{'d0': {'_a2_': 0.11799643032677264, '_a5_': 3.3218861639433936, '_a6_': 1.5476638041368251, '_a0_': 1.0, '_a1_': 1.0, '_a3_': 1.0, '_a4_': 1.0, '_a7_': 1.0}};{'d0': 0.11980844860402627};-186.322335892850;42.61293189232099
1173;-50.5482360541040;abs(((pow2(x1) + ((x1 + _a5_) / (-(_a6_) / _a5_))) * _a2_));{'d0': {'_a2_': 0.11799643032677264, '_a5_': 3.3218861639433936, '_a6_': 1.5476638041368251, '_a0_': 1.0, '_a1_': 1.0, '_a3_': 1.0, '_a4_': 1.0, '_a7_': 1.0}};{'d0': 0.11980844860402627};-186.322335892850;42.61293189232099
1174;-50.5482360541040;abs(((pow2(x1) + ((x1 + _a5_) / (-(_a6_) / _a5_))) * _a2_));{'d0': {'_a2_': 0.11799643032677264, '_a5_': 3.3218861639433936, '_a6_': 1.5476638041368251, '_a0_': 1.0, '_a1_': 1.0, '_a3_': 1.0, '_a4_': 1.0, '_a7_': 1.0}};{'d0': 0.11980844860402627};-186.322335892850;42.61293189232099
1175;-50.5482360541040;abs(((pow2(x1) + ((x1 + _a5_) / (-(_a6_) / _a5_))) * _a2_));{'d0': {'_a2_': 0.11799643032677264, '_a5_': 3.3218861639433936, '_a6_': 1.5476638041368251, '_a0_': 1.0, '_a1_': 1.0, '_a3_': 1.0, '_a4_': 1.0, '_a7_': 1.0}};{'d0': 0.11980844860402627};-186.322335892850;42.61293189232099
1176;-50.5482360541040;abs(((pow2(x1) + ((x1 + _a5_) / (-(_a6_) / _a5_))) * _a2_));{'d0': {'_a2_': 0.11799643032677264, '_a5_': 3.3218861639433936, '_a6_': 1.5476638041368251, '_a0_': 1.0, '_a1_': 1.0, '_a3_': 1.0, '_a4_': 1.0, '_a7_': 1.0}};{'d0': 0.11980844860402627};-186.322335892850;42.61293189232099
1177;-50.5482360541040;abs(((pow2(x1) + ((x1 + _a5_) / (-(_a6_) / _a5_))) * _a2_));{'d0': {'_a2_': 0.11799643032677264, '_a5_': 3.3218861639433936, '_a6_': 1.5476638041368251, '_a0_': 1.0, '_a1_': 1.0, '_a3_': 1.0, '_a4_': 1.0, '_a7_': 1.0}};{'d0': 0.11980844860402627};-186.322335892850;42.61293189232099
1178;-50.5482360541040;abs(((pow2(x1) + ((x1 + _a5_) / (-(_a6_) / _a5_))) * _a2_));{'d0': {'_a2_': 0.11799643032677264, '_a5_': 3.3218861639433936, '_a6_': 1.5476638041368251, '_a0_': 1.0, '_a1_': 1.0, '_a3_': 1.0, '_a4_': 1.0, '_a7_': 1.0}};{'d0': 0.11980844860402627};-186.322335892850;42.61293189232099
1179;-50.5482360541040;abs(((pow2(x1) + ((x1 + _a5_) / (-(_a6_) / _a5_))) * _a2_));{'d0': {'_a2_': 0.11799643032677264, '_a5_': 3.3218861639433936, '_a6_': 1.5476638041368251, '_a0_': 1.0, '_a1_': 1.0, '_a3_': 1.0, '_a4_': 1.0, '_a7_': 1.0}};{'d0': 0.11980844860402627};-186.322335892850;42.61293189232099
1180;-50.5482360541040;abs(((pow2(x1) + ((x1 + _a5_) / (-(_a6_) / _a5_))) * _a2_));{'d0': {'_a2_': 0.11799643032677264, '_a5_': 3.3218861639433936, '_a6_': 1.5476638041368251, '_a0_': 1.0, '_a1_': 1.0, '_a3_': 1.0, '_a4_': 1.0, '_a7_': 1.0}};{'d0': 0.11980844860402627};-186.322335892850;42.61293189232099
1181;-50.5482360541040;abs(((pow2(x1) + ((x1 + _a5_) / (-(_a6_) / _a5_))) * _a2_));{'d0': {'_a2_': 0.11799643032677264, '_a5_': 3.3218861639433936, '_a6_': 1.5476638041368251, '_a0_': 1.0, '_a1_': 1.0, '_a3_': 1.0, '_a4_': 1.0, '_a7_': 1.0}};{'d0': 0.11980844860402627};-186.322335892850;42.61293189232099
1182;-50.5482360541040;abs(((pow2(x1) + ((x1 + _a5_) / (-(_a6_) / _a5_))) * _a2_));{'d0': {'_a2_': 0.11799643032677264, '_a5_': 3.3218861639433936, '_a6_': 1.5476638041368251, '_a0_': 1.0, '_a1_': 1.0, '_a3_': 1.0, '_a4_': 1.0, '_a7_': 1.0}};{'d0': 0.11980844860402627};-186.322335892850;42.61293189232099
1183;-50.5482360541040;abs(((pow2(x1) + ((x1 + _a5_) / (-(_a6_) / _a5_))) * _a2_));{'d0': {'_a2_': 0.11799643032677264, '_a5_': 3.3218861639433936, '_a6_': 1.5476638041368251, '_a0_': 1.0, '_a1_': 1.0, '_a3_': 1.0, '_a4_': 1.0, '_a7_': 1.0}};{'d0': 0.11980844860402627};-186.322335892850;42.61293189232099
1184;-50.5482360541040;abs(((pow2(x1) + ((x1 + _a5_) / (-(_a6_) / _a5_))) * _a2_));{'d0': {'_a2_': 0.11799643032677264, '_a5_': 3.3218861639433936, '_a6_': 1.5476638041368251, '_a0_': 1.0, '_a1_': 1.0, '_a3_': 1.0, '_a4_': 1.0, '_a7_': 1.0}};{'d0': 0.11980844860402627};-186.322335892850;42.61293189232099
1185;-50.5482360541040;abs(((pow2(x1) + ((x1 + _a5_) / (-(_a6_) / _a5_))) * _a2_));{'d0': {'_a2_': 0.11799643032677264, '_a5_': 3.3218861639433936, '_a6_': 1.5476638041368251, '_a0_': 1.0, '_a1_': 1.0, '_a3_': 1.0, '_a4_': 1.0, '_a7_': 1.0}};{'d0': 0.11980844860402627};-186.322335892850;42.61293189232099
1186;-83.7891065858169;(_a2_ ** (_a1_ ** x1));{'d0': {'_a1_': 0.20341217870806366, '_a2_': 0.855055500759432, '_a0_': 1.0, '_a3_': 1.0, '_a4_': 1.0, '_a5_': 1.0, '_a6_': 1.0, '_a7_': 1.0}};{'d0': 0.1124263983613155};-194.232406556034;13.327096692199998
1187;-83.7891065858169;(_a2_ ** (_a1_ ** x1));{'d0': {'_a1_': 0.20341217870806366, '_a2_': 0.855055500759432, '_a0_': 1.0, '_a3_': 1.0, '_a4_': 1.0, '_a5_': 1.0, '_a6_': 1.0, '_a7_': 1.0}};{'d0': 0.1124263983613155};-194.232406556034;13.327096692199998
1188;-50.5482360541040;abs(((pow2(x1) + ((x1 + _a5_) / (-(_a6_) / _a5_))) * _a2_));{'d0': {'_a2_': 0.11799643032677264, '_a5_': 3.3218861639433936, '_a6_': 1.5476638041368251, '_a0_': 1.0, '_a1_': 1.0, '_a3_': 1.0, '_a4_': 1.0, '_a7_': 1.0}};{'d0': 0.11980844860402627};-186.322335892850;42.61293189232099
1189;-50.5482360541040;abs(((pow2(x1) + ((x1 + _a5_) / (-(_a6_) / _a5_))) * _a2_));{'d0': {'_a2_': 0.11799643032677264, '_a5_': 3.3218861639433936, '_a6_': 1.5476638041368251, '_a0_': 1.0, '_a1_': 1.0, '_a3_': 1.0, '_a4_': 1.0, '_a7_': 1.0}};{'d0': 0.11980844860402627};-186.322335892850;42.61293189232099
1190;-50.5482360541040;abs(((pow2(x1) + ((x1 + _a5_) / (-(_a6_) / _a5_))) * _a2_));{'d0': {'_a2_': 0.11799643032677264, '_a5_': 3.3218861639433936, '_a6_': 1.5476638041368251, '_a0_': 1.0, '_a1_': 1.0, '_a3_': 1.0, '_a4_': 1.0, '_a7_': 1.0}};{'d0': 0.11980844860402627};-186.322335892850;42.61293189232099
1191;-50.5482360541040;abs(((pow2(x1) + ((x1 + _a5_) / (-(_a6_) / _a5_))) * _a2_));{'d0': {'_a2_': 0.11799643032677264, '_a5_': 3.3218861639433936, '_a6_': 1.5476638041368251, '_a0_': 1.0, '_a1_': 1.0, '_a3_': 1.0, '_a4_': 1.0, '_a7_': 1.0}};{'d0': 0.11980844860402627};-186.322335892850;42.61293189232099
1192;-50.5482360541040;abs(((pow2(x1) + ((x1 + _a5_) / (-(_a6_) / _a5_))) * _a2_));{'d0': {'_a2_': 0.11799643032677264, '_a5_': 3.3218861639433936, '_a6_': 1.5476638041368251, '_a0_': 1.0, '_a1_': 1.0, '_a3_': 1.0, '_a4_': 1.0, '_a7_': 1.0}};{'d0': 0.11980844860402627};-186.322335892850;42.61293189232099
1193;-50.7631809880287;abs(((pow2(x1) + ((x1 + _a5_) / (-(_a6_) / _a2_))) * _a2_));{'d0': {'_a2_': 0.12303773060817697, '_a5_': 3.341566331430518, '_a6_': 0.05996381103167853, '_a0_': 1.0, '_a1_': 1.0, '_a3_': 1.0, '_a4_': 1.0, '_a7_': 1.0}};{'d0': 0.11895310914218805};-186.752225760699;42.61293189232099
1194;-50.7631809880287;abs(((pow2(x1) + ((x1 + _a5_) / (-(_a6_) / _a2_))) * _a2_));{'d0': {'_a2_': 0.12303773060817697, '_a5_': 3.341566331430518, '_a6_': 0.05996381103167853, '_a0_': 1.0, '_a1_': 1.0, '_a3_': 1.0, '_a4_': 1.0, '_a7_': 1.0}};{'d0': 0.11895310914218805};-186.752225760699;42.61293189232099
1195;-50.7631809880287;abs(((pow2(x1) + ((x1 + _a5_) / (-(_a6_) / _a2_))) * _a2_));{'d0': {'_a2_': 0.12303773060817697, '_a5_': 3.341566331430518, '_a6_': 0.05996381103167853, '_a0_': 1.0, '_a1_': 1.0, '_a3_': 1.0, '_a4_': 1.0, '_a7_': 1.0}};{'d0': 0.11895310914218805};-186.752225760699;42.61293189232099
1196;-50.7631809880287;abs(((pow2(x1) + ((x1 + _a5_) / (-(_a6_) / _a2_))) * _a2_));{'d0': {'_a2_': 0.12303773060817697, '_a5_': 3.341566331430518, '_a6_': 0.05996381103167853, '_a0_': 1.0, '_a1_': 1.0, '_a3_': 1.0, '_a4_': 1.0, '_a7_': 1.0}};{'d0': 0.11895310914218805};-186.752225760699;42.61293189232099
1197;-83.7891065858169;(_a2_ ** (_a1_ ** x1));{'d0': {'_a1_': 0.20341217870806366, '_a2_': 0.855055500759432, '_a0_': 1.0, '_a3_': 1.0, '_a4_': 1.0, '_a5_': 1.0, '_a6_': 1.0, '_a7_': 1.0}};{'d0': 0.1124263983613155};-194.232406556034;13.327096692199998
1198;-54.4431281482892;abs(((pow2(x1) + ((x1 + _a5_) / (_a7_ / _a2_))) * _a2_));{'d0': {'_a2_': 0.12303773456890078, '_a5_': 3.3415663986324833, '_a7_': -0.05996381596603167, '_a0_': 1.0, '_a1_': 1.0, '_a3_': 1.0, '_a4_': 1.0, '_a6_': 1.0}};{'d0': 0.11895310914218775};-186.752225760700;38.932984732060596
1199;-54.4431281482892;abs(((pow2(x1) + ((x1 + _a5_) / (_a7_ / _a2_))) * _a2_));{'d0': {'_a2_': 0.12303773456890078, '_a5_': 3.3415663986324833, '_a7_': -0.05996381596603167, '_a0_': 1.0, '_a1_': 1.0, '_a3_': 1.0, '_a4_': 1.0, '_a6_': 1.0}};{'d0': 0.11895310914218775};-186.752225760700;38.932984732060596
1200;-54.4431281482892;abs(((pow2(x1) + ((x1 + _a5_) / (_a7_ / _a2_))) * _a2_));{'d0': {'_a2_': 0.12303773456890078, '_a5_': 3.3415663986324833, '_a7_': -0.05996381596603167, '_a0_': 1.0, '_a1_': 1.0, '_a3_': 1.0, '_a4_': 1.0, '_a6_': 1.0}};{'d0': 0.11895310914218775};-186.752225760700;38.932984732060596
1201;-54.4431281482892;abs(((pow2(x1) + ((x1 + _a5_) / (_a7_ / _a2_))) * _a2_));{'d0': {'_a2_': 0.12303773456890078, '_a5_': 3.3415663986324833, '_a7_': -0.05996381596603167, '_a0_': 1.0, '_a1_': 1.0, '_a3_': 1.0, '_a4_': 1.0, '_a6_': 1.0}};{'d0': 0.11895310914218775};-186.752225760700;38.932984732060596
1202;-54.4431281482892;abs(((pow2(x1) + ((x1 + _a5_) / (_a7_ / _a2_))) * _a2_));{'d0': {'_a2_': 0.12303773456890078, '_a5_': 3.3415663986324833, '_a7_': -0.05996381596603167, '_a0_': 1.0, '_a1_': 1.0, '_a3_': 1.0, '_a4_': 1.0, '_a6_': 1.0}};{'d0': 0.11895310914218775};-186.752225760700;38.932984732060596
1203;-54.4431281482892;abs(((pow2(x1) + ((x1 + _a5_) / (_a7_ / _a2_))) * _a2_));{'d0': {'_a2_': 0.12303773456890078, '_a5_': 3.3415663986324833, '_a7_': -0.05996381596603167, '_a0_': 1.0, '_a1_': 1.0, '_a3_': 1.0, '_a4_': 1.0, '_a6_': 1.0}};{'d0': 0.11895310914218775};-186.752225760700;38.932984732060596
1204;-54.4431281482892;abs(((pow2(x1) + ((x1 + _a5_) / (_a7_ / _a2_))) * _a2_));{'d0': {'_a2_': 0.12303773456890078, '_a5_': 3.3415663986324833, '_a7_': -0.05996381596603167, '_a0_': 1.0, '_a1_': 1.0, '_a3_': 1.0, '_a4_': 1.0, '_a6_': 1.0}};{'d0': 0.11895310914218775};-186.752225760700;38.932984732060596
1205;-83.7891065858169;(_a2_ ** (_a1_ ** x1));{'d0': {'_a1_': 0.20341217870806366, '_a2_': 0.855055500759432, '_a0_': 1.0, '_a3_': 1.0, '_a4_': 1.0, '_a5_': 1.0, '_a6_': 1.0, '_a7_': 1.0}};{'d0': 0.1124263983613155};-194.232406556034;13.327096692199998
1206;-83.7891065858169;(_a2_ ** (_a1_ ** x1));{'d0': {'_a1_': 0.20341217870806366, '_a2_': 0.855055500759432, '_a0_': 1.0, '_a3_': 1.0, '_a4_': 1.0, '_a5_': 1.0, '_a6_': 1.0, '_a7_': 1.0}};{'d0': 0.1124263983613155};-194.232406556034;13.327096692199998
1207;-83.7891065858169;(_a2_ ** (_a1_ ** x1));{'d0': {'_a1_': 0.20341217870806366, '_a2_': 0.855055500759432, '_a0_': 1.0, '_a3_': 1.0, '_a4_': 1.0, '_a5_': 1.0, '_a6_': 1.0, '_a7_': 1.0}};{'d0': 0.1124263983613155};-194.232406556034;13.327096692199998
1208;-83.7891065858169;(_a2_ ** (_a1_ ** x1));{'d0': {'_a1_': 0.20341217870806366, '_a2_': 0.855055500759432, '_a0_': 1.0, '_a3_': 1.0, '_a4_': 1.0, '_a5_': 1.0, '_a6_': 1.0, '_a7_': 1.0}};{'d0': 0.1124263983613155};-194.232406556034;13.327096692199998
1209;-83.7891065858169;(_a2_ ** (_a1_ ** x1));{'d0': {'_a1_': 0.20341217870806366, '_a2_': 0.855055500759432, '_a0_': 1.0, '_a3_': 1.0, '_a4_': 1.0, '_a5_': 1.0, '_a6_': 1.0, '_a7_': 1.0}};{'d0': 0.1124263983613155};-194.232406556034;13.327096692199998
1210;-83.7891065858169;(_a2_ ** (_a1_ ** x1));{'d0': {'_a1_': 0.20341217870806366, '_a2_': 0.855055500759432, '_a0_': 1.0, '_a3_': 1.0, '_a4_': 1.0, '_a5_': 1.0, '_a6_': 1.0, '_a7_': 1.0}};{'d0': 0.1124263983613155};-194.232406556034;13.327096692199998
1211;-83.7891065858169;(_a2_ ** (_a1_ ** x1));{'d0': {'_a1_': 0.20341217870806366, '_a2_': 0.855055500759432, '_a0_': 1.0, '_a3_': 1.0, '_a4_': 1.0, '_a5_': 1.0, '_a6_': 1.0, '_a7_': 1.0}};{'d0': 0.1124263983613155};-194.232406556034;13.327096692199998
1212;-83.7891065858169;(_a2_ ** (_a1_ ** x1));{'d0': {'_a1_': 0.20341217870806366, '_a2_': 0.855055500759432, '_a0_': 1.0, '_a3_': 1.0, '_a4_': 1.0, '_a5_': 1.0, '_a6_': 1.0, '_a7_': 1.0}};{'d0': 0.1124263983613155};-194.232406556034;13.327096692199998
1213;-83.7891065858169;(_a2_ ** (_a1_ ** x1));{'d0': {'_a1_': 0.20341217870806366, '_a2_': 0.855055500759432, '_a0_': 1.0, '_a3_': 1.0, '_a4_': 1.0, '_a5_': 1.0, '_a6_': 1.0, '_a7_': 1.0}};{'d0': 0.1124263983613155};-194.232406556034;13.327096692199998
1214;-83.7891065858169;(_a2_ ** (_a1_ ** x1));{'d0': {'_a1_': 0.20341217870806366, '_a2_': 0.855055500759432, '_a0_': 1.0, '_a3_': 1.0, '_a4_': 1.0, '_a5_': 1.0, '_a6_': 1.0, '_a7_': 1.0}};{'d0': 0.1124263983613155};-194.232406556034;13.327096692199998
1215;-83.7891065858169;(_a2_ ** (_a1_ ** x1));{'d0': {'_a1_': 0.20341217870806366, '_a2_': 0.855055500759432, '_a0_': 1.0, '_a3_': 1.0, '_a4_': 1.0, '_a5_': 1.0, '_a6_': 1.0, '_a7_': 1.0}};{'d0': 0.1124263983613155};-194.232406556034;13.327096692199998
1216;-83.7891065858169;(_a2_ ** (_a1_ ** x1));{'d0': {'_a1_': 0.20341217870806366, '_a2_': 0.855055500759432, '_a0_': 1.0, '_a3_': 1.0, '_a4_': 1.0, '_a5_': 1.0, '_a6_': 1.0, '_a7_': 1.0}};{'d0': 0.1124263983613155};-194.232406556034;13.327096692199998
1217;-83.7891065858169;(_a2_ ** (_a1_ ** x1));{'d0': {'_a1_': 0.20341217870806366, '_a2_': 0.855055500759432, '_a0_': 1.0, '_a3_': 1.0, '_a4_': 1.0, '_a5_': 1.0, '_a6_': 1.0, '_a7_': 1.0}};{'d0': 0.1124263983613155};-194.232406556034;13.327096692199998
1218;-83.7891065858169;(_a2_ ** (_a1_ ** x1));{'d0': {'_a1_': 0.20341217870806366, '_a2_': 0.855055500759432, '_a0_': 1.0, '_a3_': 1.0, '_a4_': 1.0, '_a5_': 1.0, '_a6_': 1.0, '_a7_': 1.0}};{'d0': 0.1124263983613155};-194.232406556034;13.327096692199998
1219;-83.7891065858169;(_a2_ ** (_a1_ ** x1));{'d0': {'_a1_': 0.20341217870806366, '_a2_': 0.855055500759432, '_a0_': 1.0, '_a3_': 1.0, '_a4_': 1.0, '_a5_': 1.0, '_a6_': 1.0, '_a7_': 1.0}};{'d0': 0.1124263983613155};-194.232406556034;13.327096692199998
1220;-83.7891065858169;(_a2_ ** (_a1_ ** x1));{'d0': {'_a1_': 0.20341217870806366, '_a2_': 0.855055500759432, '_a0_': 1.0, '_a3_': 1.0, '_a4_': 1.0, '_a5_': 1.0, '_a6_': 1.0, '_a7_': 1.0}};{'d0': 0.1124263983613155};-194.232406556034;13.327096692199998
1221;-83.7891065858169;(_a2_ ** (_a1_ ** x1));{'d0': {'_a1_': 0.20341217870806366, '_a2_': 0.855055500759432, '_a0_': 1.0, '_a3_': 1.0, '_a4_': 1.0, '_a5_': 1.0, '_a6_': 1.0, '_a7_': 1.0}};{'d0': 0.1124263983613155};-194.232406556034;13.327096692199998
1222;-83.7891065858169;(_a2_ ** (_a1_ ** x1));{'d0': {'_a1_': 0.20341217870806366, '_a2_': 0.855055500759432, '_a0_': 1.0, '_a3_': 1.0, '_a4_': 1.0, '_a5_': 1.0, '_a6_': 1.0, '_a7_': 1.0}};{'d0': 0.1124263983613155};-194.232406556034;13.327096692199998
1223;-83.7891065858169;(_a2_ ** (_a1_ ** x1));{'d0': {'_a1_': 0.20341217870806366, '_a2_': 0.855055500759432, '_a0_': 1.0, '_a3_': 1.0, '_a4_': 1.0, '_a5_': 1.0, '_a6_': 1.0, '_a7_': 1.0}};{'d0': 0.1124263983613155};-194.232406556034;13.327096692199998
1224;-83.7891065858169;(_a2_ ** (_a1_ ** x1));{'d0': {'_a1_': 0.20341217870806366, '_a2_': 0.855055500759432, '_a0_': 1.0, '_a3_': 1.0, '_a4_': 1.0, '_a5_': 1.0, '_a6_': 1.0, '_a7_': 1.0}};{'d0': 0.1124263983613155};-194.232406556034;13.327096692199998
1225;-83.7891065858169;(_a2_ ** (_a1_ ** x1));{'d0': {'_a1_': 0.20341217870806366, '_a2_': 0.855055500759432, '_a0_': 1.0, '_a3_': 1.0, '_a4_': 1.0, '_a5_': 1.0, '_a6_': 1.0, '_a7_': 1.0}};{'d0': 0.1124263983613155};-194.232406556034;13.327096692199998
1226;-83.7891065858169;(_a2_ ** (_a1_ ** x1));{'d0': {'_a1_': 0.20341217870806366, '_a2_': 0.855055500759432, '_a0_': 1.0, '_a3_': 1.0, '_a4_': 1.0, '_a5_': 1.0, '_a6_': 1.0, '_a7_': 1.0}};{'d0': 0.1124263983613155};-194.232406556034;13.327096692199998
1227;-83.7891065858169;(_a2_ ** (_a1_ ** x1));{'d0': {'_a1_': 0.20341217870806366, '_a2_': 0.855055500759432, '_a0_': 1.0, '_a3_': 1.0, '_a4_': 1.0, '_a5_': 1.0, '_a6_': 1.0, '_a7_': 1.0}};{'d0': 0.1124263983613155};-194.232406556034;13.327096692199998
1228;-83.7891065858169;(_a2_ ** (_a1_ ** x1));{'d0': {'_a1_': 0.20341217870806366, '_a2_': 0.855055500759432, '_a0_': 1.0, '_a3_': 1.0, '_a4_': 1.0, '_a5_': 1.0, '_a6_': 1.0, '_a7_': 1.0}};{'d0': 0.1124263983613155};-194.232406556034;13.327096692199998
1229;-83.7891065858169;(_a2_ ** (_a1_ ** x1));{'d0': {'_a1_': 0.20341217870806366, '_a2_': 0.855055500759432, '_a0_': 1.0, '_a3_': 1.0, '_a4_': 1.0, '_a5_': 1.0, '_a6_': 1.0, '_a7_': 1.0}};{'d0': 0.1124263983613155};-194.232406556034;13.327096692199998
1230;-83.7891065858169;(_a2_ ** (_a1_ ** x1));{'d0': {'_a1_': 0.20341217870806366, '_a2_': 0.855055500759432, '_a0_': 1.0, '_a3_': 1.0, '_a4_': 1.0, '_a5_': 1.0, '_a6_': 1.0, '_a7_': 1.0}};{'d0': 0.1124263983613155};-194.232406556034;13.327096692199998
1231;-83.7891065858169;(_a2_ ** (_a1_ ** x1));{'d0': {'_a1_': 0.20341217870806366, '_a2_': 0.855055500759432, '_a0_': 1.0, '_a3_': 1.0, '_a4_': 1.0, '_a5_': 1.0, '_a6_': 1.0, '_a7_': 1.0}};{'d0': 0.1124263983613155};-194.232406556034;13.327096692199998
1232;-83.7891065858169;(_a2_ ** (_a1_ ** x1));{'d0': {'_a1_': 0.20341217870806366, '_a2_': 0.855055500759432, '_a0_': 1.0, '_a3_': 1.0, '_a4_': 1.0, '_a5_': 1.0, '_a6_': 1.0, '_a7_': 1.0}};{'d0': 0.1124263983613155};-194.232406556034;13.327096692199998
1233;-83.7891065858169;(_a2_ ** (_a1_ ** x1));{'d0': {'_a1_': 0.20341217870806366, '_a2_': 0.855055500759432, '_a0_': 1.0, '_a3_': 1.0, '_a4_': 1.0, '_a5_': 1.0, '_a6_': 1.0, '_a7_': 1.0}};{'d0': 0.1124263983613155};-194.232406556034;13.327096692199998
1234;-83.7891065858169;(_a2_ ** (_a1_ ** x1));{'d0': {'_a1_': 0.20341217870806366, '_a2_': 0.855055500759432, '_a0_': 1.0, '_a3_': 1.0, '_a4_': 1.0, '_a5_': 1.0, '_a6_': 1.0, '_a7_': 1.0}};{'d0': 0.1124263983613155};-194.232406556034;13.327096692199998
1235;-83.7891065858169;(_a2_ ** (_a1_ ** x1));{'d0': {'_a1_': 0.20341217870806366, '_a2_': 0.855055500759432, '_a0_': 1.0, '_a3_': 1.0, '_a4_': 1.0, '_a5_': 1.0, '_a6_': 1.0, '_a7_': 1.0}};{'d0': 0.1124263983613155};-194.232406556034;13.327096692199998
1236;-83.7891065858169;(_a2_ ** (_a1_ ** x1));{'d0': {'_a1_': 0.20341217870806366, '_a2_': 0.855055500759432, '_a0_': 1.0, '_a3_': 1.0, '_a4_': 1.0, '_a5_': 1.0, '_a6_': 1.0, '_a7_': 1.0}};{'d0': 0.1124263983613155};-194.232406556034;13.327096692199998
1237;-83.7891065858169;(_a2_ ** (_a1_ ** x1));{'d0': {'_a1_': 0.20341217870806366, '_a2_': 0.855055500759432, '_a0_': 1.0, '_a3_': 1.0, '_a4_': 1.0, '_a5_': 1.0, '_a6_': 1.0, '_a7_': 1.0}};{'d0': 0.1124263983613155};-194.232406556034;13.327096692199998
1238;-83.7891065858169;(_a2_ ** (_a1_ ** x1));{'d0': {'_a1_': 0.20341217870806366, '_a2_': 0.855055500759432, '_a0_': 1.0, '_a3_': 1.0, '_a4_': 1.0, '_a5_': 1.0, '_a6_': 1.0, '_a7_': 1.0}};{'d0': 0.1124263983613155};-194.232406556034;13.327096692199998
1239;-83.7891065858169;(_a2_ ** (_a1_ ** x1));{'d0': {'_a1_': 0.20341217870806366, '_a2_': 0.855055500759432, '_a0_': 1.0, '_a3_': 1.0, '_a4_': 1.0, '_a5_': 1.0, '_a6_': 1.0, '_a7_': 1.0}};{'d0': 0.1124263983613155};-194.232406556034;13.327096692199998
1240;-83.7891065858169;(_a2_ ** (_a1_ ** x1));{'d0': {'_a1_': 0.20341217870806366, '_a2_': 0.855055500759432, '_a0_': 1.0, '_a3_': 1.0, '_a4_': 1.0, '_a5_': 1.0, '_a6_': 1.0, '_a7_': 1.0}};{'d0': 0.1124263983613155};-194.232406556034;13.327096692199998
1241;-83.7891065858169;(_a2_ ** (_a1_ ** x1));{'d0': {'_a1_': 0.20341217870806366, '_a2_': 0.855055500759432, '_a0_': 1.0, '_a3_': 1.0, '_a4_': 1.0, '_a5_': 1.0, '_a6_': 1.0, '_a7_': 1.0}};{'d0': 0.1124263983613155};-194.232406556034;13.327096692199998
1242;-83.7891065858169;(_a2_ ** (_a1_ ** x1));{'d0': {'_a1_': 0.20341217870806366, '_a2_': 0.855055500759432, '_a0_': 1.0, '_a3_': 1.0, '_a4_': 1.0, '_a5_': 1.0, '_a6_': 1.0, '_a7_': 1.0}};{'d0': 0.1124263983613155};-194.232406556034;13.327096692199998
1243;-83.7891065858169;(_a2_ ** (_a1_ ** x1));{'d0': {'_a1_': 0.20341217870806366, '_a2_': 0.855055500759432, '_a0_': 1.0, '_a3_': 1.0, '_a4_': 1.0, '_a5_': 1.0, '_a6_': 1.0, '_a7_': 1.0}};{'d0': 0.1124263983613155};-194.232406556034;13.327096692199998
1244;-83.7891065858169;(_a2_ ** (_a1_ ** x1));{'d0': {'_a1_': 0.20341217870806366, '_a2_': 0.855055500759432, '_a0_': 1.0, '_a3_': 1.0, '_a4_': 1.0, '_a5_': 1.0, '_a6_': 1.0, '_a7_': 1.0}};{'d0': 0.1124263983613155};-194.232406556034;13.327096692199998
1245;-83.7891065858169;(_a2_ ** (_a1_ ** x1));{'d0': {'_a1_': 0.20341217870806366, '_a2_': 0.855055500759432, '_a0_': 1.0, '_a3_': 1.0, '_a4_': 1.0, '_a5_': 1.0, '_a6_': 1.0, '_a7_': 1.0}};{'d0': 0.1124263983613155};-194.232406556034;13.327096692199998
1246;-83.7891065858169;(_a2_ ** (_a1_ ** x1));{'d0': {'_a1_': 0.20341217870806366, '_a2_': 0.855055500759432, '_a0_': 1.0, '_a3_': 1.0, '_a4_': 1.0, '_a5_': 1.0, '_a6_': 1.0, '_a7_': 1.0}};{'d0': 0.1124263983613155};-194.232406556034;13.327096692199998
1247;-83.7891065858169;(_a2_ ** (_a1_ ** x1));{'d0': {'_a1_': 0.20341217870806366, '_a2_': 0.855055500759432, '_a0_': 1.0, '_a3_': 1.0, '_a4_': 1.0, '_a5_': 1.0, '_a6_': 1.0, '_a7_': 1.0}};{'d0': 0.1124263983613155};-194.232406556034;13.327096692199998
1248;-83.7891065858169;(_a2_ ** (_a1_ ** x1));{'d0': {'_a1_': 0.20341217870806366, '_a2_': 0.855055500759432, '_a0_': 1.0, '_a3_': 1.0, '_a4_': 1.0, '_a5_': 1.0, '_a6_': 1.0, '_a7_': 1.0}};{'d0': 0.1124263983613155};-194.232406556034;13.327096692199998
1249;-83.7891065858169;(_a2_ ** (_a1_ ** x1));{'d0': {'_a1_': 0.20341217870806366, '_a2_': 0.855055500759432, '_a0_': 1.0, '_a3_': 1.0, '_a4_': 1.0, '_a5_': 1.0, '_a6_': 1.0, '_a7_': 1.0}};{'d0': 0.1124263983613155};-194.232406556034;13.327096692199998
1250;-83.7891065858169;(_a2_ ** (_a1_ ** x1));{'d0': {'_a1_': 0.20341217870806366, '_a2_': 0.855055500759432, '_a0_': 1.0, '_a3_': 1.0, '_a4_': 1.0, '_a5_': 1.0, '_a6_': 1.0, '_a7_': 1.0}};{'d0': 0.1124263983613155};-194.232406556034;13.327096692199998
1251;-83.7891065858169;(_a2_ ** (_a1_ ** x1));{'d0': {'_a1_': 0.20341217870806366, '_a2_': 0.855055500759432, '_a0_': 1.0, '_a3_': 1.0, '_a4_': 1.0, '_a5_': 1.0, '_a6_': 1.0, '_a7_': 1.0}};{'d0': 0.1124263983613155};-194.232406556034;13.327096692199998
1252;-83.7891065858169;(_a2_ ** (_a1_ ** x1));{'d0': {'_a1_': 0.20341217870806366, '_a2_': 0.855055500759432, '_a0_': 1.0, '_a3_': 1.0, '_a4_': 1.0, '_a5_': 1.0, '_a6_': 1.0, '_a7_': 1.0}};{'d0': 0.1124263983613155};-194.232406556034;13.327096692199998
1253;-83.7891065858169;(_a2_ ** (_a1_ ** x1));{'d0': {'_a1_': 0.20341217870806366, '_a2_': 0.855055500759432, '_a0_': 1.0, '_a3_': 1.0, '_a4_': 1.0, '_a5_': 1.0, '_a6_': 1.0, '_a7_': 1.0}};{'d0': 0.1124263983613155};-194.232406556034;13.327096692199998
1254;-83.7891065858169;(_a2_ ** (_a1_ ** x1));{'d0': {'_a1_': 0.20341217870806366, '_a2_': 0.855055500759432, '_a0_': 1.0, '_a3_': 1.0, '_a4_': 1.0, '_a5_': 1.0, '_a6_': 1.0, '_a7_': 1.0}};{'d0': 0.1124263983613155};-194.232406556034;13.327096692199998
1255;-83.7891065858169;(_a2_ ** (_a1_ ** x1));{'d0': {'_a1_': 0.20341217870806366, '_a2_': 0.855055500759432, '_a0_': 1.0, '_a3_': 1.0, '_a4_': 1.0, '_a5_': 1.0, '_a6_': 1.0, '_a7_': 1.0}};{'d0': 0.1124263983613155};-194.232406556034;13.327096692199998
1256;-83.7891065858169;(_a2_ ** (_a1_ ** x1));{'d0': {'_a1_': 0.20341217870806366, '_a2_': 0.855055500759432, '_a0_': 1.0, '_a3_': 1.0, '_a4_': 1.0, '_a5_': 1.0, '_a6_': 1.0, '_a7_': 1.0}};{'d0': 0.1124263983613155};-194.232406556034;13.327096692199998
1257;-83.7891065858169;(_a2_ ** (_a1_ ** x1));{'d0': {'_a1_': 0.20341217870806366, '_a2_': 0.855055500759432, '_a0_': 1.0, '_a3_': 1.0, '_a4_': 1.0, '_a5_': 1.0, '_a6_': 1.0, '_a7_': 1.0}};{'d0': 0.1124263983613155};-194.232406556034;13.327096692199998
1258;-83.7891065858169;(_a2_ ** (_a1_ ** x1));{'d0': {'_a1_': 0.20341217870806366, '_a2_': 0.855055500759432, '_a0_': 1.0, '_a3_': 1.0, '_a4_': 1.0, '_a5_': 1.0, '_a6_': 1.0, '_a7_': 1.0}};{'d0': 0.1124263983613155};-194.232406556034;13.327096692199998
1259;-83.7891065858169;(_a2_ ** (_a1_ ** x1));{'d0': {'_a1_': 0.20341217870806366, '_a2_': 0.855055500759432, '_a0_': 1.0, '_a3_': 1.0, '_a4_': 1.0, '_a5_': 1.0, '_a6_': 1.0, '_a7_': 1.0}};{'d0': 0.1124263983613155};-194.232406556034;13.327096692199998
1260;-83.7891065858169;(_a2_ ** (_a1_ ** x1));{'d0': {'_a1_': 0.20341217870806366, '_a2_': 0.855055500759432, '_a0_': 1.0, '_a3_': 1.0, '_a4_': 1.0, '_a5_': 1.0, '_a6_': 1.0, '_a7_': 1.0}};{'d0': 0.1124263983613155};-194.232406556034;13.327096692199998
1261;-83.7891065858169;(_a2_ ** (_a1_ ** x1));{'d0': {'_a1_': 0.20341217870806366, '_a2_': 0.855055500759432, '_a0_': 1.0, '_a3_': 1.0, '_a4_': 1.0, '_a5_': 1.0, '_a6_': 1.0, '_a7_': 1.0}};{'d0': 0.1124263983613155};-194.232406556034;13.327096692199998
1262;-83.7891065858169;(_a2_ ** (_a1_ ** x1));{'d0': {'_a1_': 0.20341217870806366, '_a2_': 0.855055500759432, '_a0_': 1.0, '_a3_': 1.0, '_a4_': 1.0, '_a5_': 1.0, '_a6_': 1.0, '_a7_': 1.0}};{'d0': 0.1124263983613155};-194.232406556034;13.327096692199998
1263;-83.7891065858169;(_a2_ ** (_a1_ ** x1));{'d0': {'_a1_': 0.20341217870806366, '_a2_': 0.855055500759432, '_a0_': 1.0, '_a3_': 1.0, '_a4_': 1.0, '_a5_': 1.0, '_a6_': 1.0, '_a7_': 1.0}};{'d0': 0.1124263983613155};-194.232406556034;13.327096692199998
1264;-83.7891065858169;(_a2_ ** (_a1_ ** x1));{'d0': {'_a1_': 0.20341217870806366, '_a2_': 0.855055500759432, '_a0_': 1.0, '_a3_': 1.0, '_a4_': 1.0, '_a5_': 1.0, '_a6_': 1.0, '_a7_': 1.0}};{'d0': 0.1124263983613155};-194.232406556034;13.327096692199998
1265;-83.7891065858169;(_a2_ ** (_a1_ ** x1));{'d0': {'_a1_': 0.20341217870806366, '_a2_': 0.855055500759432, '_a0_': 1.0, '_a3_': 1.0, '_a4_': 1.0, '_a5_': 1.0, '_a6_': 1.0, '_a7_': 1.0}};{'d0': 0.1124263983613155};-194.232406556034;13.327096692199998
1266;-83.7891065858169;(_a2_ ** (_a1_ ** x1));{'d0': {'_a1_': 0.20341217870806366, '_a2_': 0.855055500759432, '_a0_': 1.0, '_a3_': 1.0, '_a4_': 1.0, '_a5_': 1.0, '_a6_': 1.0, '_a7_': 1.0}};{'d0': 0.1124263983613155};-194.232406556034;13.327096692199998
1267;-83.7891065858169;(_a2_ ** (_a1_ ** x1));{'d0': {'_a1_': 0.20341217870806366, '_a2_': 0.855055500759432, '_a0_': 1.0, '_a3_': 1.0, '_a4_': 1.0, '_a5_': 1.0, '_a6_': 1.0, '_a7_': 1.0}};{'d0': 0.1124263983613155};-194.232406556034;13.327096692199998
1268;-83.7891065858169;(_a2_ ** (_a1_ ** x1));{'d0': {'_a1_': 0.20341217870806366, '_a2_': 0.855055500759432, '_a0_': 1.0, '_a3_': 1.0, '_a4_': 1.0, '_a5_': 1.0, '_a6_': 1.0, '_a7_': 1.0}};{'d0': 0.1124263983613155};-194.232406556034;13.327096692199998
1269;-83.7891065858169;(_a2_ ** (_a1_ ** x1));{'d0': {'_a1_': 0.20341217870806366, '_a2_': 0.855055500759432, '_a0_': 1.0, '_a3_': 1.0, '_a4_': 1.0, '_a5_': 1.0, '_a6_': 1.0, '_a7_': 1.0}};{'d0': 0.1124263983613155};-194.232406556034;13.327096692199998
1270;-83.7891065858169;(_a2_ ** (_a1_ ** x1));{'d0': {'_a1_': 0.20341217870806366, '_a2_': 0.855055500759432, '_a0_': 1.0, '_a3_': 1.0, '_a4_': 1.0, '_a5_': 1.0, '_a6_': 1.0, '_a7_': 1.0}};{'d0': 0.1124263983613155};-194.232406556034;13.327096692199998
1271;-83.7891065858169;(_a2_ ** (_a1_ ** x1));{'d0': {'_a1_': 0.20341217870806366, '_a2_': 0.855055500759432, '_a0_': 1.0, '_a3_': 1.0, '_a4_': 1.0, '_a5_': 1.0, '_a6_': 1.0, '_a7_': 1.0}};{'d0': 0.1124263983613155};-194.232406556034;13.327096692199998
1272;-83.7891065858169;(_a2_ ** (_a1_ ** x1));{'d0': {'_a1_': 0.20341217870806366, '_a2_': 0.855055500759432, '_a0_': 1.0, '_a3_': 1.0, '_a4_': 1.0, '_a5_': 1.0, '_a6_': 1.0, '_a7_': 1.0}};{'d0': 0.1124263983613155};-194.232406556034;13.327096692199998
1273;-83.7891065858169;(_a2_ ** (_a1_ ** x1));{'d0': {'_a1_': 0.20341217870806366, '_a2_': 0.855055500759432, '_a0_': 1.0, '_a3_': 1.0, '_a4_': 1.0, '_a5_': 1.0, '_a6_': 1.0, '_a7_': 1.0}};{'d0': 0.1124263983613155};-194.232406556034;13.327096692199998
1274;-83.7891065858169;(_a2_ ** (_a1_ ** x1));{'d0': {'_a1_': 0.20341217870806366, '_a2_': 0.855055500759432, '_a0_': 1.0, '_a3_': 1.0, '_a4_': 1.0, '_a5_': 1.0, '_a6_': 1.0, '_a7_': 1.0}};{'d0': 0.1124263983613155};-194.232406556034;13.327096692199998
1275;-83.7891065858169;(_a2_ ** (_a1_ ** x1));{'d0': {'_a1_': 0.20341217870806366, '_a2_': 0.855055500759432, '_a0_': 1.0, '_a3_': 1.0, '_a4_': 1.0, '_a5_': 1.0, '_a6_': 1.0, '_a7_': 1.0}};{'d0': 0.1124263983613155};-194.232406556034;13.327096692199998
1276;-83.7891065858169;(_a2_ ** (_a1_ ** x1));{'d0': {'_a1_': 0.20341217870806366, '_a2_': 0.855055500759432, '_a0_': 1.0, '_a3_': 1.0, '_a4_': 1.0, '_a5_': 1.0, '_a6_': 1.0, '_a7_': 1.0}};{'d0': 0.1124263983613155};-194.232406556034;13.327096692199998
1277;-83.7891065858169;(_a2_ ** (_a1_ ** x1));{'d0': {'_a1_': 0.20341217870806366, '_a2_': 0.855055500759432, '_a0_': 1.0, '_a3_': 1.0, '_a4_': 1.0, '_a5_': 1.0, '_a6_': 1.0, '_a7_': 1.0}};{'d0': 0.1124263983613155};-194.232406556034;13.327096692199998
1278;-83.7891065858169;(_a2_ ** (_a1_ ** x1));{'d0': {'_a1_': 0.20341217870806366, '_a2_': 0.855055500759432, '_a0_': 1.0, '_a3_': 1.0, '_a4_': 1.0, '_a5_': 1.0, '_a6_': 1.0, '_a7_': 1.0}};{'d0': 0.1124263983613155};-194.232406556034;13.327096692199998
1279;-65.1755757495603;cos((((_a0_ + x1) / _a6_) * _a0_));{'d0': {'_a0_': 566467.2780998672, '_a6_': 1080812.668706009, '_a1_': 1.0, '_a2_': 1.0, '_a3_': 1.0, '_a4_': 1.0, '_a5_': 1.0, '_a7_': 1.0}};{'d0': 0.15383808695018514};-175.416292848108;22.532570674493392
1280;-65.1755757495603;cos((((_a0_ + x1) / _a6_) * _a0_));{'d0': {'_a0_': 566467.2780998672, '_a6_': 1080812.668706009, '_a1_': 1.0, '_a2_': 1.0, '_a3_': 1.0, '_a4_': 1.0, '_a5_': 1.0, '_a7_': 1.0}};{'d0': 0.15383808695018514};-175.416292848108;22.532570674493392
1281;-65.1755757495603;cos((((_a0_ + x1) / _a6_) * _a0_));{'d0': {'_a0_': 566467.2780998672, '_a6_': 1080812.668706009, '_a1_': 1.0, '_a2_': 1.0, '_a3_': 1.0, '_a4_': 1.0, '_a5_': 1.0, '_a7_': 1.0}};{'d0': 0.15383808695018514};-175.416292848108;22.532570674493392
1282;-65.1755757495603;cos((((_a0_ + x1) / _a6_) * _a0_));{'d0': {'_a0_': 566467.2780998672, '_a6_': 1080812.668706009, '_a1_': 1.0, '_a2_': 1.0, '_a3_': 1.0, '_a4_': 1.0, '_a5_': 1.0, '_a7_': 1.0}};{'d0': 0.15383808695018514};-175.416292848108;22.532570674493392
1283;-65.1755757495603;cos((((_a0_ + x1) / _a6_) * _a0_));{'d0': {'_a0_': 566467.2780998672, '_a6_': 1080812.668706009, '_a1_': 1.0, '_a2_': 1.0, '_a3_': 1.0, '_a4_': 1.0, '_a5_': 1.0, '_a7_': 1.0}};{'d0': 0.15383808695018514};-175.416292848108;22.532570674493392
1284;-65.1755757495603;cos((((_a0_ + x1) / _a6_) * _a0_));{'d0': {'_a0_': 566467.2780998672, '_a6_': 1080812.668706009, '_a1_': 1.0, '_a2_': 1.0, '_a3_': 1.0, '_a4_': 1.0, '_a5_': 1.0, '_a7_': 1.0}};{'d0': 0.15383808695018514};-175.416292848108;22.532570674493392
1285;-65.1755757495603;cos((((_a0_ + x1) / _a6_) * _a0_));{'d0': {'_a0_': 566467.2780998672, '_a6_': 1080812.668706009, '_a1_': 1.0, '_a2_': 1.0, '_a3_': 1.0, '_a4_': 1.0, '_a5_': 1.0, '_a7_': 1.0}};{'d0': 0.15383808695018514};-175.416292848108;22.532570674493392
1286;-65.1755757495603;cos((((_a0_ + x1) / _a6_) * _a0_));{'d0': {'_a0_': 566467.2780998672, '_a6_': 1080812.668706009, '_a1_': 1.0, '_a2_': 1.0, '_a3_': 1.0, '_a4_': 1.0, '_a5_': 1.0, '_a7_': 1.0}};{'d0': 0.15383808695018514};-175.416292848108;22.532570674493392
1287;-65.1755757495603;cos((((_a0_ + x1) / _a6_) * _a0_));{'d0': {'_a0_': 566467.2780998672, '_a6_': 1080812.668706009, '_a1_': 1.0, '_a2_': 1.0, '_a3_': 1.0, '_a4_': 1.0, '_a5_': 1.0, '_a7_': 1.0}};{'d0': 0.15383808695018514};-175.416292848108;22.532570674493392
1288;-65.1755757495603;cos((((_a0_ + x1) / _a6_) * _a0_));{'d0': {'_a0_': 566467.2780998672, '_a6_': 1080812.668706009, '_a1_': 1.0, '_a2_': 1.0, '_a3_': 1.0, '_a4_': 1.0, '_a5_': 1.0, '_a7_': 1.0}};{'d0': 0.15383808695018514};-175.416292848108;22.532570674493392
1289;-83.7891065858169;(_a2_ ** (_a1_ ** x1));{'d0': {'_a1_': 0.20341217870806366, '_a2_': 0.855055500759432, '_a0_': 1.0, '_a3_': 1.0, '_a4_': 1.0, '_a5_': 1.0, '_a6_': 1.0, '_a7_': 1.0}};{'d0': 0.1124263983613155};-194.232406556034;13.327096692199998
1290;-83.7891065858169;(_a2_ ** (_a1_ ** x1));{'d0': {'_a1_': 0.20341217870806366, '_a2_': 0.855055500759432, '_a0_': 1.0, '_a3_': 1.0, '_a4_': 1.0, '_a5_': 1.0, '_a6_': 1.0, '_a7_': 1.0}};{'d0': 0.1124263983613155};-194.232406556034;13.327096692199998
1291;-83.7891065858169;(_a2_ ** (_a1_ ** x1));{'d0': {'_a1_': 0.20341217870806366, '_a2_': 0.855055500759432, '_a0_': 1.0, '_a3_': 1.0, '_a4_': 1.0, '_a5_': 1.0, '_a6_': 1.0, '_a7_': 1.0}};{'d0': 0.1124263983613155};-194.232406556034;13.327096692199998
1292;-83.7891065858169;(_a2_ ** (_a1_ ** x1));{'d0': {'_a1_': 0.20341217870806366, '_a2_': 0.855055500759432, '_a0_': 1.0, '_a3_': 1.0, '_a4_': 1.0, '_a5_': 1.0, '_a6_': 1.0, '_a7_': 1.0}};{'d0': 0.1124263983613155};-194.232406556034;13.327096692199998
1293;-83.7891065858169;(_a2_ ** (_a1_ ** x1));{'d0': {'_a1_': 0.20341217870806366, '_a2_': 0.855055500759432, '_a0_': 1.0, '_a3_': 1.0, '_a4_': 1.0, '_a5_': 1.0, '_a6_': 1.0, '_a7_': 1.0}};{'d0': 0.1124263983613155};-194.232406556034;13.327096692199998
1294;-83.7891065858169;(_a2_ ** (_a1_ ** x1));{'d0': {'_a1_': 0.20341217870806366, '_a2_': 0.855055500759432, '_a0_': 1.0, '_a3_': 1.0, '_a4_': 1.0, '_a5_': 1.0, '_a6_': 1.0, '_a7_': 1.0}};{'d0': 0.1124263983613155};-194.232406556034;13.327096692199998
1295;-83.7891065858169;(_a2_ ** (_a1_ ** x1));{'d0': {'_a1_': 0.20341217870806366, '_a2_': 0.855055500759432, '_a0_': 1.0, '_a3_': 1.0, '_a4_': 1.0, '_a5_': 1.0, '_a6_': 1.0, '_a7_': 1.0}};{'d0': 0.1124263983613155};-194.232406556034;13.327096692199998
1296;-83.7891065858169;(_a2_ ** (_a1_ ** x1));{'d0': {'_a1_': 0.20341217870806366, '_a2_': 0.855055500759432, '_a0_': 1.0, '_a3_': 1.0, '_a4_': 1.0, '_a5_': 1.0, '_a6_': 1.0, '_a7_': 1.0}};{'d0': 0.1124263983613155};-194.232406556034;13.327096692199998
1297;-83.7891065858169;(_a2_ ** (_a1_ ** x1));{'d0': {'_a1_': 0.20341217870806366, '_a2_': 0.855055500759432, '_a0_': 1.0, '_a3_': 1.0, '_a4_': 1.0, '_a5_': 1.0, '_a6_': 1.0, '_a7_': 1.0}};{'d0': 0.1124263983613155};-194.232406556034;13.327096692199998
1298;-83.7891065858169;(_a2_ ** (_a1_ ** x1));{'d0': {'_a1_': 0.20341217870806366, '_a2_': 0.855055500759432, '_a0_': 1.0, '_a3_': 1.0, '_a4_': 1.0, '_a5_': 1.0, '_a6_': 1.0, '_a7_': 1.0}};{'d0': 0.1124263983613155};-194.232406556034;13.327096692199998
1299;-83.7891065858169;(_a2_ ** (_a1_ ** x1));{'d0': {'_a1_': 0.20341217870806366, '_a2_': 0.855055500759432, '_a0_': 1.0, '_a3_': 1.0, '_a4_': 1.0, '_a5_': 1.0, '_a6_': 1.0, '_a7_': 1.0}};{'d0': 0.1124263983613155};-194.232406556034;13.327096692199998
1300;-83.7891065858169;(_a2_ ** (_a1_ ** x1));{'d0': {'_a1_': 0.20341217870806366, '_a2_': 0.855055500759432, '_a0_': 1.0, '_a3_': 1.0, '_a4_': 1.0, '_a5_': 1.0, '_a6_': 1.0, '_a7_': 1.0}};{'d0': 0.1124263983613155};-194.232406556034;13.327096692199998
1301;-83.7891065858169;(_a2_ ** (_a1_ ** x1));{'d0': {'_a1_': 0.20341217870806366, '_a2_': 0.855055500759432, '_a0_': 1.0, '_a3_': 1.0, '_a4_': 1.0, '_a5_': 1.0, '_a6_': 1.0, '_a7_': 1.0}};{'d0': 0.1124263983613155};-194.232406556034;13.327096692199998
1302;-83.7891065858169;(_a2_ ** (_a1_ ** x1));{'d0': {'_a1_': 0.20341217870806366, '_a2_': 0.855055500759432, '_a0_': 1.0, '_a3_': 1.0, '_a4_': 1.0, '_a5_': 1.0, '_a6_': 1.0, '_a7_': 1.0}};{'d0': 0.1124263983613155};-194.232406556034;13.327096692199998
1303;-83.7891065858169;(_a2_ ** (_a1_ ** x1));{'d0': {'_a1_': 0.20341217870806366, '_a2_': 0.855055500759432, '_a0_': 1.0, '_a3_': 1.0, '_a4_': 1.0, '_a5_': 1.0, '_a6_': 1.0, '_a7_': 1.0}};{'d0': 0.1124263983613155};-194.232406556034;13.327096692199998
1304;-83.7891065858169;(_a2_ ** (_a1_ ** x1));{'d0': {'_a1_': 0.20341217870806366, '_a2_': 0.855055500759432, '_a0_': 1.0, '_a3_': 1.0, '_a4_': 1.0, '_a5_': 1.0, '_a6_': 1.0, '_a7_': 1.0}};{'d0': 0.1124263983613155};-194.232406556034;13.327096692199998
1305;-83.7891065858169;(_a2_ ** (_a1_ ** x1));{'d0': {'_a1_': 0.20341217870806366, '_a2_': 0.855055500759432, '_a0_': 1.0, '_a3_': 1.0, '_a4_': 1.0, '_a5_': 1.0, '_a6_': 1.0, '_a7_': 1.0}};{'d0': 0.1124263983613155};-194.232406556034;13.327096692199998
1306;-83.7891065858169;(_a2_ ** (_a1_ ** x1));{'d0': {'_a1_': 0.20341217870806366, '_a2_': 0.855055500759432, '_a0_': 1.0, '_a3_': 1.0, '_a4_': 1.0, '_a5_': 1.0, '_a6_': 1.0, '_a7_': 1.0}};{'d0': 0.1124263983613155};-194.232406556034;13.327096692199998
1307;-83.7891065858169;(_a2_ ** (_a1_ ** x1));{'d0': {'_a1_': 0.20341217870806366, '_a2_': 0.855055500759432, '_a0_': 1.0, '_a3_': 1.0, '_a4_': 1.0, '_a5_': 1.0, '_a6_': 1.0, '_a7_': 1.0}};{'d0': 0.1124263983613155};-194.232406556034;13.327096692199998
1308;-83.7891065858169;(_a2_ ** (_a1_ ** x1));{'d0': {'_a1_': 0.20341217870806366, '_a2_': 0.855055500759432, '_a0_': 1.0, '_a3_': 1.0, '_a4_': 1.0, '_a5_': 1.0, '_a6_': 1.0, '_a7_': 1.0}};{'d0': 0.1124263983613155};-194.232406556034;13.327096692199998
1309;-65.1755361261758;cos((((_a6_ + x1) / _a6_) * _a0_));{'d0': {'_a0_': 566466.2846058223, '_a6_': 1079949.708997682, '_a1_': 1.0, '_a2_': 1.0, '_a3_': 1.0, '_a4_': 1.0, '_a5_': 1.0, '_a7_': 1.0}};{'d0': 0.15383829013650854};-175.416213601338;22.532570674493392
1310;-65.1755361261758;cos((((_a6_ + x1) / _a6_) * _a0_));{'d0': {'_a0_': 566466.2846058223, '_a6_': 1079949.708997682, '_a1_': 1.0, '_a2_': 1.0, '_a3_': 1.0, '_a4_': 1.0, '_a5_': 1.0, '_a7_': 1.0}};{'d0': 0.15383829013650854};-175.416213601338;22.532570674493392
1311;-65.1755361261758;cos((((_a6_ + x1) / _a6_) * _a0_));{'d0': {'_a0_': 566466.2846058223, '_a6_': 1079949.708997682, '_a1_': 1.0, '_a2_': 1.0, '_a3_': 1.0, '_a4_': 1.0, '_a5_': 1.0, '_a7_': 1.0}};{'d0': 0.15383829013650854};-175.416213601338;22.532570674493392
1312;-65.1755361261758;cos((((_a6_ + x1) / _a6_) * _a0_));{'d0': {'_a0_': 566466.2846058223, '_a6_': 1079949.708997682, '_a1_': 1.0, '_a2_': 1.0, '_a3_': 1.0, '_a4_': 1.0, '_a5_': 1.0, '_a7_': 1.0}};{'d0': 0.15383829013650854};-175.416213601338;22.532570674493392
1313;-83.7891065858169;(_a2_ ** (_a1_ ** x1));{'d0': {'_a1_': 0.20341217870806366, '_a2_': 0.855055500759432, '_a0_': 1.0, '_a3_': 1.0, '_a4_': 1.0, '_a5_': 1.0, '_a6_': 1.0, '_a7_': 1.0}};{'d0': 0.1124263983613155};-194.232406556034;13.327096692199998
1314;-83.7891065858169;(_a2_ ** (_a1_ ** x1));{'d0': {'_a1_': 0.20341217870806366, '_a2_': 0.855055500759432, '_a0_': 1.0, '_a3_': 1.0, '_a4_': 1.0, '_a5_': 1.0, '_a6_': 1.0, '_a7_': 1.0}};{'d0': 0.1124263983613155};-194.232406556034;13.327096692199998
1315;-83.7891065858169;(_a2_ ** (_a1_ ** x1));{'d0': {'_a1_': 0.20341217870806366, '_a2_': 0.855055500759432, '_a0_': 1.0, '_a3_': 1.0, '_a4_': 1.0, '_a5_': 1.0, '_a6_': 1.0, '_a7_': 1.0}};{'d0': 0.1124263983613155};-194.232406556034;13.327096692199998
1316;-83.7891065858169;(_a2_ ** (_a1_ ** x1));{'d0': {'_a1_': 0.20341217870806366, '_a2_': 0.855055500759432, '_a0_': 1.0, '_a3_': 1.0, '_a4_': 1.0, '_a5_': 1.0, '_a6_': 1.0, '_a7_': 1.0}};{'d0': 0.1124263983613155};-194.232406556034;13.327096692199998
1317;-83.7891065858169;(_a2_ ** (_a1_ ** x1));{'d0': {'_a1_': 0.20341217870806366, '_a2_': 0.855055500759432, '_a0_': 1.0, '_a3_': 1.0, '_a4_': 1.0, '_a5_': 1.0, '_a6_': 1.0, '_a7_': 1.0}};{'d0': 0.1124263983613155};-194.232406556034;13.327096692199998
1318;-83.7891065858169;(_a2_ ** (_a1_ ** x1));{'d0': {'_a1_': 0.20341217870806366, '_a2_': 0.855055500759432, '_a0_': 1.0, '_a3_': 1.0, '_a4_': 1.0, '_a5_': 1.0, '_a6_': 1.0, '_a7_': 1.0}};{'d0': 0.1124263983613155};-194.232406556034;13.327096692199998
1319;-83.7891065858169;(_a2_ ** (_a1_ ** x1));{'d0': {'_a1_': 0.20341217870806366, '_a2_': 0.855055500759432, '_a0_': 1.0, '_a3_': 1.0, '_a4_': 1.0, '_a5_': 1.0, '_a6_': 1.0, '_a7_': 1.0}};{'d0': 0.1124263983613155};-194.232406556034;13.327096692199998
1320;-83.7891065858169;(_a2_ ** (_a1_ ** x1));{'d0': {'_a1_': 0.20341217870806366, '_a2_': 0.855055500759432, '_a0_': 1.0, '_a3_': 1.0, '_a4_': 1.0, '_a5_': 1.0, '_a6_': 1.0, '_a7_': 1.0}};{'d0': 0.1124263983613155};-194.232406556034;13.327096692199998
1321;-83.7891065858169;(_a2_ ** (_a1_ ** x1));{'d0': {'_a1_': 0.20341217870806366, '_a2_': 0.855055500759432, '_a0_': 1.0, '_a3_': 1.0, '_a4_': 1.0, '_a5_': 1.0, '_a6_': 1.0, '_a7_': 1.0}};{'d0': 0.1124263983613155};-194.232406556034;13.327096692199998
1322;-83.7891065858169;(_a2_ ** (_a1_ ** x1));{'d0': {'_a1_': 0.20341217870806366, '_a2_': 0.855055500759432, '_a0_': 1.0, '_a3_': 1.0, '_a4_': 1.0, '_a5_': 1.0, '_a6_': 1.0, '_a7_': 1.0}};{'d0': 0.1124263983613155};-194.232406556034;13.327096692199998
1323;-83.7891065858169;(_a2_ ** (_a1_ ** x1));{'d0': {'_a1_': 0.20341217870806366, '_a2_': 0.855055500759432, '_a0_': 1.0, '_a3_': 1.0, '_a4_': 1.0, '_a5_': 1.0, '_a6_': 1.0, '_a7_': 1.0}};{'d0': 0.1124263983613155};-194.232406556034;13.327096692199998
1324;-83.7891065858169;(_a2_ ** (_a1_ ** x1));{'d0': {'_a1_': 0.20341217870806366, '_a2_': 0.855055500759432, '_a0_': 1.0, '_a3_': 1.0, '_a4_': 1.0, '_a5_': 1.0, '_a6_': 1.0, '_a7_': 1.0}};{'d0': 0.1124263983613155};-194.232406556034;13.327096692199998
1325;-83.7891065858169;(_a2_ ** (_a1_ ** x1));{'d0': {'_a1_': 0.20341217870806366, '_a2_': 0.855055500759432, '_a0_': 1.0, '_a3_': 1.0, '_a4_': 1.0, '_a5_': 1.0, '_a6_': 1.0, '_a7_': 1.0}};{'d0': 0.1124263983613155};-194.232406556034;13.327096692199998
1326;-80.0911721129563;(_a2_ ** (pow2(_a1_) ** x1));{'d0': {'_a1_': 0.451012601330536, '_a2_': 0.8550553797783207, '_a0_': 1.0, '_a3_': 1.0, '_a4_': 1.0, '_a5_': 1.0, '_a6_': 1.0, '_a7_': 1.0}};{'d0': 0.11242639836225438};-194.232406555533;17.02503116481
1327;-80.0911721129563;(_a2_ ** (pow2(_a1_) ** x1));{'d0': {'_a1_': 0.451012601330536, '_a2_': 0.8550553797783207, '_a0_': 1.0, '_a3_': 1.0, '_a4_': 1.0, '_a5_': 1.0, '_a6_': 1.0, '_a7_': 1.0}};{'d0': 0.11242639836225438};-194.232406555533;17.02503116481
1328;-80.0911721129563;(_a2_ ** (pow2(_a1_) ** x1));{'d0': {'_a1_': 0.451012601330536, '_a2_': 0.8550553797783207, '_a0_': 1.0, '_a3_': 1.0, '_a4_': 1.0, '_a5_': 1.0, '_a6_': 1.0, '_a7_': 1.0}};{'d0': 0.11242639836225438};-194.232406555533;17.02503116481
1329;-80.0911721129563;(_a2_ ** (pow2(_a1_) ** x1));{'d0': {'_a1_': 0.451012601330536, '_a2_': 0.8550553797783207, '_a0_': 1.0, '_a3_': 1.0, '_a4_': 1.0, '_a5_': 1.0, '_a6_': 1.0, '_a7_': 1.0}};{'d0': 0.11242639836225438};-194.232406555533;17.02503116481
1330;-80.0911721129563;(_a2_ ** (pow2(_a1_) ** x1));{'d0': {'_a1_': 0.451012601330536, '_a2_': 0.8550553797783207, '_a0_': 1.0, '_a3_': 1.0, '_a4_': 1.0, '_a5_': 1.0, '_a6_': 1.0, '_a7_': 1.0}};{'d0': 0.11242639836225438};-194.232406555533;17.02503116481
1331;-80.0911721129563;(_a2_ ** (pow2(_a1_) ** x1));{'d0': {'_a1_': 0.451012601330536, '_a2_': 0.8550553797783207, '_a0_': 1.0, '_a3_': 1.0, '_a4_': 1.0, '_a5_': 1.0, '_a6_': 1.0, '_a7_': 1.0}};{'d0': 0.11242639836225438};-194.232406555533;17.02503116481
1332;-80.0911721129563;(_a2_ ** (pow2(_a1_) ** x1));{'d0': {'_a1_': 0.451012601330536, '_a2_': 0.8550553797783207, '_a0_': 1.0, '_a3_': 1.0, '_a4_': 1.0, '_a5_': 1.0, '_a6_': 1.0, '_a7_': 1.0}};{'d0': 0.11242639836225438};-194.232406555533;17.02503116481
1333;-80.0911721129563;(_a2_ ** (pow2(_a1_) ** x1));{'d0': {'_a1_': 0.451012601330536, '_a2_': 0.8550553797783207, '_a0_': 1.0, '_a3_': 1.0, '_a4_': 1.0, '_a5_': 1.0, '_a6_': 1.0, '_a7_': 1.0}};{'d0': 0.11242639836225438};-194.232406555533;17.02503116481
1334;-80.0911721129563;(_a2_ ** (pow2(_a1_) ** x1));{'d0': {'_a1_': 0.451012601330536, '_a2_': 0.8550553797783207, '_a0_': 1.0, '_a3_': 1.0, '_a4_': 1.0, '_a5_': 1.0, '_a6_': 1.0, '_a7_': 1.0}};{'d0': 0.11242639836225438};-194.232406555533;17.02503116481
1335;-80.0911721129563;(_a2_ ** (pow2(_a1_) ** x1));{'d0': {'_a1_': 0.451012601330536, '_a2_': 0.8550553797783207, '_a0_': 1.0, '_a3_': 1.0, '_a4_': 1.0, '_a5_': 1.0, '_a6_': 1.0, '_a7_': 1.0}};{'d0': 0.11242639836225438};-194.232406555533;17.02503116481
1336;-80.0911721129563;(_a2_ ** (pow2(_a1_) ** x1));{'d0': {'_a1_': 0.451012601330536, '_a2_': 0.8550553797783207, '_a0_': 1.0, '_a3_': 1.0, '_a4_': 1.0, '_a5_': 1.0, '_a6_': 1.0, '_a7_': 1.0}};{'d0': 0.11242639836225438};-194.232406555533;17.02503116481
1337;-80.0911721129563;(_a2_ ** (pow2(_a1_) ** x1));{'d0': {'_a1_': 0.451012601330536, '_a2_': 0.8550553797783207, '_a0_': 1.0, '_a3_': 1.0, '_a4_': 1.0, '_a5_': 1.0, '_a6_': 1.0, '_a7_': 1.0}};{'d0': 0.11242639836225438};-194.232406555533;17.02503116481
1338;-80.0911721129563;(_a2_ ** (pow2(_a1_) ** x1));{'d0': {'_a1_': 0.451012601330536, '_a2_': 0.8550553797783207, '_a0_': 1.0, '_a3_': 1.0, '_a4_': 1.0, '_a5_': 1.0, '_a6_': 1.0, '_a7_': 1.0}};{'d0': 0.11242639836225438};-194.232406555533;17.02503116481
1339;-83.7891065858169;(_a2_ ** (_a1_ ** x1));{'d0': {'_a1_': 0.20341217870806366, '_a2_': 0.855055500759432, '_a0_': 1.0, '_a3_': 1.0, '_a4_': 1.0, '_a5_': 1.0, '_a6_': 1.0, '_a7_': 1.0}};{'d0': 0.1124263983613155};-194.232406556034;13.327096692199998
1340;-83.7891065858169;(_a2_ ** (_a1_ ** x1));{'d0': {'_a1_': 0.20341217870806366, '_a2_': 0.855055500759432, '_a0_': 1.0, '_a3_': 1.0, '_a4_': 1.0, '_a5_': 1.0, '_a6_': 1.0, '_a7_': 1.0}};{'d0': 0.1124263983613155};-194.232406556034;13.327096692199998
1341;-83.7891065858169;(_a2_ ** (_a1_ ** x1));{'d0': {'_a1_': 0.20341217870806366, '_a2_': 0.855055500759432, '_a0_': 1.0, '_a3_': 1.0, '_a4_': 1.0, '_a5_': 1.0, '_a6_': 1.0, '_a7_': 1.0}};{'d0': 0.1124263983613155};-194.232406556034;13.327096692199998
1342;-83.7891065858169;(_a2_ ** (_a1_ ** x1));{'d0': {'_a1_': 0.20341217870806366, '_a2_': 0.855055500759432, '_a0_': 1.0, '_a3_': 1.0, '_a4_': 1.0, '_a5_': 1.0, '_a6_': 1.0, '_a7_': 1.0}};{'d0': 0.1124263983613155};-194.232406556034;13.327096692199998
1343;-83.7891065858169;(_a2_ ** (_a1_ ** x1));{'d0': {'_a1_': 0.20341217870806366, '_a2_': 0.855055500759432, '_a0_': 1.0, '_a3_': 1.0, '_a4_': 1.0, '_a5_': 1.0, '_a6_': 1.0, '_a7_': 1.0}};{'d0': 0.1124263983613155};-194.232406556034;13.327096692199998
1344;-83.7891065858169;(_a2_ ** (_a1_ ** x1));{'d0': {'_a1_': 0.20341217870806366, '_a2_': 0.855055500759432, '_a0_': 1.0, '_a3_': 1.0, '_a4_': 1.0, '_a5_': 1.0, '_a6_': 1.0, '_a7_': 1.0}};{'d0': 0.1124263983613155};-194.232406556034;13.327096692199998
1345;-83.7891065858169;(_a2_ ** (_a1_ ** x1));{'d0': {'_a1_': 0.20341217870806366, '_a2_': 0.855055500759432, '_a0_': 1.0, '_a3_': 1.0, '_a4_': 1.0, '_a5_': 1.0, '_a6_': 1.0, '_a7_': 1.0}};{'d0': 0.1124263983613155};-194.232406556034;13.327096692199998
1346;-83.7891065858169;(_a2_ ** (_a1_ ** x1));{'d0': {'_a1_': 0.20341217870806366, '_a2_': 0.855055500759432, '_a0_': 1.0, '_a3_': 1.0, '_a4_': 1.0, '_a5_': 1.0, '_a6_': 1.0, '_a7_': 1.0}};{'d0': 0.1124263983613155};-194.232406556034;13.327096692199998
1347;-83.7891065858169;(_a2_ ** (_a1_ ** x1));{'d0': {'_a1_': 0.20341217870806366, '_a2_': 0.855055500759432, '_a0_': 1.0, '_a3_': 1.0, '_a4_': 1.0, '_a5_': 1.0, '_a6_': 1.0, '_a7_': 1.0}};{'d0': 0.1124263983613155};-194.232406556034;13.327096692199998
1348;-83.7891065858169;(_a2_ ** (_a1_ ** x1));{'d0': {'_a1_': 0.20341217870806366, '_a2_': 0.855055500759432, '_a0_': 1.0, '_a3_': 1.0, '_a4_': 1.0, '_a5_': 1.0, '_a6_': 1.0, '_a7_': 1.0}};{'d0': 0.1124263983613155};-194.232406556034;13.327096692199998
1349;-83.7891065858169;(_a2_ ** (_a1_ ** x1));{'d0': {'_a1_': 0.20341217870806366, '_a2_': 0.855055500759432, '_a0_': 1.0, '_a3_': 1.0, '_a4_': 1.0, '_a5_': 1.0, '_a6_': 1.0, '_a7_': 1.0}};{'d0': 0.1124263983613155};-194.232406556034;13.327096692199998
1350;-83.7891065858169;(_a2_ ** (_a1_ ** x1));{'d0': {'_a1_': 0.20341217870806366, '_a2_': 0.855055500759432, '_a0_': 1.0, '_a3_': 1.0, '_a4_': 1.0, '_a5_': 1.0, '_a6_': 1.0, '_a7_': 1.0}};{'d0': 0.1124263983613155};-194.232406556034;13.327096692199998
1351;-83.7891065858169;(_a2_ ** (_a1_ ** x1));{'d0': {'_a1_': 0.20341217870806366, '_a2_': 0.855055500759432, '_a0_': 1.0, '_a3_': 1.0, '_a4_': 1.0, '_a5_': 1.0, '_a6_': 1.0, '_a7_': 1.0}};{'d0': 0.1124263983613155};-194.232406556034;13.327096692199998
1352;-83.7891065858169;(_a2_ ** (_a1_ ** x1));{'d0': {'_a1_': 0.20341217870806366, '_a2_': 0.855055500759432, '_a0_': 1.0, '_a3_': 1.0, '_a4_': 1.0, '_a5_': 1.0, '_a6_': 1.0, '_a7_': 1.0}};{'d0': 0.1124263983613155};-194.232406556034;13.327096692199998
1353;-83.7891065858169;(_a2_ ** (_a1_ ** x1));{'d0': {'_a1_': 0.20341217870806366, '_a2_': 0.855055500759432, '_a0_': 1.0, '_a3_': 1.0, '_a4_': 1.0, '_a5_': 1.0, '_a6_': 1.0, '_a7_': 1.0}};{'d0': 0.1124263983613155};-194.232406556034;13.327096692199998
1354;-83.7891065858169;(_a2_ ** (_a1_ ** x1));{'d0': {'_a1_': 0.20341217870806366, '_a2_': 0.855055500759432, '_a0_': 1.0, '_a3_': 1.0, '_a4_': 1.0, '_a5_': 1.0, '_a6_': 1.0, '_a7_': 1.0}};{'d0': 0.1124263983613155};-194.232406556034;13.327096692199998
1355;-83.7891065858169;(_a2_ ** (_a1_ ** x1));{'d0': {'_a1_': 0.20341217870806366, '_a2_': 0.855055500759432, '_a0_': 1.0, '_a3_': 1.0, '_a4_': 1.0, '_a5_': 1.0, '_a6_': 1.0, '_a7_': 1.0}};{'d0': 0.1124263983613155};-194.232406556034;13.327096692199998
1356;-83.7891065858169;(_a2_ ** (_a1_ ** x1));{'d0': {'_a1_': 0.20341217870806366, '_a2_': 0.855055500759432, '_a0_': 1.0, '_a3_': 1.0, '_a4_': 1.0, '_a5_': 1.0, '_a6_': 1.0, '_a7_': 1.0}};{'d0': 0.1124263983613155};-194.232406556034;13.327096692199998
1357;-83.7891065858169;(_a2_ ** (_a1_ ** x1));{'d0': {'_a1_': 0.20341217870806366, '_a2_': 0.855055500759432, '_a0_': 1.0, '_a3_': 1.0, '_a4_': 1.0, '_a5_': 1.0, '_a6_': 1.0, '_a7_': 1.0}};{'d0': 0.1124263983613155};-194.232406556034;13.327096692199998
1358;-83.7891065858169;(_a2_ ** (_a1_ ** x1));{'d0': {'_a1_': 0.20341217870806366, '_a2_': 0.855055500759432, '_a0_': 1.0, '_a3_': 1.0, '_a4_': 1.0, '_a5_': 1.0, '_a6_': 1.0, '_a7_': 1.0}};{'d0': 0.1124263983613155};-194.232406556034;13.327096692199998
1359;-83.7891065858169;(_a2_ ** (_a1_ ** x1));{'d0': {'_a1_': 0.20341217870806366, '_a2_': 0.855055500759432, '_a0_': 1.0, '_a3_': 1.0, '_a4_': 1.0, '_a5_': 1.0, '_a6_': 1.0, '_a7_': 1.0}};{'d0': 0.1124263983613155};-194.232406556034;13.327096692199998
1360;-83.7891065858169;(_a2_ ** (_a1_ ** x1));{'d0': {'_a1_': 0.20341217870806366, '_a2_': 0.855055500759432, '_a0_': 1.0, '_a3_': 1.0, '_a4_': 1.0, '_a5_': 1.0, '_a6_': 1.0, '_a7_': 1.0}};{'d0': 0.1124263983613155};-194.232406556034;13.327096692199998
1361;-83.7891065858169;(_a2_ ** (_a1_ ** x1));{'d0': {'_a1_': 0.20341217870806366, '_a2_': 0.855055500759432, '_a0_': 1.0, '_a3_': 1.0, '_a4_': 1.0, '_a5_': 1.0, '_a6_': 1.0, '_a7_': 1.0}};{'d0': 0.1124263983613155};-194.232406556034;13.327096692199998
1362;-83.7891065858169;(_a2_ ** (_a1_ ** x1));{'d0': {'_a1_': 0.20341217870806366, '_a2_': 0.855055500759432, '_a0_': 1.0, '_a3_': 1.0, '_a4_': 1.0, '_a5_': 1.0, '_a6_': 1.0, '_a7_': 1.0}};{'d0': 0.1124263983613155};-194.232406556034;13.327096692199998
1363;-83.7891065858169;(_a2_ ** (_a1_ ** x1));{'d0': {'_a1_': 0.20341217870806366, '_a2_': 0.855055500759432, '_a0_': 1.0, '_a3_': 1.0, '_a4_': 1.0, '_a5_': 1.0, '_a6_': 1.0, '_a7_': 1.0}};{'d0': 0.1124263983613155};-194.232406556034;13.327096692199998
1364;-83.7891065858169;(_a2_ ** (_a1_ ** x1));{'d0': {'_a1_': 0.20341217870806366, '_a2_': 0.855055500759432, '_a0_': 1.0, '_a3_': 1.0, '_a4_': 1.0, '_a5_': 1.0, '_a6_': 1.0, '_a7_': 1.0}};{'d0': 0.1124263983613155};-194.232406556034;13.327096692199998
1365;-83.7891065858169;(_a2_ ** (_a1_ ** x1));{'d0': {'_a1_': 0.20341217870806366, '_a2_': 0.855055500759432, '_a0_': 1.0, '_a3_': 1.0, '_a4_': 1.0, '_a5_': 1.0, '_a6_': 1.0, '_a7_': 1.0}};{'d0': 0.1124263983613155};-194.232406556034;13.327096692199998
1366;-83.7891065858169;(_a2_ ** (_a1_ ** x1));{'d0': {'_a1_': 0.20341217870806366, '_a2_': 0.855055500759432, '_a0_': 1.0, '_a3_': 1.0, '_a4_': 1.0, '_a5_': 1.0, '_a6_': 1.0, '_a7_': 1.0}};{'d0': 0.1124263983613155};-194.232406556034;13.327096692199998
1367;-83.7891065858169;(_a2_ ** (_a1_ ** x1));{'d0': {'_a1_': 0.20341217870806366, '_a2_': 0.855055500759432, '_a0_': 1.0, '_a3_': 1.0, '_a4_': 1.0, '_a5_': 1.0, '_a6_': 1.0, '_a7_': 1.0}};{'d0': 0.1124263983613155};-194.232406556034;13.327096692199998
1368;-83.7891065858169;(_a2_ ** (_a1_ ** x1));{'d0': {'_a1_': 0.20341217870806366, '_a2_': 0.855055500759432, '_a0_': 1.0, '_a3_': 1.0, '_a4_': 1.0, '_a5_': 1.0, '_a6_': 1.0, '_a7_': 1.0}};{'d0': 0.1124263983613155};-194.232406556034;13.327096692199998
1369;-83.7891065858169;(_a2_ ** (_a1_ ** x1));{'d0': {'_a1_': 0.20341217870806366, '_a2_': 0.855055500759432, '_a0_': 1.0, '_a3_': 1.0, '_a4_': 1.0, '_a5_': 1.0, '_a6_': 1.0, '_a7_': 1.0}};{'d0': 0.1124263983613155};-194.232406556034;13.327096692199998
1370;-83.7891065858169;(_a2_ ** (_a1_ ** x1));{'d0': {'_a1_': 0.20341217870806366, '_a2_': 0.855055500759432, '_a0_': 1.0, '_a3_': 1.0, '_a4_': 1.0, '_a5_': 1.0, '_a6_': 1.0, '_a7_': 1.0}};{'d0': 0.1124263983613155};-194.232406556034;13.327096692199998
1371;-83.7891065858169;(_a2_ ** (_a1_ ** x1));{'d0': {'_a1_': 0.20341217870806366, '_a2_': 0.855055500759432, '_a0_': 1.0, '_a3_': 1.0, '_a4_': 1.0, '_a5_': 1.0, '_a6_': 1.0, '_a7_': 1.0}};{'d0': 0.1124263983613155};-194.232406556034;13.327096692199998
1372;-83.7891065858169;(_a2_ ** (_a1_ ** x1));{'d0': {'_a1_': 0.20341217870806366, '_a2_': 0.855055500759432, '_a0_': 1.0, '_a3_': 1.0, '_a4_': 1.0, '_a5_': 1.0, '_a6_': 1.0, '_a7_': 1.0}};{'d0': 0.1124263983613155};-194.232406556034;13.327096692199998
1373;-83.7891065858169;(_a2_ ** (_a1_ ** x1));{'d0': {'_a1_': 0.20341217870806366, '_a2_': 0.855055500759432, '_a0_': 1.0, '_a3_': 1.0, '_a4_': 1.0, '_a5_': 1.0, '_a6_': 1.0, '_a7_': 1.0}};{'d0': 0.1124263983613155};-194.232406556034;13.327096692199998
1374;-83.7891065858169;(_a2_ ** (_a1_ ** x1));{'d0': {'_a1_': 0.20341217870806366, '_a2_': 0.855055500759432, '_a0_': 1.0, '_a3_': 1.0, '_a4_': 1.0, '_a5_': 1.0, '_a6_': 1.0, '_a7_': 1.0}};{'d0': 0.1124263983613155};-194.232406556034;13.327096692199998
1375;-83.7891065858169;(_a2_ ** (_a1_ ** x1));{'d0': {'_a1_': 0.20341217870806366, '_a2_': 0.855055500759432, '_a0_': 1.0, '_a3_': 1.0, '_a4_': 1.0, '_a5_': 1.0, '_a6_': 1.0, '_a7_': 1.0}};{'d0': 0.1124263983613155};-194.232406556034;13.327096692199998
1376;-83.7891065858169;(_a2_ ** (_a1_ ** x1));{'d0': {'_a1_': 0.20341217870806366, '_a2_': 0.855055500759432, '_a0_': 1.0, '_a3_': 1.0, '_a4_': 1.0, '_a5_': 1.0, '_a6_': 1.0, '_a7_': 1.0}};{'d0': 0.1124263983613155};-194.232406556034;13.327096692199998
1377;-83.7891065858169;(_a2_ ** (_a1_ ** x1));{'d0': {'_a1_': 0.20341217870806366, '_a2_': 0.855055500759432, '_a0_': 1.0, '_a3_': 1.0, '_a4_': 1.0, '_a5_': 1.0, '_a6_': 1.0, '_a7_': 1.0}};{'d0': 0.1124263983613155};-194.232406556034;13.327096692199998
1378;-83.7891065858169;(_a2_ ** (_a1_ ** x1));{'d0': {'_a1_': 0.20341217870806366, '_a2_': 0.855055500759432, '_a0_': 1.0, '_a3_': 1.0, '_a4_': 1.0, '_a5_': 1.0, '_a6_': 1.0, '_a7_': 1.0}};{'d0': 0.1124263983613155};-194.232406556034;13.327096692199998
1379;-83.7891065858169;(_a2_ ** (_a1_ ** x1));{'d0': {'_a1_': 0.20341217870806366, '_a2_': 0.855055500759432, '_a0_': 1.0, '_a3_': 1.0, '_a4_': 1.0, '_a5_': 1.0, '_a6_': 1.0, '_a7_': 1.0}};{'d0': 0.1124263983613155};-194.232406556034;13.327096692199998
1380;-83.7891065858169;(_a2_ ** (_a1_ ** x1));{'d0': {'_a1_': 0.20341217870806366, '_a2_': 0.855055500759432, '_a0_': 1.0, '_a3_': 1.0, '_a4_': 1.0, '_a5_': 1.0, '_a6_': 1.0, '_a7_': 1.0}};{'d0': 0.1124263983613155};-194.232406556034;13.327096692199998
1381;-83.7891065858169;(_a2_ ** (_a1_ ** x1));{'d0': {'_a1_': 0.20341217870806366, '_a2_': 0.855055500759432, '_a0_': 1.0, '_a3_': 1.0, '_a4_': 1.0, '_a5_': 1.0, '_a6_': 1.0, '_a7_': 1.0}};{'d0': 0.1124263983613155};-194.232406556034;13.327096692199998
1382;-83.7891065858169;(_a2_ ** (_a1_ ** x1));{'d0': {'_a1_': 0.20341217870806366, '_a2_': 0.855055500759432, '_a0_': 1.0, '_a3_': 1.0, '_a4_': 1.0, '_a5_': 1.0, '_a6_': 1.0, '_a7_': 1.0}};{'d0': 0.1124263983613155};-194.232406556034;13.327096692199998
1383;-83.7891065858169;(_a2_ ** (_a1_ ** x1));{'d0': {'_a1_': 0.20341217870806366, '_a2_': 0.855055500759432, '_a0_': 1.0, '_a3_': 1.0, '_a4_': 1.0, '_a5_': 1.0, '_a6_': 1.0, '_a7_': 1.0}};{'d0': 0.1124263983613155};-194.232406556034;13.327096692199998
1384;-83.7891065858169;(_a2_ ** (_a1_ ** x1));{'d0': {'_a1_': 0.20341217870806366, '_a2_': 0.855055500759432, '_a0_': 1.0, '_a3_': 1.0, '_a4_': 1.0, '_a5_': 1.0, '_a6_': 1.0, '_a7_': 1.0}};{'d0': 0.1124263983613155};-194.232406556034;13.327096692199998
1385;-83.7891065858169;(_a2_ ** (_a1_ ** x1));{'d0': {'_a1_': 0.20341217870806366, '_a2_': 0.855055500759432, '_a0_': 1.0, '_a3_': 1.0, '_a4_': 1.0, '_a5_': 1.0, '_a6_': 1.0, '_a7_': 1.0}};{'d0': 0.1124263983613155};-194.232406556034;13.327096692199998
1386;-83.7891065858169;(_a2_ ** (_a1_ ** x1));{'d0': {'_a1_': 0.20341217870806366, '_a2_': 0.855055500759432, '_a0_': 1.0, '_a3_': 1.0, '_a4_': 1.0, '_a5_': 1.0, '_a6_': 1.0, '_a7_': 1.0}};{'d0': 0.1124263983613155};-194.232406556034;13.327096692199998
1387;-83.7891065858169;(_a2_ ** (_a1_ ** x1));{'d0': {'_a1_': 0.20341217870806366, '_a2_': 0.855055500759432, '_a0_': 1.0, '_a3_': 1.0, '_a4_': 1.0, '_a5_': 1.0, '_a6_': 1.0, '_a7_': 1.0}};{'d0': 0.1124263983613155};-194.232406556034;13.327096692199998
1388;-83.7891065858169;(_a2_ ** (_a1_ ** x1));{'d0': {'_a1_': 0.20341217870806366, '_a2_': 0.855055500759432, '_a0_': 1.0, '_a3_': 1.0, '_a4_': 1.0, '_a5_': 1.0, '_a6_': 1.0, '_a7_': 1.0}};{'d0': 0.1124263983613155};-194.232406556034;13.327096692199998
1389;-83.7891065858169;(_a2_ ** (_a1_ ** x1));{'d0': {'_a1_': 0.20341217870806366, '_a2_': 0.855055500759432, '_a0_': 1.0, '_a3_': 1.0, '_a4_': 1.0, '_a5_': 1.0, '_a6_': 1.0, '_a7_': 1.0}};{'d0': 0.1124263983613155};-194.232406556034;13.327096692199998
1390;-83.7891065858169;(_a2_ ** (_a1_ ** x1));{'d0': {'_a1_': 0.20341217870806366, '_a2_': 0.855055500759432, '_a0_': 1.0, '_a3_': 1.0, '_a4_': 1.0, '_a5_': 1.0, '_a6_': 1.0, '_a7_': 1.0}};{'d0': 0.1124263983613155};-194.232406556034;13.327096692199998
1391;-83.7891065858169;(_a2_ ** (_a1_ ** x1));{'d0': {'_a1_': 0.20341217870806366, '_a2_': 0.855055500759432, '_a0_': 1.0, '_a3_': 1.0, '_a4_': 1.0, '_a5_': 1.0, '_a6_': 1.0, '_a7_': 1.0}};{'d0': 0.1124263983613155};-194.232406556034;13.327096692199998
1392;-43.6906106715896;abs((((x1 * _a1_) / ((_a0_ / (_a2_ / -(_a6_))) + x1)) + _a6_));{'d0': {'_a0_': -4.2239954594656344e+41, '_a1_': 1.0090503076758688, '_a2_': 8.744223116202229e+40, '_a6_': 0.8206630129752679, '_a3_': 1.0, '_a4_': 1.0, '_a5_': 1.0, '_a7_': 1.0}};{'d0': 0.13080425859645434};-176.959523882385;44.78915126960299
1393;-38.8859853139378;(abs((((x1 * _a1_) / ((_a0_ / (_a2_ / -(_a6_))) + x1)) + _a6_)) * _a1_);{'d0': {'_a0_': 2.3972321218219648e+45, '_a1_': 1.0045162667156158, '_a2_': -4.940260466347511e+44, '_a6_': 0.8169733194410644, '_a3_': 1.0, '_a4_': 1.0, '_a5_': 1.0, '_a7_': 1.0}};{'d0': 0.1308042586175523};-176.959523872708;49.59377662241599
1394;-38.8859853139378;(abs((((x1 * _a1_) / ((_a0_ / (_a2_ / -(_a6_))) + x1)) + _a6_)) * _a1_);{'d0': {'_a0_': 2.3972321218219648e+45, '_a1_': 1.0045162667156158, '_a2_': -4.940260466347511e+44, '_a6_': 0.8169733194410644, '_a3_': 1.0, '_a4_': 1.0, '_a5_': 1.0, '_a7_': 1.0}};{'d0': 0.1308042586175523};-176.959523872708;49.59377662241599
1395;-43.6906106715896;abs((((x1 * _a1_) / ((_a0_ / (_a2_ / -(_a6_))) + x1)) + _a6_));{'d0': {'_a0_': -4.2239954594656344e+41, '_a1_': 1.0090503076758688, '_a2_': 8.744223116202229e+40, '_a6_': 0.8206630129752679, '_a3_': 1.0, '_a4_': 1.0, '_a5_': 1.0, '_a7_': 1.0}};{'d0': 0.13080425859645434};-176.959523882385;44.78915126960299
1396;-83.7891065858169;(_a2_ ** (_a1_ ** x1));{'d0': {'_a1_': 0.20341217870806366, '_a2_': 0.855055500759432, '_a0_': 1.0, '_a3_': 1.0, '_a4_': 1.0, '_a5_': 1.0, '_a6_': 1.0, '_a7_': 1.0}};{'d0': 0.1124263983613155};-194.232406556034;13.327096692199998
1397;-83.7891065858169;(_a2_ ** (_a1_ ** x1));{'d0': {'_a1_': 0.20341217870806366, '_a2_': 0.855055500759432, '_a0_': 1.0, '_a3_': 1.0, '_a4_': 1.0, '_a5_': 1.0, '_a6_': 1.0, '_a7_': 1.0}};{'d0': 0.1124263983613155};-194.232406556034;13.327096692199998
1398;-83.7891065858169;(_a2_ ** (_a1_ ** x1));{'d0': {'_a1_': 0.20341217870806366, '_a2_': 0.855055500759432, '_a0_': 1.0, '_a3_': 1.0, '_a4_': 1.0, '_a5_': 1.0, '_a6_': 1.0, '_a7_': 1.0}};{'d0': 0.1124263983613155};-194.232406556034;13.327096692199998
1399;-83.7891065858169;(_a2_ ** (_a1_ ** x1));{'d0': {'_a1_': 0.20341217870806366, '_a2_': 0.855055500759432, '_a0_': 1.0, '_a3_': 1.0, '_a4_': 1.0, '_a5_': 1.0, '_a6_': 1.0, '_a7_': 1.0}};{'d0': 0.1124263983613155};-194.232406556034;13.327096692199998
1400;-83.7891065858169;(_a2_ ** (_a1_ ** x1));{'d0': {'_a1_': 0.20341217870806366, '_a2_': 0.855055500759432, '_a0_': 1.0, '_a3_': 1.0, '_a4_': 1.0, '_a5_': 1.0, '_a6_': 1.0, '_a7_': 1.0}};{'d0': 0.1124263983613155};-194.232406556034;13.327096692199998
1401;-83.7891065858169;(_a2_ ** (_a1_ ** x1));{'d0': {'_a1_': 0.20341217870806366, '_a2_': 0.855055500759432, '_a0_': 1.0, '_a3_': 1.0, '_a4_': 1.0, '_a5_': 1.0, '_a6_': 1.0, '_a7_': 1.0}};{'d0': 0.1124263983613155};-194.232406556034;13.327096692199998
1402;-83.7891065858169;(_a2_ ** (_a1_ ** x1));{'d0': {'_a1_': 0.20341217870806366, '_a2_': 0.855055500759432, '_a0_': 1.0, '_a3_': 1.0, '_a4_': 1.0, '_a5_': 1.0, '_a6_': 1.0, '_a7_': 1.0}};{'d0': 0.1124263983613155};-194.232406556034;13.327096692199998
1403;-83.7891065858169;(_a2_ ** (_a1_ ** x1));{'d0': {'_a1_': 0.20341217870806366, '_a2_': 0.855055500759432, '_a0_': 1.0, '_a3_': 1.0, '_a4_': 1.0, '_a5_': 1.0, '_a6_': 1.0, '_a7_': 1.0}};{'d0': 0.1124263983613155};-194.232406556034;13.327096692199998
1404;-83.7891065858169;(_a2_ ** (_a1_ ** x1));{'d0': {'_a1_': 0.20341217870806366, '_a2_': 0.855055500759432, '_a0_': 1.0, '_a3_': 1.0, '_a4_': 1.0, '_a5_': 1.0, '_a6_': 1.0, '_a7_': 1.0}};{'d0': 0.1124263983613155};-194.232406556034;13.327096692199998
1405;-83.7891065858169;(_a2_ ** (_a1_ ** x1));{'d0': {'_a1_': 0.20341217870806366, '_a2_': 0.855055500759432, '_a0_': 1.0, '_a3_': 1.0, '_a4_': 1.0, '_a5_': 1.0, '_a6_': 1.0, '_a7_': 1.0}};{'d0': 0.1124263983613155};-194.232406556034;13.327096692199998
1406;-83.7891065858169;(_a2_ ** (_a1_ ** x1));{'d0': {'_a1_': 0.20341217870806366, '_a2_': 0.855055500759432, '_a0_': 1.0, '_a3_': 1.0, '_a4_': 1.0, '_a5_': 1.0, '_a6_': 1.0, '_a7_': 1.0}};{'d0': 0.1124263983613155};-194.232406556034;13.327096692199998
1407;-83.7891065858169;(_a2_ ** (_a1_ ** x1));{'d0': {'_a1_': 0.20341217870806366, '_a2_': 0.855055500759432, '_a0_': 1.0, '_a3_': 1.0, '_a4_': 1.0, '_a5_': 1.0, '_a6_': 1.0, '_a7_': 1.0}};{'d0': 0.1124263983613155};-194.232406556034;13.327096692199998
1408;-83.7891065858169;(_a2_ ** (_a1_ ** x1));{'d0': {'_a1_': 0.20341217870806366, '_a2_': 0.855055500759432, '_a0_': 1.0, '_a3_': 1.0, '_a4_': 1.0, '_a5_': 1.0, '_a6_': 1.0, '_a7_': 1.0}};{'d0': 0.1124263983613155};-194.232406556034;13.327096692199998
1409;-83.7891065858169;(_a2_ ** (_a1_ ** x1));{'d0': {'_a1_': 0.20341217870806366, '_a2_': 0.855055500759432, '_a0_': 1.0, '_a3_': 1.0, '_a4_': 1.0, '_a5_': 1.0, '_a6_': 1.0, '_a7_': 1.0}};{'d0': 0.1124263983613155};-194.232406556034;13.327096692199998
1410;-83.7891065858169;(_a2_ ** (_a1_ ** x1));{'d0': {'_a1_': 0.20341217870806366, '_a2_': 0.855055500759432, '_a0_': 1.0, '_a3_': 1.0, '_a4_': 1.0, '_a5_': 1.0, '_a6_': 1.0, '_a7_': 1.0}};{'d0': 0.1124263983613155};-194.232406556034;13.327096692199998
1411;-83.7891065858169;(_a2_ ** (_a1_ ** x1));{'d0': {'_a1_': 0.20341217870806366, '_a2_': 0.855055500759432, '_a0_': 1.0, '_a3_': 1.0, '_a4_': 1.0, '_a5_': 1.0, '_a6_': 1.0, '_a7_': 1.0}};{'d0': 0.1124263983613155};-194.232406556034;13.327096692199998
1412;-83.7891065858169;(_a2_ ** (_a1_ ** x1));{'d0': {'_a1_': 0.20341217870806366, '_a2_': 0.855055500759432, '_a0_': 1.0, '_a3_': 1.0, '_a4_': 1.0, '_a5_': 1.0, '_a6_': 1.0, '_a7_': 1.0}};{'d0': 0.1124263983613155};-194.232406556034;13.327096692199998
1413;-83.7891065858169;(_a2_ ** (_a1_ ** x1));{'d0': {'_a1_': 0.20341217870806366, '_a2_': 0.855055500759432, '_a0_': 1.0, '_a3_': 1.0, '_a4_': 1.0, '_a5_': 1.0, '_a6_': 1.0, '_a7_': 1.0}};{'d0': 0.1124263983613155};-194.232406556034;13.327096692199998
1414;-83.7891065858169;(_a2_ ** (_a1_ ** x1));{'d0': {'_a1_': 0.20341217870806366, '_a2_': 0.855055500759432, '_a0_': 1.0, '_a3_': 1.0, '_a4_': 1.0, '_a5_': 1.0, '_a6_': 1.0, '_a7_': 1.0}};{'d0': 0.1124263983613155};-194.232406556034;13.327096692199998
1415;-83.7891065858169;(_a2_ ** (_a1_ ** x1));{'d0': {'_a1_': 0.20341217870806366, '_a2_': 0.855055500759432, '_a0_': 1.0, '_a3_': 1.0, '_a4_': 1.0, '_a5_': 1.0, '_a6_': 1.0, '_a7_': 1.0}};{'d0': 0.1124263983613155};-194.232406556034;13.327096692199998
1416;-83.7891065858169;(_a2_ ** (_a1_ ** x1));{'d0': {'_a1_': 0.20341217870806366, '_a2_': 0.855055500759432, '_a0_': 1.0, '_a3_': 1.0, '_a4_': 1.0, '_a5_': 1.0, '_a6_': 1.0, '_a7_': 1.0}};{'d0': 0.1124263983613155};-194.232406556034;13.327096692199998
1417;-83.7891065858169;(_a2_ ** (_a1_ ** x1));{'d0': {'_a1_': 0.20341217870806366, '_a2_': 0.855055500759432, '_a0_': 1.0, '_a3_': 1.0, '_a4_': 1.0, '_a5_': 1.0, '_a6_': 1.0, '_a7_': 1.0}};{'d0': 0.1124263983613155};-194.232406556034;13.327096692199998
1418;-83.7891065858169;(_a2_ ** (_a1_ ** x1));{'d0': {'_a1_': 0.20341217870806366, '_a2_': 0.855055500759432, '_a0_': 1.0, '_a3_': 1.0, '_a4_': 1.0, '_a5_': 1.0, '_a6_': 1.0, '_a7_': 1.0}};{'d0': 0.1124263983613155};-194.232406556034;13.327096692199998
1419;-83.7891065858169;(_a2_ ** (_a1_ ** x1));{'d0': {'_a1_': 0.20341217870806366, '_a2_': 0.855055500759432, '_a0_': 1.0, '_a3_': 1.0, '_a4_': 1.0, '_a5_': 1.0, '_a6_': 1.0, '_a7_': 1.0}};{'d0': 0.1124263983613155};-194.232406556034;13.327096692199998
1420;-83.7891065858169;(_a2_ ** (_a1_ ** x1));{'d0': {'_a1_': 0.20341217870806366, '_a2_': 0.855055500759432, '_a0_': 1.0, '_a3_': 1.0, '_a4_': 1.0, '_a5_': 1.0, '_a6_': 1.0, '_a7_': 1.0}};{'d0': 0.1124263983613155};-194.232406556034;13.327096692199998
1421;-83.7891065858169;(_a2_ ** (_a1_ ** x1));{'d0': {'_a1_': 0.20341217870806366, '_a2_': 0.855055500759432, '_a0_': 1.0, '_a3_': 1.0, '_a4_': 1.0, '_a5_': 1.0, '_a6_': 1.0, '_a7_': 1.0}};{'d0': 0.1124263983613155};-194.232406556034;13.327096692199998
1422;-83.7891065858169;(_a2_ ** (_a1_ ** x1));{'d0': {'_a1_': 0.20341217870806366, '_a2_': 0.855055500759432, '_a0_': 1.0, '_a3_': 1.0, '_a4_': 1.0, '_a5_': 1.0, '_a6_': 1.0, '_a7_': 1.0}};{'d0': 0.1124263983613155};-194.232406556034;13.327096692199998
1423;-83.7891065858169;(_a2_ ** (_a1_ ** x1));{'d0': {'_a1_': 0.20341217870806366, '_a2_': 0.855055500759432, '_a0_': 1.0, '_a3_': 1.0, '_a4_': 1.0, '_a5_': 1.0, '_a6_': 1.0, '_a7_': 1.0}};{'d0': 0.1124263983613155};-194.232406556034;13.327096692199998
1424;-83.7891065858169;(_a2_ ** (_a1_ ** x1));{'d0': {'_a1_': 0.20341217870806366, '_a2_': 0.855055500759432, '_a0_': 1.0, '_a3_': 1.0, '_a4_': 1.0, '_a5_': 1.0, '_a6_': 1.0, '_a7_': 1.0}};{'d0': 0.1124263983613155};-194.232406556034;13.327096692199998
1425;-83.7891065858169;(_a2_ ** (_a1_ ** x1));{'d0': {'_a1_': 0.20341217870806366, '_a2_': 0.855055500759432, '_a0_': 1.0, '_a3_': 1.0, '_a4_': 1.0, '_a5_': 1.0, '_a6_': 1.0, '_a7_': 1.0}};{'d0': 0.1124263983613155};-194.232406556034;13.327096692199998
1426;-83.7891065858169;(_a2_ ** (_a1_ ** x1));{'d0': {'_a1_': 0.20341217870806366, '_a2_': 0.855055500759432, '_a0_': 1.0, '_a3_': 1.0, '_a4_': 1.0, '_a5_': 1.0, '_a6_': 1.0, '_a7_': 1.0}};{'d0': 0.1124263983613155};-194.232406556034;13.327096692199998
1427;-83.7891065858169;(_a2_ ** (_a1_ ** x1));{'d0': {'_a1_': 0.20341217870806366, '_a2_': 0.855055500759432, '_a0_': 1.0, '_a3_': 1.0, '_a4_': 1.0, '_a5_': 1.0, '_a6_': 1.0, '_a7_': 1.0}};{'d0': 0.1124263983613155};-194.232406556034;13.327096692199998
1428;-83.7891065858169;(_a2_ ** (_a1_ ** x1));{'d0': {'_a1_': 0.20341217870806366, '_a2_': 0.855055500759432, '_a0_': 1.0, '_a3_': 1.0, '_a4_': 1.0, '_a5_': 1.0, '_a6_': 1.0, '_a7_': 1.0}};{'d0': 0.1124263983613155};-194.232406556034;13.327096692199998
1429;-83.7891065858169;(_a2_ ** (_a1_ ** x1));{'d0': {'_a1_': 0.20341217870806366, '_a2_': 0.855055500759432, '_a0_': 1.0, '_a3_': 1.0, '_a4_': 1.0, '_a5_': 1.0, '_a6_': 1.0, '_a7_': 1.0}};{'d0': 0.1124263983613155};-194.232406556034;13.327096692199998
1430;-83.7891065858169;(_a2_ ** (_a1_ ** x1));{'d0': {'_a1_': 0.20341217870806366, '_a2_': 0.855055500759432, '_a0_': 1.0, '_a3_': 1.0, '_a4_': 1.0, '_a5_': 1.0, '_a6_': 1.0, '_a7_': 1.0}};{'d0': 0.1124263983613155};-194.232406556034;13.327096692199998
1431;-83.7891065858169;(_a2_ ** (_a1_ ** x1));{'d0': {'_a1_': 0.20341217870806366, '_a2_': 0.855055500759432, '_a0_': 1.0, '_a3_': 1.0, '_a4_': 1.0, '_a5_': 1.0, '_a6_': 1.0, '_a7_': 1.0}};{'d0': 0.1124263983613155};-194.232406556034;13.327096692199998
1432;-83.7891065858169;(_a2_ ** (_a1_ ** x1));{'d0': {'_a1_': 0.20341217870806366, '_a2_': 0.855055500759432, '_a0_': 1.0, '_a3_': 1.0, '_a4_': 1.0, '_a5_': 1.0, '_a6_': 1.0, '_a7_': 1.0}};{'d0': 0.1124263983613155};-194.232406556034;13.327096692199998
1433;-83.7891065858169;(_a2_ ** (_a1_ ** x1));{'d0': {'_a1_': 0.20341217870806366, '_a2_': 0.855055500759432, '_a0_': 1.0, '_a3_': 1.0, '_a4_': 1.0, '_a5_': 1.0, '_a6_': 1.0, '_a7_': 1.0}};{'d0': 0.1124263983613155};-194.232406556034;13.327096692199998
1434;-83.7891065858169;(_a2_ ** (_a1_ ** x1));{'d0': {'_a1_': 0.20341217870806366, '_a2_': 0.855055500759432, '_a0_': 1.0, '_a3_': 1.0, '_a4_': 1.0, '_a5_': 1.0, '_a6_': 1.0, '_a7_': 1.0}};{'d0': 0.1124263983613155};-194.232406556034;13.327096692199998
1435;-83.7891065858169;(_a2_ ** (_a1_ ** x1));{'d0': {'_a1_': 0.20341217870806366, '_a2_': 0.855055500759432, '_a0_': 1.0, '_a3_': 1.0, '_a4_': 1.0, '_a5_': 1.0, '_a6_': 1.0, '_a7_': 1.0}};{'d0': 0.1124263983613155};-194.232406556034;13.327096692199998
1436;-83.7891065858169;(_a2_ ** (_a1_ ** x1));{'d0': {'_a1_': 0.20341217870806366, '_a2_': 0.855055500759432, '_a0_': 1.0, '_a3_': 1.0, '_a4_': 1.0, '_a5_': 1.0, '_a6_': 1.0, '_a7_': 1.0}};{'d0': 0.1124263983613155};-194.232406556034;13.327096692199998
1437;-83.7891065858169;(_a2_ ** (_a1_ ** x1));{'d0': {'_a1_': 0.20341217870806366, '_a2_': 0.855055500759432, '_a0_': 1.0, '_a3_': 1.0, '_a4_': 1.0, '_a5_': 1.0, '_a6_': 1.0, '_a7_': 1.0}};{'d0': 0.1124263983613155};-194.232406556034;13.327096692199998
1438;-83.7891065858169;(_a2_ ** (_a1_ ** x1));{'d0': {'_a1_': 0.20341217870806366, '_a2_': 0.855055500759432, '_a0_': 1.0, '_a3_': 1.0, '_a4_': 1.0, '_a5_': 1.0, '_a6_': 1.0, '_a7_': 1.0}};{'d0': 0.1124263983613155};-194.232406556034;13.327096692199998
1439;-83.7891065858169;(_a2_ ** (_a1_ ** x1));{'d0': {'_a1_': 0.20341217870806366, '_a2_': 0.855055500759432, '_a0_': 1.0, '_a3_': 1.0, '_a4_': 1.0, '_a5_': 1.0, '_a6_': 1.0, '_a7_': 1.0}};{'d0': 0.1124263983613155};-194.232406556034;13.327096692199998
1440;-83.7891065858169;(_a2_ ** (_a1_ ** x1));{'d0': {'_a1_': 0.20341217870806366, '_a2_': 0.855055500759432, '_a0_': 1.0, '_a3_': 1.0, '_a4_': 1.0, '_a5_': 1.0, '_a6_': 1.0, '_a7_': 1.0}};{'d0': 0.1124263983613155};-194.232406556034;13.327096692199998
1441;-83.7891065858169;(_a2_ ** (_a1_ ** x1));{'d0': {'_a1_': 0.20341217870806366, '_a2_': 0.855055500759432, '_a0_': 1.0, '_a3_': 1.0, '_a4_': 1.0, '_a5_': 1.0, '_a6_': 1.0, '_a7_': 1.0}};{'d0': 0.1124263983613155};-194.232406556034;13.327096692199998
1442;-83.7891065858169;(_a2_ ** (_a1_ ** x1));{'d0': {'_a1_': 0.20341217870806366, '_a2_': 0.855055500759432, '_a0_': 1.0, '_a3_': 1.0, '_a4_': 1.0, '_a5_': 1.0, '_a6_': 1.0, '_a7_': 1.0}};{'d0': 0.1124263983613155};-194.232406556034;13.327096692199998
1443;-83.7891065858169;(_a2_ ** (_a1_ ** x1));{'d0': {'_a1_': 0.20341217870806366, '_a2_': 0.855055500759432, '_a0_': 1.0, '_a3_': 1.0, '_a4_': 1.0, '_a5_': 1.0, '_a6_': 1.0, '_a7_': 1.0}};{'d0': 0.1124263983613155};-194.232406556034;13.327096692199998
1444;-83.7891065858169;(_a2_ ** (_a1_ ** x1));{'d0': {'_a1_': 0.20341217870806366, '_a2_': 0.855055500759432, '_a0_': 1.0, '_a3_': 1.0, '_a4_': 1.0, '_a5_': 1.0, '_a6_': 1.0, '_a7_': 1.0}};{'d0': 0.1124263983613155};-194.232406556034;13.327096692199998
1445;-83.7891065858169;(_a2_ ** (_a1_ ** x1));{'d0': {'_a1_': 0.20341217870806366, '_a2_': 0.855055500759432, '_a0_': 1.0, '_a3_': 1.0, '_a4_': 1.0, '_a5_': 1.0, '_a6_': 1.0, '_a7_': 1.0}};{'d0': 0.1124263983613155};-194.232406556034;13.327096692199998
1446;-83.7891065858169;(_a2_ ** (_a1_ ** x1));{'d0': {'_a1_': 0.20341217870806366, '_a2_': 0.855055500759432, '_a0_': 1.0, '_a3_': 1.0, '_a4_': 1.0, '_a5_': 1.0, '_a6_': 1.0, '_a7_': 1.0}};{'d0': 0.1124263983613155};-194.232406556034;13.327096692199998
1447;-83.7891065858169;(_a2_ ** (_a1_ ** x1));{'d0': {'_a1_': 0.20341217870806366, '_a2_': 0.855055500759432, '_a0_': 1.0, '_a3_': 1.0, '_a4_': 1.0, '_a5_': 1.0, '_a6_': 1.0, '_a7_': 1.0}};{'d0': 0.1124263983613155};-194.232406556034;13.327096692199998
1448;-83.7891065858169;(_a2_ ** (_a1_ ** x1));{'d0': {'_a1_': 0.20341217870806366, '_a2_': 0.855055500759432, '_a0_': 1.0, '_a3_': 1.0, '_a4_': 1.0, '_a5_': 1.0, '_a6_': 1.0, '_a7_': 1.0}};{'d0': 0.1124263983613155};-194.232406556034;13.327096692199998
1449;-83.7891065858169;(_a2_ ** (_a1_ ** x1));{'d0': {'_a1_': 0.20341217870806366, '_a2_': 0.855055500759432, '_a0_': 1.0, '_a3_': 1.0, '_a4_': 1.0, '_a5_': 1.0, '_a6_': 1.0, '_a7_': 1.0}};{'d0': 0.1124263983613155};-194.232406556034;13.327096692199998
1450;-83.7891065858169;(_a2_ ** (_a1_ ** x1));{'d0': {'_a1_': 0.20341217870806366, '_a2_': 0.855055500759432, '_a0_': 1.0, '_a3_': 1.0, '_a4_': 1.0, '_a5_': 1.0, '_a6_': 1.0, '_a7_': 1.0}};{'d0': 0.1124263983613155};-194.232406556034;13.327096692199998
1451;-83.7891065858169;(_a2_ ** (_a1_ ** x1));{'d0': {'_a1_': 0.20341217870806366, '_a2_': 0.855055500759432, '_a0_': 1.0, '_a3_': 1.0, '_a4_': 1.0, '_a5_': 1.0, '_a6_': 1.0, '_a7_': 1.0}};{'d0': 0.1124263983613155};-194.232406556034;13.327096692199998
1452;-83.7891065858169;(_a2_ ** (_a1_ ** x1));{'d0': {'_a1_': 0.20341217870806366, '_a2_': 0.855055500759432, '_a0_': 1.0, '_a3_': 1.0, '_a4_': 1.0, '_a5_': 1.0, '_a6_': 1.0, '_a7_': 1.0}};{'d0': 0.1124263983613155};-194.232406556034;13.327096692199998
1453;-83.7891065858169;(_a2_ ** (_a1_ ** x1));{'d0': {'_a1_': 0.20341217870806366, '_a2_': 0.855055500759432, '_a0_': 1.0, '_a3_': 1.0, '_a4_': 1.0, '_a5_': 1.0, '_a6_': 1.0, '_a7_': 1.0}};{'d0': 0.1124263983613155};-194.232406556034;13.327096692199998
1454;-83.7891065858169;(_a2_ ** (_a1_ ** x1));{'d0': {'_a1_': 0.20341217870806366, '_a2_': 0.855055500759432, '_a0_': 1.0, '_a3_': 1.0, '_a4_': 1.0, '_a5_': 1.0, '_a6_': 1.0, '_a7_': 1.0}};{'d0': 0.1124263983613155};-194.232406556034;13.327096692199998
1455;-83.7891065858169;(_a2_ ** (_a1_ ** x1));{'d0': {'_a1_': 0.20341217870806366, '_a2_': 0.855055500759432, '_a0_': 1.0, '_a3_': 1.0, '_a4_': 1.0, '_a5_': 1.0, '_a6_': 1.0, '_a7_': 1.0}};{'d0': 0.1124263983613155};-194.232406556034;13.327096692199998
1456;-83.7891065858169;(_a2_ ** (_a1_ ** x1));{'d0': {'_a1_': 0.20341217870806366, '_a2_': 0.855055500759432, '_a0_': 1.0, '_a3_': 1.0, '_a4_': 1.0, '_a5_': 1.0, '_a6_': 1.0, '_a7_': 1.0}};{'d0': 0.1124263983613155};-194.232406556034;13.327096692199998
1457;-83.7891065858169;(_a2_ ** (_a1_ ** x1));{'d0': {'_a1_': 0.20341217870806366, '_a2_': 0.855055500759432, '_a0_': 1.0, '_a3_': 1.0, '_a4_': 1.0, '_a5_': 1.0, '_a6_': 1.0, '_a7_': 1.0}};{'d0': 0.1124263983613155};-194.232406556034;13.327096692199998
1458;-83.7891065858169;(_a2_ ** (_a1_ ** x1));{'d0': {'_a1_': 0.20341217870806366, '_a2_': 0.855055500759432, '_a0_': 1.0, '_a3_': 1.0, '_a4_': 1.0, '_a5_': 1.0, '_a6_': 1.0, '_a7_': 1.0}};{'d0': 0.1124263983613155};-194.232406556034;13.327096692199998
1459;-83.7891065858169;(_a2_ ** (_a1_ ** x1));{'d0': {'_a1_': 0.20341217870806366, '_a2_': 0.855055500759432, '_a0_': 1.0, '_a3_': 1.0, '_a4_': 1.0, '_a5_': 1.0, '_a6_': 1.0, '_a7_': 1.0}};{'d0': 0.1124263983613155};-194.232406556034;13.327096692199998
1460;-83.7891065858169;(_a2_ ** (_a1_ ** x1));{'d0': {'_a1_': 0.20341217870806366, '_a2_': 0.855055500759432, '_a0_': 1.0, '_a3_': 1.0, '_a4_': 1.0, '_a5_': 1.0, '_a6_': 1.0, '_a7_': 1.0}};{'d0': 0.1124263983613155};-194.232406556034;13.327096692199998
1461;-83.7891065858169;(_a2_ ** (_a1_ ** x1));{'d0': {'_a1_': 0.20341217870806366, '_a2_': 0.855055500759432, '_a0_': 1.0, '_a3_': 1.0, '_a4_': 1.0, '_a5_': 1.0, '_a6_': 1.0, '_a7_': 1.0}};{'d0': 0.1124263983613155};-194.232406556034;13.327096692199998
1462;-83.7891065858169;(_a2_ ** (_a1_ ** x1));{'d0': {'_a1_': 0.20341217870806366, '_a2_': 0.855055500759432, '_a0_': 1.0, '_a3_': 1.0, '_a4_': 1.0, '_a5_': 1.0, '_a6_': 1.0, '_a7_': 1.0}};{'d0': 0.1124263983613155};-194.232406556034;13.327096692199998
1463;-83.7891065858169;(_a2_ ** (_a1_ ** x1));{'d0': {'_a1_': 0.20341217870806366, '_a2_': 0.855055500759432, '_a0_': 1.0, '_a3_': 1.0, '_a4_': 1.0, '_a5_': 1.0, '_a6_': 1.0, '_a7_': 1.0}};{'d0': 0.1124263983613155};-194.232406556034;13.327096692199998
1464;-83.7891065858169;(_a2_ ** (_a1_ ** x1));{'d0': {'_a1_': 0.20341217870806366, '_a2_': 0.855055500759432, '_a0_': 1.0, '_a3_': 1.0, '_a4_': 1.0, '_a5_': 1.0, '_a6_': 1.0, '_a7_': 1.0}};{'d0': 0.1124263983613155};-194.232406556034;13.327096692199998
1465;-83.7891065858169;(_a2_ ** (_a1_ ** x1));{'d0': {'_a1_': 0.20341217870806366, '_a2_': 0.855055500759432, '_a0_': 1.0, '_a3_': 1.0, '_a4_': 1.0, '_a5_': 1.0, '_a6_': 1.0, '_a7_': 1.0}};{'d0': 0.1124263983613155};-194.232406556034;13.327096692199998
1466;-83.7891065858169;(_a2_ ** (_a1_ ** x1));{'d0': {'_a1_': 0.20341217870806366, '_a2_': 0.855055500759432, '_a0_': 1.0, '_a3_': 1.0, '_a4_': 1.0, '_a5_': 1.0, '_a6_': 1.0, '_a7_': 1.0}};{'d0': 0.1124263983613155};-194.232406556034;13.327096692199998
1467;-83.7891065858169;(_a2_ ** (_a1_ ** x1));{'d0': {'_a1_': 0.20341217870806366, '_a2_': 0.855055500759432, '_a0_': 1.0, '_a3_': 1.0, '_a4_': 1.0, '_a5_': 1.0, '_a6_': 1.0, '_a7_': 1.0}};{'d0': 0.1124263983613155};-194.232406556034;13.327096692199998
1468;-83.7891065858169;(_a2_ ** (_a1_ ** x1));{'d0': {'_a1_': 0.20341217870806366, '_a2_': 0.855055500759432, '_a0_': 1.0, '_a3_': 1.0, '_a4_': 1.0, '_a5_': 1.0, '_a6_': 1.0, '_a7_': 1.0}};{'d0': 0.1124263983613155};-194.232406556034;13.327096692199998
1469;-83.7891065858169;(_a2_ ** (_a1_ ** x1));{'d0': {'_a1_': 0.20341217870806366, '_a2_': 0.855055500759432, '_a0_': 1.0, '_a3_': 1.0, '_a4_': 1.0, '_a5_': 1.0, '_a6_': 1.0, '_a7_': 1.0}};{'d0': 0.1124263983613155};-194.232406556034;13.327096692199998
1470;-83.7891065858169;(_a2_ ** (_a1_ ** x1));{'d0': {'_a1_': 0.20341217870806366, '_a2_': 0.855055500759432, '_a0_': 1.0, '_a3_': 1.0, '_a4_': 1.0, '_a5_': 1.0, '_a6_': 1.0, '_a7_': 1.0}};{'d0': 0.1124263983613155};-194.232406556034;13.327096692199998
1471;-83.7891065858169;(_a2_ ** (_a1_ ** x1));{'d0': {'_a1_': 0.20341217870806366, '_a2_': 0.855055500759432, '_a0_': 1.0, '_a3_': 1.0, '_a4_': 1.0, '_a5_': 1.0, '_a6_': 1.0, '_a7_': 1.0}};{'d0': 0.1124263983613155};-194.232406556034;13.327096692199998
1472;-83.7891065858169;(_a2_ ** (_a1_ ** x1));{'d0': {'_a1_': 0.20341217870806366, '_a2_': 0.855055500759432, '_a0_': 1.0, '_a3_': 1.0, '_a4_': 1.0, '_a5_': 1.0, '_a6_': 1.0, '_a7_': 1.0}};{'d0': 0.1124263983613155};-194.232406556034;13.327096692199998
1473;-83.7891065858169;(_a2_ ** (_a1_ ** x1));{'d0': {'_a1_': 0.20341217870806366, '_a2_': 0.855055500759432, '_a0_': 1.0, '_a3_': 1.0, '_a4_': 1.0, '_a5_': 1.0, '_a6_': 1.0, '_a7_': 1.0}};{'d0': 0.1124263983613155};-194.232406556034;13.327096692199998
1474;-83.7891065858169;(_a2_ ** (_a1_ ** x1));{'d0': {'_a1_': 0.20341217870806366, '_a2_': 0.855055500759432, '_a0_': 1.0, '_a3_': 1.0, '_a4_': 1.0, '_a5_': 1.0, '_a6_': 1.0, '_a7_': 1.0}};{'d0': 0.1124263983613155};-194.232406556034;13.327096692199998
1475;-83.7891065858169;(_a2_ ** (_a1_ ** x1));{'d0': {'_a1_': 0.20341217870806366, '_a2_': 0.855055500759432, '_a0_': 1.0, '_a3_': 1.0, '_a4_': 1.0, '_a5_': 1.0, '_a6_': 1.0, '_a7_': 1.0}};{'d0': 0.1124263983613155};-194.232406556034;13.327096692199998
1476;-63.0423913892445;sin((_a4_ * (pow2(pow2(_a3_)) + x1)));{'d0': {'_a3_': 1.175353521203188, '_a4_': 0.524292279731185, '_a0_': 1.0, '_a1_': 1.0, '_a2_': 1.0, '_a5_': 1.0, '_a6_': 1.0, '_a7_': 1.0}};{'d0': 0.15383761411137137};-175.416477265198;24.665847243354516
1477;-63.0423913892445;sin((_a4_ * (pow2(pow2(_a3_)) + x1)));{'d0': {'_a3_': 1.175353521203188, '_a4_': 0.524292279731185, '_a0_': 1.0, '_a1_': 1.0, '_a2_': 1.0, '_a5_': 1.0, '_a6_': 1.0, '_a7_': 1.0}};{'d0': 0.15383761411137137};-175.416477265198;24.665847243354516
1478;-63.0423913892445;sin((_a4_ * (pow2(pow2(_a3_)) + x1)));{'d0': {'_a3_': 1.175353521203188, '_a4_': 0.524292279731185, '_a0_': 1.0, '_a1_': 1.0, '_a2_': 1.0, '_a5_': 1.0, '_a6_': 1.0, '_a7_': 1.0}};{'d0': 0.15383761411137137};-175.416477265198;24.665847243354516
1479;-63.0423913892445;sin((_a4_ * (pow2(pow2(_a3_)) + x1)));{'d0': {'_a3_': 1.175353521203188, '_a4_': 0.524292279731185, '_a0_': 1.0, '_a1_': 1.0, '_a2_': 1.0, '_a5_': 1.0, '_a6_': 1.0, '_a7_': 1.0}};{'d0': 0.15383761411137137};-175.416477265198;24.665847243354516
1480;-63.0423913892445;sin((_a4_ * (pow2(pow2(_a3_)) + x1)));{'d0': {'_a3_': 1.175353521203188, '_a4_': 0.524292279731185, '_a0_': 1.0, '_a1_': 1.0, '_a2_': 1.0, '_a5_': 1.0, '_a6_': 1.0, '_a7_': 1.0}};{'d0': 0.15383761411137137};-175.416477265198;24.665847243354516
1481;-63.0423913892445;sin((_a4_ * (pow2(pow2(_a3_)) + x1)));{'d0': {'_a3_': 1.175353521203188, '_a4_': 0.524292279731185, '_a0_': 1.0, '_a1_': 1.0, '_a2_': 1.0, '_a5_': 1.0, '_a6_': 1.0, '_a7_': 1.0}};{'d0': 0.15383761411137137};-175.416477265198;24.665847243354516
1482;-63.0423913892445;sin((_a4_ * (pow2(pow2(_a3_)) + x1)));{'d0': {'_a3_': 1.175353521203188, '_a4_': 0.524292279731185, '_a0_': 1.0, '_a1_': 1.0, '_a2_': 1.0, '_a5_': 1.0, '_a6_': 1.0, '_a7_': 1.0}};{'d0': 0.15383761411137137};-175.416477265198;24.665847243354516
1483;-63.0423913892445;sin((_a4_ * (pow2(pow2(_a3_)) + x1)));{'d0': {'_a3_': 1.175353521203188, '_a4_': 0.524292279731185, '_a0_': 1.0, '_a1_': 1.0, '_a2_': 1.0, '_a5_': 1.0, '_a6_': 1.0, '_a7_': 1.0}};{'d0': 0.15383761411137137};-175.416477265198;24.665847243354516
1484;-60.9400340954852;sin((_a4_ * (pow2((_a0_ / _a4_)) + x1)));{'d0': {'_a0_': 0.7242872901277092, '_a4_': 0.5242928254444703, '_a1_': 1.0, '_a2_': 1.0, '_a3_': 1.0, '_a5_': 1.0, '_a6_': 1.0, '_a7_': 1.0}};{'d0': 0.1538376141112018};-175.416477265264;26.768204537146914
1485;-60.9400340954852;sin((_a4_ * (pow2((_a0_ / _a4_)) + x1)));{'d0': {'_a0_': 0.7242872901277092, '_a4_': 0.5242928254444703, '_a1_': 1.0, '_a2_': 1.0, '_a3_': 1.0, '_a5_': 1.0, '_a6_': 1.0, '_a7_': 1.0}};{'d0': 0.1538376141112018};-175.416477265264;26.768204537146914
1486;-83.7891065858169;(_a2_ ** (_a1_ ** x1));{'d0': {'_a1_': 0.20341217870806366, '_a2_': 0.855055500759432, '_a0_': 1.0, '_a3_': 1.0, '_a4_': 1.0, '_a5_': 1.0, '_a6_': 1.0, '_a7_': 1.0}};{'d0': 0.1124263983613155};-194.232406556034;13.327096692199998
1487;-83.7891065858169;(_a2_ ** (_a1_ ** x1));{'d0': {'_a1_': 0.20341217870806366, '_a2_': 0.855055500759432, '_a0_': 1.0, '_a3_': 1.0, '_a4_': 1.0, '_a5_': 1.0, '_a6_': 1.0, '_a7_': 1.0}};{'d0': 0.1124263983613155};-194.232406556034;13.327096692199998
1488;-83.7891065858169;(_a2_ ** (_a1_ ** x1));{'d0': {'_a1_': 0.20341217870806366, '_a2_': 0.855055500759432, '_a0_': 1.0, '_a3_': 1.0, '_a4_': 1.0, '_a5_': 1.0, '_a6_': 1.0, '_a7_': 1.0}};{'d0': 0.1124263983613155};-194.232406556034;13.327096692199998
1489;-83.7891065858169;(_a2_ ** (_a1_ ** x1));{'d0': {'_a1_': 0.20341217870806366, '_a2_': 0.855055500759432, '_a0_': 1.0, '_a3_': 1.0, '_a4_': 1.0, '_a5_': 1.0, '_a6_': 1.0, '_a7_': 1.0}};{'d0': 0.1124263983613155};-194.232406556034;13.327096692199998
1490;-83.7891065858169;(_a2_ ** (_a1_ ** x1));{'d0': {'_a1_': 0.20341217870806366, '_a2_': 0.855055500759432, '_a0_': 1.0, '_a3_': 1.0, '_a4_': 1.0, '_a5_': 1.0, '_a6_': 1.0, '_a7_': 1.0}};{'d0': 0.1124263983613155};-194.232406556034;13.327096692199998
1491;-83.7891065858169;(_a2_ ** (_a1_ ** x1));{'d0': {'_a1_': 0.20341217870806366, '_a2_': 0.855055500759432, '_a0_': 1.0, '_a3_': 1.0, '_a4_': 1.0, '_a5_': 1.0, '_a6_': 1.0, '_a7_': 1.0}};{'d0': 0.1124263983613155};-194.232406556034;13.327096692199998
1492;-83.7891065858169;(_a2_ ** (_a1_ ** x1));{'d0': {'_a1_': 0.20341217870806366, '_a2_': 0.855055500759432, '_a0_': 1.0, '_a3_': 1.0, '_a4_': 1.0, '_a5_': 1.0, '_a6_': 1.0, '_a7_': 1.0}};{'d0': 0.1124263983613155};-194.232406556034;13.327096692199998
1493;-83.7891065858169;(_a2_ ** (_a1_ ** x1));{'d0': {'_a1_': 0.20341217870806366, '_a2_': 0.855055500759432, '_a0_': 1.0, '_a3_': 1.0, '_a4_': 1.0, '_a5_': 1.0, '_a6_': 1.0, '_a7_': 1.0}};{'d0': 0.1124263983613155};-194.232406556034;13.327096692199998
1494;-83.7891065858169;(_a2_ ** (_a1_ ** x1));{'d0': {'_a1_': 0.20341217870806366, '_a2_': 0.855055500759432, '_a0_': 1.0, '_a3_': 1.0, '_a4_': 1.0, '_a5_': 1.0, '_a6_': 1.0, '_a7_': 1.0}};{'d0': 0.1124263983613155};-194.232406556034;13.327096692199998
1495;-83.7891065858169;(_a2_ ** (_a1_ ** x1));{'d0': {'_a1_': 0.20341217870806366, '_a2_': 0.855055500759432, '_a0_': 1.0, '_a3_': 1.0, '_a4_': 1.0, '_a5_': 1.0, '_a6_': 1.0, '_a7_': 1.0}};{'d0': 0.1124263983613155};-194.232406556034;13.327096692199998
1496;-83.7891065858169;(_a2_ ** (_a1_ ** x1));{'d0': {'_a1_': 0.20341217870806366, '_a2_': 0.855055500759432, '_a0_': 1.0, '_a3_': 1.0, '_a4_': 1.0, '_a5_': 1.0, '_a6_': 1.0, '_a7_': 1.0}};{'d0': 0.1124263983613155};-194.232406556034;13.327096692199998
1497;-83.7891065858169;(_a2_ ** (_a1_ ** x1));{'d0': {'_a1_': 0.20341217870806366, '_a2_': 0.855055500759432, '_a0_': 1.0, '_a3_': 1.0, '_a4_': 1.0, '_a5_': 1.0, '_a6_': 1.0, '_a7_': 1.0}};{'d0': 0.1124263983613155};-194.232406556034;13.327096692199998
1498;-83.7891065858169;(_a2_ ** (_a1_ ** x1));{'d0': {'_a1_': 0.20341217870806366, '_a2_': 0.855055500759432, '_a0_': 1.0, '_a3_': 1.0, '_a4_': 1.0, '_a5_': 1.0, '_a6_': 1.0, '_a7_': 1.0}};{'d0': 0.1124263983613155};-194.232406556034;13.327096692199998
1499;-83.7891065858169;(_a2_ ** (_a1_ ** x1));{'d0': {'_a1_': 0.20341217870806366, '_a2_': 0.855055500759432, '_a0_': 1.0, '_a3_': 1.0, '_a4_': 1.0, '_a5_': 1.0, '_a6_': 1.0, '_a7_': 1.0}};{'d0': 0.1124263983613155};-194.232406556034;13.327096692199998
1500;-83.7891065858169;(_a2_ ** (_a1_ ** x1));{'d0': {'_a1_': 0.20341217870806366, '_a2_': 0.855055500759432, '_a0_': 1.0, '_a3_': 1.0, '_a4_': 1.0, '_a5_': 1.0, '_a6_': 1.0, '_a7_': 1.0}};{'d0': 0.1124263983613155};-194.232406556034;13.327096692199998
1501;-83.7891065858169;(_a2_ ** (_a1_ ** x1));{'d0': {'_a1_': 0.20341217870806366, '_a2_': 0.855055500759432, '_a0_': 1.0, '_a3_': 1.0, '_a4_': 1.0, '_a5_': 1.0, '_a6_': 1.0, '_a7_': 1.0}};{'d0': 0.1124263983613155};-194.232406556034;13.327096692199998
1502;-83.7891065858169;(_a2_ ** (_a1_ ** x1));{'d0': {'_a1_': 0.20341217870806366, '_a2_': 0.855055500759432, '_a0_': 1.0, '_a3_': 1.0, '_a4_': 1.0, '_a5_': 1.0, '_a6_': 1.0, '_a7_': 1.0}};{'d0': 0.1124263983613155};-194.232406556034;13.327096692199998
1503;-83.7891065858169;(_a2_ ** (_a1_ ** x1));{'d0': {'_a1_': 0.20341217870806366, '_a2_': 0.855055500759432, '_a0_': 1.0, '_a3_': 1.0, '_a4_': 1.0, '_a5_': 1.0, '_a6_': 1.0, '_a7_': 1.0}};{'d0': 0.1124263983613155};-194.232406556034;13.327096692199998
1504;-83.7891065858169;(_a2_ ** (_a1_ ** x1));{'d0': {'_a1_': 0.20341217870806366, '_a2_': 0.855055500759432, '_a0_': 1.0, '_a3_': 1.0, '_a4_': 1.0, '_a5_': 1.0, '_a6_': 1.0, '_a7_': 1.0}};{'d0': 0.1124263983613155};-194.232406556034;13.327096692199998
1505;-83.7891065858169;(_a2_ ** (_a1_ ** x1));{'d0': {'_a1_': 0.20341217870806366, '_a2_': 0.855055500759432, '_a0_': 1.0, '_a3_': 1.0, '_a4_': 1.0, '_a5_': 1.0, '_a6_': 1.0, '_a7_': 1.0}};{'d0': 0.1124263983613155};-194.232406556034;13.327096692199998
1506;-83.7891065858169;(_a2_ ** (_a1_ ** x1));{'d0': {'_a1_': 0.20341217870806366, '_a2_': 0.855055500759432, '_a0_': 1.0, '_a3_': 1.0, '_a4_': 1.0, '_a5_': 1.0, '_a6_': 1.0, '_a7_': 1.0}};{'d0': 0.1124263983613155};-194.232406556034;13.327096692199998
1507;-83.7891065858169;(_a2_ ** (_a1_ ** x1));{'d0': {'_a1_': 0.20341217870806366, '_a2_': 0.855055500759432, '_a0_': 1.0, '_a3_': 1.0, '_a4_': 1.0, '_a5_': 1.0, '_a6_': 1.0, '_a7_': 1.0}};{'d0': 0.1124263983613155};-194.232406556034;13.327096692199998
1508;-83.7891065858169;(_a2_ ** (_a1_ ** x1));{'d0': {'_a1_': 0.20341217870806366, '_a2_': 0.855055500759432, '_a0_': 1.0, '_a3_': 1.0, '_a4_': 1.0, '_a5_': 1.0, '_a6_': 1.0, '_a7_': 1.0}};{'d0': 0.1124263983613155};-194.232406556034;13.327096692199998
1509;-83.7891065858169;(_a2_ ** (_a1_ ** x1));{'d0': {'_a1_': 0.20341217870806366, '_a2_': 0.855055500759432, '_a0_': 1.0, '_a3_': 1.0, '_a4_': 1.0, '_a5_': 1.0, '_a6_': 1.0, '_a7_': 1.0}};{'d0': 0.1124263983613155};-194.232406556034;13.327096692199998
1510;-83.7891065858169;(_a2_ ** (_a1_ ** x1));{'d0': {'_a1_': 0.20341217870806366, '_a2_': 0.855055500759432, '_a0_': 1.0, '_a3_': 1.0, '_a4_': 1.0, '_a5_': 1.0, '_a6_': 1.0, '_a7_': 1.0}};{'d0': 0.1124263983613155};-194.232406556034;13.327096692199998
1511;-83.7891065858169;(_a2_ ** (_a1_ ** x1));{'d0': {'_a1_': 0.20341217870806366, '_a2_': 0.855055500759432, '_a0_': 1.0, '_a3_': 1.0, '_a4_': 1.0, '_a5_': 1.0, '_a6_': 1.0, '_a7_': 1.0}};{'d0': 0.1124263983613155};-194.232406556034;13.327096692199998
1512;-83.7891065858169;(_a2_ ** (_a1_ ** x1));{'d0': {'_a1_': 0.20341217870806366, '_a2_': 0.855055500759432, '_a0_': 1.0, '_a3_': 1.0, '_a4_': 1.0, '_a5_': 1.0, '_a6_': 1.0, '_a7_': 1.0}};{'d0': 0.1124263983613155};-194.232406556034;13.327096692199998
1513;-83.7891065858169;(_a2_ ** (_a1_ ** x1));{'d0': {'_a1_': 0.20341217870806366, '_a2_': 0.855055500759432, '_a0_': 1.0, '_a3_': 1.0, '_a4_': 1.0, '_a5_': 1.0, '_a6_': 1.0, '_a7_': 1.0}};{'d0': 0.1124263983613155};-194.232406556034;13.327096692199998
1514;-83.7891065858169;(_a2_ ** (_a1_ ** x1));{'d0': {'_a1_': 0.20341217870806366, '_a2_': 0.855055500759432, '_a0_': 1.0, '_a3_': 1.0, '_a4_': 1.0, '_a5_': 1.0, '_a6_': 1.0, '_a7_': 1.0}};{'d0': 0.1124263983613155};-194.232406556034;13.327096692199998
1515;-83.7891065858169;(_a2_ ** (_a1_ ** x1));{'d0': {'_a1_': 0.20341217870806366, '_a2_': 0.855055500759432, '_a0_': 1.0, '_a3_': 1.0, '_a4_': 1.0, '_a5_': 1.0, '_a6_': 1.0, '_a7_': 1.0}};{'d0': 0.1124263983613155};-194.232406556034;13.327096692199998
1516;-83.7891065858169;(_a2_ ** (_a1_ ** x1));{'d0': {'_a1_': 0.20341217870806366, '_a2_': 0.855055500759432, '_a0_': 1.0, '_a3_': 1.0, '_a4_': 1.0, '_a5_': 1.0, '_a6_': 1.0, '_a7_': 1.0}};{'d0': 0.1124263983613155};-194.232406556034;13.327096692199998
1517;-83.7891065858169;(_a2_ ** (_a1_ ** x1));{'d0': {'_a1_': 0.20341217870806366, '_a2_': 0.855055500759432, '_a0_': 1.0, '_a3_': 1.0, '_a4_': 1.0, '_a5_': 1.0, '_a6_': 1.0, '_a7_': 1.0}};{'d0': 0.1124263983613155};-194.232406556034;13.327096692199998
1518;-83.7891065858169;(_a2_ ** (_a1_ ** x1));{'d0': {'_a1_': 0.20341217870806366, '_a2_': 0.855055500759432, '_a0_': 1.0, '_a3_': 1.0, '_a4_': 1.0, '_a5_': 1.0, '_a6_': 1.0, '_a7_': 1.0}};{'d0': 0.1124263983613155};-194.232406556034;13.327096692199998
1519;-83.7891065858169;(_a2_ ** (_a1_ ** x1));{'d0': {'_a1_': 0.20341217870806366, '_a2_': 0.855055500759432, '_a0_': 1.0, '_a3_': 1.0, '_a4_': 1.0, '_a5_': 1.0, '_a6_': 1.0, '_a7_': 1.0}};{'d0': 0.1124263983613155};-194.232406556034;13.327096692199998
1520;-83.7891065858169;(_a2_ ** (_a1_ ** x1));{'d0': {'_a1_': 0.20341217870806366, '_a2_': 0.855055500759432, '_a0_': 1.0, '_a3_': 1.0, '_a4_': 1.0, '_a5_': 1.0, '_a6_': 1.0, '_a7_': 1.0}};{'d0': 0.1124263983613155};-194.232406556034;13.327096692199998
1521;-83.7891065858169;(_a2_ ** (_a1_ ** x1));{'d0': {'_a1_': 0.20341217870806366, '_a2_': 0.855055500759432, '_a0_': 1.0, '_a3_': 1.0, '_a4_': 1.0, '_a5_': 1.0, '_a6_': 1.0, '_a7_': 1.0}};{'d0': 0.1124263983613155};-194.232406556034;13.327096692199998
1522;-83.7891065858169;(_a2_ ** (_a1_ ** x1));{'d0': {'_a1_': 0.20341217870806366, '_a2_': 0.855055500759432, '_a0_': 1.0, '_a3_': 1.0, '_a4_': 1.0, '_a5_': 1.0, '_a6_': 1.0, '_a7_': 1.0}};{'d0': 0.1124263983613155};-194.232406556034;13.327096692199998
1523;-83.7891065858169;(_a2_ ** (_a1_ ** x1));{'d0': {'_a1_': 0.20341217870806366, '_a2_': 0.855055500759432, '_a0_': 1.0, '_a3_': 1.0, '_a4_': 1.0, '_a5_': 1.0, '_a6_': 1.0, '_a7_': 1.0}};{'d0': 0.1124263983613155};-194.232406556034;13.327096692199998
1524;-83.7891065858169;(_a2_ ** (_a1_ ** x1));{'d0': {'_a1_': 0.20341217870806366, '_a2_': 0.855055500759432, '_a0_': 1.0, '_a3_': 1.0, '_a4_': 1.0, '_a5_': 1.0, '_a6_': 1.0, '_a7_': 1.0}};{'d0': 0.1124263983613155};-194.232406556034;13.327096692199998
1525;-83.7891065858169;(_a2_ ** (_a1_ ** x1));{'d0': {'_a1_': 0.20341217870806366, '_a2_': 0.855055500759432, '_a0_': 1.0, '_a3_': 1.0, '_a4_': 1.0, '_a5_': 1.0, '_a6_': 1.0, '_a7_': 1.0}};{'d0': 0.1124263983613155};-194.232406556034;13.327096692199998
1526;-83.7891065858169;(_a2_ ** (_a1_ ** x1));{'d0': {'_a1_': 0.20341217870806366, '_a2_': 0.855055500759432, '_a0_': 1.0, '_a3_': 1.0, '_a4_': 1.0, '_a5_': 1.0, '_a6_': 1.0, '_a7_': 1.0}};{'d0': 0.1124263983613155};-194.232406556034;13.327096692199998
1527;-83.7891065858169;(_a2_ ** (_a1_ ** x1));{'d0': {'_a1_': 0.20341217870806366, '_a2_': 0.855055500759432, '_a0_': 1.0, '_a3_': 1.0, '_a4_': 1.0, '_a5_': 1.0, '_a6_': 1.0, '_a7_': 1.0}};{'d0': 0.1124263983613155};-194.232406556034;13.327096692199998
1528;-83.7891065858169;(_a2_ ** (_a1_ ** x1));{'d0': {'_a1_': 0.20341217870806366, '_a2_': 0.855055500759432, '_a0_': 1.0, '_a3_': 1.0, '_a4_': 1.0, '_a5_': 1.0, '_a6_': 1.0, '_a7_': 1.0}};{'d0': 0.1124263983613155};-194.232406556034;13.327096692199998
1529;-83.7891065858169;(_a2_ ** (_a1_ ** x1));{'d0': {'_a1_': 0.20341217870806366, '_a2_': 0.855055500759432, '_a0_': 1.0, '_a3_': 1.0, '_a4_': 1.0, '_a5_': 1.0, '_a6_': 1.0, '_a7_': 1.0}};{'d0': 0.1124263983613155};-194.232406556034;13.327096692199998
1530;-83.7891065858169;(_a2_ ** (_a1_ ** x1));{'d0': {'_a1_': 0.20341217870806366, '_a2_': 0.855055500759432, '_a0_': 1.0, '_a3_': 1.0, '_a4_': 1.0, '_a5_': 1.0, '_a6_': 1.0, '_a7_': 1.0}};{'d0': 0.1124263983613155};-194.232406556034;13.327096692199998
1531;-83.7891065858169;(_a2_ ** (_a1_ ** x1));{'d0': {'_a1_': 0.20341217870806366, '_a2_': 0.855055500759432, '_a0_': 1.0, '_a3_': 1.0, '_a4_': 1.0, '_a5_': 1.0, '_a6_': 1.0, '_a7_': 1.0}};{'d0': 0.1124263983613155};-194.232406556034;13.327096692199998
1532;-83.7891065858169;(_a2_ ** (_a1_ ** x1));{'d0': {'_a1_': 0.20341217870806366, '_a2_': 0.855055500759432, '_a0_': 1.0, '_a3_': 1.0, '_a4_': 1.0, '_a5_': 1.0, '_a6_': 1.0, '_a7_': 1.0}};{'d0': 0.1124263983613155};-194.232406556034;13.327096692199998
1533;-83.7891065858169;(_a2_ ** (_a1_ ** x1));{'d0': {'_a1_': 0.20341217870806366, '_a2_': 0.855055500759432, '_a0_': 1.0, '_a3_': 1.0, '_a4_': 1.0, '_a5_': 1.0, '_a6_': 1.0, '_a7_': 1.0}};{'d0': 0.1124263983613155};-194.232406556034;13.327096692199998
1534;-83.7891065858169;(_a2_ ** (_a1_ ** x1));{'d0': {'_a1_': 0.20341217870806366, '_a2_': 0.855055500759432, '_a0_': 1.0, '_a3_': 1.0, '_a4_': 1.0, '_a5_': 1.0, '_a6_': 1.0, '_a7_': 1.0}};{'d0': 0.1124263983613155};-194.232406556034;13.327096692199998
1535;-83.7891065858169;(_a2_ ** (_a1_ ** x1));{'d0': {'_a1_': 0.20341217870806366, '_a2_': 0.855055500759432, '_a0_': 1.0, '_a3_': 1.0, '_a4_': 1.0, '_a5_': 1.0, '_a6_': 1.0, '_a7_': 1.0}};{'d0': 0.1124263983613155};-194.232406556034;13.327096692199998
1536;-83.7891065858169;(_a2_ ** (_a1_ ** x1));{'d0': {'_a1_': 0.20341217870806366, '_a2_': 0.855055500759432, '_a0_': 1.0, '_a3_': 1.0, '_a4_': 1.0, '_a5_': 1.0, '_a6_': 1.0, '_a7_': 1.0}};{'d0': 0.1124263983613155};-194.232406556034;13.327096692199998
1537;-83.7891065858169;(_a2_ ** (_a1_ ** x1));{'d0': {'_a1_': 0.20341217870806366, '_a2_': 0.855055500759432, '_a0_': 1.0, '_a3_': 1.0, '_a4_': 1.0, '_a5_': 1.0, '_a6_': 1.0, '_a7_': 1.0}};{'d0': 0.1124263983613155};-194.232406556034;13.327096692199998
1538;-83.7891065858169;(_a2_ ** (_a1_ ** x1));{'d0': {'_a1_': 0.20341217870806366, '_a2_': 0.855055500759432, '_a0_': 1.0, '_a3_': 1.0, '_a4_': 1.0, '_a5_': 1.0, '_a6_': 1.0, '_a7_': 1.0}};{'d0': 0.1124263983613155};-194.232406556034;13.327096692199998
1539;-83.7891065858169;(_a2_ ** (_a1_ ** x1));{'d0': {'_a1_': 0.20341217870806366, '_a2_': 0.855055500759432, '_a0_': 1.0, '_a3_': 1.0, '_a4_': 1.0, '_a5_': 1.0, '_a6_': 1.0, '_a7_': 1.0}};{'d0': 0.1124263983613155};-194.232406556034;13.327096692199998
1540;-83.7891065858169;(_a2_ ** (_a1_ ** x1));{'d0': {'_a1_': 0.20341217870806366, '_a2_': 0.855055500759432, '_a0_': 1.0, '_a3_': 1.0, '_a4_': 1.0, '_a5_': 1.0, '_a6_': 1.0, '_a7_': 1.0}};{'d0': 0.1124263983613155};-194.232406556034;13.327096692199998
1541;-83.7891065858169;(_a2_ ** (_a1_ ** x1));{'d0': {'_a1_': 0.20341217870806366, '_a2_': 0.855055500759432, '_a0_': 1.0, '_a3_': 1.0, '_a4_': 1.0, '_a5_': 1.0, '_a6_': 1.0, '_a7_': 1.0}};{'d0': 0.1124263983613155};-194.232406556034;13.327096692199998
1542;-83.7891065858169;(_a2_ ** (_a1_ ** x1));{'d0': {'_a1_': 0.20341217870806366, '_a2_': 0.855055500759432, '_a0_': 1.0, '_a3_': 1.0, '_a4_': 1.0, '_a5_': 1.0, '_a6_': 1.0, '_a7_': 1.0}};{'d0': 0.1124263983613155};-194.232406556034;13.327096692199998
1543;-83.7891065858169;(_a2_ ** (_a1_ ** x1));{'d0': {'_a1_': 0.20341217870806366, '_a2_': 0.855055500759432, '_a0_': 1.0, '_a3_': 1.0, '_a4_': 1.0, '_a5_': 1.0, '_a6_': 1.0, '_a7_': 1.0}};{'d0': 0.1124263983613155};-194.232406556034;13.327096692199998
1544;-83.7891065858169;(_a2_ ** (_a1_ ** x1));{'d0': {'_a1_': 0.20341217870806366, '_a2_': 0.855055500759432, '_a0_': 1.0, '_a3_': 1.0, '_a4_': 1.0, '_a5_': 1.0, '_a6_': 1.0, '_a7_': 1.0}};{'d0': 0.1124263983613155};-194.232406556034;13.327096692199998
1545;-83.7891065858169;(_a2_ ** (_a1_ ** x1));{'d0': {'_a1_': 0.20341217870806366, '_a2_': 0.855055500759432, '_a0_': 1.0, '_a3_': 1.0, '_a4_': 1.0, '_a5_': 1.0, '_a6_': 1.0, '_a7_': 1.0}};{'d0': 0.1124263983613155};-194.232406556034;13.327096692199998
1546;-83.7891065858169;(_a2_ ** (_a1_ ** x1));{'d0': {'_a1_': 0.20341217870806366, '_a2_': 0.855055500759432, '_a0_': 1.0, '_a3_': 1.0, '_a4_': 1.0, '_a5_': 1.0, '_a6_': 1.0, '_a7_': 1.0}};{'d0': 0.1124263983613155};-194.232406556034;13.327096692199998
1547;-83.7891065858169;(_a2_ ** (_a1_ ** x1));{'d0': {'_a1_': 0.20341217870806366, '_a2_': 0.855055500759432, '_a0_': 1.0, '_a3_': 1.0, '_a4_': 1.0, '_a5_': 1.0, '_a6_': 1.0, '_a7_': 1.0}};{'d0': 0.1124263983613155};-194.232406556034;13.327096692199998
1548;-83.7891065858169;(_a2_ ** (_a1_ ** x1));{'d0': {'_a1_': 0.20341217870806366, '_a2_': 0.855055500759432, '_a0_': 1.0, '_a3_': 1.0, '_a4_': 1.0, '_a5_': 1.0, '_a6_': 1.0, '_a7_': 1.0}};{'d0': 0.1124263983613155};-194.232406556034;13.327096692199998
1549;-83.7891065858169;(_a2_ ** (_a1_ ** x1));{'d0': {'_a1_': 0.20341217870806366, '_a2_': 0.855055500759432, '_a0_': 1.0, '_a3_': 1.0, '_a4_': 1.0, '_a5_': 1.0, '_a6_': 1.0, '_a7_': 1.0}};{'d0': 0.1124263983613155};-194.232406556034;13.327096692199998
1550;-83.7891065858169;(_a2_ ** (_a1_ ** x1));{'d0': {'_a1_': 0.20341217870806366, '_a2_': 0.855055500759432, '_a0_': 1.0, '_a3_': 1.0, '_a4_': 1.0, '_a5_': 1.0, '_a6_': 1.0, '_a7_': 1.0}};{'d0': 0.1124263983613155};-194.232406556034;13.327096692199998
1551;-83.7891065858169;(_a2_ ** (_a1_ ** x1));{'d0': {'_a1_': 0.20341217870806366, '_a2_': 0.855055500759432, '_a0_': 1.0, '_a3_': 1.0, '_a4_': 1.0, '_a5_': 1.0, '_a6_': 1.0, '_a7_': 1.0}};{'d0': 0.1124263983613155};-194.232406556034;13.327096692199998
1552;-83.7891065858169;(_a2_ ** (_a1_ ** x1));{'d0': {'_a1_': 0.20341217870806366, '_a2_': 0.855055500759432, '_a0_': 1.0, '_a3_': 1.0, '_a4_': 1.0, '_a5_': 1.0, '_a6_': 1.0, '_a7_': 1.0}};{'d0': 0.1124263983613155};-194.232406556034;13.327096692199998
1553;-83.7891065858169;(_a2_ ** (_a1_ ** x1));{'d0': {'_a1_': 0.20341217870806366, '_a2_': 0.855055500759432, '_a0_': 1.0, '_a3_': 1.0, '_a4_': 1.0, '_a5_': 1.0, '_a6_': 1.0, '_a7_': 1.0}};{'d0': 0.1124263983613155};-194.232406556034;13.327096692199998
1554;-83.7891065858169;(_a2_ ** (_a1_ ** x1));{'d0': {'_a1_': 0.20341217870806366, '_a2_': 0.855055500759432, '_a0_': 1.0, '_a3_': 1.0, '_a4_': 1.0, '_a5_': 1.0, '_a6_': 1.0, '_a7_': 1.0}};{'d0': 0.1124263983613155};-194.232406556034;13.327096692199998
1555;-83.7891065858169;(_a2_ ** (_a1_ ** x1));{'d0': {'_a1_': 0.20341217870806366, '_a2_': 0.855055500759432, '_a0_': 1.0, '_a3_': 1.0, '_a4_': 1.0, '_a5_': 1.0, '_a6_': 1.0, '_a7_': 1.0}};{'d0': 0.1124263983613155};-194.232406556034;13.327096692199998
1556;-83.7891065858169;(_a2_ ** (_a1_ ** x1));{'d0': {'_a1_': 0.20341217870806366, '_a2_': 0.855055500759432, '_a0_': 1.0, '_a3_': 1.0, '_a4_': 1.0, '_a5_': 1.0, '_a6_': 1.0, '_a7_': 1.0}};{'d0': 0.1124263983613155};-194.232406556034;13.327096692199998
1557;-83.7891065858169;(_a2_ ** (_a1_ ** x1));{'d0': {'_a1_': 0.20341217870806366, '_a2_': 0.855055500759432, '_a0_': 1.0, '_a3_': 1.0, '_a4_': 1.0, '_a5_': 1.0, '_a6_': 1.0, '_a7_': 1.0}};{'d0': 0.1124263983613155};-194.232406556034;13.327096692199998
1558;-83.7891065858169;(_a2_ ** (_a1_ ** x1));{'d0': {'_a1_': 0.20341217870806366, '_a2_': 0.855055500759432, '_a0_': 1.0, '_a3_': 1.0, '_a4_': 1.0, '_a5_': 1.0, '_a6_': 1.0, '_a7_': 1.0}};{'d0': 0.1124263983613155};-194.232406556034;13.327096692199998
1559;-83.7891065858169;(_a2_ ** (_a1_ ** x1));{'d0': {'_a1_': 0.20341217870806366, '_a2_': 0.855055500759432, '_a0_': 1.0, '_a3_': 1.0, '_a4_': 1.0, '_a5_': 1.0, '_a6_': 1.0, '_a7_': 1.0}};{'d0': 0.1124263983613155};-194.232406556034;13.327096692199998
1560;-83.7891065858169;(_a2_ ** (_a1_ ** x1));{'d0': {'_a1_': 0.20341217870806366, '_a2_': 0.855055500759432, '_a0_': 1.0, '_a3_': 1.0, '_a4_': 1.0, '_a5_': 1.0, '_a6_': 1.0, '_a7_': 1.0}};{'d0': 0.1124263983613155};-194.232406556034;13.327096692199998
1561;-51.9678661183404;sin(abs(((pow2(x1) + ((x1 + _a5_) * _a7_)) * (_a7_ * _a0_))));{'d0': {'_a0_': -0.013188463775325657, '_a5_': 2.3293442799885593, '_a7_': -5.7045956493179855, '_a1_': 1.0, '_a2_': 1.0, '_a3_': 1.0, '_a4_': 1.0, '_a6_': 1.0}};{'d0': 0.11059387291623858};-191.124106900826;43.59418733207252
1562;-51.9678661183404;sin(abs(((pow2(x1) + ((x1 + _a5_) * _a7_)) * (_a7_ * _a0_))));{'d0': {'_a0_': -0.013188463775325657, '_a5_': 2.3293442799885593, '_a7_': -5.7045956493179855, '_a1_': 1.0, '_a2_': 1.0, '_a3_': 1.0, '_a4_': 1.0, '_a6_': 1.0}};{'d0': 0.11059387291623858};-191.124106900826;43.59418733207252
1563;-51.9678661183404;sin(abs(((pow2(x1) + ((x1 + _a5_) * _a7_)) * (_a7_ * _a0_))));{'d0': {'_a0_': -0.013188463775325657, '_a5_': 2.3293442799885593, '_a7_': -5.7045956493179855, '_a1_': 1.0, '_a2_': 1.0, '_a3_': 1.0, '_a4_': 1.0, '_a6_': 1.0}};{'d0': 0.11059387291623858};-191.124106900826;43.59418733207252
1564;-51.9678661183404;sin(abs(((pow2(x1) + ((x1 + _a5_) * _a7_)) * (_a7_ * _a0_))));{'d0': {'_a0_': -0.013188463775325657, '_a5_': 2.3293442799885593, '_a7_': -5.7045956493179855, '_a1_': 1.0, '_a2_': 1.0, '_a3_': 1.0, '_a4_': 1.0, '_a6_': 1.0}};{'d0': 0.11059387291623858};-191.124106900826;43.59418733207252
1565;-51.9678661183404;sin(abs(((pow2(x1) + ((x1 + _a5_) * _a7_)) * (_a7_ * _a0_))));{'d0': {'_a0_': -0.013188463775325657, '_a5_': 2.3293442799885593, '_a7_': -5.7045956493179855, '_a1_': 1.0, '_a2_': 1.0, '_a3_': 1.0, '_a4_': 1.0, '_a6_': 1.0}};{'d0': 0.11059387291623858};-191.124106900826;43.59418733207252
1566;-51.9678661183404;sin(abs(((pow2(x1) + ((x1 + _a5_) * _a7_)) * (_a7_ * _a0_))));{'d0': {'_a0_': -0.013188463775325657, '_a5_': 2.3293442799885593, '_a7_': -5.7045956493179855, '_a1_': 1.0, '_a2_': 1.0, '_a3_': 1.0, '_a4_': 1.0, '_a6_': 1.0}};{'d0': 0.11059387291623858};-191.124106900826;43.59418733207252
1567;-40.0713134246124;-((pow3(((sin(((x1 / (_a1_ * _a6_)) + (exp(_a6_) * _a6_))) * _a6_) + x1)) * _a7_));{'d0': {'_a1_': 1.0124353768776404, '_a6_': 3.2584454084459815, '_a7_': -59.95044890217012, '_a0_': 1.0, '_a2_': 1.0, '_a3_': 1.0, '_a4_': 1.0, '_a5_': 1.0}};{'d0': 0.09753378299213533};-198.664059625829;59.260716388302306
1568;-51.9678661183404;sin(abs(((pow2(x1) + ((x1 + _a5_) * _a7_)) * (_a7_ * _a0_))));{'d0': {'_a0_': -0.013188463775325657, '_a5_': 2.3293442799885593, '_a7_': -5.7045956493179855, '_a1_': 1.0, '_a2_': 1.0, '_a3_': 1.0, '_a4_': 1.0, '_a6_': 1.0}};{'d0': 0.11059387291623858};-191.124106900826;43.59418733207252
1569;-51.9678661183404;sin(abs(((pow2(x1) + ((x1 + _a5_) * _a7_)) * (_a7_ * _a0_))));{'d0': {'_a0_': -0.013188463775325657, '_a5_': 2.3293442799885593, '_a7_': -5.7045956493179855, '_a1_': 1.0, '_a2_': 1.0, '_a3_': 1.0, '_a4_': 1.0, '_a6_': 1.0}};{'d0': 0.11059387291623858};-191.124106900826;43.59418733207252
1570;-51.9678661183404;sin(abs(((pow2(x1) + ((x1 + _a5_) * _a7_)) * (_a7_ * _a0_))));{'d0': {'_a0_': -0.013188463775325657, '_a5_': 2.3293442799885593, '_a7_': -5.7045956493179855, '_a1_': 1.0, '_a2_': 1.0, '_a3_': 1.0, '_a4_': 1.0, '_a6_': 1.0}};{'d0': 0.11059387291623858};-191.124106900826;43.59418733207252
1571;-51.9678661183404;sin(abs(((pow2(x1) + ((x1 + _a5_) * _a7_)) * (_a7_ * _a0_))));{'d0': {'_a0_': -0.013188463775325657, '_a5_': 2.3293442799885593, '_a7_': -5.7045956493179855, '_a1_': 1.0, '_a2_': 1.0, '_a3_': 1.0, '_a4_': 1.0, '_a6_': 1.0}};{'d0': 0.11059387291623858};-191.124106900826;43.59418733207252
1572;-83.7891065858169;(_a2_ ** (_a1_ ** x1));{'d0': {'_a1_': 0.20341217870806366, '_a2_': 0.855055500759432, '_a0_': 1.0, '_a3_': 1.0, '_a4_': 1.0, '_a5_': 1.0, '_a6_': 1.0, '_a7_': 1.0}};{'d0': 0.1124263983613155};-194.232406556034;13.327096692199998
1573;-83.7891065858169;(_a2_ ** (_a1_ ** x1));{'d0': {'_a1_': 0.20341217870806366, '_a2_': 0.855055500759432, '_a0_': 1.0, '_a3_': 1.0, '_a4_': 1.0, '_a5_': 1.0, '_a6_': 1.0, '_a7_': 1.0}};{'d0': 0.1124263983613155};-194.232406556034;13.327096692199998
1574;-83.7891065858169;(_a2_ ** (_a1_ ** x1));{'d0': {'_a1_': 0.20341217870806366, '_a2_': 0.855055500759432, '_a0_': 1.0, '_a3_': 1.0, '_a4_': 1.0, '_a5_': 1.0, '_a6_': 1.0, '_a7_': 1.0}};{'d0': 0.1124263983613155};-194.232406556034;13.327096692199998
1575;-83.7891065858169;(_a2_ ** (_a1_ ** x1));{'d0': {'_a1_': 0.20341217870806366, '_a2_': 0.855055500759432, '_a0_': 1.0, '_a3_': 1.0, '_a4_': 1.0, '_a5_': 1.0, '_a6_': 1.0, '_a7_': 1.0}};{'d0': 0.1124263983613155};-194.232406556034;13.327096692199998
1576;-83.7891065858169;(_a2_ ** (_a1_ ** x1));{'d0': {'_a1_': 0.20341217870806366, '_a2_': 0.855055500759432, '_a0_': 1.0, '_a3_': 1.0, '_a4_': 1.0, '_a5_': 1.0, '_a6_': 1.0, '_a7_': 1.0}};{'d0': 0.1124263983613155};-194.232406556034;13.327096692199998
1577;-83.7891065858169;(_a2_ ** (_a1_ ** x1));{'d0': {'_a1_': 0.20341217870806366, '_a2_': 0.855055500759432, '_a0_': 1.0, '_a3_': 1.0, '_a4_': 1.0, '_a5_': 1.0, '_a6_': 1.0, '_a7_': 1.0}};{'d0': 0.1124263983613155};-194.232406556034;13.327096692199998
1578;-83.7891065858169;(_a2_ ** (_a1_ ** x1));{'d0': {'_a1_': 0.20341217870806366, '_a2_': 0.855055500759432, '_a0_': 1.0, '_a3_': 1.0, '_a4_': 1.0, '_a5_': 1.0, '_a6_': 1.0, '_a7_': 1.0}};{'d0': 0.1124263983613155};-194.232406556034;13.327096692199998
1579;-83.7891065858169;(_a2_ ** (_a1_ ** x1));{'d0': {'_a1_': 0.20341217870806366, '_a2_': 0.855055500759432, '_a0_': 1.0, '_a3_': 1.0, '_a4_': 1.0, '_a5_': 1.0, '_a6_': 1.0, '_a7_': 1.0}};{'d0': 0.1124263983613155};-194.232406556034;13.327096692199998
1580;-83.7891065858169;(_a2_ ** (_a1_ ** x1));{'d0': {'_a1_': 0.20341217870806366, '_a2_': 0.855055500759432, '_a0_': 1.0, '_a3_': 1.0, '_a4_': 1.0, '_a5_': 1.0, '_a6_': 1.0, '_a7_': 1.0}};{'d0': 0.1124263983613155};-194.232406556034;13.327096692199998
1581;-83.7891065858169;(_a2_ ** (_a1_ ** x1));{'d0': {'_a1_': 0.20341217870806366, '_a2_': 0.855055500759432, '_a0_': 1.0, '_a3_': 1.0, '_a4_': 1.0, '_a5_': 1.0, '_a6_': 1.0, '_a7_': 1.0}};{'d0': 0.1124263983613155};-194.232406556034;13.327096692199998
1582;-83.7891065858169;(_a2_ ** (_a1_ ** x1));{'d0': {'_a1_': 0.20341217870806366, '_a2_': 0.855055500759432, '_a0_': 1.0, '_a3_': 1.0, '_a4_': 1.0, '_a5_': 1.0, '_a6_': 1.0, '_a7_': 1.0}};{'d0': 0.1124263983613155};-194.232406556034;13.327096692199998
1583;-83.7891065858169;(_a2_ ** (_a1_ ** x1));{'d0': {'_a1_': 0.20341217870806366, '_a2_': 0.855055500759432, '_a0_': 1.0, '_a3_': 1.0, '_a4_': 1.0, '_a5_': 1.0, '_a6_': 1.0, '_a7_': 1.0}};{'d0': 0.1124263983613155};-194.232406556034;13.327096692199998
1584;-83.7891065858169;(_a2_ ** (_a1_ ** x1));{'d0': {'_a1_': 0.20341217870806366, '_a2_': 0.855055500759432, '_a0_': 1.0, '_a3_': 1.0, '_a4_': 1.0, '_a5_': 1.0, '_a6_': 1.0, '_a7_': 1.0}};{'d0': 0.1124263983613155};-194.232406556034;13.327096692199998
1585;-83.7891065858169;(_a2_ ** (_a1_ ** x1));{'d0': {'_a1_': 0.20341217870806366, '_a2_': 0.855055500759432, '_a0_': 1.0, '_a3_': 1.0, '_a4_': 1.0, '_a5_': 1.0, '_a6_': 1.0, '_a7_': 1.0}};{'d0': 0.1124263983613155};-194.232406556034;13.327096692199998
1586;-83.7891065858169;(_a2_ ** (_a1_ ** x1));{'d0': {'_a1_': 0.20341217870806366, '_a2_': 0.855055500759432, '_a0_': 1.0, '_a3_': 1.0, '_a4_': 1.0, '_a5_': 1.0, '_a6_': 1.0, '_a7_': 1.0}};{'d0': 0.1124263983613155};-194.232406556034;13.327096692199998
1587;-83.7891065858169;(_a2_ ** (_a1_ ** x1));{'d0': {'_a1_': 0.20341217870806366, '_a2_': 0.855055500759432, '_a0_': 1.0, '_a3_': 1.0, '_a4_': 1.0, '_a5_': 1.0, '_a6_': 1.0, '_a7_': 1.0}};{'d0': 0.1124263983613155};-194.232406556034;13.327096692199998
1588;-83.7891065858169;(_a2_ ** (_a1_ ** x1));{'d0': {'_a1_': 0.20341217870806366, '_a2_': 0.855055500759432, '_a0_': 1.0, '_a3_': 1.0, '_a4_': 1.0, '_a5_': 1.0, '_a6_': 1.0, '_a7_': 1.0}};{'d0': 0.1124263983613155};-194.232406556034;13.327096692199998
1589;-83.7891065858169;(_a2_ ** (_a1_ ** x1));{'d0': {'_a1_': 0.20341217870806366, '_a2_': 0.855055500759432, '_a0_': 1.0, '_a3_': 1.0, '_a4_': 1.0, '_a5_': 1.0, '_a6_': 1.0, '_a7_': 1.0}};{'d0': 0.1124263983613155};-194.232406556034;13.327096692199998
1590;-83.7891065858169;(_a2_ ** (_a1_ ** x1));{'d0': {'_a1_': 0.20341217870806366, '_a2_': 0.855055500759432, '_a0_': 1.0, '_a3_': 1.0, '_a4_': 1.0, '_a5_': 1.0, '_a6_': 1.0, '_a7_': 1.0}};{'d0': 0.1124263983613155};-194.232406556034;13.327096692199998
1591;-83.7891065858169;(_a2_ ** (_a1_ ** x1));{'d0': {'_a1_': 0.20341217870806366, '_a2_': 0.855055500759432, '_a0_': 1.0, '_a3_': 1.0, '_a4_': 1.0, '_a5_': 1.0, '_a6_': 1.0, '_a7_': 1.0}};{'d0': 0.1124263983613155};-194.232406556034;13.327096692199998
1592;-83.7891065858169;(_a2_ ** (_a1_ ** x1));{'d0': {'_a1_': 0.20341217870806366, '_a2_': 0.855055500759432, '_a0_': 1.0, '_a3_': 1.0, '_a4_': 1.0, '_a5_': 1.0, '_a6_': 1.0, '_a7_': 1.0}};{'d0': 0.1124263983613155};-194.232406556034;13.327096692199998
1593;-83.7891065858169;(_a2_ ** (_a1_ ** x1));{'d0': {'_a1_': 0.20341217870806366, '_a2_': 0.855055500759432, '_a0_': 1.0, '_a3_': 1.0, '_a4_': 1.0, '_a5_': 1.0, '_a6_': 1.0, '_a7_': 1.0}};{'d0': 0.1124263983613155};-194.232406556034;13.327096692199998
1594;-83.7891065858169;(_a2_ ** (_a1_ ** x1));{'d0': {'_a1_': 0.20341217870806366, '_a2_': 0.855055500759432, '_a0_': 1.0, '_a3_': 1.0, '_a4_': 1.0, '_a5_': 1.0, '_a6_': 1.0, '_a7_': 1.0}};{'d0': 0.1124263983613155};-194.232406556034;13.327096692199998
1595;-83.7891065858169;(_a2_ ** (_a1_ ** x1));{'d0': {'_a1_': 0.20341217870806366, '_a2_': 0.855055500759432, '_a0_': 1.0, '_a3_': 1.0, '_a4_': 1.0, '_a5_': 1.0, '_a6_': 1.0, '_a7_': 1.0}};{'d0': 0.1124263983613155};-194.232406556034;13.327096692199998
1596;-83.7891065858169;(_a2_ ** (_a1_ ** x1));{'d0': {'_a1_': 0.20341217870806366, '_a2_': 0.855055500759432, '_a0_': 1.0, '_a3_': 1.0, '_a4_': 1.0, '_a5_': 1.0, '_a6_': 1.0, '_a7_': 1.0}};{'d0': 0.1124263983613155};-194.232406556034;13.327096692199998
1597;-83.7891065858169;(_a2_ ** (_a1_ ** x1));{'d0': {'_a1_': 0.20341217870806366, '_a2_': 0.855055500759432, '_a0_': 1.0, '_a3_': 1.0, '_a4_': 1.0, '_a5_': 1.0, '_a6_': 1.0, '_a7_': 1.0}};{'d0': 0.1124263983613155};-194.232406556034;13.327096692199998
1598;-83.7891065858169;(_a2_ ** (_a1_ ** x1));{'d0': {'_a1_': 0.20341217870806366, '_a2_': 0.855055500759432, '_a0_': 1.0, '_a3_': 1.0, '_a4_': 1.0, '_a5_': 1.0, '_a6_': 1.0, '_a7_': 1.0}};{'d0': 0.1124263983613155};-194.232406556034;13.327096692199998
1599;-83.7891065858169;(_a2_ ** (_a1_ ** x1));{'d0': {'_a1_': 0.20341217870806366, '_a2_': 0.855055500759432, '_a0_': 1.0, '_a3_': 1.0, '_a4_': 1.0, '_a5_': 1.0, '_a6_': 1.0, '_a7_': 1.0}};{'d0': 0.1124263983613155};-194.232406556034;13.327096692199998
1600;-83.7891065858169;(_a2_ ** (_a1_ ** x1));{'d0': {'_a1_': 0.20341217870806366, '_a2_': 0.855055500759432, '_a0_': 1.0, '_a3_': 1.0, '_a4_': 1.0, '_a5_': 1.0, '_a6_': 1.0, '_a7_': 1.0}};{'d0': 0.1124263983613155};-194.232406556034;13.327096692199998
1601;-83.7891065858169;(_a2_ ** (_a1_ ** x1));{'d0': {'_a1_': 0.20341217870806366, '_a2_': 0.855055500759432, '_a0_': 1.0, '_a3_': 1.0, '_a4_': 1.0, '_a5_': 1.0, '_a6_': 1.0, '_a7_': 1.0}};{'d0': 0.1124263983613155};-194.232406556034;13.327096692199998
1602;-83.7891065858169;(_a2_ ** (_a1_ ** x1));{'d0': {'_a1_': 0.20341217870806366, '_a2_': 0.855055500759432, '_a0_': 1.0, '_a3_': 1.0, '_a4_': 1.0, '_a5_': 1.0, '_a6_': 1.0, '_a7_': 1.0}};{'d0': 0.1124263983613155};-194.232406556034;13.327096692199998
1603;-83.7891065858169;(_a2_ ** (_a1_ ** x1));{'d0': {'_a1_': 0.20341217870806366, '_a2_': 0.855055500759432, '_a0_': 1.0, '_a3_': 1.0, '_a4_': 1.0, '_a5_': 1.0, '_a6_': 1.0, '_a7_': 1.0}};{'d0': 0.1124263983613155};-194.232406556034;13.327096692199998
1604;-83.7891065858169;(_a2_ ** (_a1_ ** x1));{'d0': {'_a1_': 0.20341217870806366, '_a2_': 0.855055500759432, '_a0_': 1.0, '_a3_': 1.0, '_a4_': 1.0, '_a5_': 1.0, '_a6_': 1.0, '_a7_': 1.0}};{'d0': 0.1124263983613155};-194.232406556034;13.327096692199998
1605;-83.7891065858169;(_a2_ ** (_a1_ ** x1));{'d0': {'_a1_': 0.20341217870806366, '_a2_': 0.855055500759432, '_a0_': 1.0, '_a3_': 1.0, '_a4_': 1.0, '_a5_': 1.0, '_a6_': 1.0, '_a7_': 1.0}};{'d0': 0.1124263983613155};-194.232406556034;13.327096692199998
1606;-83.7891065858169;(_a2_ ** (_a1_ ** x1));{'d0': {'_a1_': 0.20341217870806366, '_a2_': 0.855055500759432, '_a0_': 1.0, '_a3_': 1.0, '_a4_': 1.0, '_a5_': 1.0, '_a6_': 1.0, '_a7_': 1.0}};{'d0': 0.1124263983613155};-194.232406556034;13.327096692199998
1607;-83.7891065858169;(_a2_ ** (_a1_ ** x1));{'d0': {'_a1_': 0.20341217870806366, '_a2_': 0.855055500759432, '_a0_': 1.0, '_a3_': 1.0, '_a4_': 1.0, '_a5_': 1.0, '_a6_': 1.0, '_a7_': 1.0}};{'d0': 0.1124263983613155};-194.232406556034;13.327096692199998
1608;-83.7891065858169;(_a2_ ** (_a1_ ** x1));{'d0': {'_a1_': 0.20341217870806366, '_a2_': 0.855055500759432, '_a0_': 1.0, '_a3_': 1.0, '_a4_': 1.0, '_a5_': 1.0, '_a6_': 1.0, '_a7_': 1.0}};{'d0': 0.1124263983613155};-194.232406556034;13.327096692199998
1609;-83.7891065858169;(_a2_ ** (_a1_ ** x1));{'d0': {'_a1_': 0.20341217870806366, '_a2_': 0.855055500759432, '_a0_': 1.0, '_a3_': 1.0, '_a4_': 1.0, '_a5_': 1.0, '_a6_': 1.0, '_a7_': 1.0}};{'d0': 0.1124263983613155};-194.232406556034;13.327096692199998
1610;-83.7891065858169;(_a2_ ** (_a1_ ** x1));{'d0': {'_a1_': 0.20341217870806366, '_a2_': 0.855055500759432, '_a0_': 1.0, '_a3_': 1.0, '_a4_': 1.0, '_a5_': 1.0, '_a6_': 1.0, '_a7_': 1.0}};{'d0': 0.1124263983613155};-194.232406556034;13.327096692199998
1611;-83.7891065858169;(_a2_ ** (_a1_ ** x1));{'d0': {'_a1_': 0.20341217870806366, '_a2_': 0.855055500759432, '_a0_': 1.0, '_a3_': 1.0, '_a4_': 1.0, '_a5_': 1.0, '_a6_': 1.0, '_a7_': 1.0}};{'d0': 0.1124263983613155};-194.232406556034;13.327096692199998
1612;-83.7891065858169;(_a2_ ** (_a1_ ** x1));{'d0': {'_a1_': 0.20341217870806366, '_a2_': 0.855055500759432, '_a0_': 1.0, '_a3_': 1.0, '_a4_': 1.0, '_a5_': 1.0, '_a6_': 1.0, '_a7_': 1.0}};{'d0': 0.1124263983613155};-194.232406556034;13.327096692199998
1613;-83.7891065858169;(_a2_ ** (_a1_ ** x1));{'d0': {'_a1_': 0.20341217870806366, '_a2_': 0.855055500759432, '_a0_': 1.0, '_a3_': 1.0, '_a4_': 1.0, '_a5_': 1.0, '_a6_': 1.0, '_a7_': 1.0}};{'d0': 0.1124263983613155};-194.232406556034;13.327096692199998
1614;-83.7891065858169;(_a2_ ** (_a1_ ** x1));{'d0': {'_a1_': 0.20341217870806366, '_a2_': 0.855055500759432, '_a0_': 1.0, '_a3_': 1.0, '_a4_': 1.0, '_a5_': 1.0, '_a6_': 1.0, '_a7_': 1.0}};{'d0': 0.1124263983613155};-194.232406556034;13.327096692199998
1615;-83.7891065858169;(_a2_ ** (_a1_ ** x1));{'d0': {'_a1_': 0.20341217870806366, '_a2_': 0.855055500759432, '_a0_': 1.0, '_a3_': 1.0, '_a4_': 1.0, '_a5_': 1.0, '_a6_': 1.0, '_a7_': 1.0}};{'d0': 0.1124263983613155};-194.232406556034;13.327096692199998
1616;-83.7891065858169;(_a2_ ** (_a1_ ** x1));{'d0': {'_a1_': 0.20341217870806366, '_a2_': 0.855055500759432, '_a0_': 1.0, '_a3_': 1.0, '_a4_': 1.0, '_a5_': 1.0, '_a6_': 1.0, '_a7_': 1.0}};{'d0': 0.1124263983613155};-194.232406556034;13.327096692199998
1617;-83.7891065858169;(_a2_ ** (_a1_ ** x1));{'d0': {'_a1_': 0.20341217870806366, '_a2_': 0.855055500759432, '_a0_': 1.0, '_a3_': 1.0, '_a4_': 1.0, '_a5_': 1.0, '_a6_': 1.0, '_a7_': 1.0}};{'d0': 0.1124263983613155};-194.232406556034;13.327096692199998
1618;-83.7891065858169;(_a2_ ** (_a1_ ** x1));{'d0': {'_a1_': 0.20341217870806366, '_a2_': 0.855055500759432, '_a0_': 1.0, '_a3_': 1.0, '_a4_': 1.0, '_a5_': 1.0, '_a6_': 1.0, '_a7_': 1.0}};{'d0': 0.1124263983613155};-194.232406556034;13.327096692199998
1619;-43.7512605845336;(pow3(((sin(((x1 / (_a1_ * _a7_)) + (exp(_a6_) * _a6_))) * _a6_) + x1)) * _a7_);{'d0': {'_a1_': 0.05502778451564047, '_a6_': 3.258445410101846, '_a7_': 59.95089840046414, '_a0_': 1.0, '_a2_': 1.0, '_a3_': 1.0, '_a4_': 1.0, '_a5_': 1.0}};{'d0': 0.09753378299323814};-198.664059625151;55.580769228041916
1620;-43.7512605845336;(pow3(((sin(((x1 / (_a1_ * _a7_)) + (exp(_a6_) * _a6_))) * _a6_) + x1)) * _a7_);{'d0': {'_a1_': 0.05502778451564047, '_a6_': 3.258445410101846, '_a7_': 59.95089840046414, '_a0_': 1.0, '_a2_': 1.0, '_a3_': 1.0, '_a4_': 1.0, '_a5_': 1.0}};{'d0': 0.09753378299323814};-198.664059625151;55.580769228041916
1621;-43.7512605845336;(pow3(((sin(((x1 / (_a1_ * _a7_)) + (exp(_a6_) * _a6_))) * _a6_) + x1)) * _a7_);{'d0': {'_a1_': 0.05502778451564047, '_a6_': 3.258445410101846, '_a7_': 59.95089840046414, '_a0_': 1.0, '_a2_': 1.0, '_a3_': 1.0, '_a4_': 1.0, '_a5_': 1.0}};{'d0': 0.09753378299323814};-198.664059625151;55.580769228041916
1622;-43.7512605845336;(pow3(((sin(((x1 / (_a1_ * _a7_)) + (exp(_a6_) * _a6_))) * _a6_) + x1)) * _a7_);{'d0': {'_a1_': 0.05502778451564047, '_a6_': 3.258445410101846, '_a7_': 59.95089840046414, '_a0_': 1.0, '_a2_': 1.0, '_a3_': 1.0, '_a4_': 1.0, '_a5_': 1.0}};{'d0': 0.09753378299323814};-198.664059625151;55.580769228041916
1623;-43.7512605845336;(pow3(((sin(((x1 / (_a1_ * _a7_)) + (exp(_a6_) * _a6_))) * _a6_) + x1)) * _a7_);{'d0': {'_a1_': 0.05502778451564047, '_a6_': 3.258445410101846, '_a7_': 59.95089840046414, '_a0_': 1.0, '_a2_': 1.0, '_a3_': 1.0, '_a4_': 1.0, '_a5_': 1.0}};{'d0': 0.09753378299323814};-198.664059625151;55.580769228041916
1624;-43.7512605845336;(pow3(((sin(((x1 / (_a1_ * _a7_)) + (exp(_a6_) * _a6_))) * _a6_) + x1)) * _a7_);{'d0': {'_a1_': 0.05502778451564047, '_a6_': 3.258445410101846, '_a7_': 59.95089840046414, '_a0_': 1.0, '_a2_': 1.0, '_a3_': 1.0, '_a4_': 1.0, '_a5_': 1.0}};{'d0': 0.09753378299323814};-198.664059625151;55.580769228041916
1625;-43.7512605845336;(pow3(((sin(((x1 / (_a1_ * _a7_)) + (exp(_a6_) * _a6_))) * _a6_) + x1)) * _a7_);{'d0': {'_a1_': 0.05502778451564047, '_a6_': 3.258445410101846, '_a7_': 59.95089840046414, '_a0_': 1.0, '_a2_': 1.0, '_a3_': 1.0, '_a4_': 1.0, '_a5_': 1.0}};{'d0': 0.09753378299323814};-198.664059625151;55.580769228041916
1626;-43.7512605845336;(pow3(((sin(((x1 / (_a1_ * _a7_)) + (exp(_a6_) * _a6_))) * _a6_) + x1)) * _a7_);{'d0': {'_a1_': 0.05502778451564047, '_a6_': 3.258445410101846, '_a7_': 59.95089840046414, '_a0_': 1.0, '_a2_': 1.0, '_a3_': 1.0, '_a4_': 1.0, '_a5_': 1.0}};{'d0': 0.09753378299323814};-198.664059625151;55.580769228041916
1627;-43.7512605845336;(pow3(((sin(((x1 / (_a1_ * _a7_)) + (exp(_a6_) * _a6_))) * _a6_) + x1)) * _a7_);{'d0': {'_a1_': 0.05502778451564047, '_a6_': 3.258445410101846, '_a7_': 59.95089840046414, '_a0_': 1.0, '_a2_': 1.0, '_a3_': 1.0, '_a4_': 1.0, '_a5_': 1.0}};{'d0': 0.09753378299323814};-198.664059625151;55.580769228041916
1628;-43.7512605845336;(pow3(((sin(((x1 / (_a1_ * _a7_)) + (exp(_a6_) * _a6_))) * _a6_) + x1)) * _a7_);{'d0': {'_a1_': 0.05502778451564047, '_a6_': 3.258445410101846, '_a7_': 59.95089840046414, '_a0_': 1.0, '_a2_': 1.0, '_a3_': 1.0, '_a4_': 1.0, '_a5_': 1.0}};{'d0': 0.09753378299323814};-198.664059625151;55.580769228041916
1629;-37.8306592467454;(pow3(((sin(((x1 / ((_a1_ + _a7_) * _a7_)) + (exp(_a6_) * _a6_))) * _a6_) + x1)) * _a7_);{'d0': {'_a1_': -59.90754842554326, '_a6_': 3.258445453082899, '_a7_': 59.96256541367595, '_a0_': 1.0, '_a2_': 1.0, '_a3_': 1.0, '_a4_': 1.0, '_a5_': 1.0}};{'d0': 0.09753378393202754};-198.664059047635;61.50137027707191
1630;-37.8306592467454;(pow3(((sin(((x1 / ((_a1_ + _a7_) * _a7_)) + (exp(_a6_) * _a6_))) * _a6_) + x1)) * _a7_);{'d0': {'_a1_': -59.90754842554326, '_a6_': 3.258445453082899, '_a7_': 59.96256541367595, '_a0_': 1.0, '_a2_': 1.0, '_a3_': 1.0, '_a4_': 1.0, '_a5_': 1.0}};{'d0': 0.09753378393202754};-198.664059047635;61.50137027707191
1631;-37.8306592467454;(pow3(((sin(((x1 / ((_a1_ + _a7_) * _a7_)) + (exp(_a6_) * _a6_))) * _a6_) + x1)) * _a7_);{'d0': {'_a1_': -59.90754842554326, '_a6_': 3.258445453082899, '_a7_': 59.96256541367595, '_a0_': 1.0, '_a2_': 1.0, '_a3_': 1.0, '_a4_': 1.0, '_a5_': 1.0}};{'d0': 0.09753378393202754};-198.664059047635;61.50137027707191
1632;-37.8306592467454;(pow3(((sin(((x1 / ((_a1_ + _a7_) * _a7_)) + (exp(_a6_) * _a6_))) * _a6_) + x1)) * _a7_);{'d0': {'_a1_': -59.90754842554326, '_a6_': 3.258445453082899, '_a7_': 59.96256541367595, '_a0_': 1.0, '_a2_': 1.0, '_a3_': 1.0, '_a4_': 1.0, '_a5_': 1.0}};{'d0': 0.09753378393202754};-198.664059047635;61.50137027707191
1633;-37.8306592467454;(pow3(((sin(((x1 / ((_a1_ + _a7_) * _a7_)) + (exp(_a6_) * _a6_))) * _a6_) + x1)) * _a7_);{'d0': {'_a1_': -59.90754842554326, '_a6_': 3.258445453082899, '_a7_': 59.96256541367595, '_a0_': 1.0, '_a2_': 1.0, '_a3_': 1.0, '_a4_': 1.0, '_a5_': 1.0}};{'d0': 0.09753378393202754};-198.664059047635;61.50137027707191
1634;-37.8306592467454;(pow3(((sin(((x1 / ((_a1_ + _a7_) * _a7_)) + (exp(_a6_) * _a6_))) * _a6_) + x1)) * _a7_);{'d0': {'_a1_': -59.90754842554326, '_a6_': 3.258445453082899, '_a7_': 59.96256541367595, '_a0_': 1.0, '_a2_': 1.0, '_a3_': 1.0, '_a4_': 1.0, '_a5_': 1.0}};{'d0': 0.09753378393202754};-198.664059047635;61.50137027707191
1635;-37.8306592467454;(pow3(((sin(((x1 / ((_a1_ + _a7_) * _a7_)) + (exp(_a6_) * _a6_))) * _a6_) + x1)) * _a7_);{'d0': {'_a1_': -59.90754842554326, '_a6_': 3.258445453082899, '_a7_': 59.96256541367595, '_a0_': 1.0, '_a2_': 1.0, '_a3_': 1.0, '_a4_': 1.0, '_a5_': 1.0}};{'d0': 0.09753378393202754};-198.664059047635;61.50137027707191
1636;-37.8306592467454;(pow3(((sin(((x1 / ((_a1_ + _a7_) * _a7_)) + (exp(_a6_) * _a6_))) * _a6_) + x1)) * _a7_);{'d0': {'_a1_': -59.90754842554326, '_a6_': 3.258445453082899, '_a7_': 59.96256541367595, '_a0_': 1.0, '_a2_': 1.0, '_a3_': 1.0, '_a4_': 1.0, '_a5_': 1.0}};{'d0': 0.09753378393202754};-198.664059047635;61.50137027707191
1637;-37.8306592467454;(pow3(((sin(((x1 / ((_a1_ + _a7_) * _a7_)) + (exp(_a6_) * _a6_))) * _a6_) + x1)) * _a7_);{'d0': {'_a1_': -59.90754842554326, '_a6_': 3.258445453082899, '_a7_': 59.96256541367595, '_a0_': 1.0, '_a2_': 1.0, '_a3_': 1.0, '_a4_': 1.0, '_a5_': 1.0}};{'d0': 0.09753378393202754};-198.664059047635;61.50137027707191
1638;-37.8306592467454;(pow3(((sin(((x1 / ((_a1_ + _a7_) * _a7_)) + (exp(_a6_) * _a6_))) * _a6_) + x1)) * _a7_);{'d0': {'_a1_': -59.90754842554326, '_a6_': 3.258445453082899, '_a7_': 59.96256541367595, '_a0_': 1.0, '_a2_': 1.0, '_a3_': 1.0, '_a4_': 1.0, '_a5_': 1.0}};{'d0': 0.09753378393202754};-198.664059047635;61.50137027707191
1639;-37.8306592467454;(pow3(((sin(((x1 / ((_a1_ + _a7_) * _a7_)) + (exp(_a6_) * _a6_))) * _a6_) + x1)) * _a7_);{'d0': {'_a1_': -59.90754842554326, '_a6_': 3.258445453082899, '_a7_': 59.96256541367595, '_a0_': 1.0, '_a2_': 1.0, '_a3_': 1.0, '_a4_': 1.0, '_a5_': 1.0}};{'d0': 0.09753378393202754};-198.664059047635;61.50137027707191
1640;-37.8306592467454;(pow3(((sin(((x1 / ((_a1_ + _a7_) * _a7_)) + (exp(_a6_) * _a6_))) * _a6_) + x1)) * _a7_);{'d0': {'_a1_': -59.90754842554326, '_a6_': 3.258445453082899, '_a7_': 59.96256541367595, '_a0_': 1.0, '_a2_': 1.0, '_a3_': 1.0, '_a4_': 1.0, '_a5_': 1.0}};{'d0': 0.09753378393202754};-198.664059047635;61.50137027707191
1641;-37.8306592467454;(pow3(((sin(((x1 / ((_a1_ + _a7_) * _a7_)) + (exp(_a6_) * _a6_))) * _a6_) + x1)) * _a7_);{'d0': {'_a1_': -59.90754842554326, '_a6_': 3.258445453082899, '_a7_': 59.96256541367595, '_a0_': 1.0, '_a2_': 1.0, '_a3_': 1.0, '_a4_': 1.0, '_a5_': 1.0}};{'d0': 0.09753378393202754};-198.664059047635;61.50137027707191
1642;-37.8306592467454;(pow3(((sin(((x1 / ((_a1_ + _a7_) * _a7_)) + (exp(_a6_) * _a6_))) * _a6_) + x1)) * _a7_);{'d0': {'_a1_': -59.90754842554326, '_a6_': 3.258445453082899, '_a7_': 59.96256541367595, '_a0_': 1.0, '_a2_': 1.0, '_a3_': 1.0, '_a4_': 1.0, '_a5_': 1.0}};{'d0': 0.09753378393202754};-198.664059047635;61.50137027707191
1643;-37.8306592467454;(pow3(((sin(((x1 / ((_a1_ + _a7_) * _a7_)) + (exp(_a6_) * _a6_))) * _a6_) + x1)) * _a7_);{'d0': {'_a1_': -59.90754842554326, '_a6_': 3.258445453082899, '_a7_': 59.96256541367595, '_a0_': 1.0, '_a2_': 1.0, '_a3_': 1.0, '_a4_': 1.0, '_a5_': 1.0}};{'d0': 0.09753378393202754};-198.664059047635;61.50137027707191
1644;-37.8306592467454;(pow3(((sin(((x1 / ((_a1_ + _a7_) * _a7_)) + (exp(_a6_) * _a6_))) * _a6_) + x1)) * _a7_);{'d0': {'_a1_': -59.90754842554326, '_a6_': 3.258445453082899, '_a7_': 59.96256541367595, '_a0_': 1.0, '_a2_': 1.0, '_a3_': 1.0, '_a4_': 1.0, '_a5_': 1.0}};{'d0': 0.09753378393202754};-198.664059047635;61.50137027707191
1645;-46.5488388745804;cos(((-((_a6_ + (_a7_ / (_a6_ / x1)))) + x1) / _a1_));{'d0': {'_a1_': -329.9299770192215, '_a6_': 97619.66032885684, '_a7_': -16788594.369502127, '_a0_': 1.0, '_a2_': 1.0, '_a3_': 1.0, '_a4_': 1.0, '_a5_': 1.0}};{'d0': 0.15383761411945113};-171.322132699825;39.11222747533199
1646;-46.5488388745804;cos(((-((_a6_ + (_a7_ / (_a6_ / x1)))) + x1) / _a1_));{'d0': {'_a1_': -329.9299770192215, '_a6_': 97619.66032885684, '_a7_': -16788594.369502127, '_a0_': 1.0, '_a2_': 1.0, '_a3_': 1.0, '_a4_': 1.0, '_a5_': 1.0}};{'d0': 0.15383761411945113};-171.322132699825;39.11222747533199
1647;-46.5488388745804;cos(((-((_a6_ + (_a7_ / (_a6_ / x1)))) + x1) / _a1_));{'d0': {'_a1_': -329.9299770192215, '_a6_': 97619.66032885684, '_a7_': -16788594.369502127, '_a0_': 1.0, '_a2_': 1.0, '_a3_': 1.0, '_a4_': 1.0, '_a5_': 1.0}};{'d0': 0.15383761411945113};-171.322132699825;39.11222747533199
1648;-46.5488388745804;cos(((-((_a6_ + (_a7_ / (_a6_ / x1)))) + x1) / _a1_));{'d0': {'_a1_': -329.9299770192215, '_a6_': 97619.66032885684, '_a7_': -16788594.369502127, '_a0_': 1.0, '_a2_': 1.0, '_a3_': 1.0, '_a4_': 1.0, '_a5_': 1.0}};{'d0': 0.15383761411945113};-171.322132699825;39.11222747533199
1649;-46.5488388745804;cos(((-((_a6_ + (_a7_ / (_a6_ / x1)))) + x1) / _a1_));{'d0': {'_a1_': -329.9299770192215, '_a6_': 97619.66032885684, '_a7_': -16788594.369502127, '_a0_': 1.0, '_a2_': 1.0, '_a3_': 1.0, '_a4_': 1.0, '_a5_': 1.0}};{'d0': 0.15383761411945113};-171.322132699825;39.11222747533199
1650;-46.5488388745804;cos(((-((_a6_ + (_a7_ / (_a6_ / x1)))) + x1) / _a1_));{'d0': {'_a1_': -329.9299770192215, '_a6_': 97619.66032885684, '_a7_': -16788594.369502127, '_a0_': 1.0, '_a2_': 1.0, '_a3_': 1.0, '_a4_': 1.0, '_a5_': 1.0}};{'d0': 0.15383761411945113};-171.322132699825;39.11222747533199
1651;-46.5488388745804;cos(((-((_a6_ + (_a7_ / (_a6_ / x1)))) + x1) / _a1_));{'d0': {'_a1_': -329.9299770192215, '_a6_': 97619.66032885684, '_a7_': -16788594.369502127, '_a0_': 1.0, '_a2_': 1.0, '_a3_': 1.0, '_a4_': 1.0, '_a5_': 1.0}};{'d0': 0.15383761411945113};-171.322132699825;39.11222747533199
1652;-46.5488388745804;cos(((-((_a6_ + (_a7_ / (_a6_ / x1)))) + x1) / _a1_));{'d0': {'_a1_': -329.9299770192215, '_a6_': 97619.66032885684, '_a7_': -16788594.369502127, '_a0_': 1.0, '_a2_': 1.0, '_a3_': 1.0, '_a4_': 1.0, '_a5_': 1.0}};{'d0': 0.15383761411945113};-171.322132699825;39.11222747533199
1653;-46.5488388745804;cos(((-((_a6_ + (_a7_ / (_a6_ / x1)))) + x1) / _a1_));{'d0': {'_a1_': -329.9299770192215, '_a6_': 97619.66032885684, '_a7_': -16788594.369502127, '_a0_': 1.0, '_a2_': 1.0, '_a3_': 1.0, '_a4_': 1.0, '_a5_': 1.0}};{'d0': 0.15383761411945113};-171.322132699825;39.11222747533199
1654;-43.7512605845336;(pow3(((sin(((x1 / (_a1_ * _a7_)) + (exp(_a6_) * _a6_))) * _a6_) + x1)) * _a7_);{'d0': {'_a1_': 0.05502778451564047, '_a6_': 3.258445410101846, '_a7_': 59.95089840046414, '_a0_': 1.0, '_a2_': 1.0, '_a3_': 1.0, '_a4_': 1.0, '_a5_': 1.0}};{'d0': 0.09753378299323814};-198.664059625151;55.580769228041916
1655;-43.7512605845336;(pow3(((sin(((x1 / (_a1_ * _a7_)) + (exp(_a6_) * _a6_))) * _a6_) + x1)) * _a7_);{'d0': {'_a1_': 0.05502778451564047, '_a6_': 3.258445410101846, '_a7_': 59.95089840046414, '_a0_': 1.0, '_a2_': 1.0, '_a3_': 1.0, '_a4_': 1.0, '_a5_': 1.0}};{'d0': 0.09753378299323814};-198.664059625151;55.580769228041916
1656;-43.7512605845336;(pow3(((sin(((x1 / (_a1_ * _a7_)) + (exp(_a6_) * _a6_))) * _a6_) + x1)) * _a7_);{'d0': {'_a1_': 0.05502778451564047, '_a6_': 3.258445410101846, '_a7_': 59.95089840046414, '_a0_': 1.0, '_a2_': 1.0, '_a3_': 1.0, '_a4_': 1.0, '_a5_': 1.0}};{'d0': 0.09753378299323814};-198.664059625151;55.580769228041916
1657;-43.7512605845336;(pow3(((sin(((x1 / (_a1_ * _a7_)) + (exp(_a6_) * _a6_))) * _a6_) + x1)) * _a7_);{'d0': {'_a1_': 0.05502778451564047, '_a6_': 3.258445410101846, '_a7_': 59.95089840046414, '_a0_': 1.0, '_a2_': 1.0, '_a3_': 1.0, '_a4_': 1.0, '_a5_': 1.0}};{'d0': 0.09753378299323814};-198.664059625151;55.580769228041916
1658;-43.7512605845336;(pow3(((sin(((x1 / (_a1_ * _a7_)) + (exp(_a6_) * _a6_))) * _a6_) + x1)) * _a7_);{'d0': {'_a1_': 0.05502778451564047, '_a6_': 3.258445410101846, '_a7_': 59.95089840046414, '_a0_': 1.0, '_a2_': 1.0, '_a3_': 1.0, '_a4_': 1.0, '_a5_': 1.0}};{'d0': 0.09753378299323814};-198.664059625151;55.580769228041916
1659;-43.7512605845336;(pow3(((sin(((x1 / (_a1_ * _a7_)) + (exp(_a6_) * _a6_))) * _a6_) + x1)) * _a7_);{'d0': {'_a1_': 0.05502778451564047, '_a6_': 3.258445410101846, '_a7_': 59.95089840046414, '_a0_': 1.0, '_a2_': 1.0, '_a3_': 1.0, '_a4_': 1.0, '_a5_': 1.0}};{'d0': 0.09753378299323814};-198.664059625151;55.580769228041916
1660;-43.7512605845336;(pow3(((sin(((x1 / (_a1_ * _a7_)) + (exp(_a6_) * _a6_))) * _a6_) + x1)) * _a7_);{'d0': {'_a1_': 0.05502778451564047, '_a6_': 3.258445410101846, '_a7_': 59.95089840046414, '_a0_': 1.0, '_a2_': 1.0, '_a3_': 1.0, '_a4_': 1.0, '_a5_': 1.0}};{'d0': 0.09753378299323814};-198.664059625151;55.580769228041916
1661;-43.7512605845336;(pow3(((sin(((x1 / (_a1_ * _a7_)) + (exp(_a6_) * _a6_))) * _a6_) + x1)) * _a7_);{'d0': {'_a1_': 0.05502778451564047, '_a6_': 3.258445410101846, '_a7_': 59.95089840046414, '_a0_': 1.0, '_a2_': 1.0, '_a3_': 1.0, '_a4_': 1.0, '_a5_': 1.0}};{'d0': 0.09753378299323814};-198.664059625151;55.580769228041916
1662;-43.7512605845336;(pow3(((sin(((x1 / (_a1_ * _a7_)) + (exp(_a6_) * _a6_))) * _a6_) + x1)) * _a7_);{'d0': {'_a1_': 0.05502778451564047, '_a6_': 3.258445410101846, '_a7_': 59.95089840046414, '_a0_': 1.0, '_a2_': 1.0, '_a3_': 1.0, '_a4_': 1.0, '_a5_': 1.0}};{'d0': 0.09753378299323814};-198.664059625151;55.580769228041916
1663;-43.7512605845336;(pow3(((sin(((x1 / (_a1_ * _a7_)) + (exp(_a6_) * _a6_))) * _a6_) + x1)) * _a7_);{'d0': {'_a1_': 0.05502778451564047, '_a6_': 3.258445410101846, '_a7_': 59.95089840046414, '_a0_': 1.0, '_a2_': 1.0, '_a3_': 1.0, '_a4_': 1.0, '_a5_': 1.0}};{'d0': 0.09753378299323814};-198.664059625151;55.580769228041916
1664;-43.7512605845336;(pow3(((sin(((x1 / (_a1_ * _a7_)) + (exp(_a6_) * _a6_))) * _a6_) + x1)) * _a7_);{'d0': {'_a1_': 0.05502778451564047, '_a6_': 3.258445410101846, '_a7_': 59.95089840046414, '_a0_': 1.0, '_a2_': 1.0, '_a3_': 1.0, '_a4_': 1.0, '_a5_': 1.0}};{'d0': 0.09753378299323814};-198.664059625151;55.580769228041916
1665;-43.7512605845336;(pow3(((sin(((x1 / (_a1_ * _a7_)) + (exp(_a6_) * _a6_))) * _a6_) + x1)) * _a7_);{'d0': {'_a1_': 0.05502778451564047, '_a6_': 3.258445410101846, '_a7_': 59.95089840046414, '_a0_': 1.0, '_a2_': 1.0, '_a3_': 1.0, '_a4_': 1.0, '_a5_': 1.0}};{'d0': 0.09753378299323814};-198.664059625151;55.580769228041916
1666;-43.7512605845336;(pow3(((sin(((x1 / (_a1_ * _a7_)) + (exp(_a6_) * _a6_))) * _a6_) + x1)) * _a7_);{'d0': {'_a1_': 0.05502778451564047, '_a6_': 3.258445410101846, '_a7_': 59.95089840046414, '_a0_': 1.0, '_a2_': 1.0, '_a3_': 1.0, '_a4_': 1.0, '_a5_': 1.0}};{'d0': 0.09753378299323814};-198.664059625151;55.580769228041916
1667;-43.7512605845336;(pow3(((sin(((x1 / (_a1_ * _a7_)) + (exp(_a6_) * _a6_))) * _a6_) + x1)) * _a7_);{'d0': {'_a1_': 0.05502778451564047, '_a6_': 3.258445410101846, '_a7_': 59.95089840046414, '_a0_': 1.0, '_a2_': 1.0, '_a3_': 1.0, '_a4_': 1.0, '_a5_': 1.0}};{'d0': 0.09753378299323814};-198.664059625151;55.580769228041916
1668;-43.7512605845336;(pow3(((sin(((x1 / (_a1_ * _a7_)) + (exp(_a6_) * _a6_))) * _a6_) + x1)) * _a7_);{'d0': {'_a1_': 0.05502778451564047, '_a6_': 3.258445410101846, '_a7_': 59.95089840046414, '_a0_': 1.0, '_a2_': 1.0, '_a3_': 1.0, '_a4_': 1.0, '_a5_': 1.0}};{'d0': 0.09753378299323814};-198.664059625151;55.580769228041916
1669;-43.7512605845336;(pow3(((sin(((x1 / (_a1_ * _a7_)) + (exp(_a6_) * _a6_))) * _a6_) + x1)) * _a7_);{'d0': {'_a1_': 0.05502778451564047, '_a6_': 3.258445410101846, '_a7_': 59.95089840046414, '_a0_': 1.0, '_a2_': 1.0, '_a3_': 1.0, '_a4_': 1.0, '_a5_': 1.0}};{'d0': 0.09753378299323814};-198.664059625151;55.580769228041916
1670;-48.6890653934410;cos(((-((_a6_ + (x1 / (_a6_ / x1)))) + x1) / _a1_));{'d0': {'_a1_': -1.9131027889463401, '_a6_': 566.0492803893943, '_a0_': 1.0, '_a2_': 1.0, '_a3_': 1.0, '_a4_': 1.0, '_a5_': 1.0, '_a7_': 1.0}};{'d0': 0.15336117867642157};-175.602585737546;39.11222747533199
1671;-48.6890653934410;cos(((-((_a6_ + (x1 / (_a6_ / x1)))) + x1) / _a1_));{'d0': {'_a1_': -1.9131027889463401, '_a6_': 566.0492803893943, '_a0_': 1.0, '_a2_': 1.0, '_a3_': 1.0, '_a4_': 1.0, '_a5_': 1.0, '_a7_': 1.0}};{'d0': 0.15336117867642157};-175.602585737546;39.11222747533199
1672;-48.6890653934410;cos(((-((_a6_ + (x1 / (_a6_ / x1)))) + x1) / _a1_));{'d0': {'_a1_': -1.9131027889463401, '_a6_': 566.0492803893943, '_a0_': 1.0, '_a2_': 1.0, '_a3_': 1.0, '_a4_': 1.0, '_a5_': 1.0, '_a7_': 1.0}};{'d0': 0.15336117867642157};-175.602585737546;39.11222747533199
1673;-48.6890653934410;cos(((-((_a6_ + (x1 / (_a6_ / x1)))) + x1) / _a1_));{'d0': {'_a1_': -1.9131027889463401, '_a6_': 566.0492803893943, '_a0_': 1.0, '_a2_': 1.0, '_a3_': 1.0, '_a4_': 1.0, '_a5_': 1.0, '_a7_': 1.0}};{'d0': 0.15336117867642157};-175.602585737546;39.11222747533199
1674;-41.8165708098705;cos(((-((_a6_ + ((_a6_ * _a2_) / (_a6_ / x1)))) + x1) / _a1_));{'d0': {'_a1_': -11.29052739717472, '_a2_': -4.919539997307517, '_a6_': 3340.6405157134245, '_a0_': 1.0, '_a3_': 1.0, '_a4_': 1.0, '_a5_': 1.0, '_a7_': 1.0}};{'d0': 0.1538376141103178};-171.322132703387;43.844495541822994
1675;-41.8165708098705;cos(((-((_a6_ + ((_a6_ * _a2_) / (_a6_ / x1)))) + x1) / _a1_));{'d0': {'_a1_': -11.29052739717472, '_a2_': -4.919539997307517, '_a6_': 3340.6405157134245, '_a0_': 1.0, '_a3_': 1.0, '_a4_': 1.0, '_a5_': 1.0, '_a7_': 1.0}};{'d0': 0.1538376141103178};-171.322132703387;43.844495541822994
1676;-41.8165708098705;cos(((-((_a6_ + ((_a6_ * _a2_) / (_a6_ / x1)))) + x1) / _a1_));{'d0': {'_a1_': -11.29052739717472, '_a2_': -4.919539997307517, '_a6_': 3340.6405157134245, '_a0_': 1.0, '_a3_': 1.0, '_a4_': 1.0, '_a5_': 1.0, '_a7_': 1.0}};{'d0': 0.1538376141103178};-171.322132703387;43.844495541822994
1677;-41.8165708098705;cos(((-((_a6_ + ((_a6_ * _a2_) / (_a6_ / x1)))) + x1) / _a1_));{'d0': {'_a1_': -11.29052739717472, '_a2_': -4.919539997307517, '_a6_': 3340.6405157134245, '_a0_': 1.0, '_a3_': 1.0, '_a4_': 1.0, '_a5_': 1.0, '_a7_': 1.0}};{'d0': 0.1538376141103178};-171.322132703387;43.844495541822994
1678;-41.8165708098705;cos(((-((_a6_ + ((_a6_ * _a2_) / (_a6_ / x1)))) + x1) / _a1_));{'d0': {'_a1_': -11.29052739717472, '_a2_': -4.919539997307517, '_a6_': 3340.6405157134245, '_a0_': 1.0, '_a3_': 1.0, '_a4_': 1.0, '_a5_': 1.0, '_a7_': 1.0}};{'d0': 0.1538376141103178};-171.322132703387;43.844495541822994
1679;-41.8165708098705;cos(((-((_a6_ + ((_a6_ * _a2_) / (_a6_ / x1)))) + x1) / _a1_));{'d0': {'_a1_': -11.29052739717472, '_a2_': -4.919539997307517, '_a6_': 3340.6405157134245, '_a0_': 1.0, '_a3_': 1.0, '_a4_': 1.0, '_a5_': 1.0, '_a7_': 1.0}};{'d0': 0.1538376141103178};-171.322132703387;43.844495541822994
1680;-41.8165708098705;cos(((-((_a6_ + ((_a6_ * _a2_) / (_a6_ / x1)))) + x1) / _a1_));{'d0': {'_a1_': -11.29052739717472, '_a2_': -4.919539997307517, '_a6_': 3340.6405157134245, '_a0_': 1.0, '_a3_': 1.0, '_a4_': 1.0, '_a5_': 1.0, '_a7_': 1.0}};{'d0': 0.1538376141103178};-171.322132703387;43.844495541822994
1681;-41.8165708098705;cos(((-((_a6_ + ((_a6_ * _a2_) / (_a6_ / x1)))) + x1) / _a1_));{'d0': {'_a1_': -11.29052739717472, '_a2_': -4.919539997307517, '_a6_': 3340.6405157134245, '_a0_': 1.0, '_a3_': 1.0, '_a4_': 1.0, '_a5_': 1.0, '_a7_': 1.0}};{'d0': 0.1538376141103178};-171.322132703387;43.844495541822994
1682;-41.8165708098705;cos(((-((_a6_ + ((_a6_ * _a2_) / (_a6_ / x1)))) + x1) / _a1_));{'d0': {'_a1_': -11.29052739717472, '_a2_': -4.919539997307517, '_a6_': 3340.6405157134245, '_a0_': 1.0, '_a3_': 1.0, '_a4_': 1.0, '_a5_': 1.0, '_a7_': 1.0}};{'d0': 0.1538376141103178};-171.322132703387;43.844495541822994
1683;-41.8165708098705;cos(((-((_a6_ + ((_a6_ * _a2_) / (_a6_ / x1)))) + x1) / _a1_));{'d0': {'_a1_': -11.29052739717472, '_a2_': -4.919539997307517, '_a6_': 3340.6405157134245, '_a0_': 1.0, '_a3_': 1.0, '_a4_': 1.0, '_a5_': 1.0, '_a7_': 1.0}};{'d0': 0.1538376141103178};-171.322132703387;43.844495541822994
1684;-41.8165708098705;cos(((-((_a6_ + ((_a6_ * _a2_) / (_a6_ / x1)))) + x1) / _a1_));{'d0': {'_a1_': -11.29052739717472, '_a2_': -4.919539997307517, '_a6_': 3340.6405157134245, '_a0_': 1.0, '_a3_': 1.0, '_a4_': 1.0, '_a5_': 1.0, '_a7_': 1.0}};{'d0': 0.1538376141103178};-171.322132703387;43.844495541822994
1685;-43.7512605849458;(pow3(((sin(((x1 / (_a1_ * _a6_)) + (exp(_a6_) * _a6_))) * _a6_) + x1)) * _a7_);{'d0': {'_a1_': 1.012435355181542, '_a6_': 3.258445408928655, '_a7_': 59.95058004940383, '_a0_': 1.0, '_a2_': 1.0, '_a3_': 1.0, '_a4_': 1.0, '_a5_': 1.0}};{'d0': 0.09753378299189791};-198.664059625975;55.580769228041916
1686;-43.7512605849458;(pow3(((sin(((x1 / (_a1_ * _a6_)) + (exp(_a6_) * _a6_))) * _a6_) + x1)) * _a7_);{'d0': {'_a1_': 1.012435355181542, '_a6_': 3.258445408928655, '_a7_': 59.95058004940383, '_a0_': 1.0, '_a2_': 1.0, '_a3_': 1.0, '_a4_': 1.0, '_a5_': 1.0}};{'d0': 0.09753378299189791};-198.664059625975;55.580769228041916
1687;-43.7512605849458;(pow3(((sin(((x1 / (_a1_ * _a6_)) + (exp(_a6_) * _a6_))) * _a6_) + x1)) * _a7_);{'d0': {'_a1_': 1.012435355181542, '_a6_': 3.258445408928655, '_a7_': 59.95058004940383, '_a0_': 1.0, '_a2_': 1.0, '_a3_': 1.0, '_a4_': 1.0, '_a5_': 1.0}};{'d0': 0.09753378299189791};-198.664059625975;55.580769228041916
1688;-43.7512605849458;(pow3(((sin(((x1 / (_a1_ * _a6_)) + (exp(_a6_) * _a6_))) * _a6_) + x1)) * _a7_);{'d0': {'_a1_': 1.012435355181542, '_a6_': 3.258445408928655, '_a7_': 59.95058004940383, '_a0_': 1.0, '_a2_': 1.0, '_a3_': 1.0, '_a4_': 1.0, '_a5_': 1.0}};{'d0': 0.09753378299189791};-198.664059625975;55.580769228041916
1689;-43.7512605849458;(pow3(((sin(((x1 / (_a1_ * _a6_)) + (exp(_a6_) * _a6_))) * _a6_) + x1)) * _a7_);{'d0': {'_a1_': 1.012435355181542, '_a6_': 3.258445408928655, '_a7_': 59.95058004940383, '_a0_': 1.0, '_a2_': 1.0, '_a3_': 1.0, '_a4_': 1.0, '_a5_': 1.0}};{'d0': 0.09753378299189791};-198.664059625975;55.580769228041916
1690;-43.7512605849458;(pow3(((sin(((x1 / (_a1_ * _a6_)) + (exp(_a6_) * _a6_))) * _a6_) + x1)) * _a7_);{'d0': {'_a1_': 1.012435355181542, '_a6_': 3.258445408928655, '_a7_': 59.95058004940383, '_a0_': 1.0, '_a2_': 1.0, '_a3_': 1.0, '_a4_': 1.0, '_a5_': 1.0}};{'d0': 0.09753378299189791};-198.664059625975;55.580769228041916
1691;-43.7512605849458;(pow3(((sin(((x1 / (_a1_ * _a6_)) + (exp(_a6_) * _a6_))) * _a6_) + x1)) * _a7_);{'d0': {'_a1_': 1.012435355181542, '_a6_': 3.258445408928655, '_a7_': 59.95058004940383, '_a0_': 1.0, '_a2_': 1.0, '_a3_': 1.0, '_a4_': 1.0, '_a5_': 1.0}};{'d0': 0.09753378299189791};-198.664059625975;55.580769228041916
1692;-43.7512605849458;(pow3(((sin(((x1 / (_a1_ * _a6_)) + (exp(_a6_) * _a6_))) * _a6_) + x1)) * _a7_);{'d0': {'_a1_': 1.012435355181542, '_a6_': 3.258445408928655, '_a7_': 59.95058004940383, '_a0_': 1.0, '_a2_': 1.0, '_a3_': 1.0, '_a4_': 1.0, '_a5_': 1.0}};{'d0': 0.09753378299189791};-198.664059625975;55.580769228041916
1693;-43.7512605849458;(pow3(((sin(((x1 / (_a1_ * _a6_)) + (exp(_a6_) * _a6_))) * _a6_) + x1)) * _a7_);{'d0': {'_a1_': 1.012435355181542, '_a6_': 3.258445408928655, '_a7_': 59.95058004940383, '_a0_': 1.0, '_a2_': 1.0, '_a3_': 1.0, '_a4_': 1.0, '_a5_': 1.0}};{'d0': 0.09753378299189791};-198.664059625975;55.580769228041916
1694;-43.7512605849458;(pow3(((sin(((x1 / (_a1_ * _a6_)) + (exp(_a6_) * _a6_))) * _a6_) + x1)) * _a7_);{'d0': {'_a1_': 1.012435355181542, '_a6_': 3.258445408928655, '_a7_': 59.95058004940383, '_a0_': 1.0, '_a2_': 1.0, '_a3_': 1.0, '_a4_': 1.0, '_a5_': 1.0}};{'d0': 0.09753378299189791};-198.664059625975;55.580769228041916
1695;-43.7512605849458;(pow3(((sin(((x1 / (_a1_ * _a6_)) + (exp(_a6_) * _a6_))) * _a6_) + x1)) * _a7_);{'d0': {'_a1_': 1.012435355181542, '_a6_': 3.258445408928655, '_a7_': 59.95058004940383, '_a0_': 1.0, '_a2_': 1.0, '_a3_': 1.0, '_a4_': 1.0, '_a5_': 1.0}};{'d0': 0.09753378299189791};-198.664059625975;55.580769228041916
1696;-43.7512605849458;(pow3(((sin(((x1 / (_a1_ * _a6_)) + (exp(_a6_) * _a6_))) * _a6_) + x1)) * _a7_);{'d0': {'_a1_': 1.012435355181542, '_a6_': 3.258445408928655, '_a7_': 59.95058004940383, '_a0_': 1.0, '_a2_': 1.0, '_a3_': 1.0, '_a4_': 1.0, '_a5_': 1.0}};{'d0': 0.09753378299189791};-198.664059625975;55.580769228041916
1697;-43.7512605849458;(pow3(((sin(((x1 / (_a1_ * _a6_)) + (exp(_a6_) * _a6_))) * _a6_) + x1)) * _a7_);{'d0': {'_a1_': 1.012435355181542, '_a6_': 3.258445408928655, '_a7_': 59.95058004940383, '_a0_': 1.0, '_a2_': 1.0, '_a3_': 1.0, '_a4_': 1.0, '_a5_': 1.0}};{'d0': 0.09753378299189791};-198.664059625975;55.580769228041916
1698;-43.7512605849458;(pow3(((sin(((x1 / (_a1_ * _a6_)) + (exp(_a6_) * _a6_))) * _a6_) + x1)) * _a7_);{'d0': {'_a1_': 1.012435355181542, '_a6_': 3.258445408928655, '_a7_': 59.95058004940383, '_a0_': 1.0, '_a2_': 1.0, '_a3_': 1.0, '_a4_': 1.0, '_a5_': 1.0}};{'d0': 0.09753378299189791};-198.664059625975;55.580769228041916
1699;-43.7512605849458;(pow3(((sin(((x1 / (_a1_ * _a6_)) + (exp(_a6_) * _a6_))) * _a6_) + x1)) * _a7_);{'d0': {'_a1_': 1.012435355181542, '_a6_': 3.258445408928655, '_a7_': 59.95058004940383, '_a0_': 1.0, '_a2_': 1.0, '_a3_': 1.0, '_a4_': 1.0, '_a5_': 1.0}};{'d0': 0.09753378299189791};-198.664059625975;55.580769228041916
1700;-43.7512605849458;(pow3(((sin(((x1 / (_a1_ * _a6_)) + (exp(_a6_) * _a6_))) * _a6_) + x1)) * _a7_);{'d0': {'_a1_': 1.012435355181542, '_a6_': 3.258445408928655, '_a7_': 59.95058004940383, '_a0_': 1.0, '_a2_': 1.0, '_a3_': 1.0, '_a4_': 1.0, '_a5_': 1.0}};{'d0': 0.09753378299189791};-198.664059625975;55.580769228041916
1701;-43.7512605849458;(pow3(((sin(((x1 / (_a1_ * _a6_)) + (exp(_a6_) * _a6_))) * _a6_) + x1)) * _a7_);{'d0': {'_a1_': 1.012435355181542, '_a6_': 3.258445408928655, '_a7_': 59.95058004940383, '_a0_': 1.0, '_a2_': 1.0, '_a3_': 1.0, '_a4_': 1.0, '_a5_': 1.0}};{'d0': 0.09753378299189791};-198.664059625975;55.580769228041916
1702;-43.7512605849458;(pow3(((sin(((x1 / (_a1_ * _a6_)) + (exp(_a6_) * _a6_))) * _a6_) + x1)) * _a7_);{'d0': {'_a1_': 1.012435355181542, '_a6_': 3.258445408928655, '_a7_': 59.95058004940383, '_a0_': 1.0, '_a2_': 1.0, '_a3_': 1.0, '_a4_': 1.0, '_a5_': 1.0}};{'d0': 0.09753378299189791};-198.664059625975;55.580769228041916
1703;-43.7512605849458;(pow3(((sin(((x1 / (_a1_ * _a6_)) + (exp(_a6_) * _a6_))) * _a6_) + x1)) * _a7_);{'d0': {'_a1_': 1.012435355181542, '_a6_': 3.258445408928655, '_a7_': 59.95058004940383, '_a0_': 1.0, '_a2_': 1.0, '_a3_': 1.0, '_a4_': 1.0, '_a5_': 1.0}};{'d0': 0.09753378299189791};-198.664059625975;55.580769228041916
1704;-43.7512605849458;(pow3(((sin(((x1 / (_a1_ * _a6_)) + (exp(_a6_) * _a6_))) * _a6_) + x1)) * _a7_);{'d0': {'_a1_': 1.012435355181542, '_a6_': 3.258445408928655, '_a7_': 59.95058004940383, '_a0_': 1.0, '_a2_': 1.0, '_a3_': 1.0, '_a4_': 1.0, '_a5_': 1.0}};{'d0': 0.09753378299189791};-198.664059625975;55.580769228041916
1705;-43.7512605849458;(pow3(((sin(((x1 / (_a1_ * _a6_)) + (exp(_a6_) * _a6_))) * _a6_) + x1)) * _a7_);{'d0': {'_a1_': 1.012435355181542, '_a6_': 3.258445408928655, '_a7_': 59.95058004940383, '_a0_': 1.0, '_a2_': 1.0, '_a3_': 1.0, '_a4_': 1.0, '_a5_': 1.0}};{'d0': 0.09753378299189791};-198.664059625975;55.580769228041916
1706;-43.7512605849458;(pow3(((sin(((x1 / (_a1_ * _a6_)) + (exp(_a6_) * _a6_))) * _a6_) + x1)) * _a7_);{'d0': {'_a1_': 1.012435355181542, '_a6_': 3.258445408928655, '_a7_': 59.95058004940383, '_a0_': 1.0, '_a2_': 1.0, '_a3_': 1.0, '_a4_': 1.0, '_a5_': 1.0}};{'d0': 0.09753378299189791};-198.664059625975;55.580769228041916
1707;-43.7512605849458;(pow3(((sin(((x1 / (_a1_ * _a6_)) + (exp(_a6_) * _a6_))) * _a6_) + x1)) * _a7_);{'d0': {'_a1_': 1.012435355181542, '_a6_': 3.258445408928655, '_a7_': 59.95058004940383, '_a0_': 1.0, '_a2_': 1.0, '_a3_': 1.0, '_a4_': 1.0, '_a5_': 1.0}};{'d0': 0.09753378299189791};-198.664059625975;55.580769228041916
1708;-43.7512605849458;(pow3(((sin(((x1 / (_a1_ * _a6_)) + (exp(_a6_) * _a6_))) * _a6_) + x1)) * _a7_);{'d0': {'_a1_': 1.012435355181542, '_a6_': 3.258445408928655, '_a7_': 59.95058004940383, '_a0_': 1.0, '_a2_': 1.0, '_a3_': 1.0, '_a4_': 1.0, '_a5_': 1.0}};{'d0': 0.09753378299189791};-198.664059625975;55.580769228041916
1709;-43.7512605849458;(pow3(((sin(((x1 / (_a1_ * _a6_)) + (exp(_a6_) * _a6_))) * _a6_) + x1)) * _a7_);{'d0': {'_a1_': 1.012435355181542, '_a6_': 3.258445408928655, '_a7_': 59.95058004940383, '_a0_': 1.0, '_a2_': 1.0, '_a3_': 1.0, '_a4_': 1.0, '_a5_': 1.0}};{'d0': 0.09753378299189791};-198.664059625975;55.580769228041916
1710;-43.7512605849458;(pow3(((sin(((x1 / (_a1_ * _a6_)) + (exp(_a6_) * _a6_))) * _a6_) + x1)) * _a7_);{'d0': {'_a1_': 1.012435355181542, '_a6_': 3.258445408928655, '_a7_': 59.95058004940383, '_a0_': 1.0, '_a2_': 1.0, '_a3_': 1.0, '_a4_': 1.0, '_a5_': 1.0}};{'d0': 0.09753378299189791};-198.664059625975;55.580769228041916
1711;-43.7512605849458;(pow3(((sin(((x1 / (_a1_ * _a6_)) + (exp(_a6_) * _a6_))) * _a6_) + x1)) * _a7_);{'d0': {'_a1_': 1.012435355181542, '_a6_': 3.258445408928655, '_a7_': 59.95058004940383, '_a0_': 1.0, '_a2_': 1.0, '_a3_': 1.0, '_a4_': 1.0, '_a5_': 1.0}};{'d0': 0.09753378299189791};-198.664059625975;55.580769228041916
1712;-43.7512605849458;(pow3(((sin(((x1 / (_a1_ * _a6_)) + (exp(_a6_) * _a6_))) * _a6_) + x1)) * _a7_);{'d0': {'_a1_': 1.012435355181542, '_a6_': 3.258445408928655, '_a7_': 59.95058004940383, '_a0_': 1.0, '_a2_': 1.0, '_a3_': 1.0, '_a4_': 1.0, '_a5_': 1.0}};{'d0': 0.09753378299189791};-198.664059625975;55.580769228041916
1713;-43.7512605849458;(pow3(((sin(((x1 / (_a1_ * _a6_)) + (exp(_a6_) * _a6_))) * _a6_) + x1)) * _a7_);{'d0': {'_a1_': 1.012435355181542, '_a6_': 3.258445408928655, '_a7_': 59.95058004940383, '_a0_': 1.0, '_a2_': 1.0, '_a3_': 1.0, '_a4_': 1.0, '_a5_': 1.0}};{'d0': 0.09753378299189791};-198.664059625975;55.580769228041916
1714;-43.7512605849458;(pow3(((sin(((x1 / (_a1_ * _a6_)) + (exp(_a6_) * _a6_))) * _a6_) + x1)) * _a7_);{'d0': {'_a1_': 1.012435355181542, '_a6_': 3.258445408928655, '_a7_': 59.95058004940383, '_a0_': 1.0, '_a2_': 1.0, '_a3_': 1.0, '_a4_': 1.0, '_a5_': 1.0}};{'d0': 0.09753378299189791};-198.664059625975;55.580769228041916
1715;-43.7512605849458;(pow3(((sin(((x1 / (_a1_ * _a6_)) + (exp(_a6_) * _a6_))) * _a6_) + x1)) * _a7_);{'d0': {'_a1_': 1.012435355181542, '_a6_': 3.258445408928655, '_a7_': 59.95058004940383, '_a0_': 1.0, '_a2_': 1.0, '_a3_': 1.0, '_a4_': 1.0, '_a5_': 1.0}};{'d0': 0.09753378299189791};-198.664059625975;55.580769228041916
1716;-43.7512605849458;(pow3(((sin(((x1 / (_a1_ * _a6_)) + (exp(_a6_) * _a6_))) * _a6_) + x1)) * _a7_);{'d0': {'_a1_': 1.012435355181542, '_a6_': 3.258445408928655, '_a7_': 59.95058004940383, '_a0_': 1.0, '_a2_': 1.0, '_a3_': 1.0, '_a4_': 1.0, '_a5_': 1.0}};{'d0': 0.09753378299189791};-198.664059625975;55.580769228041916
1717;-43.7512605849458;(pow3(((sin(((x1 / (_a1_ * _a6_)) + (exp(_a6_) * _a6_))) * _a6_) + x1)) * _a7_);{'d0': {'_a1_': 1.012435355181542, '_a6_': 3.258445408928655, '_a7_': 59.95058004940383, '_a0_': 1.0, '_a2_': 1.0, '_a3_': 1.0, '_a4_': 1.0, '_a5_': 1.0}};{'d0': 0.09753378299189791};-198.664059625975;55.580769228041916
1718;-43.7512605849458;(pow3(((sin(((x1 / (_a1_ * _a6_)) + (exp(_a6_) * _a6_))) * _a6_) + x1)) * _a7_);{'d0': {'_a1_': 1.012435355181542, '_a6_': 3.258445408928655, '_a7_': 59.95058004940383, '_a0_': 1.0, '_a2_': 1.0, '_a3_': 1.0, '_a4_': 1.0, '_a5_': 1.0}};{'d0': 0.09753378299189791};-198.664059625975;55.580769228041916
1719;-43.7512605849458;(pow3(((sin(((x1 / (_a1_ * _a6_)) + (exp(_a6_) * _a6_))) * _a6_) + x1)) * _a7_);{'d0': {'_a1_': 1.012435355181542, '_a6_': 3.258445408928655, '_a7_': 59.95058004940383, '_a0_': 1.0, '_a2_': 1.0, '_a3_': 1.0, '_a4_': 1.0, '_a5_': 1.0}};{'d0': 0.09753378299189791};-198.664059625975;55.580769228041916
1720;-43.7512605849458;(pow3(((sin(((x1 / (_a1_ * _a6_)) + (exp(_a6_) * _a6_))) * _a6_) + x1)) * _a7_);{'d0': {'_a1_': 1.012435355181542, '_a6_': 3.258445408928655, '_a7_': 59.95058004940383, '_a0_': 1.0, '_a2_': 1.0, '_a3_': 1.0, '_a4_': 1.0, '_a5_': 1.0}};{'d0': 0.09753378299189791};-198.664059625975;55.580769228041916
1721;-43.7512605849458;(pow3(((sin(((x1 / (_a1_ * _a6_)) + (exp(_a6_) * _a6_))) * _a6_) + x1)) * _a7_);{'d0': {'_a1_': 1.012435355181542, '_a6_': 3.258445408928655, '_a7_': 59.95058004940383, '_a0_': 1.0, '_a2_': 1.0, '_a3_': 1.0, '_a4_': 1.0, '_a5_': 1.0}};{'d0': 0.09753378299189791};-198.664059625975;55.580769228041916
1722;-43.7512605849458;(pow3(((sin(((x1 / (_a1_ * _a6_)) + (exp(_a6_) * _a6_))) * _a6_) + x1)) * _a7_);{'d0': {'_a1_': 1.012435355181542, '_a6_': 3.258445408928655, '_a7_': 59.95058004940383, '_a0_': 1.0, '_a2_': 1.0, '_a3_': 1.0, '_a4_': 1.0, '_a5_': 1.0}};{'d0': 0.09753378299189791};-198.664059625975;55.580769228041916
1723;-43.7512605849458;(pow3(((sin(((x1 / (_a1_ * _a6_)) + (exp(_a6_) * _a6_))) * _a6_) + x1)) * _a7_);{'d0': {'_a1_': 1.012435355181542, '_a6_': 3.258445408928655, '_a7_': 59.95058004940383, '_a0_': 1.0, '_a2_': 1.0, '_a3_': 1.0, '_a4_': 1.0, '_a5_': 1.0}};{'d0': 0.09753378299189791};-198.664059625975;55.580769228041916
1724;-43.6053835081676;(pow3(((sin(((x1 / (_a1_ * _a6_)) + (exp(_a1_) * _a6_))) * _a6_) + x1)) * _a7_);{'d0': {'_a1_': 1.0110558513266812, '_a6_': 3.4063954395856104, '_a7_': 87.02796507129453, '_a0_': 1.0, '_a2_': 1.0, '_a3_': 1.0, '_a4_': 1.0, '_a5_': 1.0}};{'d0': 0.09800920270744508};-198.372305472419;55.580769228041916
1725;-43.6053835081676;(pow3(((sin(((x1 / (_a1_ * _a6_)) + (exp(_a1_) * _a6_))) * _a6_) + x1)) * _a7_);{'d0': {'_a1_': 1.0110558513266812, '_a6_': 3.4063954395856104, '_a7_': 87.02796507129453, '_a0_': 1.0, '_a2_': 1.0, '_a3_': 1.0, '_a4_': 1.0, '_a5_': 1.0}};{'d0': 0.09800920270744508};-198.372305472419;55.580769228041916
1726;-34.6352228964796;(pow3(((sin(((x1 / ((_a0_ * _a3_) * _a6_)) + (exp(_a1_) * _a6_))) * _a6_) + x1)) * _a7_);{'d0': {'_a0_': 1.0061943814072107, '_a1_': 1.0539918655747937, '_a3_': 1.0061943813839587, '_a6_': 3.2592273599712405, '_a7_': 60.07620978005224, '_a2_': 1.0, '_a4_': 1.0, '_a5_': 1.0}};{'d0': 0.09753376970930976};-190.475378672601;60.602466439820915
1727;-34.6352228964796;(pow3(((sin(((x1 / ((_a0_ * _a3_) * _a6_)) + (exp(_a1_) * _a6_))) * _a6_) + x1)) * _a7_);{'d0': {'_a0_': 1.0061943814072107, '_a1_': 1.0539918655747937, '_a3_': 1.0061943813839587, '_a6_': 3.2592273599712405, '_a7_': 60.07620978005224, '_a2_': 1.0, '_a4_': 1.0, '_a5_': 1.0}};{'d0': 0.09753376970930976};-190.475378672601;60.602466439820915
1728;-34.6352228964796;(pow3(((sin(((x1 / ((_a0_ * _a3_) * _a6_)) + (exp(_a1_) * _a6_))) * _a6_) + x1)) * _a7_);{'d0': {'_a0_': 1.0061943814072107, '_a1_': 1.0539918655747937, '_a3_': 1.0061943813839587, '_a6_': 3.2592273599712405, '_a7_': 60.07620978005224, '_a2_': 1.0, '_a4_': 1.0, '_a5_': 1.0}};{'d0': 0.09753376970930976};-190.475378672601;60.602466439820915
1729;-34.6352228964796;(pow3(((sin(((x1 / ((_a0_ * _a3_) * _a6_)) + (exp(_a1_) * _a6_))) * _a6_) + x1)) * _a7_);{'d0': {'_a0_': 1.0061943814072107, '_a1_': 1.0539918655747937, '_a3_': 1.0061943813839587, '_a6_': 3.2592273599712405, '_a7_': 60.07620978005224, '_a2_': 1.0, '_a4_': 1.0, '_a5_': 1.0}};{'d0': 0.09753376970930976};-190.475378672601;60.602466439820915
1730;-29.6583296850814;(pow3(((sin(((x1 / ((_a0_ * _a3_) * _a6_)) + (exp(_a1_) * _a6_))) * _a6_) + x1)) * abs(_a0_));{'d0': {'_a0_': 60.066859921452306, '_a1_': 1.0540078429626445, '_a3_': 0.016855014790151997, '_a6_': 3.2591735198875638, '_a2_': 1.0, '_a4_': 1.0, '_a5_': 1.0, '_a7_': 1.0}};{'d0': 0.09753376961879608};-194.569723290505;67.62653196017092
1731;-29.6583296850814;(pow3(((sin(((x1 / ((_a0_ * _a3_) * _a6_)) + (exp(_a1_) * _a6_))) * _a6_) + x1)) * abs(_a0_));{'d0': {'_a0_': 60.066859921452306, '_a1_': 1.0540078429626445, '_a3_': 0.016855014790151997, '_a6_': 3.2591735198875638, '_a2_': 1.0, '_a4_': 1.0, '_a5_': 1.0, '_a7_': 1.0}};{'d0': 0.09753376961879608};-194.569723290505;67.62653196017092
1732;-29.6583296850814;(pow3(((sin(((x1 / ((_a0_ * _a3_) * _a6_)) + (exp(_a1_) * _a6_))) * _a6_) + x1)) * abs(_a0_));{'d0': {'_a0_': 60.066859921452306, '_a1_': 1.0540078429626445, '_a3_': 0.016855014790151997, '_a6_': 3.2591735198875638, '_a2_': 1.0, '_a4_': 1.0, '_a5_': 1.0, '_a7_': 1.0}};{'d0': 0.09753376961879608};-194.569723290505;67.62653196017092
1733;-29.6583296850814;(pow3(((sin(((x1 / ((_a0_ * _a3_) * _a6_)) + (exp(_a1_) * _a6_))) * _a6_) + x1)) * abs(_a0_));{'d0': {'_a0_': 60.066859921452306, '_a1_': 1.0540078429626445, '_a3_': 0.016855014790151997, '_a6_': 3.2591735198875638, '_a2_': 1.0, '_a4_': 1.0, '_a5_': 1.0, '_a7_': 1.0}};{'d0': 0.09753376961879608};-194.569723290505;67.62653196017092
1734;-29.6583296850814;(pow3(((sin(((x1 / ((_a0_ * _a3_) * _a6_)) + (exp(_a1_) * _a6_))) * _a6_) + x1)) * abs(_a0_));{'d0': {'_a0_': 60.066859921452306, '_a1_': 1.0540078429626445, '_a3_': 0.016855014790151997, '_a6_': 3.2591735198875638, '_a2_': 1.0, '_a4_': 1.0, '_a5_': 1.0, '_a7_': 1.0}};{'d0': 0.09753376961879608};-194.569723290505;67.62653196017092
1735;-35.0243978199448;(pow3(((sin(((x1 / ((_a0_ * _a3_) * _a6_)) + (_a4_ * _a6_))) * _a6_) + x1)) * abs(_a0_));{'d0': {'_a0_': 60.06752833493618, '_a3_': 0.01685482655973188, '_a4_': 0.9412797801399451, '_a6_': 3.2591778305038974, '_a1_': 1.0, '_a2_': 1.0, '_a5_': 1.0, '_a7_': 1.0}};{'d0': 0.09753376961813473};-194.569723290911;62.260463825510925
1736;-35.0243978199448;(pow3(((sin(((x1 / ((_a0_ * _a3_) * _a6_)) + (_a4_ * _a6_))) * _a6_) + x1)) * abs(_a0_));{'d0': {'_a0_': 60.06752833493618, '_a3_': 0.01685482655973188, '_a4_': 0.9412797801399451, '_a6_': 3.2591778305038974, '_a1_': 1.0, '_a2_': 1.0, '_a5_': 1.0, '_a7_': 1.0}};{'d0': 0.09753376961813473};-194.569723290911;62.260463825510925
1737;-35.0243978199448;(pow3(((sin(((x1 / ((_a0_ * _a3_) * _a6_)) + (_a4_ * _a6_))) * _a6_) + x1)) * abs(_a0_));{'d0': {'_a0_': 60.06752833493618, '_a3_': 0.01685482655973188, '_a4_': 0.9412797801399451, '_a6_': 3.2591778305038974, '_a1_': 1.0, '_a2_': 1.0, '_a5_': 1.0, '_a7_': 1.0}};{'d0': 0.09753376961813473};-194.569723290911;62.260463825510925
1738;-35.0243978199448;(pow3(((sin(((x1 / ((_a0_ * _a3_) * _a6_)) + (_a4_ * _a6_))) * _a6_) + x1)) * abs(_a0_));{'d0': {'_a0_': 60.06752833493618, '_a3_': 0.01685482655973188, '_a4_': 0.9412797801399451, '_a6_': 3.2591778305038974, '_a1_': 1.0, '_a2_': 1.0, '_a5_': 1.0, '_a7_': 1.0}};{'d0': 0.09753376961813473};-194.569723290911;62.260463825510925
1739;-35.0243978199448;(pow3(((sin(((x1 / ((_a0_ * _a3_) * _a6_)) + (_a4_ * _a6_))) * _a6_) + x1)) * abs(_a0_));{'d0': {'_a0_': 60.06752833493618, '_a3_': 0.01685482655973188, '_a4_': 0.9412797801399451, '_a6_': 3.2591778305038974, '_a1_': 1.0, '_a2_': 1.0, '_a5_': 1.0, '_a7_': 1.0}};{'d0': 0.09753376961813473};-194.569723290911;62.260463825510925
1740;-35.0243978199448;(pow3(((sin(((x1 / ((_a0_ * _a3_) * _a6_)) + (_a4_ * _a6_))) * _a6_) + x1)) * abs(_a0_));{'d0': {'_a0_': 60.06752833493618, '_a3_': 0.01685482655973188, '_a4_': 0.9412797801399451, '_a6_': 3.2591778305038974, '_a1_': 1.0, '_a2_': 1.0, '_a5_': 1.0, '_a7_': 1.0}};{'d0': 0.09753376961813473};-194.569723290911;62.260463825510925
1741;-35.0243978199448;(pow3(((sin(((x1 / ((_a0_ * _a3_) * _a6_)) + (_a4_ * _a6_))) * _a6_) + x1)) * abs(_a0_));{'d0': {'_a0_': 60.06752833493618, '_a3_': 0.01685482655973188, '_a4_': 0.9412797801399451, '_a6_': 3.2591778305038974, '_a1_': 1.0, '_a2_': 1.0, '_a5_': 1.0, '_a7_': 1.0}};{'d0': 0.09753376961813473};-194.569723290911;62.260463825510925
1742;-35.0243978199448;(pow3(((sin(((x1 / ((_a0_ * _a3_) * _a6_)) + (_a4_ * _a6_))) * _a6_) + x1)) * abs(_a0_));{'d0': {'_a0_': 60.06752833493618, '_a3_': 0.01685482655973188, '_a4_': 0.9412797801399451, '_a6_': 3.2591778305038974, '_a1_': 1.0, '_a2_': 1.0, '_a5_': 1.0, '_a7_': 1.0}};{'d0': 0.09753376961813473};-194.569723290911;62.260463825510925
1743;-34.1254939820569;(pow3(((sin(((x1 / ((_a0_ * _a3_) + _a6_)) + (_a4_ * _a6_))) * _a6_) + x1)) * abs(_a0_));{'d0': {'_a0_': 60.06687308450404, '_a3_': 0.0006743255727725571, '_a4_': 0.9412799146275574, '_a6_': 3.259177062262758, '_a1_': 1.0, '_a2_': 1.0, '_a5_': 1.0, '_a7_': 1.0}};{'d0': 0.09753376962020531};-194.569723289638;63.15936766276192
1744;-34.1254939820569;(pow3(((sin(((x1 / ((_a0_ * _a3_) + _a6_)) + (_a4_ * _a6_))) * _a6_) + x1)) * abs(_a0_));{'d0': {'_a0_': 60.06687308450404, '_a3_': 0.0006743255727725571, '_a4_': 0.9412799146275574, '_a6_': 3.259177062262758, '_a1_': 1.0, '_a2_': 1.0, '_a5_': 1.0, '_a7_': 1.0}};{'d0': 0.09753376962020531};-194.569723289638;63.15936766276192
1745;-34.1254939820569;(pow3(((sin(((x1 / ((_a0_ * _a3_) + _a6_)) + (_a4_ * _a6_))) * _a6_) + x1)) * abs(_a0_));{'d0': {'_a0_': 60.06687308450404, '_a3_': 0.0006743255727725571, '_a4_': 0.9412799146275574, '_a6_': 3.259177062262758, '_a1_': 1.0, '_a2_': 1.0, '_a5_': 1.0, '_a7_': 1.0}};{'d0': 0.09753376962020531};-194.569723289638;63.15936766276192
1746;-34.1254939820569;(pow3(((sin(((x1 / ((_a0_ * _a3_) + _a6_)) + (_a4_ * _a6_))) * _a6_) + x1)) * abs(_a0_));{'d0': {'_a0_': 60.06687308450404, '_a3_': 0.0006743255727725571, '_a4_': 0.9412799146275574, '_a6_': 3.259177062262758, '_a1_': 1.0, '_a2_': 1.0, '_a5_': 1.0, '_a7_': 1.0}};{'d0': 0.09753376962020531};-194.569723289638;63.15936766276192
1747;-34.1254939820569;(pow3(((sin(((x1 / ((_a0_ * _a3_) + _a6_)) + (_a4_ * _a6_))) * _a6_) + x1)) * abs(_a0_));{'d0': {'_a0_': 60.06687308450404, '_a3_': 0.0006743255727725571, '_a4_': 0.9412799146275574, '_a6_': 3.259177062262758, '_a1_': 1.0, '_a2_': 1.0, '_a5_': 1.0, '_a7_': 1.0}};{'d0': 0.09753376962020531};-194.569723289638;63.15936766276192
1748;-35.0243978199448;(pow3(((sin(((x1 / ((_a0_ * _a3_) * _a6_)) + (_a4_ * _a6_))) * _a6_) + x1)) * abs(_a0_));{'d0': {'_a0_': 60.06752833493618, '_a3_': 0.01685482655973188, '_a4_': 0.9412797801399451, '_a6_': 3.2591778305038974, '_a1_': 1.0, '_a2_': 1.0, '_a5_': 1.0, '_a7_': 1.0}};{'d0': 0.09753376961813473};-194.569723290911;62.260463825510925
1749;-35.0243978199448;(pow3(((sin(((x1 / ((_a0_ * _a3_) * _a6_)) + (_a4_ * _a6_))) * _a6_) + x1)) * abs(_a0_));{'d0': {'_a0_': 60.06752833493618, '_a3_': 0.01685482655973188, '_a4_': 0.9412797801399451, '_a6_': 3.2591778305038974, '_a1_': 1.0, '_a2_': 1.0, '_a5_': 1.0, '_a7_': 1.0}};{'d0': 0.09753376961813473};-194.569723290911;62.260463825510925
1750;-34.9072365608089;(pow3(((sin(((x1 / ((_a0_ * _a3_) * _a6_)) + (_a4_ * _a6_))) * _a6_) + x1)) * (_a7_ * _a3_));{'d0': {'_a0_': 3.619315464291646, '_a3_': 0.2797290558799434, '_a4_': 0.9412786293852192, '_a6_': 3.259182270038196, '_a7_': 214.73750251012322, '_a1_': 1.0, '_a2_': 1.0, '_a5_': 1.0}};{'d0': 0.09753376961902509};-190.475378728142;60.33045280326193
1751;-34.9072365608089;(pow3(((sin(((x1 / ((_a0_ * _a3_) * _a6_)) + (_a4_ * _a6_))) * _a6_) + x1)) * (_a7_ * _a3_));{'d0': {'_a0_': 3.619315464291646, '_a3_': 0.2797290558799434, '_a4_': 0.9412786293852192, '_a6_': 3.259182270038196, '_a7_': 214.73750251012322, '_a1_': 1.0, '_a2_': 1.0, '_a5_': 1.0}};{'d0': 0.09753376961902509};-190.475378728142;60.33045280326193
1752;-34.9072365608089;(pow3(((sin(((x1 / ((_a0_ * _a3_) * _a6_)) + (_a4_ * _a6_))) * _a6_) + x1)) * (_a7_ * _a3_));{'d0': {'_a0_': 3.619315464291646, '_a3_': 0.2797290558799434, '_a4_': 0.9412786293852192, '_a6_': 3.259182270038196, '_a7_': 214.73750251012322, '_a1_': 1.0, '_a2_': 1.0, '_a5_': 1.0}};{'d0': 0.09753376961902509};-190.475378728142;60.33045280326193
1753;-34.9072365608089;(pow3(((sin(((x1 / ((_a0_ * _a3_) * _a6_)) + (_a4_ * _a6_))) * _a6_) + x1)) * (_a7_ * _a3_));{'d0': {'_a0_': 3.619315464291646, '_a3_': 0.2797290558799434, '_a4_': 0.9412786293852192, '_a6_': 3.259182270038196, '_a7_': 214.73750251012322, '_a1_': 1.0, '_a2_': 1.0, '_a5_': 1.0}};{'d0': 0.09753376961902509};-190.475378728142;60.33045280326193
1754;-34.9072365608089;(pow3(((sin(((x1 / ((_a0_ * _a3_) * _a6_)) + (_a4_ * _a6_))) * _a6_) + x1)) * (_a7_ * _a3_));{'d0': {'_a0_': 3.619315464291646, '_a3_': 0.2797290558799434, '_a4_': 0.9412786293852192, '_a6_': 3.259182270038196, '_a7_': 214.73750251012322, '_a1_': 1.0, '_a2_': 1.0, '_a5_': 1.0}};{'d0': 0.09753376961902509};-190.475378728142;60.33045280326193
1755;-34.9072365608089;(pow3(((sin(((x1 / ((_a0_ * _a3_) * _a6_)) + (_a4_ * _a6_))) * _a6_) + x1)) * (_a7_ * _a3_));{'d0': {'_a0_': 3.619315464291646, '_a3_': 0.2797290558799434, '_a4_': 0.9412786293852192, '_a6_': 3.259182270038196, '_a7_': 214.73750251012322, '_a1_': 1.0, '_a2_': 1.0, '_a5_': 1.0}};{'d0': 0.09753376961902509};-190.475378728142;60.33045280326193
1756;-40.0012905154339;(pow3(((sin(((x1 / ((_a0_ * _a3_) * _a6_)) + (_a4_ * _a6_))) * _a6_) + x1)) * _a7_);{'d0': {'_a0_': 4.2203132709570195, '_a3_': 0.23989332922939793, '_a4_': 0.9412097877148253, '_a6_': 3.259445477271033, '_a7_': 60.11028324823054, '_a1_': 1.0, '_a2_': 1.0, '_a5_': 1.0}};{'d0': 0.09753377138593372};-190.475377641190;55.236398305160925
1757;-40.0012905154339;(pow3(((sin(((x1 / ((_a0_ * _a3_) * _a6_)) + (_a4_ * _a6_))) * _a6_) + x1)) * _a7_);{'d0': {'_a0_': 4.2203132709570195, '_a3_': 0.23989332922939793, '_a4_': 0.9412097877148253, '_a6_': 3.259445477271033, '_a7_': 60.11028324823054, '_a1_': 1.0, '_a2_': 1.0, '_a5_': 1.0}};{'d0': 0.09753377138593372};-190.475377641190;55.236398305160925
1758;-40.0012905154339;(pow3(((sin(((x1 / ((_a0_ * _a3_) * _a6_)) + (_a4_ * _a6_))) * _a6_) + x1)) * _a7_);{'d0': {'_a0_': 4.2203132709570195, '_a3_': 0.23989332922939793, '_a4_': 0.9412097877148253, '_a6_': 3.259445477271033, '_a7_': 60.11028324823054, '_a1_': 1.0, '_a2_': 1.0, '_a5_': 1.0}};{'d0': 0.09753377138593372};-190.475377641190;55.236398305160925
1759;-47.0701069327579;(pow3(((sin(((x1 / ((_a0_ * _a3_) * _a6_)) + _a7_)) * _a6_) + x1)) * _a7_);{'d0': {'_a0_': 19.10192581461505, '_a3_': 0.05300311913872969, '_a6_': 3.2567071763687405, '_a7_': 59.61622204093307, '_a1_': 1.0, '_a2_': 1.0, '_a4_': 1.0, '_a5_': 1.0}};{'d0': 0.0975339439414239};-194.569616052280;50.214701093381926
1760;-47.0701069327579;(pow3(((sin(((x1 / ((_a0_ * _a3_) * _a6_)) + _a7_)) * _a6_) + x1)) * _a7_);{'d0': {'_a0_': 19.10192581461505, '_a3_': 0.05300311913872969, '_a6_': 3.2567071763687405, '_a7_': 59.61622204093307, '_a1_': 1.0, '_a2_': 1.0, '_a4_': 1.0, '_a5_': 1.0}};{'d0': 0.0975339439414239};-194.569616052280;50.214701093381926
1761;-47.0701069327579;(pow3(((sin(((x1 / ((_a0_ * _a3_) * _a6_)) + _a7_)) * _a6_) + x1)) * _a7_);{'d0': {'_a0_': 19.10192581461505, '_a3_': 0.05300311913872969, '_a6_': 3.2567071763687405, '_a7_': 59.61622204093307, '_a1_': 1.0, '_a2_': 1.0, '_a4_': 1.0, '_a5_': 1.0}};{'d0': 0.0975339439414239};-194.569616052280;50.214701093381926
1762;-54.0666191396426;(pow3(((sin(((x1 / (_a4_ * _a6_)) + _a7_)) * _a6_) + x1)) * _a7_);{'d0': {'_a4_': 1.012461672294749, '_a6_': 3.2567077975693564, '_a7_': 59.616222055853974, '_a0_': 1.0, '_a1_': 1.0, '_a2_': 1.0, '_a3_': 1.0, '_a5_': 1.0}};{'d0': 0.09753394394039445};-198.663960615135;45.26536116792492
1763;-54.0666191396426;(pow3(((sin(((x1 / (_a4_ * _a6_)) + _a7_)) * _a6_) + x1)) * _a7_);{'d0': {'_a4_': 1.012461672294749, '_a6_': 3.2567077975693564, '_a7_': 59.616222055853974, '_a0_': 1.0, '_a1_': 1.0, '_a2_': 1.0, '_a3_': 1.0, '_a5_': 1.0}};{'d0': 0.09753394394039445};-198.663960615135;45.26536116792492
1764;-54.0666191396426;(pow3(((sin(((x1 / (_a4_ * _a6_)) + _a7_)) * _a6_) + x1)) * _a7_);{'d0': {'_a4_': 1.012461672294749, '_a6_': 3.2567077975693564, '_a7_': 59.616222055853974, '_a0_': 1.0, '_a1_': 1.0, '_a2_': 1.0, '_a3_': 1.0, '_a5_': 1.0}};{'d0': 0.09753394394039445};-198.663960615135;45.26536116792492
1765;-54.0666191396426;(pow3(((sin(((x1 / (_a4_ * _a6_)) + _a7_)) * _a6_) + x1)) * _a7_);{'d0': {'_a4_': 1.012461672294749, '_a6_': 3.2567077975693564, '_a7_': 59.616222055853974, '_a0_': 1.0, '_a1_': 1.0, '_a2_': 1.0, '_a3_': 1.0, '_a5_': 1.0}};{'d0': 0.09753394394039445};-198.663960615135;45.26536116792492
1766;-54.0666191396426;(pow3(((sin(((x1 / (_a4_ * _a6_)) + _a7_)) * _a6_) + x1)) * _a7_);{'d0': {'_a4_': 1.012461672294749, '_a6_': 3.2567077975693564, '_a7_': 59.616222055853974, '_a0_': 1.0, '_a1_': 1.0, '_a2_': 1.0, '_a3_': 1.0, '_a5_': 1.0}};{'d0': 0.09753394394039445};-198.663960615135;45.26536116792492
1767;-54.0666191396426;(pow3(((sin(((x1 / (_a4_ * _a6_)) + _a7_)) * _a6_) + x1)) * _a7_);{'d0': {'_a4_': 1.012461672294749, '_a6_': 3.2567077975693564, '_a7_': 59.616222055853974, '_a0_': 1.0, '_a1_': 1.0, '_a2_': 1.0, '_a3_': 1.0, '_a5_': 1.0}};{'d0': 0.09753394394039445};-198.663960615135;45.26536116792492
1768;-54.0666191396426;(pow3(((sin(((x1 / (_a4_ * _a6_)) + _a7_)) * _a6_) + x1)) * _a7_);{'d0': {'_a4_': 1.012461672294749, '_a6_': 3.2567077975693564, '_a7_': 59.616222055853974, '_a0_': 1.0, '_a1_': 1.0, '_a2_': 1.0, '_a3_': 1.0, '_a5_': 1.0}};{'d0': 0.09753394394039445};-198.663960615135;45.26536116792492
1769;-54.0666191396426;(pow3(((sin(((x1 / (_a4_ * _a6_)) + _a7_)) * _a6_) + x1)) * _a7_);{'d0': {'_a4_': 1.012461672294749, '_a6_': 3.2567077975693564, '_a7_': 59.616222055853974, '_a0_': 1.0, '_a1_': 1.0, '_a2_': 1.0, '_a3_': 1.0, '_a5_': 1.0}};{'d0': 0.09753394394039445};-198.663960615135;45.26536116792492
1770;-54.0666191396426;(pow3(((sin(((x1 / (_a4_ * _a6_)) + _a7_)) * _a6_) + x1)) * _a7_);{'d0': {'_a4_': 1.012461672294749, '_a6_': 3.2567077975693564, '_a7_': 59.616222055853974, '_a0_': 1.0, '_a1_': 1.0, '_a2_': 1.0, '_a3_': 1.0, '_a5_': 1.0}};{'d0': 0.09753394394039445};-198.663960615135;45.26536116792492
1771;-54.0666191396426;(pow3(((sin(((x1 / (_a4_ * _a6_)) + _a7_)) * _a6_) + x1)) * _a7_);{'d0': {'_a4_': 1.012461672294749, '_a6_': 3.2567077975693564, '_a7_': 59.616222055853974, '_a0_': 1.0, '_a1_': 1.0, '_a2_': 1.0, '_a3_': 1.0, '_a5_': 1.0}};{'d0': 0.09753394394039445};-198.663960615135;45.26536116792492
1772;-54.0666191396426;(pow3(((sin(((x1 / (_a4_ * _a6_)) + _a7_)) * _a6_) + x1)) * _a7_);{'d0': {'_a4_': 1.012461672294749, '_a6_': 3.2567077975693564, '_a7_': 59.616222055853974, '_a0_': 1.0, '_a1_': 1.0, '_a2_': 1.0, '_a3_': 1.0, '_a5_': 1.0}};{'d0': 0.09753394394039445};-198.663960615135;45.26536116792492
1773;-54.0666191396426;(pow3(((sin(((x1 / (_a4_ * _a6_)) + _a7_)) * _a6_) + x1)) * _a7_);{'d0': {'_a4_': 1.012461672294749, '_a6_': 3.2567077975693564, '_a7_': 59.616222055853974, '_a0_': 1.0, '_a1_': 1.0, '_a2_': 1.0, '_a3_': 1.0, '_a5_': 1.0}};{'d0': 0.09753394394039445};-198.663960615135;45.26536116792492
1774;-54.0666191396426;(pow3(((sin(((x1 / (_a4_ * _a6_)) + _a7_)) * _a6_) + x1)) * _a7_);{'d0': {'_a4_': 1.012461672294749, '_a6_': 3.2567077975693564, '_a7_': 59.616222055853974, '_a0_': 1.0, '_a1_': 1.0, '_a2_': 1.0, '_a3_': 1.0, '_a5_': 1.0}};{'d0': 0.09753394394039445};-198.663960615135;45.26536116792492
1775;-54.0666191396426;(pow3(((sin(((x1 / (_a4_ * _a6_)) + _a7_)) * _a6_) + x1)) * _a7_);{'d0': {'_a4_': 1.012461672294749, '_a6_': 3.2567077975693564, '_a7_': 59.616222055853974, '_a0_': 1.0, '_a1_': 1.0, '_a2_': 1.0, '_a3_': 1.0, '_a5_': 1.0}};{'d0': 0.09753394394039445};-198.663960615135;45.26536116792492
1776;-54.0666191396426;(pow3(((sin(((x1 / (_a4_ * _a6_)) + _a7_)) * _a6_) + x1)) * _a7_);{'d0': {'_a4_': 1.012461672294749, '_a6_': 3.2567077975693564, '_a7_': 59.616222055853974, '_a0_': 1.0, '_a1_': 1.0, '_a2_': 1.0, '_a3_': 1.0, '_a5_': 1.0}};{'d0': 0.09753394394039445};-198.663960615135;45.26536116792492
1777;-54.0666191396426;(pow3(((sin(((x1 / (_a4_ * _a6_)) + _a7_)) * _a6_) + x1)) * _a7_);{'d0': {'_a4_': 1.012461672294749, '_a6_': 3.2567077975693564, '_a7_': 59.616222055853974, '_a0_': 1.0, '_a1_': 1.0, '_a2_': 1.0, '_a3_': 1.0, '_a5_': 1.0}};{'d0': 0.09753394394039445};-198.663960615135;45.26536116792492
1778;-54.0666191396426;(pow3(((sin(((x1 / (_a4_ * _a6_)) + _a7_)) * _a6_) + x1)) * _a7_);{'d0': {'_a4_': 1.012461672294749, '_a6_': 3.2567077975693564, '_a7_': 59.616222055853974, '_a0_': 1.0, '_a1_': 1.0, '_a2_': 1.0, '_a3_': 1.0, '_a5_': 1.0}};{'d0': 0.09753394394039445};-198.663960615135;45.26536116792492
1779;-54.0666191396426;(pow3(((sin(((x1 / (_a4_ * _a6_)) + _a7_)) * _a6_) + x1)) * _a7_);{'d0': {'_a4_': 1.012461672294749, '_a6_': 3.2567077975693564, '_a7_': 59.616222055853974, '_a0_': 1.0, '_a1_': 1.0, '_a2_': 1.0, '_a3_': 1.0, '_a5_': 1.0}};{'d0': 0.09753394394039445};-198.663960615135;45.26536116792492
1780;-54.0666191396426;(pow3(((sin(((x1 / (_a4_ * _a6_)) + _a7_)) * _a6_) + x1)) * _a7_);{'d0': {'_a4_': 1.012461672294749, '_a6_': 3.2567077975693564, '_a7_': 59.616222055853974, '_a0_': 1.0, '_a1_': 1.0, '_a2_': 1.0, '_a3_': 1.0, '_a5_': 1.0}};{'d0': 0.09753394394039445};-198.663960615135;45.26536116792492
1781;-83.7891065858169;(_a2_ ** (_a1_ ** x1));{'d0': {'_a1_': 0.20341217870806366, '_a2_': 0.855055500759432, '_a0_': 1.0, '_a3_': 1.0, '_a4_': 1.0, '_a5_': 1.0, '_a6_': 1.0, '_a7_': 1.0}};{'d0': 0.1124263983613155};-194.232406556034;13.327096692199998
1782;-83.7891065858169;(_a2_ ** (_a1_ ** x1));{'d0': {'_a1_': 0.20341217870806366, '_a2_': 0.855055500759432, '_a0_': 1.0, '_a3_': 1.0, '_a4_': 1.0, '_a5_': 1.0, '_a6_': 1.0, '_a7_': 1.0}};{'d0': 0.1124263983613155};-194.232406556034;13.327096692199998
1783;-83.7891065858169;(_a2_ ** (_a1_ ** x1));{'d0': {'_a1_': 0.20341217870806366, '_a2_': 0.855055500759432, '_a0_': 1.0, '_a3_': 1.0, '_a4_': 1.0, '_a5_': 1.0, '_a6_': 1.0, '_a7_': 1.0}};{'d0': 0.1124263983613155};-194.232406556034;13.327096692199998
1784;-83.7891065858169;(_a2_ ** (_a1_ ** x1));{'d0': {'_a1_': 0.20341217870806366, '_a2_': 0.855055500759432, '_a0_': 1.0, '_a3_': 1.0, '_a4_': 1.0, '_a5_': 1.0, '_a6_': 1.0, '_a7_': 1.0}};{'d0': 0.1124263983613155};-194.232406556034;13.327096692199998
1785;-54.0666191396426;(pow3(((sin(((x1 / (_a4_ * _a6_)) + _a7_)) * _a6_) + x1)) * _a7_);{'d0': {'_a4_': 1.012461672294749, '_a6_': 3.2567077975693564, '_a7_': 59.616222055853974, '_a0_': 1.0, '_a1_': 1.0, '_a2_': 1.0, '_a3_': 1.0, '_a5_': 1.0}};{'d0': 0.09753394394039445};-198.663960615135;45.26536116792492
1786;-54.0666191396426;(pow3(((sin(((x1 / (_a4_ * _a6_)) + _a7_)) * _a6_) + x1)) * _a7_);{'d0': {'_a4_': 1.012461672294749, '_a6_': 3.2567077975693564, '_a7_': 59.616222055853974, '_a0_': 1.0, '_a1_': 1.0, '_a2_': 1.0, '_a3_': 1.0, '_a5_': 1.0}};{'d0': 0.09753394394039445};-198.663960615135;45.26536116792492
1787;-54.0666191396426;(pow3(((sin(((x1 / (_a4_ * _a6_)) + _a7_)) * _a6_) + x1)) * _a7_);{'d0': {'_a4_': 1.012461672294749, '_a6_': 3.2567077975693564, '_a7_': 59.616222055853974, '_a0_': 1.0, '_a1_': 1.0, '_a2_': 1.0, '_a3_': 1.0, '_a5_': 1.0}};{'d0': 0.09753394394039445};-198.663960615135;45.26536116792492
1788;-54.0666191388476;(pow3(((sin(((x1 / (_a4_ * _a7_)) + _a7_)) * _a6_) + x1)) * _a7_);{'d0': {'_a4_': 0.055308598786323604, '_a6_': 3.2567057913055306, '_a7_': 59.61622200760013, '_a0_': 1.0, '_a1_': 1.0, '_a2_': 1.0, '_a3_': 1.0, '_a5_': 1.0}};{'d0': 0.0975339439429791};-198.663960613545;45.26536116792492
1789;-54.0666191388476;(pow3(((sin(((x1 / (_a4_ * _a7_)) + _a7_)) * _a6_) + x1)) * _a7_);{'d0': {'_a4_': 0.055308598786323604, '_a6_': 3.2567057913055306, '_a7_': 59.61622200760013, '_a0_': 1.0, '_a1_': 1.0, '_a2_': 1.0, '_a3_': 1.0, '_a5_': 1.0}};{'d0': 0.0975339439429791};-198.663960613545;45.26536116792492
1790;-54.0666191388476;(pow3(((sin(((x1 / (_a4_ * _a7_)) + _a7_)) * _a6_) + x1)) * _a7_);{'d0': {'_a4_': 0.055308598786323604, '_a6_': 3.2567057913055306, '_a7_': 59.61622200760013, '_a0_': 1.0, '_a1_': 1.0, '_a2_': 1.0, '_a3_': 1.0, '_a5_': 1.0}};{'d0': 0.0975339439429791};-198.663960613545;45.26536116792492
1791;-54.0666191388476;(pow3(((sin(((x1 / (_a4_ * _a7_)) + _a7_)) * _a6_) + x1)) * _a7_);{'d0': {'_a4_': 0.055308598786323604, '_a6_': 3.2567057913055306, '_a7_': 59.61622200760013, '_a0_': 1.0, '_a1_': 1.0, '_a2_': 1.0, '_a3_': 1.0, '_a5_': 1.0}};{'d0': 0.0975339439429791};-198.663960613545;45.26536116792492
1792;-54.0666191388476;(pow3(((sin(((x1 / (_a4_ * _a7_)) + _a7_)) * _a6_) + x1)) * _a7_);{'d0': {'_a4_': 0.055308598786323604, '_a6_': 3.2567057913055306, '_a7_': 59.61622200760013, '_a0_': 1.0, '_a1_': 1.0, '_a2_': 1.0, '_a3_': 1.0, '_a5_': 1.0}};{'d0': 0.0975339439429791};-198.663960613545;45.26536116792492
1793;-54.0666191388476;(pow3(((sin(((x1 / (_a4_ * _a7_)) + _a7_)) * _a6_) + x1)) * _a7_);{'d0': {'_a4_': 0.055308598786323604, '_a6_': 3.2567057913055306, '_a7_': 59.61622200760013, '_a0_': 1.0, '_a1_': 1.0, '_a2_': 1.0, '_a3_': 1.0, '_a5_': 1.0}};{'d0': 0.0975339439429791};-198.663960613545;45.26536116792492
1794;-54.0666191388476;(pow3(((sin(((x1 / (_a4_ * _a7_)) + _a7_)) * _a6_) + x1)) * _a7_);{'d0': {'_a4_': 0.055308598786323604, '_a6_': 3.2567057913055306, '_a7_': 59.61622200760013, '_a0_': 1.0, '_a1_': 1.0, '_a2_': 1.0, '_a3_': 1.0, '_a5_': 1.0}};{'d0': 0.0975339439429791};-198.663960613545;45.26536116792492
1795;-54.0666191388476;(pow3(((sin(((x1 / (_a4_ * _a7_)) + _a7_)) * _a6_) + x1)) * _a7_);{'d0': {'_a4_': 0.055308598786323604, '_a6_': 3.2567057913055306, '_a7_': 59.61622200760013, '_a0_': 1.0, '_a1_': 1.0, '_a2_': 1.0, '_a3_': 1.0, '_a5_': 1.0}};{'d0': 0.0975339439429791};-198.663960613545;45.26536116792492
1796;-50.3686846673427;(pow3(((sin(((x1 / (_a4_ * _a7_)) + _a7_)) * pow2(_a5_)) + x1)) * _a7_);{'d0': {'_a4_': 0.055308683598067884, '_a5_': 1.8046358619483034, '_a7_': 59.61622212309662, '_a0_': 1.0, '_a1_': 1.0, '_a2_': 1.0, '_a3_': 1.0, '_a6_': 1.0}};{'d0': 0.09753394393938637};-198.663960615755;48.96329564053492
1797;-50.3686846673427;(pow3(((sin(((x1 / (_a4_ * _a7_)) + _a7_)) * pow2(_a5_)) + x1)) * _a7_);{'d0': {'_a4_': 0.055308683598067884, '_a5_': 1.8046358619483034, '_a7_': 59.61622212309662, '_a0_': 1.0, '_a1_': 1.0, '_a2_': 1.0, '_a3_': 1.0, '_a6_': 1.0}};{'d0': 0.09753394393938637};-198.663960615755;48.96329564053492
1798;-50.3686846673427;(pow3(((sin(((x1 / (_a4_ * _a7_)) + _a7_)) * pow2(_a5_)) + x1)) * _a7_);{'d0': {'_a4_': 0.055308683598067884, '_a5_': 1.8046358619483034, '_a7_': 59.61622212309662, '_a0_': 1.0, '_a1_': 1.0, '_a2_': 1.0, '_a3_': 1.0, '_a6_': 1.0}};{'d0': 0.09753394393938637};-198.663960615755;48.96329564053492
1799;-50.3686846673427;(pow3(((sin(((x1 / (_a4_ * _a7_)) + _a7_)) * pow2(_a5_)) + x1)) * _a7_);{'d0': {'_a4_': 0.055308683598067884, '_a5_': 1.8046358619483034, '_a7_': 59.61622212309662, '_a0_': 1.0, '_a1_': 1.0, '_a2_': 1.0, '_a3_': 1.0, '_a6_': 1.0}};{'d0': 0.09753394393938637};-198.663960615755;48.96329564053492
1800;-50.3686846673427;(pow3(((sin(((x1 / (_a4_ * _a7_)) + _a7_)) * pow2(_a5_)) + x1)) * _a7_);{'d0': {'_a4_': 0.055308683598067884, '_a5_': 1.8046358619483034, '_a7_': 59.61622212309662, '_a0_': 1.0, '_a1_': 1.0, '_a2_': 1.0, '_a3_': 1.0, '_a6_': 1.0}};{'d0': 0.09753394393938637};-198.663960615755;48.96329564053492
1801;-50.3686846673427;(pow3(((sin(((x1 / (_a4_ * _a7_)) + _a7_)) * pow2(_a5_)) + x1)) * _a7_);{'d0': {'_a4_': 0.055308683598067884, '_a5_': 1.8046358619483034, '_a7_': 59.61622212309662, '_a0_': 1.0, '_a1_': 1.0, '_a2_': 1.0, '_a3_': 1.0, '_a6_': 1.0}};{'d0': 0.09753394393938637};-198.663960615755;48.96329564053492
1802;-50.3686846673427;(pow3(((sin(((x1 / (_a4_ * _a7_)) + _a7_)) * pow2(_a5_)) + x1)) * _a7_);{'d0': {'_a4_': 0.055308683598067884, '_a5_': 1.8046358619483034, '_a7_': 59.61622212309662, '_a0_': 1.0, '_a1_': 1.0, '_a2_': 1.0, '_a3_': 1.0, '_a6_': 1.0}};{'d0': 0.09753394393938637};-198.663960615755;48.96329564053492
1803;-50.3686846673427;(pow3(((sin(((x1 / (_a4_ * _a7_)) + _a7_)) * pow2(_a5_)) + x1)) * _a7_);{'d0': {'_a4_': 0.055308683598067884, '_a5_': 1.8046358619483034, '_a7_': 59.61622212309662, '_a0_': 1.0, '_a1_': 1.0, '_a2_': 1.0, '_a3_': 1.0, '_a6_': 1.0}};{'d0': 0.09753394393938637};-198.663960615755;48.96329564053492
1804;-50.3686846673427;(pow3(((sin(((x1 / (_a4_ * _a7_)) + _a7_)) * pow2(_a5_)) + x1)) * _a7_);{'d0': {'_a4_': 0.055308683598067884, '_a5_': 1.8046358619483034, '_a7_': 59.61622212309662, '_a0_': 1.0, '_a1_': 1.0, '_a2_': 1.0, '_a3_': 1.0, '_a6_': 1.0}};{'d0': 0.09753394393938637};-198.663960615755;48.96329564053492
1805;-50.3686846673427;(pow3(((sin(((x1 / (_a4_ * _a7_)) + _a7_)) * pow2(_a5_)) + x1)) * _a7_);{'d0': {'_a4_': 0.055308683598067884, '_a5_': 1.8046358619483034, '_a7_': 59.61622212309662, '_a0_': 1.0, '_a1_': 1.0, '_a2_': 1.0, '_a3_': 1.0, '_a6_': 1.0}};{'d0': 0.09753394393938637};-198.663960615755;48.96329564053492
1806;-50.3686846673427;(pow3(((sin(((x1 / (_a4_ * _a7_)) + _a7_)) * pow2(_a5_)) + x1)) * _a7_);{'d0': {'_a4_': 0.055308683598067884, '_a5_': 1.8046358619483034, '_a7_': 59.61622212309662, '_a0_': 1.0, '_a1_': 1.0, '_a2_': 1.0, '_a3_': 1.0, '_a6_': 1.0}};{'d0': 0.09753394393938637};-198.663960615755;48.96329564053492
1807;-50.3686846673427;(pow3(((sin(((x1 / (_a4_ * _a7_)) + _a7_)) * pow2(_a5_)) + x1)) * _a7_);{'d0': {'_a4_': 0.055308683598067884, '_a5_': 1.8046358619483034, '_a7_': 59.61622212309662, '_a0_': 1.0, '_a1_': 1.0, '_a2_': 1.0, '_a3_': 1.0, '_a6_': 1.0}};{'d0': 0.09753394393938637};-198.663960615755;48.96329564053492
1808;-50.3686846673427;(pow3(((sin(((x1 / (_a4_ * _a7_)) + _a7_)) * pow2(_a5_)) + x1)) * _a7_);{'d0': {'_a4_': 0.055308683598067884, '_a5_': 1.8046358619483034, '_a7_': 59.61622212309662, '_a0_': 1.0, '_a1_': 1.0, '_a2_': 1.0, '_a3_': 1.0, '_a6_': 1.0}};{'d0': 0.09753394393938637};-198.663960615755;48.96329564053492
1809;-50.3686846673427;(pow3(((sin(((x1 / (_a4_ * _a7_)) + _a7_)) * pow2(_a5_)) + x1)) * _a7_);{'d0': {'_a4_': 0.055308683598067884, '_a5_': 1.8046358619483034, '_a7_': 59.61622212309662, '_a0_': 1.0, '_a1_': 1.0, '_a2_': 1.0, '_a3_': 1.0, '_a6_': 1.0}};{'d0': 0.09753394393938637};-198.663960615755;48.96329564053492
1810;-50.3686846673427;(pow3(((sin(((x1 / (_a4_ * _a7_)) + _a7_)) * pow2(_a5_)) + x1)) * _a7_);{'d0': {'_a4_': 0.055308683598067884, '_a5_': 1.8046358619483034, '_a7_': 59.61622212309662, '_a0_': 1.0, '_a1_': 1.0, '_a2_': 1.0, '_a3_': 1.0, '_a6_': 1.0}};{'d0': 0.09753394393938637};-198.663960615755;48.96329564053492
1811;-50.3686846673427;(pow3(((sin(((x1 / (_a4_ * _a7_)) + _a7_)) * pow2(_a5_)) + x1)) * _a7_);{'d0': {'_a4_': 0.055308683598067884, '_a5_': 1.8046358619483034, '_a7_': 59.61622212309662, '_a0_': 1.0, '_a1_': 1.0, '_a2_': 1.0, '_a3_': 1.0, '_a6_': 1.0}};{'d0': 0.09753394393938637};-198.663960615755;48.96329564053492
1812;-50.3686846673427;(pow3(((sin(((x1 / (_a4_ * _a7_)) + _a7_)) * pow2(_a5_)) + x1)) * _a7_);{'d0': {'_a4_': 0.055308683598067884, '_a5_': 1.8046358619483034, '_a7_': 59.61622212309662, '_a0_': 1.0, '_a1_': 1.0, '_a2_': 1.0, '_a3_': 1.0, '_a6_': 1.0}};{'d0': 0.09753394393938637};-198.663960615755;48.96329564053492
1813;-50.3686846673427;(pow3(((sin(((x1 / (_a4_ * _a7_)) + _a7_)) * pow2(_a5_)) + x1)) * _a7_);{'d0': {'_a4_': 0.055308683598067884, '_a5_': 1.8046358619483034, '_a7_': 59.61622212309662, '_a0_': 1.0, '_a1_': 1.0, '_a2_': 1.0, '_a3_': 1.0, '_a6_': 1.0}};{'d0': 0.09753394393938637};-198.663960615755;48.96329564053492
1814;-50.3686846673427;(pow3(((sin(((x1 / (_a4_ * _a7_)) + _a7_)) * pow2(_a5_)) + x1)) * _a7_);{'d0': {'_a4_': 0.055308683598067884, '_a5_': 1.8046358619483034, '_a7_': 59.61622212309662, '_a0_': 1.0, '_a1_': 1.0, '_a2_': 1.0, '_a3_': 1.0, '_a6_': 1.0}};{'d0': 0.09753394393938637};-198.663960615755;48.96329564053492
1815;-50.3686846673427;(pow3(((sin(((x1 / (_a4_ * _a7_)) + _a7_)) * pow2(_a5_)) + x1)) * _a7_);{'d0': {'_a4_': 0.055308683598067884, '_a5_': 1.8046358619483034, '_a7_': 59.61622212309662, '_a0_': 1.0, '_a1_': 1.0, '_a2_': 1.0, '_a3_': 1.0, '_a6_': 1.0}};{'d0': 0.09753394393938637};-198.663960615755;48.96329564053492
1816;-50.3686846673427;(pow3(((sin(((x1 / (_a4_ * _a7_)) + _a7_)) * pow2(_a5_)) + x1)) * _a7_);{'d0': {'_a4_': 0.055308683598067884, '_a5_': 1.8046358619483034, '_a7_': 59.61622212309662, '_a0_': 1.0, '_a1_': 1.0, '_a2_': 1.0, '_a3_': 1.0, '_a6_': 1.0}};{'d0': 0.09753394393938637};-198.663960615755;48.96329564053492
1817;-50.3686846673427;(pow3(((sin(((x1 / (_a4_ * _a7_)) + _a7_)) * pow2(_a5_)) + x1)) * _a7_);{'d0': {'_a4_': 0.055308683598067884, '_a5_': 1.8046358619483034, '_a7_': 59.61622212309662, '_a0_': 1.0, '_a1_': 1.0, '_a2_': 1.0, '_a3_': 1.0, '_a6_': 1.0}};{'d0': 0.09753394393938637};-198.663960615755;48.96329564053492
1818;-50.3686846673427;(pow3(((sin(((x1 / (_a4_ * _a7_)) + _a7_)) * pow2(_a5_)) + x1)) * _a7_);{'d0': {'_a4_': 0.055308683598067884, '_a5_': 1.8046358619483034, '_a7_': 59.61622212309662, '_a0_': 1.0, '_a1_': 1.0, '_a2_': 1.0, '_a3_': 1.0, '_a6_': 1.0}};{'d0': 0.09753394393938637};-198.663960615755;48.96329564053492
1819;-50.3686846673427;(pow3(((sin(((x1 / (_a4_ * _a7_)) + _a7_)) * pow2(_a5_)) + x1)) * _a7_);{'d0': {'_a4_': 0.055308683598067884, '_a5_': 1.8046358619483034, '_a7_': 59.61622212309662, '_a0_': 1.0, '_a1_': 1.0, '_a2_': 1.0, '_a3_': 1.0, '_a6_': 1.0}};{'d0': 0.09753394393938637};-198.663960615755;48.96329564053492
1820;-50.3686846673427;(pow3(((sin(((x1 / (_a4_ * _a7_)) + _a7_)) * pow2(_a5_)) + x1)) * _a7_);{'d0': {'_a4_': 0.055308683598067884, '_a5_': 1.8046358619483034, '_a7_': 59.61622212309662, '_a0_': 1.0, '_a1_': 1.0, '_a2_': 1.0, '_a3_': 1.0, '_a6_': 1.0}};{'d0': 0.09753394393938637};-198.663960615755;48.96329564053492
1821;-50.3686846673427;(pow3(((sin(((x1 / (_a4_ * _a7_)) + _a7_)) * pow2(_a5_)) + x1)) * _a7_);{'d0': {'_a4_': 0.055308683598067884, '_a5_': 1.8046358619483034, '_a7_': 59.61622212309662, '_a0_': 1.0, '_a1_': 1.0, '_a2_': 1.0, '_a3_': 1.0, '_a6_': 1.0}};{'d0': 0.09753394393938637};-198.663960615755;48.96329564053492
1822;-50.3686846673427;(pow3(((sin(((x1 / (_a4_ * _a7_)) + _a7_)) * pow2(_a5_)) + x1)) * _a7_);{'d0': {'_a4_': 0.055308683598067884, '_a5_': 1.8046358619483034, '_a7_': 59.61622212309662, '_a0_': 1.0, '_a1_': 1.0, '_a2_': 1.0, '_a3_': 1.0, '_a6_': 1.0}};{'d0': 0.09753394393938637};-198.663960615755;48.96329564053492
1823;-50.3686846673427;(pow3(((sin(((x1 / (_a4_ * _a7_)) + _a7_)) * pow2(_a5_)) + x1)) * _a7_);{'d0': {'_a4_': 0.055308683598067884, '_a5_': 1.8046358619483034, '_a7_': 59.61622212309662, '_a0_': 1.0, '_a1_': 1.0, '_a2_': 1.0, '_a3_': 1.0, '_a6_': 1.0}};{'d0': 0.09753394393938637};-198.663960615755;48.96329564053492
1824;-50.3686846673427;(pow3(((sin(((x1 / (_a4_ * _a7_)) + _a7_)) * pow2(_a5_)) + x1)) * _a7_);{'d0': {'_a4_': 0.055308683598067884, '_a5_': 1.8046358619483034, '_a7_': 59.61622212309662, '_a0_': 1.0, '_a1_': 1.0, '_a2_': 1.0, '_a3_': 1.0, '_a6_': 1.0}};{'d0': 0.09753394393938637};-198.663960615755;48.96329564053492
1825;-50.3686846673427;(pow3(((sin(((x1 / (_a4_ * _a7_)) + _a7_)) * pow2(_a5_)) + x1)) * _a7_);{'d0': {'_a4_': 0.055308683598067884, '_a5_': 1.8046358619483034, '_a7_': 59.61622212309662, '_a0_': 1.0, '_a1_': 1.0, '_a2_': 1.0, '_a3_': 1.0, '_a6_': 1.0}};{'d0': 0.09753394393938637};-198.663960615755;48.96329564053492
1826;-50.3686846673427;(pow3(((sin(((x1 / (_a4_ * _a7_)) + _a7_)) * pow2(_a5_)) + x1)) * _a7_);{'d0': {'_a4_': 0.055308683598067884, '_a5_': 1.8046358619483034, '_a7_': 59.61622212309662, '_a0_': 1.0, '_a1_': 1.0, '_a2_': 1.0, '_a3_': 1.0, '_a6_': 1.0}};{'d0': 0.09753394393938637};-198.663960615755;48.96329564053492
1827;-50.3686846673427;(pow3(((sin(((x1 / (_a4_ * _a7_)) + _a7_)) * pow2(_a5_)) + x1)) * _a7_);{'d0': {'_a4_': 0.055308683598067884, '_a5_': 1.8046358619483034, '_a7_': 59.61622212309662, '_a0_': 1.0, '_a1_': 1.0, '_a2_': 1.0, '_a3_': 1.0, '_a6_': 1.0}};{'d0': 0.09753394393938637};-198.663960615755;48.96329564053492
1828;-50.3686846673427;(pow3(((sin(((x1 / (_a4_ * _a7_)) + _a7_)) * pow2(_a5_)) + x1)) * _a7_);{'d0': {'_a4_': 0.055308683598067884, '_a5_': 1.8046358619483034, '_a7_': 59.61622212309662, '_a0_': 1.0, '_a1_': 1.0, '_a2_': 1.0, '_a3_': 1.0, '_a6_': 1.0}};{'d0': 0.09753394393938637};-198.663960615755;48.96329564053492
1829;-54.0666191388476;(pow3(((sin(((x1 / (_a4_ * _a7_)) + _a7_)) * _a6_) + x1)) * _a7_);{'d0': {'_a4_': 0.055308598786323604, '_a6_': 3.2567057913055306, '_a7_': 59.61622200760013, '_a0_': 1.0, '_a1_': 1.0, '_a2_': 1.0, '_a3_': 1.0, '_a5_': 1.0}};{'d0': 0.0975339439429791};-198.663960613545;45.26536116792492
1830;-54.0666191388476;(pow3(((sin(((x1 / (_a4_ * _a7_)) + _a7_)) * _a6_) + x1)) * _a7_);{'d0': {'_a4_': 0.055308598786323604, '_a6_': 3.2567057913055306, '_a7_': 59.61622200760013, '_a0_': 1.0, '_a1_': 1.0, '_a2_': 1.0, '_a3_': 1.0, '_a5_': 1.0}};{'d0': 0.0975339439429791};-198.663960613545;45.26536116792492
1831;-54.0666191388476;(pow3(((sin(((x1 / (_a4_ * _a7_)) + _a7_)) * _a6_) + x1)) * _a7_);{'d0': {'_a4_': 0.055308598786323604, '_a6_': 3.2567057913055306, '_a7_': 59.61622200760013, '_a0_': 1.0, '_a1_': 1.0, '_a2_': 1.0, '_a3_': 1.0, '_a5_': 1.0}};{'d0': 0.0975339439429791};-198.663960613545;45.26536116792492
1832;-54.0666191388476;(pow3(((sin(((x1 / (_a4_ * _a7_)) + _a7_)) * _a6_) + x1)) * _a7_);{'d0': {'_a4_': 0.055308598786323604, '_a6_': 3.2567057913055306, '_a7_': 59.61622200760013, '_a0_': 1.0, '_a1_': 1.0, '_a2_': 1.0, '_a3_': 1.0, '_a5_': 1.0}};{'d0': 0.0975339439429791};-198.663960613545;45.26536116792492
1833;-54.0666191388476;(pow3(((sin(((x1 / (_a4_ * _a7_)) + _a7_)) * _a6_) + x1)) * _a7_);{'d0': {'_a4_': 0.055308598786323604, '_a6_': 3.2567057913055306, '_a7_': 59.61622200760013, '_a0_': 1.0, '_a1_': 1.0, '_a2_': 1.0, '_a3_': 1.0, '_a5_': 1.0}};{'d0': 0.0975339439429791};-198.663960613545;45.26536116792492
1834;-54.0666191388476;(pow3(((sin(((x1 / (_a4_ * _a7_)) + _a7_)) * _a6_) + x1)) * _a7_);{'d0': {'_a4_': 0.055308598786323604, '_a6_': 3.2567057913055306, '_a7_': 59.61622200760013, '_a0_': 1.0, '_a1_': 1.0, '_a2_': 1.0, '_a3_': 1.0, '_a5_': 1.0}};{'d0': 0.0975339439429791};-198.663960613545;45.26536116792492
1835;-54.0666191388476;(pow3(((sin(((x1 / (_a4_ * _a7_)) + _a7_)) * _a6_) + x1)) * _a7_);{'d0': {'_a4_': 0.055308598786323604, '_a6_': 3.2567057913055306, '_a7_': 59.61622200760013, '_a0_': 1.0, '_a1_': 1.0, '_a2_': 1.0, '_a3_': 1.0, '_a5_': 1.0}};{'d0': 0.0975339439429791};-198.663960613545;45.26536116792492
1836;-54.0666191388476;(pow3(((sin(((x1 / (_a4_ * _a7_)) + _a7_)) * _a6_) + x1)) * _a7_);{'d0': {'_a4_': 0.055308598786323604, '_a6_': 3.2567057913055306, '_a7_': 59.61622200760013, '_a0_': 1.0, '_a1_': 1.0, '_a2_': 1.0, '_a3_': 1.0, '_a5_': 1.0}};{'d0': 0.0975339439429791};-198.663960613545;45.26536116792492
1837;-54.0666191388476;(pow3(((sin(((x1 / (_a4_ * _a7_)) + _a7_)) * _a6_) + x1)) * _a7_);{'d0': {'_a4_': 0.055308598786323604, '_a6_': 3.2567057913055306, '_a7_': 59.61622200760013, '_a0_': 1.0, '_a1_': 1.0, '_a2_': 1.0, '_a3_': 1.0, '_a5_': 1.0}};{'d0': 0.0975339439429791};-198.663960613545;45.26536116792492
1838;-54.0666191388476;(pow3(((sin(((x1 / (_a4_ * _a7_)) + _a7_)) * _a6_) + x1)) * _a7_);{'d0': {'_a4_': 0.055308598786323604, '_a6_': 3.2567057913055306, '_a7_': 59.61622200760013, '_a0_': 1.0, '_a1_': 1.0, '_a2_': 1.0, '_a3_': 1.0, '_a5_': 1.0}};{'d0': 0.0975339439429791};-198.663960613545;45.26536116792492
1839;-54.0666191388476;(pow3(((sin(((x1 / (_a4_ * _a7_)) + _a7_)) * _a6_) + x1)) * _a7_);{'d0': {'_a4_': 0.055308598786323604, '_a6_': 3.2567057913055306, '_a7_': 59.61622200760013, '_a0_': 1.0, '_a1_': 1.0, '_a2_': 1.0, '_a3_': 1.0, '_a5_': 1.0}};{'d0': 0.0975339439429791};-198.663960613545;45.26536116792492
1840;-54.0666191388476;(pow3(((sin(((x1 / (_a4_ * _a7_)) + _a7_)) * _a6_) + x1)) * _a7_);{'d0': {'_a4_': 0.055308598786323604, '_a6_': 3.2567057913055306, '_a7_': 59.61622200760013, '_a0_': 1.0, '_a1_': 1.0, '_a2_': 1.0, '_a3_': 1.0, '_a5_': 1.0}};{'d0': 0.0975339439429791};-198.663960613545;45.26536116792492
1841;-54.0666191388476;(pow3(((sin(((x1 / (_a4_ * _a7_)) + _a7_)) * _a6_) + x1)) * _a7_);{'d0': {'_a4_': 0.055308598786323604, '_a6_': 3.2567057913055306, '_a7_': 59.61622200760013, '_a0_': 1.0, '_a1_': 1.0, '_a2_': 1.0, '_a3_': 1.0, '_a5_': 1.0}};{'d0': 0.0975339439429791};-198.663960613545;45.26536116792492
1842;-54.0666191388476;(pow3(((sin(((x1 / (_a4_ * _a7_)) + _a7_)) * _a6_) + x1)) * _a7_);{'d0': {'_a4_': 0.055308598786323604, '_a6_': 3.2567057913055306, '_a7_': 59.61622200760013, '_a0_': 1.0, '_a1_': 1.0, '_a2_': 1.0, '_a3_': 1.0, '_a5_': 1.0}};{'d0': 0.0975339439429791};-198.663960613545;45.26536116792492
1843;-54.0666191388476;(pow3(((sin(((x1 / (_a4_ * _a7_)) + _a7_)) * _a6_) + x1)) * _a7_);{'d0': {'_a4_': 0.055308598786323604, '_a6_': 3.2567057913055306, '_a7_': 59.61622200760013, '_a0_': 1.0, '_a1_': 1.0, '_a2_': 1.0, '_a3_': 1.0, '_a5_': 1.0}};{'d0': 0.0975339439429791};-198.663960613545;45.26536116792492
1844;-54.0666191388476;(pow3(((sin(((x1 / (_a4_ * _a7_)) + _a7_)) * _a6_) + x1)) * _a7_);{'d0': {'_a4_': 0.055308598786323604, '_a6_': 3.2567057913055306, '_a7_': 59.61622200760013, '_a0_': 1.0, '_a1_': 1.0, '_a2_': 1.0, '_a3_': 1.0, '_a5_': 1.0}};{'d0': 0.0975339439429791};-198.663960613545;45.26536116792492
1845;-54.0666191388476;(pow3(((sin(((x1 / (_a4_ * _a7_)) + _a7_)) * _a6_) + x1)) * _a7_);{'d0': {'_a4_': 0.055308598786323604, '_a6_': 3.2567057913055306, '_a7_': 59.61622200760013, '_a0_': 1.0, '_a1_': 1.0, '_a2_': 1.0, '_a3_': 1.0, '_a5_': 1.0}};{'d0': 0.0975339439429791};-198.663960613545;45.26536116792492
1846;-54.0666191388476;(pow3(((sin(((x1 / (_a4_ * _a7_)) + _a7_)) * _a6_) + x1)) * _a7_);{'d0': {'_a4_': 0.055308598786323604, '_a6_': 3.2567057913055306, '_a7_': 59.61622200760013, '_a0_': 1.0, '_a1_': 1.0, '_a2_': 1.0, '_a3_': 1.0, '_a5_': 1.0}};{'d0': 0.0975339439429791};-198.663960613545;45.26536116792492
1847;-54.0666191388476;(pow3(((sin(((x1 / (_a4_ * _a7_)) + _a7_)) * _a6_) + x1)) * _a7_);{'d0': {'_a4_': 0.055308598786323604, '_a6_': 3.2567057913055306, '_a7_': 59.61622200760013, '_a0_': 1.0, '_a1_': 1.0, '_a2_': 1.0, '_a3_': 1.0, '_a5_': 1.0}};{'d0': 0.0975339439429791};-198.663960613545;45.26536116792492
1848;-54.0666191388476;(pow3(((sin(((x1 / (_a4_ * _a7_)) + _a7_)) * _a6_) + x1)) * _a7_);{'d0': {'_a4_': 0.055308598786323604, '_a6_': 3.2567057913055306, '_a7_': 59.61622200760013, '_a0_': 1.0, '_a1_': 1.0, '_a2_': 1.0, '_a3_': 1.0, '_a5_': 1.0}};{'d0': 0.0975339439429791};-198.663960613545;45.26536116792492
1849;-54.0666191388476;(pow3(((sin(((x1 / (_a4_ * _a7_)) + _a7_)) * _a6_) + x1)) * _a7_);{'d0': {'_a4_': 0.055308598786323604, '_a6_': 3.2567057913055306, '_a7_': 59.61622200760013, '_a0_': 1.0, '_a1_': 1.0, '_a2_': 1.0, '_a3_': 1.0, '_a5_': 1.0}};{'d0': 0.0975339439429791};-198.663960613545;45.26536116792492
1850;-54.0666191388476;(pow3(((sin(((x1 / (_a4_ * _a7_)) + _a7_)) * _a6_) + x1)) * _a7_);{'d0': {'_a4_': 0.055308598786323604, '_a6_': 3.2567057913055306, '_a7_': 59.61622200760013, '_a0_': 1.0, '_a1_': 1.0, '_a2_': 1.0, '_a3_': 1.0, '_a5_': 1.0}};{'d0': 0.0975339439429791};-198.663960613545;45.26536116792492
1851;-54.0666191388476;(pow3(((sin(((x1 / (_a4_ * _a7_)) + _a7_)) * _a6_) + x1)) * _a7_);{'d0': {'_a4_': 0.055308598786323604, '_a6_': 3.2567057913055306, '_a7_': 59.61622200760013, '_a0_': 1.0, '_a1_': 1.0, '_a2_': 1.0, '_a3_': 1.0, '_a5_': 1.0}};{'d0': 0.0975339439429791};-198.663960613545;45.26536116792492
1852;-54.0666191388476;(pow3(((sin(((x1 / (_a4_ * _a7_)) + _a7_)) * _a6_) + x1)) * _a7_);{'d0': {'_a4_': 0.055308598786323604, '_a6_': 3.2567057913055306, '_a7_': 59.61622200760013, '_a0_': 1.0, '_a1_': 1.0, '_a2_': 1.0, '_a3_': 1.0, '_a5_': 1.0}};{'d0': 0.0975339439429791};-198.663960613545;45.26536116792492
1853;-54.0666191388476;(pow3(((sin(((x1 / (_a4_ * _a7_)) + _a7_)) * _a6_) + x1)) * _a7_);{'d0': {'_a4_': 0.055308598786323604, '_a6_': 3.2567057913055306, '_a7_': 59.61622200760013, '_a0_': 1.0, '_a1_': 1.0, '_a2_': 1.0, '_a3_': 1.0, '_a5_': 1.0}};{'d0': 0.0975339439429791};-198.663960613545;45.26536116792492
1854;-54.0666191388476;(pow3(((sin(((x1 / (_a4_ * _a7_)) + _a7_)) * _a6_) + x1)) * _a7_);{'d0': {'_a4_': 0.055308598786323604, '_a6_': 3.2567057913055306, '_a7_': 59.61622200760013, '_a0_': 1.0, '_a1_': 1.0, '_a2_': 1.0, '_a3_': 1.0, '_a5_': 1.0}};{'d0': 0.0975339439429791};-198.663960613545;45.26536116792492
1855;-83.7891065858169;(_a2_ ** (_a1_ ** x1));{'d0': {'_a1_': 0.20341217870806366, '_a2_': 0.855055500759432, '_a0_': 1.0, '_a3_': 1.0, '_a4_': 1.0, '_a5_': 1.0, '_a6_': 1.0, '_a7_': 1.0}};{'d0': 0.1124263983613155};-194.232406556034;13.327096692199998
1856;-83.7891065858169;(_a2_ ** (_a1_ ** x1));{'d0': {'_a1_': 0.20341217870806366, '_a2_': 0.855055500759432, '_a0_': 1.0, '_a3_': 1.0, '_a4_': 1.0, '_a5_': 1.0, '_a6_': 1.0, '_a7_': 1.0}};{'d0': 0.1124263983613155};-194.232406556034;13.327096692199998
1857;-83.7891065858169;(_a2_ ** (_a1_ ** x1));{'d0': {'_a1_': 0.20341217870806366, '_a2_': 0.855055500759432, '_a0_': 1.0, '_a3_': 1.0, '_a4_': 1.0, '_a5_': 1.0, '_a6_': 1.0, '_a7_': 1.0}};{'d0': 0.1124263983613155};-194.232406556034;13.327096692199998
1858;-83.7891065858169;(_a2_ ** (_a1_ ** x1));{'d0': {'_a1_': 0.20341217870806366, '_a2_': 0.855055500759432, '_a0_': 1.0, '_a3_': 1.0, '_a4_': 1.0, '_a5_': 1.0, '_a6_': 1.0, '_a7_': 1.0}};{'d0': 0.1124263983613155};-194.232406556034;13.327096692199998
1859;-83.7891065858169;(_a2_ ** (_a1_ ** x1));{'d0': {'_a1_': 0.20341217870806366, '_a2_': 0.855055500759432, '_a0_': 1.0, '_a3_': 1.0, '_a4_': 1.0, '_a5_': 1.0, '_a6_': 1.0, '_a7_': 1.0}};{'d0': 0.1124263983613155};-194.232406556034;13.327096692199998
1860;-83.7891065858169;(_a2_ ** (_a1_ ** x1));{'d0': {'_a1_': 0.20341217870806366, '_a2_': 0.855055500759432, '_a0_': 1.0, '_a3_': 1.0, '_a4_': 1.0, '_a5_': 1.0, '_a6_': 1.0, '_a7_': 1.0}};{'d0': 0.1124263983613155};-194.232406556034;13.327096692199998
1861;-83.7891065858169;(_a2_ ** (_a1_ ** x1));{'d0': {'_a1_': 0.20341217870806366, '_a2_': 0.855055500759432, '_a0_': 1.0, '_a3_': 1.0, '_a4_': 1.0, '_a5_': 1.0, '_a6_': 1.0, '_a7_': 1.0}};{'d0': 0.1124263983613155};-194.232406556034;13.327096692199998
1862;-83.7891065858169;(_a2_ ** (_a1_ ** x1));{'d0': {'_a1_': 0.20341217870806366, '_a2_': 0.855055500759432, '_a0_': 1.0, '_a3_': 1.0, '_a4_': 1.0, '_a5_': 1.0, '_a6_': 1.0, '_a7_': 1.0}};{'d0': 0.1124263983613155};-194.232406556034;13.327096692199998
1863;-83.7891065858169;(_a2_ ** (_a1_ ** x1));{'d0': {'_a1_': 0.20341217870806366, '_a2_': 0.855055500759432, '_a0_': 1.0, '_a3_': 1.0, '_a4_': 1.0, '_a5_': 1.0, '_a6_': 1.0, '_a7_': 1.0}};{'d0': 0.1124263983613155};-194.232406556034;13.327096692199998
1864;-83.7891065858169;(_a2_ ** (_a1_ ** x1));{'d0': {'_a1_': 0.20341217870806366, '_a2_': 0.855055500759432, '_a0_': 1.0, '_a3_': 1.0, '_a4_': 1.0, '_a5_': 1.0, '_a6_': 1.0, '_a7_': 1.0}};{'d0': 0.1124263983613155};-194.232406556034;13.327096692199998
1865;-54.0666191388476;(pow3(((sin(((x1 / (_a4_ * _a7_)) + _a7_)) * _a6_) + x1)) * _a7_);{'d0': {'_a4_': 0.055308598786323604, '_a6_': 3.2567057913055306, '_a7_': 59.61622200760013, '_a0_': 1.0, '_a1_': 1.0, '_a2_': 1.0, '_a3_': 1.0, '_a5_': 1.0}};{'d0': 0.0975339439429791};-198.663960613545;45.26536116792492
1866;-54.0666191388476;(pow3(((sin(((x1 / (_a4_ * _a7_)) + _a7_)) * _a6_) + x1)) * _a7_);{'d0': {'_a4_': 0.055308598786323604, '_a6_': 3.2567057913055306, '_a7_': 59.61622200760013, '_a0_': 1.0, '_a1_': 1.0, '_a2_': 1.0, '_a3_': 1.0, '_a5_': 1.0}};{'d0': 0.0975339439429791};-198.663960613545;45.26536116792492
1867;-54.0666191388476;(pow3(((sin(((x1 / (_a4_ * _a7_)) + _a7_)) * _a6_) + x1)) * _a7_);{'d0': {'_a4_': 0.055308598786323604, '_a6_': 3.2567057913055306, '_a7_': 59.61622200760013, '_a0_': 1.0, '_a1_': 1.0, '_a2_': 1.0, '_a3_': 1.0, '_a5_': 1.0}};{'d0': 0.0975339439429791};-198.663960613545;45.26536116792492
1868;-54.0666191388476;(pow3(((sin(((x1 / (_a4_ * _a7_)) + _a7_)) * _a6_) + x1)) * _a7_);{'d0': {'_a4_': 0.055308598786323604, '_a6_': 3.2567057913055306, '_a7_': 59.61622200760013, '_a0_': 1.0, '_a1_': 1.0, '_a2_': 1.0, '_a3_': 1.0, '_a5_': 1.0}};{'d0': 0.0975339439429791};-198.663960613545;45.26536116792492
1869;-54.0666191388476;(pow3(((sin(((x1 / (_a4_ * _a7_)) + _a7_)) * _a6_) + x1)) * _a7_);{'d0': {'_a4_': 0.055308598786323604, '_a6_': 3.2567057913055306, '_a7_': 59.61622200760013, '_a0_': 1.0, '_a1_': 1.0, '_a2_': 1.0, '_a3_': 1.0, '_a5_': 1.0}};{'d0': 0.0975339439429791};-198.663960613545;45.26536116792492
1870;-54.0666191388476;(pow3(((sin(((x1 / (_a4_ * _a7_)) + _a7_)) * _a6_) + x1)) * _a7_);{'d0': {'_a4_': 0.055308598786323604, '_a6_': 3.2567057913055306, '_a7_': 59.61622200760013, '_a0_': 1.0, '_a1_': 1.0, '_a2_': 1.0, '_a3_': 1.0, '_a5_': 1.0}};{'d0': 0.0975339439429791};-198.663960613545;45.26536116792492
1871;-54.0666191388476;(pow3(((sin(((x1 / (_a4_ * _a7_)) + _a7_)) * _a6_) + x1)) * _a7_);{'d0': {'_a4_': 0.055308598786323604, '_a6_': 3.2567057913055306, '_a7_': 59.61622200760013, '_a0_': 1.0, '_a1_': 1.0, '_a2_': 1.0, '_a3_': 1.0, '_a5_': 1.0}};{'d0': 0.0975339439429791};-198.663960613545;45.26536116792492
1872;-54.0666191388476;(pow3(((sin(((x1 / (_a4_ * _a7_)) + _a7_)) * _a6_) + x1)) * _a7_);{'d0': {'_a4_': 0.055308598786323604, '_a6_': 3.2567057913055306, '_a7_': 59.61622200760013, '_a0_': 1.0, '_a1_': 1.0, '_a2_': 1.0, '_a3_': 1.0, '_a5_': 1.0}};{'d0': 0.0975339439429791};-198.663960613545;45.26536116792492
1873;-54.0666191388476;(pow3(((sin(((x1 / (_a4_ * _a7_)) + _a7_)) * _a6_) + x1)) * _a7_);{'d0': {'_a4_': 0.055308598786323604, '_a6_': 3.2567057913055306, '_a7_': 59.61622200760013, '_a0_': 1.0, '_a1_': 1.0, '_a2_': 1.0, '_a3_': 1.0, '_a5_': 1.0}};{'d0': 0.0975339439429791};-198.663960613545;45.26536116792492
1874;-54.0666191388476;(pow3(((sin(((x1 / (_a4_ * _a7_)) + _a7_)) * _a6_) + x1)) * _a7_);{'d0': {'_a4_': 0.055308598786323604, '_a6_': 3.2567057913055306, '_a7_': 59.61622200760013, '_a0_': 1.0, '_a1_': 1.0, '_a2_': 1.0, '_a3_': 1.0, '_a5_': 1.0}};{'d0': 0.0975339439429791};-198.663960613545;45.26536116792492
1875;-54.0666191388476;(pow3(((sin(((x1 / (_a4_ * _a7_)) + _a7_)) * _a6_) + x1)) * _a7_);{'d0': {'_a4_': 0.055308598786323604, '_a6_': 3.2567057913055306, '_a7_': 59.61622200760013, '_a0_': 1.0, '_a1_': 1.0, '_a2_': 1.0, '_a3_': 1.0, '_a5_': 1.0}};{'d0': 0.0975339439429791};-198.663960613545;45.26536116792492
1876;-54.0666191388476;(pow3(((sin(((x1 / (_a4_ * _a7_)) + _a7_)) * _a6_) + x1)) * _a7_);{'d0': {'_a4_': 0.055308598786323604, '_a6_': 3.2567057913055306, '_a7_': 59.61622200760013, '_a0_': 1.0, '_a1_': 1.0, '_a2_': 1.0, '_a3_': 1.0, '_a5_': 1.0}};{'d0': 0.0975339439429791};-198.663960613545;45.26536116792492
1877;-83.7891065858169;(_a2_ ** (_a1_ ** x1));{'d0': {'_a1_': 0.20341217870806366, '_a2_': 0.855055500759432, '_a0_': 1.0, '_a3_': 1.0, '_a4_': 1.0, '_a5_': 1.0, '_a6_': 1.0, '_a7_': 1.0}};{'d0': 0.1124263983613155};-194.232406556034;13.327096692199998
1878;-83.7891065858169;(_a2_ ** (_a1_ ** x1));{'d0': {'_a1_': 0.20341217870806366, '_a2_': 0.855055500759432, '_a0_': 1.0, '_a3_': 1.0, '_a4_': 1.0, '_a5_': 1.0, '_a6_': 1.0, '_a7_': 1.0}};{'d0': 0.1124263983613155};-194.232406556034;13.327096692199998
1879;-83.7891065858169;(_a2_ ** (_a1_ ** x1));{'d0': {'_a1_': 0.20341217870806366, '_a2_': 0.855055500759432, '_a0_': 1.0, '_a3_': 1.0, '_a4_': 1.0, '_a5_': 1.0, '_a6_': 1.0, '_a7_': 1.0}};{'d0': 0.1124263983613155};-194.232406556034;13.327096692199998
1880;-83.7891065858169;(_a2_ ** (_a1_ ** x1));{'d0': {'_a1_': 0.20341217870806366, '_a2_': 0.855055500759432, '_a0_': 1.0, '_a3_': 1.0, '_a4_': 1.0, '_a5_': 1.0, '_a6_': 1.0, '_a7_': 1.0}};{'d0': 0.1124263983613155};-194.232406556034;13.327096692199998
1881;-83.7891065858169;(_a2_ ** (_a1_ ** x1));{'d0': {'_a1_': 0.20341217870806366, '_a2_': 0.855055500759432, '_a0_': 1.0, '_a3_': 1.0, '_a4_': 1.0, '_a5_': 1.0, '_a6_': 1.0, '_a7_': 1.0}};{'d0': 0.1124263983613155};-194.232406556034;13.327096692199998
1882;-83.7891065858169;(_a2_ ** (_a1_ ** x1));{'d0': {'_a1_': 0.20341217870806366, '_a2_': 0.855055500759432, '_a0_': 1.0, '_a3_': 1.0, '_a4_': 1.0, '_a5_': 1.0, '_a6_': 1.0, '_a7_': 1.0}};{'d0': 0.1124263983613155};-194.232406556034;13.327096692199998
1883;-83.7891065858169;(_a2_ ** (_a1_ ** x1));{'d0': {'_a1_': 0.20341217870806366, '_a2_': 0.855055500759432, '_a0_': 1.0, '_a3_': 1.0, '_a4_': 1.0, '_a5_': 1.0, '_a6_': 1.0, '_a7_': 1.0}};{'d0': 0.1124263983613155};-194.232406556034;13.327096692199998
1884;-83.7891065858169;(_a2_ ** (_a1_ ** x1));{'d0': {'_a1_': 0.20341217870806366, '_a2_': 0.855055500759432, '_a0_': 1.0, '_a3_': 1.0, '_a4_': 1.0, '_a5_': 1.0, '_a6_': 1.0, '_a7_': 1.0}};{'d0': 0.1124263983613155};-194.232406556034;13.327096692199998
1885;-83.7891065858169;(_a2_ ** (_a1_ ** x1));{'d0': {'_a1_': 0.20341217870806366, '_a2_': 0.855055500759432, '_a0_': 1.0, '_a3_': 1.0, '_a4_': 1.0, '_a5_': 1.0, '_a6_': 1.0, '_a7_': 1.0}};{'d0': 0.1124263983613155};-194.232406556034;13.327096692199998
1886;-83.7891065858169;(_a2_ ** (_a1_ ** x1));{'d0': {'_a1_': 0.20341217870806366, '_a2_': 0.855055500759432, '_a0_': 1.0, '_a3_': 1.0, '_a4_': 1.0, '_a5_': 1.0, '_a6_': 1.0, '_a7_': 1.0}};{'d0': 0.1124263983613155};-194.232406556034;13.327096692199998
1887;-83.7891065858169;(_a2_ ** (_a1_ ** x1));{'d0': {'_a1_': 0.20341217870806366, '_a2_': 0.855055500759432, '_a0_': 1.0, '_a3_': 1.0, '_a4_': 1.0, '_a5_': 1.0, '_a6_': 1.0, '_a7_': 1.0}};{'d0': 0.1124263983613155};-194.232406556034;13.327096692199998
1888;-83.7891065858169;(_a2_ ** (_a1_ ** x1));{'d0': {'_a1_': 0.20341217870806366, '_a2_': 0.855055500759432, '_a0_': 1.0, '_a3_': 1.0, '_a4_': 1.0, '_a5_': 1.0, '_a6_': 1.0, '_a7_': 1.0}};{'d0': 0.1124263983613155};-194.232406556034;13.327096692199998
1889;-83.7891065858169;(_a2_ ** (_a1_ ** x1));{'d0': {'_a1_': 0.20341217870806366, '_a2_': 0.855055500759432, '_a0_': 1.0, '_a3_': 1.0, '_a4_': 1.0, '_a5_': 1.0, '_a6_': 1.0, '_a7_': 1.0}};{'d0': 0.1124263983613155};-194.232406556034;13.327096692199998
1890;-83.7891065858169;(_a2_ ** (_a1_ ** x1));{'d0': {'_a1_': 0.20341217870806366, '_a2_': 0.855055500759432, '_a0_': 1.0, '_a3_': 1.0, '_a4_': 1.0, '_a5_': 1.0, '_a6_': 1.0, '_a7_': 1.0}};{'d0': 0.1124263983613155};-194.232406556034;13.327096692199998
1891;-83.7891065858169;(_a2_ ** (_a1_ ** x1));{'d0': {'_a1_': 0.20341217870806366, '_a2_': 0.855055500759432, '_a0_': 1.0, '_a3_': 1.0, '_a4_': 1.0, '_a5_': 1.0, '_a6_': 1.0, '_a7_': 1.0}};{'d0': 0.1124263983613155};-194.232406556034;13.327096692199998
1892;-83.7891065858169;(_a2_ ** (_a1_ ** x1));{'d0': {'_a1_': 0.20341217870806366, '_a2_': 0.855055500759432, '_a0_': 1.0, '_a3_': 1.0, '_a4_': 1.0, '_a5_': 1.0, '_a6_': 1.0, '_a7_': 1.0}};{'d0': 0.1124263983613155};-194.232406556034;13.327096692199998
1893;-54.0666191396426;(pow3(((sin(((x1 / (_a4_ * _a6_)) + _a7_)) * _a6_) + x1)) * _a7_);{'d0': {'_a4_': 1.012461672294749, '_a6_': 3.2567077975693564, '_a7_': 59.616222055853974, '_a0_': 1.0, '_a1_': 1.0, '_a2_': 1.0, '_a3_': 1.0, '_a5_': 1.0}};{'d0': 0.09753394394039445};-198.663960615135;45.26536116792492
1894;-54.6032645955718;(pow3(((cos(((x1 / (_a4_ * _a6_)) + _a7_)) * _a6_) + x1)) * _a7_);{'d0': {'_a4_': 1.0125823907887779, '_a6_': 3.2480043366476616, '_a7_': 58.04455591783271, '_a0_': 1.0, '_a1_': 1.0, '_a2_': 1.0, '_a3_': 1.0, '_a5_': 1.0}};{'d0': 0.09753737047894392};-198.661852746906;44.7276617778814
1895;-49.6539246694029;(pow3(((cos(((x1 / ((_a1_ * _a6_) * _a6_)) + _a7_)) * _a6_) + x1)) * _a7_);{'d0': {'_a1_': 0.3117553622516631, '_a6_': 3.2480030707524383, '_a7_': 58.04455588696385, '_a0_': 1.0, '_a2_': 1.0, '_a3_': 1.0, '_a4_': 1.0, '_a5_': 1.0}};{'d0': 0.09753737048125866};-198.661852745483;49.677001703338405
1896;-49.6539246694029;(pow3(((cos(((x1 / ((_a1_ * _a6_) * _a6_)) + _a7_)) * _a6_) + x1)) * _a7_);{'d0': {'_a1_': 0.3117553622516631, '_a6_': 3.2480030707524383, '_a7_': 58.04455588696385, '_a0_': 1.0, '_a2_': 1.0, '_a3_': 1.0, '_a4_': 1.0, '_a5_': 1.0}};{'d0': 0.09753737048125866};-198.661852745483;49.677001703338405
1897;-49.6539246694029;(pow3(((cos(((x1 / ((_a1_ * _a6_) * _a6_)) + _a7_)) * _a6_) + x1)) * _a7_);{'d0': {'_a1_': 0.3117553622516631, '_a6_': 3.2480030707524383, '_a7_': 58.04455588696385, '_a0_': 1.0, '_a2_': 1.0, '_a3_': 1.0, '_a4_': 1.0, '_a5_': 1.0}};{'d0': 0.09753737048125866};-198.661852745483;49.677001703338405
1898;-49.6539246694029;(pow3(((cos(((x1 / ((_a1_ * _a6_) * _a6_)) + _a7_)) * _a6_) + x1)) * _a7_);{'d0': {'_a1_': 0.3117553622516631, '_a6_': 3.2480030707524383, '_a7_': 58.04455588696385, '_a0_': 1.0, '_a2_': 1.0, '_a3_': 1.0, '_a4_': 1.0, '_a5_': 1.0}};{'d0': 0.09753737048125866};-198.661852745483;49.677001703338405
1899;-83.7891065858169;(_a2_ ** (_a1_ ** x1));{'d0': {'_a1_': 0.20341217870806366, '_a2_': 0.855055500759432, '_a0_': 1.0, '_a3_': 1.0, '_a4_': 1.0, '_a5_': 1.0, '_a6_': 1.0, '_a7_': 1.0}};{'d0': 0.1124263983613155};-194.232406556034;13.327096692199998
1900;-83.7891065858169;(_a2_ ** (_a1_ ** x1));{'d0': {'_a1_': 0.20341217870806366, '_a2_': 0.855055500759432, '_a0_': 1.0, '_a3_': 1.0, '_a4_': 1.0, '_a5_': 1.0, '_a6_': 1.0, '_a7_': 1.0}};{'d0': 0.1124263983613155};-194.232406556034;13.327096692199998
1901;-83.7891065858169;(_a2_ ** (_a1_ ** x1));{'d0': {'_a1_': 0.20341217870806366, '_a2_': 0.855055500759432, '_a0_': 1.0, '_a3_': 1.0, '_a4_': 1.0, '_a5_': 1.0, '_a6_': 1.0, '_a7_': 1.0}};{'d0': 0.1124263983613155};-194.232406556034;13.327096692199998
1902;-83.7891065858169;(_a2_ ** (_a1_ ** x1));{'d0': {'_a1_': 0.20341217870806366, '_a2_': 0.855055500759432, '_a0_': 1.0, '_a3_': 1.0, '_a4_': 1.0, '_a5_': 1.0, '_a6_': 1.0, '_a7_': 1.0}};{'d0': 0.1124263983613155};-194.232406556034;13.327096692199998
1903;-83.7891065858169;(_a2_ ** (_a1_ ** x1));{'d0': {'_a1_': 0.20341217870806366, '_a2_': 0.855055500759432, '_a0_': 1.0, '_a3_': 1.0, '_a4_': 1.0, '_a5_': 1.0, '_a6_': 1.0, '_a7_': 1.0}};{'d0': 0.1124263983613155};-194.232406556034;13.327096692199998
1904;-83.7891065858169;(_a2_ ** (_a1_ ** x1));{'d0': {'_a1_': 0.20341217870806366, '_a2_': 0.855055500759432, '_a0_': 1.0, '_a3_': 1.0, '_a4_': 1.0, '_a5_': 1.0, '_a6_': 1.0, '_a7_': 1.0}};{'d0': 0.1124263983613155};-194.232406556034;13.327096692199998
1905;-83.7891065858169;(_a2_ ** (_a1_ ** x1));{'d0': {'_a1_': 0.20341217870806366, '_a2_': 0.855055500759432, '_a0_': 1.0, '_a3_': 1.0, '_a4_': 1.0, '_a5_': 1.0, '_a6_': 1.0, '_a7_': 1.0}};{'d0': 0.1124263983613155};-194.232406556034;13.327096692199998
1906;-83.7891065858169;(_a2_ ** (_a1_ ** x1));{'d0': {'_a1_': 0.20341217870806366, '_a2_': 0.855055500759432, '_a0_': 1.0, '_a3_': 1.0, '_a4_': 1.0, '_a5_': 1.0, '_a6_': 1.0, '_a7_': 1.0}};{'d0': 0.1124263983613155};-194.232406556034;13.327096692199998
1907;-83.7891065858169;(_a2_ ** (_a1_ ** x1));{'d0': {'_a1_': 0.20341217870806366, '_a2_': 0.855055500759432, '_a0_': 1.0, '_a3_': 1.0, '_a4_': 1.0, '_a5_': 1.0, '_a6_': 1.0, '_a7_': 1.0}};{'d0': 0.1124263983613155};-194.232406556034;13.327096692199998
1908;-83.7891065858169;(_a2_ ** (_a1_ ** x1));{'d0': {'_a1_': 0.20341217870806366, '_a2_': 0.855055500759432, '_a0_': 1.0, '_a3_': 1.0, '_a4_': 1.0, '_a5_': 1.0, '_a6_': 1.0, '_a7_': 1.0}};{'d0': 0.1124263983613155};-194.232406556034;13.327096692199998
1909;-80.0911721131245;pow2((_a2_ ** (_a1_ ** x1)));{'d0': {'_a1_': 0.20341227847000545, '_a2_': 0.9246920810653042, '_a0_': 1.0, '_a3_': 1.0, '_a4_': 1.0, '_a5_': 1.0, '_a6_': 1.0, '_a7_': 1.0}};{'d0': 0.11242639836162409};-194.232406555869;17.02503116481
1910;-80.0911721131245;pow2((_a2_ ** (_a1_ ** x1)));{'d0': {'_a1_': 0.20341227847000545, '_a2_': 0.9246920810653042, '_a0_': 1.0, '_a3_': 1.0, '_a4_': 1.0, '_a5_': 1.0, '_a6_': 1.0, '_a7_': 1.0}};{'d0': 0.11242639836162409};-194.232406555869;17.02503116481
1911;-80.0911721131245;pow2((_a2_ ** (_a1_ ** x1)));{'d0': {'_a1_': 0.20341227847000545, '_a2_': 0.9246920810653042, '_a0_': 1.0, '_a3_': 1.0, '_a4_': 1.0, '_a5_': 1.0, '_a6_': 1.0, '_a7_': 1.0}};{'d0': 0.11242639836162409};-194.232406555869;17.02503116481
1912;-80.0911721131245;pow2((_a2_ ** (_a1_ ** x1)));{'d0': {'_a1_': 0.20341227847000545, '_a2_': 0.9246920810653042, '_a0_': 1.0, '_a3_': 1.0, '_a4_': 1.0, '_a5_': 1.0, '_a6_': 1.0, '_a7_': 1.0}};{'d0': 0.11242639836162409};-194.232406555869;17.02503116481
1913;-80.0911721131245;pow2((_a2_ ** (_a1_ ** x1)));{'d0': {'_a1_': 0.20341227847000545, '_a2_': 0.9246920810653042, '_a0_': 1.0, '_a3_': 1.0, '_a4_': 1.0, '_a5_': 1.0, '_a6_': 1.0, '_a7_': 1.0}};{'d0': 0.11242639836162409};-194.232406555869;17.02503116481
1914;-80.0911721131245;pow2((_a2_ ** (_a1_ ** x1)));{'d0': {'_a1_': 0.20341227847000545, '_a2_': 0.9246920810653042, '_a0_': 1.0, '_a3_': 1.0, '_a4_': 1.0, '_a5_': 1.0, '_a6_': 1.0, '_a7_': 1.0}};{'d0': 0.11242639836162409};-194.232406555869;17.02503116481
1915;-80.0911721131245;pow2((_a2_ ** (_a1_ ** x1)));{'d0': {'_a1_': 0.20341227847000545, '_a2_': 0.9246920810653042, '_a0_': 1.0, '_a3_': 1.0, '_a4_': 1.0, '_a5_': 1.0, '_a6_': 1.0, '_a7_': 1.0}};{'d0': 0.11242639836162409};-194.232406555869;17.02503116481
1916;-80.0911721131245;pow2((_a2_ ** (_a1_ ** x1)));{'d0': {'_a1_': 0.20341227847000545, '_a2_': 0.9246920810653042, '_a0_': 1.0, '_a3_': 1.0, '_a4_': 1.0, '_a5_': 1.0, '_a6_': 1.0, '_a7_': 1.0}};{'d0': 0.11242639836162409};-194.232406555869;17.02503116481
1917;-80.0911721131245;pow2((_a2_ ** (_a1_ ** x1)));{'d0': {'_a1_': 0.20341227847000545, '_a2_': 0.9246920810653042, '_a0_': 1.0, '_a3_': 1.0, '_a4_': 1.0, '_a5_': 1.0, '_a6_': 1.0, '_a7_': 1.0}};{'d0': 0.11242639836162409};-194.232406555869;17.02503116481
1918;-80.0911721131245;pow2((_a2_ ** (_a1_ ** x1)));{'d0': {'_a1_': 0.20341227847000545, '_a2_': 0.9246920810653042, '_a0_': 1.0, '_a3_': 1.0, '_a4_': 1.0, '_a5_': 1.0, '_a6_': 1.0, '_a7_': 1.0}};{'d0': 0.11242639836162409};-194.232406555869;17.02503116481
1919;-80.0911721131245;pow2((_a2_ ** (_a1_ ** x1)));{'d0': {'_a1_': 0.20341227847000545, '_a2_': 0.9246920810653042, '_a0_': 1.0, '_a3_': 1.0, '_a4_': 1.0, '_a5_': 1.0, '_a6_': 1.0, '_a7_': 1.0}};{'d0': 0.11242639836162409};-194.232406555869;17.02503116481
1920;-80.0911721131245;pow2((_a2_ ** (_a1_ ** x1)));{'d0': {'_a1_': 0.20341227847000545, '_a2_': 0.9246920810653042, '_a0_': 1.0, '_a3_': 1.0, '_a4_': 1.0, '_a5_': 1.0, '_a6_': 1.0, '_a7_': 1.0}};{'d0': 0.11242639836162409};-194.232406555869;17.02503116481
1921;-80.0911721131245;pow2((_a2_ ** (_a1_ ** x1)));{'d0': {'_a1_': 0.20341227847000545, '_a2_': 0.9246920810653042, '_a0_': 1.0, '_a3_': 1.0, '_a4_': 1.0, '_a5_': 1.0, '_a6_': 1.0, '_a7_': 1.0}};{'d0': 0.11242639836162409};-194.232406555869;17.02503116481
1922;-80.0911721131245;pow2((_a2_ ** (_a1_ ** x1)));{'d0': {'_a1_': 0.20341227847000545, '_a2_': 0.9246920810653042, '_a0_': 1.0, '_a3_': 1.0, '_a4_': 1.0, '_a5_': 1.0, '_a6_': 1.0, '_a7_': 1.0}};{'d0': 0.11242639836162409};-194.232406555869;17.02503116481
1923;-58.7084718330872;exp(((log(_a6_) / ((_a0_ / (_a2_ * -(_a6_))) + x1)) + _a6_));{'d0': {'_a0_': -4.901860215183007e+47, '_a2_': 7.078787345553781e+47, '_a6_': 0.34969367552344416, '_a1_': 1.0, '_a3_': 1.0, '_a4_': 1.0, '_a5_': 1.0, '_a7_': 1.0}};{'d0': 0.09126551518246735};-202.649607794436;42.616332064131
1924;-58.7084718330872;exp(((log(_a6_) / ((_a0_ / (_a2_ * -(_a6_))) + x1)) + _a6_));{'d0': {'_a0_': -4.901860215183007e+47, '_a2_': 7.078787345553781e+47, '_a6_': 0.34969367552344416, '_a1_': 1.0, '_a3_': 1.0, '_a4_': 1.0, '_a5_': 1.0, '_a7_': 1.0}};{'d0': 0.09126551518246735};-202.649607794436;42.616332064131
1925;-58.7084718330872;exp(((log(_a6_) / ((_a0_ / (_a2_ * -(_a6_))) + x1)) + _a6_));{'d0': {'_a0_': -4.901860215183007e+47, '_a2_': 7.078787345553781e+47, '_a6_': 0.34969367552344416, '_a1_': 1.0, '_a3_': 1.0, '_a4_': 1.0, '_a5_': 1.0, '_a7_': 1.0}};{'d0': 0.09126551518246735};-202.649607794436;42.616332064131
1926;-58.7084718330872;exp(((log(_a6_) / ((_a0_ / (_a2_ * -(_a6_))) + x1)) + _a6_));{'d0': {'_a0_': -4.901860215183007e+47, '_a2_': 7.078787345553781e+47, '_a6_': 0.34969367552344416, '_a1_': 1.0, '_a3_': 1.0, '_a4_': 1.0, '_a5_': 1.0, '_a7_': 1.0}};{'d0': 0.09126551518246735};-202.649607794436;42.616332064131
1927;-58.7084718330872;exp(((log(_a6_) / ((_a0_ / (_a2_ * -(_a6_))) + x1)) + _a6_));{'d0': {'_a0_': -4.901860215183007e+47, '_a2_': 7.078787345553781e+47, '_a6_': 0.34969367552344416, '_a1_': 1.0, '_a3_': 1.0, '_a4_': 1.0, '_a5_': 1.0, '_a7_': 1.0}};{'d0': 0.09126551518246735};-202.649607794436;42.616332064131
1928;-58.7084718330872;exp(((log(_a6_) / ((_a0_ / (_a2_ * -(_a6_))) + x1)) + _a6_));{'d0': {'_a0_': -4.901860215183007e+47, '_a2_': 7.078787345553781e+47, '_a6_': 0.34969367552344416, '_a1_': 1.0, '_a3_': 1.0, '_a4_': 1.0, '_a5_': 1.0, '_a7_': 1.0}};{'d0': 0.09126551518246735};-202.649607794436;42.616332064131
1929;-58.7084718330872;exp(((log(_a6_) / ((_a0_ / (_a2_ * -(_a6_))) + x1)) + _a6_));{'d0': {'_a0_': -4.901860215183007e+47, '_a2_': 7.078787345553781e+47, '_a6_': 0.34969367552344416, '_a1_': 1.0, '_a3_': 1.0, '_a4_': 1.0, '_a5_': 1.0, '_a7_': 1.0}};{'d0': 0.09126551518246735};-202.649607794436;42.616332064131
1930;-58.7084718330872;exp(((log(_a6_) / ((_a0_ / (_a2_ * -(_a6_))) + x1)) + _a6_));{'d0': {'_a0_': -4.901860215183007e+47, '_a2_': 7.078787345553781e+47, '_a6_': 0.34969367552344416, '_a1_': 1.0, '_a3_': 1.0, '_a4_': 1.0, '_a5_': 1.0, '_a7_': 1.0}};{'d0': 0.09126551518246735};-202.649607794436;42.616332064131
1931;-58.7084718330872;exp(((log(_a6_) / ((_a0_ / (_a2_ * -(_a6_))) + x1)) + _a6_));{'d0': {'_a0_': -4.901860215183007e+47, '_a2_': 7.078787345553781e+47, '_a6_': 0.34969367552344416, '_a1_': 1.0, '_a3_': 1.0, '_a4_': 1.0, '_a5_': 1.0, '_a7_': 1.0}};{'d0': 0.09126551518246735};-202.649607794436;42.616332064131
1932;-58.7084718330872;exp(((log(_a6_) / ((_a0_ / (_a2_ * -(_a6_))) + x1)) + _a6_));{'d0': {'_a0_': -4.901860215183007e+47, '_a2_': 7.078787345553781e+47, '_a6_': 0.34969367552344416, '_a1_': 1.0, '_a3_': 1.0, '_a4_': 1.0, '_a5_': 1.0, '_a7_': 1.0}};{'d0': 0.09126551518246735};-202.649607794436;42.616332064131
1933;-58.7084718330872;exp(((log(_a6_) / ((_a0_ / (_a2_ * -(_a6_))) + x1)) + _a6_));{'d0': {'_a0_': -4.901860215183007e+47, '_a2_': 7.078787345553781e+47, '_a6_': 0.34969367552344416, '_a1_': 1.0, '_a3_': 1.0, '_a4_': 1.0, '_a5_': 1.0, '_a7_': 1.0}};{'d0': 0.09126551518246735};-202.649607794436;42.616332064131
1934;-53.0603261427319;exp(((log(_a6_) / ((_a0_ / (_a2_ * -(_a6_))) + x1)) + -(_a3_)));{'d0': {'_a0_': -4.8145811925918856e+47, '_a2_': 6.731078847224064e+47, '_a3_': -0.3339711581738793, '_a6_': 0.365464803863101, '_a1_': 1.0, '_a4_': 1.0, '_a5_': 1.0, '_a7_': 1.0}};{'d0': 0.09102404597598747};-198.714220890248;46.29678430239217
1935;-53.0603261427319;exp(((log(_a6_) / ((_a0_ / (_a2_ * -(_a6_))) + x1)) + -(_a3_)));{'d0': {'_a0_': -4.8145811925918856e+47, '_a2_': 6.731078847224064e+47, '_a3_': -0.3339711581738793, '_a6_': 0.365464803863101, '_a1_': 1.0, '_a4_': 1.0, '_a5_': 1.0, '_a7_': 1.0}};{'d0': 0.09102404597598747};-198.714220890248;46.29678430239217
1936;-53.0603261427319;exp(((log(_a6_) / ((_a0_ / (_a2_ * -(_a6_))) + x1)) + -(_a3_)));{'d0': {'_a0_': -4.8145811925918856e+47, '_a2_': 6.731078847224064e+47, '_a3_': -0.3339711581738793, '_a6_': 0.365464803863101, '_a1_': 1.0, '_a4_': 1.0, '_a5_': 1.0, '_a7_': 1.0}};{'d0': 0.09102404597598747};-198.714220890248;46.29678430239217
1937;-53.0603261427319;exp(((log(_a6_) / ((_a0_ / (_a2_ * -(_a6_))) + x1)) + -(_a3_)));{'d0': {'_a0_': -4.8145811925918856e+47, '_a2_': 6.731078847224064e+47, '_a3_': -0.3339711581738793, '_a6_': 0.365464803863101, '_a1_': 1.0, '_a4_': 1.0, '_a5_': 1.0, '_a7_': 1.0}};{'d0': 0.09102404597598747};-198.714220890248;46.29678430239217
1938;-53.0603261427319;exp(((log(_a6_) / ((_a0_ / (_a2_ * -(_a6_))) + x1)) + -(_a3_)));{'d0': {'_a0_': -4.8145811925918856e+47, '_a2_': 6.731078847224064e+47, '_a3_': -0.3339711581738793, '_a6_': 0.365464803863101, '_a1_': 1.0, '_a4_': 1.0, '_a5_': 1.0, '_a7_': 1.0}};{'d0': 0.09102404597598747};-198.714220890248;46.29678430239217
1939;-53.0603261427319;exp(((log(_a6_) / ((_a0_ / (_a2_ * -(_a6_))) + x1)) + -(_a3_)));{'d0': {'_a0_': -4.8145811925918856e+47, '_a2_': 6.731078847224064e+47, '_a3_': -0.3339711581738793, '_a6_': 0.365464803863101, '_a1_': 1.0, '_a4_': 1.0, '_a5_': 1.0, '_a7_': 1.0}};{'d0': 0.09102404597598747};-198.714220890248;46.29678430239217
1940;-53.0603261427319;exp(((log(_a6_) / ((_a0_ / (_a2_ * -(_a6_))) + x1)) + -(_a3_)));{'d0': {'_a0_': -4.8145811925918856e+47, '_a2_': 6.731078847224064e+47, '_a3_': -0.3339711581738793, '_a6_': 0.365464803863101, '_a1_': 1.0, '_a4_': 1.0, '_a5_': 1.0, '_a7_': 1.0}};{'d0': 0.09102404597598747};-198.714220890248;46.29678430239217
1941;-53.0603261427319;exp(((log(_a6_) / ((_a0_ / (_a2_ * -(_a6_))) + x1)) + -(_a3_)));{'d0': {'_a0_': -4.8145811925918856e+47, '_a2_': 6.731078847224064e+47, '_a3_': -0.3339711581738793, '_a6_': 0.365464803863101, '_a1_': 1.0, '_a4_': 1.0, '_a5_': 1.0, '_a7_': 1.0}};{'d0': 0.09102404597598747};-198.714220890248;46.29678430239217
1942;-53.0603261427319;exp(((log(_a6_) / ((_a0_ / (_a2_ * -(_a6_))) + x1)) + -(_a3_)));{'d0': {'_a0_': -4.8145811925918856e+47, '_a2_': 6.731078847224064e+47, '_a3_': -0.3339711581738793, '_a6_': 0.365464803863101, '_a1_': 1.0, '_a4_': 1.0, '_a5_': 1.0, '_a7_': 1.0}};{'d0': 0.09102404597598747};-198.714220890248;46.29678430239217
1943;-53.0603261427319;exp(((log(_a6_) / ((_a0_ / (_a2_ * -(_a6_))) + x1)) + -(_a3_)));{'d0': {'_a0_': -4.8145811925918856e+47, '_a2_': 6.731078847224064e+47, '_a3_': -0.3339711581738793, '_a6_': 0.365464803863101, '_a1_': 1.0, '_a4_': 1.0, '_a5_': 1.0, '_a7_': 1.0}};{'d0': 0.09102404597598747};-198.714220890248;46.29678430239217
1944;-53.0603261427319;exp(((log(_a6_) / ((_a0_ / (_a2_ * -(_a6_))) + x1)) + -(_a3_)));{'d0': {'_a0_': -4.8145811925918856e+47, '_a2_': 6.731078847224064e+47, '_a3_': -0.3339711581738793, '_a6_': 0.365464803863101, '_a1_': 1.0, '_a4_': 1.0, '_a5_': 1.0, '_a7_': 1.0}};{'d0': 0.09102404597598747};-198.714220890248;46.29678430239217
1945;-53.0603261427319;exp(((log(_a6_) / ((_a0_ / (_a2_ * -(_a6_))) + x1)) + -(_a3_)));{'d0': {'_a0_': -4.8145811925918856e+47, '_a2_': 6.731078847224064e+47, '_a3_': -0.3339711581738793, '_a6_': 0.365464803863101, '_a1_': 1.0, '_a4_': 1.0, '_a5_': 1.0, '_a7_': 1.0}};{'d0': 0.09102404597598747};-198.714220890248;46.29678430239217
1946;-53.0603261427319;exp(((log(_a6_) / ((_a0_ / (_a2_ * -(_a6_))) + x1)) + -(_a3_)));{'d0': {'_a0_': -4.8145811925918856e+47, '_a2_': 6.731078847224064e+47, '_a3_': -0.3339711581738793, '_a6_': 0.365464803863101, '_a1_': 1.0, '_a4_': 1.0, '_a5_': 1.0, '_a7_': 1.0}};{'d0': 0.09102404597598747};-198.714220890248;46.29678430239217
1947;-53.0603261427319;exp(((log(_a6_) / ((_a0_ / (_a2_ * -(_a6_))) + x1)) + -(_a3_)));{'d0': {'_a0_': -4.8145811925918856e+47, '_a2_': 6.731078847224064e+47, '_a3_': -0.3339711581738793, '_a6_': 0.365464803863101, '_a1_': 1.0, '_a4_': 1.0, '_a5_': 1.0, '_a7_': 1.0}};{'d0': 0.09102404597598747};-198.714220890248;46.29678430239217
1948;-53.0603261427319;exp(((log(_a6_) / ((_a0_ / (_a2_ * -(_a6_))) + x1)) + -(_a3_)));{'d0': {'_a0_': -4.8145811925918856e+47, '_a2_': 6.731078847224064e+47, '_a3_': -0.3339711581738793, '_a6_': 0.365464803863101, '_a1_': 1.0, '_a4_': 1.0, '_a5_': 1.0, '_a7_': 1.0}};{'d0': 0.09102404597598747};-198.714220890248;46.29678430239217
1949;-53.0603261427319;exp(((log(_a6_) / ((_a0_ / (_a2_ * -(_a6_))) + x1)) + -(_a3_)));{'d0': {'_a0_': -4.8145811925918856e+47, '_a2_': 6.731078847224064e+47, '_a3_': -0.3339711581738793, '_a6_': 0.365464803863101, '_a1_': 1.0, '_a4_': 1.0, '_a5_': 1.0, '_a7_': 1.0}};{'d0': 0.09102404597598747};-198.714220890248;46.29678430239217
1950;-53.0603261427319;exp(((log(_a6_) / ((_a0_ / (_a2_ * -(_a6_))) + x1)) + -(_a3_)));{'d0': {'_a0_': -4.8145811925918856e+47, '_a2_': 6.731078847224064e+47, '_a3_': -0.3339711581738793, '_a6_': 0.365464803863101, '_a1_': 1.0, '_a4_': 1.0, '_a5_': 1.0, '_a7_': 1.0}};{'d0': 0.09102404597598747};-198.714220890248;46.29678430239217
1951;-53.0603261427319;exp(((log(_a6_) / ((_a0_ / (_a2_ * -(_a6_))) + x1)) + -(_a3_)));{'d0': {'_a0_': -4.8145811925918856e+47, '_a2_': 6.731078847224064e+47, '_a3_': -0.3339711581738793, '_a6_': 0.365464803863101, '_a1_': 1.0, '_a4_': 1.0, '_a5_': 1.0, '_a7_': 1.0}};{'d0': 0.09102404597598747};-198.714220890248;46.29678430239217
1952;-53.0603261427319;exp(((log(_a6_) / ((_a0_ / (_a2_ * -(_a6_))) + x1)) + -(_a3_)));{'d0': {'_a0_': -4.8145811925918856e+47, '_a2_': 6.731078847224064e+47, '_a3_': -0.3339711581738793, '_a6_': 0.365464803863101, '_a1_': 1.0, '_a4_': 1.0, '_a5_': 1.0, '_a7_': 1.0}};{'d0': 0.09102404597598747};-198.714220890248;46.29678430239217
1953;-53.0603261427319;exp(((log(_a6_) / ((_a0_ / (_a2_ * -(_a6_))) + x1)) + -(_a3_)));{'d0': {'_a0_': -4.8145811925918856e+47, '_a2_': 6.731078847224064e+47, '_a3_': -0.3339711581738793, '_a6_': 0.365464803863101, '_a1_': 1.0, '_a4_': 1.0, '_a5_': 1.0, '_a7_': 1.0}};{'d0': 0.09102404597598747};-198.714220890248;46.29678430239217
1954;-53.0603261427319;exp(((log(_a6_) / ((_a0_ / (_a2_ * -(_a6_))) + x1)) + -(_a3_)));{'d0': {'_a0_': -4.8145811925918856e+47, '_a2_': 6.731078847224064e+47, '_a3_': -0.3339711581738793, '_a6_': 0.365464803863101, '_a1_': 1.0, '_a4_': 1.0, '_a5_': 1.0, '_a7_': 1.0}};{'d0': 0.09102404597598747};-198.714220890248;46.29678430239217
1955;-53.0603261427319;exp(((log(_a6_) / ((_a0_ / (_a2_ * -(_a6_))) + x1)) + -(_a3_)));{'d0': {'_a0_': -4.8145811925918856e+47, '_a2_': 6.731078847224064e+47, '_a3_': -0.3339711581738793, '_a6_': 0.365464803863101, '_a1_': 1.0, '_a4_': 1.0, '_a5_': 1.0, '_a7_': 1.0}};{'d0': 0.09102404597598747};-198.714220890248;46.29678430239217
1956;-53.0603261427319;exp(((log(_a6_) / ((_a0_ / (_a2_ * -(_a6_))) + x1)) + -(_a3_)));{'d0': {'_a0_': -4.8145811925918856e+47, '_a2_': 6.731078847224064e+47, '_a3_': -0.3339711581738793, '_a6_': 0.365464803863101, '_a1_': 1.0, '_a4_': 1.0, '_a5_': 1.0, '_a7_': 1.0}};{'d0': 0.09102404597598747};-198.714220890248;46.29678430239217
1957;-53.0603261427319;exp(((log(_a6_) / ((_a0_ / (_a2_ * -(_a6_))) + x1)) + -(_a3_)));{'d0': {'_a0_': -4.8145811925918856e+47, '_a2_': 6.731078847224064e+47, '_a3_': -0.3339711581738793, '_a6_': 0.365464803863101, '_a1_': 1.0, '_a4_': 1.0, '_a5_': 1.0, '_a7_': 1.0}};{'d0': 0.09102404597598747};-198.714220890248;46.29678430239217
1958;-53.0603261427319;exp(((log(_a6_) / ((_a0_ / (_a2_ * -(_a6_))) + x1)) + -(_a3_)));{'d0': {'_a0_': -4.8145811925918856e+47, '_a2_': 6.731078847224064e+47, '_a3_': -0.3339711581738793, '_a6_': 0.365464803863101, '_a1_': 1.0, '_a4_': 1.0, '_a5_': 1.0, '_a7_': 1.0}};{'d0': 0.09102404597598747};-198.714220890248;46.29678430239217
1959;-53.0603261427319;exp(((log(_a6_) / ((_a0_ / (_a2_ * -(_a6_))) + x1)) + -(_a3_)));{'d0': {'_a0_': -4.8145811925918856e+47, '_a2_': 6.731078847224064e+47, '_a3_': -0.3339711581738793, '_a6_': 0.365464803863101, '_a1_': 1.0, '_a4_': 1.0, '_a5_': 1.0, '_a7_': 1.0}};{'d0': 0.09102404597598747};-198.714220890248;46.29678430239217
1960;-53.0603261427319;exp(((log(_a6_) / ((_a0_ / (_a2_ * -(_a6_))) + x1)) + -(_a3_)));{'d0': {'_a0_': -4.8145811925918856e+47, '_a2_': 6.731078847224064e+47, '_a3_': -0.3339711581738793, '_a6_': 0.365464803863101, '_a1_': 1.0, '_a4_': 1.0, '_a5_': 1.0, '_a7_': 1.0}};{'d0': 0.09102404597598747};-198.714220890248;46.29678430239217
1961;-53.0603261427319;exp(((log(_a6_) / ((_a0_ / (_a2_ * -(_a6_))) + x1)) + -(_a3_)));{'d0': {'_a0_': -4.8145811925918856e+47, '_a2_': 6.731078847224064e+47, '_a3_': -0.3339711581738793, '_a6_': 0.365464803863101, '_a1_': 1.0, '_a4_': 1.0, '_a5_': 1.0, '_a7_': 1.0}};{'d0': 0.09102404597598747};-198.714220890248;46.29678430239217
1962;-33.4441664574912;(pow3(((cos(((x1 * (((_a4_ * _a7_) * _a6_) * _a6_)) + (_a7_ / _a4_))) * _a6_) + x1)) * (x1 + _a7_));{'d0': {'_a4_': -0.0005420124300126437, '_a6_': -3.2067734284876965, '_a7_': 55.3395305285913, '_a0_': 1.0, '_a1_': 1.0, '_a2_': 1.0, '_a3_': 1.0, '_a5_': 1.0}};{'d0': 0.09810278674183248};-198.315041839479;65.7133544622484
1963;-33.4441664574912;(pow3(((cos(((x1 * (((_a4_ * _a7_) * _a6_) * _a6_)) + (_a7_ / _a4_))) * _a6_) + x1)) * (x1 + _a7_));{'d0': {'_a4_': -0.0005420124300126437, '_a6_': -3.2067734284876965, '_a7_': 55.3395305285913, '_a0_': 1.0, '_a1_': 1.0, '_a2_': 1.0, '_a3_': 1.0, '_a5_': 1.0}};{'d0': 0.09810278674183248};-198.315041839479;65.7133544622484
1964;-33.4441664574912;(pow3(((cos(((x1 * (((_a4_ * _a7_) * _a6_) * _a6_)) + (_a7_ / _a4_))) * _a6_) + x1)) * (x1 + _a7_));{'d0': {'_a4_': -0.0005420124300126437, '_a6_': -3.2067734284876965, '_a7_': 55.3395305285913, '_a0_': 1.0, '_a1_': 1.0, '_a2_': 1.0, '_a3_': 1.0, '_a5_': 1.0}};{'d0': 0.09810278674183248};-198.315041839479;65.7133544622484
1965;-33.4441664574912;(pow3(((cos(((x1 * (((_a4_ * _a7_) * _a6_) * _a6_)) + (_a7_ / _a4_))) * _a6_) + x1)) * (x1 + _a7_));{'d0': {'_a4_': -0.0005420124300126437, '_a6_': -3.2067734284876965, '_a7_': 55.3395305285913, '_a0_': 1.0, '_a1_': 1.0, '_a2_': 1.0, '_a3_': 1.0, '_a5_': 1.0}};{'d0': 0.09810278674183248};-198.315041839479;65.7133544622484
1966;-33.4441664574912;(pow3(((cos(((x1 * (((_a4_ * _a7_) * _a6_) * _a6_)) + (_a7_ / _a4_))) * _a6_) + x1)) * (x1 + _a7_));{'d0': {'_a4_': -0.0005420124300126437, '_a6_': -3.2067734284876965, '_a7_': 55.3395305285913, '_a0_': 1.0, '_a1_': 1.0, '_a2_': 1.0, '_a3_': 1.0, '_a5_': 1.0}};{'d0': 0.09810278674183248};-198.315041839479;65.7133544622484
1967;-33.4441664574912;(pow3(((cos(((x1 * (((_a4_ * _a7_) * _a6_) * _a6_)) + (_a7_ / _a4_))) * _a6_) + x1)) * (x1 + _a7_));{'d0': {'_a4_': -0.0005420124300126437, '_a6_': -3.2067734284876965, '_a7_': 55.3395305285913, '_a0_': 1.0, '_a1_': 1.0, '_a2_': 1.0, '_a3_': 1.0, '_a5_': 1.0}};{'d0': 0.09810278674183248};-198.315041839479;65.7133544622484
1968;-33.4441664574912;(pow3(((cos(((x1 * (((_a4_ * _a7_) * _a6_) * _a6_)) + (_a7_ / _a4_))) * _a6_) + x1)) * (x1 + _a7_));{'d0': {'_a4_': -0.0005420124300126437, '_a6_': -3.2067734284876965, '_a7_': 55.3395305285913, '_a0_': 1.0, '_a1_': 1.0, '_a2_': 1.0, '_a3_': 1.0, '_a5_': 1.0}};{'d0': 0.09810278674183248};-198.315041839479;65.7133544622484
1969;-31.4038029354025;(pow3(((cos(((x1 * (((_a4_ * _a5_) * _a6_) * _a6_)) + (_a7_ / _a4_))) * _a6_) + x1)) * (x1 + _a7_));{'d0': {'_a4_': -0.0005420128351935841, '_a5_': 54.98699254161182, '_a6_': -3.2134772176679394, '_a7_': 55.33957198808994, '_a0_': 1.0, '_a1_': 1.0, '_a2_': 1.0, '_a3_': 1.0}};{'d0': 0.09808052399381155};-194.234314795302;65.7133544622484
1970;-31.4038029354025;(pow3(((cos(((x1 * (((_a4_ * _a5_) * _a6_) * _a6_)) + (_a7_ / _a4_))) * _a6_) + x1)) * (x1 + _a7_));{'d0': {'_a4_': -0.0005420128351935841, '_a5_': 54.98699254161182, '_a6_': -3.2134772176679394, '_a7_': 55.33957198808994, '_a0_': 1.0, '_a1_': 1.0, '_a2_': 1.0, '_a3_': 1.0}};{'d0': 0.09808052399381155};-194.234314795302;65.7133544622484
1971;-31.4038029354025;(pow3(((cos(((x1 * (((_a4_ * _a5_) * _a6_) * _a6_)) + (_a7_ / _a4_))) * _a6_) + x1)) * (x1 + _a7_));{'d0': {'_a4_': -0.0005420128351935841, '_a5_': 54.98699254161182, '_a6_': -3.2134772176679394, '_a7_': 55.33957198808994, '_a0_': 1.0, '_a1_': 1.0, '_a2_': 1.0, '_a3_': 1.0}};{'d0': 0.09808052399381155};-194.234314795302;65.7133544622484
1972;-31.4038029354025;(pow3(((cos(((x1 * (((_a4_ * _a5_) * _a6_) * _a6_)) + (_a7_ / _a4_))) * _a6_) + x1)) * (x1 + _a7_));{'d0': {'_a4_': -0.0005420128351935841, '_a5_': 54.98699254161182, '_a6_': -3.2134772176679394, '_a7_': 55.33957198808994, '_a0_': 1.0, '_a1_': 1.0, '_a2_': 1.0, '_a3_': 1.0}};{'d0': 0.09808052399381155};-194.234314795302;65.7133544622484
1973;-31.4038029354025;(pow3(((cos(((x1 * (((_a4_ * _a5_) * _a6_) * _a6_)) + (_a7_ / _a4_))) * _a6_) + x1)) * (x1 + _a7_));{'d0': {'_a4_': -0.0005420128351935841, '_a5_': 54.98699254161182, '_a6_': -3.2134772176679394, '_a7_': 55.33957198808994, '_a0_': 1.0, '_a1_': 1.0, '_a2_': 1.0, '_a3_': 1.0}};{'d0': 0.09808052399381155};-194.234314795302;65.7133544622484
1974;-31.4038029354025;(pow3(((cos(((x1 * (((_a4_ * _a5_) * _a6_) * _a6_)) + (_a7_ / _a4_))) * _a6_) + x1)) * (x1 + _a7_));{'d0': {'_a4_': -0.0005420128351935841, '_a5_': 54.98699254161182, '_a6_': -3.2134772176679394, '_a7_': 55.33957198808994, '_a0_': 1.0, '_a1_': 1.0, '_a2_': 1.0, '_a3_': 1.0}};{'d0': 0.09808052399381155};-194.234314795302;65.7133544622484
1975;-31.4038029354025;(pow3(((cos(((x1 * (((_a4_ * _a5_) * _a6_) * _a6_)) + (_a7_ / _a4_))) * _a6_) + x1)) * (x1 + _a7_));{'d0': {'_a4_': -0.0005420128351935841, '_a5_': 54.98699254161182, '_a6_': -3.2134772176679394, '_a7_': 55.33957198808994, '_a0_': 1.0, '_a1_': 1.0, '_a2_': 1.0, '_a3_': 1.0}};{'d0': 0.09808052399381155};-194.234314795302;65.7133544622484
1976;-31.4038029354025;(pow3(((cos(((x1 * (((_a4_ * _a5_) * _a6_) * _a6_)) + (_a7_ / _a4_))) * _a6_) + x1)) * (x1 + _a7_));{'d0': {'_a4_': -0.0005420128351935841, '_a5_': 54.98699254161182, '_a6_': -3.2134772176679394, '_a7_': 55.33957198808994, '_a0_': 1.0, '_a1_': 1.0, '_a2_': 1.0, '_a3_': 1.0}};{'d0': 0.09808052399381155};-194.234314795302;65.7133544622484
1977;-31.4038029354025;(pow3(((cos(((x1 * (((_a4_ * _a5_) * _a6_) * _a6_)) + (_a7_ / _a4_))) * _a6_) + x1)) * (x1 + _a7_));{'d0': {'_a4_': -0.0005420128351935841, '_a5_': 54.98699254161182, '_a6_': -3.2134772176679394, '_a7_': 55.33957198808994, '_a0_': 1.0, '_a1_': 1.0, '_a2_': 1.0, '_a3_': 1.0}};{'d0': 0.09808052399381155};-194.234314795302;65.7133544622484
1978;-31.4038029354025;(pow3(((cos(((x1 * (((_a4_ * _a5_) * _a6_) * _a6_)) + (_a7_ / _a4_))) * _a6_) + x1)) * (x1 + _a7_));{'d0': {'_a4_': -0.0005420128351935841, '_a5_': 54.98699254161182, '_a6_': -3.2134772176679394, '_a7_': 55.33957198808994, '_a0_': 1.0, '_a1_': 1.0, '_a2_': 1.0, '_a3_': 1.0}};{'d0': 0.09808052399381155};-194.234314795302;65.7133544622484
1979;-31.4038029354025;(pow3(((cos(((x1 * (((_a4_ * _a5_) * _a6_) * _a6_)) + (_a7_ / _a4_))) * _a6_) + x1)) * (x1 + _a7_));{'d0': {'_a4_': -0.0005420128351935841, '_a5_': 54.98699254161182, '_a6_': -3.2134772176679394, '_a7_': 55.33957198808994, '_a0_': 1.0, '_a1_': 1.0, '_a2_': 1.0, '_a3_': 1.0}};{'d0': 0.09808052399381155};-194.234314795302;65.7133544622484
1980;-31.4038029354025;(pow3(((cos(((x1 * (((_a4_ * _a5_) * _a6_) * _a6_)) + (_a7_ / _a4_))) * _a6_) + x1)) * (x1 + _a7_));{'d0': {'_a4_': -0.0005420128351935841, '_a5_': 54.98699254161182, '_a6_': -3.2134772176679394, '_a7_': 55.33957198808994, '_a0_': 1.0, '_a1_': 1.0, '_a2_': 1.0, '_a3_': 1.0}};{'d0': 0.09808052399381155};-194.234314795302;65.7133544622484
1981;-31.4038029354025;(pow3(((cos(((x1 * (((_a4_ * _a5_) * _a6_) * _a6_)) + (_a7_ / _a4_))) * _a6_) + x1)) * (x1 + _a7_));{'d0': {'_a4_': -0.0005420128351935841, '_a5_': 54.98699254161182, '_a6_': -3.2134772176679394, '_a7_': 55.33957198808994, '_a0_': 1.0, '_a1_': 1.0, '_a2_': 1.0, '_a3_': 1.0}};{'d0': 0.09808052399381155};-194.234314795302;65.7133544622484
1982;-31.4038029354025;(pow3(((cos(((x1 * (((_a4_ * _a5_) * _a6_) * _a6_)) + (_a7_ / _a4_))) * _a6_) + x1)) * (x1 + _a7_));{'d0': {'_a4_': -0.0005420128351935841, '_a5_': 54.98699254161182, '_a6_': -3.2134772176679394, '_a7_': 55.33957198808994, '_a0_': 1.0, '_a1_': 1.0, '_a2_': 1.0, '_a3_': 1.0}};{'d0': 0.09808052399381155};-194.234314795302;65.7133544622484
1983;-31.4038029354025;(pow3(((cos(((x1 * (((_a4_ * _a5_) * _a6_) * _a6_)) + (_a7_ / _a4_))) * _a6_) + x1)) * (x1 + _a7_));{'d0': {'_a4_': -0.0005420128351935841, '_a5_': 54.98699254161182, '_a6_': -3.2134772176679394, '_a7_': 55.33957198808994, '_a0_': 1.0, '_a1_': 1.0, '_a2_': 1.0, '_a3_': 1.0}};{'d0': 0.09808052399381155};-194.234314795302;65.7133544622484
1984;-31.4038029354025;(pow3(((cos(((x1 * (((_a4_ * _a5_) * _a6_) * _a6_)) + (_a7_ / _a4_))) * _a6_) + x1)) * (x1 + _a7_));{'d0': {'_a4_': -0.0005420128351935841, '_a5_': 54.98699254161182, '_a6_': -3.2134772176679394, '_a7_': 55.33957198808994, '_a0_': 1.0, '_a1_': 1.0, '_a2_': 1.0, '_a3_': 1.0}};{'d0': 0.09808052399381155};-194.234314795302;65.7133544622484
1985;-53.0603261427319;exp(((log(_a6_) / ((_a0_ / (_a2_ * -(_a6_))) + x1)) + -(_a3_)));{'d0': {'_a0_': -4.8145811925918856e+47, '_a2_': 6.731078847224064e+47, '_a3_': -0.3339711581738793, '_a6_': 0.365464803863101, '_a1_': 1.0, '_a4_': 1.0, '_a5_': 1.0, '_a7_': 1.0}};{'d0': 0.09102404597598747};-198.714220890248;46.29678430239217
1986;-53.0603261427319;exp(((log(_a6_) / ((_a0_ / (_a2_ * -(_a6_))) + x1)) + -(_a3_)));{'d0': {'_a0_': -4.8145811925918856e+47, '_a2_': 6.731078847224064e+47, '_a3_': -0.3339711581738793, '_a6_': 0.365464803863101, '_a1_': 1.0, '_a4_': 1.0, '_a5_': 1.0, '_a7_': 1.0}};{'d0': 0.09102404597598747};-198.714220890248;46.29678430239217
1987;-53.0603261427319;exp(((log(_a6_) / ((_a0_ / (_a2_ * -(_a6_))) + x1)) + -(_a3_)));{'d0': {'_a0_': -4.8145811925918856e+47, '_a2_': 6.731078847224064e+47, '_a3_': -0.3339711581738793, '_a6_': 0.365464803863101, '_a1_': 1.0, '_a4_': 1.0, '_a5_': 1.0, '_a7_': 1.0}};{'d0': 0.09102404597598747};-198.714220890248;46.29678430239217
1988;-53.0603261427319;exp(((log(_a6_) / ((_a0_ / (_a2_ * -(_a6_))) + x1)) + -(_a3_)));{'d0': {'_a0_': -4.8145811925918856e+47, '_a2_': 6.731078847224064e+47, '_a3_': -0.3339711581738793, '_a6_': 0.365464803863101, '_a1_': 1.0, '_a4_': 1.0, '_a5_': 1.0, '_a7_': 1.0}};{'d0': 0.09102404597598747};-198.714220890248;46.29678430239217
1989;-53.0603261427319;exp(((log(_a6_) / ((_a0_ / (_a2_ * -(_a6_))) + x1)) + -(_a3_)));{'d0': {'_a0_': -4.8145811925918856e+47, '_a2_': 6.731078847224064e+47, '_a3_': -0.3339711581738793, '_a6_': 0.365464803863101, '_a1_': 1.0, '_a4_': 1.0, '_a5_': 1.0, '_a7_': 1.0}};{'d0': 0.09102404597598747};-198.714220890248;46.29678430239217
1990;-53.0603261427319;exp(((log(_a6_) / ((_a0_ / (_a2_ * -(_a6_))) + x1)) + -(_a3_)));{'d0': {'_a0_': -4.8145811925918856e+47, '_a2_': 6.731078847224064e+47, '_a3_': -0.3339711581738793, '_a6_': 0.365464803863101, '_a1_': 1.0, '_a4_': 1.0, '_a5_': 1.0, '_a7_': 1.0}};{'d0': 0.09102404597598747};-198.714220890248;46.29678430239217
1991;-53.0603261427319;exp(((log(_a6_) / ((_a0_ / (_a2_ * -(_a6_))) + x1)) + -(_a3_)));{'d0': {'_a0_': -4.8145811925918856e+47, '_a2_': 6.731078847224064e+47, '_a3_': -0.3339711581738793, '_a6_': 0.365464803863101, '_a1_': 1.0, '_a4_': 1.0, '_a5_': 1.0, '_a7_': 1.0}};{'d0': 0.09102404597598747};-198.714220890248;46.29678430239217
1992;-53.0603261427319;exp(((log(_a6_) / ((_a0_ / (_a2_ * -(_a6_))) + x1)) + -(_a3_)));{'d0': {'_a0_': -4.8145811925918856e+47, '_a2_': 6.731078847224064e+47, '_a3_': -0.3339711581738793, '_a6_': 0.365464803863101, '_a1_': 1.0, '_a4_': 1.0, '_a5_': 1.0, '_a7_': 1.0}};{'d0': 0.09102404597598747};-198.714220890248;46.29678430239217
1993;-31.4038029354025;(pow3(((cos(((x1 * (((_a4_ * _a5_) * _a6_) * _a6_)) + (_a7_ / _a4_))) * _a6_) + x1)) * (x1 + _a7_));{'d0': {'_a4_': -0.0005420128351935841, '_a5_': 54.98699254161182, '_a6_': -3.2134772176679394, '_a7_': 55.33957198808994, '_a0_': 1.0, '_a1_': 1.0, '_a2_': 1.0, '_a3_': 1.0}};{'d0': 0.09808052399381155};-194.234314795302;65.7133544622484
1994;-31.4038029354025;(pow3(((cos(((x1 * (((_a4_ * _a5_) * _a6_) * _a6_)) + (_a7_ / _a4_))) * _a6_) + x1)) * (x1 + _a7_));{'d0': {'_a4_': -0.0005420128351935841, '_a5_': 54.98699254161182, '_a6_': -3.2134772176679394, '_a7_': 55.33957198808994, '_a0_': 1.0, '_a1_': 1.0, '_a2_': 1.0, '_a3_': 1.0}};{'d0': 0.09808052399381155};-194.234314795302;65.7133544622484
1995;-31.4038029354025;(pow3(((cos(((x1 * (((_a4_ * _a5_) * _a6_) * _a6_)) + (_a7_ / _a4_))) * _a6_) + x1)) * (x1 + _a7_));{'d0': {'_a4_': -0.0005420128351935841, '_a5_': 54.98699254161182, '_a6_': -3.2134772176679394, '_a7_': 55.33957198808994, '_a0_': 1.0, '_a1_': 1.0, '_a2_': 1.0, '_a3_': 1.0}};{'d0': 0.09808052399381155};-194.234314795302;65.7133544622484
1996;-31.4038029354025;(pow3(((cos(((x1 * (((_a4_ * _a5_) * _a6_) * _a6_)) + (_a7_ / _a4_))) * _a6_) + x1)) * (x1 + _a7_));{'d0': {'_a4_': -0.0005420128351935841, '_a5_': 54.98699254161182, '_a6_': -3.2134772176679394, '_a7_': 55.33957198808994, '_a0_': 1.0, '_a1_': 1.0, '_a2_': 1.0, '_a3_': 1.0}};{'d0': 0.09808052399381155};-194.234314795302;65.7133544622484
1997;-31.4038029354025;(pow3(((cos(((x1 * (((_a4_ * _a5_) * _a6_) * _a6_)) + (_a7_ / _a4_))) * _a6_) + x1)) * (x1 + _a7_));{'d0': {'_a4_': -0.0005420128351935841, '_a5_': 54.98699254161182, '_a6_': -3.2134772176679394, '_a7_': 55.33957198808994, '_a0_': 1.0, '_a1_': 1.0, '_a2_': 1.0, '_a3_': 1.0}};{'d0': 0.09808052399381155};-194.234314795302;65.7133544622484
1998;-31.4038029354025;(pow3(((cos(((x1 * (((_a4_ * _a5_) * _a6_) * _a6_)) + (_a7_ / _a4_))) * _a6_) + x1)) * (x1 + _a7_));{'d0': {'_a4_': -0.0005420128351935841, '_a5_': 54.98699254161182, '_a6_': -3.2134772176679394, '_a7_': 55.33957198808994, '_a0_': 1.0, '_a1_': 1.0, '_a2_': 1.0, '_a3_': 1.0}};{'d0': 0.09808052399381155};-194.234314795302;65.7133544622484
1999;-31.4038029354025;(pow3(((cos(((x1 * (((_a4_ * _a5_) * _a6_) * _a6_)) + (_a7_ / _a4_))) * _a6_) + x1)) * (x1 + _a7_));{'d0': {'_a4_': -0.0005420128351935841, '_a5_': 54.98699254161182, '_a6_': -3.2134772176679394, '_a7_': 55.33957198808994, '_a0_': 1.0, '_a1_': 1.0, '_a2_': 1.0, '_a3_': 1.0}};{'d0': 0.09808052399381155};-194.234314795302;65.7133544622484
2000;-31.4038029354025;(pow3(((cos(((x1 * (((_a4_ * _a5_) * _a6_) * _a6_)) + (_a7_ / _a4_))) * _a6_) + x1)) * (x1 + _a7_));{'d0': {'_a4_': -0.0005420128351935841, '_a5_': 54.98699254161182, '_a6_': -3.2134772176679394, '_a7_': 55.33957198808994, '_a0_': 1.0, '_a1_': 1.0, '_a2_': 1.0, '_a3_': 1.0}};{'d0': 0.09808052399381155};-194.234314795302;65.7133544622484
2001;-31.4038029354025;(pow3(((cos(((x1 * (((_a4_ * _a5_) * _a6_) * _a6_)) + (_a7_ / _a4_))) * _a6_) + x1)) * (x1 + _a7_));{'d0': {'_a4_': -0.0005420128351935841, '_a5_': 54.98699254161182, '_a6_': -3.2134772176679394, '_a7_': 55.33957198808994, '_a0_': 1.0, '_a1_': 1.0, '_a2_': 1.0, '_a3_': 1.0}};{'d0': 0.09808052399381155};-194.234314795302;65.7133544622484
2002;-31.4038029354025;(pow3(((cos(((x1 * (((_a4_ * _a5_) * _a6_) * _a6_)) + (_a7_ / _a4_))) * _a6_) + x1)) * (x1 + _a7_));{'d0': {'_a4_': -0.0005420128351935841, '_a5_': 54.98699254161182, '_a6_': -3.2134772176679394, '_a7_': 55.33957198808994, '_a0_': 1.0, '_a1_': 1.0, '_a2_': 1.0, '_a3_': 1.0}};{'d0': 0.09808052399381155};-194.234314795302;65.7133544622484
2003;-33.6068034240126;(pow2(((cos(((x1 * (((_a4_ * _a5_) * _a6_) * _a6_)) + (_a7_ / _a4_))) * _a6_) + x1)) * (x1 + _a7_));{'d0': {'_a4_': -0.0003496352270466177, '_a5_': 80.01364511966784, '_a6_': -3.282982253135991, '_a7_': 35.6978071048618, '_a0_': 1.0, '_a1_': 1.0, '_a2_': 1.0, '_a3_': 1.0}};{'d0': 0.10036903246148138};-192.850420592922;62.818406872448406
2004;-33.6068034240126;(pow2(((cos(((x1 * (((_a4_ * _a5_) * _a6_) * _a6_)) + (_a7_ / _a4_))) * _a6_) + x1)) * (x1 + _a7_));{'d0': {'_a4_': -0.0003496352270466177, '_a5_': 80.01364511966784, '_a6_': -3.282982253135991, '_a7_': 35.6978071048618, '_a0_': 1.0, '_a1_': 1.0, '_a2_': 1.0, '_a3_': 1.0}};{'d0': 0.10036903246148138};-192.850420592922;62.818406872448406
2005;-39.3912722114477;(pow2(((cos(((x1 * (((_a4_ * _a5_) * _a6_) * _a6_)) + (_a7_ / _a4_))) * _a6_) + x1)) * _a1_);{'d0': {'_a1_': 14.03455882525459, '_a4_': -0.00034963529490192113, '_a5_': 122.63906495891707, '_a6_': -2.8370964542449877, '_a7_': 35.69780017664286, '_a0_': 1.0, '_a2_': 1.0, '_a3_': 1.0}};{'d0': 0.09417477685251165};-192.578156069732;56.89780582341841
2006;-39.3912722114477;(pow2(((cos(((x1 * (((_a4_ * _a5_) * _a6_) * _a6_)) + (_a7_ / _a4_))) * _a6_) + x1)) * _a1_);{'d0': {'_a1_': 14.03455882525459, '_a4_': -0.00034963529490192113, '_a5_': 122.63906495891707, '_a6_': -2.8370964542449877, '_a7_': 35.69780017664286, '_a0_': 1.0, '_a2_': 1.0, '_a3_': 1.0}};{'d0': 0.09417477685251165};-192.578156069732;56.89780582341841
2007;-39.3912722114477;(pow2(((cos(((x1 * (((_a4_ * _a5_) * _a6_) * _a6_)) + (_a7_ / _a4_))) * _a6_) + x1)) * _a1_);{'d0': {'_a1_': 14.03455882525459, '_a4_': -0.00034963529490192113, '_a5_': 122.63906495891707, '_a6_': -2.8370964542449877, '_a7_': 35.69780017664286, '_a0_': 1.0, '_a2_': 1.0, '_a3_': 1.0}};{'d0': 0.09417477685251165};-192.578156069732;56.89780582341841
2008;-39.3912722114477;(pow2(((cos(((x1 * (((_a4_ * _a5_) * _a6_) * _a6_)) + (_a7_ / _a4_))) * _a6_) + x1)) * _a1_);{'d0': {'_a1_': 14.03455882525459, '_a4_': -0.00034963529490192113, '_a5_': 122.63906495891707, '_a6_': -2.8370964542449877, '_a7_': 35.69780017664286, '_a0_': 1.0, '_a2_': 1.0, '_a3_': 1.0}};{'d0': 0.09417477685251165};-192.578156069732;56.89780582341841
2009;-39.3912722114477;(pow2(((cos(((x1 * (((_a4_ * _a5_) * _a6_) * _a6_)) + (_a7_ / _a4_))) * _a6_) + x1)) * _a1_);{'d0': {'_a1_': 14.03455882525459, '_a4_': -0.00034963529490192113, '_a5_': 122.63906495891707, '_a6_': -2.8370964542449877, '_a7_': 35.69780017664286, '_a0_': 1.0, '_a2_': 1.0, '_a3_': 1.0}};{'d0': 0.09417477685251165};-192.578156069732;56.89780582341841
2010;-39.3912722114477;(pow2(((cos(((x1 * (((_a4_ * _a5_) * _a6_) * _a6_)) + (_a7_ / _a4_))) * _a6_) + x1)) * _a1_);{'d0': {'_a1_': 14.03455882525459, '_a4_': -0.00034963529490192113, '_a5_': 122.63906495891707, '_a6_': -2.8370964542449877, '_a7_': 35.69780017664286, '_a0_': 1.0, '_a2_': 1.0, '_a3_': 1.0}};{'d0': 0.09417477685251165};-192.578156069732;56.89780582341841
2011;-39.3912722114477;(pow2(((cos(((x1 * (((_a4_ * _a5_) * _a6_) * _a6_)) + (_a7_ / _a4_))) * _a6_) + x1)) * _a1_);{'d0': {'_a1_': 14.03455882525459, '_a4_': -0.00034963529490192113, '_a5_': 122.63906495891707, '_a6_': -2.8370964542449877, '_a7_': 35.69780017664286, '_a0_': 1.0, '_a2_': 1.0, '_a3_': 1.0}};{'d0': 0.09417477685251165};-192.578156069732;56.89780582341841
2012;-38.5790012670512;(pow2(((cos(((x1 * (((_a4_ * _a5_) * _a6_) + _a6_)) + (_a7_ / _a4_))) * _a6_) + x1)) * _a1_);{'d0': {'_a1_': 12.583756971921295, '_a4_': 6.716840468456539e-05, '_a5_': -13018.28914554986, '_a6_': 2.7906936749521916, '_a7_': -6.857913106480582, '_a0_': 1.0, '_a2_': 1.0, '_a3_': 1.0}};{'d0': 0.09412997411114092};-192.606707282797;57.72435237434741
2013;-38.5790012670512;(pow2(((cos(((x1 * (((_a4_ * _a5_) * _a6_) + _a6_)) + (_a7_ / _a4_))) * _a6_) + x1)) * _a1_);{'d0': {'_a1_': 12.583756971921295, '_a4_': 6.716840468456539e-05, '_a5_': -13018.28914554986, '_a6_': 2.7906936749521916, '_a7_': -6.857913106480582, '_a0_': 1.0, '_a2_': 1.0, '_a3_': 1.0}};{'d0': 0.09412997411114092};-192.606707282797;57.72435237434741
2014;-38.5790012670512;(pow2(((cos(((x1 * (((_a4_ * _a5_) * _a6_) + _a6_)) + (_a7_ / _a4_))) * _a6_) + x1)) * _a1_);{'d0': {'_a1_': 12.583756971921295, '_a4_': 6.716840468456539e-05, '_a5_': -13018.28914554986, '_a6_': 2.7906936749521916, '_a7_': -6.857913106480582, '_a0_': 1.0, '_a2_': 1.0, '_a3_': 1.0}};{'d0': 0.09412997411114092};-192.606707282797;57.72435237434741
2015;-38.5790012670512;(pow2(((cos(((x1 * (((_a4_ * _a5_) * _a6_) + _a6_)) + (_a7_ / _a4_))) * _a6_) + x1)) * _a1_);{'d0': {'_a1_': 12.583756971921295, '_a4_': 6.716840468456539e-05, '_a5_': -13018.28914554986, '_a6_': 2.7906936749521916, '_a7_': -6.857913106480582, '_a0_': 1.0, '_a2_': 1.0, '_a3_': 1.0}};{'d0': 0.09412997411114092};-192.606707282797;57.72435237434741
2016;-38.5790012670512;(pow2(((cos(((x1 * (((_a4_ * _a5_) * _a6_) + _a6_)) + (_a7_ / _a4_))) * _a6_) + x1)) * _a1_);{'d0': {'_a1_': 12.583756971921295, '_a4_': 6.716840468456539e-05, '_a5_': -13018.28914554986, '_a6_': 2.7906936749521916, '_a7_': -6.857913106480582, '_a0_': 1.0, '_a2_': 1.0, '_a3_': 1.0}};{'d0': 0.09412997411114092};-192.606707282797;57.72435237434741
2017;-38.5790012670512;(pow2(((cos(((x1 * (((_a4_ * _a5_) * _a6_) + _a6_)) + (_a7_ / _a4_))) * _a6_) + x1)) * _a1_);{'d0': {'_a1_': 12.583756971921295, '_a4_': 6.716840468456539e-05, '_a5_': -13018.28914554986, '_a6_': 2.7906936749521916, '_a7_': -6.857913106480582, '_a0_': 1.0, '_a2_': 1.0, '_a3_': 1.0}};{'d0': 0.09412997411114092};-192.606707282797;57.72435237434741
2018;-38.5790012670512;(pow2(((cos(((x1 * (((_a4_ * _a5_) * _a6_) + _a6_)) + (_a7_ / _a4_))) * _a6_) + x1)) * _a1_);{'d0': {'_a1_': 12.583756971921295, '_a4_': 6.716840468456539e-05, '_a5_': -13018.28914554986, '_a6_': 2.7906936749521916, '_a7_': -6.857913106480582, '_a0_': 1.0, '_a2_': 1.0, '_a3_': 1.0}};{'d0': 0.09412997411114092};-192.606707282797;57.72435237434741
2019;-38.5790012670512;(pow2(((cos(((x1 * (((_a4_ * _a5_) * _a6_) + _a6_)) + (_a7_ / _a4_))) * _a6_) + x1)) * _a1_);{'d0': {'_a1_': 12.583756971921295, '_a4_': 6.716840468456539e-05, '_a5_': -13018.28914554986, '_a6_': 2.7906936749521916, '_a7_': -6.857913106480582, '_a0_': 1.0, '_a2_': 1.0, '_a3_': 1.0}};{'d0': 0.09412997411114092};-192.606707282797;57.72435237434741
2020;-38.5790012670512;(pow2(((cos(((x1 * (((_a4_ * _a5_) * _a6_) + _a6_)) + (_a7_ / _a4_))) * _a6_) + x1)) * _a1_);{'d0': {'_a1_': 12.583756971921295, '_a4_': 6.716840468456539e-05, '_a5_': -13018.28914554986, '_a6_': 2.7906936749521916, '_a7_': -6.857913106480582, '_a0_': 1.0, '_a2_': 1.0, '_a3_': 1.0}};{'d0': 0.09412997411114092};-192.606707282797;57.72435237434741
2021;-73.2837508155562;sin(exp((pow2((cosh(x1) * _a5_)) * x1)));{'d0': {'_a5_': 0.5099174669231549, '_a0_': 1.0, '_a1_': 1.0, '_a2_': 1.0, '_a3_': 1.0, '_a4_': 1.0, '_a6_': 1.0, '_a7_': 1.0}};{'d0': 0.08521371063174711};-214.954936735465;34.1937175521765
2022;-73.2837508155562;sin(exp((pow2((cosh(x1) * _a5_)) * x1)));{'d0': {'_a5_': 0.5099174669231549, '_a0_': 1.0, '_a1_': 1.0, '_a2_': 1.0, '_a3_': 1.0, '_a4_': 1.0, '_a6_': 1.0, '_a7_': 1.0}};{'d0': 0.08521371063174711};-214.954936735465;34.1937175521765
2023;-73.2837508155562;sin(exp((pow2((cosh(x1) * _a5_)) * x1)));{'d0': {'_a5_': 0.5099174669231549, '_a0_': 1.0, '_a1_': 1.0, '_a2_': 1.0, '_a3_': 1.0, '_a4_': 1.0, '_a6_': 1.0, '_a7_': 1.0}};{'d0': 0.08521371063174711};-214.954936735465;34.1937175521765
2024;-73.2837508155562;sin(exp((pow2((cosh(x1) * _a5_)) * x1)));{'d0': {'_a5_': 0.5099174669231549, '_a0_': 1.0, '_a1_': 1.0, '_a2_': 1.0, '_a3_': 1.0, '_a4_': 1.0, '_a6_': 1.0, '_a7_': 1.0}};{'d0': 0.08521371063174711};-214.954936735465;34.1937175521765
2025;-73.2837508155562;sin(exp((pow2((cosh(x1) * _a5_)) * x1)));{'d0': {'_a5_': 0.5099174669231549, '_a0_': 1.0, '_a1_': 1.0, '_a2_': 1.0, '_a3_': 1.0, '_a4_': 1.0, '_a6_': 1.0, '_a7_': 1.0}};{'d0': 0.08521371063174711};-214.954936735465;34.1937175521765
2026;-73.2837508155562;sin(exp((pow2((cosh(x1) * _a5_)) * x1)));{'d0': {'_a5_': 0.5099174669231549, '_a0_': 1.0, '_a1_': 1.0, '_a2_': 1.0, '_a3_': 1.0, '_a4_': 1.0, '_a6_': 1.0, '_a7_': 1.0}};{'d0': 0.08521371063174711};-214.954936735465;34.1937175521765
2027;-73.2837508155562;sin(exp((pow2((cosh(x1) * _a5_)) * x1)));{'d0': {'_a5_': 0.5099174669231549, '_a0_': 1.0, '_a1_': 1.0, '_a2_': 1.0, '_a3_': 1.0, '_a4_': 1.0, '_a6_': 1.0, '_a7_': 1.0}};{'d0': 0.08521371063174711};-214.954936735465;34.1937175521765
2028;-73.2837508155562;sin(exp((pow2((cosh(x1) * _a5_)) * x1)));{'d0': {'_a5_': 0.5099174669231549, '_a0_': 1.0, '_a1_': 1.0, '_a2_': 1.0, '_a3_': 1.0, '_a4_': 1.0, '_a6_': 1.0, '_a7_': 1.0}};{'d0': 0.08521371063174711};-214.954936735465;34.1937175521765
2029;-73.2837508155562;sin(exp((pow2((cosh(x1) * _a5_)) * x1)));{'d0': {'_a5_': 0.5099174669231549, '_a0_': 1.0, '_a1_': 1.0, '_a2_': 1.0, '_a3_': 1.0, '_a4_': 1.0, '_a6_': 1.0, '_a7_': 1.0}};{'d0': 0.08521371063174711};-214.954936735465;34.1937175521765
2030;-73.2837508155562;sin(exp((pow2((cosh(x1) * _a5_)) * x1)));{'d0': {'_a5_': 0.5099174669231549, '_a0_': 1.0, '_a1_': 1.0, '_a2_': 1.0, '_a3_': 1.0, '_a4_': 1.0, '_a6_': 1.0, '_a7_': 1.0}};{'d0': 0.08521371063174711};-214.954936735465;34.1937175521765
2031;-73.2837508155562;sin(exp((pow2((cosh(x1) * _a5_)) * x1)));{'d0': {'_a5_': 0.5099174669231549, '_a0_': 1.0, '_a1_': 1.0, '_a2_': 1.0, '_a3_': 1.0, '_a4_': 1.0, '_a6_': 1.0, '_a7_': 1.0}};{'d0': 0.08521371063174711};-214.954936735465;34.1937175521765
2032;-73.2837508155562;sin(exp((pow2((cosh(x1) * _a5_)) * x1)));{'d0': {'_a5_': 0.5099174669231549, '_a0_': 1.0, '_a1_': 1.0, '_a2_': 1.0, '_a3_': 1.0, '_a4_': 1.0, '_a6_': 1.0, '_a7_': 1.0}};{'d0': 0.08521371063174711};-214.954936735465;34.1937175521765
2033;-73.2837508155562;sin(exp((pow2((cosh(x1) * _a5_)) * x1)));{'d0': {'_a5_': 0.5099174669231549, '_a0_': 1.0, '_a1_': 1.0, '_a2_': 1.0, '_a3_': 1.0, '_a4_': 1.0, '_a6_': 1.0, '_a7_': 1.0}};{'d0': 0.08521371063174711};-214.954936735465;34.1937175521765
2034;-73.2837508155562;sin(exp((pow2((cosh(x1) * _a5_)) * x1)));{'d0': {'_a5_': 0.5099174669231549, '_a0_': 1.0, '_a1_': 1.0, '_a2_': 1.0, '_a3_': 1.0, '_a4_': 1.0, '_a6_': 1.0, '_a7_': 1.0}};{'d0': 0.08521371063174711};-214.954936735465;34.1937175521765
2035;-73.2837508155562;sin(exp((pow2((cosh(x1) * _a5_)) * x1)));{'d0': {'_a5_': 0.5099174669231549, '_a0_': 1.0, '_a1_': 1.0, '_a2_': 1.0, '_a3_': 1.0, '_a4_': 1.0, '_a6_': 1.0, '_a7_': 1.0}};{'d0': 0.08521371063174711};-214.954936735465;34.1937175521765
2036;-73.2837508155562;sin(exp((pow2((cosh(x1) * _a5_)) * x1)));{'d0': {'_a5_': 0.5099174669231549, '_a0_': 1.0, '_a1_': 1.0, '_a2_': 1.0, '_a3_': 1.0, '_a4_': 1.0, '_a6_': 1.0, '_a7_': 1.0}};{'d0': 0.08521371063174711};-214.954936735465;34.1937175521765
2037;-73.2837508155562;sin(exp((pow2((cosh(x1) * _a5_)) * x1)));{'d0': {'_a5_': 0.5099174669231549, '_a0_': 1.0, '_a1_': 1.0, '_a2_': 1.0, '_a3_': 1.0, '_a4_': 1.0, '_a6_': 1.0, '_a7_': 1.0}};{'d0': 0.08521371063174711};-214.954936735465;34.1937175521765
2038;-73.2837508155562;sin(exp((pow2((cosh(x1) * _a5_)) * x1)));{'d0': {'_a5_': 0.5099174669231549, '_a0_': 1.0, '_a1_': 1.0, '_a2_': 1.0, '_a3_': 1.0, '_a4_': 1.0, '_a6_': 1.0, '_a7_': 1.0}};{'d0': 0.08521371063174711};-214.954936735465;34.1937175521765
2039;-73.2837508155562;sin(exp((pow2((cosh(x1) * _a5_)) * x1)));{'d0': {'_a5_': 0.5099174669231549, '_a0_': 1.0, '_a1_': 1.0, '_a2_': 1.0, '_a3_': 1.0, '_a4_': 1.0, '_a6_': 1.0, '_a7_': 1.0}};{'d0': 0.08521371063174711};-214.954936735465;34.1937175521765
2040;-73.2837508155562;sin(exp((pow2((cosh(x1) * _a5_)) * x1)));{'d0': {'_a5_': 0.5099174669231549, '_a0_': 1.0, '_a1_': 1.0, '_a2_': 1.0, '_a3_': 1.0, '_a4_': 1.0, '_a6_': 1.0, '_a7_': 1.0}};{'d0': 0.08521371063174711};-214.954936735465;34.1937175521765
2041;-73.2837508155562;sin(exp((pow2((cosh(x1) * _a5_)) * x1)));{'d0': {'_a5_': 0.5099174669231549, '_a0_': 1.0, '_a1_': 1.0, '_a2_': 1.0, '_a3_': 1.0, '_a4_': 1.0, '_a6_': 1.0, '_a7_': 1.0}};{'d0': 0.08521371063174711};-214.954936735465;34.1937175521765
2042;-73.2837508155562;sin(exp((pow2((cosh(x1) * _a5_)) * x1)));{'d0': {'_a5_': 0.5099174669231549, '_a0_': 1.0, '_a1_': 1.0, '_a2_': 1.0, '_a3_': 1.0, '_a4_': 1.0, '_a6_': 1.0, '_a7_': 1.0}};{'d0': 0.08521371063174711};-214.954936735465;34.1937175521765
2043;-73.2837508155562;sin(exp((pow2((cosh(x1) * _a5_)) * x1)));{'d0': {'_a5_': 0.5099174669231549, '_a0_': 1.0, '_a1_': 1.0, '_a2_': 1.0, '_a3_': 1.0, '_a4_': 1.0, '_a6_': 1.0, '_a7_': 1.0}};{'d0': 0.08521371063174711};-214.954936735465;34.1937175521765
2044;-73.2837508155562;sin(exp((pow2((cosh(x1) * _a5_)) * x1)));{'d0': {'_a5_': 0.5099174669231549, '_a0_': 1.0, '_a1_': 1.0, '_a2_': 1.0, '_a3_': 1.0, '_a4_': 1.0, '_a6_': 1.0, '_a7_': 1.0}};{'d0': 0.08521371063174711};-214.954936735465;34.1937175521765
2045;-73.2837508155562;sin(exp((pow2((cosh(x1) * _a5_)) * x1)));{'d0': {'_a5_': 0.5099174669231549, '_a0_': 1.0, '_a1_': 1.0, '_a2_': 1.0, '_a3_': 1.0, '_a4_': 1.0, '_a6_': 1.0, '_a7_': 1.0}};{'d0': 0.08521371063174711};-214.954936735465;34.1937175521765
2046;-73.2837508155562;sin(exp((pow2((cosh(x1) * _a5_)) * x1)));{'d0': {'_a5_': 0.5099174669231549, '_a0_': 1.0, '_a1_': 1.0, '_a2_': 1.0, '_a3_': 1.0, '_a4_': 1.0, '_a6_': 1.0, '_a7_': 1.0}};{'d0': 0.08521371063174711};-214.954936735465;34.1937175521765
2047;-73.2837508155562;sin(exp((pow2((cosh(x1) * _a5_)) * x1)));{'d0': {'_a5_': 0.5099174669231549, '_a0_': 1.0, '_a1_': 1.0, '_a2_': 1.0, '_a3_': 1.0, '_a4_': 1.0, '_a6_': 1.0, '_a7_': 1.0}};{'d0': 0.08521371063174711};-214.954936735465;34.1937175521765
2048;-73.2837508155562;sin(exp((pow2((cosh(x1) * _a5_)) * x1)));{'d0': {'_a5_': 0.5099174669231549, '_a0_': 1.0, '_a1_': 1.0, '_a2_': 1.0, '_a3_': 1.0, '_a4_': 1.0, '_a6_': 1.0, '_a7_': 1.0}};{'d0': 0.08521371063174711};-214.954936735465;34.1937175521765
2049;-73.2837508155562;sin(exp((pow2((cosh(x1) * _a5_)) * x1)));{'d0': {'_a5_': 0.5099174669231549, '_a0_': 1.0, '_a1_': 1.0, '_a2_': 1.0, '_a3_': 1.0, '_a4_': 1.0, '_a6_': 1.0, '_a7_': 1.0}};{'d0': 0.08521371063174711};-214.954936735465;34.1937175521765
2050;-73.2837508155562;sin(exp((pow2((cosh(x1) * _a5_)) * x1)));{'d0': {'_a5_': 0.5099174669231549, '_a0_': 1.0, '_a1_': 1.0, '_a2_': 1.0, '_a3_': 1.0, '_a4_': 1.0, '_a6_': 1.0, '_a7_': 1.0}};{'d0': 0.08521371063174711};-214.954936735465;34.1937175521765
2051;-73.2837508155562;sin(exp((pow2((cosh(x1) * _a5_)) * x1)));{'d0': {'_a5_': 0.5099174669231549, '_a0_': 1.0, '_a1_': 1.0, '_a2_': 1.0, '_a3_': 1.0, '_a4_': 1.0, '_a6_': 1.0, '_a7_': 1.0}};{'d0': 0.08521371063174711};-214.954936735465;34.1937175521765
2052;-73.2837508155562;sin(exp((pow2((cosh(x1) * _a5_)) * x1)));{'d0': {'_a5_': 0.5099174669231549, '_a0_': 1.0, '_a1_': 1.0, '_a2_': 1.0, '_a3_': 1.0, '_a4_': 1.0, '_a6_': 1.0, '_a7_': 1.0}};{'d0': 0.08521371063174711};-214.954936735465;34.1937175521765
2053;-73.2837508155562;sin(exp((pow2((cosh(x1) * _a5_)) * x1)));{'d0': {'_a5_': 0.5099174669231549, '_a0_': 1.0, '_a1_': 1.0, '_a2_': 1.0, '_a3_': 1.0, '_a4_': 1.0, '_a6_': 1.0, '_a7_': 1.0}};{'d0': 0.08521371063174711};-214.954936735465;34.1937175521765
2054;-73.2837508155562;sin(exp((pow2((cosh(x1) * _a5_)) * x1)));{'d0': {'_a5_': 0.5099174669231549, '_a0_': 1.0, '_a1_': 1.0, '_a2_': 1.0, '_a3_': 1.0, '_a4_': 1.0, '_a6_': 1.0, '_a7_': 1.0}};{'d0': 0.08521371063174711};-214.954936735465;34.1937175521765
2055;-73.2837508155562;sin(exp((pow2((cosh(x1) * _a5_)) * x1)));{'d0': {'_a5_': 0.5099174669231549, '_a0_': 1.0, '_a1_': 1.0, '_a2_': 1.0, '_a3_': 1.0, '_a4_': 1.0, '_a6_': 1.0, '_a7_': 1.0}};{'d0': 0.08521371063174711};-214.954936735465;34.1937175521765
2056;-73.2837508155562;sin(exp((pow2((cosh(x1) * _a5_)) * x1)));{'d0': {'_a5_': 0.5099174669231549, '_a0_': 1.0, '_a1_': 1.0, '_a2_': 1.0, '_a3_': 1.0, '_a4_': 1.0, '_a6_': 1.0, '_a7_': 1.0}};{'d0': 0.08521371063174711};-214.954936735465;34.1937175521765
2057;-73.2837508155562;sin(exp((pow2((cosh(x1) * _a5_)) * x1)));{'d0': {'_a5_': 0.5099174669231549, '_a0_': 1.0, '_a1_': 1.0, '_a2_': 1.0, '_a3_': 1.0, '_a4_': 1.0, '_a6_': 1.0, '_a7_': 1.0}};{'d0': 0.08521371063174711};-214.954936735465;34.1937175521765
2058;-73.2837508155562;sin(exp((pow2((cosh(x1) * _a5_)) * x1)));{'d0': {'_a5_': 0.5099174669231549, '_a0_': 1.0, '_a1_': 1.0, '_a2_': 1.0, '_a3_': 1.0, '_a4_': 1.0, '_a6_': 1.0, '_a7_': 1.0}};{'d0': 0.08521371063174711};-214.954936735465;34.1937175521765
2059;-73.2837508155562;sin(exp((pow2((cosh(x1) * _a5_)) * x1)));{'d0': {'_a5_': 0.5099174669231549, '_a0_': 1.0, '_a1_': 1.0, '_a2_': 1.0, '_a3_': 1.0, '_a4_': 1.0, '_a6_': 1.0, '_a7_': 1.0}};{'d0': 0.08521371063174711};-214.954936735465;34.1937175521765
2060;-73.2837508155562;sin(exp((pow2((cosh(x1) * _a5_)) * x1)));{'d0': {'_a5_': 0.5099174669231549, '_a0_': 1.0, '_a1_': 1.0, '_a2_': 1.0, '_a3_': 1.0, '_a4_': 1.0, '_a6_': 1.0, '_a7_': 1.0}};{'d0': 0.08521371063174711};-214.954936735465;34.1937175521765
2061;-73.2837508155562;sin(exp((pow2((cosh(x1) * _a5_)) * x1)));{'d0': {'_a5_': 0.5099174669231549, '_a0_': 1.0, '_a1_': 1.0, '_a2_': 1.0, '_a3_': 1.0, '_a4_': 1.0, '_a6_': 1.0, '_a7_': 1.0}};{'d0': 0.08521371063174711};-214.954936735465;34.1937175521765
2062;-73.2837508155562;sin(exp((pow2((cosh(x1) * _a5_)) * x1)));{'d0': {'_a5_': 0.5099174669231549, '_a0_': 1.0, '_a1_': 1.0, '_a2_': 1.0, '_a3_': 1.0, '_a4_': 1.0, '_a6_': 1.0, '_a7_': 1.0}};{'d0': 0.08521371063174711};-214.954936735465;34.1937175521765
2063;-73.2837508155562;sin(exp((pow2((cosh(x1) * _a5_)) * x1)));{'d0': {'_a5_': 0.5099174669231549, '_a0_': 1.0, '_a1_': 1.0, '_a2_': 1.0, '_a3_': 1.0, '_a4_': 1.0, '_a6_': 1.0, '_a7_': 1.0}};{'d0': 0.08521371063174711};-214.954936735465;34.1937175521765
2064;-73.2837508155562;sin(exp((pow2((cosh(x1) * _a5_)) * x1)));{'d0': {'_a5_': 0.5099174669231549, '_a0_': 1.0, '_a1_': 1.0, '_a2_': 1.0, '_a3_': 1.0, '_a4_': 1.0, '_a6_': 1.0, '_a7_': 1.0}};{'d0': 0.08521371063174711};-214.954936735465;34.1937175521765
2065;-73.2837508155562;sin(exp((pow2((cosh(x1) * _a5_)) * x1)));{'d0': {'_a5_': 0.5099174669231549, '_a0_': 1.0, '_a1_': 1.0, '_a2_': 1.0, '_a3_': 1.0, '_a4_': 1.0, '_a6_': 1.0, '_a7_': 1.0}};{'d0': 0.08521371063174711};-214.954936735465;34.1937175521765
2066;-73.2837508155562;sin(exp((pow2((cosh(x1) * _a5_)) * x1)));{'d0': {'_a5_': 0.5099174669231549, '_a0_': 1.0, '_a1_': 1.0, '_a2_': 1.0, '_a3_': 1.0, '_a4_': 1.0, '_a6_': 1.0, '_a7_': 1.0}};{'d0': 0.08521371063174711};-214.954936735465;34.1937175521765
2067;-73.2837508155562;sin(exp((pow2((cosh(x1) * _a5_)) * x1)));{'d0': {'_a5_': 0.5099174669231549, '_a0_': 1.0, '_a1_': 1.0, '_a2_': 1.0, '_a3_': 1.0, '_a4_': 1.0, '_a6_': 1.0, '_a7_': 1.0}};{'d0': 0.08521371063174711};-214.954936735465;34.1937175521765
2068;-73.2837508155562;sin(exp((pow2((cosh(x1) * _a5_)) * x1)));{'d0': {'_a5_': 0.5099174669231549, '_a0_': 1.0, '_a1_': 1.0, '_a2_': 1.0, '_a3_': 1.0, '_a4_': 1.0, '_a6_': 1.0, '_a7_': 1.0}};{'d0': 0.08521371063174711};-214.954936735465;34.1937175521765
2069;-73.2837508155562;sin(exp((pow2((cosh(x1) * _a5_)) * x1)));{'d0': {'_a5_': 0.5099174669231549, '_a0_': 1.0, '_a1_': 1.0, '_a2_': 1.0, '_a3_': 1.0, '_a4_': 1.0, '_a6_': 1.0, '_a7_': 1.0}};{'d0': 0.08521371063174711};-214.954936735465;34.1937175521765
2070;-73.2837508155562;sin(exp((pow2((cosh(x1) * _a5_)) * x1)));{'d0': {'_a5_': 0.5099174669231549, '_a0_': 1.0, '_a1_': 1.0, '_a2_': 1.0, '_a3_': 1.0, '_a4_': 1.0, '_a6_': 1.0, '_a7_': 1.0}};{'d0': 0.08521371063174711};-214.954936735465;34.1937175521765
2071;-73.2837508155562;sin(exp((pow2((cosh(x1) * _a5_)) * x1)));{'d0': {'_a5_': 0.5099174669231549, '_a0_': 1.0, '_a1_': 1.0, '_a2_': 1.0, '_a3_': 1.0, '_a4_': 1.0, '_a6_': 1.0, '_a7_': 1.0}};{'d0': 0.08521371063174711};-214.954936735465;34.1937175521765
2072;-73.2837508155562;sin(exp((pow2((cosh(x1) * _a5_)) * x1)));{'d0': {'_a5_': 0.5099174669231549, '_a0_': 1.0, '_a1_': 1.0, '_a2_': 1.0, '_a3_': 1.0, '_a4_': 1.0, '_a6_': 1.0, '_a7_': 1.0}};{'d0': 0.08521371063174711};-214.954936735465;34.1937175521765
2073;-73.2837508155562;sin(exp((pow2((cosh(x1) * _a5_)) * x1)));{'d0': {'_a5_': 0.5099174669231549, '_a0_': 1.0, '_a1_': 1.0, '_a2_': 1.0, '_a3_': 1.0, '_a4_': 1.0, '_a6_': 1.0, '_a7_': 1.0}};{'d0': 0.08521371063174711};-214.954936735465;34.1937175521765
2074;-73.2837508155562;sin(exp((pow2((cosh(x1) * _a5_)) * x1)));{'d0': {'_a5_': 0.5099174669231549, '_a0_': 1.0, '_a1_': 1.0, '_a2_': 1.0, '_a3_': 1.0, '_a4_': 1.0, '_a6_': 1.0, '_a7_': 1.0}};{'d0': 0.08521371063174711};-214.954936735465;34.1937175521765
2075;-73.2837508155562;sin(exp((pow2((cosh(x1) * _a5_)) * x1)));{'d0': {'_a5_': 0.5099174669231549, '_a0_': 1.0, '_a1_': 1.0, '_a2_': 1.0, '_a3_': 1.0, '_a4_': 1.0, '_a6_': 1.0, '_a7_': 1.0}};{'d0': 0.08521371063174711};-214.954936735465;34.1937175521765
2076;-73.2837508155562;sin(exp((pow2((cosh(x1) * _a5_)) * x1)));{'d0': {'_a5_': 0.5099174669231549, '_a0_': 1.0, '_a1_': 1.0, '_a2_': 1.0, '_a3_': 1.0, '_a4_': 1.0, '_a6_': 1.0, '_a7_': 1.0}};{'d0': 0.08521371063174711};-214.954936735465;34.1937175521765
2077;-73.2837508155562;sin(exp((pow2((cosh(x1) * _a5_)) * x1)));{'d0': {'_a5_': 0.5099174669231549, '_a0_': 1.0, '_a1_': 1.0, '_a2_': 1.0, '_a3_': 1.0, '_a4_': 1.0, '_a6_': 1.0, '_a7_': 1.0}};{'d0': 0.08521371063174711};-214.954936735465;34.1937175521765
2078;-73.2837508155562;sin(exp((pow2((cosh(x1) * _a5_)) * x1)));{'d0': {'_a5_': 0.5099174669231549, '_a0_': 1.0, '_a1_': 1.0, '_a2_': 1.0, '_a3_': 1.0, '_a4_': 1.0, '_a6_': 1.0, '_a7_': 1.0}};{'d0': 0.08521371063174711};-214.954936735465;34.1937175521765
2079;-73.2837508155562;sin(exp((pow2((cosh(x1) * _a5_)) * x1)));{'d0': {'_a5_': 0.5099174669231549, '_a0_': 1.0, '_a1_': 1.0, '_a2_': 1.0, '_a3_': 1.0, '_a4_': 1.0, '_a6_': 1.0, '_a7_': 1.0}};{'d0': 0.08521371063174711};-214.954936735465;34.1937175521765
2080;-73.2837508155562;sin(exp((pow2((cosh(x1) * _a5_)) * x1)));{'d0': {'_a5_': 0.5099174669231549, '_a0_': 1.0, '_a1_': 1.0, '_a2_': 1.0, '_a3_': 1.0, '_a4_': 1.0, '_a6_': 1.0, '_a7_': 1.0}};{'d0': 0.08521371063174711};-214.954936735465;34.1937175521765
2081;-73.2837508155562;sin(exp((pow2((cosh(x1) * _a5_)) * x1)));{'d0': {'_a5_': 0.5099174669231549, '_a0_': 1.0, '_a1_': 1.0, '_a2_': 1.0, '_a3_': 1.0, '_a4_': 1.0, '_a6_': 1.0, '_a7_': 1.0}};{'d0': 0.08521371063174711};-214.954936735465;34.1937175521765
2082;-73.2837508155562;sin(exp((pow2((cosh(x1) * _a5_)) * x1)));{'d0': {'_a5_': 0.5099174669231549, '_a0_': 1.0, '_a1_': 1.0, '_a2_': 1.0, '_a3_': 1.0, '_a4_': 1.0, '_a6_': 1.0, '_a7_': 1.0}};{'d0': 0.08521371063174711};-214.954936735465;34.1937175521765
2083;-73.2837508155562;sin(exp((pow2((cosh(x1) * _a5_)) * x1)));{'d0': {'_a5_': 0.5099174669231549, '_a0_': 1.0, '_a1_': 1.0, '_a2_': 1.0, '_a3_': 1.0, '_a4_': 1.0, '_a6_': 1.0, '_a7_': 1.0}};{'d0': 0.08521371063174711};-214.954936735465;34.1937175521765
2084;-73.2837508155562;sin(exp((pow2((cosh(x1) * _a5_)) * x1)));{'d0': {'_a5_': 0.5099174669231549, '_a0_': 1.0, '_a1_': 1.0, '_a2_': 1.0, '_a3_': 1.0, '_a4_': 1.0, '_a6_': 1.0, '_a7_': 1.0}};{'d0': 0.08521371063174711};-214.954936735465;34.1937175521765
2085;-73.2837508155562;sin(exp((pow2((cosh(x1) * _a5_)) * x1)));{'d0': {'_a5_': 0.5099174669231549, '_a0_': 1.0, '_a1_': 1.0, '_a2_': 1.0, '_a3_': 1.0, '_a4_': 1.0, '_a6_': 1.0, '_a7_': 1.0}};{'d0': 0.08521371063174711};-214.954936735465;34.1937175521765
2086;-41.7160806236590;(pow2(((cos(((x1 * ((_a3_ * _a6_) + _a6_)) + (_a7_ / _a0_))) / _a6_) + x1)) / _a1_);{'d0': {'_a0_': 650.0732682999417, '_a1_': 0.07828884521676811, '_a3_': -0.021824466201087137, '_a6_': -0.3573916619290304, '_a7_': 1080.4912285395235, '_a2_': 1.0, '_a4_': 1.0, '_a5_': 1.0}};{'d0': 0.09412860535117193};-192.607579759349;54.587709256015614
2087;-41.7160806236590;(pow2(((cos(((x1 * ((_a3_ * _a6_) + _a6_)) + (_a7_ / _a0_))) / _a6_) + x1)) / _a1_);{'d0': {'_a0_': 650.0732682999417, '_a1_': 0.07828884521676811, '_a3_': -0.021824466201087137, '_a6_': -0.3573916619290304, '_a7_': 1080.4912285395235, '_a2_': 1.0, '_a4_': 1.0, '_a5_': 1.0}};{'d0': 0.09412860535117193};-192.607579759349;54.587709256015614
2088;-41.7160806236590;(pow2(((cos(((x1 * ((_a3_ * _a6_) + _a6_)) + (_a7_ / _a0_))) / _a6_) + x1)) / _a1_);{'d0': {'_a0_': 650.0732682999417, '_a1_': 0.07828884521676811, '_a3_': -0.021824466201087137, '_a6_': -0.3573916619290304, '_a7_': 1080.4912285395235, '_a2_': 1.0, '_a4_': 1.0, '_a5_': 1.0}};{'d0': 0.09412860535117193};-192.607579759349;54.587709256015614
2089;-41.7160806236590;(pow2(((cos(((x1 * ((_a3_ * _a6_) + _a6_)) + (_a7_ / _a0_))) / _a6_) + x1)) / _a1_);{'d0': {'_a0_': 650.0732682999417, '_a1_': 0.07828884521676811, '_a3_': -0.021824466201087137, '_a6_': -0.3573916619290304, '_a7_': 1080.4912285395235, '_a2_': 1.0, '_a4_': 1.0, '_a5_': 1.0}};{'d0': 0.09412860535117193};-192.607579759349;54.587709256015614
2090;-73.2837508155562;sin(exp((pow2((cosh(x1) * _a5_)) * x1)));{'d0': {'_a5_': 0.5099174669231549, '_a0_': 1.0, '_a1_': 1.0, '_a2_': 1.0, '_a3_': 1.0, '_a4_': 1.0, '_a6_': 1.0, '_a7_': 1.0}};{'d0': 0.08521371063174711};-214.954936735465;34.1937175521765
2091;-73.2837508155562;sin(exp((pow2((cosh(x1) * _a5_)) * x1)));{'d0': {'_a5_': 0.5099174669231549, '_a0_': 1.0, '_a1_': 1.0, '_a2_': 1.0, '_a3_': 1.0, '_a4_': 1.0, '_a6_': 1.0, '_a7_': 1.0}};{'d0': 0.08521371063174711};-214.954936735465;34.1937175521765
2092;-73.2837508155562;sin(exp((pow2((cosh(x1) * _a5_)) * x1)));{'d0': {'_a5_': 0.5099174669231549, '_a0_': 1.0, '_a1_': 1.0, '_a2_': 1.0, '_a3_': 1.0, '_a4_': 1.0, '_a6_': 1.0, '_a7_': 1.0}};{'d0': 0.08521371063174711};-214.954936735465;34.1937175521765
2093;-73.2837508155562;sin(exp((pow2((cosh(x1) * _a5_)) * x1)));{'d0': {'_a5_': 0.5099174669231549, '_a0_': 1.0, '_a1_': 1.0, '_a2_': 1.0, '_a3_': 1.0, '_a4_': 1.0, '_a6_': 1.0, '_a7_': 1.0}};{'d0': 0.08521371063174711};-214.954936735465;34.1937175521765
2094;-73.2837508155562;sin(exp((pow2((cosh(x1) * _a5_)) * x1)));{'d0': {'_a5_': 0.5099174669231549, '_a0_': 1.0, '_a1_': 1.0, '_a2_': 1.0, '_a3_': 1.0, '_a4_': 1.0, '_a6_': 1.0, '_a7_': 1.0}};{'d0': 0.08521371063174711};-214.954936735465;34.1937175521765
2095;-73.2837508155562;sin(exp((pow2((cosh(x1) * _a5_)) * x1)));{'d0': {'_a5_': 0.5099174669231549, '_a0_': 1.0, '_a1_': 1.0, '_a2_': 1.0, '_a3_': 1.0, '_a4_': 1.0, '_a6_': 1.0, '_a7_': 1.0}};{'d0': 0.08521371063174711};-214.954936735465;34.1937175521765
2096;-73.2837508155562;sin(exp((pow2((cosh(x1) * _a5_)) * x1)));{'d0': {'_a5_': 0.5099174669231549, '_a0_': 1.0, '_a1_': 1.0, '_a2_': 1.0, '_a3_': 1.0, '_a4_': 1.0, '_a6_': 1.0, '_a7_': 1.0}};{'d0': 0.08521371063174711};-214.954936735465;34.1937175521765
2097;-69.7771782626008;(_a1_ ** (_a4_ ** (exp(cosh((_a4_ + x1))) * x1)));{'d0': {'_a1_': 0.812468440394563, '_a4_': 0.666622243051123, '_a0_': 1.0, '_a2_': 1.0, '_a3_': 1.0, '_a5_': 1.0, '_a6_': 1.0, '_a7_': 1.0}};{'d0': 0.07796095011304643};-216.197849095942;38.32174628537
2098;-69.7771782626008;(_a1_ ** (_a4_ ** (exp(cosh((_a4_ + x1))) * x1)));{'d0': {'_a1_': 0.812468440394563, '_a4_': 0.666622243051123, '_a0_': 1.0, '_a2_': 1.0, '_a3_': 1.0, '_a5_': 1.0, '_a6_': 1.0, '_a7_': 1.0}};{'d0': 0.07796095011304643};-216.197849095942;38.32174628537
2099;-69.7771782626008;(_a1_ ** (_a4_ ** (exp(cosh((_a4_ + x1))) * x1)));{'d0': {'_a1_': 0.812468440394563, '_a4_': 0.666622243051123, '_a0_': 1.0, '_a2_': 1.0, '_a3_': 1.0, '_a5_': 1.0, '_a6_': 1.0, '_a7_': 1.0}};{'d0': 0.07796095011304643};-216.197849095942;38.32174628537
2100;-69.7771782626008;(_a1_ ** (_a4_ ** (exp(cosh((_a4_ + x1))) * x1)));{'d0': {'_a1_': 0.812468440394563, '_a4_': 0.666622243051123, '_a0_': 1.0, '_a2_': 1.0, '_a3_': 1.0, '_a5_': 1.0, '_a6_': 1.0, '_a7_': 1.0}};{'d0': 0.07796095011304643};-216.197849095942;38.32174628537
2101;-69.7771782626008;(_a1_ ** (_a4_ ** (exp(cosh((_a4_ + x1))) * x1)));{'d0': {'_a1_': 0.812468440394563, '_a4_': 0.666622243051123, '_a0_': 1.0, '_a2_': 1.0, '_a3_': 1.0, '_a5_': 1.0, '_a6_': 1.0, '_a7_': 1.0}};{'d0': 0.07796095011304643};-216.197849095942;38.32174628537
2102;-69.7771782626008;(_a1_ ** (_a4_ ** (exp(cosh((_a4_ + x1))) * x1)));{'d0': {'_a1_': 0.812468440394563, '_a4_': 0.666622243051123, '_a0_': 1.0, '_a2_': 1.0, '_a3_': 1.0, '_a5_': 1.0, '_a6_': 1.0, '_a7_': 1.0}};{'d0': 0.07796095011304643};-216.197849095942;38.32174628537
2103;-69.7771782626008;(_a1_ ** (_a4_ ** (exp(cosh((_a4_ + x1))) * x1)));{'d0': {'_a1_': 0.812468440394563, '_a4_': 0.666622243051123, '_a0_': 1.0, '_a2_': 1.0, '_a3_': 1.0, '_a5_': 1.0, '_a6_': 1.0, '_a7_': 1.0}};{'d0': 0.07796095011304643};-216.197849095942;38.32174628537
2104;-69.7771782626008;(_a1_ ** (_a4_ ** (exp(cosh((_a4_ + x1))) * x1)));{'d0': {'_a1_': 0.812468440394563, '_a4_': 0.666622243051123, '_a0_': 1.0, '_a2_': 1.0, '_a3_': 1.0, '_a5_': 1.0, '_a6_': 1.0, '_a7_': 1.0}};{'d0': 0.07796095011304643};-216.197849095942;38.32174628537
2105;-69.7771782626008;(_a1_ ** (_a4_ ** (exp(cosh((_a4_ + x1))) * x1)));{'d0': {'_a1_': 0.812468440394563, '_a4_': 0.666622243051123, '_a0_': 1.0, '_a2_': 1.0, '_a3_': 1.0, '_a5_': 1.0, '_a6_': 1.0, '_a7_': 1.0}};{'d0': 0.07796095011304643};-216.197849095942;38.32174628537
2106;-69.7771782626008;(_a1_ ** (_a4_ ** (exp(cosh((_a4_ + x1))) * x1)));{'d0': {'_a1_': 0.812468440394563, '_a4_': 0.666622243051123, '_a0_': 1.0, '_a2_': 1.0, '_a3_': 1.0, '_a5_': 1.0, '_a6_': 1.0, '_a7_': 1.0}};{'d0': 0.07796095011304643};-216.197849095942;38.32174628537
2107;-69.7771782626008;(_a1_ ** (_a4_ ** (exp(cosh((_a4_ + x1))) * x1)));{'d0': {'_a1_': 0.812468440394563, '_a4_': 0.666622243051123, '_a0_': 1.0, '_a2_': 1.0, '_a3_': 1.0, '_a5_': 1.0, '_a6_': 1.0, '_a7_': 1.0}};{'d0': 0.07796095011304643};-216.197849095942;38.32174628537
2108;-38.8077121257686;(pow2(((cos(((x1 * ((_a3_ * x1) + _a6_)) + (_a7_ / (_a0_ * _a1_)))) / _a6_) + x1)) / _a1_);{'d0': {'_a0_': 134676.978811239, '_a1_': 0.6417256036583477, '_a3_': 0.036581612747700616, '_a6_': -0.5201459084872601, '_a7_': 169338.32592305704, '_a2_': 1.0, '_a4_': 1.0, '_a5_': 1.0}};{'d0': 0.0881501418362405};-196.544808041838;59.464691895150615
2109;-38.8077121257686;(pow2(((cos(((x1 * ((_a3_ * x1) + _a6_)) + (_a7_ / (_a0_ * _a1_)))) / _a6_) + x1)) / _a1_);{'d0': {'_a0_': 134676.978811239, '_a1_': 0.6417256036583477, '_a3_': 0.036581612747700616, '_a6_': -0.5201459084872601, '_a7_': 169338.32592305704, '_a2_': 1.0, '_a4_': 1.0, '_a5_': 1.0}};{'d0': 0.0881501418362405};-196.544808041838;59.464691895150615
2110;-38.8077121257686;(pow2(((cos(((x1 * ((_a3_ * x1) + _a6_)) + (_a7_ / (_a0_ * _a1_)))) / _a6_) + x1)) / _a1_);{'d0': {'_a0_': 134676.978811239, '_a1_': 0.6417256036583477, '_a3_': 0.036581612747700616, '_a6_': -0.5201459084872601, '_a7_': 169338.32592305704, '_a2_': 1.0, '_a4_': 1.0, '_a5_': 1.0}};{'d0': 0.0881501418362405};-196.544808041838;59.464691895150615
2111;-32.8966272494348;(pow2(((cos(((x1 * (((_a2_ / _a7_) * x1) + _a6_)) + (_a7_ / (_a0_ * _a1_)))) / _a6_) + x1)) / _a1_);{'d0': {'_a0_': 53103.93734865509, '_a1_': 0.6417227640085366, '_a2_': 2442.584069672693, '_a6_': -0.5201461047798606, '_a7_': 66770.80098848666, '_a3_': 1.0, '_a4_': 1.0, '_a5_': 1.0}};{'d0': 0.08815014179127502};-196.544808072444;65.37577678678741
2112;-69.7771782626008;(_a1_ ** (_a4_ ** (exp(cosh((_a4_ + x1))) * x1)));{'d0': {'_a1_': 0.812468440394563, '_a4_': 0.666622243051123, '_a0_': 1.0, '_a2_': 1.0, '_a3_': 1.0, '_a5_': 1.0, '_a6_': 1.0, '_a7_': 1.0}};{'d0': 0.07796095011304643};-216.197849095942;38.32174628537
2113;-69.7771782626008;(_a1_ ** (_a4_ ** (exp(cosh((_a4_ + x1))) * x1)));{'d0': {'_a1_': 0.812468440394563, '_a4_': 0.666622243051123, '_a0_': 1.0, '_a2_': 1.0, '_a3_': 1.0, '_a5_': 1.0, '_a6_': 1.0, '_a7_': 1.0}};{'d0': 0.07796095011304643};-216.197849095942;38.32174628537
2114;-69.7771782626008;(_a1_ ** (_a4_ ** (exp(cosh((_a4_ + x1))) * x1)));{'d0': {'_a1_': 0.812468440394563, '_a4_': 0.666622243051123, '_a0_': 1.0, '_a2_': 1.0, '_a3_': 1.0, '_a5_': 1.0, '_a6_': 1.0, '_a7_': 1.0}};{'d0': 0.07796095011304643};-216.197849095942;38.32174628537
2115;-69.7771782626008;(_a1_ ** (_a4_ ** (exp(cosh((_a4_ + x1))) * x1)));{'d0': {'_a1_': 0.812468440394563, '_a4_': 0.666622243051123, '_a0_': 1.0, '_a2_': 1.0, '_a3_': 1.0, '_a5_': 1.0, '_a6_': 1.0, '_a7_': 1.0}};{'d0': 0.07796095011304643};-216.197849095942;38.32174628537
2116;-69.7771782626008;(_a1_ ** (_a4_ ** (exp(cosh((_a4_ + x1))) * x1)));{'d0': {'_a1_': 0.812468440394563, '_a4_': 0.666622243051123, '_a0_': 1.0, '_a2_': 1.0, '_a3_': 1.0, '_a5_': 1.0, '_a6_': 1.0, '_a7_': 1.0}};{'d0': 0.07796095011304643};-216.197849095942;38.32174628537
2117;-69.7771782626008;(_a1_ ** (_a4_ ** (exp(cosh((_a4_ + x1))) * x1)));{'d0': {'_a1_': 0.812468440394563, '_a4_': 0.666622243051123, '_a0_': 1.0, '_a2_': 1.0, '_a3_': 1.0, '_a5_': 1.0, '_a6_': 1.0, '_a7_': 1.0}};{'d0': 0.07796095011304643};-216.197849095942;38.32174628537
2118;-39.8188636785834;(pow2(((cos(((x1 * (((_a2_ / _a7_) * x1) + _a6_)) + (_a7_ / _a2_))) / _a6_) + x1)) / _a1_);{'d0': {'_a1_': 0.643086221261088, '_a2_': 126307.14435273598, '_a6_': -0.5202934857388734, '_a7_': 3421982.7835786114, '_a0_': 1.0, '_a3_': 1.0, '_a4_': 1.0, '_a5_': 1.0}};{'d0': 0.08815577914693552};-200.635315652472;60.49879414765241
2119;-39.8188636785834;(pow2(((cos(((x1 * (((_a2_ / _a7_) * x1) + _a6_)) + (_a7_ / _a2_))) / _a6_) + x1)) / _a1_);{'d0': {'_a1_': 0.643086221261088, '_a2_': 126307.14435273598, '_a6_': -0.5202934857388734, '_a7_': 3421982.7835786114, '_a0_': 1.0, '_a3_': 1.0, '_a4_': 1.0, '_a5_': 1.0}};{'d0': 0.08815577914693552};-200.635315652472;60.49879414765241
2120;-45.7316946519211;(pow2(((cos(((x1 * (((_a2_ / _a7_) * x1) + _a6_)) + _a2_)) / _a6_) + x1)) / _a1_);{'d0': {'_a1_': 0.6410103685707748, '_a2_': 126306.55023226744, '_a6_': -0.5202610550768082, '_a7_': 3444148.7903975933, '_a0_': 1.0, '_a3_': 1.0, '_a4_': 1.0, '_a5_': 1.0}};{'d0': 0.0881506483898224};-200.638807815873;54.587709256015614
2121;-45.7316946519211;(pow2(((cos(((x1 * (((_a2_ / _a7_) * x1) + _a6_)) + _a2_)) / _a6_) + x1)) / _a1_);{'d0': {'_a1_': 0.6410103685707748, '_a2_': 126306.55023226744, '_a6_': -0.5202610550768082, '_a7_': 3444148.7903975933, '_a0_': 1.0, '_a3_': 1.0, '_a4_': 1.0, '_a5_': 1.0}};{'d0': 0.0881506483898224};-200.638807815873;54.587709256015614
2122;-45.7316946519211;(pow2(((cos(((x1 * (((_a2_ / _a7_) * x1) + _a6_)) + _a2_)) / _a6_) + x1)) / _a1_);{'d0': {'_a1_': 0.6410103685707748, '_a2_': 126306.55023226744, '_a6_': -0.5202610550768082, '_a7_': 3444148.7903975933, '_a0_': 1.0, '_a3_': 1.0, '_a4_': 1.0, '_a5_': 1.0}};{'d0': 0.0881506483898224};-200.638807815873;54.587709256015614
2123;-45.7316946519211;(pow2(((cos(((x1 * (((_a2_ / _a7_) * x1) + _a6_)) + _a2_)) / _a6_) + x1)) / _a1_);{'d0': {'_a1_': 0.6410103685707748, '_a2_': 126306.55023226744, '_a6_': -0.5202610550768082, '_a7_': 3444148.7903975933, '_a0_': 1.0, '_a3_': 1.0, '_a4_': 1.0, '_a5_': 1.0}};{'d0': 0.0881506483898224};-200.638807815873;54.587709256015614
2124;-45.7316946519211;(pow2(((cos(((x1 * (((_a2_ / _a7_) * x1) + _a6_)) + _a2_)) / _a6_) + x1)) / _a1_);{'d0': {'_a1_': 0.6410103685707748, '_a2_': 126306.55023226744, '_a6_': -0.5202610550768082, '_a7_': 3444148.7903975933, '_a0_': 1.0, '_a3_': 1.0, '_a4_': 1.0, '_a5_': 1.0}};{'d0': 0.0881506483898224};-200.638807815873;54.587709256015614
2125;-45.7316946519211;(pow2(((cos(((x1 * (((_a2_ / _a7_) * x1) + _a6_)) + _a2_)) / _a6_) + x1)) / _a1_);{'d0': {'_a1_': 0.6410103685707748, '_a2_': 126306.55023226744, '_a6_': -0.5202610550768082, '_a7_': 3444148.7903975933, '_a0_': 1.0, '_a3_': 1.0, '_a4_': 1.0, '_a5_': 1.0}};{'d0': 0.0881506483898224};-200.638807815873;54.587709256015614
2126;-45.7316946519211;(pow2(((cos(((x1 * (((_a2_ / _a7_) * x1) + _a6_)) + _a2_)) / _a6_) + x1)) / _a1_);{'d0': {'_a1_': 0.6410103685707748, '_a2_': 126306.55023226744, '_a6_': -0.5202610550768082, '_a7_': 3444148.7903975933, '_a0_': 1.0, '_a3_': 1.0, '_a4_': 1.0, '_a5_': 1.0}};{'d0': 0.0881506483898224};-200.638807815873;54.587709256015614
2127;-45.7316946519211;(pow2(((cos(((x1 * (((_a2_ / _a7_) * x1) + _a6_)) + _a2_)) / _a6_) + x1)) / _a1_);{'d0': {'_a1_': 0.6410103685707748, '_a2_': 126306.55023226744, '_a6_': -0.5202610550768082, '_a7_': 3444148.7903975933, '_a0_': 1.0, '_a3_': 1.0, '_a4_': 1.0, '_a5_': 1.0}};{'d0': 0.0881506483898224};-200.638807815873;54.587709256015614
2128;-45.7316946519211;(pow2(((cos(((x1 * (((_a2_ / _a7_) * x1) + _a6_)) + _a2_)) / _a6_) + x1)) / _a1_);{'d0': {'_a1_': 0.6410103685707748, '_a2_': 126306.55023226744, '_a6_': -0.5202610550768082, '_a7_': 3444148.7903975933, '_a0_': 1.0, '_a3_': 1.0, '_a4_': 1.0, '_a5_': 1.0}};{'d0': 0.0881506483898224};-200.638807815873;54.587709256015614
2129;-45.7316946519211;(pow2(((cos(((x1 * (((_a2_ / _a7_) * x1) + _a6_)) + _a2_)) / _a6_) + x1)) / _a1_);{'d0': {'_a1_': 0.6410103685707748, '_a2_': 126306.55023226744, '_a6_': -0.5202610550768082, '_a7_': 3444148.7903975933, '_a0_': 1.0, '_a3_': 1.0, '_a4_': 1.0, '_a5_': 1.0}};{'d0': 0.0881506483898224};-200.638807815873;54.587709256015614
2130;-45.7316946519211;(pow2(((cos(((x1 * (((_a2_ / _a7_) * x1) + _a6_)) + _a2_)) / _a6_) + x1)) / _a1_);{'d0': {'_a1_': 0.6410103685707748, '_a2_': 126306.55023226744, '_a6_': -0.5202610550768082, '_a7_': 3444148.7903975933, '_a0_': 1.0, '_a3_': 1.0, '_a4_': 1.0, '_a5_': 1.0}};{'d0': 0.0881506483898224};-200.638807815873;54.587709256015614
2131;-45.7316946519211;(pow2(((cos(((x1 * (((_a2_ / _a7_) * x1) + _a6_)) + _a2_)) / _a6_) + x1)) / _a1_);{'d0': {'_a1_': 0.6410103685707748, '_a2_': 126306.55023226744, '_a6_': -0.5202610550768082, '_a7_': 3444148.7903975933, '_a0_': 1.0, '_a3_': 1.0, '_a4_': 1.0, '_a5_': 1.0}};{'d0': 0.0881506483898224};-200.638807815873;54.587709256015614
2132;-45.7316946519211;(pow2(((cos(((x1 * (((_a2_ / _a7_) * x1) + _a6_)) + _a2_)) / _a6_) + x1)) / _a1_);{'d0': {'_a1_': 0.6410103685707748, '_a2_': 126306.55023226744, '_a6_': -0.5202610550768082, '_a7_': 3444148.7903975933, '_a0_': 1.0, '_a3_': 1.0, '_a4_': 1.0, '_a5_': 1.0}};{'d0': 0.0881506483898224};-200.638807815873;54.587709256015614
2133;-45.7316946519211;(pow2(((cos(((x1 * (((_a2_ / _a7_) * x1) + _a6_)) + _a2_)) / _a6_) + x1)) / _a1_);{'d0': {'_a1_': 0.6410103685707748, '_a2_': 126306.55023226744, '_a6_': -0.5202610550768082, '_a7_': 3444148.7903975933, '_a0_': 1.0, '_a3_': 1.0, '_a4_': 1.0, '_a5_': 1.0}};{'d0': 0.0881506483898224};-200.638807815873;54.587709256015614
2134;-45.7316946519211;(pow2(((cos(((x1 * (((_a2_ / _a7_) * x1) + _a6_)) + _a2_)) / _a6_) + x1)) / _a1_);{'d0': {'_a1_': 0.6410103685707748, '_a2_': 126306.55023226744, '_a6_': -0.5202610550768082, '_a7_': 3444148.7903975933, '_a0_': 1.0, '_a3_': 1.0, '_a4_': 1.0, '_a5_': 1.0}};{'d0': 0.0881506483898224};-200.638807815873;54.587709256015614
2135;-45.7316946519211;(pow2(((cos(((x1 * (((_a2_ / _a7_) * x1) + _a6_)) + _a2_)) / _a6_) + x1)) / _a1_);{'d0': {'_a1_': 0.6410103685707748, '_a2_': 126306.55023226744, '_a6_': -0.5202610550768082, '_a7_': 3444148.7903975933, '_a0_': 1.0, '_a3_': 1.0, '_a4_': 1.0, '_a5_': 1.0}};{'d0': 0.0881506483898224};-200.638807815873;54.587709256015614
2136;-45.7316946519211;(pow2(((cos(((x1 * (((_a2_ / _a7_) * x1) + _a6_)) + _a2_)) / _a6_) + x1)) / _a1_);{'d0': {'_a1_': 0.6410103685707748, '_a2_': 126306.55023226744, '_a6_': -0.5202610550768082, '_a7_': 3444148.7903975933, '_a0_': 1.0, '_a3_': 1.0, '_a4_': 1.0, '_a5_': 1.0}};{'d0': 0.0881506483898224};-200.638807815873;54.587709256015614
2137;-45.7316946519211;(pow2(((cos(((x1 * (((_a2_ / _a7_) * x1) + _a6_)) + _a2_)) / _a6_) + x1)) / _a1_);{'d0': {'_a1_': 0.6410103685707748, '_a2_': 126306.55023226744, '_a6_': -0.5202610550768082, '_a7_': 3444148.7903975933, '_a0_': 1.0, '_a3_': 1.0, '_a4_': 1.0, '_a5_': 1.0}};{'d0': 0.0881506483898224};-200.638807815873;54.587709256015614
2138;-45.7316946519211;(pow2(((cos(((x1 * (((_a2_ / _a7_) * x1) + _a6_)) + _a2_)) / _a6_) + x1)) / _a1_);{'d0': {'_a1_': 0.6410103685707748, '_a2_': 126306.55023226744, '_a6_': -0.5202610550768082, '_a7_': 3444148.7903975933, '_a0_': 1.0, '_a3_': 1.0, '_a4_': 1.0, '_a5_': 1.0}};{'d0': 0.0881506483898224};-200.638807815873;54.587709256015614
2139;-45.7316946519211;(pow2(((cos(((x1 * (((_a2_ / _a7_) * x1) + _a6_)) + _a2_)) / _a6_) + x1)) / _a1_);{'d0': {'_a1_': 0.6410103685707748, '_a2_': 126306.55023226744, '_a6_': -0.5202610550768082, '_a7_': 3444148.7903975933, '_a0_': 1.0, '_a3_': 1.0, '_a4_': 1.0, '_a5_': 1.0}};{'d0': 0.0881506483898224};-200.638807815873;54.587709256015614
2140;-45.7316946519211;(pow2(((cos(((x1 * (((_a2_ / _a7_) * x1) + _a6_)) + _a2_)) / _a6_) + x1)) / _a1_);{'d0': {'_a1_': 0.6410103685707748, '_a2_': 126306.55023226744, '_a6_': -0.5202610550768082, '_a7_': 3444148.7903975933, '_a0_': 1.0, '_a3_': 1.0, '_a4_': 1.0, '_a5_': 1.0}};{'d0': 0.0881506483898224};-200.638807815873;54.587709256015614
2141;-45.7316946519211;(pow2(((cos(((x1 * (((_a2_ / _a7_) * x1) + _a6_)) + _a2_)) / _a6_) + x1)) / _a1_);{'d0': {'_a1_': 0.6410103685707748, '_a2_': 126306.55023226744, '_a6_': -0.5202610550768082, '_a7_': 3444148.7903975933, '_a0_': 1.0, '_a3_': 1.0, '_a4_': 1.0, '_a5_': 1.0}};{'d0': 0.0881506483898224};-200.638807815873;54.587709256015614
2142;-45.7316946519211;(pow2(((cos(((x1 * (((_a2_ / _a7_) * x1) + _a6_)) + _a2_)) / _a6_) + x1)) / _a1_);{'d0': {'_a1_': 0.6410103685707748, '_a2_': 126306.55023226744, '_a6_': -0.5202610550768082, '_a7_': 3444148.7903975933, '_a0_': 1.0, '_a3_': 1.0, '_a4_': 1.0, '_a5_': 1.0}};{'d0': 0.0881506483898224};-200.638807815873;54.587709256015614
2143;-45.7316946519211;(pow2(((cos(((x1 * (((_a2_ / _a7_) * x1) + _a6_)) + _a2_)) / _a6_) + x1)) / _a1_);{'d0': {'_a1_': 0.6410103685707748, '_a2_': 126306.55023226744, '_a6_': -0.5202610550768082, '_a7_': 3444148.7903975933, '_a0_': 1.0, '_a3_': 1.0, '_a4_': 1.0, '_a5_': 1.0}};{'d0': 0.0881506483898224};-200.638807815873;54.587709256015614
2144;-45.7316946519211;(pow2(((cos(((x1 * (((_a2_ / _a7_) * x1) + _a6_)) + _a2_)) / _a6_) + x1)) / _a1_);{'d0': {'_a1_': 0.6410103685707748, '_a2_': 126306.55023226744, '_a6_': -0.5202610550768082, '_a7_': 3444148.7903975933, '_a0_': 1.0, '_a3_': 1.0, '_a4_': 1.0, '_a5_': 1.0}};{'d0': 0.0881506483898224};-200.638807815873;54.587709256015614
2145;-51.6059397802924;(pow2(((cos(((x1 * ((_a0_ * x1) + _a6_)) + _a2_)) / _a6_) + x1)) / _a1_);{'d0': {'_a0_': 0.03651660565570298, '_a1_': 0.6419667240157357, '_a2_': 126306.55044313868, '_a6_': -0.5200805748732704, '_a3_': 1.0, '_a4_': 1.0, '_a5_': 1.0, '_a7_': 1.0}};{'d0': 0.08815038018165945};-200.638990372832;48.71355540612362
2146;-51.6059397802924;(pow2(((cos(((x1 * ((_a0_ * x1) + _a6_)) + _a2_)) / _a6_) + x1)) / _a1_);{'d0': {'_a0_': 0.03651660565570298, '_a1_': 0.6419667240157357, '_a2_': 126306.55044313868, '_a6_': -0.5200805748732704, '_a3_': 1.0, '_a4_': 1.0, '_a5_': 1.0, '_a7_': 1.0}};{'d0': 0.08815038018165945};-200.638990372832;48.71355540612362
2147;-51.6059397802924;(pow2(((cos(((x1 * ((_a0_ * x1) + _a6_)) + _a2_)) / _a6_) + x1)) / _a1_);{'d0': {'_a0_': 0.03651660565570298, '_a1_': 0.6419667240157357, '_a2_': 126306.55044313868, '_a6_': -0.5200805748732704, '_a3_': 1.0, '_a4_': 1.0, '_a5_': 1.0, '_a7_': 1.0}};{'d0': 0.08815038018165945};-200.638990372832;48.71355540612362
2148;-51.6059397802924;(pow2(((cos(((x1 * ((_a0_ * x1) + _a6_)) + _a2_)) / _a6_) + x1)) / _a1_);{'d0': {'_a0_': 0.03651660565570298, '_a1_': 0.6419667240157357, '_a2_': 126306.55044313868, '_a6_': -0.5200805748732704, '_a3_': 1.0, '_a4_': 1.0, '_a5_': 1.0, '_a7_': 1.0}};{'d0': 0.08815038018165945};-200.638990372832;48.71355540612362
2149;-57.8431141006171;pow2(((cos(((x1 * ((_a0_ * x1) + _a6_)) + _a2_)) / _a6_) + x1));{'d0': {'_a0_': 0.03598886580369278, '_a2_': 126306.635653373, '_a6_': -0.501354363082868, '_a1_': 1.0, '_a3_': 1.0, '_a4_': 1.0, '_a5_': 1.0, '_a7_': 1.0}};{'d0': 0.09312582918812456};-201.438893397187;42.876332597976415
2150;-57.8431141006171;pow2(((cos(((x1 * ((_a0_ * x1) + _a6_)) + _a2_)) / _a6_) + x1));{'d0': {'_a0_': 0.03598886580369278, '_a2_': 126306.635653373, '_a6_': -0.501354363082868, '_a1_': 1.0, '_a3_': 1.0, '_a4_': 1.0, '_a5_': 1.0, '_a7_': 1.0}};{'d0': 0.09312582918812456};-201.438893397187;42.876332597976415
2151;-57.8431141006171;pow2(((cos(((x1 * ((_a0_ * x1) + _a6_)) + _a2_)) / _a6_) + x1));{'d0': {'_a0_': 0.03598886580369278, '_a2_': 126306.635653373, '_a6_': -0.501354363082868, '_a1_': 1.0, '_a3_': 1.0, '_a4_': 1.0, '_a5_': 1.0, '_a7_': 1.0}};{'d0': 0.09312582918812456};-201.438893397187;42.876332597976415
2152;-57.8431141006171;pow2(((cos(((x1 * ((_a0_ * x1) + _a6_)) + _a2_)) / _a6_) + x1));{'d0': {'_a0_': 0.03598886580369278, '_a2_': 126306.635653373, '_a6_': -0.501354363082868, '_a1_': 1.0, '_a3_': 1.0, '_a4_': 1.0, '_a5_': 1.0, '_a7_': 1.0}};{'d0': 0.09312582918812456};-201.438893397187;42.876332597976415
2153;-57.8431141006171;pow2(((cos(((x1 * ((_a0_ * x1) + _a6_)) + _a2_)) / _a6_) + x1));{'d0': {'_a0_': 0.03598886580369278, '_a2_': 126306.635653373, '_a6_': -0.501354363082868, '_a1_': 1.0, '_a3_': 1.0, '_a4_': 1.0, '_a5_': 1.0, '_a7_': 1.0}};{'d0': 0.09312582918812456};-201.438893397187;42.876332597976415
2154;-57.8431141006171;pow2(((cos(((x1 * ((_a0_ * x1) + _a6_)) + _a2_)) / _a6_) + x1));{'d0': {'_a0_': 0.03598886580369278, '_a2_': 126306.635653373, '_a6_': -0.501354363082868, '_a1_': 1.0, '_a3_': 1.0, '_a4_': 1.0, '_a5_': 1.0, '_a7_': 1.0}};{'d0': 0.09312582918812456};-201.438893397187;42.876332597976415
2155;-57.8431141006171;pow2(((cos(((x1 * ((_a0_ * x1) + _a6_)) + _a2_)) / _a6_) + x1));{'d0': {'_a0_': 0.03598886580369278, '_a2_': 126306.635653373, '_a6_': -0.501354363082868, '_a1_': 1.0, '_a3_': 1.0, '_a4_': 1.0, '_a5_': 1.0, '_a7_': 1.0}};{'d0': 0.09312582918812456};-201.438893397187;42.876332597976415
2156;-57.8431141006171;pow2(((cos(((x1 * ((_a0_ * x1) + _a6_)) + _a2_)) / _a6_) + x1));{'d0': {'_a0_': 0.03598886580369278, '_a2_': 126306.635653373, '_a6_': -0.501354363082868, '_a1_': 1.0, '_a3_': 1.0, '_a4_': 1.0, '_a5_': 1.0, '_a7_': 1.0}};{'d0': 0.09312582918812456};-201.438893397187;42.876332597976415
2157;-57.8431141006171;pow2(((cos(((x1 * ((_a0_ * x1) + _a6_)) + _a2_)) / _a6_) + x1));{'d0': {'_a0_': 0.03598886580369278, '_a2_': 126306.635653373, '_a6_': -0.501354363082868, '_a1_': 1.0, '_a3_': 1.0, '_a4_': 1.0, '_a5_': 1.0, '_a7_': 1.0}};{'d0': 0.09312582918812456};-201.438893397187;42.876332597976415
2158;-57.8431141006171;pow2(((cos(((x1 * ((_a0_ * x1) + _a6_)) + _a2_)) / _a6_) + x1));{'d0': {'_a0_': 0.03598886580369278, '_a2_': 126306.635653373, '_a6_': -0.501354363082868, '_a1_': 1.0, '_a3_': 1.0, '_a4_': 1.0, '_a5_': 1.0, '_a7_': 1.0}};{'d0': 0.09312582918812456};-201.438893397187;42.876332597976415
2159;-57.8431141006171;pow2(((cos(((x1 * ((_a0_ * x1) + _a6_)) + _a2_)) / _a6_) + x1));{'d0': {'_a0_': 0.03598886580369278, '_a2_': 126306.635653373, '_a6_': -0.501354363082868, '_a1_': 1.0, '_a3_': 1.0, '_a4_': 1.0, '_a5_': 1.0, '_a7_': 1.0}};{'d0': 0.09312582918812456};-201.438893397187;42.876332597976415
2160;-57.8431141006171;pow2(((cos(((x1 * ((_a0_ * x1) + _a6_)) + _a2_)) / _a6_) + x1));{'d0': {'_a0_': 0.03598886580369278, '_a2_': 126306.635653373, '_a6_': -0.501354363082868, '_a1_': 1.0, '_a3_': 1.0, '_a4_': 1.0, '_a5_': 1.0, '_a7_': 1.0}};{'d0': 0.09312582918812456};-201.438893397187;42.876332597976415
2161;-57.8431141006171;pow2(((cos(((x1 * ((_a0_ * x1) + _a6_)) + _a2_)) / _a6_) + x1));{'d0': {'_a0_': 0.03598886580369278, '_a2_': 126306.635653373, '_a6_': -0.501354363082868, '_a1_': 1.0, '_a3_': 1.0, '_a4_': 1.0, '_a5_': 1.0, '_a7_': 1.0}};{'d0': 0.09312582918812456};-201.438893397187;42.876332597976415
2162;-57.8431141006171;pow2(((cos(((x1 * ((_a0_ * x1) + _a6_)) + _a2_)) / _a6_) + x1));{'d0': {'_a0_': 0.03598886580369278, '_a2_': 126306.635653373, '_a6_': -0.501354363082868, '_a1_': 1.0, '_a3_': 1.0, '_a4_': 1.0, '_a5_': 1.0, '_a7_': 1.0}};{'d0': 0.09312582918812456};-201.438893397187;42.876332597976415
2163;-57.8431141006171;pow2(((cos(((x1 * ((_a0_ * x1) + _a6_)) + _a2_)) / _a6_) + x1));{'d0': {'_a0_': 0.03598886580369278, '_a2_': 126306.635653373, '_a6_': -0.501354363082868, '_a1_': 1.0, '_a3_': 1.0, '_a4_': 1.0, '_a5_': 1.0, '_a7_': 1.0}};{'d0': 0.09312582918812456};-201.438893397187;42.876332597976415
2164;-57.8431141006171;pow2(((cos(((x1 * ((_a0_ * x1) + _a6_)) + _a2_)) / _a6_) + x1));{'d0': {'_a0_': 0.03598886580369278, '_a2_': 126306.635653373, '_a6_': -0.501354363082868, '_a1_': 1.0, '_a3_': 1.0, '_a4_': 1.0, '_a5_': 1.0, '_a7_': 1.0}};{'d0': 0.09312582918812456};-201.438893397187;42.876332597976415
2165;-57.8431141006171;pow2(((cos(((x1 * ((_a0_ * x1) + _a6_)) + _a2_)) / _a6_) + x1));{'d0': {'_a0_': 0.03598886580369278, '_a2_': 126306.635653373, '_a6_': -0.501354363082868, '_a1_': 1.0, '_a3_': 1.0, '_a4_': 1.0, '_a5_': 1.0, '_a7_': 1.0}};{'d0': 0.09312582918812456};-201.438893397187;42.876332597976415
2166;-57.8431141006171;pow2(((cos(((x1 * ((_a0_ * x1) + _a6_)) + _a2_)) / _a6_) + x1));{'d0': {'_a0_': 0.03598886580369278, '_a2_': 126306.635653373, '_a6_': -0.501354363082868, '_a1_': 1.0, '_a3_': 1.0, '_a4_': 1.0, '_a5_': 1.0, '_a7_': 1.0}};{'d0': 0.09312582918812456};-201.438893397187;42.876332597976415
2167;-57.8431141006171;pow2(((cos(((x1 * ((_a0_ * x1) + _a6_)) + _a2_)) / _a6_) + x1));{'d0': {'_a0_': 0.03598886580369278, '_a2_': 126306.635653373, '_a6_': -0.501354363082868, '_a1_': 1.0, '_a3_': 1.0, '_a4_': 1.0, '_a5_': 1.0, '_a7_': 1.0}};{'d0': 0.09312582918812456};-201.438893397187;42.876332597976415
2168;-47.3763855716760;abs(((pow2(x1) + ((x1 + (_a6_ / (_a2_ * _a1_))) * _a4_)) / _a6_));{'d0': {'_a1_': -12.377186595187085, '_a2_': 0.20612186204724875, '_a4_': -2.14638746996203, '_a6_': -8.474832701594796, '_a0_': 1.0, '_a3_': 1.0, '_a5_': 1.0, '_a7_': 1.0}};{'d0': 0.11980844863902775};-182.227991313099;43.73761008487361
2169;-47.3763855716760;abs(((pow2(x1) + ((x1 + (_a6_ / (_a2_ * _a1_))) * _a4_)) / _a6_));{'d0': {'_a1_': -12.377186595187085, '_a2_': 0.20612186204724875, '_a4_': -2.14638746996203, '_a6_': -8.474832701594796, '_a0_': 1.0, '_a3_': 1.0, '_a5_': 1.0, '_a7_': 1.0}};{'d0': 0.11980844863902775};-182.227991313099;43.73761008487361
2170;-57.8431141006171;pow2(((cos(((x1 * ((_a0_ * x1) + _a6_)) + _a2_)) / _a6_) + x1));{'d0': {'_a0_': 0.03598886580369278, '_a2_': 126306.635653373, '_a6_': -0.501354363082868, '_a1_': 1.0, '_a3_': 1.0, '_a4_': 1.0, '_a5_': 1.0, '_a7_': 1.0}};{'d0': 0.09312582918812456};-201.438893397187;42.876332597976415
2171;-57.8431141006171;pow2(((cos(((x1 * ((_a0_ * x1) + _a6_)) + _a2_)) / _a6_) + x1));{'d0': {'_a0_': 0.03598886580369278, '_a2_': 126306.635653373, '_a6_': -0.501354363082868, '_a1_': 1.0, '_a3_': 1.0, '_a4_': 1.0, '_a5_': 1.0, '_a7_': 1.0}};{'d0': 0.09312582918812456};-201.438893397187;42.876332597976415
2172;-57.8431141006171;pow2(((cos(((x1 * ((_a0_ * x1) + _a6_)) + _a2_)) / _a6_) + x1));{'d0': {'_a0_': 0.03598886580369278, '_a2_': 126306.635653373, '_a6_': -0.501354363082868, '_a1_': 1.0, '_a3_': 1.0, '_a4_': 1.0, '_a5_': 1.0, '_a7_': 1.0}};{'d0': 0.09312582918812456};-201.438893397187;42.876332597976415
2173;-57.8431141006171;pow2(((cos(((x1 * ((_a0_ * x1) + _a6_)) + _a2_)) / _a6_) + x1));{'d0': {'_a0_': 0.03598886580369278, '_a2_': 126306.635653373, '_a6_': -0.501354363082868, '_a1_': 1.0, '_a3_': 1.0, '_a4_': 1.0, '_a5_': 1.0, '_a7_': 1.0}};{'d0': 0.09312582918812456};-201.438893397187;42.876332597976415
2174;-57.8431141006171;pow2(((cos(((x1 * ((_a0_ * x1) + _a6_)) + _a2_)) / _a6_) + x1));{'d0': {'_a0_': 0.03598886580369278, '_a2_': 126306.635653373, '_a6_': -0.501354363082868, '_a1_': 1.0, '_a3_': 1.0, '_a4_': 1.0, '_a5_': 1.0, '_a7_': 1.0}};{'d0': 0.09312582918812456};-201.438893397187;42.876332597976415
2175;-57.8431141006171;pow2(((cos(((x1 * ((_a0_ * x1) + _a6_)) + _a2_)) / _a6_) + x1));{'d0': {'_a0_': 0.03598886580369278, '_a2_': 126306.635653373, '_a6_': -0.501354363082868, '_a1_': 1.0, '_a3_': 1.0, '_a4_': 1.0, '_a5_': 1.0, '_a7_': 1.0}};{'d0': 0.09312582918812456};-201.438893397187;42.876332597976415
2176;-57.8431953001016;pow2(((cos(((x1 * ((_a7_ * x1) + _a6_)) + _a2_)) / _a6_) + x1));{'d0': {'_a2_': 126306.63567252614, '_a6_': -0.5013291636542576, '_a7_': 0.03586254073993683, '_a0_': 1.0, '_a1_': 1.0, '_a3_': 1.0, '_a4_': 1.0, '_a5_': 1.0}};{'d0': 0.09312557712948807};-201.439055796156;42.876332597976415
2177;-57.8431953001016;pow2(((cos(((x1 * ((_a7_ * x1) + _a6_)) + _a2_)) / _a6_) + x1));{'d0': {'_a2_': 126306.63567252614, '_a6_': -0.5013291636542576, '_a7_': 0.03586254073993683, '_a0_': 1.0, '_a1_': 1.0, '_a3_': 1.0, '_a4_': 1.0, '_a5_': 1.0}};{'d0': 0.09312557712948807};-201.439055796156;42.876332597976415
2178;-57.8431953001016;pow2(((cos(((x1 * ((_a7_ * x1) + _a6_)) + _a2_)) / _a6_) + x1));{'d0': {'_a2_': 126306.63567252614, '_a6_': -0.5013291636542576, '_a7_': 0.03586254073993683, '_a0_': 1.0, '_a1_': 1.0, '_a3_': 1.0, '_a4_': 1.0, '_a5_': 1.0}};{'d0': 0.09312557712948807};-201.439055796156;42.876332597976415
