,x1,y,rep,noise,y_noise
0,-4.0,0.2845396941377568,0.0,0.05222849410508479,0.3367681882428416
1,-3.95,0.3027241754061485,0.0,0.026939879562369404,0.3296640549685179
2,-3.9,0.3209086566745393,0.0,0.07033569673085037,0.3912443534053897
3,-3.850000000000001,0.339093137942934,0.0,0.16387687870690965,0.5029700166498436
4,-3.8000000000000007,0.3572776192113262,0.0,-0.018307871697499076,0.33896974751382714
5,-3.750000000000001,0.3754621004797184,0.0,0.006763542011686505,0.3822256424914049
6,-3.700000000000001,0.3936465817481121,0.0,0.17707315224385464,0.5707197339919667
7,-3.650000000000001,0.4118310630165043,0.0,0.0825455599914292,0.4943766230079335
8,-3.6000000000000014,0.4257115690294112,0.0,0.039093006603139614,0.46480457563255084
9,-3.5500000000000016,0.4323591420620977,0.0,0.14983567874186,0.5821948208039577
10,-3.5000000000000018,0.4390067150947863,0.0,-0.0731290525151573,0.36587766257962895
11,-3.450000000000002,0.4456542881274742,0.0,0.10372903582040698,0.5493833239478811
12,-3.400000000000002,0.452301861160163,0.0,-0.19747353755223732,0.25482832360792573
13,-3.3500000000000023,0.4589494341928516,0.0,-0.24752676774676077,0.21142266644609084
14,-3.3000000000000025,0.465597007225537,0.0,0.06963142036921857,0.5352284275947555
15,-3.2500000000000027,0.4722445802582254,0.0,-0.10341472959171273,0.3688298506665127
16,-3.200000000000003,0.4788921532909143,0.0,0.16083763368478018,0.6397297869756945
17,-3.150000000000003,0.4855397263236019,0.0,-0.05754542464961283,0.42799430167398905
18,-3.100000000000003,0.4921872993562891,0.0,0.09102441359785657,0.5832117129541456
19,-3.050000000000004,0.4986740108085185,0.0,-0.09431440814213435,0.40435960266638415
20,-3.000000000000004,0.504059462230767,0.0,-0.161945375621391,0.34211408660937603
21,-2.950000000000004,0.5094449136530141,0.0,-0.0053645047375213495,0.5040804089154928
22,-2.900000000000004,0.5148303650752636,0.0,-0.08698200359193972,0.42784836148332384
23,-2.850000000000004,0.5202158164975119,0.0,-0.0046696184618758,0.5155461980356362
24,-2.8000000000000043,0.5256012679197596,0.0,-0.11520752604954626,0.4103937418702133
25,-2.7500000000000044,0.5309867193420084,0.0,-0.11520771279247405,0.4157790065495343
26,-2.7000000000000046,0.5363721707642584,0.0,0.21035176253856158,0.7467239333028199
27,-2.650000000000005,0.5417576221865058,0.0,0.0033822746436506187,0.5451398968301564
28,-2.600000000000005,0.5471430736087544,0.0,-0.2701660008172087,0.27697707279154565
29,-2.550000000000005,0.5525285250310026,0.0,-0.2552467586853048,0.2972817663456978
30,-2.5000000000000053,0.5579139764532529,0.0,-0.009139739361375063,0.5487742370918779
31,-2.450000000000005,0.5632994278755011,0.0,-0.12992892085428362,0.4333705070212175
32,-2.4000000000000057,0.5686848792977489,0.0,0.28553676317817295,0.8542216424759219
33,-2.350000000000006,0.5760131312189359,0.0,0.007716434437176666,0.5837295656561126
34,-2.300000000000006,0.5842038415680928,0.0,-0.11225888003418949,0.4719449615339033
35,-2.250000000000006,0.592394551917249,0.0,0.34155138229192217,0.9339459342091712
36,-2.2000000000000064,0.6005852622664049,0.0,0.011751210817691121,0.612336473084096
37,-2.1500000000000066,0.6087759726155632,0.0,-0.05459957807327536,0.5541763945422878
38,-2.1000000000000068,0.6169666829647183,0.0,0.09268950625072488,0.7096561892154433
39,-2.050000000000007,0.6251573933138759,0.0,-0.0687265282626591,0.5564308650512167
40,-2.000000000000007,0.6340744107789212,0.0,0.025918162645113155,0.6599925734240344
41,-1.9500000000000075,0.6430146902463969,0.0,-0.21823306405105386,0.42478162619534304
42,-1.9000000000000077,0.6519549697138755,0.0,0.13535144337613583,0.7873064130900113
43,-1.850000000000008,0.6666205001712452,0.0,-0.06296019119932357,0.6036603089719216
44,-1.8000000000000078,0.6819558182930484,0.0,-0.024010762383213608,0.6579450559098348
45,-1.750000000000008,0.6972911364148524,0.0,0.06123048439494731,0.7585216208097997
46,-1.7000000000000082,0.7126264545366565,0.0,-0.17322966775251528,0.5393967867841413
47,-1.6500000000000083,0.7279617726584605,0.0,-0.060591335740898505,0.667370436917562
48,-1.6000000000000083,0.7432970907802644,0.0,0.12654471991164168,0.8698418106919061
49,-1.5500000000000087,0.7508080770020372,0.0,-0.21074964073672905,0.5400584362653081
50,-1.5000000000000089,0.7604787747072679,0.0,0.11760249028475867,0.8780812649920265
51,-1.450000000000009,0.771526054371024,0.0,-0.10583505227653961,0.6656910020944844
52,-1.4000000000000092,0.7829244228209956,0.0,0.10510792997628755,0.8880323527972832
53,-1.3500000000000094,0.7971598575768204,0.0,-0.07457205895247274,0.7225877986243476
54,-1.3000000000000096,0.8113952923326461,0.0,0.27202734156262226,1.0834226338952684
55,-1.2500000000000098,0.8256307270884712,0.0,0.21867743098205206,1.0443081580705234
56,-1.20000000000001,0.8398661618442969,0.0,-0.012382948334830767,0.8274832135094661
57,-1.15000000000001,0.8541015966001222,0.0,-0.0387043690364357,0.8153972275636865
58,-1.1000000000000103,0.868740827007758,0.0,0.017899908196579065,0.8866407352043371
59,-1.0500000000000105,0.8859109158234046,0.0,0.014680813457328593,0.9005917292807333
60,-1.0000000000000109,0.9030810046390512,0.0,0.02350077733477547,0.9265817819738267
61,-0.9500000000000108,0.920251093454698,0.0,-0.044217814518646856,0.8760332789360512
62,-0.900000000000011,0.934352262078894,0.0,0.12313046237395364,1.0574827244528477
63,-0.8500000000000112,0.9474985146677604,0.0,0.06968782230383058,1.017186336971591
64,-0.8000000000000114,0.9606447672566272,0.0,0.03409826869036483,0.994743035946992
65,-0.7500000000000115,0.9724616976295508,0.0,0.26292208869087763,1.2353837863204284
66,-0.7000000000000117,0.9781292474425746,0.0,0.16920553114280037,1.147334778585375
67,-0.6500000000000119,0.9863091899489048,0.0,0.06279272001270184,1.0491019099616066
68,-0.6000000000000121,0.9935234808275922,0.0,0.12370323375213355,1.1172267145797257
69,-0.5500000000000123,0.997896245608722,0.0,-0.005089599323634808,0.9928066462850872
70,-0.5000000000000124,0.9984765629317268,0.0,-0.14977925513845436,0.8486973077932725
71,-0.4500000000000126,0.994803318271848,0.0,0.059582052655534644,1.0543853709273827
72,-0.4000000000000128,0.9936701973911592,0.0,0.04586780815541188,1.039538005546571
73,-0.3500000000000129,0.9964265238141464,0.0,-0.056474574273253905,0.9399519495408926
74,-0.3000000000000131,0.9991892956569264,0.0,-0.22762493751581367,0.7715643581411127
75,-0.2500000000000133,0.9904748537184992,0.0,0.16503219571436226,1.1555070494328614
76,-0.2000000000000135,0.9720709368784578,0.0,-0.201302339637296,0.7707685972411618
77,-0.1500000000000136,0.9527749614272056,0.0,0.08810592857662458,1.0408808900038302
78,-0.1000000000000138,0.957037918400914,0.0,-0.040976277247735254,0.9160616411531788
79,-0.050000000000014,0.9581053067074342,0.0,-0.1492358847649641,0.8088694219424701
80,-1.4210854715202004e-14,0.9536841635470418,0.0,0.008217684041079608,0.9619018475881214
81,0.0499999999999856,0.945840462544594,0.0,-0.05215592248316434,0.8936845400614296
82,0.0999999999999854,0.9379784187514526,0.0,0.0005839582664826646,0.9385623770179352
83,0.1499999999999852,0.954300189085956,0.0,0.014731024937056547,0.9690312140230126
84,0.199999999999985,0.9773018921156712,0.0,0.10087689961289123,1.0781787917285623
85,0.2499999999999849,0.9810324433987576,0.0,0.0199378877943813,1.0009703311931388
86,0.2999999999999847,0.9855031243625908,0.0,-0.004342497194419677,0.9811606271681711
87,0.3499999999999845,0.9785428339281776,0.0,0.1649303450416067,1.1434731789697843
88,0.3999999999999843,0.971582543493764,0.0,0.14255741378655445,1.1141399572803186
89,0.4499999999999842,0.9646222530593508,0.0,-0.10900983044894312,0.8556124226104077
90,0.499999999999984,0.9562508138322416,0.0,0.0011727654652705806,0.9574235792975122
91,0.5499999999999838,0.9466959960474136,0.0,0.040856156963030694,0.9875521530104443
92,0.5999999999999837,0.9381880353863878,0.0,0.22268826497895797,1.1608763003653457
93,0.6499999999999835,0.9345077298791226,0.0,-0.11478576169447847,0.819721968184644
94,0.6999999999999833,0.9339329803708446,0.0,-0.07813409880829783,0.8557988815625468
95,0.7499999999999831,0.9376310781193816,0.0,0.03290212667046908,0.9705332047898507
96,0.799999999999983,0.9413381377380128,0.0,0.1333698429672041,1.074707980705217
97,0.8499999999999828,0.9450565417121408,0.0,-0.03521424873041399,0.9098422929817268
98,0.8999999999999826,0.9487749456862684,0.0,0.041111603637140934,0.9898865493234094
99,0.9499999999999824,0.9524933496603966,0.0,-0.14121037108091034,0.8112829785794862
100,0.9999999999999822,0.9569046939891372,0.0,-0.028396450306880042,0.9285082436822572
101,1.049999999999982,0.9660152866555348,0.0,-0.019411632309570763,0.946603654345964
102,1.099999999999982,0.9796109322649365,0.0,0.29618572529686576,1.2757966575618023
103,1.1499999999999817,0.9932065778743376,0.0,-0.05869804779510708,0.9345085300792305
104,1.1999999999999815,0.9992611812316776,0.0,0.3114206044002425,1.3106817856319202
105,1.2499999999999811,0.9993971376877716,0.0,-0.09687692505860056,0.902520212629171
106,1.2999999999999812,0.9995268094655064,0.0,-0.16599875196753514,0.8335280574979713
107,1.349999999999981,0.9997619955025642,0.0,0.22709361782380205,1.2268556133263662
108,1.3999999999999808,0.999999999999997,0.0,-0.12264103929876778,0.8773589607012292
109,1.4499999999999806,0.9999135502325316,0.0,0.03924285318738344,1.039156403419915
110,1.4999999999999805,0.9994376860553555,0.0,0.109558262815805,1.1089959488711605
111,1.5499999999999805,0.990053643826475,0.0,-0.11256909530643061,0.8774845485200444
112,1.59999999999998,0.9476630817694154,0.0,0.21540576842188663,1.163068850191302
113,1.64999999999998,0.9241555631275222,0.0,-0.07143256331617105,0.8527229998113511
114,1.6999999999999795,0.8205253828804505,0.0,0.20842151243799525,1.0289468953184457
115,1.7499999999999796,0.7478838495091517,0.0,-0.03629831545523509,0.7115855340539166
116,1.7999999999999794,0.6752423161378523,0.0,0.17355902649026872,0.8488013426281211
117,1.8499999999999792,0.6001725176679078,0.0,0.09197364445708228,0.69214616212499
118,1.899999999999979,0.5340557574019902,0.0,-0.029162224253243364,0.5048935331487469
119,1.9499999999999789,0.4980271599301999,0.0,0.04445167064064208,0.542478830570842
120,1.999999999999979,0.468886879487737,0.0,0.2671582759934031,0.73604515548114
121,2.0499999999999785,0.4480572386505435,0.0,-0.20077615537188026,0.24728108327866322
122,2.0999999999999783,0.4272275978133504,0.0,-0.051238243480575055,0.37598935433277536
123,2.149999999999978,0.4121987275302827,0.0,0.02675035385146308,0.43894908138174576
124,2.199999999999978,0.3985689136754005,0.0,0.22447078906407125,0.6230397027394717
125,2.249999999999978,0.3849024228447911,0.0,0.16824516550836116,0.5531475883531523
126,2.2999999999999776,0.3715194932902666,0.0,-0.13373697977790439,0.23778251351236224
127,2.349999999999977,0.3683531436293054,0.0,0.02277364310814108,0.39112678673744644
128,2.3999999999999773,0.3600128078222257,0.0,0.08006897456200195,0.4400817823842277
129,2.449999999999977,0.3516724720151453,0.0,-0.2987593298777832,0.05291314213736209
130,2.499999999999977,0.3433321362080644,0.0,-0.0432614095140532,0.3000707266940112
131,2.5499999999999767,0.3349918004009845,0.0,0.028467133487054357,0.36345893388803885
132,2.599999999999977,0.3266514645939039,0.0,-0.061110038419919986,0.2655414261739839
133,2.6499999999999764,0.318311128786823,0.0,-0.1331104445200484,0.1852006842667746
134,2.699999999999976,0.3099707929797438,0.0,0.06075739547234142,0.3707281884520852
135,2.749999999999976,0.3016304571726637,0.0,-0.1397875315284709,0.16184292564419278
136,2.799999999999976,0.2932901213655824,0.0,0.017588566668479085,0.3108786880340615
137,2.849999999999976,0.2849497855585024,0.0,-0.03375995768236505,0.25118982787613736
138,2.8999999999999755,0.274626434089036,0.0,0.08642299802460804,0.36104943211364404
139,2.9499999999999758,0.2639771055808929,0.0,-0.1103298072450445,0.1536472983358484
140,2.999999999999975,0.2533277770727493,0.0,0.1273211896060116,0.3806489666787609
141,3.049999999999975,0.2412211428763122,0.0,0.11958134278869176,0.36080248566500395
142,3.0999999999999748,0.2278165663069559,0.0,0.0914125232742788,0.3192290895812347
143,3.1499999999999746,0.2144119897376009,0.0,-0.012878390639992762,0.20153359909760812
144,3.1999999999999744,0.2010074131682462,0.0,-0.2887539086426385,-0.08774649547439231
145,3.2499999999999742,0.1876028365988902,0.0,0.23729277889685163,0.42489561549574184
146,3.299999999999974,0.1741982600295348,0.0,-0.014754626105283445,0.15944363392425137
147,3.349999999999974,0.1607936834601795,0.0,-0.1589638281870452,0.001829855273134312
148,3.3999999999999737,0.1473891068908244,0.0,0.0443362304025379,0.1917253372933623
149,3.449999999999973,0.1339845303214683,0.0,0.1660628173314395,0.30004734765290775
150,3.4999999999999734,0.1205799537521127,0.0,0.17117641011186396,0.29175636386397663
151,3.549999999999973,0.1071753771827582,0.0,0.04995846344944944,0.15713384063220764
152,3.599999999999973,0.093770800613402,0.0,0.17799658764310142,0.27176738825650343
153,3.649999999999973,0.0803715171590111,0.0,-0.013880167644903156,0.06649134951410794
154,3.6999999999999726,0.0669762642991765,0.0,0.08288660466732611,0.1498628689665026
155,3.749999999999973,0.0535810114393409,0.0,0.14245681880402722,0.19603783024336813
156,3.799999999999972,0.0401857585795054,0.0,-0.07515154877996917,-0.034965790200463774
157,3.849999999999972,0.0267905057196704,0.0,0.022080791902751157,0.04887129762242155
158,3.899999999999972,0.0133952528598354,0.0,-0.006395002418392558,0.007000250441442843
159,3.949999999999972,0.0,0.0,0.12075353783309077,0.12075353783309077
160,-4.0,0.4586370149986866,1.0,-0.10975486933453893,0.34888214566414766
161,-3.95,0.4522893210382342,1.0,-0.21145849425151697,0.24083082678671724
162,-3.9,0.4459416270777817,1.0,0.18068420556013987,0.6266258326379215
163,-3.850000000000001,0.4395939331173293,1.0,0.08547446634144788,0.5250683994587771
164,-3.8000000000000007,0.4332462391568764,1.0,0.10920807715971102,0.5424543163165874
165,-3.750000000000001,0.4268985451964236,1.0,0.1767689032700625,0.6036674484664861
166,-3.700000000000001,0.4205508512359712,1.0,0.04702059828762207,0.46757144952359325
167,-3.650000000000001,0.4142031572755189,1.0,-3.985055160308534e-05,0.41416330672391577
168,-3.6000000000000014,0.4078554633150665,1.0,-0.012963291731664738,0.3948921715834018
169,-3.5500000000000016,0.4015077693546135,1.0,-0.17494380616525926,0.22656396318935426
170,-3.5000000000000018,0.3951600753941608,1.0,0.05051715439443158,0.44567722978859237
171,-3.450000000000002,0.3888123814337088,1.0,0.08983421635413101,0.4786465977878398
172,-3.400000000000002,0.3824646874732562,1.0,0.003559713763462256,0.38602440123671844
173,-3.3500000000000023,0.3761169935128033,1.0,0.09219090473362508,0.4683078982464284
174,-3.3000000000000025,0.3705596604983013,1.0,-0.3781053884111865,-0.007545727912885214
175,-3.2500000000000027,0.3651332397491155,1.0,0.11347825332822808,0.4786114930773436
176,-3.200000000000003,0.3597068189999303,1.0,-0.056737146220461124,0.3029696727794692
177,-3.150000000000003,0.3542803982507449,1.0,-0.036613366518599616,0.3176670317321453
178,-3.100000000000003,0.3488539775015596,1.0,0.17548642743412116,0.5243404049356808
179,-3.050000000000004,0.3434275567523741,1.0,0.08328220662223974,0.4267097633746138
180,-3.000000000000004,0.3380011360031887,1.0,0.06096861308922251,0.39896974909241123
181,-2.950000000000004,0.3325747152540035,1.0,0.06839898355673495,0.40097369881073847
182,-2.900000000000004,0.3271482945048181,1.0,-0.1969297754610969,0.13021851904372117
183,-2.850000000000004,0.3217218737556326,1.0,-0.24111215547576287,0.08060971827986974
184,-2.8000000000000043,0.3162954530064472,1.0,0.22323942606491246,0.5395348790713597
185,-2.7500000000000044,0.3108690322572618,1.0,0.12852713148746006,0.4393961637447219
186,-2.7000000000000046,0.3054426115080766,1.0,-0.10031199179351213,0.20513061971456448
187,-2.650000000000005,0.3000161907588912,1.0,0.006774869856471062,0.30679106061536227
188,-2.600000000000005,0.2939947593194995,1.0,0.07605719713808845,0.3700519564575879
189,-2.550000000000005,0.2876609594612483,1.0,-0.1306150280751064,0.15704593138614192
190,-2.5000000000000053,0.2813271596029972,1.0,0.2030674268418341,0.4843945864448313
191,-2.450000000000005,0.2749933597447461,1.0,-0.0711562897689494,0.2038370699757967
192,-2.4000000000000057,0.268659559886495,1.0,0.05648862648726754,0.3251481863737625
193,-2.350000000000006,0.262325760028244,1.0,0.019285256037660122,0.2816110160659041
194,-2.300000000000006,0.2559919601699928,1.0,0.11447449475473759,0.3704664549247304
195,-2.250000000000006,0.2496581603117417,1.0,-0.011836627951487735,0.23782153236025397
196,-2.2000000000000064,0.2433243604534908,1.0,-0.13907780980343978,0.104246550650051
197,-2.1500000000000066,0.2369905605952397,1.0,-0.052673941743366544,0.18431661885187317
198,-2.1000000000000068,0.2306567607369886,1.0,0.20721340314009368,0.4378701638770823
199,-2.050000000000007,0.2243229608787375,1.0,-0.19473390705499724,0.029589053823740247
200,-2.000000000000007,0.2179891610204865,1.0,-0.17191523112544146,0.046073929895045024
201,-1.9500000000000075,0.2116553611622353,1.0,0.13530032169120504,0.34695568285344036
202,-1.9000000000000077,0.2053215613039842,1.0,0.10417318954674762,0.30949475085073186
203,-1.850000000000008,0.1989877614457333,1.0,0.06832366156083418,0.26731142300656746
204,-1.8000000000000078,0.1926539615874822,1.0,-0.14088327841637557,0.05177068317110661
205,-1.750000000000008,0.186320161729231,1.0,-0.04435482560827392,0.14196533612095708
206,-1.7000000000000082,0.1799863618709799,1.0,-0.22020782022552393,-0.04022145835454402
207,-1.6500000000000083,0.1736525620127289,1.0,-0.006695446272066594,0.16695711574066233
208,-1.6000000000000083,0.1673187621544778,1.0,-0.04398157470005873,0.12333718745441907
209,-1.5500000000000087,0.1609849622962266,1.0,-0.20728878968195003,-0.04630382738572342
210,-1.5000000000000089,0.1546511624379755,1.0,-0.01962548819770433,0.13502567424027118
211,-1.450000000000009,0.1483173625797246,1.0,0.13165331127112476,0.2799706738508494
212,-1.4000000000000092,0.1419835627214735,1.0,0.021822630954584952,0.16380619367605845
213,-1.3500000000000094,0.1356497628632225,1.0,0.19828269269151333,0.33393245555473583
214,-1.3000000000000096,0.1293159630049713,1.0,-0.012915266826248327,0.11640069617872298
215,-1.2500000000000098,0.1229821631467203,1.0,0.15178228432993468,0.27476444747665496
216,-1.20000000000001,0.1166483632884691,1.0,0.05482740285295333,0.17147576614142243
217,-1.15000000000001,0.1103145634302181,1.0,-0.020440734363679536,0.08987382906653857
218,-1.1000000000000103,0.103980763571967,1.0,0.03292333010091221,0.1369040936728792
219,-1.0500000000000105,0.0976469637137159,1.0,-0.1149909521752834,-0.01734398846156751
220,-1.0000000000000109,0.0913131638554648,1.0,0.043167029245346246,0.13448019310081105
221,-0.9500000000000108,0.0849793639972137,1.0,0.08419205247676874,0.16917141647398243
222,-0.900000000000011,0.0757732710428177,1.0,-0.045884995318656634,0.029888275724161063
223,-0.8500000000000112,0.047615957109166,1.0,-0.05690681922392196,-0.009290862114755959
224,-0.8000000000000114,0.0124780650863436,1.0,-0.05637327673910658,-0.04389521165276298
225,-0.7500000000000115,0.0045726600339923,1.0,-0.1180692432249009,-0.11349658319090859
226,-0.7000000000000117,0.0,1.0,-0.08180472454907839,-0.08180472454907839
227,-0.6500000000000119,0.0012451208986822,1.0,0.09939697421250497,0.10064209511118717
228,-0.6000000000000121,0.0048324209993783,1.0,0.014976720005026901,0.0198091410044052
229,-0.5500000000000123,0.0318857100812477,1.0,0.23979758147025992,0.2716832915515076
230,-0.5000000000000124,0.0462542447972885,1.0,-0.21666562993367255,-0.17041138513638404
231,-0.4500000000000126,0.0580722545713798,1.0,-0.009460658874780625,0.048611595696599175
232,-0.4000000000000128,0.0681429800220394,1.0,0.13980781966109318,0.20795079968313257
233,-0.3500000000000129,0.0786181064612057,1.0,0.14801912592840832,0.22663723238961403
234,-0.3000000000000131,0.089093232900372,1.0,0.01080547388322674,0.09989870678359873
235,-0.2500000000000133,0.0995683593395382,1.0,0.05580389918844781,0.155372258527986
236,-0.2000000000000135,0.1100434857787044,1.0,0.12527443994573803,0.23531792572444243
237,-0.1500000000000136,0.1195749923809304,1.0,0.15215842882485292,0.2717334212057833
238,-0.1000000000000138,0.1280584086743851,1.0,-0.3107269774299384,-0.1826685687555533
239,-0.050000000000014,0.1396843220753809,1.0,-0.009344680073015954,0.13033964200236495
240,-1.4210854715202004e-14,0.1522779569309525,1.0,0.12841916490039423,0.28069712183134676
241,0.0499999999999856,0.1655654157871353,1.0,0.1070599478622186,0.2726253636493539
242,0.0999999999999854,0.1789799666097229,1.0,0.20163568388964495,0.38061565049936785
243,0.1499999999999852,0.1923945174323107,1.0,0.14755449809941384,0.3399490155317245
244,0.199999999999985,0.2050005339405884,1.0,-0.09627552109561636,0.10872501284497203
245,0.2499999999999849,0.2169758463086588,1.0,-0.22699738585877258,-0.010021539550113784
246,0.2999999999999847,0.228951158676729,1.0,0.29947040270841785,0.5284215613851468
247,0.3499999999999845,0.2409264710447994,1.0,-0.10992829401002202,0.13099817703477737
248,0.3999999999999843,0.2529017834128697,1.0,0.01095288046849725,0.2638546638813669
249,0.4499999999999842,0.26487709578094,1.0,0.08279416660238778,0.3476712623833278
250,0.499999999999984,0.2768524081490103,1.0,-0.11067762737554278,0.16617478077346753
251,0.5499999999999838,0.2888277205170805,1.0,-0.03618539395972257,0.2526423265573579
252,0.5999999999999837,0.3008030328851511,1.0,0.07800789201914278,0.37881092490429386
253,0.6499999999999835,0.3127783452532212,1.0,-0.025677434055824382,0.2871009111973968
254,0.6999999999999833,0.3247536576212917,1.0,0.11340441139192482,0.4381580690132165
255,0.7499999999999831,0.3367289699893618,1.0,-0.11082917771866681,0.225899792270695
256,0.799999999999983,0.3487042823574321,1.0,-0.06039546314497135,0.28830881921246077
257,0.8499999999999828,0.3606795947255025,1.0,0.20776713423398818,0.5684467289594907
258,0.8999999999999826,0.372616349781101,1.0,0.006674078319522689,0.3792904281006237
259,0.9499999999999824,0.3813359294360211,1.0,-0.2757371554870221,0.10559877394899903
260,0.9999999999999822,0.3900935586942948,1.0,0.007366418881438699,0.3974599775757335
261,1.049999999999982,0.3988790204019576,1.0,0.07733328002615665,0.47621230042811424
262,1.099999999999982,0.4076644821096208,1.0,-0.03214869287290842,0.37551578923671236
263,1.1499999999999817,0.4164499438172838,1.0,0.0894911091142423,0.505941052931526
264,1.1999999999999815,0.4252354055249465,1.0,-0.04489270148820219,0.3803427040367443
265,1.2499999999999811,0.4339860337126112,1.0,-0.12378215712640574,0.31020387658620546
266,1.2999999999999812,0.4438073010684866,1.0,0.13491620050371864,0.5787235015722052
267,1.349999999999981,0.4542416487958455,1.0,0.5558641737094437,1.0101058225052892
268,1.3999999999999808,0.4646759965232035,1.0,0.09059653711317622,0.5552725336363797
269,1.4499999999999806,0.4751103442505623,1.0,0.07987294668220284,0.5549832909327651
270,1.4999999999999805,0.4855446919779208,1.0,-0.017846985630163327,0.4676977063477574
271,1.5499999999999805,0.4959790397052793,1.0,0.2443567043777878,0.7403357440830671
272,1.59999999999998,0.5064133874326376,1.0,0.028228957923401115,0.5346423453560387
273,1.64999999999998,0.5168477351599965,1.0,-0.14536603458717368,0.3714817005728228
274,1.6999999999999795,0.5272820828873548,1.0,-0.032034811572676535,0.4952472713146783
275,1.7499999999999796,0.5377164306147132,1.0,0.04171768815324306,0.5794341187679563
276,1.7999999999999794,0.5481507783420715,1.0,-0.03847741094614532,0.5096733673959262
277,1.8499999999999792,0.5585851260694307,1.0,0.13502704770750967,0.6936121737769403
278,1.899999999999979,0.5690194737967889,1.0,-0.035348801258982286,0.5336706725378065
279,1.9499999999999789,0.5794538215241475,1.0,-0.009153052631455433,0.5703007688926921
280,1.999999999999979,0.5898881692515058,1.0,-0.16061674689569613,0.4292714223558096
281,2.0499999999999785,0.6003225169788644,1.0,-0.03718220789114782,0.5631403090877166
282,2.0999999999999783,0.6107568647062231,1.0,0.08626467245958487,0.6970215371658081
283,2.149999999999978,0.6211912124335814,1.0,0.23472369714966834,0.8559149095832498
284,2.199999999999978,0.63162556016094,1.0,-0.29012898076314725,0.3414965793977927
285,2.249999999999978,0.6420599078882986,1.0,-0.18752970193086865,0.45453020595742993
286,2.2999999999999776,0.652494255615657,1.0,-0.050103605968690186,0.6023906496469668
287,2.349999999999977,0.6629286033430155,1.0,0.16601539256554748,0.8289439959085629
288,2.3999999999999773,0.6733629510703739,1.0,-0.011225902770785362,0.6621370482995885
289,2.449999999999977,0.6837972987977329,1.0,-0.03443529727564145,0.6493620015220914
290,2.499999999999977,0.6942316465250912,1.0,0.27437700379364477,0.9686086503187359
291,2.5499999999999767,0.7046659942524492,1.0,0.042697746682651826,0.747363740935101
292,2.599999999999977,0.7151003419798081,1.0,0.22773693018227975,0.9428372721620879
293,2.6499999999999764,0.7255346897071668,1.0,-0.07362844245060417,0.6519062472565627
294,2.699999999999976,0.7359690374345251,1.0,0.014961483712007837,0.7509305211465329
295,2.749999999999976,0.7464033851618841,1.0,0.11753219540514134,0.8639355805670255
296,2.799999999999976,0.7568377328892425,1.0,0.17705124013149387,0.9338889730207364
297,2.849999999999976,0.7672720806166009,1.0,0.019267033492491155,0.786539114109092
298,2.8999999999999755,0.7777064283439593,1.0,-0.1467030088680804,0.6310034194758789
299,2.9499999999999758,0.7881407760713178,1.0,-0.029832666477040255,0.7583081095942775
300,2.999999999999975,0.798575123798676,1.0,-0.06850167597333395,0.7300734478253421
301,3.049999999999975,0.8090094715260351,1.0,-0.1448318203274661,0.664177651198569
302,3.0999999999999748,0.8194438192533937,1.0,-0.1587723749994771,0.6606714442539166
303,3.1499999999999746,0.8298781669807517,1.0,0.07554206597233973,0.9054202329530914
304,3.1999999999999744,0.8403889227306016,1.0,0.02297478998658742,0.863363712717189
305,3.2499999999999742,0.8510296612152286,1.0,-0.00011286346920110064,0.8509167977460275
306,3.299999999999974,0.8616703996998548,1.0,-0.10159880202891018,0.7600715976709447
307,3.349999999999974,0.8723111381844809,1.0,0.027523526619698927,0.8998346648041798
308,3.3999999999999737,0.882951876669108,1.0,0.01590050946257968,0.8988523861316877
309,3.449999999999973,0.8935926151537346,1.0,0.11417511467740671,1.0077677298311412
310,3.4999999999999734,0.904233353638361,1.0,0.0708212941215082,0.9750546477598692
311,3.549999999999973,0.9148740921229872,1.0,0.08743311481287872,1.0023072069358658
312,3.599999999999973,0.9255148306076136,1.0,0.020425711186654386,0.945940541794268
313,3.649999999999973,0.93615556909224,1.0,0.05708796201532989,0.9932435311075698
314,3.6999999999999726,0.9467963075768668,1.0,-0.01748679967435057,0.9293095079025163
315,3.749999999999973,0.957437046061493,1.0,-0.11175889604881534,0.8456781500126778
316,3.799999999999972,0.9680777845461196,1.0,0.10077457861006842,1.068852363156188
317,3.849999999999972,0.9787185230307464,1.0,0.16362681863645087,1.1423453416671971
318,3.899999999999972,0.9893592615153728,1.0,-0.12419014382751009,0.8651691176878626
319,3.949999999999972,0.9999999999999998,1.0,0.1721392711641888,1.1721392711641885
320,-4.0,0.0393290909661475,2.0,0.002284183340659822,0.04161327430680732
321,-3.95,0.0391222676117074,2.0,-0.23181223946222734,-0.19268997185051995
322,-3.9,0.0389154442572671,2.0,-0.27458774011881837,-0.23567229586155128
323,-3.850000000000001,0.038708620902827,2.0,0.03144447751187914,0.07015309841470614
324,-3.8000000000000007,0.0385017975483867,2.0,-0.03468225419793682,0.003819543350449879
325,-3.750000000000001,0.0382949741939466,2.0,-0.061308376067534504,-0.023013401873587906
326,-3.700000000000001,0.0380881508395063,2.0,-0.12178798517695914,-0.08369983433745284
327,-3.650000000000001,0.0378813274850661,2.0,-0.17735350717088633,-0.13947217968582024
328,-3.6000000000000014,0.0376745041306259,2.0,-0.3777956107509265,-0.3401211066203006
329,-3.5500000000000016,0.0373111664814177,2.0,-0.022776063652697257,0.01453510282872044
330,-3.5000000000000018,0.0368664372250157,2.0,-0.011156958174634643,0.02570947905038106
331,-3.450000000000002,0.0364217079686136,2.0,-0.04439577542244285,-0.007974067453829253
332,-3.400000000000002,0.0359769787122116,2.0,0.1003956418655002,0.1363726205777118
333,-3.3500000000000023,0.0355322494558095,2.0,-0.08968845625477412,-0.054156206798964615
334,-3.3000000000000025,0.0350875201994075,2.0,0.11897834747554226,0.15406586767494976
335,-3.2500000000000027,0.0346427909430054,2.0,0.11871207669214158,0.153354867635147
336,-3.200000000000003,0.0341980616866033,2.0,-0.08790299430871289,-0.05370493262210959
337,-3.150000000000003,0.0337533324302013,2.0,0.06948975753965562,0.10324308996985693
338,-3.100000000000003,0.0333086031737992,2.0,0.11315485628477227,0.14646345945857148
339,-3.050000000000004,0.0328638739173972,2.0,0.2172705549399967,0.2501344288573939
340,-3.000000000000004,0.0324191446609951,2.0,0.07963647893893182,0.11205562359992692
341,-2.950000000000004,0.0319744154045931,2.0,0.09559390792889888,0.127568323333492
342,-2.900000000000004,0.0315296861481911,2.0,-0.2938966807570298,-0.2623669946088387
343,-2.850000000000004,0.031084956891789,2.0,-0.08670659776744116,-0.05562164087565216
344,-2.8000000000000043,0.0306402276353869,2.0,0.016672697745338274,0.04731292538072517
345,-2.7500000000000044,0.0301954983789849,2.0,-0.03877985740312112,-0.00858435902413622
346,-2.7000000000000046,0.0297507691225828,2.0,0.002318237308895697,0.032069006431478496
347,-2.650000000000005,0.0293060398661807,2.0,0.03853874478090194,0.06784478464708264
348,-2.600000000000005,0.0288613106097787,2.0,0.08790353724488631,0.11676484785466501
349,-2.550000000000005,0.0284165813533766,2.0,0.07642501188545217,0.10484159323882877
350,-2.5000000000000053,0.0279718520969746,2.0,-0.04396079457600933,-0.015988942479034728
351,-2.450000000000005,0.0275271228405725,2.0,0.04374361021685231,0.07127073305742482
352,-2.4000000000000057,0.0270547116553249,2.0,0.05479406754497191,0.08184877920029682
353,-2.350000000000006,0.0267921973143022,2.0,0.2175110205358399,0.24430321785014208
354,-2.300000000000006,0.0265296829732792,2.0,0.2439392840387758,0.270468967012055
355,-2.250000000000006,0.0262671686322566,2.0,0.141770000005782,0.16803716863803858
356,-2.2000000000000064,0.0260046542912338,2.0,0.04351058320805824,0.06951523749929205
357,-2.1500000000000066,0.025742139950211,2.0,0.03972603110825965,0.06546817105847065
358,-2.1000000000000068,0.0254796256091882,2.0,0.07905053838981727,0.10453016399900547
359,-2.050000000000007,0.0252171112681654,2.0,0.03711144226811707,0.06232855353628247
360,-2.000000000000007,0.0249545969271426,2.0,-0.08746531731173234,-0.06251072038458974
361,-1.9500000000000075,0.0246920825861199,2.0,-0.13713913620804002,-0.11244705362192012
362,-1.9000000000000077,0.0241615273449469,2.0,0.03307182630255407,0.05723335364750097
363,-1.850000000000008,0.0234587420488162,2.0,-0.058809707889809236,-0.03535096584099304
364,-1.8000000000000078,0.0227559567526855,2.0,-0.1530788518345673,-0.1303228950818818
365,-1.750000000000008,0.0220531714565549,2.0,-0.07565148477755262,-0.05359831332099772
366,-1.7000000000000082,0.0213503861604242,2.0,-0.2558621451930589,-0.2345117590326347
367,-1.6500000000000083,0.0206476008642936,2.0,0.07126737813195685,0.09191497899625045
368,-1.6000000000000083,0.0199448155681629,2.0,-0.16974922126323277,-0.14980440569506986
369,-1.5500000000000087,0.0192420302720322,2.0,0.0438145051802225,0.0630565354522547
370,-1.5000000000000089,0.0185392449759016,2.0,-0.09502992159095729,-0.07649067661505568
371,-1.450000000000009,0.0178364596797708,2.0,0.21479727732739498,0.23263373700716578
372,-1.4000000000000092,0.0171336743836402,2.0,0.05832614047828743,0.07545981486192763
373,-1.3500000000000094,0.0177506023948747,2.0,-0.0075185786125821575,0.010232023782292543
374,-1.3000000000000096,0.0187627377330422,2.0,0.08888579028529148,0.10764852801833368
375,-1.2500000000000098,0.0197748730712097,2.0,-0.10502798292723403,-0.08525310985602433
376,-1.20000000000001,0.0198012129403788,2.0,-0.2736636461326369,-0.2538624331922581
377,-1.15000000000001,0.0196782793331205,2.0,0.093681830741786,0.1133601100749065
378,-1.1000000000000103,0.0195553457258622,2.0,-0.1292764465534595,-0.10972110082759728
379,-1.0500000000000105,0.019432412118604,2.0,-0.11488528929399865,-0.09545287717539465
380,-1.0000000000000109,0.0193094785113457,2.0,0.07928845718852782,0.09859793569987352
381,-0.9500000000000108,0.0191865449040875,2.0,-0.060630846365205014,-0.041444301461117515
382,-0.900000000000011,0.018801027038863,2.0,0.08680263308619875,0.10560366012506175
383,-0.8500000000000112,0.0175836574175088,2.0,-0.36230456841265424,-0.34472091099514546
384,-0.8000000000000114,0.0163662877961547,2.0,0.02459526338024284,0.04096155117639754
385,-0.7500000000000115,0.0151489181748006,2.0,-0.007887602602121568,0.007261315572679032
386,-0.7000000000000117,0.0137281816123366,2.0,0.1094775011928653,0.1232056828052019
387,-0.6500000000000119,0.0120657886760272,2.0,0.27605282948471727,0.28811861816074447
388,-0.6000000000000121,0.0104033957397178,2.0,-0.15243533585419541,-0.14203194011447762
389,-0.5500000000000123,0.0087410028034084,2.0,-0.07841925115820358,-0.06967824835479519
390,-0.5000000000000124,0.0071531299275621,2.0,0.0989418790226007,0.1060950089501628
391,-0.4500000000000126,0.005670059764219,2.0,-0.20390240838567553,-0.19823234862145653
392,-0.4000000000000128,0.0041869896008759,2.0,-0.07353415720403225,-0.06934716760315635
393,-0.3500000000000129,0.0028220101841036,2.0,-0.10753063312386764,-0.10470862293976405
394,-0.3000000000000131,0.0015898572122385,2.0,0.1449372617171773,0.1465271189294158
395,-0.2500000000000133,0.0003577042403733,2.0,-0.2770809902513589,-0.2767232860109856
396,-0.2000000000000135,0.0,2.0,0.19672786597798272,0.19672786597798272
397,-0.1500000000000136,0.0060748383274847,2.0,-0.30167358787151305,-0.29559874954402837
398,-0.1000000000000138,0.0103154572874026,2.0,0.09777604350255704,0.10809150078995965
399,-0.050000000000014,0.0155591466853656,2.0,0.08126147522509478,0.09682062191046037
400,-1.4210854715202004e-14,0.0245852720720743,2.0,0.09162833740897096,0.11621360948104525
401,0.0499999999999856,0.033611397458783,2.0,0.028260746623563242,0.061872144082346245
402,0.0999999999999854,0.0432785301823477,2.0,-0.0002935498570039812,0.04298498032534372
403,0.1499999999999852,0.0526710560108569,2.0,0.006894757233808954,0.05956581324466585
404,0.199999999999985,0.0628126319275607,2.0,0.07258430435447606,0.13539693628203675
405,0.2499999999999849,0.0725665423959691,2.0,-0.19002595848015666,-0.11745941608418756
406,0.2999999999999847,0.0832575514521428,2.0,0.12265886027805568,0.20591641173019848
407,0.3499999999999845,0.096288341253728,2.0,0.004308657396474978,0.10059699865020297
408,0.3999999999999843,0.1093191310553131,2.0,0.023499650326599304,0.13281878138191242
409,0.4499999999999842,0.1217582621796628,2.0,0.10519864388320542,0.22695690606286822
410,0.499999999999984,0.1340926537274531,2.0,0.05898337447184923,0.19307602819930234
411,0.5499999999999838,0.1458202982254773,2.0,0.058349833684653275,0.20417013191013056
412,0.5999999999999837,0.1574145447423358,2.0,0.13908979116101505,0.29650433590335085
413,0.6499999999999835,0.1688815599424703,2.0,-0.11832800163087945,0.05055355831159086
414,0.6999999999999833,0.183688467249751,2.0,-0.11298284737749287,0.07070561987225812
415,0.7499999999999831,0.1994721584035786,2.0,0.10047748000092213,0.29994963840450073
416,0.799999999999983,0.2152558495574061,2.0,0.17806168723470306,0.3933175367921091
417,0.8499999999999828,0.2310395407112336,2.0,-0.050137787189718605,0.180901753521515
418,0.8999999999999826,0.2468142038977132,2.0,0.0585942136702504,0.3054084175679636
419,0.9499999999999824,0.2621223207048933,2.0,0.11140582982483764,0.37352815052973093
420,0.9999999999999822,0.2773115825689949,2.0,0.10899797049260797,0.38630955306160286
421,1.049999999999982,0.2887948679893685,2.0,-0.09647703352050603,0.19231783446886247
422,1.099999999999982,0.2989114865604687,2.0,0.3310109087251666,0.6299223952856352
423,1.1499999999999817,0.309028105131569,2.0,-0.08337779525983466,0.22565030987173432
424,1.1999999999999815,0.3187749262883623,2.0,-0.0024913148450797255,0.31628361144328254
425,1.2499999999999811,0.3279489456303209,2.0,-0.1303778266348783,0.1975711189954426
426,1.2999999999999812,0.3371229649722795,2.0,-0.19121542324628046,0.14590754172599904
427,1.349999999999981,0.3462949349704884,2.0,-0.04193988435668062,0.3043550506138078
428,1.3999999999999808,0.3554639232301666,2.0,0.01453745708122177,0.3700013803113884
429,1.4499999999999806,0.3645803394939824,2.0,0.007337002230290331,0.3719173417242727
430,1.4999999999999805,0.373562635406013,2.0,0.12226088788172004,0.49582352328773305
431,1.5499999999999805,0.3846394602434085,2.0,0.28865630272728604,0.6732957629706946
432,1.59999999999998,0.3960294409187816,2.0,0.10968684992435024,0.5057162908431319
433,1.64999999999998,0.408953219604204,2.0,-0.036952267380083816,0.37200095222412016
434,1.6999999999999795,0.4220875526341113,2.0,0.002069855864399907,0.4241574084985112
435,1.7499999999999796,0.4352218856640189,2.0,0.18217368342731882,0.6173955690913377
436,1.7999999999999794,0.4483562186939262,2.0,-0.16376653435892843,0.28458968433499776
437,1.8499999999999792,0.4614905517238337,2.0,0.06565681008696943,0.5271473618108031
438,1.899999999999979,0.4746248847537409,2.0,0.1549109267275422,0.6295358114812831
439,1.9499999999999789,0.4877592177836484,2.0,-0.13931358929509616,0.3484456284885522
440,1.999999999999979,0.5008935508135561,2.0,0.2685642773501185,0.7694578281636746
441,2.0499999999999785,0.5140278838434633,2.0,-0.01778130961427137,0.49624657422919194
442,2.0999999999999783,0.527162216873371,2.0,0.24014886031257404,0.767311077185945
443,2.149999999999978,0.5402965499032781,2.0,0.05343380800531574,0.5937303579085939
444,2.199999999999978,0.5534308829331855,2.0,-0.09416200519544986,0.45926887773773567
445,2.249999999999978,0.5671010968240133,2.0,0.34189888334264096,0.9089999801666543
446,2.2999999999999776,0.5805589600051149,2.0,-0.2208332606420819,0.359725699363033
447,2.349999999999977,0.5940168231862163,2.0,0.1803338412040655,0.7743506643902818
448,2.3999999999999773,0.6074746863673173,2.0,0.1697147567941589,0.7771894431614762
449,2.449999999999977,0.6208002106415024,2.0,-0.028984707748415797,0.5918155028930866
450,2.499999999999977,0.6337515201425988,2.0,-0.1146395064235316,0.5191120137190672
451,2.5499999999999767,0.6467028296436952,2.0,0.2256076130962362,0.8723104427399314
452,2.599999999999977,0.659654139144791,2.0,-0.09013013956668853,0.5695239995781025
453,2.6499999999999764,0.6726054486458866,2.0,-0.2064702158305457,0.46613523281534086
454,2.699999999999976,0.6855567581469832,2.0,-0.04690963737047545,0.6386471207765078
455,2.749999999999976,0.6985080676480793,2.0,0.12149874073482807,0.8200068083829073
456,2.799999999999976,0.7114631044664962,2.0,-0.3185572667604035,0.39290583770609266
457,2.849999999999976,0.7244253764684703,2.0,-0.10824113762730832,0.6161842388411619
458,2.8999999999999755,0.7373876484704441,2.0,0.04681304676067048,0.7842006952311146
459,2.9499999999999758,0.7503499204724178,2.0,0.02406747747723847,0.7744173979496562
460,2.999999999999975,0.7633121924743923,2.0,-0.029615742829298686,0.7336964496450936
461,3.049999999999975,0.7762744644763658,2.0,-0.06132848264883634,0.7149459818275294
462,3.0999999999999748,0.7892367364783401,2.0,0.07331161643948834,0.8625483529178285
463,3.1499999999999746,0.8021990084803138,2.0,0.2691575404924931,1.071356548972807
464,3.1999999999999744,0.8151612804822876,2.0,-0.07867922969160815,0.7364820507906795
465,3.2499999999999742,0.8281235524842615,2.0,-0.14536068803541585,0.6827628644488457
466,3.299999999999974,0.8410858244862356,2.0,-0.10426022966017295,0.7368255948260627
467,3.349999999999974,0.8540480964882095,2.0,0.11232272745546955,0.966370823943679
468,3.3999999999999737,0.8669500322691869,2.0,0.0469328084708864,0.9138828407400733
469,3.449999999999973,0.8792226954372695,2.0,0.11919446836392461,0.998417163801194
470,3.4999999999999734,0.8914953586053512,2.0,0.01736473198301339,0.9088600905883646
471,3.549999999999973,0.9037642624764122,2.0,-0.0941087492581297,0.8096555132182824
472,3.599999999999973,0.9159182084897513,2.0,0.06633309852677803,0.9822513070165293
473,3.649999999999973,0.9280721545030902,2.0,-0.009963194101819004,0.9181089604012712
474,3.6999999999999726,0.9402261005164284,2.0,-0.022297151919206667,0.9179289485972217
475,3.749999999999973,0.9523800465297676,2.0,-0.01601438346094138,0.9363656630688262
476,3.799999999999972,0.9645339925431056,2.0,0.04878966059466167,1.0133236531377672
477,3.849999999999972,0.9766879385564444,2.0,-0.18900577094238447,0.78768216761406
478,3.899999999999972,0.9884228282471668,2.0,-0.17669092400906353,0.8117319042381033
479,3.949999999999972,0.9999999999999998,2.0,0.10055368695393799,1.1005536869539378
480,-4.0,0.6347953274415208,3.0,0.24336126764650942,0.8781565950880302
481,-3.95,0.6276977692996192,3.0,0.11952561790211884,0.747223387201738
482,-3.9,0.6206002111577186,3.0,0.19527198600406456,0.8158721971617832
483,-3.850000000000001,0.6144740455286312,3.0,-0.001926699917378433,0.6125473456112527
484,-3.8000000000000007,0.6094228182488135,3.0,-0.03539127550528757,0.574031542743526
485,-3.750000000000001,0.6043715909689953,3.0,0.09565710635732419,0.7000286973263194
486,-3.700000000000001,0.5993203636891768,3.0,0.017561275540418732,0.6168816392295956
487,-3.650000000000001,0.5942691364093587,3.0,-0.013125926986955137,0.5811432094224036
488,-3.6000000000000014,0.5911104412200173,3.0,-0.09517942652125114,0.4959310146987662
489,-3.5500000000000016,0.588913720275074,3.0,0.0020149966188383233,0.5909287168939124
490,-3.5000000000000018,0.5867169993301317,3.0,-0.07586140816523773,0.510855591164894
491,-3.450000000000002,0.5845202783851892,3.0,0.04674669387035779,0.631266972255547
492,-3.400000000000002,0.582323557440247,3.0,-0.11433012120360109,0.4679934362366459
493,-3.3500000000000023,0.5801268364953042,3.0,0.2016608737069935,0.7817877102022976
494,-3.3000000000000025,0.5779301155503613,3.0,-0.16728198078030354,0.4106481347700578
495,-3.2500000000000027,0.5757333946054192,3.0,-0.47069693496853715,0.10503645963688202
496,-3.200000000000003,0.5714559435831428,3.0,0.14268733851403836,0.7141432820971811
497,-3.150000000000003,0.5662171458110855,3.0,-0.03650728492627552,0.52970986088481
498,-3.100000000000003,0.5612203672742532,3.0,0.02285781043461975,0.5840781777088729
499,-3.050000000000004,0.556519727653536,3.0,-0.1845133716729041,0.37200635598063186
500,-3.000000000000004,0.551819088032819,3.0,0.06665737920860841,0.6184764672414274
501,-2.950000000000004,0.547118448412102,3.0,0.0007427401172901545,0.5478611885293921
502,-2.900000000000004,0.5424178087913849,3.0,-0.040670990452907584,0.5017468183384773
503,-2.850000000000004,0.5377171691706684,3.0,0.10229459306655389,0.6400117622372222
504,-2.8000000000000043,0.5330165295499514,3.0,0.11107698597889323,0.6440935155288446
505,-2.7500000000000044,0.5292486996349148,3.0,0.14300383937391212,0.672252539008827
506,-2.7000000000000046,0.5257490400022237,3.0,-0.055601854485271426,0.4701471855169522
507,-2.650000000000005,0.5221649012811493,3.0,0.2807707483936551,0.8029356496748045
508,-2.600000000000005,0.5192508829497448,3.0,0.019715354254096987,0.5389662372038417
509,-2.550000000000005,0.5164716207290498,3.0,-0.1106578962896892,0.40581372443936065
510,-2.5000000000000053,0.5164353446929776,3.0,-0.03972093780526124,0.4767144068877163
511,-2.450000000000005,0.5151441232970779,3.0,-0.035279329621309,0.47986479367576895
512,-2.4000000000000057,0.5138529019011793,3.0,0.017953948881502094,0.5318068507826814
513,-2.350000000000006,0.5125616805052804,3.0,0.17643769343018853,0.688999373935469
514,-2.300000000000006,0.5112704591093817,3.0,0.15056228619692794,0.6618327453063096
515,-2.250000000000006,0.5099792377134825,3.0,-0.012385379594168505,0.497593858119314
516,-2.2000000000000064,0.5086880163175836,3.0,0.08444833593852727,0.5931363522561109
517,-2.1500000000000066,0.5073967949216848,3.0,0.04248614051436193,0.5498829354360467
518,-2.1000000000000068,0.506105573525786,3.0,-0.16054349547225358,0.34556207805353245
519,-2.050000000000007,0.5052398173204727,3.0,0.14466372349249407,0.6499035408129668
520,-2.000000000000007,0.5077443042948852,3.0,-0.2594158877145647,0.24832841658032045
521,-1.9500000000000075,0.5060636421085646,3.0,0.1505771023656429,0.6566407444742075
522,-1.9000000000000077,0.4982916931510318,3.0,-0.20963108343569056,0.28866060971534124
523,-1.850000000000008,0.4836666551123992,3.0,0.22541320779907284,0.7090798629114721
524,-1.8000000000000078,0.4688712899648333,3.0,-0.2549006214505195,0.2139706685143138
525,-1.750000000000008,0.4540317613727613,3.0,0.09232503032666003,0.5463567916994213
526,-1.7000000000000082,0.4390147847063448,3.0,-0.027289121072107504,0.4117256636342373
527,-1.6500000000000083,0.4239978080399287,3.0,-0.00470001503961214,0.41929779300031655
528,-1.6000000000000083,0.4089808313735126,3.0,0.002791455064851874,0.4117722864383645
529,-1.5500000000000087,0.3939638547070963,3.0,0.31058477993642397,0.7045486346435202
530,-1.5000000000000089,0.3789468780406801,3.0,-0.08645466806230703,0.2924922099783731
531,-1.450000000000009,0.3639299013742635,3.0,-0.13795092092642078,0.22597898044784273
532,-1.4000000000000092,0.3489129247078475,3.0,-0.2534380647102072,0.09547485999764033
533,-1.3500000000000094,0.3338959480414311,3.0,-0.054207571998006854,0.2796883760434242
534,-1.3000000000000096,0.3187305543973712,3.0,-0.060508671494083816,0.2582218829032874
535,-1.2500000000000098,0.3014211872345534,3.0,0.04776271326532533,0.34918390049987874
536,-1.20000000000001,0.284902474072242,3.0,-0.1353108058911803,0.1495916681810617
537,-1.15000000000001,0.2692531807295986,3.0,0.08049708304309336,0.3497502637726919
538,-1.1000000000000103,0.2494017005465919,3.0,-0.02859073312246717,0.2208109674241247
539,-1.0500000000000105,0.2295502203635845,3.0,-0.2988157095069286,-0.0692654891433441
540,-1.0000000000000109,0.2096987401805773,3.0,-0.0862760682355405,0.1234226719450368
541,-0.9500000000000108,0.1898472599975701,3.0,0.10750167572900544,0.29734893572657556
542,-0.900000000000011,0.169995779814563,3.0,-0.0012122749919219547,0.16878350482264104
543,-0.8500000000000112,0.1505741250209358,3.0,0.005918955367436449,0.15649308038837226
544,-0.8000000000000114,0.1313029067606933,3.0,0.10906662203905008,0.24036952879974338
545,-0.7500000000000115,0.1117080907360372,3.0,0.05846557629154742,0.17017366702758463
546,-0.7000000000000117,0.0921132747113809,3.0,0.06868961508049483,0.16080288979187574
547,-0.6500000000000119,0.0730450060663056,3.0,-0.039403142162644365,0.03364186390366123
548,-0.6000000000000121,0.0559813604629485,3.0,0.03637056074775448,0.09235192121070299
549,-0.5500000000000123,0.0406494590459812,3.0,0.251978954662419,0.2926284137084002
550,-0.5000000000000124,0.0278805294723058,3.0,0.28355259224088925,0.31143312171319504
551,-0.4500000000000126,0.01511159989863,3.0,0.21170146330370898,0.226813063202339
552,-0.4000000000000128,0.0035888825432306,3.0,0.08156430650946699,0.08515318905269759
553,-0.3500000000000129,0.0,3.0,-0.16087733237458451,-0.16087733237458451
554,-0.3000000000000131,0.0454066873959402,3.0,-0.3524826877899301,-0.30707600039398986
555,-0.2500000000000133,0.1269961408839286,3.0,0.1178073625702929,0.2448035034542215
556,-0.2000000000000135,0.2130030368253153,3.0,-0.1777556570163306,0.03524737980898471
557,-0.1500000000000136,0.2411692603846785,3.0,-0.09791174129639059,0.14325751908828793
558,-0.1000000000000138,0.2477281795368029,3.0,0.300598842396676,0.5483270219334789
559,-0.050000000000014,0.2546856663184944,3.0,0.0219226158669974,0.27660828218549177
560,-1.4210854715202004e-14,0.2807935303218373,3.0,0.14690443896625896,0.4276979692880962
561,0.0499999999999856,0.2917233913205824,3.0,-0.10509570430244046,0.18662768701814192
562,0.0999999999999854,0.315400926500868,3.0,0.14557735071828376,0.46097827721915174
563,0.1499999999999852,0.3319203669200402,3.0,-0.08825338822584172,0.24366697869419846
564,0.199999999999985,0.3471848680905771,3.0,-0.14187163617338827,0.2053132319171888
565,0.2499999999999849,0.3602302397700781,3.0,-0.23024940323883725,0.12998083653124087
566,0.2999999999999847,0.3699595924404089,3.0,-0.29021799362644835,0.07974159881396053
567,0.3499999999999845,0.3825766075168623,3.0,0.09502117841868202,0.4775977859355443
568,0.3999999999999843,0.3858811881257866,3.0,-0.23557349853344703,0.15030768959233956
569,0.4499999999999842,0.3812579967270442,3.0,0.010163844982075778,0.39142184170912
570,0.499999999999984,0.3805746632513791,3.0,-0.04357388093117276,0.33700078232020636
571,0.5499999999999838,0.3793242509505266,3.0,-0.1250887379782215,0.25423551297230507
572,0.5999999999999837,0.3804627920676271,3.0,0.08005908053539677,0.4605218726030239
573,0.6499999999999835,0.3816013331847275,3.0,0.046773860971006234,0.4283751941557337
574,0.6999999999999833,0.3824412959688785,3.0,0.024277372889369916,0.4067186688582484
575,0.7499999999999831,0.3910392750549977,3.0,-0.005029280406601938,0.38600999464839575
576,0.799999999999983,0.4023303565951778,3.0,0.10594476989921013,0.5082751264943879
577,0.8499999999999828,0.4136214381353582,3.0,0.10819771728679473,0.521819155422153
578,0.8999999999999826,0.4295263589158632,3.0,-0.057144402308863654,0.3723819566069996
579,0.9499999999999824,0.446154433555499,3.0,0.24937972349544626,0.6955341570509452
580,0.9999999999999822,0.4627825081951348,3.0,0.11189270141963602,0.5746752096147708
581,1.049999999999982,0.4786121466158399,3.0,-0.015219187561555419,0.46339295905428446
582,1.099999999999982,0.4941105123019305,3.0,0.03267320485930463,0.5267837171612351
583,1.1499999999999817,0.500665865098396,3.0,-0.059235952096298054,0.4414299130020979
584,1.1999999999999815,0.500127397597002,3.0,0.13928861810490312,0.6394160157019051
585,1.2499999999999811,0.4991006989275911,3.0,0.3202884406623082,0.8193891395898993
586,1.2999999999999812,0.4960465793377488,3.0,-0.22579639235945698,0.27025018697829184
587,1.349999999999981,0.4929924597479058,3.0,0.10064151509922865,0.5936339748471344
588,1.3999999999999808,0.4862876440689767,3.0,0.40604099016991496,0.8923286342388916
589,1.4499999999999806,0.4795907501899406,3.0,0.09033341403404305,0.5699241642239836
590,1.4999999999999805,0.4728938563109049,3.0,-0.12442168980287652,0.34847216650802837
591,1.5499999999999805,0.4781975054566844,3.0,-0.1666551109850658,0.3115423944716186
592,1.59999999999998,0.4859641167053315,3.0,0.11238319679457089,0.5983473134999024
593,1.64999999999998,0.493730727953979,3.0,-0.04882068581527449,0.4449100421387045
594,1.6999999999999795,0.5028139884890261,3.0,0.11507530132187364,0.6178892898108997
595,1.7499999999999796,0.510120067928618,3.0,-0.02522868764178437,0.4848913802868336
596,1.7999999999999794,0.5163962474406104,3.0,-0.10944239256765678,0.40695385487295366
597,1.8499999999999792,0.5226724269526035,3.0,-0.34802881500009253,0.174643611952511
598,1.899999999999979,0.5289486064645953,3.0,0.06355118196034029,0.5924997884249356
599,1.9499999999999789,0.535224785976588,3.0,-0.09375753792639194,0.441467248050196
600,1.999999999999979,0.5415009654885808,3.0,0.010465353795870649,0.5519663192844515
601,2.0499999999999785,0.5477771450005734,3.0,-0.028983085265536238,0.5187940597350371
602,2.0999999999999783,0.5540533245125654,3.0,-0.0029443977338112865,0.5511089267787541
603,2.149999999999978,0.560329504024558,3.0,0.08001213304230433,0.6403416370668623
604,2.199999999999978,0.5666056835365507,3.0,-0.09090756908129187,0.47569811445525884
605,2.249999999999978,0.5728818630485432,3.0,-0.01107535632270992,0.5618065067258332
606,2.2999999999999776,0.5791580425605357,3.0,0.0648718909283291,0.6440299334888648
607,2.349999999999977,0.5854342220725284,3.0,-0.0611853658565185,0.5242488562160099
608,2.3999999999999773,0.5918493340193911,3.0,-0.21865422479997118,0.3731951092194199
609,2.449999999999977,0.5988366806531534,3.0,-0.10916450532243914,0.4896721753307143
610,2.499999999999977,0.6058240272869164,3.0,0.07109608831962573,0.6769201156065422
611,2.5499999999999767,0.6128113739206792,3.0,-0.1933653365782948,0.4194460373423844
612,2.599999999999977,0.619798720554442,3.0,0.009759389550174639,0.6295581101046166
613,2.6499999999999764,0.6267860671882051,3.0,0.039721447746423486,0.6665075149346286
614,2.699999999999976,0.6337734138219677,3.0,-0.07293589050597038,0.5608375233159973
615,2.749999999999976,0.6478184423239847,3.0,0.05833295260739579,0.7061513949313805
616,2.799999999999976,0.6623586161684575,3.0,0.21139111763937699,0.8737497338078345
617,2.849999999999976,0.6768987900129307,3.0,-0.19784719829811784,0.47905159171481293
618,2.8999999999999755,0.6914389638574037,3.0,-0.015685376111025783,0.6757535877463778
619,2.9499999999999758,0.7059791377018764,3.0,0.004441127883645172,0.7104202655855215
620,2.999999999999975,0.7205193115463493,3.0,0.12598194394185758,0.8465012554882069
621,3.049999999999975,0.7359057966228691,3.0,-0.0460901639534677,0.6898156326694015
622,3.0999999999999748,0.7516327913827094,3.0,-0.012277573771664593,0.7393552176110448
623,3.1499999999999746,0.7673597861425502,3.0,0.25090445148535095,1.0182642376279012
624,3.1999999999999744,0.7824078032586841,3.0,-0.09608308717723105,0.6863247160814531
625,3.2499999999999742,0.7958256821429511,3.0,0.23342096624613645,1.0292466483890876
626,3.299999999999974,0.8092435610272192,3.0,-0.04821357293065173,0.7610299880965674
627,3.349999999999974,0.8226614399114868,3.0,-0.0783338260565744,0.7443276138549124
628,3.3999999999999737,0.836079318795754,3.0,-0.2493275046473251,0.5867518141484289
629,3.449999999999973,0.8494971976800221,3.0,0.22242900024267928,1.0719261979227013
630,3.4999999999999734,0.8629150765642892,3.0,0.006954481519512468,0.8698695580838017
631,3.549999999999973,0.8763329554485562,3.0,0.013140794194457744,0.889473749643014
632,3.599999999999973,0.8897508343328236,3.0,0.08027471811394105,0.9700255524467647
633,3.649999999999973,0.903168713217092,3.0,-0.12091367495816137,0.7822550382589306
634,3.6999999999999726,0.916586592101359,3.0,-0.047873678541413556,0.8687129135599454
635,3.749999999999973,0.9308340178009624,3.0,-0.13528674957190545,0.795547268229057
636,3.799999999999972,0.9462834478518884,3.0,0.3005297451237083,1.2468131929755968
637,3.849999999999972,0.9625879836257244,3.0,-0.1734221654862311,0.7891658181394933
638,3.899999999999972,0.9812939918128344,3.0,0.08134743150163516,1.0626414233144696
639,3.949999999999972,0.9999999999999438,3.0,-0.02503072511865827,0.9749692748812856
640,-4.0,0.999999999999877,4.0,-0.10413858348227514,0.8958614165176019
641,-3.95,0.9844616672158204,4.0,-0.10645447571825864,0.8780071914975618
642,-3.9,0.9678523006701428,4.0,0.15653498244575623,1.124387283115899
643,-3.850000000000001,0.94949234271859,4.0,-0.10554365130839181,0.8439486914101981
644,-3.8000000000000007,0.9311323847670396,4.0,0.08398025093707377,1.0151126357041134
645,-3.750000000000001,0.9127724268154884,4.0,0.018080570612209988,0.9308529974276984
646,-3.700000000000001,0.8944124688639381,4.0,-0.2886209920360745,0.6057914768278636
647,-3.650000000000001,0.8760525109123849,4.0,0.5018352860443549,1.3778877969567398
648,-3.6000000000000014,0.857692552960834,4.0,-0.16014020551729724,0.6975523474435368
649,-3.5500000000000016,0.8393325950092829,4.0,0.03672678151828817,0.876059376527571
650,-3.5000000000000018,0.8209726370577318,4.0,0.11418650947606133,0.9351591465337932
651,-3.450000000000002,0.8026497405764826,4.0,-0.03437358403863682,0.7682761565378459
652,-3.400000000000002,0.7846289758899232,4.0,-0.001814065045273466,0.7828149108446497
653,-3.3500000000000023,0.7700201996298441,4.0,0.026429498804877403,0.7964496984347216
654,-3.3000000000000025,0.7554833603742943,4.0,0.03266413554174038,0.7881474959160347
655,-3.2500000000000027,0.7409465211187446,4.0,0.09352947060796524,0.8344759917267098
656,-3.200000000000003,0.7264096818631944,4.0,-0.040891378350451105,0.6855183035127433
657,-3.150000000000003,0.7118728426076447,4.0,-0.058427171851179516,0.6534456707564652
658,-3.100000000000003,0.697336003352095,4.0,-0.05053101698062601,0.646804986371469
659,-3.050000000000004,0.6828275179446207,4.0,-0.0740318210221658,0.6087956969224549
660,-3.000000000000004,0.6683496544149196,4.0,-0.09631203939326037,0.5720376150216592
661,-2.950000000000004,0.6538717908852207,4.0,-0.0016635143758850007,0.6522082765093358
662,-2.900000000000004,0.639393927355521,4.0,-0.011516618093411578,0.6278773092621095
663,-2.850000000000004,0.6249160638258194,4.0,0.12567772355328383,0.7505937873791033
664,-2.8000000000000043,0.6104382002961204,4.0,-0.07785362054577327,0.5325845797503471
665,-2.7500000000000044,0.5959603367664208,4.0,0.0872756653609366,0.6832360021273574
666,-2.7000000000000046,0.5814824732367206,4.0,-0.04733515560919036,0.5341473176275303
667,-2.650000000000005,0.56700460970702,4.0,-0.20427407375793502,0.362730535949085
668,-2.600000000000005,0.5525267461773214,4.0,0.10404854976738956,0.656575295944711
669,-2.550000000000005,0.5380488826476212,4.0,-0.05090646768921426,0.48714241495840693
670,-2.5000000000000053,0.5235710191179204,4.0,-0.0989450066718362,0.42462601244608417
671,-2.450000000000005,0.509093155588221,4.0,0.21062335761888235,0.7197165132071033
672,-2.4000000000000057,0.4946152920585206,4.0,-0.003568100786739865,0.49104719127178076
673,-2.350000000000006,0.4801374285288216,4.0,-0.09503955080976279,0.3850978777190588
674,-2.300000000000006,0.465659564999121,4.0,0.26739556264890596,0.7330551276480269
675,-2.250000000000006,0.4511817014694211,4.0,0.22838063098788117,0.6795623324573022
676,-2.2000000000000064,0.4367038379397225,4.0,0.0919452196123354,0.5286490575520579
677,-2.1500000000000066,0.4222259744100198,4.0,0.1406813718420779,0.5629073462520977
678,-2.1000000000000068,0.4077481108803216,4.0,-0.27719645475551824,0.13055165612480335
679,-2.050000000000007,0.3932702473506209,4.0,0.08044963781315326,0.47371988516377417
680,-2.000000000000007,0.3787923838209212,4.0,-0.020360803554209776,0.3584315802667114
681,-1.9500000000000075,0.3643145202912216,4.0,-0.010792547460935904,0.3535219728302857
682,-1.9000000000000077,0.3498366567615216,4.0,0.06690274500134756,0.41673940176286917
683,-1.850000000000008,0.3353587932318226,4.0,-0.008934188746955125,0.3264246044848675
684,-1.8000000000000078,0.3208809297021223,4.0,0.08829641270615073,0.409177342408273
685,-1.750000000000008,0.3064030661724217,4.0,0.1103024076493225,0.41670547382174417
686,-1.7000000000000082,0.2919252026427216,4.0,-0.18650255997436224,0.10542264266835935
687,-1.6500000000000083,0.2774473391130219,4.0,0.09872671686924912,0.376174055982271
688,-1.6000000000000083,0.262969475583322,4.0,0.025106739511604907,0.2880762150949269
689,-1.5500000000000087,0.2485771613058225,4.0,-0.020196889102900923,0.22838027220292156
690,-1.5000000000000089,0.2353776977949149,4.0,0.12294429296051139,0.3583219907554263
691,-1.450000000000009,0.2221782342840077,4.0,-0.18205233294288148,0.04012590134112623
692,-1.4000000000000092,0.2089787707731007,4.0,0.09913373474949726,0.30811250552259795
693,-1.3500000000000094,0.195779307262194,4.0,-0.14672561533245423,0.04905369192973977
694,-1.3000000000000096,0.1827485569677553,4.0,0.05304173573808923,0.23579029270584453
695,-1.2500000000000098,0.1736829005571944,4.0,-0.10180344149488166,0.07187945906231274
696,-1.20000000000001,0.1726239677876132,4.0,0.008978431787896526,0.18160239957550972
697,-1.15000000000001,0.1715650350180319,4.0,-0.15535317284750083,0.016211862170531055
698,-1.1000000000000103,0.1705061022484505,4.0,0.0054990183996933275,0.17600512064814383
699,-1.0500000000000105,0.1694471694788695,4.0,-0.3638198221326708,-0.19437265265380127
700,-1.0000000000000109,0.1951809366251628,4.0,0.06702328332562375,0.2622042199507866
701,-0.9500000000000108,0.2479293268325985,4.0,0.1500226394593364,0.39795196629193486
702,-0.900000000000011,0.3009304256920568,4.0,-0.09981238533623485,0.20111804035582195
703,-0.8500000000000112,0.3561629900159008,4.0,0.03961979905522843,0.39578278907112924
704,-0.8000000000000114,0.4052569766521033,4.0,0.2425099191218464,0.6477668957739497
705,-0.7500000000000115,0.4320718462711759,4.0,0.12323156275265806,0.555303409023834
706,-0.7000000000000117,0.4626902032592262,4.0,0.15433681125688375,0.61702701451611
707,-0.6500000000000119,0.4939619605532023,4.0,-0.1296255149016153,0.36433644565158696
708,-0.6000000000000121,0.5202129791871043,4.0,0.15418028031666176,0.674393259503766
709,-0.5500000000000123,0.5465004421008739,4.0,0.12356316383689098,0.6700636059377649
710,-0.5000000000000124,0.560252032463555,4.0,-0.12244553986775775,0.4378064925957973
711,-0.4500000000000126,0.5611667238507466,4.0,0.11071291312953305,0.6718796369802796
712,-0.4000000000000128,0.5632266610802877,4.0,-0.08483531225630839,0.4783913488239794
713,-0.3500000000000129,0.5680777860403212,4.0,-0.23486719012639218,0.33321059591392904
714,-0.3000000000000131,0.5720642774426631,4.0,0.0363469462751021,0.6084112237177652
715,-0.2500000000000133,0.5720905153902519,4.0,-0.07488528791986204,0.49720522747038987
716,-0.2000000000000135,0.5725332309667233,4.0,0.06789561136889405,0.6404288423356173
717,-0.1500000000000136,0.5721817855308553,4.0,0.1352035853924066,0.7073853709232619
718,-0.1000000000000138,0.5713807898968186,4.0,0.03318022743616049,0.6045610173329791
719,-0.050000000000014,0.5702618957937665,4.0,0.17696617913592075,0.7472280749296872
720,-1.4210854715202004e-14,0.5670809267738085,4.0,0.17052479913559537,0.7376057259094039
721,0.0499999999999856,0.5494582298617078,4.0,0.32104419826636055,0.8705024281280683
722,0.0999999999999854,0.5318355329496054,4.0,-0.1740763217566891,0.3577592111929163
723,0.1499999999999852,0.5173506510152831,4.0,-0.18291650292241052,0.3344341480928726
724,0.199999999999985,0.5176698702860374,4.0,0.17822427387939008,0.6958941441654275
725,0.2499999999999849,0.5066929628310433,4.0,-0.13735162914400692,0.36934133368703637
726,0.2999999999999847,0.4932606437014586,4.0,0.21910000781358188,0.7123606515150405
727,0.3499999999999845,0.4798283245718732,4.0,-0.06359945069094428,0.4162288738809289
728,0.3999999999999843,0.4663960054422881,4.0,-0.12984876395072564,0.33654724149156245
729,0.4499999999999842,0.4529636863127029,4.0,-0.2147288951299117,0.2382347911827912
730,0.499999999999984,0.4395313671831166,4.0,0.05558326023724216,0.4951146274203587
731,0.5499999999999838,0.426099048053532,4.0,0.03414093144084857,0.46023997949438056
732,0.5999999999999837,0.4128887996169308,4.0,-0.21529492850694895,0.19759387110998186
733,0.6499999999999835,0.4000332906420716,4.0,0.024892953617277988,0.4249262442593496
734,0.6999999999999833,0.3842587315395809,4.0,-0.08128161901745992,0.302977112522121
735,0.7499999999999831,0.3618919534811793,4.0,0.11395870396806669,0.475850657449246
736,0.799999999999983,0.3395251754227759,4.0,-0.1415653179395184,0.19795985748325748
737,0.8499999999999828,0.3171583973643738,4.0,0.07682868468091157,0.3939870820452854
738,0.8999999999999826,0.2947916193059711,4.0,0.09538737966497958,0.39017899897095065
739,0.9499999999999824,0.2724248412475679,4.0,0.06733195285369023,0.33975679410125814
740,0.9999999999999822,0.2500580631891649,4.0,-0.007156168331622401,0.2429018948575425
741,1.049999999999982,0.2276912851307626,4.0,0.28941515702933845,0.517106442160101
742,1.099999999999982,0.2053245070723603,4.0,0.151591717073876,0.3569162241462363
743,1.1499999999999817,0.1829577290139571,4.0,-0.10943217294225321,0.07352555607170388
744,1.1999999999999815,0.1605909509555544,4.0,0.17111089700623228,0.3317018479617867
745,1.2499999999999811,0.138224172897151,4.0,0.17128014868070313,0.3095043215778541
746,1.2999999999999812,0.1158573948387483,4.0,-0.10271093441810694,0.013146460420641354
747,1.349999999999981,0.0934906167803462,4.0,0.21033374914610303,0.30382436592644924
748,1.3999999999999808,0.071123838721943,4.0,-0.023541020081690782,0.04758281864025222
749,1.4499999999999806,0.04875706066354,4.0,0.009673538480524789,0.05843059914406479
750,1.4999999999999805,0.0263902826051375,4.0,0.038534870167038875,0.06492515277217638
751,1.5499999999999805,0.0159546219789976,4.0,-0.11045069519841526,-0.09449607321941766
752,1.59999999999998,0.0106364146526659,4.0,0.06601508067869143,0.07665149533135733
753,1.64999999999998,0.0053182073263336,4.0,0.07958110457766257,0.08489931190399617
754,1.6999999999999795,0.0,4.0,-0.14950917672953815,-0.14950917672953815
755,1.7499999999999796,0.0070902321910491,4.0,0.32377541683802796,0.33086564902907706
756,1.7999999999999794,0.0170066403962504,4.0,0.09371849928044686,0.11072513967669725
757,1.8499999999999792,0.02692304860145,4.0,-0.09273632417878155,-0.06581327557733155
758,1.899999999999979,0.0368394568066499,4.0,0.03543782456483692,0.07227728137148681
759,1.9499999999999789,0.0467558650118512,4.0,-0.02345603053641587,0.023299834475435332
760,1.999999999999979,0.0566722732170503,4.0,-0.05321746564373507,0.003454807573315226
761,2.0499999999999785,0.0665886814222523,4.0,0.002295588069673048,0.06888426949192535
762,2.0999999999999783,0.0765050896274515,4.0,0.041839026630870496,0.118344116258322
763,2.149999999999978,0.0864214978326513,4.0,0.05113775040122256,0.13755924823387386
764,2.199999999999978,0.1023811376538325,4.0,-0.003355693985179166,0.09902544366865333
765,2.249999999999978,0.118954335124777,4.0,-0.24613275941302715,-0.12717842428825016
766,2.2999999999999776,0.1355275325957229,4.0,-0.09371409182451358,0.04181344077120931
767,2.349999999999977,0.1521007300666689,4.0,-0.03172708644365131,0.1203736436230176
768,2.3999999999999773,0.1686739275376146,4.0,-0.14633428404427676,0.022339643493337835
769,2.449999999999977,0.1852471250085589,4.0,0.11869605834080581,0.3039431833493647
770,2.499999999999977,0.2018203224795056,4.0,0.03576069576350481,0.23758101824301042
771,2.5499999999999767,0.218393519950452,4.0,-0.023834017547277164,0.19455950240317485
772,2.599999999999977,0.2349667174213965,4.0,0.06876096697262622,0.3037276843940227
773,2.6499999999999764,0.2515399148923416,4.0,-0.006961900085164205,0.24457801480717742
774,2.699999999999976,0.2681131123632879,4.0,-0.07942001188084417,0.1886931004824437
775,2.749999999999976,0.2846863098342317,4.0,0.07732681600981983,0.36201312584405154
776,2.799999999999976,0.3012595073051807,4.0,0.023582047801010683,0.3248415551061914
777,2.849999999999976,0.3178327047761264,4.0,-0.062075307487695484,0.25575739728843094
778,2.8999999999999755,0.3344059022470719,4.0,-0.1638083781174588,0.1705975241296131
779,2.9499999999999758,0.3509790997180175,4.0,-0.14298819496299361,0.20799090475502388
780,2.999999999999975,0.3675522971889627,4.0,-0.011122699236601736,0.35642959795236095
781,3.049999999999975,0.3841254946599068,4.0,0.1515494382378056,0.5356749328977124
782,3.0999999999999748,0.4006986921308538,4.0,-0.03019586292204913,0.3705028292088047
783,3.1499999999999746,0.4172718896017987,4.0,-0.08615485124946261,0.3311170383523361
784,3.1999999999999744,0.4338450870727433,4.0,-0.1366010637214574,0.29724402335128586
785,3.2499999999999742,0.4504182845436916,4.0,0.14207394112105085,0.5924922256647425
786,3.299999999999974,0.4669914820146382,4.0,0.05627082004511825,0.5232623020597564
787,3.349999999999974,0.4835646794855822,4.0,0.16313659971274527,0.6467012791983274
788,3.3999999999999737,0.500137876956528,4.0,-0.10303551315746232,0.3971023637990657
789,3.449999999999973,0.5167110744274727,4.0,0.04761035407259381,0.5643214285000665
790,3.4999999999999734,0.5332842718984184,4.0,-0.09381157293817873,0.4394726989602397
791,3.549999999999973,0.549857469369365,4.0,-0.028654218898250268,0.5212032504711147
792,3.599999999999973,0.5664306668403087,4.0,0.00809085506067919,0.5745215219009879
793,3.649999999999973,0.5830038643112571,4.0,0.1384128607433485,0.7214167250546055
794,3.6999999999999726,0.5995770617822022,4.0,0.30077527249820835,0.9003523342804105
795,3.749999999999973,0.6161502592531486,4.0,0.06290826569634543,0.679058524949494
796,3.799999999999972,0.6327234567240926,4.0,0.030921698403764932,0.6636451551278575
797,3.849999999999972,0.6492966541950405,4.0,-0.1761966264629857,0.47310002773205473
798,3.899999999999972,0.665869851665984,4.0,0.04771267519010429,0.7135825268560883
799,3.949999999999972,0.68244304913693,4.0,-0.02725798444307414,0.6551850646938558
800,-4.0,0.7485514165439853,5.0,-0.24929062892913345,0.4992607876148518
801,-3.95,0.75335159302726,5.0,-0.06782833546617764,0.6855232575610823
802,-3.9,0.7574660020263054,5.0,0.009371580645599292,0.7668375826719047
803,-3.850000000000001,0.7615554871308223,5.0,-0.24282518226886196,0.5187303048619604
804,-3.8000000000000007,0.7656449722353396,5.0,0.04101426699411691,0.8066592392294565
805,-3.750000000000001,0.7697344573398566,5.0,0.1772915203712689,0.9470259777111255
806,-3.700000000000001,0.7741694129420584,5.0,0.01076494168136099,0.7849343546234194
807,-3.650000000000001,0.7788598510748411,5.0,-0.015133759148680467,0.7637260919261607
808,-3.6000000000000014,0.783550289207623,5.0,-0.20280423242651271,0.5807460567811104
809,-3.5500000000000016,0.7882407273404057,5.0,-0.02404202622342693,0.7641987011169789
810,-3.5000000000000018,0.7929311654731879,5.0,-0.11667649583169257,0.6762546696414953
811,-3.450000000000002,0.7976216036059699,5.0,0.013397827260854566,0.8110194308668245
812,-3.400000000000002,0.8023120417387524,5.0,-0.09517481115517135,0.707137230583581
813,-3.3500000000000023,0.807002479871535,5.0,0.17163719633075877,0.9786396762022938
814,-3.3000000000000025,0.8116929180043171,5.0,-0.004154853155165099,0.807538064849152
815,-3.2500000000000027,0.8163833561370994,5.0,0.00706426749336444,0.8234476236304639
816,-3.200000000000003,0.8210737942698816,5.0,-0.040967088773730016,0.7801067054961516
817,-3.150000000000003,0.8257642324026638,5.0,0.1302061693843747,0.9559704017870385
818,-3.100000000000003,0.8304546705354463,5.0,0.15736885820616303,0.9878235287416093
819,-3.050000000000004,0.8351451086682284,5.0,0.033211905685124485,0.8683570143533529
820,-3.000000000000004,0.8398355468010109,5.0,0.10415264792356975,0.9439881947245806
821,-2.950000000000004,0.844525984933793,5.0,-0.16289028707378592,0.6816356978600071
822,-2.900000000000004,0.8492164230665755,5.0,0.05817585169361617,0.9073922747601917
823,-2.850000000000004,0.8539068611993581,5.0,-0.14979382258851898,0.7041130386108392
824,-2.8000000000000043,0.8585972993321401,5.0,0.1238185200657439,0.982415819397884
825,-2.7500000000000044,0.8632877374649226,5.0,0.21101927547434673,1.0743070129392693
826,-2.7000000000000046,0.8679781755977048,5.0,0.06359245356267282,0.9315706291603777
827,-2.650000000000005,0.872668613730487,5.0,0.009523344253305144,0.8821919579837921
828,-2.600000000000005,0.8773590518632693,5.0,-0.03840941134490732,0.8389496405183621
829,-2.550000000000005,0.8820494899960515,5.0,-0.035984521043878955,0.8460649689521725
830,-2.5000000000000053,0.886739928128834,5.0,0.021046476617479777,0.9077864047463138
831,-2.450000000000005,0.8914303662616162,5.0,0.06843568283359129,0.9598660490952075
832,-2.4000000000000057,0.8963197404576047,5.0,0.1332469999453442,1.029566740402949
833,-2.350000000000006,0.9012500971702326,5.0,0.10557293676920454,1.0068230339394373
834,-2.300000000000006,0.9061804538828608,5.0,0.13562265708327784,1.0418031109661388
835,-2.250000000000006,0.9111108105954888,5.0,0.12287018058950068,1.0339809911849895
836,-2.2000000000000064,0.9160411673081168,5.0,0.22413804187703046,1.1401792091851473
837,-2.1500000000000066,0.9209715240207452,5.0,-0.2138940083773684,0.7070775156433768
838,-2.1000000000000068,0.925901880733373,5.0,0.054834471666487916,0.9807363523998609
839,-2.050000000000007,0.9308322374460012,5.0,-0.02902334070630359,0.9018088967396976
840,-2.000000000000007,0.9357625941586296,5.0,0.011874443760870466,0.9476370379195
841,-1.9500000000000075,0.9406929508712576,5.0,0.0941077606025536,1.0348007114738111
842,-1.9000000000000077,0.9454715244468856,5.0,-0.02512193661597866,0.920349587830907
843,-1.850000000000008,0.946062655184728,5.0,-0.09755988126151714,0.8485027739232108
844,-1.8000000000000078,0.9466537859225702,5.0,-0.0007324325771404174,0.9459213533454298
845,-1.750000000000008,0.9484656588600606,5.0,0.043074566208387566,0.9915402250684482
846,-1.7000000000000082,0.9505919319588148,5.0,-0.0797160024519114,0.8708759295069033
847,-1.6500000000000083,0.9527182050575692,5.0,0.19524869489230356,1.1479668999498727
848,-1.6000000000000083,0.9548444781563232,5.0,0.061143547705090714,1.015988025861414
849,-1.5500000000000087,0.9576639602396936,5.0,-0.05984823775065295,0.8978157224890406
850,-1.5000000000000089,0.9602931246350318,5.0,-0.23211661982322943,0.7281765048118024
851,-1.450000000000009,0.962771539889526,5.0,0.005822270282542973,0.968593810172069
852,-1.4000000000000092,0.964932291759895,5.0,-0.17729999759710738,0.7876322941627877
853,-1.3500000000000094,0.9660009273473916,5.0,-0.19540296779256397,0.7705979595548277
854,-1.3000000000000096,0.9670664511554936,5.0,0.03859919621194406,1.0056656473674377
855,-1.2500000000000098,0.9681319749635956,5.0,-1.6439792532563728e-06,0.9681303309843423
856,-1.20000000000001,0.9691974987716978,5.0,-0.23108735118636378,0.738110147585334
857,-1.15000000000001,0.9702630225797996,5.0,0.06042037204882432,1.0306833946286238
858,-1.1000000000000103,0.972381085050844,5.0,-0.1840964544743688,0.7882846305764752
859,-1.0500000000000105,0.973839329695479,5.0,-0.2780089855633303,0.6958303441321487
860,-1.0000000000000109,0.9745665517704704,5.0,-0.009034068743730802,0.9655324830267396
861,-0.9500000000000108,0.9769866476133572,5.0,-0.16304754767673546,0.8139390999366217
862,-0.900000000000011,0.9803549694414012,5.0,0.2436757977604845,1.2240307672018857
863,-0.8500000000000112,0.9837232912694452,5.0,-0.03919030691165713,0.9445329843577881
864,-0.8000000000000114,0.9870916130974892,5.0,0.113096170810756,1.1001877839082452
865,-0.7500000000000115,0.9904599349255332,5.0,-0.00043840039051705536,0.9900215345350162
866,-0.7000000000000117,0.9938522212381656,5.0,-0.16452799918654254,0.829324222051623
867,-0.6500000000000119,0.997219935834464,5.0,-0.2471814147226753,0.7500385211117887
868,-0.6000000000000121,0.9999999999999958,5.0,0.04696303068315139,1.0469630306831472
869,-0.5500000000000123,0.99345340266023,5.0,0.22859648760340986,1.2220498902636399
870,-0.5000000000000124,0.9853817065068532,5.0,-0.05777527191136228,0.9276064345954909
871,-0.4500000000000126,0.9778040847586156,5.0,0.018445954042032985,0.9962500388006486
872,-0.4000000000000128,0.970226463010378,5.0,0.19179068489479958,1.1620171479051775
873,-0.3500000000000129,0.9626488412621406,5.0,0.20794294963171897,1.1705917908938595
874,-0.3000000000000131,0.9550712195139032,5.0,0.146454316627709,1.101525536141612
875,-0.2500000000000133,0.9405636465220676,5.0,0.010765876544542526,0.9513295230666101
876,-0.2000000000000135,0.9248010918143578,5.0,-0.2725005179663891,0.6523005738479687
877,-0.1500000000000136,0.9090385371066484,5.0,-0.16591491204146464,0.7431236250651838
878,-0.1000000000000138,0.8934864599930487,5.0,0.07149723867872394,0.9649836986717726
879,-0.050000000000014,0.8781016016636248,5.0,0.03919630349207571,0.9172979051557005
880,-1.4210854715202004e-14,0.8627167433342012,5.0,0.030109413414575213,0.8928261567487764
881,0.0499999999999856,0.8473318850047774,5.0,0.06157184686047785,0.9089037318652553
882,0.0999999999999854,0.8321890612506042,5.0,-0.021970360473277654,0.8102187007773266
883,0.1499999999999852,0.8233248334098892,5.0,-0.11429685649628568,0.7090279769136034
884,0.199999999999985,0.8157020116158826,5.0,-0.22384374180987054,0.5918582698060121
885,0.2499999999999849,0.8080791898218763,5.0,0.13990343508466077,0.9479826249065371
886,0.2999999999999847,0.8011993036128084,5.0,0.04011576655809195,0.8413150701709003
887,0.3499999999999845,0.7950998547846605,5.0,-0.021495474679371608,0.7736043801052889
888,0.3999999999999843,0.7890004059565127,5.0,-0.11835760631130628,0.6706427996452063
889,0.4499999999999842,0.7829009571283652,5.0,0.013465447124774701,0.7963664042531399
890,0.499999999999984,0.7772267825452124,5.0,0.12114093094623475,0.8983677134914472
891,0.5499999999999838,0.7715763940013113,5.0,0.2625094490478157,1.034085843049127
892,0.5999999999999837,0.7648398379924873,5.0,0.08203854489377918,0.8468783828862665
893,0.6499999999999835,0.7544578672607717,5.0,0.16917499902323238,0.9236328662840041
894,0.6999999999999833,0.7409598912646491,5.0,0.048622826844257866,0.789582718108907
895,0.7499999999999831,0.7267629906024964,5.0,0.07601784549844519,0.8027808361009415
896,0.799999999999983,0.712370825606969,5.0,-0.11320797331856695,0.599162852288402
897,0.8499999999999828,0.6979786606114414,5.0,-0.03639618832639889,0.6615824722850425
898,0.8999999999999826,0.6835864956159139,5.0,-0.05600738339283679,0.627579112223077
899,0.9499999999999824,0.6691943306203865,5.0,-0.07425177722345778,0.5949425533969287
900,0.9999999999999822,0.6557127319187877,5.0,-0.1150502394985493,0.5406624924202383
901,1.049999999999982,0.6429275066546019,5.0,0.007664284568460432,0.6505917912230623
902,1.099999999999982,0.6301422813904163,5.0,0.0652228688083644,0.6953651501987806
903,1.1499999999999817,0.6176726485017431,5.0,0.04725158004341645,0.6649242285451595
904,1.1999999999999815,0.6057395341999786,5.0,0.11036233729388109,0.7161018714938597
905,1.2499999999999811,0.593806419898214,5.0,-0.14199225291277143,0.45181416698544263
906,1.2999999999999812,0.5818733055964495,5.0,-0.06883397209292796,0.5130393335035215
907,1.349999999999981,0.5699401912946849,5.0,-0.027641185182560243,0.5422990061121247
908,1.3999999999999808,0.5580070769929202,5.0,0.38298902955599656,0.9409961065489167
909,1.4499999999999806,0.5460739626911558,5.0,-0.11979450420553533,0.4262794584856205
910,1.4999999999999805,0.5341408483893915,5.0,0.2652888569284475,0.799429705317839
911,1.5499999999999805,0.5222077340876266,5.0,0.08042455328938687,0.6026322873770135
912,1.59999999999998,0.5102746197858619,5.0,-0.054981512073196626,0.45529310771266523
913,1.64999999999998,0.4983415054840973,5.0,-0.23972955723136982,0.2586119482527275
914,1.6999999999999795,0.4864083911823331,5.0,-0.11927414821266877,0.36713424296966435
915,1.7499999999999796,0.4744752768805686,5.0,0.2331810280424116,0.7076563049229803
916,1.7999999999999794,0.4625421625788039,5.0,-0.14473245350910385,0.3178097090697
917,1.8499999999999792,0.4506090482770395,5.0,0.09535738176121025,0.5459664300382497
918,1.899999999999979,0.4386759339752747,5.0,0.21337692520156923,0.652052859176844
919,1.9499999999999789,0.42674281967351,5.0,0.17781375510688446,0.6045565747803945
920,1.999999999999979,0.4148097053717458,5.0,-0.2672592647217183,0.14755044065002748
921,2.0499999999999785,0.4028765910699809,5.0,0.047956344516772546,0.45083293558675347
922,2.0999999999999783,0.390943476768216,5.0,0.0645496233151744,0.4554931000833904
923,2.149999999999978,0.3790103624664518,5.0,-0.005233411214392234,0.37377695125205956
924,2.199999999999978,0.3670772481646874,5.0,-0.2048218314883681,0.1622554166763193
925,2.249999999999978,0.3551441338629228,5.0,0.11365036147144385,0.4687944953343667
926,2.2999999999999776,0.3440629207063544,5.0,-0.11146902763564925,0.23259389307070516
927,2.349999999999977,0.3336382635608776,5.0,-0.0834251238132861,0.2502131397475915
928,2.3999999999999773,0.3232136064154012,5.0,0.11715580813334166,0.44036941454874284
929,2.449999999999977,0.312788949269924,5.0,-0.04181636055879519,0.27097258871112884
930,2.499999999999977,0.3023642921244474,5.0,0.09121458257127542,0.3935788746957228
931,2.5499999999999767,0.2919396349789703,5.0,-0.0878574871817715,0.2040821477971988
932,2.599999999999977,0.2815149778334939,5.0,-0.13146460402659427,0.15005037380689962
933,2.6499999999999764,0.2710903206880172,5.0,0.18813632015236328,0.45922664084038045
934,2.699999999999976,0.2606656635425403,5.0,-0.03320973093136877,0.22745593261117153
935,2.749999999999976,0.2502410063970644,5.0,-0.18355384378932443,0.06668716260773999
936,2.799999999999976,0.2398163492515869,5.0,-0.017666727720042918,0.222149621531544
937,2.849999999999976,0.2293916921061104,5.0,-0.10744167230705894,0.12195001979905147
938,2.8999999999999755,0.2189670349606333,5.0,-0.14252651550765336,0.07644051945297994
939,2.9499999999999758,0.208542377815157,5.0,-0.025734375617091427,0.18280800219806556
940,2.999999999999975,0.1981177206696806,5.0,0.4033758930604183,0.6014936137300989
941,3.049999999999975,0.1876930635242032,5.0,-0.018624253294310646,0.16906881022989256
942,3.0999999999999748,0.1772684063787266,5.0,-0.2307235890712098,-0.0534551826924832
943,3.1499999999999746,0.1668437492332503,5.0,-0.2666253495068637,-0.09978160027361338
944,3.1999999999999744,0.1564190920877731,5.0,-0.0779032490181412,0.0785158430696319
945,3.2499999999999742,0.1459944349422967,5.0,-0.2156459741028666,-0.0696515391605699
946,3.299999999999974,0.1355697777968201,5.0,-0.30075861655742697,-0.16518883876060686
947,3.349999999999974,0.1251451206513435,5.0,-0.16452400669361603,-0.03937888604227252
948,3.3999999999999737,0.1147204635058665,5.0,-0.29664727257217893,-0.18192680906631242
949,3.449999999999973,0.10429580636039,5.0,-0.17748223097838514,-0.07318642461799514
950,3.4999999999999734,0.0938711492149136,5.0,0.014066082547600892,0.10793723176251449
951,3.549999999999973,0.0834464920694363,5.0,-0.04902569941207489,0.034420792657361414
952,3.599999999999973,0.0730218349239602,5.0,0.01281925216647026,0.08584108709043045
953,3.649999999999973,0.0625971777784832,5.0,-0.11862270613802275,-0.056025528359539556
954,3.6999999999999726,0.0521725206330065,5.0,0.16128059845497242,0.21345311908797893
955,3.749999999999973,0.0417478634875297,5.0,-0.2829787493716933,-0.2412308858841636
956,3.799999999999972,0.031323206342053,5.0,0.15630281441403496,0.18762602075608797
957,3.849999999999972,0.0208985491965769,5.0,-0.03141293844306395,-0.010514389246487049
958,3.899999999999972,0.0104738920510995,5.0,0.10206011748795639,0.11253400953905589
959,3.949999999999972,0.0,5.0,0.06581600147969184,0.06581600147969184
960,-4.0,0.0,6.0,0.052352586082916375,0.052352586082916375
961,-3.95,0.0199993168645557,6.0,-0.2501173325056257,-0.23011801564106998
962,-3.9,0.0399986337291125,6.0,0.02958480177245362,0.06958343550156612
963,-3.850000000000001,0.0599979505936692,6.0,0.09844987956387165,0.15844783015754085
964,-3.8000000000000007,0.0799972674582261,6.0,-0.21687186015194124,-0.13687459269371513
965,-3.750000000000001,0.0999965843227826,6.0,-0.047548272199940164,0.05244831212284244
966,-3.700000000000001,0.119995901187339,6.0,-0.029499676830190093,0.09049622435714891
967,-3.650000000000001,0.1399952180518954,6.0,-0.06713050742908312,0.07286471062281229
968,-3.6000000000000014,0.1599945349164526,6.0,-0.3858155494889164,-0.22582101457246379
969,-3.5500000000000016,0.179993851781009,6.0,-0.006386348394061624,0.17360750338694736
970,-3.5000000000000018,0.1999931686455657,6.0,-0.05420801651025482,0.1457851521353109
971,-3.450000000000002,0.2199924855101221,6.0,-0.032940568542313343,0.18705191696780876
972,-3.400000000000002,0.2399918023746789,6.0,-0.06612204732656303,0.17386975504811586
973,-3.3500000000000023,0.2599911192392356,6.0,-0.04367416921452618,0.21631695002470944
974,-3.3000000000000025,0.2799904361037916,6.0,0.011067106394772883,0.29105754249856447
975,-3.2500000000000027,0.2999897529683491,6.0,0.11906041470374448,0.4190501676720936
976,-3.200000000000003,0.3199890698329055,6.0,0.26420842993408594,0.5841974997669914
977,-3.150000000000003,0.3399883866974619,6.0,-0.14865181487609053,0.19133657182137137
978,-3.100000000000003,0.3599877035620186,6.0,-0.03273635815339815,0.32725134540862044
979,-3.050000000000004,0.3799870204265749,6.0,-0.1202363163802231,0.2597507040463518
980,-3.000000000000004,0.3999863372911318,6.0,0.06251036656439954,0.4624967038555313
981,-2.950000000000004,0.4199856541556883,6.0,0.16518102942859658,0.5851666835842848
982,-2.900000000000004,0.4399849710202452,6.0,-0.0408116612778514,0.3991733097423938
983,-2.850000000000004,0.4599842878848018,6.0,0.19520689442204467,0.6551911823068465
984,-2.8000000000000043,0.4799836047493585,6.0,0.007938105359523832,0.4879217101088823
985,-2.7500000000000044,0.499982921613915,6.0,0.09644436684180428,0.5964272884557192
986,-2.7000000000000046,0.5199822384784717,6.0,0.10312491415718666,0.6231071526356584
987,-2.650000000000005,0.5399815553430282,6.0,0.022361353053510422,0.5623429083965386
988,-2.600000000000005,0.5600272152367857,6.0,-0.011887202243348917,0.5481400129934367
989,-2.550000000000005,0.5807143371013528,6.0,0.025626230425222152,0.606340567526575
990,-2.5000000000000053,0.6019890572351702,6.0,0.0556521411912124,0.6576411984263826
991,-2.450000000000005,0.6232637773689874,6.0,-0.013569945348638162,0.6096938320203492
992,-2.4000000000000057,0.6445336809153719,6.0,0.14765608605359018,0.792189766968962
993,-2.350000000000006,0.6651643562108035,6.0,0.05340728073225232,0.7185716369430558
994,-2.300000000000006,0.685795031506236,6.0,0.02492568463330984,0.7107207161395458
995,-2.250000000000006,0.706341101210353,6.0,0.02258465281602095,0.7289257540263739
996,-2.2000000000000064,0.7268674296980581,6.0,0.15875475765209066,0.8856221873501487
997,-2.1500000000000066,0.7435260886782723,6.0,0.15843566721217503,0.9019617558904474
998,-2.1000000000000068,0.7582295945971634,6.0,-0.19436098361415433,0.5638686109830091
999,-2.050000000000007,0.7736437535425903,6.0,-0.30902766656861014,0.46461608697398016
1000,-2.000000000000007,0.7890579124880169,6.0,0.045678814158266016,0.834736726646283
1001,-1.9500000000000075,0.8044720714334437,6.0,-0.05262849897868577,0.7518435724547579
1002,-1.9000000000000077,0.8198862303788703,6.0,-0.028996052337961535,0.7908901780409088
1003,-1.850000000000008,0.8366447315618587,6.0,0.11745814065168621,0.954102872213545
1004,-1.8000000000000078,0.8604565801226339,6.0,0.06373897406921787,0.9241955541918518
1005,-1.750000000000008,0.8842684286834097,6.0,-0.33316948612996083,0.5510989425534489
1006,-1.7000000000000082,0.9080802772441848,6.0,-0.06090739990456555,0.8471728773396193
1007,-1.6500000000000083,0.928470100195266,6.0,0.11442184481845562,1.0428919450137215
1008,-1.6000000000000083,0.9471718655489936,6.0,-0.1986859700883298,0.7484858954606638
1009,-1.5500000000000087,0.9629140267368348,6.0,-0.03113882824581305,0.9317751984910217
1010,-1.5000000000000089,0.972888072414014,6.0,-0.05831377156078191,0.9145743008532321
1011,-1.450000000000009,0.979082762722197,6.0,0.07455694305815869,1.0536397057803557
1012,-1.4000000000000092,0.9874832052867918,6.0,-0.039332194245752475,0.9481510110410393
1013,-1.3500000000000094,0.9957645819755664,6.0,0.19779109524452115,1.1935556772200875
1014,-1.3000000000000096,1.0,6.0,0.049055647032586476,1.0490556470325865
1015,-1.2500000000000098,0.9999377328414036,6.0,0.15820435487788417,1.1581420877192878
1016,-1.20000000000001,0.999948714885086,6.0,-0.016117448751162687,0.9838312661339232
1017,-1.15000000000001,0.9963499977213964,6.0,0.0536323134556264,1.0499823111770228
1018,-1.1000000000000103,0.9905824573744038,6.0,0.12952242637366917,1.120104883748073
1019,-1.0500000000000105,0.9857732660327092,6.0,-0.1032442440668152,0.882529021965894
1020,-1.0000000000000109,0.9806810248197336,6.0,0.09798185490795694,1.0786628797276905
1021,-0.9500000000000108,0.970752739238098,6.0,-0.16878217741999726,0.8019705618181008
1022,-0.900000000000011,0.961684100506335,6.0,0.14006340909463533,1.1017475096009703
1023,-0.8500000000000112,0.9562778145582028,6.0,-0.05086803285627368,0.9054097817019291
1024,-0.8000000000000114,0.9468404762596117,6.0,0.21077051028003813,1.1576109865396498
1025,-0.7500000000000115,0.9355338541209528,6.0,0.1458012846079024,1.0813351387288552
1026,-0.7000000000000117,0.9344697791580512,6.0,0.2920768250727092,1.2265466042307605
1027,-0.6500000000000119,0.9333749373909508,6.0,0.15196796824800618,1.085342905638957
1028,-0.6000000000000121,0.9320458723795284,6.0,-0.11211507827137947,0.819930794108149
1029,-0.5500000000000123,0.9285108108022488,6.0,-0.08514454099669504,0.8433662698055538
1030,-0.5000000000000124,0.9237986245442228,6.0,0.13135630321299024,1.055154927757213
1031,-0.4500000000000126,0.9183744195155588,6.0,0.026125493837748547,0.9444999133533073
1032,-0.4000000000000128,0.9137686370528402,6.0,-0.10371009814816314,0.810058538904677
1033,-0.3500000000000129,0.9129736653211584,6.0,0.015192543623085383,0.9281662089442438
1034,-0.3000000000000131,0.9119417824265492,6.0,0.253228713445378,1.1651704958719273
1035,-0.2500000000000133,0.910752464143607,6.0,0.22915044495562745,1.1399029090992345
1036,-0.2000000000000135,0.9101225706778012,6.0,-0.07722087540604504,0.8329016952717562
1037,-0.1500000000000136,0.9096213102742682,6.0,-0.06399349369780362,0.8456278165764646
1038,-0.1000000000000138,0.908509320425498,6.0,0.2908958432999851,1.199405163725483
1039,-0.050000000000014,0.9078986246530308,6.0,-0.05841912952356087,0.84947949512947
1040,-1.4210854715202004e-14,0.9058483896326582,6.0,-0.029692412774252434,0.8761559768584058
1041,0.0499999999999856,0.9035185090880018,6.0,0.056702056005443854,0.9602205650934457
1042,0.0999999999999854,0.9004305030733772,6.0,0.2048621678082821,1.1052926708816593
1043,0.1499999999999852,0.8973424970587527,6.0,-0.04920681665395358,0.8481356804047991
1044,0.199999999999985,0.8942544910441282,6.0,0.02783840006441647,0.9220928911085448
1045,0.2499999999999849,0.8920096403913902,6.0,-0.0652672839195436,0.8267423564718466
1046,0.2999999999999847,0.8909182782526912,6.0,0.09059100663972654,0.9815092848924177
1047,0.3499999999999845,0.8898269161139921,6.0,-0.03530909336308217,0.8545178227509099
1048,0.3999999999999843,0.888735553975293,6.0,-0.13924947638793214,0.7494860775873609
1049,0.4499999999999842,0.8876441918365938,6.0,0.03400538373987913,0.921649575576473
1050,0.499999999999984,0.8865528296978947,6.0,-0.22828609786149043,0.6582667318364043
1051,0.5499999999999838,0.8854614675591957,6.0,-0.1255459261972885,0.7599155413619072
1052,0.5999999999999837,0.8843701054204968,6.0,0.022160057863058916,0.9065301632835557
1053,0.6499999999999835,0.8832787432817977,6.0,-0.1062612248968097,0.777017518384988
1054,0.6999999999999833,0.8821873811430986,6.0,-0.18510074395169343,0.6970866371914052
1055,0.7499999999999831,0.8810960190043995,6.0,-0.1189782448264873,0.7621177741779122
1056,0.799999999999983,0.8799976058348316,6.0,-0.050249077431093296,0.8297485284037383
1057,0.8499999999999828,0.8785560910254006,6.0,0.030959790547456692,0.9095158815728572
1058,0.8999999999999826,0.8775977957344263,6.0,0.03555749555613874,0.913155291290565
1059,0.9499999999999824,0.8767104925910586,6.0,-0.11527348788024448,0.7614370047108141
1060,0.9999999999999822,0.8760985458240316,6.0,-0.04194696517088691,0.8341515806531447
1061,1.049999999999982,0.8791116690412853,6.0,0.2984191274286749,1.1775307964699602
1062,1.099999999999982,0.8818178751025622,6.0,0.1341764934905832,1.0159943685931454
1063,1.1499999999999817,0.8840496398069161,6.0,0.10534419341688035,0.9893938332237965
1064,1.1999999999999815,0.8859407983130614,6.0,-0.02644171764602604,0.8594990806670353
1065,1.2499999999999811,0.8875715761382217,6.0,-0.18304598757773166,0.70452558856049
1066,1.2999999999999812,0.8893171293337416,6.0,0.0430238459282708,0.9323409752620124
1067,1.349999999999981,0.8913563850483623,6.0,-0.13309963967558014,0.7582567453727822
1068,1.3999999999999808,0.8883452298381336,6.0,0.10043914340175486,0.9887843732398884
1069,1.4499999999999806,0.8826113319754729,6.0,-0.013597593053068536,0.8690137389224044
1070,1.4999999999999805,0.8774882731170196,6.0,0.02019878585972614,0.8976870589767457
1071,1.5499999999999805,0.8746120511973672,6.0,-0.07112833635966112,0.8034837148377061
1072,1.59999999999998,0.8717619142583531,6.0,-0.08457999007176077,0.7871819241865924
1073,1.64999999999998,0.868920534023671,6.0,0.10019461639569344,0.9691151504193645
1074,1.6999999999999795,0.8600998076165757,6.0,0.3166449931395965,1.1767448007561723
1075,1.7499999999999796,0.85127908120948,6.0,0.044325587177223055,0.895604668386703
1076,1.7999999999999794,0.8456881683599109,6.0,0.2569758778916333,1.1026640462515442
1077,1.8499999999999792,0.8402679293531423,6.0,0.023490993729786525,0.8637589230829288
1078,1.899999999999979,0.8348476903463733,6.0,-0.015179460556131563,0.8196682297902418
1079,1.9499999999999789,0.8302259645909328,6.0,0.13074774549233864,0.9609737100832714
1080,1.999999999999979,0.8261838235790225,6.0,-0.24335626007849298,0.5828275635005296
1081,2.0499999999999785,0.8221416825671121,6.0,-0.07415665959875098,0.7479850229683611
1082,2.0999999999999783,0.8180995415552018,6.0,0.14282256485315714,0.960922106408359
1083,2.149999999999978,0.8140574005432913,6.0,-0.10980075365054766,0.7042566468927437
1084,2.199999999999978,0.8100887557362505,6.0,0.14558074549141764,0.9556695012276681
1085,2.249999999999978,0.8056859941561305,6.0,-0.15245794078978503,0.6532280533663455
1086,2.2999999999999776,0.8012433056823244,6.0,-0.026966185246803567,0.7742771204355208
1087,2.349999999999977,0.7968006172085182,6.0,-0.21512119739767613,0.5816794198108421
1088,2.3999999999999773,0.7923579287347121,6.0,0.11824839113038772,0.9106063198650999
1089,2.449999999999977,0.7879152402609061,6.0,0.0876566926788213,0.8755719329397273
1090,2.499999999999977,0.7832569586195488,6.0,-0.03190476427355207,0.7513521943459968
1091,2.5499999999999767,0.7784277244807678,6.0,0.09112510905759665,0.8695528335383644
1092,2.599999999999977,0.7735984903419869,6.0,0.10943985477652321,0.8830383451185101
1093,2.6499999999999764,0.7691690915703057,6.0,0.2967095219288683,1.065878613499174
1094,2.699999999999976,0.7685820664878934,6.0,0.19216355048866374,0.9607456169765571
1095,2.749999999999976,0.7679950414054814,6.0,-0.07087397911575337,0.697121062289728
1096,2.799999999999976,0.7674080163230694,6.0,-0.030003715143319305,0.7374043011797501
1097,2.849999999999976,0.7668209912406573,6.0,-0.13893505448814109,0.6278859367525162
1098,2.8999999999999755,0.7662339661582451,6.0,0.0629738839787089,0.829207850136954
1099,2.9499999999999758,0.7656469410758332,6.0,0.10741153149402001,0.8730584725698533
1100,2.999999999999975,0.7650599159934213,6.0,0.1307769802574466,0.8958368962508678
1101,3.049999999999975,0.7638844393694232,6.0,0.0299919036717089,0.7938763430411321
1102,3.0999999999999748,0.7623553866033693,6.0,0.1205477570462653,0.8829031436496346
1103,3.1499999999999746,0.7606692879465334,6.0,-0.16911242776578836,0.591556860180745
1104,3.1999999999999744,0.7581786421664707,6.0,-0.41675507490559166,0.341423567260879
1105,3.2499999999999742,0.754731889242482,6.0,0.068306265017735,0.823038154260217
1106,3.299999999999974,0.7512300109308981,6.0,0.010971618658330044,0.7622016295892282
1107,3.349999999999974,0.7477281326193144,6.0,0.24569701421442344,0.9934251468337378
1108,3.3999999999999737,0.7442262543077305,6.0,0.021511732487080337,0.7657379867948109
1109,3.449999999999973,0.7407243759961465,6.0,-0.19244912075966925,0.5482752552364772
1110,3.4999999999999734,0.7372224976845627,6.0,0.091828239697856,0.8290507373824187
1111,3.549999999999973,0.7337206193729788,6.0,-0.020703542642848308,0.7130170767301305
1112,3.599999999999973,0.7302187410613951,6.0,-0.1768026606735251,0.5534160803878699
1113,3.649999999999973,0.726716862749811,6.0,0.20698479354355984,0.9337016562933708
1114,3.6999999999999726,0.7232149844382273,6.0,0.062453303419094594,0.7856682878573219
1115,3.749999999999973,0.7197131061266435,6.0,-0.0813199470276444,0.6383931590989991
1116,3.799999999999972,0.7162112278150596,6.0,-0.04762849364452504,0.6685827341705346
1117,3.849999999999972,0.7125401485641505,6.0,0.14906154925783305,0.8616016978219836
1118,3.899999999999972,0.7075273260145394,6.0,-0.038698428448883715,0.6688288975656557
1119,3.949999999999972,0.7028189126084603,6.0,0.04243163463504219,0.7452505472435025
1120,-4.0,0.9999999999999996,7.0,0.03770611504710494,1.0377061150471045
1121,-3.95,0.988883279226454,7.0,-0.06562302449557203,0.923260254730882
1122,-3.9,0.9777665584529082,7.0,0.12899836094855519,1.1067649194014633
1123,-3.850000000000001,0.9666498376793624,7.0,0.21921927696366983,1.1858691146430322
1124,-3.8000000000000007,0.955533116905816,7.0,-0.25940987606750215,0.6961232408383138
1125,-3.750000000000001,0.9444163961322704,7.0,0.10125997293513649,1.045676369067407
1126,-3.700000000000001,0.9332996753587244,7.0,-0.05014105213208902,0.8831586232266354
1127,-3.650000000000001,0.9221829545851776,7.0,-0.08046647673235105,0.8417164778528266
1128,-3.6000000000000014,0.9110662338116317,7.0,0.2295803717145663,1.140646605526198
1129,-3.5500000000000016,0.8999495130380856,7.0,0.04525036678758542,0.945199879825671
1130,-3.5000000000000018,0.8884831883757348,7.0,-0.17613212837912032,0.7123510599966145
1131,-3.450000000000002,0.8757193239354321,7.0,0.00558355671055046,0.8813028806459825
1132,-3.400000000000002,0.8629554594951298,7.0,0.1766742838441984,1.0396297433393282
1133,-3.3500000000000023,0.8501915950548262,7.0,0.1629279689241621,1.0131195639789883
1134,-3.3000000000000025,0.8374277306145232,7.0,0.20982083385921937,1.0472485644737426
1135,-3.2500000000000027,0.8246638661742216,7.0,0.18064295561404595,1.0053068217882675
1136,-3.200000000000003,0.8119000017339191,7.0,0.052565712959070386,0.8644657146929895
1137,-3.150000000000003,0.7989667659769748,7.0,-0.12513480307918837,0.6738319628977865
1138,-3.100000000000003,0.7857426362013734,7.0,0.18469292700520765,0.9704355632065811
1139,-3.050000000000004,0.7725185064257725,7.0,-0.015298494211477116,0.7572200122142954
1140,-3.000000000000004,0.759294376650171,7.0,0.02211855231816986,0.7814129289683408
1141,-2.950000000000004,0.7460702468745691,7.0,-0.03499725136345283,0.7110729955111164
1142,-2.900000000000004,0.7328461170989685,7.0,0.13072345610748035,0.8635695732064489
1143,-2.850000000000004,0.7196219873233668,7.0,-0.02584666356991461,0.6937753237534522
1144,-2.8000000000000043,0.7063978575477657,7.0,0.1789360630473539,0.8853339205951196
1145,-2.7500000000000044,0.6931737277721639,7.0,-0.22322222273302447,0.4699515050391394
1146,-2.7000000000000046,0.6799495979965631,7.0,-0.13045188272093514,0.549497715275628
1147,-2.650000000000005,0.6667254682209618,7.0,-0.07886302427633261,0.5878624439446292
1148,-2.600000000000005,0.6535013384453602,7.0,0.04136644374173561,0.6948677821870958
1149,-2.550000000000005,0.640277208669759,7.0,0.09110240681260143,0.7313796154823604
1150,-2.5000000000000053,0.6270530788941578,7.0,0.1361068262899931,0.7631599051841509
1151,-2.450000000000005,0.6108096566308544,7.0,0.008902912826464346,0.6197125694573188
1152,-2.4000000000000057,0.5939370316049328,7.0,-0.06423564033983907,0.5297013912650937
1153,-2.350000000000006,0.5770644065790104,7.0,0.005642872028542123,0.5827072786075524
1154,-2.300000000000006,0.5601917815530886,7.0,-0.11378255901217038,0.4464092225409182
1155,-2.250000000000006,0.5433191565271663,7.0,0.0316859645514879,0.5750051210786542
1156,-2.2000000000000064,0.526446531501244,7.0,0.1129929500488313,0.6394394815500752
1157,-2.1500000000000066,0.5095739064753219,7.0,-0.22177188133328088,0.287802025142041
1158,-2.1000000000000068,0.4927012814493993,7.0,-0.1262164279111351,0.3664848535382642
1159,-2.050000000000007,0.4758286564234769,7.0,0.20936418764994627,0.6851928440734232
1160,-2.000000000000007,0.4589560313975555,7.0,-0.1612854988463025,0.297670532551253
1161,-1.9500000000000075,0.4420834063716331,7.0,0.11931013391201414,0.5613935402836473
1162,-1.9000000000000077,0.4252107813457108,7.0,-0.08649071186053787,0.3387200694851729
1163,-1.850000000000008,0.4083381563197888,7.0,0.08958965851242517,0.497927814832214
1164,-1.8000000000000078,0.3914655312938667,7.0,0.16259813208284263,0.5540636633767093
1165,-1.750000000000008,0.3745929062679445,7.0,0.3408679654709461,0.7154608717388906
1166,-1.7000000000000082,0.3579692379280033,7.0,-0.05913001721177155,0.2988392207162317
1167,-1.6500000000000083,0.3421976459302445,7.0,-0.05800027376564613,0.28419737216459834
1168,-1.6000000000000083,0.3264260539324855,7.0,-0.18636212656714302,0.1400639273653425
1169,-1.5500000000000087,0.3106544619347272,7.0,0.1710576618536628,0.48171212378839
1170,-1.5000000000000089,0.2948828699369679,7.0,-0.10491069040717212,0.18997217952979578
1171,-1.450000000000009,0.2791112779392096,7.0,0.060399919805324734,0.3395111977445343
1172,-1.4000000000000092,0.2633372463975036,7.0,-0.07943084398454224,0.18390640241296136
1173,-1.3500000000000094,0.2475608834832487,7.0,-0.10730208643935137,0.14025879704389732
1174,-1.3000000000000096,0.2317845205689943,7.0,0.01512854813680204,0.24691306870579632
1175,-1.2500000000000098,0.2160081576547396,7.0,-0.06981233448423517,0.14619582317050445
1176,-1.20000000000001,0.2002317947404851,7.0,0.21044376440200424,0.4106755591424893
1177,-1.15000000000001,0.1844554318262305,7.0,-0.08868736148626194,0.09576807033996856
1178,-1.1000000000000103,0.1727905785668095,7.0,-0.06261790732471212,0.11017267124209737
1179,-1.0500000000000105,0.1612375419091878,7.0,-0.06533108681685362,0.09590645509233417
1180,-1.0000000000000109,0.1496845052515659,7.0,0.12135913757879375,0.27104364283035964
1181,-0.9500000000000108,0.1381314685939437,7.0,-0.1481298519025417,-0.00999838330859798
1182,-0.900000000000011,0.1225483812708684,7.0,-0.006851806083235425,0.11569657518763297
1183,-0.8500000000000112,0.1048265846263948,7.0,0.14529241030019757,0.2501189949265924
1184,-0.8000000000000114,0.0871617413599737,7.0,0.19781593870097078,0.2849776800609445
1185,-0.7500000000000115,0.0696577266331444,7.0,0.01732411030160857,0.08698183693475298
1186,-0.7000000000000117,0.0597286180979259,7.0,0.04604314667837336,0.10577176477629927
1187,-0.6500000000000119,0.0557335058419657,7.0,0.04813374767916106,0.10386725352112676
1188,-0.6000000000000121,0.0539911966787314,7.0,-0.23409038494812182,-0.18009918826939042
1189,-0.5500000000000123,0.0533951535792752,7.0,0.051482441678418166,0.10487759525769336
1190,-0.5000000000000124,0.0523460642815008,7.0,0.32394928871427897,0.37629535299577976
1191,-0.4500000000000126,0.0510664710861278,7.0,0.07873586812962056,0.12980233921574835
1192,-0.4000000000000128,0.0497868778907548,7.0,-0.09733446324216459,-0.04754758535140979
1193,-0.3500000000000129,0.0498163253174597,7.0,0.2365400692043512,0.2863563945218109
1194,-0.3000000000000131,0.0508672266271944,7.0,-0.09176372623641661,-0.04089649960922221
1195,-0.2500000000000133,0.0508422198836772,7.0,-0.10231687022113214,-0.05147465033745494
1196,-0.2000000000000135,0.0503243535783513,7.0,6.166100984725965e-05,0.05038601458819856
1197,-0.1500000000000136,0.0504698660663996,7.0,0.1430737196437104,0.19354358571011002
1198,-0.1000000000000138,0.0524605964676411,7.0,-0.10675080104328884,-0.05429020457564774
1199,-0.050000000000014,0.0544513268688826,7.0,0.3674930587019867,0.4219443855708693
1200,-1.4210854715202004e-14,0.056251319161681,7.0,0.002558133623600067,0.05880945278528107
1201,0.0499999999999856,0.0578254487306033,7.0,-0.019429558593050317,0.038395890137552985
1202,0.0999999999999854,0.0593995782995258,7.0,-0.09334694361359158,-0.03394736531406578
1203,0.1499999999999852,0.0630011203984434,7.0,0.06300346820446351,0.12600458860290692
1204,0.199999999999985,0.0693292151498888,7.0,-0.16807978168279453,-0.09875056653290573
1205,0.2499999999999849,0.0821770266282978,7.0,0.21201081549969186,0.29418784212798965
1206,0.2999999999999847,0.0766764940437329,7.0,0.0799864603865273,0.1566629544302602
1207,0.3499999999999845,0.0433867930749736,7.0,0.023886608906484683,0.06727340198145829
1208,0.3999999999999843,0.0422505085067133,7.0,-0.17442009148399898,-0.13216958297728568
1209,0.4499999999999842,0.0395833107109437,7.0,-0.16334395238321833,-0.12376064167227463
1210,0.499999999999984,0.0405455773111654,7.0,0.11851978182424464,0.15906535913541003
1211,0.5499999999999838,0.0434935119070833,7.0,-0.14288205643098656,-0.09938854452390325
1212,0.5999999999999837,0.0477589585531514,7.0,-0.0908277641039613,-0.043068805550809906
1213,0.6499999999999835,0.0488893254199256,7.0,0.02474925926596501,0.0736385846858906
1214,0.6999999999999833,0.044417776785187,7.0,-0.29656057934194935,-0.25214280255676236
1215,0.7499999999999831,0.0399462281504483,7.0,-0.16999125624527128,-0.130045028094823
1216,0.799999999999983,0.0354746795157098,7.0,-0.0051791643637786626,0.03029551515193114
1217,0.8499999999999828,0.0316854131217753,7.0,-0.27183029710268036,-0.24014488398090506
1218,0.8999999999999826,0.0293304903654793,7.0,0.08996886057328966,0.11929935093876896
1219,0.9499999999999824,0.0269755676091833,7.0,0.08013078718691843,0.10710635479610173
1220,0.9999999999999822,0.02471443399423,7.0,0.30983564990690327,0.3345500839011333
1221,1.049999999999982,0.021529368248859,7.0,-0.026607479490939775,-0.005078111242080775
1222,1.099999999999982,0.014352912165906,7.0,-0.018875479910752006,-0.004522567744846006
1223,1.1499999999999817,0.0071764560829531,7.0,-0.06891919313388253,-0.06174273705092943
1224,1.1999999999999815,0.0,7.0,0.011640967098552259,0.011640967098552259
1225,1.2499999999999811,0.0034175921918263,7.0,0.06113838988239574,0.06455598207422204
1226,1.2999999999999812,0.0101269435882406,7.0,-0.07984991812842253,-0.06972297454018193
1227,1.349999999999981,0.0159601569857727,7.0,0.1114976148446755,0.1274577718304482
1228,1.3999999999999808,0.0208375132745689,7.0,-0.18947018959864426,-0.16863267632407536
1229,1.4499999999999806,0.0257148695633648,7.0,-0.1701704565477543,-0.1444555869843895
1230,1.4999999999999805,0.0305922258521606,7.0,0.08805015272232196,0.11864237857448257
1231,1.5499999999999805,0.0354695821409565,7.0,-0.16028697209843917,-0.12481738995748268
1232,1.59999999999998,0.0424334042100702,7.0,-0.0988957758886123,-0.0564623716785421
1233,1.64999999999998,0.0505301549927325,7.0,-0.10303884263527448,-0.052508687642541976
1234,1.6999999999999795,0.0602743565459162,7.0,0.03315200116236493,0.09342635770828113
1235,1.7499999999999796,0.0879074527286089,7.0,-0.04998736169477286,0.03792009103383605
1236,1.7999999999999794,0.1339392456011018,7.0,-0.03285829573744925,0.10108094986365254
1237,1.8499999999999792,0.1758251760442709,7.0,0.13326817022203208,0.30909334626630297
1238,1.899999999999979,0.2159166358583111,7.0,0.045352924197324965,0.26126956005563606
1239,1.9499999999999789,0.2542046346746845,7.0,-0.16759435581441223,0.08661027886027228
1240,1.999999999999979,0.2924926334910588,7.0,0.11344399391154765,0.40593662740260644
1241,2.0499999999999785,0.3255892829640316,7.0,-0.11538134259928429,0.21020794036474733
1242,2.0999999999999783,0.3516078925013438,7.0,0.09304289442118768,0.44465078692253146
1243,2.149999999999978,0.3741113030824354,7.0,-0.2615207475032872,0.11259055557914821
1244,2.199999999999978,0.396588673446653,7.0,0.25465626195085483,0.6512449353975078
1245,2.249999999999978,0.4203933798546476,7.0,0.1038212124444435,0.5242145922990911
1246,2.2999999999999776,0.4441980862626423,7.0,-0.07286555900039783,0.37133252726224447
1247,2.349999999999977,0.4680027926706376,7.0,0.10203075001248198,0.5700335426831196
1248,2.3999999999999773,0.4918074990786319,7.0,0.0072602652668753015,0.4990677643455072
1249,2.449999999999977,0.5156122054866263,7.0,0.020940188319786925,0.5365523938064133
1250,2.499999999999977,0.539416911894622,7.0,-0.02304406635571322,0.5163728455389088
1251,2.5499999999999767,0.5632216183026153,7.0,-0.2894514176509446,0.2737702006516707
1252,2.599999999999977,0.5870263247106102,7.0,0.21426078954682629,0.8012871142574365
1253,2.6499999999999764,0.6108310311186048,7.0,0.23788252280223166,0.8487135539208365
1254,2.699999999999976,0.6326100480563797,7.0,-0.06784032239802869,0.5647697256583509
1255,2.749999999999976,0.651559546020171,7.0,-0.10226692307611984,0.5492926229440511
1256,2.799999999999976,0.670509043983961,7.0,-0.02561693027430889,0.6448921137096522
1257,2.849999999999976,0.6894585419477517,7.0,0.0475192841155307,0.7369778260632824
1258,2.8999999999999755,0.7084080399115424,7.0,-0.12311325808192407,0.5852947818296184
1259,2.9499999999999758,0.7273575378753325,7.0,-0.024851041302083078,0.7025064965732495
1260,2.999999999999975,0.7463070358391235,7.0,0.22544401917991377,0.9717510550190372
1261,3.049999999999975,0.7652565338029136,7.0,-0.0039039903182393697,0.7613525434846742
1262,3.0999999999999748,0.777814678549354,7.0,-0.09508800739354625,0.6827266711558078
1263,3.1499999999999746,0.7889886959167096,7.0,-0.1848490017597454,0.6041396941569642
1264,3.1999999999999744,0.8001627132840659,7.0,-0.20513289309786903,0.5950298201861968
1265,3.2499999999999742,0.8113367306514205,7.0,-0.1352878954700575,0.676048835181363
1266,3.299999999999974,0.8225107480187764,7.0,-0.168969683403912,0.6535410646148645
1267,3.349999999999974,0.8336847653861316,7.0,-0.04707650411883897,0.7866082612672926
1268,3.3999999999999737,0.8448587827534865,7.0,-0.1375843651839834,0.707274417569503
1269,3.449999999999973,0.8560328001208426,7.0,-0.09481210975540998,0.7612206903654326
1270,3.4999999999999734,0.8672068174881975,7.0,0.08220117420869183,0.9494079916968894
1271,3.549999999999973,0.878380834855553,7.0,-0.010833407902900412,0.8675474269526525
1272,3.599999999999973,0.8895548522229085,7.0,-0.05453063881331528,0.8350242134095932
1273,3.649999999999973,0.900728869590264,7.0,-0.1551249112671618,0.7456039583231022
1274,3.6999999999999726,0.9119028869576198,7.0,-0.1962633844282057,0.7156395025294141
1275,3.749999999999973,0.923076904324975,7.0,0.05020936866760035,0.9732862729925754
1276,3.799999999999972,0.9342509216923298,7.0,-0.01703415895938158,0.9172167627329483
1277,3.849999999999972,0.9453507625247372,7.0,0.06497951502018894,1.010330277544926
1278,3.899999999999972,0.9564003590542997,7.0,-0.07916976859716673,0.8772305904571329
1279,3.949999999999972,0.9674499555838616,7.0,-0.15965264938195453,0.807797306201907
1280,-4.0,0.999999999999999,8.0,0.158519736013013,1.158519736013012
1281,-3.95,0.991064337614839,8.0,-0.08502875458409044,0.9060355830307486
1282,-3.9,0.9821286752296776,8.0,0.10395683334616206,1.0860855085758396
1283,-3.850000000000001,0.9731930128445172,8.0,0.045708492189662935,1.01890150503418
1284,-3.8000000000000007,0.9631517006066236,8.0,0.1902430592340135,1.153394759840637
1285,-3.750000000000001,0.9528948281314216,8.0,0.0636813713450436,1.0165761994764653
1286,-3.700000000000001,0.9426379556562174,8.0,0.1169066394190653,1.0595445950752826
1287,-3.650000000000001,0.9323810831810152,8.0,-0.1808120285065822,0.751569054674433
1288,-3.6000000000000014,0.9221242107058116,8.0,-0.05753221449866052,0.8645919962071511
1289,-3.5500000000000016,0.9118673382306088,8.0,-0.0363487922510326,0.8755185459795762
1290,-3.5000000000000018,0.9016104657554048,8.0,0.3350477986984731,1.236658264453878
1291,-3.450000000000002,0.8913535932802021,8.0,-0.035241319762332024,0.8561122735178701
1292,-3.400000000000002,0.8810967208049995,8.0,-0.08086167627477062,0.8002350445302289
1293,-3.3500000000000023,0.8708398483297967,8.0,0.24028355436902363,1.1111234026988204
1294,-3.3000000000000025,0.8607620005797019,8.0,0.09931670819866527,0.9600787087783671
1295,-3.2500000000000027,0.8509726331494976,8.0,0.23498616170450246,1.085958794854
1296,-3.200000000000003,0.8411832657192921,8.0,0.022877324140858787,0.8640605898601509
1297,-3.150000000000003,0.8313938982890873,8.0,0.04615438588436435,0.8775482841734517
1298,-3.100000000000003,0.8216045308588814,8.0,-0.26230897235407336,0.559295558504808
1299,-3.050000000000004,0.8118151634286769,8.0,0.13111178041904983,0.9429269438477267
1300,-3.000000000000004,0.8020257959984709,8.0,-0.23136561957280774,0.5706601764256631
1301,-2.950000000000004,0.7922364285682668,8.0,-0.17184364761152882,0.620392780956738
1302,-2.900000000000004,0.782447061138061,8.0,0.23988567977679243,1.0223327409148535
1303,-2.850000000000004,0.7726576937078565,8.0,0.03387593696135136,0.8065336306692079
1304,-2.8000000000000043,0.7628683262776509,8.0,0.19172307220234225,0.9545913984799932
1305,-2.7500000000000044,0.753078958847446,8.0,-0.00876628177157368,0.7443126770758723
1306,-2.7000000000000046,0.743289591417241,8.0,0.11717090008029672,0.8604604914975378
1307,-2.650000000000005,0.7335002239870354,8.0,-0.04239280336424528,0.6911074206227901
1308,-2.600000000000005,0.7237108565568305,8.0,-0.1604651757340666,0.5632456808227639
1309,-2.550000000000005,0.7139214891266251,8.0,-0.17008504875411154,0.5438364403725136
1310,-2.5000000000000053,0.7041321216964193,8.0,-0.013334331947899849,0.6907977897485194
1311,-2.450000000000005,0.6943427542662146,8.0,0.1422174615576732,0.8365602158238878
1312,-2.4000000000000057,0.6845533868360094,8.0,-0.06476425380620121,0.6197891330298082
1313,-2.350000000000006,0.6747640194058049,8.0,-0.252021510276967,0.4227425091288379
1314,-2.300000000000006,0.6645840656836861,8.0,-0.13326597567585083,0.5313180900078353
1315,-2.250000000000006,0.6531436498827673,8.0,-0.08779490123137122,0.5653487486513961
1316,-2.2000000000000064,0.6417032340818486,8.0,0.10373528149974802,0.7454385155815966
1317,-2.1500000000000066,0.63026281828093,8.0,0.18397559952853712,0.8142384178094672
1318,-2.1000000000000068,0.6188224024800109,8.0,0.06144589314716701,0.6802682956271778
1319,-2.050000000000007,0.6073819866790918,8.0,-0.02442142006059658,0.5829605666184953
1320,-2.000000000000007,0.5959415708781732,8.0,-0.02870741475644416,0.5672341561217291
1321,-1.9500000000000075,0.5843594953063561,8.0,0.04261387573159697,0.626973371037953
1322,-1.9000000000000077,0.5693179989950077,8.0,0.11548546994122923,0.6848034689362369
1323,-1.850000000000008,0.5542765026836595,8.0,0.2774478768707809,0.8317243795544403
1324,-1.8000000000000078,0.5392350063723105,8.0,0.1068958103112845,0.646130816683595
1325,-1.750000000000008,0.5241935100609623,8.0,-0.2313470400072281,0.29284647005373415
1326,-1.7000000000000082,0.5091520137496138,8.0,-0.042787214338389064,0.4663647994112248
1327,-1.6500000000000083,0.4941105174382655,8.0,-0.054423286079318255,0.4396872313589473
1328,-1.6000000000000083,0.4790690211269173,8.0,-0.12852882265953297,0.3505401984673843
1329,-1.5500000000000087,0.4640275248155689,8.0,0.2951319609173437,0.7591594857329127
1330,-1.5000000000000089,0.44898602850422,8.0,-0.018407978451447666,0.43057805005277233
1331,-1.450000000000009,0.4339445321928717,8.0,0.0854085744572406,0.5193531066501123
1332,-1.4000000000000092,0.4104346939955861,8.0,-0.051890652291640124,0.35854404170394594
1333,-1.3500000000000094,0.3838615944365057,8.0,0.1020194709146397,0.4858810653511454
1334,-1.3000000000000096,0.3578439928952558,8.0,-0.049736343646705004,0.30810764924855083
1335,-1.2500000000000098,0.3391530800741256,8.0,0.05444207976606084,0.39359515984018645
1336,-1.20000000000001,0.3204621672529955,8.0,-0.006655361022203651,0.3138068062307918
1337,-1.15000000000001,0.3017712544318652,8.0,-0.1700598612803899,0.1317113931514753
1338,-1.1000000000000103,0.2830803416107346,8.0,-0.2146016037309936,0.06847873787974099
1339,-1.0500000000000105,0.2643894287896046,8.0,-0.030533395993067713,0.23385603279653688
1340,-1.0000000000000109,0.2456985159684743,8.0,-0.14253128050271358,0.10316723546576073
1341,-0.9500000000000108,0.2312912359579576,8.0,0.0044292246850573536,0.23572046064301497
1342,-0.900000000000011,0.2179832714824746,8.0,-0.020882233547088,0.19710103793538658
1343,-0.8500000000000112,0.2046753070069918,8.0,0.07384115182998399,0.2785164588369758
1344,-0.8000000000000114,0.2046434569751603,8.0,0.04689092243244801,0.2515343794076083
1345,-0.7500000000000115,0.2051568324549945,8.0,-0.1344952170994351,0.0706616153555594
1346,-0.7000000000000117,0.2056702079348297,8.0,-0.01705636113374794,0.18861384680108176
1347,-0.6500000000000119,0.1959756550533212,8.0,0.13392330380685682,0.32989895886017806
1348,-0.6000000000000121,0.1839501659547341,8.0,-0.03178030123148754,0.15216986472324656
1349,-0.5500000000000123,0.1789369801747065,8.0,-0.14149454276387258,0.03744243741083392
1350,-0.5000000000000124,0.1773145724011801,8.0,0.15513133605339677,0.3324459084545769
1351,-0.4500000000000126,0.1740995884830113,8.0,-0.10673217403728058,0.06736741444573072
1352,-0.4000000000000128,0.1688445993476136,8.0,0.006150107764308341,0.17499470711192194
1353,-0.3500000000000129,0.1635896102122156,8.0,0.15317993588438797,0.31676954609660357
1354,-0.3000000000000131,0.1583346210768183,8.0,-0.11421129914199353,0.04412332193482478
1355,-0.2500000000000133,0.1530796319414201,8.0,0.0988675448503514,0.2519471767917715
1356,-0.2000000000000135,0.1464457322531478,8.0,-0.04891582813906134,0.09752990411408646
1357,-0.1500000000000136,0.1209508888798054,8.0,-0.08789306809541249,0.03305782078439291
1358,-0.1000000000000138,0.0954560455064632,8.0,0.06900910499965733,0.16446515050612054
1359,-0.050000000000014,0.0686502457516696,8.0,-0.006086918835449926,0.06256332691621967
1360,-1.4210854715202004e-14,0.0340516282311339,8.0,-0.11065823736434542,-0.07660660913321152
1361,0.0499999999999856,0.0,8.0,0.011269715271791993,0.011269715271791993
1362,0.0999999999999854,0.0068810304360479,8.0,-0.27358985579788075,-0.2667088253618329
1363,0.1499999999999852,0.0139398954066887,8.0,-0.1379418077607351,-0.12400191235404641
1364,0.199999999999985,0.0210062193671052,8.0,0.06683108164214292,0.08783730100924812
1365,0.2499999999999849,0.020746215023391,8.0,-0.16148027720327296,-0.14073406217988196
1366,0.2999999999999847,0.0226414464931759,8.0,-0.21549107899962408,-0.19284963250644818
1367,0.3499999999999845,0.0170170410418538,8.0,-0.07620468097161637,-0.05918763992976257
1368,0.3999999999999843,0.0091408297120117,8.0,0.07008948677671645,0.07923031648872815
1369,0.4499999999999842,0.0024507345935584,8.0,0.10675704345257797,0.10920777804613638
1370,0.499999999999984,0.001974219694369,8.0,-0.09956983846241525,-0.09759561876804625
1371,0.5499999999999838,0.0065358444527926,8.0,-0.034973082977691985,-0.028437238524899384
1372,0.5999999999999837,0.013110217600391,8.0,-0.06120332083716551,-0.04809310323677451
1373,0.6499999999999835,0.0176570401116068,8.0,0.2344909011188561,0.2521479412304629
1374,0.6999999999999833,0.0186711714594748,8.0,-0.05410877963759495,-0.03543760817812015
1375,0.7499999999999831,0.0196231490051691,8.0,-0.201463892382834,-0.1818407433776649
1376,0.799999999999983,0.0199377587865577,8.0,0.19759937047247544,0.21753712925903315
1377,0.8499999999999828,0.0193058271868883,8.0,0.26699625380771586,0.28630208099460414
1378,0.8999999999999826,0.0249919842393209,8.0,0.007167619484463528,0.03215960372378443
1379,0.9499999999999824,0.032542346845569,8.0,-0.13744436646563335,-0.10490201962006435
1380,0.9999999999999822,0.0255425743787868,8.0,-0.0031000692449693543,0.022442505133817445
1381,1.049999999999982,0.0144849909092098,8.0,-0.18032496496254719,-0.1658399740533374
1382,1.099999999999982,0.0090349797733114,8.0,-0.15022774461588295,-0.14119276484257154
1383,1.1499999999999817,0.0035849686374125,8.0,0.06676814089643467,0.07035310953384717
1384,1.1999999999999815,0.0009531356462009,8.0,0.030632774049221656,0.031585909695422555
1385,1.2499999999999811,0.0030381235031558,8.0,-0.22682245266425766,-0.22378432916110186
1386,1.2999999999999812,0.0075584225985064,8.0,-0.15871491720436254,-0.15115649460585615
1387,1.349999999999981,0.0120787216938575,8.0,-0.010130661042180394,0.001948060651677106
1388,1.3999999999999808,0.0169359711730065,8.0,-0.08369003712386046,-0.06675406595085395
1389,1.4499999999999806,0.0219125895080408,8.0,-0.01512716516338148,0.00678542434465932
1390,1.4999999999999805,0.0306251929888315,8.0,-0.031884601541891724,-0.0012594085530602261
1391,1.5499999999999805,0.0406031531585168,8.0,0.1379733628846743,0.17857651604319108
1392,1.59999999999998,0.0505811133282019,8.0,0.03375129046911377,0.08433240379731567
1393,1.64999999999998,0.0605590734978876,8.0,0.03725480561383061,0.09781387911171821
1394,1.6999999999999795,0.070537033667573,8.0,-0.0009070466086473784,0.06962998705892562
1395,1.7499999999999796,0.0805149938372584,8.0,0.10312428657794401,0.1836392804152024
1396,1.7999999999999794,0.0904929540069442,8.0,-0.047039377277266994,0.0434535767296772
1397,1.8499999999999792,0.1004709141766291,8.0,-0.10675164597564575,-0.006280731799016656
1398,1.899999999999979,0.1104488743463149,8.0,-0.1471403722356533,-0.0366914978893384
1399,1.9499999999999789,0.1204268345159999,8.0,0.32824773146460423,0.4486745659806041
1400,1.999999999999979,0.1304047946856854,8.0,-0.25293600537205607,-0.12253121068637068
1401,2.0499999999999785,0.1403827548553704,8.0,-0.13453194301020002,0.0058508118451703894
1402,2.0999999999999783,0.149703358474612,8.0,-0.09219854583401825,0.05750481264059375
1403,2.149999999999978,0.1583190528584759,8.0,0.017919984666644875,0.17623903752512077
1404,2.199999999999978,0.1669347472423396,8.0,-0.04562959101812103,0.12130515622421856
1405,2.249999999999978,0.1764384770648573,8.0,0.31984601806283014,0.49628449512768746
1406,2.2999999999999776,0.1870239231863993,8.0,-0.04831795518654022,0.13870596799985907
1407,2.349999999999977,0.1976093693079419,8.0,0.010023630803171465,0.20763300011111335
1408,2.3999999999999773,0.2081948154294843,8.0,-0.034266217219105326,0.17392859821037895
1409,2.449999999999977,0.2187802615510268,8.0,-0.23304856016693465,-0.014268298615907837
1410,2.499999999999977,0.2293657076725697,8.0,-0.03178425491509087,0.19758145275747882
1411,2.5499999999999767,0.2395693574035054,8.0,-0.2114351417777991,0.02813421562570631
1412,2.599999999999977,0.2495016444469814,8.0,0.02294451136939271,0.2724461558163741
1413,2.6499999999999764,0.2594339314904574,8.0,0.06975428571138732,0.3291882172018447
1414,2.699999999999976,0.2693662185339334,8.0,-0.05167731422301241,0.21768890431092097
1415,2.749999999999976,0.2792985055774097,8.0,0.08055935844278755,0.35985786402019726
1416,2.799999999999976,0.2892307926208857,8.0,0.17117344658451242,0.4604042392053981
1417,2.849999999999976,0.2991630796643617,8.0,0.13289494885724545,0.43205802852160713
1418,2.8999999999999755,0.3090953667078378,8.0,0.27605021757676035,0.5851455842845982
1419,2.9499999999999758,0.3190276537513136,8.0,-0.11816551990308799,0.2008621338482256
1420,2.999999999999975,0.3289599407947903,8.0,0.2719106979012989,0.6008706386960891
1421,3.049999999999975,0.3388922278382659,8.0,-0.10086810335194495,0.23802412448632093
1422,3.0999999999999748,0.3488245148817422,8.0,0.13002947485014352,0.47885398973188575
1423,3.1499999999999746,0.3587568019252179,8.0,-0.09561785369517758,0.26313894823004036
1424,3.1999999999999744,0.3686890889686943,8.0,0.2142452466457922,0.5829343356144865
1425,3.2499999999999742,0.3786213760121705,8.0,-0.10859272460786343,0.2700286514043071
1426,3.299999999999974,0.3885536630556462,8.0,-0.15842063484466354,0.23013302821098267
1427,3.349999999999974,0.3984859500991224,8.0,-0.20262103044667093,0.19586491965245148
1428,3.3999999999999737,0.408418237142598,8.0,-0.23227745035097894,0.17614078679161907
1429,3.449999999999973,0.4183505241860743,8.0,0.2503880223283463,0.6687385465144207
1430,3.4999999999999734,0.4282828112295502,8.0,-0.07759573102936078,0.3506870802001894
1431,3.549999999999973,0.4382150982730264,8.0,0.18465390368029808,0.6228690019533245
1432,3.599999999999973,0.447654346395094,8.0,-0.01664935741232366,0.43100498898277034
1433,3.649999999999973,0.4560339171617978,8.0,-0.16346202435775767,0.29257189280404017
1434,3.6999999999999726,0.4644134879285005,8.0,0.07273934330827153,0.537152831236772
1435,3.749999999999973,0.472793058695204,8.0,0.11577069441148179,0.5885637531066857
1436,3.799999999999972,0.4811726294619073,8.0,-0.04171774830657771,0.4394548811553296
1437,3.849999999999972,0.4895522002286105,8.0,-0.03395400862364279,0.45559819160496773
1438,3.899999999999972,0.4979317709953142,8.0,-0.13929063217939885,0.35864113881591536
1439,3.949999999999972,0.5063113417620173,8.0,0.09266244641180146,0.5989737881738187
1440,-4.0,0.718732531333103,9.0,-0.1842188113064366,0.5345137200266664
1441,-3.95,0.7109171906055662,9.0,-0.04593264274106182,0.6649845478645044
1442,-3.9,0.7031018498780293,9.0,0.08210151706060861,0.7852033669386379
1443,-3.850000000000001,0.6952865091504923,9.0,-0.015922686434834875,0.6793638227156574
1444,-3.8000000000000007,0.6874711684229552,9.0,-0.14375126972288993,0.5437198987000653
1445,-3.750000000000001,0.6796558276954184,9.0,-0.040965044714121934,0.6386907829812964
1446,-3.700000000000001,0.6718404869678817,9.0,-0.006360836515365714,0.665479650452516
1447,-3.650000000000001,0.6640251462403447,9.0,-0.017682486593301655,0.6463426596470431
1448,-3.6000000000000014,0.6562098055128079,9.0,0.08328190075218066,0.7394917062649886
1449,-3.5500000000000016,0.6483944647852715,9.0,-0.15060928735705664,0.4977851774282149
1450,-3.5000000000000018,0.6405791240577339,9.0,0.2903699324951809,0.9309490565529148
1451,-3.450000000000002,0.6327637833301974,9.0,-0.2639935172892479,0.36877026604094953
1452,-3.400000000000002,0.6249484426026602,9.0,-0.26707017970370023,0.35787826289896
1453,-3.3500000000000023,0.617133101875124,9.0,0.18324566850964802,0.800378770384772
1454,-3.3000000000000025,0.6093177611475867,9.0,0.2345360551303543,0.843853816277941
1455,-3.2500000000000027,0.6015024204200494,9.0,0.17918297522037777,0.7806853956404272
1456,-3.200000000000003,0.5936870796925132,9.0,0.0631010053675638,0.656788085060077
1457,-3.150000000000003,0.5858717389649764,9.0,0.06858193513436943,0.6544536740993457
1458,-3.100000000000003,0.5780563982374392,9.0,0.12302427684875251,0.7010806750861917
1459,-3.050000000000004,0.5702410575099031,9.0,-0.049129287190241906,0.5211117703196612
1460,-3.000000000000004,0.5624257167823657,9.0,-0.0827154141585622,0.47971030262380354
1461,-2.950000000000004,0.5546103760548285,9.0,0.024767331860689877,0.5793777079155185
1462,-2.900000000000004,0.5467950353272921,9.0,-0.09690083614557155,0.4498941991817206
1463,-2.850000000000004,0.5389796945997556,9.0,0.034981693510491366,0.573961388110247
1464,-2.8000000000000043,0.5311643538722186,9.0,0.02944171960566082,0.5606060734778794
1465,-2.7500000000000044,0.5233490131446816,9.0,0.26229638099638686,0.7856453941410685
1466,-2.7000000000000046,0.5155336724171448,9.0,0.07015642952401882,0.5856901019411636
1467,-2.650000000000005,0.5077183316896076,9.0,0.19300530377040892,0.7007236354600165
1468,-2.600000000000005,0.4999029909620711,9.0,-0.03966925435132171,0.4602337366107494
1469,-2.550000000000005,0.4920876502345339,9.0,-0.1440482670443543,0.3480393831901796
1470,-2.5000000000000053,0.4830699043381974,9.0,0.11952033024394788,0.6025902345821453
1471,-2.450000000000005,0.4719948002880075,9.0,-0.13332723835573992,0.33866756193226755
1472,-2.4000000000000057,0.4609196962378178,9.0,-0.024047358474559896,0.4368723377632579
1473,-2.350000000000006,0.449844592187628,9.0,0.040698403294890044,0.49054299548251806
1474,-2.300000000000006,0.4388034759327938,9.0,-0.08188637924762836,0.3569170966851654
1475,-2.250000000000006,0.4280179603717303,9.0,-0.052259159300441324,0.37575880107128895
1476,-2.2000000000000064,0.4172324448106669,9.0,0.025169901180324642,0.44240234599099154
1477,-2.1500000000000066,0.4064469292496033,9.0,0.039087282486421814,0.4455342117360251
1478,-2.1000000000000068,0.3956614136885393,9.0,-0.027756231164719817,0.3679051825238195
1479,-2.050000000000007,0.3848758981274757,9.0,0.009906687110090611,0.3947825852375663
1480,-2.000000000000007,0.3740903825664122,9.0,0.0607396738223382,0.4348300563887504
1481,-1.9500000000000075,0.3633048670053488,9.0,0.13579633320287565,0.49910120020822446
1482,-1.9000000000000077,0.352519351444285,9.0,0.13057231693764698,0.48309166838193196
1483,-1.850000000000008,0.3417338358832217,9.0,-0.034317528493030706,0.307416307390191
1484,-1.8000000000000078,0.3309483203221579,9.0,-0.1922964858751136,0.13865183444704426
1485,-1.750000000000008,0.3201628047610938,9.0,-0.13750705181553902,0.1826557529455548
1486,-1.7000000000000082,0.3113641614223573,9.0,-0.09976083445189565,0.21160332697046164
1487,-1.6500000000000083,0.3046569578609019,9.0,0.001203224159085754,0.30586018201998766
1488,-1.6000000000000083,0.2979497542994473,9.0,-0.13371736505537987,0.16423238924406744
1489,-1.5500000000000087,0.291242550737992,9.0,0.13580989588268655,0.42705244662067854
1490,-1.5000000000000089,0.2845353471765369,9.0,-0.12021856371023897,0.1643167834662979
1491,-1.450000000000009,0.277828143615082,9.0,0.08205823680953203,0.35988638042461407
1492,-1.4000000000000092,0.2711209400536271,9.0,0.1543091601475859,0.42543010020121297
1493,-1.3500000000000094,0.264413736492172,9.0,0.3001667808543496,0.5645805173465216
1494,-1.3000000000000096,0.2577065329307171,9.0,0.041351392211147024,0.29905792514186413
1495,-1.2500000000000098,0.2500163280262657,9.0,0.1234029977779536,0.3734193258042193
1496,-1.20000000000001,0.2400646260043115,9.0,0.024672949973688817,0.2647375759780003
1497,-1.15000000000001,0.2301129239823578,9.0,0.05486243424485985,0.28497535822721765
1498,-1.1000000000000103,0.2201612219604034,9.0,-0.013491217675126881,0.20667000428527654
1499,-1.0500000000000105,0.2102095199384493,9.0,-0.20654185964184132,0.0036676602966079774
1500,-1.0000000000000109,0.200257817916495,9.0,-0.06568836729463862,0.13456945062185638
1501,-0.9500000000000108,0.189465382303213,9.0,-0.20198312051128642,-0.01251773820807342
1502,-0.900000000000011,0.1782774335134944,9.0,-0.08345675176413518,0.09482068174935922
1503,-0.8500000000000112,0.16769651530025,9.0,-0.05493298196613053,0.11276353333411948
1504,-0.8000000000000114,0.157513359213104,9.0,-0.2725787039626025,-0.11506534474949848
1505,-0.7500000000000115,0.1482883078145553,9.0,0.26846511235388126,0.41675342016843653
1506,-0.7000000000000117,0.1408392935031622,9.0,-0.1669906570087362,-0.026151363505573982
1507,-0.6500000000000119,0.1333902791917694,9.0,-0.02599565023592704,0.10739462895584237
1508,-0.6000000000000121,0.1259412648803765,9.0,0.10492796278230569,0.2308692276626822
1509,-0.5500000000000123,0.1184922505689837,9.0,0.3052671057371979,0.4237593563061816
1510,-0.5000000000000124,0.1110432362575907,9.0,-0.028856074717482933,0.08218716154010777
1511,-0.4500000000000126,0.1000651900869394,9.0,0.01604854453454554,0.11611373462148494
1512,-0.4000000000000128,0.0879039739527281,9.0,0.020271481089421294,0.1081754550421494
1513,-0.3500000000000129,0.075742757818517,9.0,-0.11400587299015652,-0.03826311517163952
1514,-0.3000000000000131,0.0635815416843058,9.0,-0.1172778410339332,-0.0536962993496274
1515,-0.2500000000000133,0.0514203255500946,9.0,-0.0038550158339466438,0.047565309716147954
1516,-0.2000000000000135,0.0392591094158834,9.0,0.10111878370415847,0.14037789312004187
1517,-0.1500000000000136,0.0312199623538064,9.0,0.03610366322588329,0.0673236255796897
1518,-0.1000000000000138,0.024719186544899,9.0,-0.02090770902190885,0.003811477522990152
1519,-0.050000000000014,0.0192971129973319,9.0,-0.08684043943253811,-0.0675433264352062
1520,-1.4210854715202004e-14,0.0185823964599136,9.0,-0.16573078408805683,-0.14714838762814322
1521,0.0499999999999856,0.0219003103110422,9.0,0.1262994964410169,0.1481998067520591
1522,0.0999999999999854,0.0258701811804005,9.0,0.05276905830538019,0.0786392394857807
1523,0.1499999999999852,0.0262517715450537,9.0,-0.040295762713341385,-0.014043991168287685
1524,0.199999999999985,0.0244684967910129,9.0,0.23213913468128872,0.2566076314723016
1525,0.2499999999999849,0.0218078804637906,9.0,0.13884143011122047,0.16064931057501106
1526,0.2999999999999847,0.0192754193741654,9.0,-0.0193050092869963,-2.958991283090115e-05
1527,0.3499999999999845,0.0152619962470699,9.0,-0.2744921607285532,-0.2592301644814833
1528,0.3999999999999843,0.0092643382889944,9.0,0.04669496189251916,0.055959300181513565
1529,0.4499999999999842,0.0035770990292784,9.0,0.1181538015682295,0.1217309005975079
1530,0.499999999999984,0.0007715575702378,9.0,-0.12562974989378348,-0.12485819232354568
1531,0.5499999999999838,8.130915552437502e-06,9.0,0.08042577723353087,0.0804339081490833
1532,0.5999999999999837,0.0,9.0,-0.03839875248983293,-0.03839875248983293
1533,0.6499999999999835,2.3940590398058622e-05,9.0,0.11893997034930333,0.11896391093970139
1534,0.6999999999999833,0.0011784598453885,9.0,-0.07763762680685914,-0.07645916696147063
1535,0.7499999999999831,0.0017451891383126,9.0,-0.010032713960229589,-0.008287524821916989
1536,0.799999999999983,0.0014748252326183,9.0,-0.042156803771284744,-0.040681978538666445
1537,0.8499999999999828,0.001204461326924,9.0,-0.18338713455569614,-0.18218267322877213
1538,0.8999999999999826,0.0038301318279135,9.0,-0.12254897150962885,-0.11871883968171534
1539,0.9499999999999824,0.008400511859639,9.0,-0.14163725435786223,-0.13323674249822323
1540,0.9999999999999822,0.0129708918913646,9.0,-0.06494644592197489,-0.05197555403061029
1541,1.049999999999982,0.01754127192309,9.0,-0.036871587244636676,-0.019330315321546675
1542,1.099999999999982,0.0221116519548156,9.0,-0.13373018990081675,-0.11161853794600116
1543,1.1499999999999817,0.026682031986541,9.0,-0.09987746207646118,-0.07319543008992019
1544,1.1999999999999815,0.0288149203521308,9.0,-0.015894282356336106,0.012920637995794695
1545,1.2499999999999811,0.0347328857923405,9.0,0.07389786878259522,0.1086307545749357
1546,1.2999999999999812,0.0409209831175259,9.0,0.05470770877724208,0.09562869189476797
1547,1.349999999999981,0.0471090804427113,9.0,-0.06270308170089357,-0.01559400125818227
1548,1.3999999999999808,0.0555474760688005,9.0,0.021836191439747858,0.07738366750854836
1549,1.4499999999999806,0.0682655193284845,9.0,-0.00011757133046381343,0.06814794799802068
1550,1.4999999999999805,0.0865891627635211,9.0,0.12376415725415378,0.21035332001767487
1551,1.5499999999999805,0.0921692260330941,9.0,-0.21074328621064703,-0.11857406017755293
1552,1.59999999999998,0.1011865956356613,9.0,-0.11034758218570115,-0.009160986550039843
1553,1.64999999999998,0.1120241495253441,9.0,0.1109439966290744,0.2229681461544185
1554,1.6999999999999795,0.121284786155686,9.0,-0.13010928097432742,-0.00882449481864142
1555,1.7499999999999796,0.1303467704814467,9.0,0.04568532195137834,0.17603209243282503
1556,1.7999999999999794,0.139408754807207,9.0,-0.0973473593260012,0.042061395481205785
1557,1.8499999999999792,0.1484707391329676,9.0,-0.07626858061363256,0.07220215851933504
1558,1.899999999999979,0.1575327234587281,9.0,0.07704738066706099,0.23458010412578909
1559,1.9499999999999789,0.1657555986681586,9.0,0.05967175635855029,0.22542735502670888
1560,1.999999999999979,0.1741306946472253,9.0,-0.01684934250153214,0.15728135214569317
1561,2.0499999999999785,0.182505790626292,9.0,-0.22254314150128202,-0.040037350874990024
1562,2.0999999999999783,0.1930140658872838,9.0,-0.12553858896211084,0.06747547692517294
1563,2.149999999999978,0.2094962220568297,9.0,0.09038024092360948,0.2998764629804392
1564,2.199999999999978,0.2259783782263756,9.0,-0.09755753594277275,0.12842084228360284
1565,2.249999999999978,0.242460534395921,9.0,0.35902563311144753,0.6014861675073685
1566,2.2999999999999776,0.2668813446163574,9.0,0.05469453711911381,0.3215758817354712
1567,2.349999999999977,0.295043731968927,9.0,0.10131675222924698,0.396360484198174
1568,2.3999999999999773,0.3232061193214966,9.0,0.03759749401245762,0.3608036133339542
1569,2.449999999999977,0.351368506674066,9.0,-0.28383996793945865,0.06752853873460735
1570,2.499999999999977,0.3795308940266355,9.0,-0.22518295843661423,0.15434793559002125
1571,2.5499999999999767,0.4076932813792055,9.0,0.13246954576997258,0.5401628271491781
1572,2.599999999999977,0.4358556687317745,9.0,-0.08655342323251135,0.34930224549926314
1573,2.6499999999999764,0.4640180560843441,9.0,-0.015337011441251774,0.44868104464309233
1574,2.699999999999976,0.4921804434369139,9.0,0.013950806744218096,0.506131250181132
1575,2.749999999999976,0.5203428307894836,9.0,0.049217834871140995,0.5695606656606246
1576,2.799999999999976,0.5485052181420534,9.0,0.15911942693014805,0.7076246450722015
1577,2.849999999999976,0.5808406646674739,9.0,0.21343944059301795,0.7942801052604918
1578,2.8999999999999755,0.6155106112444353,9.0,-0.15735867755525293,0.4581519336891824
1579,2.9499999999999758,0.6496251197059367,9.0,-0.2527279550508756,0.39689716465506114
1580,2.999999999999975,0.677892797965454,9.0,0.15436983044730027,0.8322626284127542
1581,3.049999999999975,0.7061604762249712,9.0,0.022788491804403344,0.7289489680293746
1582,3.0999999999999748,0.731940648411813,9.0,0.27719834100703006,1.0091389894188432
1583,3.1499999999999746,0.7539830731416937,9.0,-0.12300878531112708,0.6309742878305666
1584,3.1999999999999744,0.7762954659802971,9.0,-0.06906154002909923,0.7072339259511978
1585,3.2499999999999742,0.7976498811114155,9.0,-0.061136728131663286,0.7365131529797523
1586,3.299999999999974,0.8163059225429825,9.0,0.1606514251987855,0.976957347741768
1587,3.349999999999974,0.8342053614969707,9.0,-0.1179460167139714,0.7162593447829992
1588,3.3999999999999737,0.8515322795768323,9.0,-0.006401283859869286,0.845130995716963
1589,3.449999999999973,0.8686543784959608,9.0,-0.259976157027619,0.6086782214683418
1590,3.4999999999999734,0.8846131403536606,9.0,-0.05143736599196289,0.8331757743616977
1591,3.549999999999973,0.9005719022113604,9.0,-0.00798992036637836,0.892581981844982
1592,3.599999999999973,0.9165306640690598,9.0,0.07781365620228355,0.9943443202713433
1593,3.649999999999973,0.9324894259267592,9.0,-0.03612436379357444,0.8963650621331848
1594,3.6999999999999726,0.9471882618570966,9.0,-0.15427835733048484,0.7929099045266117
1595,3.749999999999973,0.9587457564999816,9.0,0.10977971763630255,1.0685254741362842
1596,3.799999999999972,0.9703032511428662,9.0,0.20159037142899933,1.1718936225718655
1597,3.849999999999972,0.9816746026119434,9.0,-0.18961740365805368,0.7920571989538897
1598,3.899999999999972,0.9908373013059676,9.0,0.1743474179590333,1.165184719265001
1599,3.949999999999972,0.99999999999999,9.0,-0.04356179654259366,0.9564382034573964
