,x1,y,rep,noise,y_noise
0,-4.0,0.9975744708047608,0.0,-0.060780497871567904,0.9367939729331929
1,-3.95,0.9976020511399672,0.0,-0.16339014759536732,0.8342119035446
2,-3.9,0.9976296184350602,0.0,-0.12434979456869867,0.8732798238663615
3,-3.850000000000001,0.9976571427447842,0.0,0.0013042846091273369,0.9989614273539116
4,-3.8000000000000007,0.997684592320388,0.0,0.2947740355730999,1.2924586278934878
5,-3.750000000000001,0.9977119337518652,0.0,0.15128404001053514,1.1489959737624003
6,-3.700000000000001,0.9977391320952044,0.0,-0.017028495618177337,0.980710636477027
7,-3.650000000000001,0.997766150975561,0.0,-0.07924625862890347,0.9185198923466575
8,-3.6000000000000014,0.9977929526556878,0.0,0.16118401519322226,1.1589769678489101
9,-3.5500000000000016,0.9978194980572308,0.0,-0.09197321375621959,0.9058462843010112
10,-3.5000000000000018,0.997845746720746,0.0,-0.15578337668687195,0.8420623700338741
11,-3.450000000000002,0.9978716566885624,0.0,0.047562001760328175,1.0454336584488906
12,-3.400000000000002,0.9978971842930744,0.0,-0.2293460509698113,0.7685511333232631
13,-3.3500000000000023,0.997922283831881,0.0,-0.17348427881243214,0.8244380050194489
14,-3.3000000000000025,0.9979469071106258,0.0,-0.20412856529475842,0.7938183418158674
15,-3.2500000000000027,0.997971002834772,0.0,0.06783491879136322,1.0658059216261353
16,-3.200000000000003,0.9979945158332046,0.0,0.13862408191706888,1.1366185977502736
17,-3.150000000000003,0.9980173860999314,0.0,-0.10447433905815048,0.8935430470417809
18,-3.100000000000003,0.9980395476456596,0.0,0.14632729957176752,1.144366847217427
19,-3.050000000000004,0.9980609271590964,0.0,-0.10046068593650435,0.8976002412225921
20,-3.000000000000004,0.9980814424887886,0.0,-0.0978824875406538,0.9001989549481348
21,-2.950000000000004,0.9981010009703376,0.0,0.01977640431358729,1.0178774052839248
22,-2.900000000000004,0.9981194976408684,0.0,0.1078958973334168,1.1060153949742852
23,-2.850000000000004,0.9981368134022752,0.0,0.010732998007789943,1.0088698114100652
24,-2.8000000000000043,0.9981528132161982,0.0,0.2079032944600253,1.2060561076762235
25,-2.7500000000000044,0.998167344435684,0.0,0.05711457208787343,1.0552819165235574
26,-2.7000000000000046,0.9981802353993966,0.0,-0.02784563602416409,0.9703345993752325
27,-2.650000000000005,0.9981912944321784,0.0,0.13829017669211047,1.1364814711242888
28,-2.600000000000005,0.9982003094088284,0.0,-0.14232711193584502,0.8558731974729834
29,-2.550000000000005,0.9982070480445744,0.0,-0.00808149674376125,0.9901255513008131
30,-2.5000000000000053,0.9982112590750558,0.0,-0.03107167177225242,0.9671395873028034
31,-2.450000000000005,0.9982126744809668,0.0,0.06143625583296777,1.0596489303139347
32,-2.4000000000000057,0.998211012899362,0.0,-0.12173695597328593,0.876474056926076
33,-2.350000000000006,0.9982059843476796,0.0,-0.020170045606837925,0.9780359387408417
34,-2.300000000000006,0.9981972963707724,0.0,0.08048975955528605,1.0786870559260584
35,-2.250000000000006,0.9981846617077276,0.0,-0.003918520187295011,0.9942661415204326
36,-2.2000000000000064,0.998167807563198,0.0,-0.06152112243937242,0.9366466851238255
37,-2.1500000000000066,0.998146486551782,0.0,-0.20946035529692522,0.7886861312548568
38,-2.1000000000000068,0.9981204893522287,0.0,0.08092586444917997,1.0790463538014088
39,-2.050000000000007,0.9980896590442624,0.0,-0.03410283617367736,0.963986822870585
40,-2.000000000000007,0.9980539069862726,0.0,-0.19123851372985307,0.8068153932564195
41,-1.9500000000000075,0.9980132299132622,0.0,-0.17809769928206393,0.8199155306311983
42,-1.9000000000000077,0.9979677276898596,0.0,0.02989143241048744,1.027859160100347
43,-1.850000000000008,0.99791762086049,0.0,-0.0017913838517333294,0.9961262370087567
44,-1.8000000000000078,0.9978632668368924,0.0,-0.060659461251061426,0.9372038055858309
45,-1.750000000000008,0.99780517330788,0.0,-0.27346579956144884,0.7243393737464312
46,-1.7000000000000082,0.9977440073096304,0.0,-0.1624185255329375,0.8353254817766929
47,-1.6500000000000083,0.9976805984101536,0.0,-0.01540188209244308,0.9822787163177105
48,-1.6000000000000083,0.997615934669878,0.0,-0.22344409873060783,0.7741718359392702
49,-1.5500000000000087,0.9975511504405336,0.0,0.14770921684862912,1.1452603672891626
50,-1.5000000000000089,0.9974875056208472,0.0,0.10788755874671031,1.1053750643675575
51,-1.450000000000009,0.997426356631328,0.0,0.11929598712139006,1.116722343752718
52,-1.4000000000000092,0.9973691200056668,0.0,-0.18493929091631425,0.8124298290893526
53,-1.3500000000000094,0.9973172300105198,0.0,-0.21581877281026327,0.7814984572002565
54,-1.3000000000000096,0.997272091990724,0.0,-0.35264750371205483,0.6446245882786692
55,-1.2500000000000098,0.997235033130054,0.0,-0.13154844664760437,0.8656865864824497
56,-1.20000000000001,0.9972072520590376,0.0,0.027613186024340236,1.0248204380833779
57,-1.15000000000001,0.9971897684329398,0.0,-0.13902193375106459,0.8581678346818753
58,-1.1000000000000103,0.9971833736089932,0.0,-0.1790648813576891,0.8181184922513041
59,-1.0500000000000105,0.997188584270602,0.0,-0.10003338326285321,0.8971552010077488
60,-1.0000000000000109,0.9972056024147096,0.0,-0.17242817041490266,0.8247774319998069
61,-0.9500000000000108,0.9972342870430136,0.0,-0.03853551725971943,0.9586987697832943
62,-0.900000000000011,0.99727414388937,0.0,0.3501202260871829,1.347394369976553
63,-0.8500000000000112,0.9973243378930524,0.0,0.052537048191414505,1.049861386084467
64,-0.8000000000000114,0.9973837278939006,0.0,0.18377142652911402,1.1811551544230146
65,-0.7500000000000115,0.9974509151169416,0.0,-0.048436479582761365,0.9490144355341803
66,-0.7000000000000117,0.9975242896847588,0.0,-0.05011392637663631,0.9474103633081226
67,-0.6500000000000119,0.9976020569798092,0.0,0.03322233745454235,1.0308243944343516
68,-0.6000000000000121,0.9976822312072228,0.0,0.12889421558637665,1.1265764467935995
69,-0.5500000000000123,0.9977625968812944,0.0,0.1010172982063558,1.0987798950876502
70,-0.5000000000000124,0.9978406572334676,0.0,0.06153971122448012,1.0593803684579477
71,-0.4500000000000126,0.997913608354674,0.0,-0.055895710496616735,0.9420178978580573
72,-0.4000000000000128,0.9979783986094772,0.0,0.3713986096914318,1.369377008300909
73,-0.3500000000000129,0.9980319590062406,0.0,-0.11977001853512073,0.8782619404711199
74,-0.3000000000000131,0.9980717320667112,0.0,0.01106304220034776,1.0091347742670589
75,-0.2500000000000133,0.9980966951024712,0.0,-0.0614928019985607,0.9366038931039106
76,-0.2000000000000135,0.9981091486558522,0.0,0.31378484866727313,1.3118939973231254
77,-0.1500000000000136,0.9981174621053336,0.0,0.061734870873088966,1.0598523329784226
78,-0.1000000000000138,0.9981392470208524,0.0,0.20993587784869022,1.2080751248695427
79,-0.050000000000014,0.9982024152464304,0.0,0.002727790410764679,1.0009302056571951
80,-1.4210854715202004e-14,0.9983390801401562,0.0,0.07748283290586537,1.0758219130460216
81,0.0499999999999856,0.9985689973772932,0.0,0.14864283946410325,1.1472118368413964
82,0.0999999999999854,0.9988801233938446,0.0,-0.052416103910522045,0.9464640194833225
83,0.1499999999999852,0.9992247430093184,0.0,0.02535169989743802,1.0245764429067565
84,0.199999999999985,0.9995400028604582,0.0,0.10420214891542767,1.1037421517758859
85,0.2499999999999849,0.999778032850486,0.0,0.014398586301087004,1.014176619151573
86,0.2999999999999847,0.9999238503281396,0.0,-0.071382713111066,0.9285411372170735
87,0.3499999999999845,0.9999906369250142,0.0,-0.06769740620388244,0.9322932307211318
88,0.3999999999999843,0.999999999999999,0.0,-0.07015165581569305,0.929848344184306
89,0.4499999999999842,0.999968046477524,0.0,0.00942181142620477,1.0093898579037288
90,0.499999999999984,0.9999015996595894,0.0,0.1767933448421813,1.1766949445017707
91,0.5499999999999838,0.9997927454538076,0.0,0.12179721599571544,1.121589961449523
92,0.5999999999999837,0.9996074418597592,0.0,0.05270028210457077,1.05230772396433
93,0.6499999999999835,0.9992666615564216,0.0,0.313427648897436,1.3126943104538578
94,0.6999999999999833,0.9986178991184224,0.0,0.013321699168893095,1.0119395982873154
95,0.7499999999999831,0.997415435811447,0.0,-0.3032797262376869,0.6941357095737601
96,0.799999999999983,0.9953590631046368,0.0,0.5644133756472575,1.5597724387518943
97,0.8499999999999828,0.9922157102224354,0.0,0.1922915777384475,1.184507287960883
98,0.8999999999999826,0.9879583223847233,0.0,0.052780041111594594,1.0407383634963179
99,0.9499999999999824,0.9828123003080868,0.0,0.026541872747212102,1.0093541730552988
100,0.9999999999999822,0.977156603741794,0.0,0.02367932800397443,1.0008359317457685
101,1.049999999999982,0.9713410075416096,0.0,-0.018410614519341745,0.9529303930222678
102,1.099999999999982,0.965540118625776,0.0,0.10290581727100023,1.0684459358967762
103,1.1499999999999817,0.9597052361095112,0.0,-0.02389167210567206,0.9358135640038391
104,1.1999999999999815,0.9535874864262288,0.0,-0.05789872476883447,0.8956887616573943
105,1.2499999999999811,0.9467763259016664,0.0,0.14849876433448037,1.0952750902361468
106,1.2999999999999812,0.9387149323526331,0.0,-0.09371930598828229,0.8449956263643509
107,1.349999999999981,0.9286779442343108,0.0,0.2251272022833704,1.1538051465176813
108,1.3999999999999808,0.915710908434638,0.0,-0.1844351024496786,0.7312758059849593
109,1.4499999999999806,0.8985388877952831,0.0,-0.09990147049868675,0.7986374172965964
110,1.4999999999999805,0.8754660621188003,0.0,0.028600327030500458,0.9040663891493007
111,1.5499999999999805,0.8443237830905829,0.0,-0.1688863785531789,0.675437404537404
112,1.59999999999998,0.8025923711629098,0.0,-0.10536407829943001,0.6972282928634799
113,1.64999999999998,0.7478986714833157,0.0,-0.3530964591259227,0.394802212357393
114,1.6999999999999795,0.6790555126958766,0.0,-0.014138879870633572,0.664916632825243
115,1.7499999999999796,0.5974401901913596,0.0,-0.2512455982802815,0.34619459191107815
116,1.7999999999999794,0.5078201569746053,0.0,0.0412236491145268,0.5490438060891321
117,1.8499999999999792,0.4175100632864403,0.0,-0.03012864162408933,0.38738142166235096
118,1.899999999999979,0.3339032990011285,0.0,-0.15066272187949303,0.18324057712163544
119,1.9499999999999789,0.2620260860186145,0.0,0.0846518955728247,0.3466779815914392
120,1.999999999999979,0.2036793803095077,0.0,-0.41072544939937045,-0.20704606908986276
121,2.0499999999999785,0.158144160314237,0.0,0.05307517843417993,0.21121933874841692
122,2.0999999999999783,0.1234227634428179,0.0,0.1366844030915987,0.2601071665344166
123,2.149999999999978,0.0972214497967079,0.0,0.08065627195460724,0.17787772175131514
124,2.199999999999978,0.0774715687570973,0.0,0.35726082506291407,0.4347323938200114
125,2.249999999999978,0.0625071636624198,0.0,-0.11439808743748593,-0.05189092377506613
126,2.2999999999999776,0.0510642028109298,0.0,-0.01980300915200312,0.031261193658926684
127,2.349999999999977,0.042213078750402,0.0,-0.25353328751650694,-0.21132020876610494
128,2.3999999999999773,0.0352800058426441,0.0,-0.19929937495851685,-0.16401936911587275
129,2.449999999999977,0.029778721486671,0.0,0.08671223801057616,0.11649095949724717
130,2.499999999999977,0.0253575615895564,0.0,0.08119617761953742,0.10655373920909382
131,2.5499999999999767,0.0217606519556385,0.0,0.018253205520615094,0.04001385747625359
132,2.599999999999977,0.0188002251642456,0.0,-0.05616809404874085,-0.03736786888449525
133,2.6499999999999764,0.0163371208018428,0.0,0.09733221737159921,0.113669338173442
134,2.699999999999976,0.0142671017005843,0.0,-0.04474842836267985,-0.03048132666209555
135,2.749999999999976,0.0125112356614566,0.0,-0.07102114021225832,-0.05850990455080172
136,2.799999999999976,0.0110091006989529,0.0,-0.19256600989353764,-0.18155690919458475
137,2.849999999999976,0.0097139505860373,0.0,0.011830909889994485,0.021544860476031782
138,2.8999999999999755,0.0085892461365563,0.0,0.19648542641895725,0.20507467255551354
139,2.9499999999999758,0.0076061436160937,0.0,-0.32364780566763623,-0.31604166205154255
140,2.999999999999975,0.0067416588971244,0.0,-0.06478472963365176,-0.058043070736527355
141,3.049999999999975,0.0059773126685379,0.0,0.27608416722058987,0.2820614798891278
142,3.0999999999999748,0.0052981211236632,0.0,0.15637125558598752,0.16166937670965073
143,3.1499999999999746,0.0046918370052789,0.0,-0.2393099831422386,-0.23461814613695972
144,3.1999999999999744,0.0041483737243485,0.0,0.05105697938298539,0.05520535310733389
145,3.2499999999999742,0.003659364555586,0.0,0.281170746997321,0.284830111552907
146,3.299999999999974,0.0032178223751873,0.0,-0.06010542366955369,-0.05688760129436639
147,3.349999999999974,0.0028178748778872,0.0,0.2643624028015813,0.2671802776794685
148,3.3999999999999737,0.0024545569293395,0.0,0.038320723606287875,0.04077528053562737
149,3.449999999999973,0.0021236465152147,0.0,-0.12988186752548309,-0.12775822101026837
150,3.4999999999999734,0.001821534213569,0.0,-0.03748268366553606,-0.03566114945196706
151,3.549999999999973,0.0015451186360131,0.0,-0.3374848995930028,-0.33593978095698973
152,3.599999999999973,0.0012917221289394,0.0,-0.2231618860304744,-0.221870163901535
153,3.649999999999973,0.0010590223889681,0.0,0.055584426288104415,0.056643448677072515
154,3.6999999999999726,0.0008449966607317,0.0,0.08622895254120964,0.08707394920194135
155,3.749999999999973,0.0006478759449983,0.0,0.21476871043139592,0.21541658637639421
156,3.799999999999972,0.0004661072186207,0.0,-0.2372580960550747,-0.236791988836454
157,3.849999999999972,0.0002983221035732,0.0,0.1351722682240473,0.1354705903276205
158,3.899999999999972,0.0001433107556533,0.0,0.05035708506206046,0.050500395817713754
159,3.949999999999972,0.0,0.0,-0.12810390729509263,-0.12810390729509263
160,-4.0,0.9907816010154163,1.0,0.042150274313403076,1.0329318753288195
161,-3.95,0.9918887650482388,1.0,0.10464931326774264,1.0965380783159815
162,-3.9,0.9929035019573462,1.0,0.09991845596846184,1.092821957925808
163,-3.850000000000001,0.9938307642313038,1.0,-0.0394303600398069,0.9544004041914969
164,-3.8000000000000007,0.994675419569062,1.0,-0.16075079290184482,0.8339246266672172
165,-3.750000000000001,0.9954421869538652,1.0,-0.24970300595775077,0.7457391809961145
166,-3.700000000000001,0.9961355837357716,1.0,-0.25093769414936007,0.7451978895864115
167,-3.650000000000001,0.9967598831395764,1.0,0.01511114808746434,1.0118710312270407
168,-3.6000000000000014,0.9973190813904412,1.0,-0.11868755505372904,0.8786315263367122
169,-3.5500000000000016,0.9978168735225345,1.0,-0.06663696896831327,0.9311799045542212
170,-3.5000000000000018,0.998256636897114,1.0,-0.18374622397856882,0.8145104129185452
171,-3.450000000000002,0.9986414214938416,1.0,0.07997841412751726,1.0786198356213588
172,-3.400000000000002,0.9989739461396826,1.0,0.2870561366782576,1.2860300828179403
173,-3.3500000000000023,0.9992565999902142,1.0,-0.013902850059799292,0.9853537499304149
174,-3.3000000000000025,0.9994914487652364,1.0,-0.058229282441269195,0.9412621663239672
175,-3.2500000000000027,0.999680245450369,1.0,0.02237204483232558,1.0220522902826947
176,-3.200000000000003,0.999824445393296,1.0,-0.013093094220609948,0.986731351172686
177,-3.150000000000003,0.9999252259283222,1.0,-0.23003381423912092,0.7698914116892013
178,-3.100000000000003,0.9999835108308198,1.0,0.03763865071717392,1.0376221615479937
179,-3.050000000000004,0.9999999999999992,1.0,0.11193423332839335,1.1119342333283926
180,-3.000000000000004,0.999975204748964,1.0,0.005939745017879185,1.0059149497668431
181,-2.950000000000004,0.9999094888867436,1.0,0.18106269242672873,1.1809721813134724
182,-2.900000000000004,0.999803115337188,1.0,-0.07220041223235117,0.9276027031048368
183,-2.850000000000004,0.9996562972756128,1.0,0.20094438122058678,1.2006006784961996
184,-2.8000000000000043,0.999469251600303,1.0,-0.1567367117781664,0.8427325398221366
185,-2.7500000000000044,0.9992422509383624,1.0,0.04469912485080639,1.0439413757891687
186,-2.7000000000000046,0.998975668308226,1.0,0.12998757998393734,1.1289632482921634
187,-2.650000000000005,0.9986700060994864,1.0,0.1552725073352352,1.1539425134347217
188,-2.600000000000005,0.998325898370626,1.0,0.30645988376219385,1.30478578213282
189,-2.550000000000005,0.9979440729183936,1.0,0.07481631537543122,1.0727603882938248
190,-2.5000000000000053,0.997525257555217,1.0,0.034175512505794516,1.0317007700610115
191,-2.450000000000005,0.9970700139865624,1.0,0.10671152522434638,1.1037815392109087
192,-2.4000000000000057,0.9965784829307116,1.0,-0.0359954568454808,0.9605830260852308
193,-2.350000000000006,0.9960500256538314,1.0,0.28235693133964157,1.2784069569934728
194,-2.300000000000006,0.995482749297638,1.0,-0.05979825397504603,0.935684495322592
195,-2.250000000000006,0.9948729048245066,1.0,0.20314931864688718,1.1980222234713938
196,-2.2000000000000064,0.9942141446866968,1.0,-0.0890075214728145,0.9052066232138822
197,-2.1500000000000066,0.9934966190131848,1.0,-0.17979617873485754,0.8137004402783272
198,-2.1000000000000068,0.9927058697600278,1.0,-0.010398187939412083,0.9823076818206158
199,-2.050000000000007,0.9918214463088604,1.0,-0.17624573752348657,0.8155757087853738
200,-2.000000000000007,0.990815106082616,1.0,0.06604203527942241,1.0568571413620385
201,-1.9500000000000075,0.9896483691554104,1.0,-0.04265198675823428,0.9469963823971762
202,-1.9000000000000077,0.9882690491732952,1.0,0.30981129389214773,1.2980803430654428
203,-1.850000000000008,0.986606154295649,1.0,0.01769134581715591,1.004297500112805
204,-1.8000000000000078,0.9845621894552506,1.0,0.1327988577623597,1.1173610472176103
205,-1.750000000000008,0.9820013067481088,1.0,0.13096401292736437,1.1129653196754732
206,-1.7000000000000082,0.978730800207872,1.0,-0.13516955631355837,0.8435612438943136
207,-1.6500000000000083,0.9744719083697616,1.0,-0.1495372272637232,0.8249346811060384
208,-1.6000000000000083,0.9688135078657484,1.0,-0.12963190038014866,0.8391816074855998
209,-1.5500000000000087,0.9611389370035892,1.0,-0.021917399142142,0.9392215378614472
210,-1.5000000000000089,0.9505126935470396,1.0,0.10947204595537699,1.0599847395024167
211,-1.450000000000009,0.9355142982521732,1.0,-0.37338765874324703,0.5621266395089262
212,-1.4000000000000092,0.91402499127265,1.0,0.03950977146155345,0.9535347627342035
213,-1.3500000000000094,0.883043261762741,1.0,-0.006076520541873263,0.8769667412208677
214,-1.3000000000000096,0.8387805851445208,1.0,0.3450955524962569,1.1838761376407776
215,-1.2500000000000098,0.7775488150944965,1.0,-0.24951005327215778,0.5280387618223387
216,-1.20000000000001,0.697905001970836,1.0,0.47348104449175366,1.1713860464625898
217,-1.15000000000001,0.6033274764285241,1.0,0.2352453732681944,0.8385728496967185
218,-1.1000000000000103,0.5027466337944038,1.0,0.050158574229668906,0.5529052080240726
219,-1.0500000000000105,0.407046208737651,1.0,0.25458606419434293,0.6616322729319939
220,-1.0000000000000109,0.3241833714401906,1.0,-0.1771274546713577,0.1470559167688329
221,-0.9500000000000108,0.2571312485630003,1.0,0.13069371673027486,0.38782496529327515
222,-0.900000000000011,0.2050362332598042,1.0,0.33369174444104327,0.5387279777008475
223,-0.8500000000000112,0.1652950450208723,1.0,-0.046628411366793535,0.11866663365407877
224,-0.8000000000000114,0.1350221767815783,1.0,-0.12020078763465393,0.014821389146924366
225,-0.7500000000000115,0.1117247764829476,1.0,0.1985445542551964,0.310269330738144
226,-0.7000000000000117,0.0934867854496507,1.0,0.2704922462213443,0.363979031670995
227,-0.6500000000000119,0.0789338472770684,1.0,0.002728796708646847,0.08166264398571524
228,-0.6000000000000121,0.0671295458649926,1.0,0.15003035594960995,0.21715990181460254
229,-0.5500000000000123,0.0574705904307693,1.0,0.2686571445412625,0.3261277349720318
230,-0.5000000000000124,0.0496058985768996,1.0,-0.09602589101702451,-0.04641999244012491
231,-0.4500000000000126,0.0433855549949262,1.0,0.2146237162441507,0.2580092712390769
232,-0.4000000000000128,0.0388404689684781,1.0,0.10024898208287035,0.13908945105134846
233,-0.3500000000000129,0.036197749385704,1.0,-0.15035707698026055,-0.11415932759455655
234,-0.3000000000000131,0.0359401756806915,1.0,0.21646875992059142,0.2524089356012829
235,-0.2500000000000133,0.0388740560091674,1.0,-0.23388238054142377,-0.19500832453225636
236,-0.2000000000000135,0.0459392068002679,1.0,-0.03613430931062066,0.00980489748964724
237,-0.1500000000000136,0.0569673110806374,1.0,-0.27557263058266107,-0.21860531950202367
238,-0.1000000000000138,0.0677655558589055,1.0,-0.009592092286937004,0.05817346357196849
239,-0.050000000000014,0.0693001457890564,1.0,0.3647625256626896,0.434062671451746
240,-1.4210854715202004e-14,0.055859428226799,1.0,-0.05208628192772317,0.0037731462990758316
241,0.0499999999999856,0.0328812050633763,1.0,-0.07423505311911519,-0.041353848055738884
242,0.0999999999999854,0.0121765185359239,1.0,0.0397011142126864,0.0518776327486103
243,0.1499999999999852,0.0018222471827081,1.0,0.15267440378417282,0.15449665096688092
244,0.199999999999985,0.0,1.0,-0.0758503441327918,-0.0758503441327918
245,0.2499999999999849,0.0048981048070252,1.0,0.06805511945779234,0.07295322426481754
246,0.2999999999999847,0.0196027960098705,1.0,0.0927692143283557,0.1123720103382262
247,0.3499999999999845,0.0458431574243765,1.0,0.15581247889796232,0.20165563632233882
248,0.3999999999999843,0.1055371039828324,1.0,-0.08043785495412306,0.025099249028709344
249,0.4499999999999842,0.2373356089974205,1.0,0.19282928068439772,0.4301648896818182
250,0.499999999999984,0.4359575571623955,1.0,0.24093083755169417,0.6768883947140897
251,0.5499999999999838,0.6210299216680303,1.0,0.05949155239789344,0.6805214740659237
252,0.5999999999999837,0.7460230272246318,1.0,-0.007700100743455014,0.7383229264811767
253,0.6499999999999835,0.8211804422744557,1.0,0.0015146365455549113,0.8226950788200107
254,0.6999999999999833,0.8662841255038364,1.0,0.26669022972764994,1.1329743552314864
255,0.7499999999999831,0.8943419882851593,1.0,0.1601486291371791,1.0544906174223385
256,0.799999999999983,0.9125031387701854,1.0,-0.06079880717569997,0.8517043315944854
257,0.8499999999999828,0.9246304510727742,1.0,-0.12142898567448347,0.8032014653982907
258,0.8999999999999826,0.9328719308693556,1.0,-0.0397901793714933,0.8930817514978623
259,0.9499999999999824,0.9384690456419956,1.0,0.16162935668578673,1.1000984023277824
260,0.9999999999999822,0.9421655772368936,1.0,-0.17393549592363614,0.7682300813132575
261,1.049999999999982,0.9444200588497694,1.0,-0.10104022215868452,0.843379836691085
262,1.099999999999982,0.9455208102063324,1.0,0.03915929337951506,0.9846801035858475
263,1.1499999999999817,0.945651134314682,1.0,0.0805321323407538,1.0261832666554358
264,1.1999999999999815,0.9449279378129692,1.0,-0.08322373785573309,0.8617041999572361
265,1.2499999999999811,0.9434254867336976,1.0,0.15996467331168998,1.1033901600453877
266,1.2999999999999812,0.941190433743462,1.0,0.16609478259789687,1.107285216341359
267,1.349999999999981,0.938251521688922,1.0,0.01742123671176367,0.9556727584006857
268,1.3999999999999808,0.9346259945361236,1.0,-0.005036050787658253,0.9295899437484654
269,1.4499999999999806,0.9303240104593034,1.0,0.08417182486070242,1.0144958353200058
270,1.4999999999999805,0.925351913525216,1.0,-0.14342611569206823,0.7819257978331478
271,1.5499999999999805,0.919714929991957,1.0,0.21338731071227113,1.1331022407042282
272,1.59999999999998,0.9134196473673164,1.0,-0.08120937020669752,0.8322102771606189
273,1.64999999999998,0.9064764748167417,1.0,0.05574576184184126,0.9622222366585829
274,1.6999999999999795,0.8989021475471841,1.0,0.20008690018011924,1.0989890477273034
275,1.7499999999999796,0.8907222061156772,1.0,-0.16765164313757755,0.7230705629780997
276,1.7999999999999794,0.8819732435586684,1.0,-0.01666535714717077,0.8653078864114976
277,1.8499999999999792,0.8727045717778347,1.0,-0.23454822622250668,0.638156345555328
278,1.899999999999979,0.8629788342439213,1.0,0.017607309014272998,0.8805861432581943
279,1.9499999999999789,0.8528710232301631,1.0,-0.009825847731336415,0.8430451754988266
280,1.999999999999979,0.8424653970106747,1.0,-0.5273127104400611,0.31515268657061357
281,2.0499999999999785,0.8318499840943265,1.0,-0.3310535014876444,0.5007964826066822
282,2.0999999999999783,0.8211087315299693,1.0,0.012241495818857386,0.8333502273488267
283,2.149999999999978,0.8103118778150656,1.0,-0.06724082159505287,0.7430710562200128
284,2.199999999999978,0.799505719205369,1.0,0.0643743902091466,0.8638801094145155
285,2.249999999999978,0.7887034449624886,1.0,-0.2972874414475788,0.49141600351490977
286,2.2999999999999776,0.7778789730266904,1.0,0.12208401876385247,0.8999629917905428
287,2.349999999999977,0.7669655861879401,1.0,-0.040522892021141885,0.7264426941667982
288,2.3999999999999773,0.7558606012718398,1.0,0.013887672715193445,0.7697482739870333
289,2.449999999999977,0.7444363668638772,1.0,0.14751656449966818,0.8919529313635454
290,2.499999999999977,0.7325567457232213,1.0,0.06747779505031352,0.8000345407735348
291,2.5499999999999767,0.7200971151903776,1.0,0.19322821342946428,0.9133253286198418
292,2.599999999999977,0.7069650319422289,1.0,-0.12695029922326073,0.5800147327189682
293,2.6499999999999764,0.6931182488084128,1.0,-0.09912609163993805,0.5939921571684748
294,2.699999999999976,0.6785768975892047,1.0,-0.1823706719100859,0.49620622567911876
295,2.749999999999976,0.6634274553594635,1.0,-0.059798482819097325,0.6036289725403662
296,2.799999999999976,0.6478175469870697,1.0,-0.11237804311039522,0.5354395038766745
297,2.849999999999976,0.6319424384483509,1.0,-0.04902614192481134,0.5829162965235395
298,2.8999999999999755,0.6160257670351306,1.0,-0.023996082381900638,0.5920296846532299
299,2.9499999999999758,0.600298107352054,1.0,0.12877315323657562,0.7290712605886296
300,2.999999999999975,0.5849770568857707,1.0,0.09504749348051462,0.6800245503662854
301,3.049999999999975,0.5702516853158623,1.0,0.1673082316226078,0.7375599169384701
302,3.0999999999999748,0.5562728107958472,1.0,0.03774145130769358,0.5940142621035408
303,3.1499999999999746,0.543149154892323,1.0,0.2869229221612946,0.8300720770536176
304,3.1999999999999744,0.53094838486522,1.0,0.15676767584975032,0.6877160607149704
305,3.2499999999999742,0.5197015394034643,1.0,0.2549015896466337,0.774603129050098
306,3.299999999999974,0.5094092960860976,1.0,-0.09444681865100873,0.4149624774350889
307,3.349999999999974,0.5000488048732842,1.0,-0.06271586078554829,0.4373329440877359
308,3.3999999999999737,0.4915801999539835,1.0,-0.008384843329682616,0.4831953566243009
309,3.449999999999973,0.483952279875719,1.0,0.25561904812058645,0.7395713279963054
310,3.4999999999999734,0.4771071443841334,1.0,0.13912826748904075,0.6162354118731741
311,3.549999999999973,0.4709837776040292,1.0,-0.10451546064293243,0.3664683169610968
312,3.599999999999973,0.4655206821088753,1.0,-0.2154694621490234,0.2500512199598519
313,3.649999999999973,0.4606577194178314,1.0,0.20304831527295675,0.6637060346907881
314,3.6999999999999726,0.4563373223023669,1.0,-0.04265135004287258,0.41368597225949433
315,3.749999999999973,0.4525052312442433,1.0,0.005682252317115008,0.4581874835613583
316,3.799999999999972,0.4491108841091851,1.0,0.05088435723196758,0.4999952413411527
317,3.849999999999972,0.4461075623436481,1.0,-0.036511666673438865,0.40959589567020926
318,3.899999999999972,0.4434523729396767,1.0,-0.16319066333549032,0.2802617096041864
319,3.949999999999972,0.4411061248856722,1.0,0.08875772254131163,0.5298638474269838
320,-4.0,0.999999999999994,2.0,0.06933937257619854,1.0693393725761926
321,-3.95,0.9217126626415424,2.0,-0.02149186961917542,0.900220793022367
322,-3.9,0.8466626034278508,2.0,0.31257330173404785,1.1592359051618986
323,-3.850000000000001,0.7754456037046683,2.0,-0.08089212650802936,0.694553477196639
324,-3.8000000000000007,0.7084951185251201,2.0,-0.020059411711130886,0.6884357068139892
325,-3.750000000000001,0.6460862373699928,2.0,-0.08537066423118475,0.560715573138808
326,-3.700000000000001,0.5883504842453019,2.0,-0.06851667129137384,0.519833812953928
327,-3.650000000000001,0.5352975385688058,2.0,0.03874555053342068,0.5740430891022265
328,-3.6000000000000014,0.4868401149712453,2.0,-0.12011061698254528,0.3667294979887
329,-3.5500000000000016,0.4428189397584431,2.0,-0.1388953132450558,0.30392362651338733
330,-3.5000000000000018,0.4030256893608578,2.0,0.12881925410153588,0.5318449434623937
331,-3.450000000000002,0.3672226670526829,2.0,0.20763572176195758,0.5748583888146405
332,-3.400000000000002,0.3351587450961404,2.0,0.004890783191888323,0.34004952828802876
333,-3.3500000000000023,0.3065816370646212,2.0,0.04225870410767324,0.34884034117229445
334,-3.3000000000000025,0.2812468973274579,2.0,0.355042219335695,0.6362891166631529
335,-3.2500000000000027,0.2589242106193735,2.0,-0.13849428256666702,0.12042992805270647
336,-3.200000000000003,0.2394015823895266,2.0,0.3321389125064087,0.5715404948959353
337,-3.150000000000003,0.2224880146810716,2.0,0.35164032658784844,0.57412834126892
338,-3.100000000000003,0.2080151881871356,2.0,-0.1084353204548004,0.09957986773233521
339,-3.050000000000004,0.1958385948464288,2.0,-0.12207982195686494,0.07375877288956385
340,-3.000000000000004,0.1858384946054924,2.0,0.10031414594774607,0.28615264055323847
341,-2.950000000000004,0.1779210157230362,2.0,-0.05063696135159982,0.1272840543714364
342,-2.900000000000004,0.1720196848120127,2.0,0.12641787084170347,0.2984375556537162
343,-2.850000000000004,0.1680976575397758,2.0,0.040426732639364284,0.20852439017914007
344,-2.8000000000000043,0.1661509089117034,2.0,-0.021351529313693968,0.14479937959800943
345,-2.7500000000000044,0.1662126015615199,2.0,0.16951533433088334,0.33572793589240324
346,-2.7000000000000046,0.16835872712553,2.0,0.09414430973633689,0.2625030368618669
347,-2.650000000000005,0.1727148340982733,2.0,-0.14202758188306058,0.030687252215212707
348,-2.600000000000005,0.1794631379345317,2.0,0.08584736940585648,0.2653105073403882
349,-2.550000000000005,0.1888485123321356,2.0,-0.034356652958687464,0.15449185937344811
350,-2.5000000000000053,0.2011807452584376,2.0,0.09624090785537474,0.29742165311381236
351,-2.450000000000005,0.2168285139601737,2.0,-0.011984019186612254,0.20484449477356143
352,-2.4000000000000057,0.236195153559627,2.0,-0.27182615001965965,-0.03563099646003265
353,-2.350000000000006,0.2596497458702255,2.0,0.29037935713479607,0.5500291030050215
354,-2.300000000000006,0.28734886027759,2.0,0.10853722318902861,0.3958860834666186
355,-2.250000000000006,0.3188395572147506,2.0,-0.08538546497266392,0.23345409224208669
356,-2.2000000000000064,0.3523854580376039,2.0,-0.12817539740241912,0.22421006063518478
357,-2.1500000000000066,0.3842687088062705,2.0,0.08188342923930797,0.4661521380455785
358,-2.1000000000000068,0.40877828741574,2.0,-0.0989593392119388,0.30981894820380124
359,-2.050000000000007,0.4195225460521544,2.0,-0.1562685953324646,0.2632539507196898
360,-2.000000000000007,0.4117169353634378,2.0,0.20285108760806714,0.6145680229715049
361,-1.9500000000000075,0.3841789539914006,2.0,0.08766727377781663,0.47184622776921725
362,-1.9000000000000077,0.3399555603523423,2.0,-0.1976867298897683,0.14226883046257402
363,-1.850000000000008,0.2853521906441095,2.0,-0.04064114914843856,0.24471104149567094
364,-1.8000000000000078,0.22785932396347,2.0,0.18321754776248195,0.411076871725952
365,-1.750000000000008,0.1739495267663323,2.0,0.2517841765329377,0.42573370329927
366,-1.7000000000000082,0.1277165916297832,2.0,0.2764597267928118,0.40417631842259494
367,-1.6500000000000083,0.0907022618054636,2.0,0.11505485770972068,0.20575711951518427
368,-1.6000000000000083,0.0625519811923133,2.0,-0.0919562708173028,-0.029404289624989505
369,-1.5500000000000087,0.04191187039392,2.0,-0.021814848573143086,0.02009702182077691
370,-1.5000000000000089,0.027156305758911,2.0,0.11380123933044793,0.14095754508935893
371,-1.450000000000009,0.0168076664002449,2.0,0.11462302102215693,0.13143068742240183
372,-1.4000000000000092,0.009695311186059,2.0,-0.022741940587971077,-0.013046629401912077
373,-1.3500000000000094,0.0049626805951369,2.0,-0.0481760845224941,-0.043213403927357195
374,-1.3000000000000096,0.0020132326094657,2.0,-0.015207463743389495,-0.013194231133923795
375,-1.2500000000000098,0.0004458761768454,2.0,0.04947757599860728,0.04992345217545268
376,-1.20000000000001,0.0,2.0,0.07658354467631413,0.07658354467631413
377,-1.15000000000001,0.0005143470532696,2.0,0.021383779410275708,0.021898126463545307
378,-1.1000000000000103,0.0018980163724015,2.0,0.06579655839349814,0.06769457476589964
379,-1.0500000000000105,0.0041106649196616,2.0,0.14167450569525358,0.1457851706149152
380,-1.0000000000000109,0.0071495081374175,2.0,-0.0029972379420880697,0.00415227019532943
381,-0.9500000000000108,0.0110415528407281,2.0,-0.0394803227302931,-0.028438769889565
382,-0.900000000000011,0.0158400656787058,2.0,0.011053735634691966,0.026893801313397768
383,-0.8500000000000112,0.021624472570724,2.0,0.10478287333415351,0.1264073459048775
384,-0.8000000000000114,0.0285028690515763,2.0,0.010353703554019697,0.038856572605595996
385,-0.7500000000000115,0.0366163233755637,2.0,0.3532269605560488,0.3898432839316125
386,-0.7000000000000117,0.046144149796848,2.0,0.09604109909133543,0.14218524888818343
387,-0.6500000000000119,0.0573088742966205,2.0,0.018916811664264312,0.07622568596088482
388,-0.6000000000000121,0.0703780079472786,2.0,0.03386883516645233,0.10424684311373092
389,-0.5500000000000123,0.0856565676711578,2.0,-0.05156071035199167,0.03409585731916613
390,-0.5000000000000124,0.1034603085146061,2.0,0.05695519071651105,0.16041549923111714
391,-0.4500000000000126,0.1240578063534303,2.0,-0.11137419818187347,0.012683608171556837
392,-0.4000000000000128,0.1475749313737006,2.0,0.014684308530885242,0.16225923990458582
393,-0.3500000000000129,0.1738720753124367,2.0,-0.01097935318856053,0.16289272212387618
394,-0.3000000000000131,0.2024299040089586,2.0,-0.14210393364914048,0.060325970359818126
395,-0.2500000000000133,0.2322991024048684,2.0,0.11117160132940467,0.3434707037342731
396,-0.2000000000000135,0.2621635161382816,2.0,-0.06687746326000844,0.19528605287827316
397,-0.1500000000000136,0.2905258098266164,2.0,0.30053392481479285,0.5910597346414093
398,-0.1000000000000138,0.3159675407814518,2.0,-0.20114205113161884,0.11482548964983294
399,-0.050000000000014,0.3373966002678655,2.0,0.21076725201790647,0.5481638522857719
400,-1.4210854715202004e-14,0.3542003202076352,2.0,0.235340670653158,0.5895409908607931
401,0.0499999999999856,0.3662678516107426,2.0,0.04171294963350924,0.40798080124425185
402,0.0999999999999854,0.3739007157057974,2.0,0.21569970732650182,0.5896004230322992
403,0.1499999999999852,0.3776647272190107,2.0,-0.1799724579728299,0.19769226924618077
404,0.199999999999985,0.37823883510357,2.0,-0.2183842287923978,0.15985460631117218
405,0.2499999999999849,0.3762969301077939,2.0,-0.14697297103931684,0.22932395906847708
406,0.2999999999999847,0.3724346401919519,2.0,-0.080957085680989,0.2914775545109629
407,0.3499999999999845,0.3671362256045646,2.0,-0.09263068799024783,0.2745055376143168
408,0.3999999999999843,0.3607695741765413,2.0,-0.10621877592047593,0.2545507982560654
409,0.4499999999999842,0.3535971991291175,2.0,-0.020674121917185786,0.33292307721193176
410,0.499999999999984,0.3457941843160257,2.0,0.008826243292531689,0.3546204276085574
411,0.5499999999999838,0.3374675111025067,2.0,0.04165012881798002,0.37911763992048675
412,0.5999999999999837,0.3286739306452084,2.0,0.10813773477487894,0.4368116654200873
413,0.6499999999999835,0.3194352840067739,2.0,0.20032069389939822,0.5197559779061721
414,0.6999999999999833,0.3097511121197546,2.0,0.04322909888057799,0.3529802110003326
415,0.7499999999999831,0.2996088178500146,2.0,-0.011846423576290812,0.2877623942737238
416,0.799999999999983,0.2889917724157302,2.0,-0.07981694192527324,0.209174830490457
417,0.8499999999999828,0.2778857477933806,2.0,-0.05100292157093294,0.22688282622244765
418,0.8999999999999826,0.2662839896990652,2.0,-0.10201831626394835,0.16426567343511683
419,0.9499999999999824,0.2541911639659754,2.0,-0.2655351169482983,-0.01134395298232288
420,0.9999999999999822,0.2416263307016258,2.0,-0.06755938219465661,0.1740669485069692
421,1.049999999999982,0.2286250323397714,2.0,0.30312571580525005,0.5317507481450214
422,1.099999999999982,0.2152405263152749,2.0,-0.3488717004050453,-0.13363117408977038
423,1.1499999999999817,0.2015441526810312,2.0,-0.1815195126499295,0.020024640031101715
424,1.1999999999999815,0.1876248043262552,2.0,-0.22577379455189683,-0.03814899022564164
425,1.2499999999999811,0.1735874659347522,2.0,0.21750480570297032,0.39109227163772253
426,1.2999999999999812,0.1595508105145988,2.0,0.1883887984497052,0.347939608964304
427,1.349999999999981,0.1456438905115669,2.0,0.05346179056974808,0.199105681081315
428,1.3999999999999808,0.1320020319786687,2.0,-0.047939638959069435,0.08406239301959925
429,1.4499999999999806,0.1187621279414932,2.0,0.09773877162349083,0.21650089956498403
430,1.4999999999999805,0.1060576186023717,2.0,0.12419522095180086,0.23025283955417256
431,1.5499999999999805,0.0940135247922997,2.0,0.19344394267613216,0.28745746746843187
432,1.59999999999998,0.0827419491796912,2.0,-0.12499162719312977,-0.04224967801343857
433,1.64999999999998,0.0723384620425757,2.0,-0.10265087553357156,-0.030312413490995865
434,1.6999999999999795,0.0628797368373865,2.0,-0.09786124239664767,-0.034981505559261175
435,1.7499999999999796,0.0544226972740844,2.0,0.024075687531732354,0.07849838480581675
436,1.7999999999999794,0.0470052944926256,2.0,-0.09827475287710594,-0.05126945838448033
437,1.8499999999999792,0.0406488708110887,2.0,0.027636560042933717,0.06828543085402242
438,1.899999999999979,0.0353619099745227,2.0,0.17264245308466045,0.20800436305918316
439,1.9499999999999789,0.0311448462152051,2.0,-0.08449944937553476,-0.05335460316032966
440,1.999999999999979,0.0279955222830754,2.0,-0.025535482074139828,0.0024600402089355704
441,2.0499999999999785,0.0259148547749284,2.0,0.036596081355914724,0.06251093613084313
442,2.0999999999999783,0.0249122741667347,2.0,0.26764766596015127,0.29255994012688596
443,2.149999999999978,0.0250105351141147,2.0,0.06771433795992958,0.09272487307404428
444,2.199999999999978,0.0262495131425136,2.0,-0.05464770935078389,-0.02839819620827029
445,2.249999999999978,0.0286885973936596,2.0,0.010464562416322523,0.03915315980998212
446,2.2999999999999776,0.0324072568734367,2.0,-0.16051436085621545,-0.12810710398277875
447,2.349999999999977,0.0375033313017731,2.0,-0.17184531070379827,-0.13434197940202516
448,2.3999999999999773,0.044088639578354,2.0,0.072022422351782,0.116111061930136
449,2.449999999999977,0.0522816867361797,2.0,-0.1515484024527369,-0.09926671571655721
450,2.499999999999977,0.0621976418128576,2.0,-0.044688183496752264,0.017509458316105335
451,2.5499999999999767,0.0739363428184005,2.0,-0.16661983529397772,-0.09268349247557722
452,2.599999999999977,0.0875697399784544,2.0,-0.12854632648783448,-0.04097658650938009
453,2.6499999999999764,0.1031306902733461,2.0,-0.13628632379163627,-0.033155633518290165
454,2.699999999999976,0.1206051149094988,2.0,0.22439457691319636,0.3449996918226952
455,2.749999999999976,0.1399290806257901,2.0,-0.1367677439552599,0.0031613366705302015
456,2.799999999999976,0.1609914309305948,2.0,0.08008724052017031,0.24107867145076511
457,2.849999999999976,0.1836414539287026,2.0,0.08891419207053756,0.27255564599924015
458,2.8999999999999755,0.2077001013009416,2.0,0.018753423110075572,0.22645352441101718
459,2.9499999999999758,0.2329727576548989,2.0,-0.1699935978719244,0.0629791597829745
460,2.999999999999975,0.2592615884376411,2.0,0.10618489103580343,0.3654464794734445
461,3.049999999999975,0.2863759521797725,2.0,0.29288186150397416,0.5792578136837467
462,3.0999999999999748,0.3141400234133616,2.0,-0.16449062301578163,0.14964940039757998
463,3.1499999999999746,0.3423974154930742,2.0,0.036269029435270446,0.3786664449283446
464,3.1999999999999744,0.3710130761629726,2.0,0.1647664225357808,0.5357794986987534
465,3.2499999999999742,0.3998730061294498,2.0,-0.004277489068932826,0.395595517060517
466,3.299999999999974,0.4288824449634117,2.0,-0.1260378055459483,0.3028446394174634
467,3.349999999999974,0.4579631348686757,2.0,0.27120069840162914,0.7291638332703048
468,3.3999999999999737,0.4870501697164539,2.0,-0.4368810550279483,0.0501691146885056
469,3.449999999999973,0.5160888099578465,2.0,0.13163369272148887,0.6477225026793353
470,3.4999999999999734,0.5450315223437435,2.0,0.0892993997470334,0.6343309220907769
471,3.549999999999973,0.5738354010206791,2.0,0.23330904736275265,0.8071444483834318
472,3.599999999999973,0.6024600478261735,2.0,-0.22056229981981063,0.38189774800636284
473,3.649999999999973,0.6308659331902778,2.0,0.0368330472874325,0.6676989804777104
474,3.6999999999999726,0.6590132212265724,2.0,-0.15676408202818942,0.502249139198383
475,3.749999999999973,0.6868610190706964,2.0,-0.16452901811951448,0.5223320009511819
476,3.799999999999972,0.7143669973871773,2.0,-0.4253494044641735,0.28901759292300383
477,3.849999999999972,0.7414873230471472,2.0,-0.022349777011159415,0.7191375460359878
478,3.899999999999972,0.7681768438905174,2.0,-0.10006829819369945,0.668108545696818
479,3.949999999999972,0.7943894675124276,2.0,-0.30396633769019094,0.4904231298222366
480,-4.0,0.0072906906060386,3.0,0.14062424776508778,0.14791493837112638
481,-3.95,0.0062958703998652,3.0,0.05068889688663597,0.05698476728650117
482,-3.9,0.0053711529825211,3.0,0.37033284265277855,0.37570399563529966
483,-3.850000000000001,0.0045158845103125,3.0,-0.12372935332043111,-0.11921346881011861
484,-3.8000000000000007,0.0037298572644818,3.0,0.12118148595255508,0.12491134321703688
485,-3.750000000000001,0.0030133332083919,3.0,-0.08604592927840674,-0.08303259607001484
486,-3.700000000000001,0.0023670735173757,3.0,-0.037696032775863496,-0.035328959258487794
487,-3.650000000000001,0.0017923747868576,3.0,-0.24453836737293244,-0.24274599258607485
488,-3.6000000000000014,0.0012911127619319,3.0,-0.009065038470251837,-0.007773925708319937
489,-3.5500000000000016,0.0008657945940216,3.0,0.19710650402345564,0.19797229861747725
490,-3.5000000000000018,0.000519620822697,3.0,-0.10913649123840234,-0.10861687041570534
491,-3.450000000000002,0.0002565585110541,3.0,0.16221516834274163,0.16247172685379574
492,-3.400000000000002,8.142723967106012e-05,3.0,-0.11286402558277532,-0.11278259834310427
493,-3.3500000000000023,0.0,3.0,-0.012051455146129297,-0.012051455146129297
494,-3.3000000000000025,1.912143625616615e-05,3.0,0.04750395642346975,0.04752307785972592
495,-3.2500000000000027,0.0001468463861603,3.0,-0.06265583743733019,-0.06250899105116989
496,-3.200000000000003,0.0003926022867117,3.0,0.015620435417163436,0.016013037703875136
497,-3.150000000000003,0.0007673797709307,3.0,-0.02478513411636657,-0.02401775434543587
498,-3.100000000000003,0.0012839567169675,3.0,0.02381911129056577,0.02510306800753327
499,-3.050000000000004,0.0019571621561368,3.0,-0.3261871229340881,-0.3242299607779513
500,-3.000000000000004,0.0028041878320196,3.0,0.15042140763342138,0.15322559546544098
501,-2.950000000000004,0.0038449568412372,3.0,-0.21715604852588438,-0.21331109168464718
502,-2.900000000000004,0.0051025606531432,3.0,0.014809457585203602,0.019912018238346804
503,-2.850000000000004,0.0066037777986036,3.0,0.19849711570700546,0.20510089350560906
504,-2.8000000000000043,0.008379689397419,3.0,-0.17411397593987016,-0.16573428654245115
505,-2.7500000000000044,0.010466408004423,3.0,-0.09994137621584165,-0.08947496821141865
506,-2.7000000000000046,0.0129059362076278,3.0,-0.042050042466102104,-0.029144106258474304
507,-2.650000000000005,0.0157471687907448,3.0,-0.06101475415691019,-0.04526758536616539
508,-2.600000000000005,0.019047045353843,3.0,0.06790852095704834,0.08695556631089134
509,-2.550000000000005,0.0228718469307431,3.0,-0.07482439566325799,-0.0519525487325149
510,-2.5000000000000053,0.0272986081465172,3.0,0.1436086366814241,0.17090724482794128
511,-2.450000000000005,0.0324165843585809,3.0,-0.1735516988685988,-0.14113511451001792
512,-2.4000000000000057,0.0383286715772656,3.0,0.0713149965351911,0.10964366811245671
513,-2.350000000000006,0.0451526297913667,3.0,-0.2566375070902924,-0.21148487729892573
514,-2.300000000000006,0.0530219156894408,3.0,-0.16730762677970323,-0.11428571109026243
515,-2.250000000000006,0.0620858983555701,3.0,-0.08228635601952253,-0.020200457663952426
516,-2.2000000000000064,0.0725092146655391,3.0,0.062140273705463045,0.13464948837100216
517,-2.1500000000000066,0.084470002252205,3.0,0.15977369327317148,0.24424369552537648
518,-2.1000000000000068,0.0981566728036103,3.0,0.34859701790954056,0.44675369071315085
519,-2.050000000000007,0.1137626659836682,3.0,-0.21374176592233188,-0.09997909993866368
520,-2.000000000000007,0.1314781689347375,3.0,-0.218944649325312,-0.0874664803905745
521,-1.9500000000000075,0.1514771227521076,3.0,-0.009312844854286531,0.14216427789782105
522,-1.9000000000000077,0.1738972412745421,3.0,0.07436681013290565,0.24826405140744773
523,-1.850000000000008,0.1988108423825681,3.0,0.004652835711831184,0.20346367809439928
524,-1.8000000000000078,0.2261858282546918,3.0,0.12491741928273126,0.35110324753742306
525,-1.750000000000008,0.2558396751689354,3.0,-0.06642828977763375,0.18941138539130165
526,-1.7000000000000082,0.2873944202452142,3.0,0.12008862757914011,0.40748304782435435
527,-1.6500000000000083,0.3202456143293665,3.0,-0.005452515219449481,0.314793099109917
528,-1.6000000000000083,0.3535602212495317,3.0,-0.011163036429483854,0.34239718482004783
529,-1.5500000000000087,0.3863148908306492,3.0,0.2457935694177997,0.6321084602484489
530,-1.5000000000000089,0.4173764416027601,3.0,-0.14399503107615755,0.2733814105266026
531,-1.450000000000009,0.4456135745485712,3.0,-0.12045225043112233,0.32516132411744886
532,-1.4000000000000092,0.4700180674515499,3.0,0.0674138973851785,0.5374319648367284
533,-1.3500000000000094,0.4898098932173293,3.0,0.15382382988443602,0.6436337231017654
534,-1.3000000000000096,0.5045055269473613,3.0,0.11084742375326212,0.6153529507006235
535,-1.2500000000000098,0.5139396911159277,3.0,0.30898677892868737,0.822926470044615
536,-1.20000000000001,0.5182430672564025,3.0,0.022588694645337238,0.5408317619017396
537,-1.15000000000001,0.5177876258886108,3.0,0.03064685536176056,0.5484344812503714
538,-1.1000000000000103,0.513115094317276,3.0,0.08111549447290274,0.5942305887901788
539,-1.0500000000000105,0.5048631222931553,3.0,-0.09856918790715619,0.40629393438599914
540,-1.0000000000000109,0.4936998101460643,3.0,-0.43691360891890735,0.05678620122715694
541,-0.9500000000000108,0.4802725128525303,3.0,-0.00552017390549034,0.47475233894703994
542,-0.900000000000011,0.4651726978014966,3.0,0.037674964606655696,0.5028476624081523
543,-0.8500000000000112,0.4489157789674833,3.0,-0.057932794910400424,0.39098298405708287
544,-0.8000000000000114,0.4319333170452982,3.0,-0.12214802530635688,0.3097852917389413
545,-0.7500000000000115,0.4145744749284264,3.0,-0.1801410786589725,0.23443339626945392
546,-0.7000000000000117,0.3971137725837516,3.0,0.025733116465579867,0.42284688904933143
547,-0.6500000000000119,0.3797626650305438,3.0,-0.28598447832952484,0.09377818670101895
548,-0.6000000000000121,0.3626830398363314,3.0,0.13720222738781265,0.49988526722414406
549,-0.5500000000000123,0.3460012595919547,3.0,-0.3192070974578244,0.026794162134130328
550,-0.5000000000000124,0.3298217945082048,3.0,-0.06468894232251976,0.26513285218568505
551,-0.4500000000000126,0.3142397792633963,3.0,0.056619609604257326,0.3708593888676536
552,-0.4000000000000128,0.2993519902156695,3.0,0.13783067189563983,0.4371826621113093
553,-0.3500000000000129,0.2852657939960936,3.0,0.12390538996966606,0.40917118396575963
554,-0.3000000000000131,0.2721056030284982,3.0,0.10351614795074321,0.3756217509792414
555,-0.2500000000000133,0.2600163444503349,3.0,-0.24396867051952292,0.016047673930811968
556,-0.2000000000000135,0.2491634772724517,3.0,0.2047552762421237,0.4539187535145754
557,-0.1500000000000136,0.2397292383892659,3.0,-0.024034501589921486,0.21569473679934442
558,-0.1000000000000138,0.2319050728172655,3.0,0.18146986662983344,0.4133749394470989
559,-0.050000000000014,0.2258805621978665,3.0,-0.07858714310385748,0.14729341909400903
560,-1.4210854715202004e-14,0.2218295799337762,3.0,-0.10037763149317297,0.12145194844060322
561,0.0499999999999856,0.2198949865070939,3.0,-0.31369497494939097,-0.09379998844229706
562,0.0999999999999854,0.2201741666366836,3.0,-0.023298918113339666,0.19687524852334393
563,0.1499999999999852,0.2227090287616244,3.0,0.09864170712786399,0.32135073588948837
564,0.199999999999985,0.2274847493667135,3.0,-0.13714421095588133,0.09034053841083217
565,0.2499999999999849,0.2344397259729592,3.0,-0.17434854828256252,0.06009117769039668
566,0.2999999999999847,0.2434836939040888,3.0,0.12387453043008266,0.3673582243341715
567,0.3499999999999845,0.2545132436792144,3.0,0.036675455137877816,0.2911886988170922
568,0.3999999999999843,0.2674091757800029,3.0,-0.01681692285231276,0.25059225292769016
569,0.4499999999999842,0.2820055703409604,3.0,-0.03239015726348976,0.24961541307747065
570,0.499999999999984,0.2980403145846522,3.0,-0.10735062975429766,0.19068968483035453
571,0.5499999999999838,0.3151217767193394,3.0,-0.06465192490864041,0.250469851810699
572,0.5999999999999837,0.3327477875572114,3.0,-0.2953600116220993,0.03738777593511211
573,0.6499999999999835,0.3503686182538531,3.0,-0.04966103864742705,0.3007075796064261
574,0.6999999999999833,0.3674296876072918,3.0,-0.15050851853671104,0.21692116907058073
575,0.7499999999999831,0.3833413369598957,3.0,-0.35692447644912795,0.026416860510767748
576,0.799999999999983,0.3974126217060728,3.0,0.36846216001156257,0.7658747817176353
577,0.8499999999999828,0.4088513637558799,3.0,0.15159021116371785,0.5604415749195977
578,0.8999999999999826,0.4168909213503826,3.0,-0.13027657876938759,0.286614342580995
579,0.9499999999999824,0.4209992215435113,3.0,0.08646522685929084,0.5074644484028021
580,0.9999999999999822,0.4210590334862087,3.0,-0.020141373569596898,0.4009176599166118
581,1.049999999999982,0.4174266211911259,3.0,0.04238798469599454,0.4598146058871204
582,1.099999999999982,0.41084888521009,3.0,0.17408230761410376,0.5849311928241938
583,1.1499999999999817,0.4022884241867277,3.0,0.03247426457805563,0.43476268876478336
584,1.1999999999999815,0.3927331875549057,3.0,0.09522543271359211,0.48795862026849784
585,1.2499999999999811,0.3830512098529858,3.0,0.2296989496085078,0.6127501594614936
586,1.2999999999999812,0.3739146112518236,3.0,0.0449491008131827,0.41886371206500633
587,1.349999999999981,0.3657854760451357,3.0,-0.019188497589686593,0.3465969784554491
588,1.3999999999999808,0.3589410875505199,3.0,-0.19632442831434438,0.16261665923617552
589,1.4499999999999806,0.3535156107758258,3.0,0.12527689955662857,0.47879251033245435
590,1.4999999999999805,0.3495422458044707,3.0,-0.32423085889611913,0.025311386908351552
591,1.5499999999999805,0.3469877185975514,3.0,0.07796188427725455,0.42494960287480593
592,1.59999999999998,0.3457766955130887,3.0,0.031118637865108555,0.37689533337819725
593,1.64999999999998,0.3458069028497098,3.0,-0.1540228111334051,0.19178409171630467
594,1.6999999999999795,0.3469571532963265,3.0,0.11723477673408422,0.4641919300304107
595,1.7499999999999796,0.3490910090385439,3.0,0.17856353591373786,0.5276545449522818
596,1.7999999999999794,0.3520590407081161,3.0,-0.02373354170493546,0.32832549900318064
597,1.8499999999999792,0.355702800946725,3.0,0.06529797313397973,0.42100077408070474
598,1.899999999999979,0.3598636290448428,3.0,-0.054032584218706714,0.3058310448261361
599,1.9499999999999789,0.3643989234365782,3.0,0.03807203984072981,0.402470963277308
600,1.999999999999979,0.3692071962449195,3.0,-0.2585194361847635,0.11068776006015602
601,2.0499999999999785,0.3742609143326449,3.0,0.2043044692117435,0.5785653835443885
602,2.0999999999999783,0.3796432009511569,3.0,-0.049421151175592905,0.33022204977556396
603,2.149999999999978,0.3855818866355333,3.0,-0.21906745256780408,0.1665144340677292
604,2.199999999999978,0.3924733698184847,3.0,-0.298826166847316,0.09364720297116869
605,2.249999999999978,0.4008899650841796,3.0,-0.04659964332399777,0.3542903217601818
606,2.2999999999999776,0.4115673366905646,3.0,-0.32944123437406425,0.08212610231650036
607,2.349999999999977,0.4253715099590076,3.0,-0.11415141096165787,0.3112200989973497
608,2.3999999999999773,0.4432459522359073,3.0,0.037912146002881855,0.48115809823878913
609,2.449999999999977,0.4661377115424962,3.0,0.18152800051311335,0.6476657120556095
610,2.499999999999977,0.4948990264735842,3.0,0.19015424219149207,0.6850532686650763
611,2.5499999999999767,0.5301602866619937,3.0,0.11284881501185912,0.6430091016738528
612,2.599999999999977,0.5721752284029316,3.0,-0.00794892438684273,0.5642263040160889
613,2.6499999999999764,0.6206517733793444,3.0,-0.08031936059833988,0.5403324127810045
614,2.699999999999976,0.6746001376460741,3.0,-0.07216869537968346,0.6024314422663906
615,2.749999999999976,0.73224649170654,3.0,0.37118712055286124,1.1034336122594013
616,2.799999999999976,0.7910641305880625,3.0,-0.11665565095879611,0.6744084796292663
617,2.849999999999976,0.8479552083697867,3.0,-0.017306938591563615,0.830648269778223
618,2.8999999999999755,0.899575127766118,3.0,0.028031415416678595,0.9276065431827967
619,2.9499999999999758,0.9427431895466284,3.0,0.21571230680789547,1.158455496354524
620,2.999999999999975,0.9748494822891476,3.0,0.12020145821236433,1.0950509405015119
621,3.049999999999975,0.994165980312454,3.0,0.03363086221749464,1.0277968425299486
622,3.0999999999999748,0.9999999999996886,3.0,0.011950364090872578,1.0119503640905612
623,3.1499999999999746,0.9926755448398334,3.0,0.2395418238998705,1.232217368739704
624,3.1999999999999744,0.9733722477249256,3.0,0.07195213759406395,1.0453243853189895
625,3.2499999999999742,0.9438779828393772,3.0,0.06686096713553542,1.0107389499749126
626,3.299999999999974,0.9063160048761896,3.0,-0.06351494444014867,0.8428010604360409
627,3.349999999999974,0.8628958326181934,3.0,0.04569393871674237,0.9085897713349357
628,3.3999999999999737,0.8157178289627093,3.0,-0.051398535943027686,0.7643192930196816
629,3.449999999999973,0.7666423440385289,3.0,-0.030888004744226125,0.7357543392943028
630,3.4999999999999734,0.7172199698572828,3.0,0.15991813449378914,0.8771381043510719
631,3.549999999999973,0.6686712538411559,3.0,0.00963646230399765,0.6783077161451535
632,3.599999999999973,0.6219013379523253,3.0,0.06244277397081626,0.6843441119231415
633,3.649999999999973,0.5775357243614538,3.0,-0.020172154372815422,0.5573635699886385
634,3.6999999999999726,0.5359659884459289,3.0,0.34567810965830775,0.8816440981042366
635,3.749999999999973,0.4973974502183291,3.0,-0.000894539643750917,0.4965029105745782
636,3.799999999999972,0.4618937742650524,3.0,-0.06083940624839307,0.40105436801665933
637,3.849999999999972,0.4294158250104473,3.0,0.021294974750522125,0.4507107997609694
638,3.899999999999972,0.3998537766526774,3.0,0.14368433007735187,0.5435381067300293
639,3.949999999999972,0.3730525405859681,3.0,-0.123490568436641,0.2495619721493271
640,-4.0,0.0,4.0,0.10335079174984918,0.10335079174984918
641,-3.95,0.0003554518573178,4.0,0.11045840469125599,0.1108138565485738
642,-3.9,0.0007353496385422,4.0,0.1435161356097496,0.1442514852482918
643,-3.850000000000001,0.0011420783995355,4.0,0.13617139983375762,0.13731347823329312
644,-3.8000000000000007,0.0015783441139598,4.0,0.22918283438720352,0.23076117850116332
645,-3.750000000000001,0.0020472274151586,4.0,-0.056248265292452006,-0.054201037877293405
646,-3.700000000000001,0.0025522474445474,4.0,0.0431642303975193,0.0457164778420667
647,-3.650000000000001,0.0030974377647788,4.0,0.170807457083486,0.1739048948482648
648,-3.6000000000000014,0.0036874366383276,4.0,-0.18019239255131772,-0.17650495591299012
649,-3.5500000000000016,0.004327594342559,4.0,-0.01245963481483323,-0.00813204047227423
650,-3.5000000000000018,0.0050241005697074,4.0,-0.14170393054951472,-0.13667982997980732
651,-3.450000000000002,0.0057841353038333,4.0,-0.016487549011479582,-0.010703413707646282
652,-3.400000000000002,0.0066160468043218,4.0,-0.30869668090135394,-0.3020806340970321
653,-3.3500000000000023,0.0075295603346092,4.0,0.14533157749836956,0.15286113783297875
654,-3.3000000000000025,0.0085360208571192,4.0,-0.018524720690158186,-0.009988699833038985
655,-3.2500000000000027,0.0096486717587822,4.0,-0.03198970731719001,-0.022341035558407808
656,-3.200000000000003,0.0108829693008229,4.0,-0.001235529498233411,0.009647439802589489
657,-3.150000000000003,0.0122569282032535,4.0,-0.09351345901182181,-0.08125653080856832
658,-3.100000000000003,0.0137914865966959,4.0,0.047706448640810514,0.061497935237506414
659,-3.050000000000004,0.0155108672051385,4.0,0.051909955189539024,0.06742082239467752
660,-3.000000000000004,0.0174428945149239,4.0,-0.10881820243216797,-0.09137530791724408
661,-2.950000000000004,0.0196192033243467,4.0,0.10535623398756451,0.12497543731191121
662,-2.900000000000004,0.0220752417067507,4.0,0.19380866843971858,0.2158839101464693
663,-2.850000000000004,0.0248499325770269,4.0,0.05936737784272813,0.08421731041975503
664,-2.8000000000000043,0.0279848191428138,4.0,0.08588231504775636,0.11386713419057015
665,-2.7500000000000044,0.0315224957135741,4.0,-0.01594545237212022,0.015577043341453881
666,-2.7000000000000046,0.0355041447575702,4.0,0.20184664696109766,0.23735079171866785
667,-2.650000000000005,0.0399661063543527,4.0,0.024052096815901206,0.0640182031702539
668,-2.600000000000005,0.0449356469024074,4.0,-0.49772635394917786,-0.45279070704677044
669,-2.550000000000005,0.0504265013938217,4.0,-0.010190206836269547,0.040236294557552156
670,-2.5000000000000053,0.0564353028976364,4.0,-0.011825490001686891,0.04460981289594951
671,-2.450000000000005,0.06294052690481,4.0,0.012538574384724267,0.07547910128953426
672,-2.4000000000000057,0.069905770460964,4.0,0.11769675623431197,0.18760252669527597
673,-2.350000000000006,0.0772887129236055,4.0,-0.1798314653282419,-0.10254275240463641
674,-2.300000000000006,0.0850558023892237,4.0,-0.07789799685785456,0.0071578055313691324
675,-2.250000000000006,0.0932008446507873,4.0,0.05329155823954904,0.14649240289033635
676,-2.2000000000000064,0.1017639665218306,4.0,0.1791274330241015,0.2808913995459321
677,-2.1500000000000066,0.1108467112135116,4.0,0.24384870353869265,0.35469541475220423
678,-2.1000000000000068,0.1206196399732447,4.0,-0.2666942278244599,-0.1460745878512152
679,-2.050000000000007,0.1313202493690809,4.0,0.04297169145768257,0.17429194082676347
680,-2.000000000000007,0.1432401305383322,4.0,0.2536668110457398,0.396906941584072
681,-1.9500000000000075,0.1567000849088858,4.0,0.1925465053755191,0.34924659028440486
682,-1.9000000000000077,0.1720104216607013,4.0,-0.09002080840281071,0.08198961325789059
683,-1.850000000000008,0.1894128364502323,4.0,0.24736951729291343,0.4367823537431457
684,-1.8000000000000078,0.2090041497788277,4.0,-0.057937797517438966,0.15106635226138873
685,-1.750000000000008,0.2306549103732396,4.0,-0.23340300695440175,-0.0027480965811621516
686,-1.7000000000000082,0.2539554999973031,4.0,0.034598847505985575,0.2885543475032887
687,-1.6500000000000083,0.2782337247677778,4.0,-0.13731521186458345,0.14091851290319435
688,-1.6000000000000083,0.3026683724017501,4.0,-0.10231512415531886,0.20035324824643125
689,-1.5500000000000087,0.3264707069850655,4.0,-0.059787690188325325,0.26668301679674017
690,-1.5000000000000089,0.349058531461414,4.0,0.16713957611310132,0.5161981075745153
691,-1.450000000000009,0.3701508993266301,4.0,-0.23035928915398537,0.13979161017264471
692,-1.4000000000000092,0.3897630624905866,4.0,0.04469005817915655,0.4344531206697432
693,-1.3500000000000094,0.4081332036781028,4.0,0.1518664439894232,0.559999647667526
694,-1.3000000000000096,0.4256293322364423,4.0,0.19724674367640116,0.6228760759128434
695,-1.2500000000000098,0.442670741269714,4.0,-0.1860770243659706,0.25659371690374344
696,-1.20000000000001,0.4596762525751959,4.0,0.029668287169281857,0.4893445397444778
697,-1.15000000000001,0.4770361227090237,4.0,0.18163097616401014,0.6586670988730339
698,-1.1000000000000103,0.4950985198100033,4.0,-0.12766328760752085,0.3674352322024824
699,-1.0500000000000105,0.514161707789162,4.0,-0.14414202710845275,0.3700196806807093
700,-1.0000000000000109,0.5344660190998924,4.0,0.3447907930246392,0.8792568121245317
701,-0.9500000000000108,0.5561832328791633,4.0,0.08535196499665014,0.6415351978758134
702,-0.900000000000011,0.5794040822931049,4.0,-0.20040900837103956,0.37899507392206533
703,-0.8500000000000112,0.6041268870325008,4.0,-0.08087423827837732,0.5232526487541235
704,-0.8000000000000114,0.6302515231406483,4.0,-0.08336249582817878,0.5468890273124695
705,-0.7500000000000115,0.6575826780724178,4.0,-0.10520240956814082,0.5523802685042769
706,-0.7000000000000117,0.685844016872703,4.0,0.02185316241069662,0.7076971792833996
707,-0.6500000000000119,0.714700672757545,4.0,0.10093264524544843,0.8156333180029934
708,-0.6000000000000121,0.7437832504433654,4.0,0.17210878025070725,0.9158920306940725
709,-0.5500000000000123,0.7727052741905567,4.0,0.15932749956612793,0.9320327737566846
710,-0.5000000000000124,0.8010694880917845,4.0,-0.08954160589513982,0.7115278821966446
711,-0.4500000000000126,0.8284653833906057,4.0,0.08503963909011782,0.9135050224807235
712,-0.4000000000000128,0.8544671386729717,4.0,0.23943564194430025,1.093902780617272
713,-0.3500000000000129,0.8786438606522914,4.0,-0.04812038088594224,0.8305234797663491
714,-0.3000000000000131,0.9005901562645617,4.0,-0.11503038595503293,0.7855597703095288
715,-0.2500000000000133,0.9199750190140196,4.0,-0.09123295320567915,0.8287420658083404
716,-0.2000000000000135,0.936595041942524,4.0,-0.03701057206031936,0.8995844698822046
717,-0.1500000000000136,0.9504113755361288,4.0,0.14830298010223048,1.0987143556383592
718,-0.1000000000000138,0.9615542672722216,4.0,-0.007149086642579755,0.9544051806296419
719,-0.050000000000014,0.9702928121323317,4.0,0.16842216134868315,1.1387149734810147
720,-1.4210854715202004e-14,0.9769819456018124,4.0,0.28342544560919225,1.2604073912110048
721,0.0499999999999856,0.9820050800204964,4.0,0.13253399457900236,1.1145390745994987
722,0.0999999999999854,0.985727415014372,4.0,-0.06926466605275511,0.9164627489616168
723,0.1499999999999852,0.9884667197209774,4.0,0.2898169818637269,1.2782837015847044
724,0.199999999999985,0.9904814237403308,4.0,0.01861787178601748,1.0090992955263483
725,0.2499999999999849,0.991973081705609,4.0,0.19881786426321957,1.1907909459688286
726,0.2999999999999847,0.9930998547863468,4.0,0.17417660595106862,1.1672764607374153
727,0.3499999999999845,0.9939951387604892,4.0,0.20700982853385996,1.2010049672943492
728,0.3999999999999843,0.9947803616076464,4.0,0.022846407783408847,1.0176267693910552
729,0.4499999999999842,0.9955601491340288,4.0,-0.07370629310370107,0.9218538560303278
730,0.499999999999984,0.996398544871708,4.0,0.04896750716879139,1.0453660520404995
731,0.5499999999999838,0.9972937387929992,4.0,0.12893427178498626,1.1262280105779854
732,0.5999999999999837,0.9981784955901156,4.0,0.10141949503373765,1.0995979906238533
733,0.6499999999999835,0.998955678031639,4.0,-0.11716280948238059,0.8817928685492584
734,0.6999999999999833,0.999544065137821,4.0,0.05658408160147463,1.0561281467392956
735,0.7499999999999831,0.9998991068328764,4.0,-0.09901866329555487,0.9008804435373216
736,0.799999999999983,0.9999999999999984,4.0,0.0768878191916322,1.0768878191916307
737,0.8499999999999828,0.9998237976580848,4.0,-0.0009360132466257381,0.9988877844114591
738,0.8999999999999826,0.9993324106855662,4.0,-0.268050774732202,0.7312816359533643
739,0.9499999999999824,0.9984869588318568,4.0,0.10602048897181159,1.1045074478036683
740,0.9999999999999822,0.9972815626545064,4.0,0.10539666978250209,1.1026782324370086
741,1.049999999999982,0.995764708074063,4.0,0.11457216787263054,1.1103368759466936
742,1.099999999999982,0.9940259921004686,4.0,-0.1381153491831311,0.8559106429173375
743,1.1499999999999817,0.9921639155330144,4.0,0.204250650168178,1.1964145657011924
744,1.1999999999999815,0.9902622889482626,4.0,0.2316720342480281,1.2219343231962907
745,1.2499999999999811,0.988383760182158,4.0,-0.2574329384529665,0.7309508217291916
746,1.2999999999999812,0.9865735550619804,4.0,0.11189657850737968,1.09847013356936
747,1.349999999999981,0.9848654163028028,4.0,-0.19982948346327406,0.7850359328395287
748,1.3999999999999808,0.9832860011525634,4.0,0.06133750892633292,1.0446235100788963
749,1.4499999999999806,0.9818572295865832,4.0,-0.1289910133999195,0.8528662161866637
750,1.4999999999999805,0.9805973076293506,4.0,0.06800818265081937,1.04860549028017
751,1.5499999999999805,0.9795212006124436,4.0,0.07282533367465216,1.052346534287096
752,1.59999999999998,0.9786409541629324,4.0,0.04143519606508571,1.020076150228018
753,1.64999999999998,0.977965887129469,4.0,0.1629803861926824,1.1409462733221514
754,1.6999999999999795,0.977502499522002,4.0,-0.03608137759466751,0.9414211219273345
755,1.7499999999999796,0.9772539722290188,4.0,-0.2109681615660879,0.7662858106629309
756,1.7999999999999794,0.9772193041120396,4.0,0.11688673090889781,1.0941060350209375
757,1.8499999999999792,0.9773923208501284,4.0,-0.0027844185600307096,0.9746079022900976
758,1.899999999999979,0.9777609016508608,4.0,0.027943430367662225,1.005704332018523
759,1.9499999999999789,0.9783067561305608,4.0,-0.011083217744623087,0.9672235383859378
760,1.999999999999979,0.9790059516116262,4.0,0.12945584462569035,1.1084617962373164
761,2.0499999999999785,0.979830192819374,4.0,-0.03153100401192484,0.9482991888074491
762,2.0999999999999783,0.9807486634361736,4.0,0.053343709573287545,1.034092373009461
763,2.149999999999978,0.9817301143196434,4.0,0.12184685301386129,1.1035769673335047
764,2.199999999999978,0.9827448562764468,4.0,0.11744124727231173,1.1001861035487586
765,2.249999999999978,0.9837663778002208,4.0,0.13231122551406263,1.1160776033142834
766,2.2999999999999776,0.9847724245361326,4.0,0.07833173793157026,1.063104162467703
767,2.349999999999977,0.9857455038204588,4.0,0.05244198886768093,1.0381874926881398
768,2.3999999999999773,0.98667287991739,4.0,0.0021140183473686808,0.9887868982647587
769,2.449999999999977,0.9875461864143312,4.0,0.05860709792353956,1.0461532843378707
770,2.499999999999977,0.9883608012545654,4.0,-0.001271298740984916,0.9870895025135805
771,2.5499999999999767,0.9891151173919712,4.0,-0.018849813573972144,0.970265303817999
772,2.599999999999977,0.989809812015573,4.0,-0.04384667528620682,0.9459631367293663
773,2.6499999999999764,0.9904471821425822,4.0,-0.38548777967438375,0.6049594024681985
774,2.699999999999976,0.99103058252429,4.0,-0.3592847903844143,0.6317457921398757
775,2.749999999999976,0.99156397738221,4.0,-0.08639475538740056,0.9051692219948094
776,2.799999999999976,0.9920516013450844,4.0,0.02797986327801167,1.0200314646230961
777,2.849999999999976,0.9924977160112498,4.0,0.020222546571616692,1.0127202625828664
778,2.8999999999999755,0.9929064449550772,4.0,-0.14719061497470115,0.845715829980376
779,2.9499999999999758,0.9932816698430392,4.0,-0.1692069024030056,0.8240747674400336
780,2.999999999999975,0.9936269720820382,4.0,0.3070198106743461,1.3006467827563843
781,3.049999999999975,0.9939456069986952,4.0,0.02855856336799784,1.022504170366693
782,3.0999999999999748,0.9942405002623336,4.0,0.06885968662440428,1.0631001868867378
783,3.1499999999999746,0.9945142587475038,4.0,0.1969506754211346,1.1914649341686383
784,3.1999999999999744,0.9947691901248872,4.0,0.14170392856518432,1.1364731186900716
785,3.2499999999999742,0.9950073271385838,4.0,-0.3378980287222724,0.6571092984163114
786,3.299999999999974,0.995230453805452,4.0,0.031093183440326414,1.0263236372457785
787,3.349999999999974,0.9954401317185584,4.0,0.2581360407926532,1.2535761725112116
788,3.3999999999999737,0.9956377253182234,4.0,0.18499154500821974,1.1806292703264432
789,3.449999999999973,0.995824425472048,4.0,0.11093943369440884,1.1067638591664568
790,3.4999999999999734,0.9960012710314572,4.0,-0.12403849987807325,0.8719627711533839
791,3.549999999999973,0.9961691682482648,4.0,0.1602999430265657,1.1564691112748307
792,3.599999999999973,0.9963289080722908,4.0,0.09864348556728438,1.0949723936395752
793,3.649999999999973,0.9964811814340656,4.0,-0.1594152334158435,0.8370659480182221
794,3.6999999999999726,0.996626592662448,4.0,0.029265538305162042,1.0258921309676101
795,3.749999999999973,0.9967656712080464,4.0,0.0760943870519873,1.0728600582600336
796,3.799999999999972,0.996898881848471,4.0,-0.03528389681174354,0.9616149850367275
797,3.849999999999972,0.997026633546691,4.0,-0.15985801890020843,0.8371686146464825
798,3.899999999999972,0.9971492871233376,4.0,-0.07090297618926135,0.9262463109340763
799,3.949999999999972,0.9972671618903708,4.0,0.17335008408670413,1.170617245977075
800,-4.0,0.0154522636055412,5.0,-0.1491449617965297,-0.1336926981909885
801,-3.95,0.0151204531989579,5.0,-0.06464068256227522,-0.04952022936331732
802,-3.9,0.014842539474988,5.0,-0.061712509592780775,-0.04686997011779277
803,-3.850000000000001,0.0146198622702488,5.0,0.05794126293332591,0.07256112520357472
804,-3.8000000000000007,0.0144533250634013,5.0,-0.009760368699622414,0.004692956363778885
805,-3.750000000000001,0.0143434282738143,5.0,0.06360568467272758,0.07794911294654187
806,-3.700000000000001,0.014290318606689,5.0,0.27481144628783105,0.28910176489452005
807,-3.650000000000001,0.0142938551509198,5.0,0.13013650593856238,0.14443036108948218
808,-3.6000000000000014,0.014353693162045,5.0,-0.05567909720763411,-0.04132540404558911
809,-3.5500000000000016,0.0144693865403811,5.0,-0.06528469761890082,-0.05081531107851972
810,-3.5000000000000018,0.0146405098134174,5.0,0.028495902473264362,0.04313641228668176
811,-3.450000000000002,0.0148667998869694,5.0,0.00040944977549370277,0.015276249662463104
812,-3.400000000000002,0.015148316977199,5.0,0.0905195238875953,0.10566784086479429
813,-3.3500000000000023,0.0154856231189409,5.0,0.11124041527761819,0.12672603839655908
814,-3.3000000000000025,0.0158799756880501,5.0,0.0895561308296281,0.10543610651767821
815,-3.2500000000000027,0.0163335327202818,5.0,-0.07212321652695762,-0.055789683806675816
816,-3.200000000000003,0.0168495666466639,5.0,0.051112388171205385,0.06796195481786929
817,-3.150000000000003,0.0174326834683362,5.0,0.16700962915911163,0.18444231262744784
818,-3.100000000000003,0.0180890452851699,5.0,0.009069001015956334,0.027158046301126233
819,-3.050000000000004,0.0188265952522518,5.0,0.30531436043414567,0.32414095568639745
820,-3.000000000000004,0.0196552851443782,5.0,-0.20104678836986284,-0.18139150322548464
821,-2.950000000000004,0.0205873063919599,5.0,-0.13408043976685413,-0.11349313337489422
822,-2.900000000000004,0.0216373253464985,5.0,0.1899099779967579,0.21154730334325642
823,-2.850000000000004,0.0228227223118614,5.0,-0.19823973907536827,-0.17541701676350685
824,-2.8000000000000043,0.0241638312672704,5.0,0.11919875102116219,0.1433625822884326
825,-2.7500000000000044,0.0256841730092395,5.0,-0.1533282322775427,-0.1276440592683032
826,-2.7000000000000046,0.0274106685505588,5.0,0.20409929840916805,0.23150996695972684
827,-2.650000000000005,0.0293738120802401,5.0,0.3266144188542638,0.3559882309345039
828,-2.600000000000005,0.0316077738803327,5.0,-0.24305310718051168,-0.21144533330017898
829,-2.550000000000005,0.0341503939128392,5.0,0.010292543218386335,0.04444293713122553
830,-2.5000000000000053,0.0370430173686701,5.0,-0.0687038211501998,-0.031660803781529696
831,-2.450000000000005,0.0403301158674479,5.0,-0.15828919925574655,-0.11795908338829866
832,-2.4000000000000057,0.0440586343010262,5.0,0.16285804321860095,0.20691667751962717
833,-2.350000000000006,0.0482770060296952,5.0,-0.23294136751636121,-0.184664361486666
834,-2.300000000000006,0.0530337908928576,5.0,0.11530095045610589,0.16833474134896348
835,-2.250000000000006,0.0583759135303661,5.0,0.10583522634804515,0.16421113987841124
836,-2.2000000000000064,0.0643465150139403,5.0,0.23453584505049008,0.29888236006443036
837,-2.1500000000000066,0.0709824781240059,5.0,-0.0531881265071709,0.017794351616835007
838,-2.1000000000000068,0.0783117426172077,5.0,0.06974165219873099,0.1480533948159387
839,-2.050000000000007,0.0863505854019718,5.0,-0.10790178217504943,-0.021551196773077638
840,-2.000000000000007,0.0951010926764416,5.0,0.20323578401018227,0.2983368766866239
841,-1.9500000000000075,0.1045490856968786,5.0,0.056919340081540065,0.16146842577841866
842,-1.9000000000000077,0.1146627674580222,5.0,0.3972758917343081,0.5119386591923303
843,-1.850000000000008,0.1253923249311732,5.0,0.4189179677871497,0.5443102927183229
844,-1.8000000000000078,0.1366706467879249,5.0,0.30108338950591956,0.43775403629384446
845,-1.750000000000008,0.1484152042188215,5.0,-0.25115421772040963,-0.10273901350158812
846,-1.7000000000000082,0.1605310066572043,5.0,0.17414719347941646,0.33467820013662075
847,-1.6500000000000083,0.1729144072241775,5.0,0.11161749845123684,0.2845319056754143
848,-1.6000000000000083,0.1854574203047552,5.0,-0.08546170652444383,0.09999571378031137
849,-1.5500000000000087,0.1980521483135394,5.0,0.3642538226443889,0.5623059709579283
850,-1.5000000000000089,0.2105949089421719,5.0,0.05116106026239401,0.2617559692045659
851,-1.450000000000009,0.2229897068452283,5.0,0.059089486917706005,0.28207919376293433
852,-1.4000000000000092,0.2351507906920606,5.0,-0.21393020941939767,0.021220581272662936
853,-1.3500000000000094,0.247004155545752,5.0,0.20973928724197854,0.45674344278773055
854,-1.3000000000000096,0.2584879681635477,5.0,-0.13685476607265204,0.12163320209089565
855,-1.2500000000000098,0.2695519906079489,5.0,-0.0854120315669333,0.18413995904101557
856,-1.20000000000001,0.2801561456941216,5.0,-0.10570198439733208,0.17445416129678953
857,-1.15000000000001,0.2902684055057536,5.0,0.17984269090244678,0.47011109640820037
858,-1.1000000000000103,0.299862197974404,5.0,-0.18316892162442622,0.11669327634997778
859,-1.0500000000000105,0.3089135278703129,5.0,-0.058545811311945715,0.2503677165583672
860,-1.0000000000000109,0.3173980134594835,5.0,-0.21609995535876392,0.10129805810071957
861,-0.9500000000000108,0.3252880718745874,5.0,-0.042022701729734775,0.28326537014485265
862,-0.900000000000011,0.3325505842333193,5.0,0.1595252955236106,0.4920758797569299
863,-0.8500000000000112,0.3391456078852163,5.0,-0.4671963743609437,-0.12805076647572738
864,-0.8000000000000114,0.3450272101476921,5.0,0.18237351508036465,0.5274007252280568
865,-0.7500000000000115,0.3501484999165108,5.0,-0.059837186371089174,0.2903113135454216
866,-0.7000000000000117,0.3544747437637557,5.0,0.14437130927651376,0.49884605304026947
867,-0.6500000000000119,0.358011278478726,5.0,-0.06332356268797282,0.29468771579075315
868,-0.6000000000000121,0.3608560170204158,5.0,0.010942276345642843,0.37179829336605863
869,-0.5500000000000123,0.3632853323343333,5.0,-0.13551077924237323,0.22777455309196007
870,-0.5000000000000124,0.3658626618118623,5.0,0.2482711520404509,0.6141338138523131
871,-0.4500000000000126,0.3694850868872213,5.0,0.38090945556023587,0.7503945424474572
872,-0.4000000000000128,0.3750798935787638,5.0,0.23415350689432932,0.6092334004730932
873,-0.3500000000000129,0.3822128905031737,5.0,-0.317348216900137,0.06486467360303672
874,-0.3000000000000131,0.3851964220536886,5.0,-0.10230699834603471,0.2828894237076539
875,-0.2500000000000133,0.3661544876551644,5.0,0.13918766392987247,0.5053421515850369
876,-0.2000000000000135,0.2956389980465995,5.0,0.19997908596255218,0.49561808400915164
877,-0.1500000000000136,0.1722014698508489,5.0,0.21745704605333946,0.3896585159041883
878,-0.1000000000000138,0.0653494351737914,5.0,0.011222542259153959,0.07657197743294536
879,-0.050000000000014,0.0204116665249028,5.0,-0.08029226164986213,-0.05988059512495933
880,-1.4210854715202004e-14,0.0073720305692847,5.0,0.05635537151757781,0.0637274020868625
881,0.0499999999999856,0.0031892327765792,5.0,-0.0317368262726714,-0.0285475934960922
882,0.0999999999999854,0.0015060691293132,5.0,0.36623283101581616,0.3677389001451294
883,0.1499999999999852,0.0007068872392997,5.0,-0.32089703719767604,-0.32019014995837636
884,0.199999999999985,0.0002943758026287,5.0,-0.1231113504272949,-0.1228169746246662
885,0.2499999999999849,8.42690772981895e-05,5.0,-0.17175786555406333,-0.17167359647676514
886,0.2999999999999847,0.0,5.0,0.25034259509138623,0.25034259509138623
887,0.3499999999999845,1.0785333575723058e-05,5.0,0.011162298692263522,0.011173084025839245
888,0.3999999999999843,0.0001134663938704,5.0,0.004992772722598569,0.005106239116468969
889,0.4499999999999842,0.0003342268382239,5.0,0.1830016221892286,0.1833358490274525
890,0.499999999999984,0.0007487396244306,5.0,-0.11509944173828933,-0.11435070211385873
891,0.5499999999999838,0.0015373943060134,5.0,-0.1208026517978807,-0.1192652574918673
892,0.5999999999999837,0.0031340502428098,5.0,-0.12607520876032088,-0.12294115851751108
893,0.6499999999999835,0.0066468073681304,5.0,-0.021982150824818327,-0.015335343456687928
894,0.6999999999999833,0.0150324609154884,5.0,0.22082361398692854,0.23585607490241695
895,0.7499999999999831,0.0358627654321422,5.0,-0.1525010076719589,-0.1166382422398167
896,0.799999999999983,0.0848013633252181,5.0,0.163279345136046,0.2480807084612641
897,0.8499999999999828,0.1805703450909976,5.0,-0.04506049081608613,0.13550985427491147
898,0.8999999999999826,0.3221490916819326,5.0,-0.13104778457345875,0.19110130710847387
899,0.9499999999999824,0.4781435478338641,5.0,-0.048908250903272395,0.4292352969305917
900,0.9999999999999822,0.6150458349661648,5.0,-0.11382040285134924,0.5012254321148156
901,1.049999999999982,0.720094969228839,5.0,-0.14553428738798793,0.5745606818408511
902,1.099999999999982,0.7961281582597886,5.0,-0.18104437456606953,0.6150837836937191
903,1.1499999999999817,0.8505690887621878,5.0,-0.07508482820284888,0.775484260559339
904,1.1999999999999815,0.8901173232841962,5.0,0.0700501301489941,0.9601674534331903
905,1.2499999999999811,0.919555436607972,5.0,0.16758285084429372,1.0871382874522657
906,1.2999999999999812,0.9419927254384448,5.0,0.1320310142008921,1.0740237396393368
907,1.349999999999981,0.9593657556201488,5.0,-0.13850097205768083,0.820864783562468
908,1.3999999999999808,0.972858898503246,5.0,-0.2106483139641738,0.7622105845390722
909,1.4499999999999806,0.983196014553218,5.0,-0.18530779601076686,0.7978882185424512
910,1.4999999999999805,0.990827467083806,5.0,0.13088218437621238,1.1217096514600184
911,1.5499999999999805,0.9960451531906356,5.0,-0.3996955199007079,0.5963496332899276
912,1.59999999999998,0.9990514737884736,5.0,-0.19022379370564182,0.8088276800828318
913,1.64999999999998,0.9999999999999988,5.0,0.3085842130020943,1.308584213002093
914,1.6999999999999795,0.999019195404258,5.0,0.19515582396812736,1.1941750193723855
915,1.7499999999999796,0.9962261516054152,5.0,-0.008975589115998267,0.9872505624894169
916,1.7999999999999794,0.9917344538077886,5.0,-0.050148229343047857,0.9415862244647407
917,1.8499999999999792,0.985658539517847,5.0,-0.040195185306459005,0.9454633542113879
918,1.899999999999979,0.9781158754536924,5.0,-0.09818816371818036,0.879927711735512
919,1.9499999999999789,0.9692276932969024,5.0,-0.0781383996096253,0.8910892936872771
920,1.999999999999979,0.9591187177187896,5.0,0.0067577258218087,0.9658764435405983
921,2.0499999999999785,0.9479161738340338,5.0,-0.26177809045074313,0.6861380833832906
922,2.0999999999999783,0.9357483002207442,5.0,-0.27696388936212873,0.6587844108586154
923,2.149999999999978,0.922742569993202,5.0,0.04919614017069516,0.9719387101638972
924,2.199999999999978,0.9090238077424176,5.0,-0.035939833386922374,0.8730839743554952
925,2.249999999999978,0.8947123700955978,5.0,0.1512014405236959,1.0459138106192938
926,2.2999999999999776,0.879922527606327,5.0,-0.20167012903686662,0.6782523985694604
927,2.349999999999977,0.864761147291154,5.0,-0.23179824421123268,0.6329629030799213
928,2.3999999999999773,0.8493267330995962,5.0,0.10038755779932895,0.9497142908989251
929,2.449999999999977,0.833708841329506,5.0,0.1432913371025947,0.9770001784321006
930,2.499999999999977,0.8179878538952708,5.0,-0.09908051558397551,0.7189073383112954
931,2.5499999999999767,0.8022350670771622,5.0,-0.027727614311651425,0.7745074527655108
932,2.599999999999977,0.7865130377207151,5.0,-0.18563577962713348,0.6008772580935816
933,2.6499999999999764,0.7708761221052309,5.0,0.013730665624187968,0.7846067877294189
934,2.699999999999976,0.755371143198956,5.0,-0.020709296900949678,0.7346618462980063
935,2.749999999999976,0.7400381277042519,5.0,0.2849214417642388,1.0249595694684908
936,2.799999999999976,0.7249110631389115,5.0,-0.04498576252396238,0.6799253006149492
937,2.849999999999976,0.7100186354696919,5.0,0.19615503249294203,0.906173667962634
938,2.8999999999999755,0.6953849182016493,5.0,0.329425661054398,1.0248105792560473
939,2.9499999999999758,0.6810299934529288,5.0,-0.06486311564491165,0.6161668778080172
940,2.999999999999975,0.6669704939045872,5.0,-0.029968966642299533,0.6370015272622876
941,3.049999999999975,0.6532200613933892,5.0,0.19112018836752914,0.8443402497609183
942,3.0999999999999748,0.6397897232980938,5.0,0.004376045677338909,0.6441657689754328
943,3.1499999999999746,0.6266881918672033,5.0,0.14146655197431807,0.7681547438415213
944,3.1999999999999744,0.613922094424389,5.0,-0.003189573722686487,0.6107325207017026
945,3.2499999999999742,0.6014961441671813,5.0,-0.0007100784079867415,0.6007860657591946
946,3.299999999999974,0.5894132622427247,5.0,-0.18094569861711032,0.4084675636256144
947,3.349999999999974,0.5776746621220741,5.0,-0.024400120462390405,0.5532745416596837
948,3.3999999999999737,0.566279907157474,5.0,0.3212986964398508,0.8875786035973248
949,3.449999999999973,0.5552269517243441,5.0,0.10317060385523949,0.6583975555795836
950,3.4999999999999734,0.544512175623309,5.0,-0.030914264526846074,0.5135979110964629
951,3.549999999999973,0.534130420524484,5.0,-0.20098447035265365,0.33314595017183035
952,3.599999999999973,0.5240750362298644,5.0,0.0380305422915777,0.562105578521442
953,3.649999999999973,0.5143379434430196,5.0,0.08695881723371557,0.6012967606767352
954,3.6999999999999726,0.5049097185830185,5.0,0.004648521172848156,0.5095582397558667
955,3.749999999999973,0.4957797049621674,5.0,-0.37060067294257304,0.12517903201959435
956,3.799999999999972,0.4869361533546485,5.0,0.1330824477040106,0.6200186010586591
957,3.849999999999972,0.4783663936011438,5.0,-0.0478862003385111,0.4304801932626327
958,3.899999999999972,0.4700570374101141,5.0,0.09630341269862346,0.5663604501087376
959,3.949999999999972,0.4619942109255694,5.0,-0.17228430159385422,0.2897099093317152
960,-4.0,0.0743925711330618,6.0,0.08344141524250619,0.157833986375568
961,-3.95,0.0714736737366281,6.0,0.017836338300788103,0.0893100120374162
962,-3.9,0.0688035817880283,6.0,-0.06647824706075682,0.0023253347272714775
963,-3.850000000000001,0.0664403273025345,6.0,-0.04478928046070627,0.021651046841828232
964,-3.8000000000000007,0.0644490172677613,6.0,-0.5369155273983431,-0.47246651013058183
965,-3.750000000000001,0.0629023853337704,6.0,-0.13803821850272102,-0.07513583316895062
966,-3.700000000000001,0.0618814676961904,6.0,0.007999832013528198,0.0698812997097186
967,-3.650000000000001,0.0614764318572245,6.0,-0.013144072858100646,0.04833235899912385
968,-3.6000000000000014,0.061787526359214,6.0,0.10911109706560485,0.17089862342481885
969,-3.5500000000000016,0.0629260079283108,6.0,-0.024536811278668857,0.03838919664964194
970,-3.5000000000000018,0.0650147290157189,6.0,0.1540442624103789,0.2190589914260978
971,-3.450000000000002,0.0681878328393722,6.0,0.16224307253771322,0.23043090537708544
972,-3.400000000000002,0.0725887288753795,6.0,0.10129569395264262,0.17388442282802213
973,-3.3500000000000023,0.0783652830820163,6.0,-0.03581953612154556,0.04254574696047075
974,-3.3000000000000025,0.0856611073885697,6.0,-0.009857403133233073,0.07580370425533663
975,-3.2500000000000027,0.0946022163150493,6.0,0.27984048950546614,0.3744427058205154
976,-3.200000000000003,0.105279406413788,6.0,-0.016382753383668187,0.08889665303011982
977,-3.150000000000003,0.1177285947826462,6.0,-0.07631207810260852,0.04141651668003768
978,-3.100000000000003,0.1319135713575782,6.0,-0.0705949945263949,0.0613185768311833
979,-3.050000000000004,0.1477169045667099,6.0,0.06445818804022038,0.2121750926069303
980,-3.000000000000004,0.1649433713762029,6.0,-0.05174565093872243,0.11319772043748047
981,-2.950000000000004,0.183335559079308,6.0,0.08537490959363768,0.2687104686729457
982,-2.900000000000004,0.2025953697136699,6.0,0.21065558048406352,0.4132509501977334
983,-2.850000000000004,0.222402870405004,6.0,0.23720250534362294,0.4596053757486269
984,-2.8000000000000043,0.2424286277796767,6.0,0.05484435293940737,0.29727298071908403
985,-2.7500000000000044,0.2623441502653543,6.0,0.206073746821485,0.4684178970868393
986,-2.7000000000000046,0.2818387361863612,6.0,0.11508078668859426,0.39691952287495547
987,-2.650000000000005,0.3006449320628483,6.0,-0.15364340849461186,0.14700152356823645
988,-2.600000000000005,0.3185645001445056,6.0,0.3690783504836428,0.6876428506281484
989,-2.550000000000005,0.3354828158497784,6.0,-0.010918584050033944,0.3245642317997445
990,-2.5000000000000053,0.3513655889980815,6.0,0.08653131830903316,0.43789690730711467
991,-2.450000000000005,0.3662414172009388,6.0,0.08934239341886682,0.4555838106198056
992,-2.4000000000000057,0.3801789824653936,6.0,-0.004103753364862926,0.3760752291005307
993,-2.350000000000006,0.3932666739538938,6.0,-0.21514252559626468,0.17812414835762913
994,-2.300000000000006,0.4055982380714997,6.0,0.0068569744605189225,0.4124552125320186
995,-2.250000000000006,0.4172643213947215,6.0,-0.16539821061273208,0.25186611078198945
996,-2.2000000000000064,0.4283478968391652,6.0,0.1273477877171176,0.5556956845562828
997,-2.1500000000000066,0.4389212023882828,6.0,-0.11750626153163245,0.32141494085665034
998,-2.1000000000000068,0.4490421691657409,6.0,-0.25453736288044065,0.19450480628530026
999,-2.050000000000007,0.4587488502870557,6.0,0.06214055445039583,0.5208894047374515
1000,-2.000000000000007,0.4680509377348379,6.0,0.03731843389582132,0.5053693716306592
1001,-1.9500000000000075,0.4769181073580048,6.0,0.32994942970715047,0.8068675370651552
1002,-1.9000000000000077,0.4852656634919507,6.0,-0.4220875736041287,0.06317808988782203
1003,-1.850000000000008,0.4929385944569197,6.0,-0.03588588495442718,0.4570527095024925
1004,-1.8000000000000078,0.4996953433067946,6.0,-0.11545786069021058,0.384237482616584
1005,-1.750000000000008,0.5051919544589916,6.0,-0.22774604581922908,0.2774459086397625
1006,-1.7000000000000082,0.5089656662754743,6.0,-0.15332603898932395,0.3556396272861504
1007,-1.6500000000000083,0.5104150606749047,6.0,0.15343227403090315,0.6638473347058078
1008,-1.6000000000000083,0.5087732354683512,6.0,0.21417462580843827,0.7229478612767894
1009,-1.5500000000000087,0.5030744186069476,6.0,0.07232029090820462,0.5753947095151521
1010,-1.5000000000000089,0.4921285665499034,6.0,0.21139321135814837,0.7035217779080518
1011,-1.450000000000009,0.4745500618039986,6.0,-0.012068914109439244,0.4624811476945594
1012,-1.4000000000000092,0.4489358937248467,6.0,-0.08420596899438454,0.3647299247304622
1013,-1.3500000000000094,0.4143184820249525,6.0,-0.27079889606638663,0.14351958595856584
1014,-1.3000000000000096,0.3709122590231286,6.0,0.1679626953328771,0.5388749543560056
1015,-1.2500000000000098,0.3208110467132944,6.0,-0.14287485591315605,0.17793619080013837
1016,-1.20000000000001,0.2679202378786196,6.0,-0.26244046062651766,0.005479777252101969
1017,-1.15000000000001,0.2167657546781935,6.0,0.14980560979218063,0.36657136447037414
1018,-1.1000000000000103,0.1709264775949668,6.0,0.1861707049249604,0.35709718251992717
1019,-1.0500000000000105,0.1322194190498202,6.0,0.11566443098779713,0.24788385003761734
1020,-1.0000000000000109,0.1008759190806852,6.0,0.032262591653909344,0.13313851073459454
1021,-0.9500000000000108,0.0761662511700465,6.0,-0.05144565472930256,0.024720596440743932
1022,-0.900000000000011,0.0569764126543878,6.0,0.050521901500198786,0.10749831415458658
1023,-0.8500000000000112,0.0421697775002792,6.0,0.20615007282704348,0.24831985032732268
1024,-0.8000000000000114,0.030757258814942,6.0,0.3133333955464475,0.3440906543613895
1025,-0.7500000000000115,0.0219480620690882,6.0,0.17006858423846719,0.19201664630755538
1026,-0.7000000000000117,0.0151420142781869,6.0,0.24158875062536173,0.2567307649035486
1027,-0.6500000000000119,0.0099010406818663,6.0,0.30917303526613454,0.31907407594800086
1028,-0.6000000000000121,0.0059187793309652,6.0,-0.0711096100535839,-0.0651908307226187
1029,-0.5500000000000123,0.00299650984112,6.0,-0.33404982353164797,-0.331053313690528
1030,-0.5000000000000124,0.0010286978798561,6.0,-0.004027076523184879,-0.0029983786433287795
1031,-0.4500000000000126,3.560896186912161e-07,6.0,0.07132387436899455,0.07132423045861325
1032,-0.4000000000000128,0.0,6.0,0.0854384123012402,0.0854384123012402
1033,-0.3500000000000129,0.0012565211595748,6.0,-0.12163244401211895,-0.12037592285254416
1034,-0.3000000000000131,0.0042177603907487,6.0,-0.09296087051833318,-0.08874311012758448
1035,-0.2500000000000133,0.0097066281939935,6.0,-0.07286051973657585,-0.06315389154258236
1036,-0.2000000000000135,0.0192181468850177,6.0,-0.042839486676146885,-0.023621339791129185
1037,-0.1500000000000136,0.0354230211818707,6.0,-0.13375383729126838,-0.09833081610939769
1038,-0.1000000000000138,0.0627122452003543,6.0,0.04073102176271101,0.10344326696306531
1039,-0.050000000000014,0.1065684930615854,6.0,-0.17958753403094818,-0.07301904096936278
1040,-1.4210854715202004e-14,0.1690437502819732,6.0,0.10188017827556733,0.27092392855754055
1041,0.0499999999999856,0.2413844935372656,6.0,-0.0699735801614664,0.1714109133757992
1042,0.0999999999999854,0.3042469721255049,6.0,-0.202523003654395,0.1017239684711099
1043,0.1499999999999852,0.3391528447135887,6.0,0.055567313489386726,0.3947201582029754
1044,0.199999999999985,0.3398794955764713,6.0,0.20623961849482847,0.5461191140712998
1045,0.2499999999999849,0.3145269061040286,6.0,-0.26566624323174753,0.04886066287228108
1046,0.2999999999999847,0.2785745630358325,6.0,0.11402342222384998,0.3925979852596825
1047,0.3499999999999845,0.2460466962442128,6.0,-0.039505437644297994,0.2065412585999148
1048,0.3999999999999843,0.2256840905054615,6.0,-0.09645183915981946,0.12923225134564204
1049,0.4499999999999842,0.2228680663504702,6.0,-0.07206432700477362,0.15080373934569657
1050,0.499999999999984,0.2436326371643301,6.0,0.009501167857714043,0.25313380502204413
1051,0.5499999999999838,0.2974524765771646,6.0,-0.18751257624043635,0.10993990033672826
1052,0.5999999999999837,0.393094171708618,6.0,0.0032539422621157468,0.3963481139707337
1053,0.6499999999999835,0.5177699880400782,6.0,0.20818224066245516,0.7259522287025334
1054,0.6999999999999833,0.6292578968079677,6.0,-0.006346242266575767,0.622911654541392
1055,0.7499999999999831,0.7112443119839935,6.0,-0.16153447474192523,0.5497098372420683
1056,0.799999999999983,0.7778631034469358,6.0,-0.1936042465538854,0.5842588568930503
1057,0.8499999999999828,0.8308969919063923,6.0,-0.20955009777664843,0.6213468941297439
1058,0.8999999999999826,0.8693985445996444,6.0,0.013343256236463603,0.882741800836108
1059,0.9499999999999824,0.8964433266749463,6.0,0.1099224420857732,1.0063657687607195
1060,0.9999999999999822,0.9157759069422572,6.0,-0.34714005715937146,0.5686358497828857
1061,1.049999999999982,0.9301878471007672,6.0,-0.17147903792409383,0.7587088091766734
1062,1.099999999999982,0.9414817272465036,6.0,0.22557644219739761,1.1670581694439013
1063,1.1499999999999817,0.950765348615335,6.0,-0.09068861825171032,0.8600767303636248
1064,1.1999999999999815,0.9587019453053452,6.0,-0.3028996330649563,0.6558023122403889
1065,1.2499999999999811,0.9656751130706454,6.0,0.03898153072691464,1.00465664379756
1066,1.2999999999999812,0.9718923989376624,6.0,0.1202291902325163,1.0921215891701788
1067,1.349999999999981,0.9774517933601136,6.0,-0.05826800612781429,0.9191837872322993
1068,1.3999999999999808,0.9823865792446982,6.0,-0.013391127962505425,0.9689954512821928
1069,1.4499999999999806,0.9866970421530464,6.0,-0.01341979561717341,0.973277246535873
1070,1.4999999999999805,0.9903732587650004,6.0,0.03176251691117356,1.022135775676174
1071,1.5499999999999805,0.9934108082331669,6.0,0.028823140745386926,1.0222339489785537
1072,1.59999999999998,0.9958201858182684,6.0,0.020644165013558403,1.0164643508318267
1073,1.64999999999998,0.9976305532937816,6.0,-0.3698656260745649,0.6277649272192167
1074,1.6999999999999795,0.9988888460780448,6.0,0.043077329270566185,1.0419661753486111
1075,1.7499999999999796,0.999655719938622,6.0,0.1165492883928299,1.1162050083314519
1076,1.7999999999999794,0.999999999999999,6.0,-0.12271260227982395,0.877287397720175
1077,1.8499999999999792,0.9999930805560672,6.0,0.00985427916736474,1.0098473597234319
1078,1.899999999999979,0.9997042416914036,6.0,0.01265792538004798,1.0123621670714515
1079,1.9499999999999789,0.9991973152023724,6.0,-0.1022230282971926,0.8969742869051798
1080,1.999999999999979,0.9985287147732704,6.0,0.21401457799549153,1.212543292768762
1081,2.0499999999999785,0.9977466053575942,6.0,-0.2878029710831633,0.709943634274431
1082,2.0999999999999783,0.9968909021158276,6.0,-0.03446681635172177,0.9624240857641059
1083,2.149999999999978,0.9959938030623138,6.0,0.17813138273461984,1.1741251857969337
1084,2.199999999999978,0.9950806176242586,6.0,-0.036883185299227815,0.9581974323250307
1085,2.249999999999978,0.9941707200169538,6.0,0.194233388593095,1.1884041086100487
1086,2.2999999999999776,0.9932785144809168,6.0,0.10580689979678304,1.0990854142776998
1087,2.349999999999977,0.9924143438709636,6.0,-0.08771599895132651,0.9046983449196371
1088,2.3999999999999773,0.9915853045655572,6.0,0.29676712730200977,1.288352431867567
1089,2.449999999999977,0.9907959518361312,6.0,-0.05021621816197114,0.9405797336741601
1090,2.499999999999977,0.9900488934165204,6.0,0.09625059843611375,1.086299491852634
1091,2.5499999999999767,0.989345277257062,6.0,-0.09385894562867193,0.8954863316283901
1092,2.599999999999977,0.988685183984177,6.0,0.006762122368434838,0.9954473063526119
1093,2.6499999999999764,0.9880679366115136,6.0,0.1747327023747953,1.1628006389863088
1094,2.699999999999976,0.9874923404314164,6.0,-0.03216167177613421,0.9553306686552823
1095,2.749999999999976,0.9869568653840136,6.0,-0.42046486029117475,0.5664920050928388
1096,2.799999999999976,0.9864597820037112,6.0,-0.023066453551400388,0.9633933284523108
1097,2.849999999999976,0.9859992605893664,6.0,0.07932104381597264,1.065320304405339
1098,2.8999999999999755,0.985573441739026,6.0,-0.023883459527240115,0.9616899822117858
1099,2.9499999999999758,0.9851804849583956,6.0,-0.04054149724770613,0.9446389877106894
1100,2.999999999999975,0.98481860076266,6.0,0.2863917297351034,1.2712103304977633
1101,3.049999999999975,0.984486070573827,6.0,0.1259903960380942,1.1104764666119211
1102,3.0999999999999748,0.9841812577751616,6.0,0.019795051909992395,1.003976309685154
1103,3.1499999999999746,0.9839026125105468,6.0,-0.26421389479431723,0.7196887177162296
1104,3.1999999999999744,0.9836486721919876,6.0,0.05244095994338803,1.0360896321353756
1105,3.2499999999999742,0.9834180591822408,6.0,0.11993985405412616,1.103357913236367
1106,3.299999999999974,0.9832094767307772,6.0,0.02211323629980463,1.0053227130305817
1107,3.349999999999974,0.9830217039406212,6.0,-0.16923695756710383,0.8137847463735173
1108,3.3999999999999737,0.982853590313892,6.0,0.0668489387104805,1.0497025290243724
1109,3.449999999999973,0.9827040502505324,6.0,0.2094098451907429,1.1921138954412753
1110,3.4999999999999734,0.9825720577456416,6.0,0.12083486024409892,1.1034069179897406
1111,3.549999999999973,0.9824566414360796,6.0,-0.09996495387450885,0.8824916875615707
1112,3.599999999999973,0.9823568800787188,6.0,-0.015466495258532444,0.9668903848201863
1113,3.649999999999973,0.9822718984945232,6.0,-0.05796335809769956,0.9243085403968236
1114,3.6999999999999726,0.9822008639796144,6.0,-0.15102169018582548,0.8311791737937889
1115,3.749999999999973,0.9821429831627648,6.0,-0.2829551506002032,0.6991878325625616
1116,3.799999999999972,0.9820974992753716,6.0,0.1359986555206676,1.118096154796039
1117,3.849999999999972,0.9820636897925952,6.0,-0.24829219032229374,0.7337714994703014
1118,3.899999999999972,0.9820408644012908,6.0,-0.06238995814376503,0.9196509062575258
1119,3.949999999999972,0.9820283632502476,6.0,0.009424029586578637,0.9914523928368262
1120,-4.0,0.8077273756903356,7.0,-0.020422834487128755,0.7873045412032068
1121,-3.95,0.8144590158043699,7.0,0.06902499198493296,0.8834840077893028
1122,-3.9,0.821441348913806,7.0,0.022896583956535786,0.8443379328703419
1123,-3.850000000000001,0.8286624409362928,7.0,0.14605509064218344,0.9747175315784763
1124,-3.8000000000000007,0.836107539189002,7.0,-0.016452546950372245,0.8196549922386298
1125,-3.750000000000001,0.8437588444387086,7.0,-0.025294493071626362,0.8184643513670823
1126,-3.700000000000001,0.8515953169507582,7.0,0.10523992039540607,0.9568352373461643
1127,-3.650000000000001,0.859592531751147,7.0,0.12251371620755311,0.9821062479587002
1128,-3.6000000000000014,0.8677225994658914,7.0,-0.20999066393750349,0.6577319355283879
1129,-3.5500000000000016,0.8759541693025413,7.0,0.07329350288559443,0.9492476721881358
1130,-3.5000000000000018,0.8842525296293865,7.0,-0.02324666084523277,0.8610058687841537
1131,-3.450000000000002,0.8925798188519954,7.0,0.23369244137283227,1.1262722602248276
1132,-3.400000000000002,0.9008953546324951,7.0,-0.09077031790198273,0.8101250367305124
1133,-3.3500000000000023,0.9091560828495076,7.0,0.023415428368046467,0.932571511217554
1134,-3.3000000000000025,0.9173171391878608,7.0,0.058173819523346396,0.9754909587112073
1135,-3.2500000000000027,0.9253325062884824,7.0,0.14340842691914643,1.0687409332076288
1136,-3.200000000000003,0.9331557386834924,7.0,-0.14554514659227571,0.7876105920912168
1137,-3.150000000000003,0.9407407172382952,7.0,-0.042152150564203836,0.8985885666740914
1138,-3.100000000000003,0.9480423855972036,7.0,0.1470750730895806,1.0951174586867842
1139,-3.050000000000004,0.9550174141979074,7.0,-0.10714625037188764,0.8478711638260198
1140,-3.000000000000004,0.9616247335071996,7.0,0.13868567137999674,1.1003104048871963
1141,-2.950000000000004,0.9678258774335368,7.0,-0.027471770203719156,0.9403541072298176
1142,-2.900000000000004,0.9735850798832568,7.0,-0.05345871216314575,0.920126367720111
1143,-2.850000000000004,0.9788690708609364,7.0,0.004891062384522185,0.9837601332454586
1144,-2.8000000000000043,0.983646521381748,7.0,-0.0041412613532430635,0.9795052600285049
1145,-2.7500000000000044,0.9878870862992112,7.0,0.0032421302250344726,0.9911292165242457
1146,-2.7000000000000046,0.9915599883726216,7.0,0.11858958399697624,1.1101495723695978
1147,-2.650000000000005,0.9946320732773068,7.0,-0.3294248350122165,0.6652072382650904
1148,-2.600000000000005,0.9970652425432712,7.0,0.013525716041704328,1.0105909585849755
1149,-2.550000000000005,0.9988131402376544,7.0,0.06925773718042023,1.0680708774180747
1150,-2.5000000000000053,0.9998169337491548,7.0,-0.18531780599896272,0.8144991277501921
1151,-2.450000000000005,0.9999999999999988,7.0,-0.33341032586442315,0.6665896741355757
1152,-2.4000000000000057,0.9992613284746424,7.0,-0.16152393835293016,0.8377373901217122
1153,-2.350000000000006,0.9974675248993164,7.0,0.01049634675914288,1.0079638716584594
1154,-2.300000000000006,0.9944435193069052,7.0,0.08040609163461372,1.0748496109415189
1155,-2.250000000000006,0.9899625644061476,7.0,0.01979033506589534,1.009752899472043
1156,-2.2000000000000064,0.983736997403404,7.0,-0.28143759643278526,0.7022994009706187
1157,-2.1500000000000066,0.9754126380093738,7.0,-0.05479565629578884,0.920616981713585
1158,-2.1000000000000068,0.9645715291962066,7.0,0.01003805973522513,0.9746095889314317
1159,-2.050000000000007,0.9507495084822496,7.0,-0.0658813299853564,0.8848681784968933
1160,-2.000000000000007,0.9334757707270644,7.0,-0.155527127367431,0.7779486433596334
1161,-1.9500000000000075,0.912339643452284,7.0,0.18342720587128925,1.0957668493235733
1162,-1.9000000000000077,0.8870836476044593,7.0,-0.155684270994188,0.7313993766102713
1163,-1.850000000000008,0.8577100700628227,7.0,0.03451392442476111,0.8922239944875838
1164,-1.8000000000000078,0.8245699311233557,7.0,0.04608461377660518,0.870654544899961
1165,-1.750000000000008,0.7883821275894359,7.0,0.07748810102358081,0.8658702286130168
1166,-1.7000000000000082,0.7501220402248888,7.0,0.0717832614005227,0.8219053016254115
1167,-1.6500000000000083,0.7107481675811496,7.0,-0.1197345593364603,0.5910136082446893
1168,-1.6000000000000083,0.6708132738336391,7.0,-0.26255423303781145,0.40825904079582764
1169,-1.5500000000000087,0.6301037992966817,7.0,-0.007641973246589139,0.6224618260500926
1170,-1.5000000000000089,0.5875146834025312,7.0,0.09212085510728764,0.6796355385098188
1171,-1.450000000000009,0.5413649811833663,7.0,-0.1552128083388662,0.3861521728445001
1172,-1.4000000000000092,0.4902729742910078,7.0,0.020116928092715532,0.5103899023837233
1173,-1.3500000000000094,0.4344468132731416,7.0,-0.11991981106714329,0.31452700220599833
1174,-1.3000000000000096,0.3767073043740984,7.0,0.10144229533624077,0.47814959971033916
1175,-1.2500000000000098,0.3221341437615697,7.0,-0.13906359803800758,0.1830705457235621
1176,-1.20000000000001,0.2759955858720289,7.0,0.2500245650801619,0.5260201509521908
1177,-1.15000000000001,0.2414450853206291,7.0,0.04182169013372604,0.28326677545435514
1178,-1.1000000000000103,0.2187932842133169,7.0,-0.05597204225809424,0.16282124195522266
1179,-1.0500000000000105,0.2063327920375315,7.0,0.10210369754067906,0.30843648957821057
1180,-1.0000000000000109,0.2015219654430736,7.0,-0.027763369640451844,0.17375859580262176
1181,-0.9500000000000108,0.2018154107539828,7.0,-0.29979473896465864,-0.09797932821067584
1182,-0.900000000000011,0.2050934709383209,7.0,-0.05514124636017255,0.14995222457814833
1183,-0.8500000000000112,0.2098131726186611,7.0,0.09913153092657458,0.3089447035452357
1184,-0.8000000000000114,0.2149796092462113,7.0,-0.12546077379489248,0.0895188354513188
1185,-0.7500000000000115,0.2200248237381923,7.0,-0.21675874384119204,0.003266079897000257
1186,-0.7000000000000117,0.2246676148389868,7.0,0.09444628090270285,0.3191138957416897
1187,-0.6500000000000119,0.2287966921094378,7.0,0.14694757185558818,0.37574426396502597
1188,-0.6000000000000121,0.232389526846288,7.0,-0.20218231600277622,0.030207210843511773
1189,-0.5500000000000123,0.2354626191886366,7.0,0.06008105238851846,0.29554367157715505
1190,-0.5000000000000124,0.2380440239376347,7.0,-0.03772849539815058,0.20031552853948414
1191,-0.4500000000000126,0.2401598446221034,7.0,0.28339590187574,0.5235557464978434
1192,-0.4000000000000128,0.2418288170896949,7.0,0.16716732751416838,0.40899614460386324
1193,-0.3500000000000129,0.2430612753923031,7.0,0.30934200408266177,0.5524032794749649
1194,-0.3000000000000131,0.2438602967016318,7.0,-0.17840672162618315,0.06545357507544866
1195,-0.2500000000000133,0.2442237361247446,7.0,-0.061351146808856866,0.18287258931588773
1196,-0.2000000000000135,0.2441463688146008,7.0,-0.12131353546920569,0.12283283334539512
1197,-0.1500000000000136,0.2436216117062033,7.0,-0.0039094365416542385,0.23971217516454907
1198,-0.1000000000000138,0.2426424109052236,7.0,0.06416584578117891,0.3068082566864025
1199,-0.050000000000014,0.2412009322851282,7.0,0.0782097470680724,0.3194106793532006
1200,-1.4210854715202004e-14,0.2392867487919668,7.0,0.020053225693938474,0.2593399744859053
1201,0.0499999999999856,0.2368833456417715,7.0,0.28346939261616483,0.5203527382579363
1202,0.0999999999999854,0.2339630358274649,7.0,-0.23762750920603115,-0.003664473378566263
1203,0.1499999999999852,0.2304808611828848,7.0,0.14407112676509162,0.3745519879479764
1204,0.199999999999985,0.2263687913128109,7.0,0.09485805781768057,0.3212268491304915
1205,0.2499999999999849,0.2215325057560855,7.0,0.17293708794891843,0.3944695937050039
1206,0.2999999999999847,0.2158541262388976,7.0,-0.2272729614044987,-0.011418835165601104
1207,0.3499999999999845,0.209205161047885,7.0,0.05063590449408829,0.2598410655419733
1208,0.3999999999999843,0.2014741168968707,7.0,0.13733597451925975,0.33881009141613044
1209,0.4499999999999842,0.1926119521161717,7.0,0.14624576701277783,0.3388577191289495
1210,0.499999999999984,0.182694536150417,7.0,-0.1618190931427744,0.020875443007642602
1211,0.5499999999999838,0.1719911138000227,7.0,-0.09863574711772156,0.07335536668230112
1212,0.5999999999999837,0.1610003524387687,7.0,-0.16107979751250212,-7.944507373341958e-05
1213,0.6499999999999835,0.1503547068257494,7.0,0.06574630201078152,0.2161010088365309
1214,0.6999999999999833,0.1404515296751506,7.0,-0.06357361162064395,0.07687791805450664
1215,0.7499999999999831,0.1308857113070351,7.0,-0.16298463834174434,-0.032098927034709235
1216,0.799999999999983,0.1202982293419315,7.0,-0.16286516837420795,-0.042566939032276443
1217,0.8499999999999828,0.1072393169589697,7.0,-0.1034581596029337,0.0037811573560359996
1218,0.8999999999999826,0.0914925469056868,7.0,-0.12000676897639136,-0.02851422207070456
1219,0.9499999999999824,0.0745751975111109,7.0,0.13743112995960718,0.21200632747071807
1220,0.9999999999999822,0.0589125926671476,7.0,0.11630816391920439,0.175220756586352
1221,1.049999999999982,0.0463741980761542,7.0,-0.24498521379430824,-0.19861101571815404
1222,1.099999999999982,0.0373805030478688,7.0,0.16187868517004358,0.1992591882179124
1223,1.1499999999999817,0.0311720112764594,7.0,-0.1758172006178675,-0.14464518934140808
1224,1.1999999999999815,0.0266701351836887,7.0,-0.05742022406106239,-0.03075008887737369
1225,1.2499999999999811,0.0230714390766364,7.0,-0.1450522364657163,-0.1219807973890799
1226,1.2999999999999812,0.0199493777826428,7.0,0.055309799821166676,0.07525917760380947
1227,1.349999999999981,0.0171258948700211,7.0,-0.1091888881319303,-0.0920629932619092
1228,1.3999999999999808,0.0145439131067232,7.0,-0.12286631506066009,-0.10832240195393689
1229,1.4499999999999806,0.0121957985967868,7.0,-0.03566953929483917,-0.023473740698052366
1230,1.4999999999999805,0.0100894685410457,7.0,0.061297828989951474,0.07138729753099718
1231,1.5499999999999805,0.0082327335696851,7.0,0.12976781871657553,0.13800055228626062
1232,1.59999999999998,0.006626682451082,7.0,-0.11099800863763769,-0.10437132618655569
1233,1.64999999999998,0.0052640471342729,7.0,-0.29953234614485147,-0.29426829901057855
1234,1.6999999999999795,0.0041302143563557,7.0,0.18533232609595943,0.18946254045231511
1235,1.7499999999999796,0.0032053228003856,7.0,0.04506684158364771,0.04827216438403331
1236,1.7999999999999794,0.002466487053116,7.0,0.17121677672142993,0.17368326377454593
1237,1.8499999999999792,0.0018896787563707,7.0,0.10066914374786913,0.10255882250423982
1238,1.899999999999979,0.0014511236261998,7.0,-0.023999189891238105,-0.022548066265038306
1239,1.9499999999999789,0.0011282459260845,7.0,0.007346592896358689,0.00847483882244319
1240,1.999999999999979,0.0009002548956039,7.0,0.20055035356037892,0.20145060845598284
1241,2.0499999999999785,0.0007484706542141,7.0,-0.08527874823811966,-0.08453027758390556
1242,2.0999999999999783,0.0006564669356112,7.0,0.19032236187561366,0.19097882881122485
1243,2.149999999999978,0.0006100851631511,7.0,0.1592341101587918,0.15984419532194288
1244,2.199999999999978,0.0005973571033165,7.0,-0.09395498310143613,-0.09335762599811963
1245,2.249999999999978,0.0006083627980701,7.0,-0.1717497854840744,-0.1711414226860043
1246,2.2999999999999776,0.0006350448215665,7.0,0.11050700566931365,0.11114205049088015
1247,2.349999999999977,0.0006709967385702,7.0,0.2996584678935385,0.3003294646321087
1248,2.3999999999999773,0.0007112411847296,7.0,-0.1999094916936313,-0.19919825050890172
1249,2.449999999999977,0.0007520103568015,7.0,0.09718716852027631,0.09793917887707781
1250,2.499999999999977,0.0007905387186832,7.0,0.10394993357273286,0.10474047229141606
1251,2.5499999999999767,0.000824874612358,7.0,0.09992223194822908,0.10074710656058708
1252,2.599999999999977,0.000853714539122,7.0,-0.09800358747242718,-0.09714987293330518
1253,2.6499999999999764,0.0008762614134426,7.0,-0.023404250498658585,-0.022527989085215985
1254,2.699999999999976,0.0008921062299174,7.0,0.0446309282984083,0.0455230345283257
1255,2.749999999999976,0.0009011313390207,7.0,0.23354869514985066,0.23444982648887136
1256,2.799999999999976,0.000903432827583,7.0,0.08827761254610642,0.08918104537368941
1257,2.849999999999976,0.0008992592282408,7.0,-0.05160201041445415,-0.05070275118621335
1258,2.8999999999999755,0.0008889638115608,7.0,-0.09756558754897177,-0.09667662373741097
1259,2.9499999999999758,0.0008729679311079,7.0,0.14068233598860044,0.14155530391970833
1260,2.999999999999975,0.0008517332047899,7.0,-0.06907809448482331,-0.06822636128003341
1261,3.049999999999975,0.0008257406606406,7.0,0.1275363071290101,0.12836204778965069
1262,3.0999999999999748,0.0007954753101944,7.0,-0.01616041631315535,-0.01536494100296095
1263,3.1499999999999746,0.0007614149144993,7.0,0.23597586816270075,0.23673728307720004
1264,3.1999999999999744,0.0007240219663867,7.0,0.2663043183248386,0.2670283402912253
1265,3.2499999999999742,0.0006837381261624,7.0,-0.22816242714715285,-0.22747868902099044
1266,3.299999999999974,0.0006409805195579,7.0,0.2953179444223321,0.29595892494189
1267,3.349999999999974,0.000596139442128,7.0,-0.08466233381949678,-0.08406619437736879
1268,3.3999999999999737,0.0005495771195193,7.0,-0.09120901120928401,-0.0906594340897647
1269,3.449999999999973,0.0005016272541652,7.0,-0.05117183583659568,-0.05067020858243048
1270,3.4999999999999734,0.0004525951512259,7.0,0.3947465800567478,0.3951991752079737
1271,3.549999999999973,0.0004027582643647,7.0,0.13658377929786908,0.13698653756223378
1272,3.599999999999973,0.0003523670386838,7.0,-0.12706012321057564,-0.12670775617189184
1273,3.649999999999973,0.0003016459565245,7.0,-0.12723258860230113,-0.12693094264577665
1274,3.6999999999999726,0.0002507947138883,7.0,-0.0038564067903567732,-0.0036056120764684733
1275,3.749999999999973,0.0001999894724729,7.0,0.02558921992214436,0.02578920939461726
1276,3.799999999999972,0.0001493841458573,7.0,-0.2169730336598757,-0.2168236495140184
1277,3.849999999999972,9.91116890325252e-05,7.0,-0.08304444401665066,-0.08294533232761814
1278,3.899999999999972,4.92853689029094e-05,7.0,0.0513887090336355,0.05143799440253841
1279,3.949999999999972,0.0,7.0,0.35182562690724967,0.35182562690724967
1280,-4.0,0.4981040863446425,8.0,-0.10770141961373934,0.3904026667309031
1281,-3.95,0.5071602618739293,8.0,0.11759571155653774,0.624755973430467
1282,-3.9,0.5166197482907038,8.0,-0.17293302356566223,0.3436867247250416
1283,-3.850000000000001,0.5264844159718741,8.0,0.05501546715967914,0.5814998831315532
1284,-3.8000000000000007,0.5367537008371089,8.0,0.46227542379247477,0.9990291246295837
1285,-3.750000000000001,0.5474242922767057,8.0,0.11355125773062526,0.660975550007331
1286,-3.700000000000001,0.5584898297007803,8.0,-0.1602996082419825,0.3981902214587978
1287,-3.650000000000001,0.5699406191431162,8.0,-0.0800900136332464,0.4898506055098698
1288,-3.6000000000000014,0.5817633829150782,8.0,0.09730834837774938,0.6790717312928276
1289,-3.5500000000000016,0.5939410564518579,8.0,0.36688560615084326,0.9608266626027011
1290,-3.5000000000000018,0.6064526470207147,8.0,0.028859773187234837,0.6353124202079495
1291,-3.450000000000002,0.6192731686654614,8.0,0.21200251973241038,0.8312756883978718
1292,-3.400000000000002,0.6323736664656555,8.0,-0.14286497172441256,0.4895086947412429
1293,-3.3500000000000023,0.645721340770188,8.0,-0.0802418592489499,0.5654794815212381
1294,-3.3000000000000025,0.6592797784867143,8.0,0.026047348262307084,0.6853271267490213
1295,-3.2500000000000027,0.6730092938471232,8.0,0.24124674120652387,0.914256035053647
1296,-3.200000000000003,0.686867375531739,8.0,-0.0286782078400094,0.6581891676917296
1297,-3.150000000000003,0.7008092309607522,8.0,0.11354752763227163,0.8143567585930238
1298,-3.100000000000003,0.7147884124049427,8.0,-0.26818513688410917,0.44660327552083356
1299,-3.050000000000004,0.7287575038612764,8.0,0.12633324119434453,0.8550907450556209
1300,-3.000000000000004,0.7426688429362188,8.0,0.22344726421537156,0.9661161071515904
1301,-2.950000000000004,0.7564752487900366,8.0,-0.06377154572940008,0.6927037030606364
1302,-2.900000000000004,0.7701307259179738,8.0,-0.06694969616888997,0.7031810297490838
1303,-2.850000000000004,0.7835911144121723,8.0,-0.18989255696382284,0.5936985574483495
1304,-2.8000000000000043,0.7968146603960609,8.0,0.3046696247014406,1.1014842850975015
1305,-2.7500000000000044,0.8097624853802577,8.0,-0.20612834310392267,0.603634142276335
1306,-2.7000000000000046,0.8223989400022781,8.0,0.19347931235438476,1.015878252356663
1307,-2.650000000000005,0.8346918354874413,8.0,0.04585040034290776,0.8805422358303491
1308,-2.600000000000005,0.8466125546238941,8.0,-0.09223498867858783,0.7543775659453062
1309,-2.550000000000005,0.8581360524615191,8.0,0.012153839282378938,0.870289891743898
1310,-2.5000000000000053,0.8692407647024034,8.0,0.0008659316850657603,0.8701066963874692
1311,-2.450000000000005,0.8799084482436612,8.0,-0.1271520066920008,0.7527564415516604
1312,-2.4000000000000057,0.8901239829684077,8.0,0.03320248329854532,0.923326466266953
1313,-2.350000000000006,0.8998751660667625,8.0,0.1812186272488152,1.0810937933155778
1314,-2.300000000000006,0.909152529318555,8.0,-0.005956646621375282,0.9031958826971797
1315,-2.250000000000006,0.9179492053336944,8.0,-0.25935596580569875,0.6585932395279956
1316,-2.2000000000000064,0.926260860303974,8.0,0.5138305847154414,1.4400914450194153
1317,-2.1500000000000066,0.9340856982381484,8.0,0.28854083746212383,1.2226265357002721
1318,-2.1000000000000068,0.9414245253100522,8.0,-0.29433361072301706,0.6470909145870352
1319,-2.050000000000007,0.9482808440028369,8.0,-0.031045216054406896,0.9172356279484299
1320,-2.000000000000007,0.954660927355834,8.0,-0.1381664273914188,0.8164944999644151
1321,-1.9500000000000075,0.9605738071387312,8.0,-0.023117912464089674,0.9374558946746415
1322,-1.9000000000000077,0.9660311005489208,8.0,-0.17983131766104923,0.7861997828878716
1323,-1.850000000000008,0.9710466029007452,8.0,-0.1945970297832649,0.7764495731174803
1324,-1.8000000000000078,0.9756355929103122,8.0,-0.09540289870987557,0.8802326942004366
1325,-1.750000000000008,0.979813834095254,8.0,-0.05090402532072098,0.928909808774533
1326,-1.7000000000000082,0.9835963068100158,8.0,0.0017558109737575067,0.9853521177837733
1327,-1.6500000000000083,0.9869957591976348,8.0,-0.07911454027646483,0.90788121892117
1328,-1.6000000000000083,0.9900212021710122,8.0,-0.021776497111948092,0.9682447050590641
1329,-1.5500000000000087,0.99267646808766,8.0,0.15655917995245447,1.1492356480401145
1330,-1.5000000000000089,0.9949588804420952,8.0,-0.04179049643055409,0.9531683840115411
1331,-1.450000000000009,0.9968579254983838,8.0,0.21848739127189415,1.215345316770278
1332,-1.4000000000000092,0.998353565643366,8.0,-0.07781762384642466,0.9205359417969413
1333,-1.3500000000000094,0.9994134671437508,8.0,0.07897688139523985,1.0783903485389907
1334,-1.3000000000000096,0.9999878702378464,8.0,0.030828634449015277,1.0308165046868616
1335,-1.2500000000000098,0.9999999999999988,8.0,0.3929071071717057,1.3929071071717045
1336,-1.20000000000001,0.999328778161394,8.0,0.1306175197047777,1.1299462978661716
1337,-1.15000000000001,0.997779676257122,8.0,-0.1870050808199942,0.8107745954371278
1338,-1.1000000000000103,0.9950409468269534,8.0,-0.16578530103340838,0.829255645793545
1339,-1.0500000000000105,0.9906311181391874,8.0,0.05153541566333936,1.0421665338025268
1340,-1.0000000000000109,0.9838666968056649,8.0,-0.05266397948073438,0.9312027173249304
1341,-0.9500000000000108,0.973917714328045,8.0,-0.04503760236698565,0.9288801119610594
1342,-0.900000000000011,0.9600453119426932,8.0,-0.11134355871502369,0.8487017532276695
1343,-0.8500000000000112,0.9420470069200364,8.0,0.06735546638452512,1.0094024733045615
1344,-0.8000000000000114,0.9206925681915208,8.0,0.00529339227251302,0.9259859604640338
1345,-0.7500000000000115,0.8976924783952367,8.0,-0.09255697728906319,0.8051355011061735
1346,-0.7000000000000117,0.8749843433154937,8.0,0.16506166731567468,1.0400460106311684
1347,-0.6500000000000119,0.8538136014421281,8.0,0.13048414085584395,0.9842977422979721
1348,-0.6000000000000121,0.8342929917018012,8.0,0.16556069414919367,0.9998536858509948
1349,-0.5500000000000123,0.8155600129664334,8.0,-0.20195034665780268,0.6136096663086308
1350,-0.5000000000000124,0.7961634582125331,8.0,0.07346414520736678,0.8696276034198999
1351,-0.4500000000000126,0.7743475898604002,8.0,-0.13655528279749868,0.6377923070629015
1352,-0.4000000000000128,0.7481436471849939,8.0,0.05471704383227153,0.8028606910172654
1353,-0.3500000000000129,0.7153315049765768,8.0,0.097061814768996,0.8123933197455728
1354,-0.3000000000000131,0.6733943379426302,8.0,0.24420071888386866,0.9175950568264988
1355,-0.2500000000000133,0.61964658687668,8.0,0.10270339554590416,0.7223499824225841
1356,-0.2000000000000135,0.551819613365122,8.0,0.16781856556664948,0.7196381789317714
1357,-0.1500000000000136,0.46945402085826,8.0,-0.004612750940383376,0.4648412699178766
1358,-0.1000000000000138,0.3760609834368967,8.0,-0.10806479702880109,0.26799618640809564
1359,-0.050000000000014,0.2805331987449107,8.0,0.21438552636615946,0.49491872511107016
1360,-1.4210854715202004e-14,0.1947326302951342,8.0,0.11598757927596966,0.31072020957110386
1361,0.0499999999999856,0.1271189705276828,8.0,0.07482156318494462,0.20194053371262743
1362,0.0999999999999854,0.0788175843632432,8.0,0.08518123266311044,0.16399881702635363
1363,0.1499999999999852,0.0461743428991162,8.0,-0.16824476793389803,-0.12207042503478183
1364,0.199999999999985,0.0249507243025577,8.0,-0.25700100035083784,-0.23205027604828013
1365,0.2499999999999849,0.0118413074340473,8.0,-0.051429794820560835,-0.039588487386513535
1366,0.2999999999999847,0.004378881714236,8.0,0.15081120696317662,0.15519008867741263
1367,0.3499999999999845,0.0008032736241339,8.0,-0.04525508166395958,-0.04445180803982568
1368,0.3999999999999843,0.0,8.0,-0.4156212449545671,-0.4156212449545671
1369,0.4499999999999842,0.0013684061381737,8.0,-0.07374363776455777,-0.07237523162638407
1370,0.499999999999984,0.0046651772932492,8.0,-0.044303392435006056,-0.039638215141756854
1371,0.5499999999999838,0.0098835788461873,8.0,-0.20554291115983844,-0.19565933231365115
1372,0.5999999999999837,0.0171782672863325,8.0,-0.051467712092923355,-0.03428944480659085
1373,0.6499999999999835,0.026806935026862,8.0,-0.12319503182652611,-0.0963880967996641
1374,0.6999999999999833,0.0390402763050546,8.0,0.1790115472471816,0.2180518235522362
1375,0.7499999999999831,0.0540040395599552,8.0,0.013917482560833885,0.06792152212078909
1376,0.799999999999983,0.0714547668755078,8.0,0.09349619418804053,0.16495096106354834
1377,0.8499999999999828,0.09052708662567,8.0,-0.2129319720816588,-0.1224048854559888
1378,0.8999999999999826,0.1095341379836216,8.0,-0.2769713438237747,-0.1674372058401531
1379,0.9499999999999824,0.1259880999991306,8.0,0.0798151045229561,0.20580320452208672
1380,0.9999999999999822,0.1370723435303081,8.0,-0.14299985076408678,-0.005927507233778689
1381,1.049999999999982,0.1406273499941823,8.0,0.1346716446201744,0.2752989946143567
1382,1.099999999999982,0.1362235559383753,8.0,-0.08194671691131725,0.054276839027058044
1383,1.1499999999999817,0.1255206820391402,8.0,-0.07602110201871477,0.04949958002042544
1384,1.1999999999999815,0.1114988581538732,8.0,-0.06831219604173466,0.043186662112138535
1385,1.2499999999999811,0.0971135696647298,8.0,0.16769568689769598,0.26480925656242577
1386,1.2999999999999812,0.0843555429839984,8.0,-0.21781933207471,-0.1334637890907116
1387,1.349999999999981,0.0741106793860034,8.0,-0.0754954398605884,-0.001384760474585009
1388,1.3999999999999808,0.0664991985785078,8.0,-0.015878326030838438,0.050620872547669366
1389,1.4499999999999806,0.0612623544611617,8.0,-0.22652599711690152,-0.16526364265573984
1390,1.4999999999999805,0.0580147525509277,8.0,0.10054920454000268,0.15856395709093038
1391,1.5499999999999805,0.0563688347222308,8.0,-0.15695713786955265,-0.10058830314732184
1392,1.59999999999998,0.0559844159960996,8.0,0.18970612509929435,0.24569054109539396
1393,1.64999999999998,0.0565821312147225,8.0,-0.1710827570087675,-0.11450062579404499
1394,1.6999999999999795,0.0579411292843918,8.0,-0.030074811621687757,0.027866317662704046
1395,1.7499999999999796,0.0598906925100125,8.0,-0.08101987965526297,-0.021129187145250472
1396,1.7999999999999794,0.0623003682146289,8.0,0.0028741827579621577,0.06517455097259106
1397,1.8499999999999792,0.0650707511092336,8.0,-0.12938830108385913,-0.06431754997462552
1398,1.899999999999979,0.0681258077739137,8.0,0.02918646565880848,0.09731227343272217
1399,1.9499999999999789,0.0714069894553214,8.0,0.02849265493066233,0.09989964438598373
1400,1.999999999999979,0.0748690574681181,8.0,0.31226255596926467,0.3871316134373828
1401,2.0499999999999785,0.0784773937464571,8.0,-0.16107632517883613,-0.08259893143237904
1402,2.0999999999999783,0.0822065003104171,8.0,0.008569865355940499,0.09077636566635759
1403,2.149999999999978,0.0860393612901689,8.0,0.16885123014881884,0.25489059143898773
1404,2.199999999999978,0.0899673332935932,8.0,0.12000660500875591,0.20997393830234912
1405,2.249999999999978,0.0939902431626077,8.0,-0.05716419096330062,0.03682605219930708
1406,2.2999999999999776,0.0981164101265784,8.0,0.17898254645629463,0.27709895658287303
1407,2.349999999999977,0.1023623728195266,8.0,-0.08619709643802144,0.016165276381505167
1408,2.3999999999999773,0.1067521848744173,8.0,0.3539143652235086,0.4606665500979259
1409,2.449999999999977,0.111316233961152,8.0,0.061174882587674305,0.17249111654882632
1410,2.499999999999977,0.1160896235673626,8.0,0.1765478635086421,0.2926374870760047
1411,2.5499999999999767,0.1211102217776396,8.0,-0.06816399774215263,0.05294622403548696
1412,2.599999999999977,0.1264165195784459,8.0,-0.00030667557160916437,0.12610984400683675
1413,2.6499999999999764,0.1320454524567211,8.0,0.01766855868019134,0.14971401113691246
1414,2.699999999999976,0.1380303285868286,8.0,0.05487261800398033,0.19290294659080892
1415,2.749999999999976,0.1443989829048533,8.0,0.026437017439420934,0.17083600034427424
1416,2.799999999999976,0.1511722469142557,8.0,-0.024109624410819097,0.1270626225034366
1417,2.849999999999976,0.158362794979524,8.0,-0.029257075950432018,0.12910571902909196
1418,2.8999999999999755,0.1659744019957923,8.0,-0.1992056824332493,-0.03323128043745699
1419,2.9499999999999758,0.1740016250119747,8.0,-0.1961333496009055,-0.022131724588930812
1420,2.999999999999975,0.1824299015970627,8.0,0.022601045164812494,0.2050309467618752
1421,3.049999999999975,0.1912360392795448,8.0,-0.2072343783794849,-0.015998339099940112
1422,3.0999999999999748,0.2003890527693429,8.0,0.18975762992833234,0.3901466826976753
1423,3.1499999999999746,0.2098512894272521,8.0,0.1469385418053671,0.3567898312326192
1424,3.1999999999999744,0.2195797699529229,8.0,-0.12541963307142268,0.09416013688150021
1425,3.2499999999999742,0.2295276622154305,8.0,0.028896446699824982,0.25842410891525547
1426,3.299999999999974,0.2396458029654191,8.0,-0.26452455715627116,-0.02487875419085206
1427,3.349999999999974,0.2498841855000807,8.0,0.04071625430628135,0.2906004398063621
1428,3.3999999999999737,0.2601933408746948,8.0,-0.0614143242975177,0.19877901657717711
1429,3.449999999999973,0.2705255547196113,8.0,-0.06252209676263619,0.2080034579569751
1430,3.4999999999999734,0.2808358792462143,8.0,0.03167317906775652,0.3125090583139708
1431,3.549999999999973,0.2910829184877079,8.0,-0.17919823050188263,0.11188468798582527
1432,3.599999999999973,0.3012293822482135,8.0,0.050811616777845306,0.3520409990260588
1433,3.649999999999973,0.3112424190951323,8.0,-0.01799200975600402,0.29325040933912827
1434,3.6999999999999726,0.3210937500835639,8.0,0.13312195671737223,0.45421570680093615
1435,3.749999999999973,0.3307596324077907,8.0,0.020548559010350943,0.3513081914181417
1436,3.799999999999972,0.3402206860009955,8.0,0.023442193033987545,0.363662879034983
1437,3.849999999999972,0.349461616775153,8.0,-0.15808004607944132,0.19138157069571166
1438,3.899999999999972,0.3584708684267731,8.0,-0.14569187344278203,0.21277899498399108
1439,3.949999999999972,0.3672402312998339,8.0,-0.07646429259426431,0.2907759387055696
1440,-4.0,0.9765692869359796,9.0,-0.17455129678146208,0.8020179901545175
1441,-3.95,0.9760907318785308,9.0,-0.07527125446410517,0.9008194774144256
1442,-3.9,0.9755946751690548,9.0,0.048517439875351585,1.0241121150444064
1443,-3.850000000000001,0.9750808083874763,9.0,0.12576672784274037,1.1008475362302168
1444,-3.8000000000000007,0.9745487908345728,9.0,0.38061257308386615,1.355161363918439
1445,-3.750000000000001,0.9739982361398232,9.0,-0.11669669506649136,0.8573015410733318
1446,-3.700000000000001,0.9734286969658914,9.0,0.007351586728317943,0.9807802836942093
1447,-3.650000000000001,0.9728396480433704,9.0,0.14607495240605797,1.1189146004494284
1448,-3.6000000000000014,0.9722304679425524,9.0,-0.09144293336515301,0.8807875345773994
1449,-3.5500000000000016,0.9716004201918867,9.0,0.034500394141702015,1.0061008143335888
1450,-3.5000000000000018,0.970948634578998,9.0,0.012011067040428694,0.9829597016194267
1451,-3.450000000000002,0.9702740897073536,9.0,0.10529558855223342,1.075569678259587
1452,-3.400000000000002,0.9695755981098528,9.0,-0.03404604849392376,0.935529549615929
1453,-3.3500000000000023,0.968851795409656,9.0,0.04273881207306146,1.0115906074827175
1454,-3.3000000000000025,0.968101135126156,9.0,-0.20552870964147776,0.7625724254846783
1455,-3.2500000000000027,0.967321890693676,9.0,-0.1193627334565393,0.8479591572371368
1456,-3.200000000000003,0.9665121660209964,9.0,-0.17769167647267117,0.7888204895483253
1457,-3.150000000000003,0.9656699153867618,9.0,0.021522970307901935,0.9871928856946638
1458,-3.100000000000003,0.9647929725475698,9.0,0.17917887061774704,1.1439718431653167
1459,-3.050000000000004,0.96387908754491,9.0,0.0011286320348489036,0.965007719579759
1460,-3.000000000000004,0.9629259677711028,9.0,0.09192372010741653,1.0548496878785194
1461,-2.950000000000004,0.9619313173813422,9.0,-0.06260504756357586,0.8993262698177663
1462,-2.900000000000004,0.9608928661904084,9.0,-0.07116649555727929,0.8897263706331291
1463,-2.850000000000004,0.9598083759506608,9.0,0.269360707756682,1.2291690837073428
1464,-2.8000000000000043,0.9586756086722648,9.0,0.08458714959394441,1.043262758266209
1465,-2.7500000000000044,0.9574922388000268,9.0,0.12143550172575152,1.0789277405257782
1466,-2.7000000000000046,0.9562556889713878,9.0,-0.1785479783176419,0.7777077106537459
1467,-2.650000000000005,0.9549628679272864,9.0,0.1457833223035465,1.1007461902308329
1468,-2.600000000000005,0.9536097886918818,9.0,0.01600724383624988,0.9696170325281317
1469,-2.550000000000005,0.9521910444739144,9.0,-0.07674294320787609,0.8754481012660383
1470,-2.5000000000000053,0.9506991171246162,9.0,-0.06783793909735839,0.8828611780272578
1471,-2.450000000000005,0.949123485804494,9.0,0.007413900841062865,0.9565373866455569
1472,-2.4000000000000057,0.9474494885110952,9.0,0.012149918708065944,0.9595994072191611
1473,-2.350000000000006,0.9456568629669831,9.0,-0.1517395135370891,0.7939173494298941
1474,-2.300000000000006,0.943717853792756,9.0,0.06920934999861976,1.0129272037913757
1475,-2.250000000000006,0.9415947211183668,9.0,-0.23350100890094166,0.7080937122174251
1476,-2.2000000000000064,0.9392364318505289,9.0,-0.02296926744937068,0.9162671644011582
1477,-2.1500000000000066,0.9365742888089588,9.0,-0.064731519174802,0.8718427696341567
1478,-2.1000000000000068,0.9335163268217098,9.0,0.12762574518312705,1.0611420720048368
1479,-2.050000000000007,0.9299406296971106,9.0,0.08917170930645424,1.0191123390035648
1480,-2.000000000000007,0.9256885818257604,9.0,-0.24833014931358438,0.677358432512176
1481,-1.9500000000000075,0.9205609384098106,9.0,-0.2793336621975965,0.6412272762122141
1482,-1.9000000000000077,0.9143231558363666,9.0,-0.026963943382666635,0.8873592124537
1483,-1.850000000000008,0.9067323225692518,9.0,-0.21710653673366895,0.6896257858355829
1484,-1.8000000000000078,0.8976059099853767,9.0,-0.2716761195784844,0.6259297904068923
1485,-1.750000000000008,0.8869584654797843,9.0,-0.24160132827432737,0.645357137205457
1486,-1.7000000000000082,0.8752256428620158,9.0,-0.18472141702054612,0.6905042258414696
1487,-1.6500000000000083,0.8635620150366327,9.0,0.02918229765251668,0.8927443126891493
1488,-1.6000000000000083,0.8541379666077068,9.0,-0.01614157101207309,0.8379963955956337
1489,-1.5500000000000087,0.8502718311009928,9.0,0.12525356359124082,0.9755253946922336
1490,-1.5000000000000089,0.8560752212797728,9.0,-0.3238861517878711,0.5321890694919016
1491,-1.450000000000009,0.8750776697648892,9.0,0.1757052497140199,1.0507829194789091
1492,-1.4000000000000092,0.907308865192204,9.0,0.02571429842238818,0.9330231636145921
1493,-1.3500000000000094,0.9454278883389242,9.0,-0.07828799386294245,0.8671398944759817
1494,-1.3000000000000096,0.9756653911626264,9.0,-0.01899500858749285,0.9566703825751336
1495,-1.2500000000000098,0.9908626124351024,9.0,0.28750003110626493,1.2783626435413673
1496,-1.20000000000001,0.9962972117350992,9.0,-0.02843053286935883,0.9678666788657404
1497,-1.15000000000001,0.9980998200806032,9.0,0.17593528123718805,1.1740351013177912
1498,-1.1000000000000103,0.9987633827778374,9.0,-0.22120264727296135,0.777560735504876
1499,-1.0500000000000105,0.999056239433326,9.0,0.014178428692526081,1.0132346681258522
1500,-1.0000000000000109,0.999241973948404,9.0,0.22701379204998604,1.22625576599839
1501,-0.9500000000000108,0.9994283771021248,9.0,-0.0845228891407149,0.9149054879614099
1502,-0.900000000000011,0.9996357155294784,9.0,-0.11047937568019542,0.889156339849283
1503,-0.8500000000000112,0.9998249643572727,9.0,0.01763069405786731,1.01745565841514
1504,-0.8000000000000114,0.9999512061117434,9.0,0.32035036476422335,1.3203015708759667
1505,-0.7500000000000115,0.9999999999999978,9.0,0.03721106201479149,1.0372110620147892
1506,-0.7000000000000117,0.9999835408027672,9.0,0.0776263516258369,1.0776098924286042
1507,-0.6500000000000119,0.9999245181800502,9.0,-0.04300247356051935,0.9569220446195309
1508,-0.6000000000000121,0.999845217204498,9.0,-0.11372385451253271,0.8861213626919653
1509,-0.5500000000000123,0.9997617183723748,9.0,-0.04909798634855484,0.9506637320238199
1510,-0.5000000000000124,0.9996817388117024,9.0,-0.09464916076051809,0.9050325780511843
1511,-0.4500000000000126,0.9996055354098652,9.0,-0.22657285150832607,0.7730326839015391
1512,-0.4000000000000128,0.99952843298014,9.0,-0.10002511518977532,0.8995033177903647
1513,-0.3500000000000129,0.9994432654566098,9.0,0.08982217772843445,1.0892654431850441
1514,-0.3000000000000131,0.9993417819097958,9.0,0.12835801787244042,1.1276997997822362
1515,-0.2500000000000133,0.9992149730718632,9.0,-0.12898717675569635,0.8702277963161669
1516,-0.2000000000000135,0.9990527617968812,9.0,0.2624971099809726,1.2615498717778537
1517,-0.1500000000000136,0.9988435954601668,9.0,-0.14202475693086375,0.856818838529303
1518,-0.1000000000000138,0.9985743914508308,9.0,0.04631388293735103,1.0448882743881818
1519,-0.050000000000014,0.9982311524033451,9.0,0.10936553853432537,1.1075966909376704
1520,-1.4210854715202004e-14,0.9978003951321875,9.0,-0.08193914607711353,0.915861249055074
1521,0.0499999999999856,0.9972712747582,9.0,-0.27705404158938846,0.7202172331688115
1522,0.0999999999999854,0.9966379309487912,9.0,0.04198146987303878,1.03861940082183
1523,0.1499999999999852,0.9959012847602996,9.0,-0.09008010869746418,0.9058211760628354
1524,0.199999999999985,0.9950695317853452,9.0,-0.07225133019991029,0.9228182015854349
1525,0.2499999999999849,0.99415703790958,9.0,-0.17646168428688289,0.8176953536226971
1526,0.2999999999999847,0.9931820269132476,9.0,-0.09946164713399462,0.893720379779253
1527,0.3499999999999845,0.9921639181451732,9.0,-0.1735334353435284,0.8186304828016449
1528,0.3999999999999843,0.9911211670143456,9.0,0.13633457150997014,1.1274557385243158
1529,0.4499999999999842,0.9900700904184326,9.0,-0.17178047899502086,0.8182896114234117
1530,0.499999999999984,0.9890247240424558,9.0,-0.1123614062642142,0.8766633177782416
1531,0.5499999999999838,0.9879974767281944,9.0,-0.2675967157409126,0.7204007609872818
1532,0.5999999999999837,0.9870002574801522,9.0,-0.18595014821642536,0.8010501092637268
1533,0.6499999999999835,0.9860457814496514,9.0,0.34260080734089426,1.3286465887905456
1534,0.6999999999999833,0.985148826105115,9.0,0.24707400466101587,1.232222830766131
1535,0.7499999999999831,0.9843272532914956,9.0,-0.16252049207703598,0.8218067612144596
1536,0.799999999999983,0.9836026171887834,9.0,-0.02574221051413215,0.9578604066746512
1537,0.8499999999999828,0.9830001450739116,9.0,-0.005077645154526165,0.9779224999193855
1538,0.8999999999999826,0.9825478237840743,9.0,0.2631724904230393,1.2457203142071136
1539,0.9499999999999824,0.9822742792107154,9.0,-0.06702249801368365,0.9152517811970318
1540,0.9999999999999822,0.9822051461181224,9.0,-0.15155542454617474,0.8306497215719476
1541,1.049999999999982,0.9823577603801428,9.0,0.08434826116340714,1.06670602154355
1542,1.099999999999982,0.9827343471646824,9.0,0.04487612448633594,1.0276104716510184
1543,1.1499999999999817,0.9833144715787124,9.0,0.0685073015610634,1.0518217731397759
1544,1.1999999999999815,0.9840482545425112,9.0,0.4517991761997737,1.4358474307422848
1545,1.2499999999999811,0.9848523184595354,9.0,0.05021443301265021,1.0350667514721856
1546,1.2999999999999812,0.985609869352701,9.0,-0.19411663515273833,0.7914932341999626
1547,1.349999999999981,0.9861740947300504,9.0,0.24355326634841387,1.2297273610784643
1548,1.3999999999999808,0.986370484486638,9.0,-0.10470745117979528,0.8816630333068427
1549,1.4499999999999806,0.9859906014140786,9.0,0.03087924975103785,1.0168698511651164
1550,1.4999999999999805,0.9847695549712184,9.0,0.07931654226211364,1.0640860972333321
1551,1.5499999999999805,0.982342004172466,9.0,0.04723449892809625,1.0295765031005621
1552,1.59999999999998,0.978172143977105,9.0,0.07273650603002156,1.0509086500071265
1553,1.64999999999998,0.971444073591986,9.0,0.08388358495144614,1.0553276585434321
1554,1.6999999999999795,0.9608809716798296,9.0,0.095378757632772,1.0562597293126015
1555,1.7499999999999796,0.9444602167231044,9.0,0.15458522531295685,1.0990454420360614
1556,1.7999999999999794,0.9190572640307956,9.0,-0.18009675708259282,0.7389605069482028
1557,1.8499999999999792,0.8802423237709104,9.0,-0.16977579862230108,0.7104665251486093
1558,1.899999999999979,0.8227941353055068,9.0,0.05150435480241047,0.8742984901079173
1559,1.9499999999999789,0.7427307829908953,9.0,0.11779562147284871,0.8605264044637441
1560,1.999999999999979,0.6408740940217527,9.0,0.00747979111136885,0.6483538851331215
1561,2.0499999999999785,0.525513612185271,9.0,0.14466134375960282,0.6701749559448739
1562,2.0999999999999783,0.410385786463702,9.0,0.021679069200185024,0.432064855663887
1563,2.149999999999978,0.308293442089884,9.0,-0.11616208681465207,0.19213135527523195
1564,2.199999999999978,0.2259801662149468,9.0,0.027183956293502235,0.25316412250844905
1565,2.249999999999978,0.1638772513420683,9.0,0.2734535168598508,0.4373307682019191
1566,2.2999999999999776,0.1188419786989815,9.0,0.03687383302268628,0.15571581172166776
1567,2.349999999999977,0.0867889226672694,9.0,0.2526690957714333,0.3394580184387027
1568,2.3999999999999773,0.0640715469434022,9.0,0.14444264492542075,0.20851419186882295
1569,2.449999999999977,0.0478902831388268,9.0,-0.1898714270214337,-0.1419811438826069
1570,2.499999999999977,0.0362449689215898,9.0,-0.045765340742337755,-0.009520371820747955
1571,2.5499999999999767,0.0277539754508038,9.0,-0.11028049254608817,-0.08252651709528437
1572,2.599999999999977,0.0214751070892404,9.0,-0.03003328134384973,-0.008558174254609328
1573,2.6499999999999764,0.0167663773573672,9.0,0.29480286344514545,0.31156924080251264
1574,2.699999999999976,0.0131876491046988,9.0,0.014441784468632026,0.027629433573330826
1575,2.749999999999976,0.0104340715735573,9.0,0.019458761580060543,0.02989283315361784
1576,2.799999999999976,0.008291848449289,9.0,-0.07789044756047735,-0.06959859911118835
1577,2.849999999999976,0.0066089898384797,9.0,0.19232600200649452,0.19893499184497423
1578,2.8999999999999755,0.0052759212041361,9.0,-0.4083132083445451,-0.403037287140409
1579,2.9499999999999758,0.0042125361021266,9.0,-0.041582026748301255,-0.037369490646174654
1580,2.999999999999975,0.00335946742818,9.0,0.11942149586654673,0.12278096329472672
1581,3.049999999999975,0.0026721368365367,9.0,0.06502138528041179,0.0676935221169485
1582,3.0999999999999748,0.0021166496393164,9.0,-0.18627949660390417,-0.18416284696458776
1583,3.1499999999999746,0.0016669281803577,9.0,0.1891437716911256,0.1908106998714833
1584,3.1999999999999744,0.0013026855475643,9.0,-0.11713050407427661,-0.11582781852671231
1585,3.2499999999999742,0.0010079760100433,9.0,-0.010987076969066416,-0.009979100959023116
1586,3.299999999999974,0.0007701458181091,9.0,-0.03827584971998221,-0.03750570390187311
1587,3.349999999999974,0.0005790650953129,9.0,0.2503933611053181,0.25097242620063104
1588,3.3999999999999737,0.000426559275638,9.0,0.09654062120279162,0.09696718047842963
1589,3.449999999999973,0.0003059837246684,9.0,0.05087870129930089,0.051184685023969285
1590,3.4999999999999734,0.0002119021762303,9.0,0.2872303512105398,0.2874422533867701
1591,3.549999999999973,0.0001398412018221,9.0,0.3646889013274119,0.364828742529234
1592,3.599999999999973,8.610091121184414e-05,9.0,-0.22259677981851492,-0.22251067890730308
1593,3.649999999999973,4.760763568666386e-05,9.0,0.02075397124049461,0.020801578876181274
1594,3.6999999999999726,2.179824658666301e-05,9.0,-0.014845851431659923,-0.01482405318507326
1595,3.749999999999973,6.528527846606689e-06,9.0,-0.10473613287639946,-0.10472960434855286
1596,3.799999999999972,0.0,9.0,0.2013128014491049,0.2013128014491049
1597,3.849999999999972,7.010206562410859e-07,9.0,-0.06174974097421552,-0.06174903995355928
1598,3.899999999999972,7.3590247902464736e-06,9.0,0.0469119418422622,0.04691930086705245
1599,3.949999999999972,1.890152934715538e-05,9.0,0.07052772983882413,0.07054663136817128
