,x1,y,rep,noise,y_noise
0,-4.0,0.9975744708047608,0.0,-0.06170576688951165,0.9358687039152491
1,-3.95,0.9976020511399672,0.0,-0.025258333801083232,0.972343717338884
2,-3.9,0.9976296184350602,0.0,-0.003116535217911272,0.9945130832171489
3,-3.850000000000001,0.9976571427447842,0.0,0.020999992036492512,1.0186571347812767
4,-3.8000000000000007,0.997684592320388,0.0,0.04759821156947579,1.0452828038898638
5,-3.750000000000001,0.9977119337518652,0.0,0.0627518577061998,1.060463791458065
6,-3.700000000000001,0.9977391320952044,0.0,0.004325852262206929,1.0020649843574112
7,-3.650000000000001,0.997766150975561,0.0,0.08572409876827815,1.0834902497438392
8,-3.6000000000000014,0.9977929526556878,0.0,0.027396935111702114,1.02518988776739
9,-3.5500000000000016,0.9978194980572308,0.0,-0.04367105916350366,0.9541484388937271
10,-3.5000000000000018,0.997845746720746,0.0,0.0001404105620691491,0.9979861572828151
11,-3.450000000000002,0.9978716566885624,0.0,-0.02728666493610239,0.9705849917524599
12,-3.400000000000002,0.9978971842930744,0.0,-0.009962164904665742,0.9879350193884087
13,-3.3500000000000023,0.997922283831881,0.0,-0.010023977322137336,0.9878983065097436
14,-3.3000000000000025,0.9979469071106258,0.0,0.05351248510589703,1.051459392216523
15,-3.2500000000000027,0.997971002834772,0.0,-0.10614145855602605,0.891829544278746
16,-3.200000000000003,0.9979945158332046,0.0,0.07835516292137014,1.0763496787545748
17,-3.150000000000003,0.9980173860999314,0.0,-0.029310223455226936,0.9687071626447045
18,-3.100000000000003,0.9980395476456596,0.0,0.004466018386242686,1.0025055660319022
19,-3.050000000000004,0.9980609271590964,0.0,0.04938475261177022,1.0474456797708667
20,-3.000000000000004,0.9980814424887886,0.0,0.12120782475043636,1.119289267239225
21,-2.950000000000004,0.9981010009703376,0.0,0.08799145438553227,1.08609245535587
22,-2.900000000000004,0.9981194976408684,0.0,0.010170544928125266,1.0082900425689936
23,-2.850000000000004,0.9981368134022752,0.0,0.06881756079137333,1.0669543741936485
24,-2.8000000000000043,0.9981528132161982,0.0,-0.03244309189183113,0.965709721324367
25,-2.7500000000000044,0.998167344435684,0.0,0.1013684341125003,1.0995357785481843
26,-2.7000000000000046,0.9981802353993966,0.0,0.026349674768657634,1.0245299101680543
27,-2.650000000000005,0.9981912944321784,0.0,-0.0019053271888448658,0.9962859672433335
28,-2.600000000000005,0.9982003094088284,0.0,-0.07039343792850436,0.927806871480324
29,-2.550000000000005,0.9982070480445744,0.0,0.0703530312242847,1.068560079268859
30,-2.5000000000000053,0.9982112590750558,0.0,0.007794215248890207,1.006005474323946
31,-2.450000000000005,0.9982126744809668,0.0,0.01940024552080039,1.0176129200017672
32,-2.4000000000000057,0.998211012899362,0.0,0.023165478746439965,1.021376491645802
33,-2.350000000000006,0.9982059843476796,0.0,0.04355721183205238,1.041763196179732
34,-2.300000000000006,0.9981972963707724,0.0,0.05529275126843923,1.0534900476392115
35,-2.250000000000006,0.9981846617077276,0.0,0.030931022256006302,1.0291156839637339
36,-2.2000000000000064,0.998167807563198,0.0,0.13777623669368289,1.135944044256881
37,-2.1500000000000066,0.998146486551782,0.0,-0.09202987054111185,0.9061166160106701
38,-2.1000000000000068,0.9981204893522287,0.0,-0.05284852598759116,0.9452719633646376
39,-2.050000000000007,0.9980896590442624,0.0,-0.007964393872773746,0.9901252651714887
40,-2.000000000000007,0.9980539069862726,0.0,-0.021802855582351035,0.9762510514039215
41,-1.9500000000000075,0.9980132299132622,0.0,0.07307747073207542,1.0710907006453376
42,-1.9000000000000077,0.9979677276898596,0.0,-0.007937868827769888,0.9900298588620897
43,-1.850000000000008,0.99791762086049,0.0,-0.01989999160292998,0.97801762925756
44,-1.8000000000000078,0.9978632668368924,0.0,0.02348178663924577,1.0213450534761381
45,-1.750000000000008,0.99780517330788,0.0,-0.05121255994230863,0.9465926133655713
46,-1.7000000000000082,0.9977440073096304,0.0,0.06550183775600057,1.063245845065631
47,-1.6500000000000083,0.9976805984101536,0.0,0.013346355078714943,1.0110269534888685
48,-1.6000000000000083,0.997615934669878,0.0,-0.022728913120318387,0.9748870215495595
49,-1.5500000000000087,0.9975511504405336,0.0,-0.05266660543468912,0.9448845450058444
50,-1.5000000000000089,0.9974875056208472,0.0,-0.14533054427951494,0.8521569613413322
51,-1.450000000000009,0.997426356631328,0.0,0.07484279180039079,1.0722691484317188
52,-1.4000000000000092,0.9973691200056668,0.0,0.025174046008019875,1.0225431660136868
53,-1.3500000000000094,0.9973172300105198,0.0,0.0529128073064312,1.0502300373169509
54,-1.3000000000000096,0.997272091990724,0.0,-0.01756927776965518,0.9797028142210688
55,-1.2500000000000098,0.997235033130054,0.0,-0.06905704728391517,0.9281779858461389
56,-1.20000000000001,0.9972072520590376,0.0,0.022409221119019187,1.0196164731780568
57,-1.15000000000001,0.9971897684329398,0.0,-0.05755998906299814,0.9396297793699417
58,-1.1000000000000103,0.9971833736089932,0.0,-0.08889793363107186,0.9082854399779213
59,-1.0500000000000105,0.997188584270602,0.0,0.052185508923763786,1.0493740931943658
60,-1.0000000000000109,0.9972056024147096,0.0,0.054527753699325346,1.051733356114035
61,-0.9500000000000108,0.9972342870430136,0.0,0.018864876689658354,1.016099163732672
62,-0.900000000000011,0.99727414388937,0.0,-0.0628523882548627,0.9344217556345072
63,-0.8500000000000112,0.9973243378930524,0.0,0.024265261915998745,1.0215895998090512
64,-0.8000000000000114,0.9973837278939006,0.0,-0.08263388531038497,0.9147498425835157
65,-0.7500000000000115,0.9974509151169416,0.0,0.0867512253748779,1.0842021404918194
66,-0.7000000000000117,0.9975242896847588,0.0,0.03707112654854331,1.0345954162333022
67,-0.6500000000000119,0.9976020569798092,0.0,-0.038934725016686114,0.958667331963123
68,-0.6000000000000121,0.9976822312072228,0.0,-0.012789364489938152,0.9848928667172846
69,-0.5500000000000123,0.9977625968812944,0.0,0.02366757268318821,1.0214301695644827
70,-0.5000000000000124,0.9978406572334676,0.0,-0.025743877154195204,0.9720967800792724
71,-0.4500000000000126,0.997913608354674,0.0,-0.016161328847942913,0.981752279506731
72,-0.4000000000000128,0.9979783986094772,0.0,0.10148304742194018,1.0994614460314174
73,-0.3500000000000129,0.9980319590062406,0.0,-0.039193793908568926,0.9588381650976717
74,-0.3000000000000131,0.9980717320667112,0.0,0.047757155725917856,1.045828887792629
75,-0.2500000000000133,0.9980966951024712,0.0,0.07691039951513663,1.0750070946176078
76,-0.2000000000000135,0.9981091486558522,0.0,-0.04724982797188286,0.9508593206839694
77,-0.1500000000000136,0.9981174621053336,0.0,0.00942997745772162,1.0075474395630553
78,-0.1000000000000138,0.9981392470208524,0.0,0.07533581061140486,1.0734750576322574
79,-0.050000000000014,0.9982024152464304,0.0,0.0540584470905433,1.0522608623369736
80,-1.4210854715202004e-14,0.9983390801401562,0.0,-0.07533961542182809,0.922999464718328
81,0.0499999999999856,0.9985689973772932,0.0,0.055663963797749495,1.0542329611750427
82,0.0999999999999854,0.9988801233938446,0.0,-0.0873678068140512,0.9115123165797934
83,0.1499999999999852,0.9992247430093184,0.0,0.06258993037068697,1.0618146733800053
84,0.199999999999985,0.9995400028604582,0.0,-0.08507201661078655,0.9144679862496716
85,0.2499999999999849,0.999778032850486,0.0,0.13002652021910358,1.1298045530695897
86,0.2999999999999847,0.9999238503281396,0.0,0.015348231584393426,1.015272081912533
87,0.3499999999999845,0.9999906369250142,0.0,-0.028000515822637143,0.971990121102377
88,0.3999999999999843,0.999999999999999,0.0,0.0498557751740759,1.049855775174075
89,0.4499999999999842,0.999968046477524,0.0,-0.0065060204214898954,0.9934620260560342
90,0.499999999999984,0.9999015996595894,0.0,-0.03163688815632934,0.96826471150326
91,0.5499999999999838,0.9997927454538076,0.0,0.19210425478739898,1.1918970002412066
92,0.5999999999999837,0.9996074418597592,0.0,-0.025520642991127804,0.9740867988686315
93,0.6499999999999835,0.9992666615564216,0.0,-0.07748370214496259,0.921782959411459
94,0.6999999999999833,0.9986178991184224,0.0,0.040940591581071335,1.0395584906994937
95,0.7499999999999831,0.997415435811447,0.0,0.11850192238329166,1.1159173581947386
96,0.799999999999983,0.9953590631046368,0.0,-0.019518360554876157,0.9758407025497606
97,0.8499999999999828,0.9922157102224354,0.0,0.08961790723428335,1.0818336174567187
98,0.8999999999999826,0.9879583223847233,0.0,-0.007981064033690704,0.9799772583510326
99,0.9499999999999824,0.9828123003080868,0.0,-0.048090337554690665,0.934721962753396
100,0.9999999999999822,0.977156603741794,0.0,0.02889264170252928,1.0060492454443233
101,1.049999999999982,0.9713410075416096,0.0,0.05792686598430088,1.0292678735259104
102,1.099999999999982,0.965540118625776,0.0,0.04166369333943098,1.007203811965207
103,1.1499999999999817,0.9597052361095112,0.0,0.028352302248318192,0.9880575383578294
104,1.1999999999999815,0.9535874864262288,0.0,-0.06521407560049892,0.8883734108257298
105,1.2499999999999811,0.9467763259016664,0.0,0.017164815466396532,0.963941141368063
106,1.2999999999999812,0.9387149323526331,0.0,-0.06946736103240092,0.8692475713202322
107,1.349999999999981,0.9286779442343108,0.0,-0.03359299474389782,0.895084949490413
108,1.3999999999999808,0.915710908434638,0.0,0.09622167795411185,1.0119325863887498
109,1.4499999999999806,0.8985388877952831,0.0,0.003423631036180298,0.9019625188314634
110,1.4999999999999805,0.8754660621188003,0.0,0.029174444727416548,0.9046405068462169
111,1.5499999999999805,0.8443237830905829,0.0,0.010025766810816272,0.8543495499013991
112,1.59999999999998,0.8025923711629098,0.0,0.0267520478708234,0.8293444190337332
113,1.64999999999998,0.7478986714833157,0.0,0.01684425238151131,0.764742923864827
114,1.6999999999999795,0.6790555126958766,0.0,0.04252239209157631,0.7215779047874529
115,1.7499999999999796,0.5974401901913596,0.0,0.05624466426055464,0.6536848544519143
116,1.7999999999999794,0.5078201569746053,0.0,-0.07320990199672335,0.4346102549778819
117,1.8499999999999792,0.4175100632864403,0.0,0.043838992353223194,0.4613490556396635
118,1.899999999999979,0.3339032990011285,0.0,0.06680131810992708,0.40070461711105554
119,1.9499999999999789,0.2620260860186145,0.0,0.04250625731047102,0.3045323433290855
120,1.999999999999979,0.2036793803095077,0.0,0.03495291283950819,0.23863229314901588
121,2.0499999999999785,0.158144160314237,0.0,-0.07516611292836857,0.08297804738586843
122,2.0999999999999783,0.1234227634428179,0.0,-0.03143169062113178,0.09199107282168612
123,2.149999999999978,0.0972214497967079,0.0,-0.014912102190187179,0.08230934760652071
124,2.199999999999978,0.0774715687570973,0.0,0.019402471201109005,0.09687403995820631
125,2.249999999999978,0.0625071636624198,0.0,0.019502886691060317,0.08201005035348012
126,2.2999999999999776,0.0510642028109298,0.0,0.024043363764521722,0.07510756657545152
127,2.349999999999977,0.042213078750402,0.0,0.013002294013652932,0.05521537276405493
128,2.3999999999999773,0.0352800058426441,0.0,0.007291274013841872,0.04257127985648597
129,2.449999999999977,0.029778721486671,0.0,0.05995627850778791,0.08973499999445891
130,2.499999999999977,0.0253575615895564,0.0,0.0782291689151243,0.1035867305046807
131,2.5499999999999767,0.0217606519556385,0.0,-0.055360247084869724,-0.03359959512923122
132,2.599999999999977,0.0188002251642456,0.0,0.02488922206439835,0.04368944722864395
133,2.6499999999999764,0.0163371208018428,0.0,-0.02787380905319263,-0.01153668825134983
134,2.699999999999976,0.0142671017005843,0.0,0.1160452470460144,0.1303123487465987
135,2.749999999999976,0.0125112356614566,0.0,0.0906514892704039,0.10316272493186049
136,2.799999999999976,0.0110091006989529,0.0,-0.025163157483165804,-0.014154056784212905
137,2.849999999999976,0.0097139505860373,0.0,-0.021241711812539896,-0.011527761226502597
138,2.8999999999999755,0.0085892461365563,0.0,0.06310882762017411,0.07169807375673042
139,2.9499999999999758,0.0076061436160937,0.0,0.0969844968765197,0.1045906404926134
140,2.999999999999975,0.0067416588971244,0.0,0.003006134278132632,0.009747793175257032
141,3.049999999999975,0.0059773126685379,0.0,0.007800511922442455,0.013777824590980356
142,3.0999999999999748,0.0052981211236632,0.0,-0.05381306807785537,-0.048514946954192166
143,3.1499999999999746,0.0046918370052789,0.0,0.03256262226389164,0.03725445926917054
144,3.1999999999999744,0.0041483737243485,0.0,0.15631930865590274,0.16046768238025125
145,3.2499999999999742,0.003659364555586,0.0,-0.045025145266967576,-0.041365780711381576
146,3.299999999999974,0.0032178223751873,0.0,0.059072846697036774,0.062290669072224074
147,3.349999999999974,0.0028178748778872,0.0,0.01753276362716081,0.020350638505048008
148,3.3999999999999737,0.0024545569293395,0.0,0.012789100313134925,0.015243657242474425
149,3.449999999999973,0.0021236465152147,0.0,0.06565454884172184,0.06777819535693654
150,3.4999999999999734,0.001821534213569,0.0,-0.023273223118933695,-0.021451688905364696
151,3.549999999999973,0.0015451186360131,0.0,0.042544614167881,0.044089732803894104
152,3.599999999999973,0.0012917221289394,0.0,-0.006174370696124268,-0.0048826485671848675
153,3.649999999999973,0.0010590223889681,0.0,0.02975628396562415,0.030815306354592252
154,3.6999999999999726,0.0008449966607317,0.0,-0.055991830767941494,-0.055146834107209795
155,3.749999999999973,0.0006478759449983,0.0,-0.042430141566926274,-0.04178226562192797
156,3.799999999999972,0.0004661072186207,0.0,-0.056661191163092754,-0.056195083944472056
157,3.849999999999972,0.0002983221035732,0.0,-0.0804478656566034,-0.08014954355303021
158,3.899999999999972,0.0001433107556533,0.0,-0.003884039268996,-0.0037407285133427
159,3.949999999999972,0.0,0.0,0.1026249235384082,0.1026249235384082
160,-4.0,0.9907816010154163,1.0,-0.01741978995292159,0.9733618110624948
161,-3.95,0.9918887650482388,1.0,0.044950731478191286,1.03683949652643
162,-3.9,0.9929035019573462,1.0,0.020227832199050427,1.0131313341563966
163,-3.850000000000001,0.9938307642313038,1.0,-0.017898099772117346,0.9759326644591865
164,-3.8000000000000007,0.994675419569062,1.0,-0.004329329285424844,0.9903460902836372
165,-3.750000000000001,0.9954421869538652,1.0,0.02421394173928764,1.019656128693153
166,-3.700000000000001,0.9961355837357716,1.0,0.09016116336696595,1.0862967471027376
167,-3.650000000000001,0.9967598831395764,1.0,0.03216942367358077,1.028929306813157
168,-3.6000000000000014,0.9973190813904412,1.0,-0.04586511986565084,0.9514539615247903
169,-3.5500000000000016,0.9978168735225345,1.0,-0.1007740508243707,0.8970428226981637
170,-3.5000000000000018,0.998256636897114,1.0,-0.012128004608053944,0.98612863228906
171,-3.450000000000002,0.9986414214938416,1.0,0.024005546667181868,1.0226469681610235
172,-3.400000000000002,0.9989739461396826,1.0,0.10606684157115799,1.1050407877108406
173,-3.3500000000000023,0.9992565999902142,1.0,-0.07425057873887372,0.9250060212513405
174,-3.3000000000000025,0.9994914487652364,1.0,0.10834910016626303,1.1078405489314995
175,-3.2500000000000027,0.999680245450369,1.0,0.04660431252577456,1.0462845579761435
176,-3.200000000000003,0.999824445393296,1.0,0.061821035154178104,1.061645480547474
177,-3.150000000000003,0.9999252259283222,1.0,0.07582750986881492,1.075752735797137
178,-3.100000000000003,0.9999835108308198,1.0,-0.022734965742797833,0.977248545088022
179,-3.050000000000004,0.9999999999999992,1.0,0.037275331089413485,1.0372753310894127
180,-3.000000000000004,0.999975204748964,1.0,0.0019159494232031343,1.0018911541721671
181,-2.950000000000004,0.9999094888867436,1.0,0.05248003309698514,1.0523895219837287
182,-2.900000000000004,0.999803115337188,1.0,0.0206015370096916,1.0204046523468797
183,-2.850000000000004,0.9996562972756128,1.0,-0.013911222672316884,0.9857450746032959
184,-2.8000000000000043,0.999469251600303,1.0,-0.08680619591491823,0.9126630556853847
185,-2.7500000000000044,0.9992422509383624,1.0,0.09916305527668155,1.0984053062150438
186,-2.7000000000000046,0.998975668308226,1.0,0.10560143269019139,1.1045771009984173
187,-2.650000000000005,0.9986700060994864,1.0,-0.07178110624518547,0.926888899854301
188,-2.600000000000005,0.998325898370626,1.0,-0.07017020471951367,0.9281556936511124
189,-2.550000000000005,0.9979440729183936,1.0,0.006916486256372283,1.004860559174766
190,-2.5000000000000053,0.997525257555217,1.0,-0.02451404464320657,0.9730112129120104
191,-2.450000000000005,0.9970700139865624,1.0,0.02227816069274912,1.0193481746793114
192,-2.4000000000000057,0.9965784829307116,1.0,0.07134120951382106,1.0679196924445327
193,-2.350000000000006,0.9960500256538314,1.0,0.02330109117786466,1.019351116831696
194,-2.300000000000006,0.995482749297638,1.0,0.07198196288121139,1.0674647121788494
195,-2.250000000000006,0.9948729048245066,1.0,0.03479337616640917,1.0296662809909158
196,-2.2000000000000064,0.9942141446866968,1.0,-0.04898400392146561,0.9452301407652312
197,-2.1500000000000066,0.9934966190131848,1.0,-0.019008841149459686,0.9744877778637251
198,-2.1000000000000068,0.9927058697600278,1.0,0.03706236623373403,1.0297682359937619
199,-2.050000000000007,0.9918214463088604,1.0,-0.004036590915244359,0.987784855393616
200,-2.000000000000007,0.990815106082616,1.0,-0.047721158645700465,0.9430939474369155
201,-1.9500000000000075,0.9896483691554104,1.0,-0.03247530535349329,0.9571730638019171
202,-1.9000000000000077,0.9882690491732952,1.0,0.025426461805299356,1.0136955109785946
203,-1.850000000000008,0.986606154295649,1.0,-0.11904634869895832,0.8675598055966907
204,-1.8000000000000078,0.9845621894552506,1.0,0.050397981753954026,1.0349601712092047
205,-1.750000000000008,0.9820013067481088,1.0,-0.0564672798833176,0.9255340268647912
206,-1.7000000000000082,0.978730800207872,1.0,0.13565639648390476,1.1143871966917767
207,-1.6500000000000083,0.9744719083697616,1.0,-0.03177993634027678,0.9426919720294848
208,-1.6000000000000083,0.9688135078657484,1.0,0.0281047882733853,0.9969182961391336
209,-1.5500000000000087,0.9611389370035892,1.0,0.043238931602102515,1.0043778686056917
210,-1.5000000000000089,0.9505126935470396,1.0,-0.007899357804230143,0.9426133357428095
211,-1.450000000000009,0.9355142982521732,1.0,-0.025611027682276345,0.909903270569897
212,-1.4000000000000092,0.91402499127265,1.0,0.03569837779111658,0.9497233690637666
213,-1.3500000000000094,0.883043261762741,1.0,0.15886681413485632,1.0419100758975972
214,-1.3000000000000096,0.8387805851445208,1.0,0.17038474830050826,1.009165333445029
215,-1.2500000000000098,0.7775488150944965,1.0,0.050518874312556986,0.8280676894070534
216,-1.20000000000001,0.697905001970836,1.0,-0.051730265662057635,0.6461747363087784
217,-1.15000000000001,0.6033274764285241,1.0,-0.06406578969064032,0.5392616867378838
218,-1.1000000000000103,0.5027466337944038,1.0,-0.13016734683789047,0.3725792869565133
219,-1.0500000000000105,0.407046208737651,1.0,-0.09415199778080277,0.3128942109568482
220,-1.0000000000000109,0.3241833714401906,1.0,-0.04824408045902097,0.27593929098116965
221,-0.9500000000000108,0.2571312485630003,1.0,-0.012587105818177829,0.24454414274482247
222,-0.900000000000011,0.2050362332598042,1.0,0.10469092311947459,0.3097271563792788
223,-0.8500000000000112,0.1652950450208723,1.0,-0.07982279168391435,0.08547225333695796
224,-0.8000000000000114,0.1350221767815783,1.0,-0.05731339193514317,0.07770878484643512
225,-0.7500000000000115,0.1117247764829476,1.0,-0.047488117366883256,0.06423665911606434
226,-0.7000000000000117,0.0934867854496507,1.0,-0.035820260972995906,0.05766652447665479
227,-0.6500000000000119,0.0789338472770684,1.0,-0.05302776601102693,0.025906081266041464
228,-0.6000000000000121,0.0671295458649926,1.0,0.07685536603267584,0.14398491189766843
229,-0.5500000000000123,0.0574705904307693,1.0,0.07125904060000622,0.1287296310307755
230,-0.5000000000000124,0.0496058985768996,1.0,0.04905080075787537,0.09865669933477497
231,-0.4500000000000126,0.0433855549949262,1.0,0.1463488234011794,0.1897343783961056
232,-0.4000000000000128,0.0388404689684781,1.0,-0.054229859677566446,-0.015389390709088346
233,-0.3500000000000129,0.036197749385704,1.0,0.027184830197344398,0.0633825795830484
234,-0.3000000000000131,0.0359401756806915,1.0,0.01395660481809366,0.04989678049878516
235,-0.2500000000000133,0.0388740560091674,1.0,0.05217067096203402,0.09104472697120142
236,-0.2000000000000135,0.0459392068002679,1.0,0.04135452698179055,0.08729373378205844
237,-0.1500000000000136,0.0569673110806374,1.0,0.09632510002983337,0.15329241111047076
238,-0.1000000000000138,0.0677655558589055,1.0,-0.062473178281175434,0.005292377577730059
239,-0.050000000000014,0.0693001457890564,1.0,0.0665916805517968,0.1358918263408532
240,-1.4210854715202004e-14,0.055859428226799,1.0,0.040865220512798554,0.09672464873959755
241,0.0499999999999856,0.0328812050633763,1.0,0.06120496495488116,0.09408617001825746
242,0.0999999999999854,0.0121765185359239,1.0,0.08547145907728067,0.09764797761320457
243,0.1499999999999852,0.0018222471827081,1.0,-0.02865197074630506,-0.02682972356359696
244,0.199999999999985,0.0,1.0,0.01093112989002608,0.01093112989002608
245,0.2499999999999849,0.0048981048070252,1.0,0.021874000302043218,0.02677210510906842
246,0.2999999999999847,0.0196027960098705,1.0,0.04385178763498913,0.06345458364485962
247,0.3499999999999845,0.0458431574243765,1.0,0.008957323069374508,0.05480048049375101
248,0.3999999999999843,0.1055371039828324,1.0,0.042018093818988855,0.14755519780182125
249,0.4499999999999842,0.2373356089974205,1.0,0.03443698380613696,0.2717725928035575
250,0.499999999999984,0.4359575571623955,1.0,-0.09513432409634479,0.34082323306605067
251,0.5499999999999838,0.6210299216680303,1.0,-0.013383469247567975,0.6076464524204623
252,0.5999999999999837,0.7460230272246318,1.0,-0.09118202728987242,0.6548409999347593
253,0.6499999999999835,0.8211804422744557,1.0,0.03213264643755005,0.8533130887120058
254,0.6999999999999833,0.8662841255038364,1.0,0.04369888278271319,0.9099830082865495
255,0.7499999999999831,0.8943419882851593,1.0,0.09061482192719537,0.9849568102123547
256,0.799999999999983,0.9125031387701854,1.0,-0.054933501746117996,0.8575696370240674
257,0.8499999999999828,0.9246304510727742,1.0,-0.07370597311434793,0.8509244779584263
258,0.8999999999999826,0.9328719308693556,1.0,0.07479587410844449,1.0076678049778
259,0.9499999999999824,0.9384690456419956,1.0,0.06577631908208179,1.0042453647240774
260,0.9999999999999822,0.9421655772368936,1.0,0.045813084672929924,0.9879786619098235
261,1.049999999999982,0.9444200588497694,1.0,-0.010631603172095654,0.9337884556776738
262,1.099999999999982,0.9455208102063324,1.0,-0.10881692533602588,0.8367038848703066
263,1.1499999999999817,0.945651134314682,1.0,0.06609644786992448,1.0117475821846065
264,1.1999999999999815,0.9449279378129692,1.0,-0.038305305002579365,0.9066226328103899
265,1.2499999999999811,0.9434254867336976,1.0,-0.007111027071050774,0.9363144596626468
266,1.2999999999999812,0.941190433743462,1.0,0.09513826399989075,1.0363286977433528
267,1.349999999999981,0.938251521688922,1.0,-0.08904147972717212,0.8492100419617499
268,1.3999999999999808,0.9346259945361236,1.0,0.05132374393958568,0.9859497384757093
269,1.4499999999999806,0.9303240104593034,1.0,0.038816549455199786,0.9691405599145031
270,1.4999999999999805,0.925351913525216,1.0,-0.039320298722702055,0.8860316148025139
271,1.5499999999999805,0.919714929991957,1.0,-0.06409223752302518,0.8556226924689319
272,1.59999999999998,0.9134196473673164,1.0,0.003994666231277619,0.917414313598594
273,1.64999999999998,0.9064764748167417,1.0,-0.14082667021181566,0.765649804604926
274,1.6999999999999795,0.8989021475471841,1.0,0.04097559694286617,0.9398777444900502
275,1.7499999999999796,0.8907222061156772,1.0,0.030126611834390683,0.9208488179500679
276,1.7999999999999794,0.8819732435586684,1.0,-0.01811538270288835,0.86385786085578
277,1.8499999999999792,0.8727045717778347,1.0,0.008160850727138624,0.8808654225049732
278,1.899999999999979,0.8629788342439213,1.0,0.03258882046205816,0.8955676547059794
279,1.9499999999999789,0.8528710232301631,1.0,0.17540699876285043,1.0282780219930134
280,1.999999999999979,0.8424653970106747,1.0,0.004738882161823618,0.8472042791724983
281,2.0499999999999785,0.8318499840943265,1.0,0.030857083141264976,0.8627070672355915
282,2.0999999999999783,0.8211087315299693,1.0,-0.002883583890261023,0.8182251476397083
283,2.149999999999978,0.8103118778150656,1.0,0.0668805353892129,0.8771924132042785
284,2.199999999999978,0.799505719205369,1.0,0.019016066971934534,0.8185217861773035
285,2.249999999999978,0.7887034449624886,1.0,0.0076404976086020945,0.7963439425710906
286,2.2999999999999776,0.7778789730266904,1.0,0.16276863855071308,0.9406476115774035
287,2.349999999999977,0.7669655861879401,1.0,-0.004555751740458872,0.7624098344474812
288,2.3999999999999773,0.7558606012718398,1.0,0.032819253424508685,0.7886798546963485
289,2.449999999999977,0.7444363668638772,1.0,-0.007494590634194084,0.736941776229683
290,2.499999999999977,0.7325567457232213,1.0,-0.02952266090706244,0.7030340848161588
291,2.5499999999999767,0.7200971151903776,1.0,-0.054692299049232895,0.6654048161411447
292,2.599999999999977,0.7069650319422289,1.0,0.10630576356523769,0.8132707955074666
293,2.6499999999999764,0.6931182488084128,1.0,-0.06548410304681718,0.6276341457615956
294,2.699999999999976,0.6785768975892047,1.0,0.09619708968852533,0.7747739872777301
295,2.749999999999976,0.6634274553594635,1.0,0.05250268760545672,0.7159301429649202
296,2.799999999999976,0.6478175469870697,1.0,-0.0768141066237755,0.5710034403632942
297,2.849999999999976,0.6319424384483509,1.0,0.047471949374495115,0.679414387822846
298,2.8999999999999755,0.6160257670351306,1.0,-0.010696169078348727,0.6053295979567819
299,2.9499999999999758,0.600298107352054,1.0,0.05996827054845149,0.6602663779005055
300,2.999999999999975,0.5849770568857707,1.0,0.044258982541509374,0.6292360394272801
301,3.049999999999975,0.5702516853158623,1.0,-0.03305133021917981,0.5372003550966825
302,3.0999999999999748,0.5562728107958472,1.0,-0.162794458149788,0.39347835264605924
303,3.1499999999999746,0.543149154892323,1.0,-0.08462372248086984,0.4585254324114531
304,3.1999999999999744,0.53094838486522,1.0,-0.1758649019296436,0.3550834829355764
305,3.2499999999999742,0.5197015394034643,1.0,0.015721968497526478,0.5354235079009908
306,3.299999999999974,0.5094092960860976,1.0,0.03163683637851203,0.5410461324646096
307,3.349999999999974,0.5000488048732842,1.0,-0.037828761330512925,0.46222004354277124
308,3.3999999999999737,0.4915801999539835,1.0,-0.08684886354440854,0.4047313364095749
309,3.449999999999973,0.483952279875719,1.0,0.04822300903684878,0.5321752889125677
310,3.4999999999999734,0.4771071443841334,1.0,0.04630605078323315,0.5234131951673665
311,3.549999999999973,0.4709837776040292,1.0,-0.0444625561664249,0.4265212214376043
312,3.599999999999973,0.4655206821088753,1.0,0.07637757871386218,0.5418982608227375
313,3.649999999999973,0.4606577194178314,1.0,-0.01020901996120719,0.4504486994566242
314,3.6999999999999726,0.4563373223023669,1.0,0.0506411923927416,0.5069785146951085
315,3.749999999999973,0.4525052312442433,1.0,0.024103909006162792,0.47660914025040607
316,3.799999999999972,0.4491108841091851,1.0,0.04908251809976358,0.4981934022089487
317,3.849999999999972,0.4461075623436481,1.0,-0.01064402942046372,0.4354635329231844
318,3.899999999999972,0.4434523729396767,1.0,-0.13469273998140452,0.3087596329582722
319,3.949999999999972,0.4411061248856722,1.0,-0.008448041148535937,0.43265808373713627
320,-4.0,0.999999999999994,2.0,0.0691837786840198,1.0691837786840137
321,-3.95,0.9217126626415424,2.0,-0.0038570734553838985,0.9178555891861585
322,-3.9,0.8466626034278508,2.0,0.0459823337682083,0.8926449371960591
323,-3.850000000000001,0.7754456037046683,2.0,0.049148157006714745,0.824593760711383
324,-3.8000000000000007,0.7084951185251201,2.0,0.11475180195523867,0.8232469204803589
325,-3.750000000000001,0.6460862373699928,2.0,-0.030271588955185304,0.6158146484148075
326,-3.700000000000001,0.5883504842453019,2.0,-0.08047050007506175,0.5078799841702402
327,-3.650000000000001,0.5352975385688058,2.0,0.06548832707188924,0.600785865640695
328,-3.6000000000000014,0.4868401149712453,2.0,0.02859058116628451,0.5154306961375298
329,-3.5500000000000016,0.4428189397584431,2.0,0.04389723693453585,0.48671617669297895
330,-3.5000000000000018,0.4030256893608578,2.0,0.08003648013177456,0.48306216949263237
331,-3.450000000000002,0.3672226670526829,2.0,0.06615917546354065,0.4333818425162236
332,-3.400000000000002,0.3351587450961404,2.0,-0.0728598770209541,0.2622988680751863
333,-3.3500000000000023,0.3065816370646212,2.0,-0.06066707320127645,0.24591456386334476
334,-3.3000000000000025,0.2812468973274579,2.0,0.008329473666999961,0.2895763709944579
335,-3.2500000000000027,0.2589242106193735,2.0,0.1150572027695131,0.3739814133888866
336,-3.200000000000003,0.2394015823895266,2.0,0.004977043820889561,0.24437862621041617
337,-3.150000000000003,0.2224880146810716,2.0,0.11893473646306098,0.34142275114413256
338,-3.100000000000003,0.2080151881871356,2.0,-0.048654348985253,0.1593608392018826
339,-3.050000000000004,0.1958385948464288,2.0,0.02935502457362664,0.22519361942005545
340,-3.000000000000004,0.1858384946054924,2.0,-0.02661376222640626,0.15922473237908613
341,-2.950000000000004,0.1779210157230362,2.0,-0.008964294244036658,0.16895672147899954
342,-2.900000000000004,0.1720196848120127,2.0,0.02573749686540367,0.19775718167741638
343,-2.850000000000004,0.1680976575397758,2.0,-0.10747896189698956,0.06061869564278623
344,-2.8000000000000043,0.1661509089117034,2.0,-0.09021311538475613,0.07593779352694727
345,-2.7500000000000044,0.1662126015615199,2.0,0.061815117696772316,0.2280277192582922
346,-2.7000000000000046,0.16835872712553,2.0,-0.019571311900005477,0.14878741522552452
347,-2.650000000000005,0.1727148340982733,2.0,-0.032875514927767344,0.13983931917050596
348,-2.600000000000005,0.1794631379345317,2.0,0.06325920099700066,0.24272233893153236
349,-2.550000000000005,0.1888485123321356,2.0,0.09699919891279915,0.28584771124493474
350,-2.5000000000000053,0.2011807452584376,2.0,-0.0837235038289215,0.1174572414295161
351,-2.450000000000005,0.2168285139601737,2.0,-0.00977105379452725,0.20705746016564644
352,-2.4000000000000057,0.236195153559627,2.0,-0.05690977610676168,0.17928537745286532
353,-2.350000000000006,0.2596497458702255,2.0,0.007566712733973924,0.2672164586041994
354,-2.300000000000006,0.28734886027759,2.0,0.044688507774979305,0.3320373680525693
355,-2.250000000000006,0.3188395572147506,2.0,-0.03540085039594476,0.28343870681880584
356,-2.2000000000000064,0.3523854580376039,2.0,-0.037981252296041774,0.31440420574156214
357,-2.1500000000000066,0.3842687088062705,2.0,-0.10239288980039571,0.2818758190058748
358,-2.1000000000000068,0.40877828741574,2.0,-0.06228311381175821,0.3464951736039818
359,-2.050000000000007,0.4195225460521544,2.0,0.04000630576168433,0.45952885181383873
360,-2.000000000000007,0.4117169353634378,2.0,-0.06628647418978674,0.34543046117365106
361,-1.9500000000000075,0.3841789539914006,2.0,0.05108177361978136,0.43526072761118195
362,-1.9000000000000077,0.3399555603523423,2.0,0.013427438980015796,0.3533829993323581
363,-1.850000000000008,0.2853521906441095,2.0,-0.137601318308452,0.1477508723356575
364,-1.8000000000000078,0.22785932396347,2.0,-0.08790914949995056,0.13995017446351943
365,-1.750000000000008,0.1739495267663323,2.0,0.05014972869166527,0.22409925545799758
366,-1.7000000000000082,0.1277165916297832,2.0,0.011147971550192091,0.13886456317997528
367,-1.6500000000000083,0.0907022618054636,2.0,-0.001120764010804619,0.08958149779465899
368,-1.6000000000000083,0.0625519811923133,2.0,0.1020758867006642,0.1646278678929775
369,-1.5500000000000087,0.04191187039392,2.0,0.06400310142786507,0.10591497182178507
370,-1.5000000000000089,0.027156305758911,2.0,0.04803563939571466,0.07519194515462566
371,-1.450000000000009,0.0168076664002449,2.0,0.07389815900945212,0.09070582540969702
372,-1.4000000000000092,0.009695311186059,2.0,-0.0013124789874001312,0.008382832198658869
373,-1.3500000000000094,0.0049626805951369,2.0,0.0042662825813818885,0.009228963176518789
374,-1.3000000000000096,0.0020132326094657,2.0,0.01770728387780501,0.01972051648727071
375,-1.2500000000000098,0.0004458761768454,2.0,-0.05109898320135368,-0.05065310702450828
376,-1.20000000000001,0.0,2.0,0.08441663340008713,0.08441663340008713
377,-1.15000000000001,0.0005143470532696,2.0,-0.02811623923259596,-0.027601892179326362
378,-1.1000000000000103,0.0018980163724015,2.0,-0.056826322873556295,-0.054928306501154794
379,-1.0500000000000105,0.0041106649196616,2.0,0.010854864652698309,0.01496552957235991
380,-1.0000000000000109,0.0071495081374175,2.0,-0.02116995198019163,-0.014020443842774129
381,-0.9500000000000108,0.0110415528407281,2.0,-0.04580549047088167,-0.03476393763015357
382,-0.900000000000011,0.0158400656787058,2.0,-0.05630764958851067,-0.04046758390980487
383,-0.8500000000000112,0.021624472570724,2.0,-0.012709567198637112,0.00891490537208689
384,-0.8000000000000114,0.0285028690515763,2.0,-0.09325073934974008,-0.06474787029816378
385,-0.7500000000000115,0.0366163233755637,2.0,0.02556359658044422,0.06217991995600792
386,-0.7000000000000117,0.046144149796848,2.0,-0.04423341006684521,0.001910739730002789
387,-0.6500000000000119,0.0573088742966205,2.0,0.008728166473013558,0.06603704076963406
388,-0.6000000000000121,0.0703780079472786,2.0,-0.11371481016880558,-0.043336802221526985
389,-0.5500000000000123,0.0856565676711578,2.0,0.07750883288138449,0.1631654005525423
390,-0.5000000000000124,0.1034603085146061,2.0,0.047008426388820614,0.15046873490342672
391,-0.4500000000000126,0.1240578063534303,2.0,0.059115052625376474,0.18317285897880678
392,-0.4000000000000128,0.1475749313737006,2.0,-0.08338851478014712,0.06418641659355347
393,-0.3500000000000129,0.1738720753124367,2.0,-0.07528520858893191,0.09858686672350479
394,-0.3000000000000131,0.2024299040089586,2.0,-0.014304519675154186,0.1881253843338044
395,-0.2500000000000133,0.2322991024048684,2.0,-0.03128447589994171,0.20101462650492669
396,-0.2000000000000135,0.2621635161382816,2.0,-0.014853524274687908,0.24730999186359368
397,-0.1500000000000136,0.2905258098266164,2.0,-0.006342418626626861,0.28418339119998953
398,-0.1000000000000138,0.3159675407814518,2.0,0.0011069450153461272,0.3170744857967979
399,-0.050000000000014,0.3373966002678655,2.0,0.07691234933482492,0.41430894960269044
400,-1.4210854715202004e-14,0.3542003202076352,2.0,-0.05242894489065975,0.30177137531697545
401,0.0499999999999856,0.3662678516107426,2.0,0.027188646133947687,0.39345649774469027
402,0.0999999999999854,0.3739007157057974,2.0,0.04870669909338111,0.4226074147991785
403,0.1499999999999852,0.3776647272190107,2.0,-0.016590150420932263,0.3610745767980784
404,0.199999999999985,0.37823883510357,2.0,0.050690484039244754,0.42892931914281474
405,0.2499999999999849,0.3762969301077939,2.0,-0.07053032502117379,0.3057666050866201
406,0.2999999999999847,0.3724346401919519,2.0,-0.1221811171222858,0.2502535230696661
407,0.3499999999999845,0.3671362256045646,2.0,-0.008514135102915725,0.3586220905016489
408,0.3999999999999843,0.3607695741765413,2.0,0.0004021668187532014,0.36117174099529453
409,0.4499999999999842,0.3535971991291175,2.0,0.036697027929983084,0.3902942270591006
410,0.499999999999984,0.3457941843160257,2.0,-0.0044890995016812,0.3413050848143445
411,0.5499999999999838,0.3374675111025067,2.0,0.04970964167209323,0.38717715277459996
412,0.5999999999999837,0.3286739306452084,2.0,0.07929435747863113,0.4079682881238395
413,0.6499999999999835,0.3194352840067739,2.0,0.07551570968852003,0.39495099369529396
414,0.6999999999999833,0.3097511121197546,2.0,-0.022713800729154382,0.2870373113906002
415,0.7499999999999831,0.2996088178500146,2.0,0.04588747383868836,0.34549629168870294
416,0.799999999999983,0.2889917724157302,2.0,-0.12376798652843761,0.16522378588729258
417,0.8499999999999828,0.2778857477933806,2.0,-0.04122914200099308,0.2366566057923875
418,0.8999999999999826,0.2662839896990652,2.0,0.0012750019874582278,0.2675589916865234
419,0.9499999999999824,0.2541911639659754,2.0,0.04697535027827162,0.301166514244247
420,0.9999999999999822,0.2416263307016258,2.0,0.005093187042618425,0.24671951774424425
421,1.049999999999982,0.2286250323397714,2.0,-6.794497520279032e-05,0.22855708736456862
422,1.099999999999982,0.2152405263152749,2.0,0.0613395680365645,0.2765800943518394
423,1.1499999999999817,0.2015441526810312,2.0,-0.005639733965793727,0.19590441871523748
424,1.1999999999999815,0.1876248043262552,2.0,-0.03296416354959386,0.15466064077666133
425,1.2499999999999811,0.1735874659347522,2.0,-0.027808631773029835,0.14577883416172235
426,1.2999999999999812,0.1595508105145988,2.0,-0.13573037683958153,0.023820433675017266
427,1.349999999999981,0.1456438905115669,2.0,-0.013494958710704422,0.13214893180086248
428,1.3999999999999808,0.1320020319786687,2.0,-0.05870879114760251,0.07329324083106618
429,1.4499999999999806,0.1187621279414932,2.0,0.07896125434878669,0.1977233822902799
430,1.4999999999999805,0.1060576186023717,2.0,-0.032728767342951985,0.07332885125941971
431,1.5499999999999805,0.0940135247922997,2.0,0.09314741306265398,0.1871609378549537
432,1.59999999999998,0.0827419491796912,2.0,-0.0009814271911134738,0.08176052198857772
433,1.64999999999998,0.0723384620425757,2.0,-0.03853702928252608,0.03380143276004962
434,1.6999999999999795,0.0628797368373865,2.0,0.10035359399959394,0.16323333083698044
435,1.7499999999999796,0.0544226972740844,2.0,0.05349858314920119,0.10792128042328558
436,1.7999999999999794,0.0470052944926256,2.0,-0.039877006149858174,0.007128288342767429
437,1.8499999999999792,0.0406488708110887,2.0,-0.05803206922223977,-0.017383198411151067
438,1.899999999999979,0.0353619099745227,2.0,0.06555562914055464,0.10091753911507734
439,1.9499999999999789,0.0311448462152051,2.0,-0.0999796733953716,-0.06883482718016651
440,1.999999999999979,0.0279955222830754,2.0,-0.0001951764244896983,0.0278003458585857
441,2.0499999999999785,0.0259148547749284,2.0,-0.04598111499655777,-0.02006626022162937
442,2.0999999999999783,0.0249122741667347,2.0,-0.00436273254180557,0.02054954162492913
443,2.149999999999978,0.0250105351141147,2.0,0.009107829986821055,0.03411836510093576
444,2.199999999999978,0.0262495131425136,2.0,0.019749769114802872,0.045999282257316476
445,2.249999999999978,0.0286885973936596,2.0,0.00047949253644184075,0.02916808993010144
446,2.2999999999999776,0.0324072568734367,2.0,-0.07795104062827807,-0.04554378375484137
447,2.349999999999977,0.0375033313017731,2.0,-0.10972380713560753,-0.07222047583383442
448,2.3999999999999773,0.044088639578354,2.0,0.10139775194980007,0.14548639152815407
449,2.449999999999977,0.0522816867361797,2.0,-0.0283832629997174,0.023898423736462303
450,2.499999999999977,0.0621976418128576,2.0,-0.006287514025411266,0.055910127787446334
451,2.5499999999999767,0.0739363428184005,2.0,0.004260440479023179,0.07819678329742367
452,2.599999999999977,0.0875697399784544,2.0,0.01388313289969418,0.10145287287814858
453,2.6499999999999764,0.1031306902733461,2.0,-0.007436626522827072,0.09569406375051903
454,2.699999999999976,0.1206051149094988,2.0,0.052451622586367264,0.17305673749586606
455,2.749999999999976,0.1399290806257901,2.0,0.07042270259612275,0.21035178322191284
456,2.799999999999976,0.1609914309305948,2.0,-0.16358081302067576,-0.0025893820900809716
457,2.849999999999976,0.1836414539287026,2.0,-0.03914241491075839,0.1444990390179442
458,2.8999999999999755,0.2077001013009416,2.0,0.10438652239011378,0.3120866236910554
459,2.9499999999999758,0.2329727576548989,2.0,0.16560593352599992,0.39857869118089884
460,2.999999999999975,0.2592615884376411,2.0,0.005243195625600307,0.2645047840632414
461,3.049999999999975,0.2863759521797725,2.0,-0.04977399951264547,0.23660195266712705
462,3.0999999999999748,0.3141400234133616,2.0,0.05311792996077015,0.36725795337413175
463,3.1499999999999746,0.3423974154930742,2.0,-0.0684771058686628,0.2739203096244114
464,3.1999999999999744,0.3710130761629726,2.0,-0.12731742342619837,0.2436956527367742
465,3.2499999999999742,0.3998730061294498,2.0,-0.014306869398519648,0.38556613673093015
466,3.299999999999974,0.4288824449634117,2.0,-0.050760491479869635,0.37812195348354205
467,3.349999999999974,0.4579631348686757,2.0,-0.003030220519461851,0.45493291434921385
468,3.3999999999999737,0.4870501697164539,2.0,-0.024636946129250416,0.46241322358720344
469,3.449999999999973,0.5160888099578465,2.0,-0.014049623633721035,0.5020391863241254
470,3.4999999999999734,0.5450315223437435,2.0,-0.04376813314327633,0.5012633892004672
471,3.549999999999973,0.5738354010206791,2.0,-0.0699379078324412,0.5038974931882378
472,3.599999999999973,0.6024600478261735,2.0,-0.005828450477328672,0.5966315973488447
473,3.649999999999973,0.6308659331902778,2.0,-0.06985072085001445,0.5610152123402634
474,3.6999999999999726,0.6590132212265724,2.0,0.021282214565199794,0.6802954357917721
475,3.749999999999973,0.6868610190706964,2.0,-0.08301770694187043,0.603843312128826
476,3.799999999999972,0.7143669973871773,2.0,-0.0029003826430405674,0.7114666147441367
477,3.849999999999972,0.7414873230471472,2.0,-0.05291804857261403,0.6885692744745331
478,3.899999999999972,0.7681768438905174,2.0,-0.02832870223281729,0.7398481416577002
479,3.949999999999972,0.7943894675124276,2.0,-0.05842001081697475,0.7359694566954528
480,-4.0,0.0072906906060386,3.0,-0.12543950872227908,-0.11814881811624048
481,-3.95,0.0062958703998652,3.0,0.003254828336764994,0.009550698736630194
482,-3.9,0.0053711529825211,3.0,0.003839120230724427,0.009210273213245527
483,-3.850000000000001,0.0045158845103125,3.0,0.032668714314967304,0.0371845988252798
484,-3.8000000000000007,0.0037298572644818,3.0,0.1260626141111168,0.1297924713755986
485,-3.750000000000001,0.0030133332083919,3.0,-0.01941973274138757,-0.01640639953299567
486,-3.700000000000001,0.0023670735173757,3.0,0.061122267568998016,0.06348934108637372
487,-3.650000000000001,0.0017923747868576,3.0,0.028218279223481423,0.030010654010339022
488,-3.6000000000000014,0.0012911127619319,3.0,-0.02022146192876532,-0.01893034916683342
489,-3.5500000000000016,0.0008657945940216,3.0,-0.06537404307953712,-0.06450824848551552
490,-3.5000000000000018,0.000519620822697,3.0,-0.012731384861697252,-0.012211764039000253
491,-3.450000000000002,0.0002565585110541,3.0,0.04879115101772471,0.04904770952877881
492,-3.400000000000002,8.142723967106012e-05,3.0,-0.04475976988446193,-0.04467834264479087
493,-3.3500000000000023,0.0,3.0,0.018420706745491552,0.018420706745491552
494,-3.3000000000000025,1.912143625616615e-05,3.0,-0.0328896940004164,-0.03287057256416023
495,-3.2500000000000027,0.0001468463861603,3.0,-0.09380176089355542,-0.09365491450739512
496,-3.200000000000003,0.0003926022867117,3.0,-0.0751555160371119,-0.0747629137504002
497,-3.150000000000003,0.0007673797709307,3.0,0.0021180853800805565,0.0028854651510112567
498,-3.100000000000003,0.0012839567169675,3.0,-0.09442187425303186,-0.09313791753606436
499,-3.050000000000004,0.0019571621561368,3.0,0.0036989079535662103,0.00565607010970301
500,-3.000000000000004,0.0028041878320196,3.0,-0.14176730739910162,-0.13896311956708202
501,-2.950000000000004,0.0038449568412372,3.0,0.059141832541583124,0.06298678938282032
502,-2.900000000000004,0.0051025606531432,3.0,0.057195296142458905,0.062297856795602104
503,-2.850000000000004,0.0066037777986036,3.0,0.00825481432634241,0.01485859212494601
504,-2.8000000000000043,0.008379689397419,3.0,0.04669316674334513,0.055072856140764126
505,-2.7500000000000044,0.010466408004423,3.0,-0.07061467659690471,-0.06014826859248171
506,-2.7000000000000046,0.0129059362076278,3.0,0.045353257587098794,0.05825919379472659
507,-2.650000000000005,0.0157471687907448,3.0,0.11601025107077804,0.13175741986152284
508,-2.600000000000005,0.019047045353843,3.0,-0.04278470837677419,-0.023737663022931194
509,-2.550000000000005,0.0228718469307431,3.0,0.03622118433184006,0.059093031262583154
510,-2.5000000000000053,0.0272986081465172,3.0,-0.027810420791929757,-0.0005118126454125571
511,-2.450000000000005,0.0324165843585809,3.0,-0.01680051448827125,0.01561606987030965
512,-2.4000000000000057,0.0383286715772656,3.0,-0.02104251757200159,0.01728615400526401
513,-2.350000000000006,0.0451526297913667,3.0,0.043794591874638175,0.08894722166600488
514,-2.300000000000006,0.0530219156894408,3.0,0.03664786221331152,0.08966977790275232
515,-2.250000000000006,0.0620858983555701,3.0,0.06305483030653104,0.12514072866210113
516,-2.2000000000000064,0.0725092146655391,3.0,0.04484638578250802,0.11735560044804712
517,-2.1500000000000066,0.084470002252205,3.0,-0.04450749533117366,0.039962506921031336
518,-2.1000000000000068,0.0981566728036103,3.0,0.03317979610621464,0.13133646890982495
519,-2.050000000000007,0.1137626659836682,3.0,0.024829686767228392,0.1385923527508966
520,-2.000000000000007,0.1314781689347375,3.0,0.07190588047788737,0.20338404941262486
521,-1.9500000000000075,0.1514771227521076,3.0,-0.11828396860884877,0.033193154143258824
522,-1.9000000000000077,0.1738972412745421,3.0,0.0030376337944314756,0.17693487506897357
523,-1.850000000000008,0.1988108423825681,3.0,0.005044592463520412,0.2038554348460885
524,-1.8000000000000078,0.2261858282546918,3.0,0.052120214698751,0.2783060429534428
525,-1.750000000000008,0.2558396751689354,3.0,0.00595678267665594,0.26179645784559136
526,-1.7000000000000082,0.2873944202452142,3.0,0.06105691323345029,0.3484513334786645
527,-1.6500000000000083,0.3202456143293665,3.0,-0.060288464179799606,0.2599571501495669
528,-1.6000000000000083,0.3535602212495317,3.0,0.0026601970934973405,0.35622041834302903
529,-1.5500000000000087,0.3863148908306492,3.0,0.03478056842082969,0.42109545925147884
530,-1.5000000000000089,0.4173764416027601,3.0,-0.042325512887828286,0.37505092871493184
531,-1.450000000000009,0.4456135745485712,3.0,-0.0762602976855019,0.3693532768630693
532,-1.4000000000000092,0.4700180674515499,3.0,-0.002447745363805888,0.467570322087744
533,-1.3500000000000094,0.4898098932173293,3.0,0.007483382813924858,0.49729327603125417
534,-1.3000000000000096,0.5045055269473613,3.0,-0.1636017228377389,0.3409038041096224
535,-1.2500000000000098,0.5139396911159277,3.0,-0.046264160502422304,0.4676755306135054
536,-1.20000000000001,0.5182430672564025,3.0,-0.04727643228827347,0.47096663496812896
537,-1.15000000000001,0.5177876258886108,3.0,0.059068344714709044,0.5768559706033198
538,-1.1000000000000103,0.513115094317276,3.0,0.03255736672450582,0.5456724610417818
539,-1.0500000000000105,0.5048631222931553,3.0,-0.03940757447251525,0.4654555478206401
540,-1.0000000000000109,0.4936998101460643,3.0,-0.04612813886091186,0.4475716712851524
541,-0.9500000000000108,0.4802725128525303,3.0,0.12352814813038351,0.6038006609829139
542,-0.900000000000011,0.4651726978014966,3.0,0.03146360004431907,0.4966362978458157
543,-0.8500000000000112,0.4489157789674833,3.0,0.03579047298061709,0.4847062519481004
544,-0.8000000000000114,0.4319333170452982,3.0,-0.06462344134897287,0.36730987569632534
545,-0.7500000000000115,0.4145744749284264,3.0,0.04048477087461998,0.4550592458030464
546,-0.7000000000000117,0.3971137725837516,3.0,-0.0400105838891598,0.3571031886945918
547,-0.6500000000000119,0.3797626650305438,3.0,0.08208750065181954,0.4618501656823633
548,-0.6000000000000121,0.3626830398363314,3.0,0.00021910048778678597,0.36290214032411816
549,-0.5500000000000123,0.3460012595919547,3.0,0.09026264452388294,0.43626390411583765
550,-0.5000000000000124,0.3298217945082048,3.0,0.03576696718622193,0.3655887616944267
551,-0.4500000000000126,0.3142397792633963,3.0,-0.04518292556140004,0.2690568537019963
552,-0.4000000000000128,0.2993519902156695,3.0,-0.16271476691651274,0.13663722329915676
553,-0.3500000000000129,0.2852657939960936,3.0,0.036968867062081745,0.32223466105817533
554,-0.3000000000000131,0.2721056030284982,3.0,-0.056910421575069044,0.21519518145342914
555,-0.2500000000000133,0.2600163444503349,3.0,-0.04887626066551487,0.21114008378482002
556,-0.2000000000000135,0.2491634772724517,3.0,-0.06107796786193495,0.18808550941051674
557,-0.1500000000000136,0.2397292383892659,3.0,0.08562074976052149,0.3253499881497874
558,-0.1000000000000138,0.2319050728172655,3.0,0.05639742670597794,0.28830249952324344
559,-0.050000000000014,0.2258805621978665,3.0,-0.05609117500987181,0.1697893871879947
560,-1.4210854715202004e-14,0.2218295799337762,3.0,0.06058315716494103,0.2824127370987172
561,0.0499999999999856,0.2198949865070939,3.0,-0.03189084630908591,0.18800414019800799
562,0.0999999999999854,0.2201741666366836,3.0,0.009140022574876552,0.22931418921156016
563,0.1499999999999852,0.2227090287616244,3.0,-0.06316563716595909,0.15954339159566533
564,0.199999999999985,0.2274847493667135,3.0,-0.05774807703740802,0.16973667232930548
565,0.2499999999999849,0.2344397259729592,3.0,0.006224979154265703,0.2406647051272249
566,0.2999999999999847,0.2434836939040888,3.0,0.03062265868900639,0.2741063525930952
567,0.3499999999999845,0.2545132436792144,3.0,0.04723544253174778,0.3017486862109622
568,0.3999999999999843,0.2674091757800029,3.0,-0.0832540959780263,0.1841550798019766
569,0.4499999999999842,0.2820055703409604,3.0,0.09025643504941888,0.3722620053903793
570,0.499999999999984,0.2980403145846522,3.0,0.07826061589355432,0.3763009304782065
571,0.5499999999999838,0.3151217767193394,3.0,-0.006473827684233824,0.30864794903510556
572,0.5999999999999837,0.3327477875572114,3.0,-0.03463769768371194,0.29811008987349946
573,0.6499999999999835,0.3503686182538531,3.0,-0.1819532121238579,0.16841540612999523
574,0.6999999999999833,0.3674296876072918,3.0,-0.1724020554723541,0.19502763213493768
575,0.7499999999999831,0.3833413369598957,3.0,0.032432550005495664,0.41577388696539136
576,0.799999999999983,0.3974126217060728,3.0,-0.032680891046310855,0.36473173065976194
577,0.8499999999999828,0.4088513637558799,3.0,-0.02367147086052157,0.3851798928953583
578,0.8999999999999826,0.4168909213503826,3.0,0.07224976827723677,0.48914068962761936
579,0.9499999999999824,0.4209992215435113,3.0,0.02838614457509337,0.4493853661186047
580,0.9999999999999822,0.4210590334862087,3.0,0.06649455458393862,0.4875535880701473
581,1.049999999999982,0.4174266211911259,3.0,-0.10095307190954701,0.3164735492815789
582,1.099999999999982,0.41084888521009,3.0,0.05824146767176711,0.46909035288185713
583,1.1499999999999817,0.4022884241867277,3.0,-0.0549950713218657,0.347293352864862
584,1.1999999999999815,0.3927331875549057,3.0,0.060510955874238916,0.45324414342914465
585,1.2499999999999811,0.3830512098529858,3.0,0.0437589825569921,0.4268101924099779
586,1.2999999999999812,0.3739146112518236,3.0,0.03277312292362345,0.40668773417544707
587,1.349999999999981,0.3657854760451357,3.0,-0.017625938287670576,0.34815953775746517
588,1.3999999999999808,0.3589410875505199,3.0,0.021373527498997874,0.3803146150495178
589,1.4499999999999806,0.3535156107758258,3.0,-0.11172976009459482,0.24178585068123096
590,1.4999999999999805,0.3495422458044707,3.0,0.018507973581812633,0.3680502193862833
591,1.5499999999999805,0.3469877185975514,3.0,-0.0278888231937761,0.3190988954037753
592,1.59999999999998,0.3457766955130887,3.0,-0.08837521199459725,0.25740148351849146
593,1.64999999999998,0.3458069028497098,3.0,-0.029334941012493045,0.3164719618372167
594,1.6999999999999795,0.3469571532963265,3.0,-0.048935865050850104,0.29802128824547636
595,1.7499999999999796,0.3490910090385439,3.0,-0.0025201842004628386,0.34657082483808105
596,1.7999999999999794,0.3520590407081161,3.0,-0.05841496387188551,0.2936440768362306
597,1.8499999999999792,0.355702800946725,3.0,-0.01962394777388579,0.33607885317283925
598,1.899999999999979,0.3598636290448428,3.0,0.0011483161608131249,0.36101194520565594
599,1.9499999999999789,0.3643989234365782,3.0,-0.029803702107812757,0.33459522132876546
600,1.999999999999979,0.3692071962449195,3.0,-0.10212885416524904,0.26707834207967046
601,2.0499999999999785,0.3742609143326449,3.0,-0.01003152254693627,0.3642293917857086
602,2.0999999999999783,0.3796432009511569,3.0,0.07815798120107709,0.457801182152234
603,2.149999999999978,0.3855818866355333,3.0,0.05065323788485064,0.43623512452038393
604,2.199999999999978,0.3924733698184847,3.0,-0.028824758317223993,0.3636486115012607
605,2.249999999999978,0.4008899650841796,3.0,-0.06839030584872507,0.33249965923545455
606,2.2999999999999776,0.4115673366905646,3.0,0.09305628484169487,0.5046236215322595
607,2.349999999999977,0.4253715099590076,3.0,-0.09018301084411261,0.33518849911489496
608,2.3999999999999773,0.4432459522359073,3.0,-1.144660092990663e-05,0.4432345056349774
609,2.449999999999977,0.4661377115424962,3.0,-0.07786079812246781,0.3882769134200284
610,2.499999999999977,0.4948990264735842,3.0,0.028933725666316787,0.523832752139901
611,2.5499999999999767,0.5301602866619937,3.0,0.054018241703298796,0.5841785283652925
612,2.599999999999977,0.5721752284029316,3.0,0.04217181461198702,0.6143470430149186
613,2.6499999999999764,0.6206517733793444,3.0,0.016800262607775118,0.6374520359871195
614,2.699999999999976,0.6746001376460741,3.0,-0.020000777495353686,0.6545993601507204
615,2.749999999999976,0.73224649170654,3.0,-0.06265701196208638,0.6695894797444536
616,2.799999999999976,0.7910641305880625,3.0,0.027378684727655662,0.8184428153157182
617,2.849999999999976,0.8479552083697867,3.0,-0.1112868469027022,0.7366683614670845
618,2.8999999999999755,0.899575127766118,3.0,-0.10927595095361929,0.7902991768124987
619,2.9499999999999758,0.9427431895466284,3.0,-0.0024395122465431882,0.9403036773000852
620,2.999999999999975,0.9748494822891476,3.0,-0.007544299039916309,0.9673051832492313
621,3.049999999999975,0.994165980312454,3.0,0.026118199594777222,1.020284179907231
622,3.0999999999999748,0.9999999999996886,3.0,-0.0032580697731657633,0.9967419302265228
623,3.1499999999999746,0.9926755448398334,3.0,0.018843432749621573,1.011518977589455
624,3.1999999999999744,0.9733722477249256,3.0,-0.04551689661265451,0.9278553511122711
625,3.2499999999999742,0.9438779828393772,3.0,-0.022316846797046003,0.9215611360423311
626,3.299999999999974,0.9063160048761896,3.0,-0.0047940964557605485,0.901521908420429
627,3.349999999999974,0.8628958326181934,3.0,0.0512790828050455,0.9141749154232388
628,3.3999999999999737,0.8157178289627093,3.0,-0.03689801715433591,0.7788198118083733
629,3.449999999999973,0.7666423440385289,3.0,-0.05223899163928617,0.7144033523992428
630,3.4999999999999734,0.7172199698572828,3.0,0.03264790136836527,0.749867871225648
631,3.549999999999973,0.6686712538411559,3.0,-0.0938812231932877,0.5747900306478682
632,3.599999999999973,0.6219013379523253,3.0,-0.032393593421182525,0.5895077445311427
633,3.649999999999973,0.5775357243614538,3.0,0.000997237724623397,0.5785329620860772
634,3.6999999999999726,0.5359659884459289,3.0,-0.04179032082406198,0.49417566762186693
635,3.749999999999973,0.4973974502183291,3.0,0.029281547400486364,0.5266789976188154
636,3.799999999999972,0.4618937742650524,3.0,-0.054014480279901154,0.40787929398515127
637,3.849999999999972,0.4294158250104473,3.0,-0.08326011157168195,0.34615571343876533
638,3.899999999999972,0.3998537766526774,3.0,0.0019541369930698924,0.4018079136457473
639,3.949999999999972,0.3730525405859681,3.0,-0.06244819578811093,0.31060434479785715
640,-4.0,0.0,4.0,-0.12729102874793752,-0.12729102874793752
641,-3.95,0.0003554518573178,4.0,0.17270608643288834,0.17306153829020615
642,-3.9,0.0007353496385422,4.0,-0.07296020290578172,-0.07222485326723951
643,-3.850000000000001,0.0011420783995355,4.0,0.09086985727396495,0.09201193567350045
644,-3.8000000000000007,0.0015783441139598,4.0,-0.004043815558333321,-0.002465471444373521
645,-3.750000000000001,0.0020472274151586,4.0,0.033175698074132724,0.035222925489291325
646,-3.700000000000001,0.0025522474445474,4.0,-0.044944619978672315,-0.042392372534124916
647,-3.650000000000001,0.0030974377647788,4.0,-0.0032265297703921608,-0.00012909200561336083
648,-3.6000000000000014,0.0036874366383276,4.0,-0.05717289747791326,-0.053485460839585657
649,-3.5500000000000016,0.004327594342559,4.0,0.007849599595811633,0.012177193938370634
650,-3.5000000000000018,0.0050241005697074,4.0,-0.015429719141458458,-0.010405618571751058
651,-3.450000000000002,0.0057841353038333,4.0,0.14168830721106193,0.14747244251489522
652,-3.400000000000002,0.0066160468043218,4.0,-0.05621345363699147,-0.04959740683266967
653,-3.3500000000000023,0.0075295603346092,4.0,0.11364230756241192,0.12117186789702113
654,-3.3000000000000025,0.0085360208571192,4.0,0.013170563441512018,0.021706584298631218
655,-3.2500000000000027,0.0096486717587822,4.0,-0.04526269127248707,-0.03561401951370487
656,-3.200000000000003,0.0108829693008229,4.0,-0.030067009354016853,-0.019184040053193952
657,-3.150000000000003,0.0122569282032535,4.0,0.021793146595364264,0.03405007479861776
658,-3.100000000000003,0.0137914865966959,4.0,0.06997973212674369,0.0837712187234396
659,-3.050000000000004,0.0155108672051385,4.0,-0.009996594608116928,0.005514272597021572
660,-3.000000000000004,0.0174428945149239,4.0,-0.07865548077052284,-0.061212586255598944
661,-2.950000000000004,0.0196192033243467,4.0,-0.07060771203170903,-0.05098850870736232
662,-2.900000000000004,0.0220752417067507,4.0,-0.005159709853413942,0.016915531853336756
663,-2.850000000000004,0.0248499325770269,4.0,0.008638937332789311,0.03348886990981621
664,-2.8000000000000043,0.0279848191428138,4.0,-0.0431866513192516,-0.015201832176437797
665,-2.7500000000000044,0.0315224957135741,4.0,0.03621513554579554,0.06773763125936964
666,-2.7000000000000046,0.0355041447575702,4.0,-0.06448242503559838,-0.02897828027802818
667,-2.650000000000005,0.0399661063543527,4.0,-0.018832410444459435,0.021133695909893266
668,-2.600000000000005,0.0449356469024074,4.0,0.06816023700640848,0.11309588390881589
669,-2.550000000000005,0.0504265013938217,4.0,-0.014341941463611592,0.03608455993021011
670,-2.5000000000000053,0.0564353028976364,4.0,-0.03203355412399784,0.024401748773638564
671,-2.450000000000005,0.06294052690481,4.0,-0.05116948795376326,0.011771038951046739
672,-2.4000000000000057,0.069905770460964,4.0,0.024801608306472146,0.09470737876743614
673,-2.350000000000006,0.0772887129236055,4.0,-0.06358336408069895,0.013705348842906542
674,-2.300000000000006,0.0850558023892237,4.0,-0.053203653705407604,0.03185214868381609
675,-2.250000000000006,0.0932008446507873,4.0,-0.038406626960858586,0.05479421768992872
676,-2.2000000000000064,0.1017639665218306,4.0,-0.02055750066140889,0.08120646586042171
677,-2.1500000000000066,0.1108467112135116,4.0,0.009213566521598096,0.12006027773510969
678,-2.1000000000000068,0.1206196399732447,4.0,0.07324724686010359,0.1938668868333483
679,-2.050000000000007,0.1313202493690809,4.0,0.04868465543374435,0.18000490480282527
680,-2.000000000000007,0.1432401305383322,4.0,-0.0009782083265238405,0.14226192221180836
681,-1.9500000000000075,0.1567000849088858,4.0,0.026423745892470957,0.18312383080135675
682,-1.9000000000000077,0.1720104216607013,4.0,-0.08268530183716324,0.08932511982353805
683,-1.850000000000008,0.1894128364502323,4.0,-0.0771379598264235,0.11227487662380879
684,-1.8000000000000078,0.2090041497788277,4.0,-0.008015775083189769,0.20098837469563793
685,-1.750000000000008,0.2306549103732396,4.0,-0.046273976525391766,0.18438093384784782
686,-1.7000000000000082,0.2539554999973031,4.0,-0.014522491904957855,0.23943300809234525
687,-1.6500000000000083,0.2782337247677778,4.0,-0.04183634425147462,0.23639738051630318
688,-1.6000000000000083,0.3026683724017501,4.0,-0.03630143536471866,0.26636693703703146
689,-1.5500000000000087,0.3264707069850655,4.0,-0.008436562518527358,0.3180341444665381
690,-1.5000000000000089,0.349058531461414,4.0,0.02940559520253091,0.3784641266639449
691,-1.450000000000009,0.3701508993266301,4.0,-0.023579862249586612,0.34657103707704345
692,-1.4000000000000092,0.3897630624905866,4.0,0.019223214153411227,0.40898627664399784
693,-1.3500000000000094,0.4081332036781028,4.0,-0.04853221886659156,0.35960098481151126
694,-1.3000000000000096,0.4256293322364423,4.0,-0.0031012808143821217,0.4225280514220602
695,-1.2500000000000098,0.442670741269714,4.0,-0.09802897923941112,0.3446417620303029
696,-1.20000000000001,0.4596762525751959,4.0,0.0570198947388992,0.5166961473140951
697,-1.15000000000001,0.4770361227090237,4.0,-0.026738633860724177,0.4502974888482995
698,-1.1000000000000103,0.4950985198100033,4.0,0.05000551341194454,0.5451040332219479
699,-1.0500000000000105,0.514161707789162,4.0,-0.053422629340573964,0.4607390784485881
700,-1.0000000000000109,0.5344660190998924,4.0,0.014491048998986332,0.5489570680988788
701,-0.9500000000000108,0.5561832328791633,4.0,0.05278157532512751,0.6089648082042908
702,-0.900000000000011,0.5794040822931049,4.0,0.06209102039646317,0.6414951026895681
703,-0.8500000000000112,0.6041268870325008,4.0,0.06455814196730046,0.6686850289998013
704,-0.8000000000000114,0.6302515231406483,4.0,0.01293433114217292,0.6431858542828212
705,-0.7500000000000115,0.6575826780724178,4.0,0.049683647524060626,0.7072663255964784
706,-0.7000000000000117,0.685844016872703,4.0,0.02984644294754274,0.7156904598202458
707,-0.6500000000000119,0.714700672757545,4.0,-0.02375860515835338,0.6909420675991916
708,-0.6000000000000121,0.7437832504433654,4.0,-0.09334065292921684,0.6504425975141486
709,-0.5500000000000123,0.7727052741905567,4.0,-0.09886040038131211,0.6738448738092446
710,-0.5000000000000124,0.8010694880917845,4.0,-0.001693798293272622,0.7993756897985118
711,-0.4500000000000126,0.8284653833906057,4.0,0.025534870773010743,0.8540002541636165
712,-0.4000000000000128,0.8544671386729717,4.0,0.004449685328863936,0.8589168240018357
713,-0.3500000000000129,0.8786438606522914,4.0,-0.03572699055492383,0.8429168700973676
714,-0.3000000000000131,0.9005901562645617,4.0,-0.03859631059646352,0.8619938456680982
715,-0.2500000000000133,0.9199750190140196,4.0,0.045984065012484206,0.9659590840265038
716,-0.2000000000000135,0.936595041942524,4.0,0.08085053339711538,1.0174455753396394
717,-0.1500000000000136,0.9504113755361288,4.0,0.06638926639420187,1.0168006419303306
718,-0.1000000000000138,0.9615542672722216,4.0,-0.013687275779938833,0.9478669914922828
719,-0.050000000000014,0.9702928121323317,4.0,-0.051368984765895055,0.9189238273664366
720,-1.4210854715202004e-14,0.9769819456018124,4.0,-0.07852297425166599,0.8984589713501464
721,0.0499999999999856,0.9820050800204964,4.0,0.04630252947601625,1.0283076094965127
722,0.0999999999999854,0.985727415014372,4.0,-0.11208318273274358,0.8736442322816285
723,0.1499999999999852,0.9884667197209774,4.0,-0.007600360401290581,0.9808663593196869
724,0.199999999999985,0.9904814237403308,4.0,-0.01951927577110206,0.9709621479692288
725,0.2499999999999849,0.991973081705609,4.0,-0.017849728932432318,0.9741233527731767
726,0.2999999999999847,0.9930998547863468,4.0,-0.007346704577623445,0.9857531502087233
727,0.3499999999999845,0.9939951387604892,4.0,-0.027971164168699363,0.9660239745917898
728,0.3999999999999843,0.9947803616076464,4.0,0.033453329666037666,1.028233691273684
729,0.4499999999999842,0.9955601491340288,4.0,0.07412181607249252,1.0696819652065213
730,0.499999999999984,0.996398544871708,4.0,-0.10957822832981041,0.8868203165418975
731,0.5499999999999838,0.9972937387929992,4.0,0.04196376386497439,1.0392575026579736
732,0.5999999999999837,0.9981784955901156,4.0,0.01943576951933842,1.017614265109454
733,0.6499999999999835,0.998955678031639,4.0,0.04972349489780697,1.048679172929446
734,0.6999999999999833,0.999544065137821,4.0,0.0144997238966932,1.0140437890345142
735,0.7499999999999831,0.9998991068328764,4.0,0.08441757102669499,1.0843166778595714
736,0.799999999999983,0.9999999999999984,4.0,-0.04375399633718039,0.9562460036628181
737,0.8499999999999828,0.9998237976580848,4.0,-0.01916719539570148,0.9806566022623834
738,0.8999999999999826,0.9993324106855662,4.0,-0.031033372999969295,0.9682990376855969
739,0.9499999999999824,0.9984869588318568,4.0,-0.015263668669628895,0.9832232901622279
740,0.9999999999999822,0.9972815626545064,4.0,-0.026712125263216806,0.9705694373912896
741,1.049999999999982,0.995764708074063,4.0,0.032191983824106145,1.027956691898169
742,1.099999999999982,0.9940259921004686,4.0,0.057464515795520775,1.0514905078959893
743,1.1499999999999817,0.9921639155330144,4.0,0.0360340857618821,1.0281980012948966
744,1.1999999999999815,0.9902622889482626,4.0,0.13572580958869135,1.125988098536954
745,1.2499999999999811,0.988383760182158,4.0,-0.049289879324186894,0.9390938808579711
746,1.2999999999999812,0.9865735550619804,4.0,0.13568606559955798,1.1222596206615383
747,1.349999999999981,0.9848654163028028,4.0,-0.0357673430436678,0.949098073259135
748,1.3999999999999808,0.9832860011525634,4.0,0.050080487373930525,1.033366488526494
749,1.4499999999999806,0.9818572295865832,4.0,-0.021252376982536562,0.9606048526040466
750,1.4999999999999805,0.9805973076293506,4.0,-0.038168120407284865,0.9424291872220657
751,1.5499999999999805,0.9795212006124436,4.0,0.007535765554644618,0.9870569661670883
752,1.59999999999998,0.9786409541629324,4.0,-0.03939734314820797,0.9392436110147244
753,1.64999999999998,0.977965887129469,4.0,0.10530290593191569,1.0832687930613847
754,1.6999999999999795,0.977502499522002,4.0,-0.0346132933411258,0.9428892061808761
755,1.7499999999999796,0.9772539722290188,4.0,0.06275623487151882,1.0400102071005377
756,1.7999999999999794,0.9772193041120396,4.0,-0.08130249910183861,0.895916805010201
757,1.8499999999999792,0.9773923208501284,4.0,0.03755970354562094,1.0149520243957493
758,1.899999999999979,0.9777609016508608,4.0,-0.0498700040359101,0.9278908976149507
759,1.9499999999999789,0.9783067561305608,4.0,-0.09726430065485704,0.8810424554757038
760,1.999999999999979,0.9790059516116262,4.0,0.04483284557170314,1.0238387971833294
761,2.0499999999999785,0.979830192819374,4.0,-0.05067245226435772,0.9291577405550163
762,2.0999999999999783,0.9807486634361736,4.0,-0.0032117704187404387,0.9775368930174332
763,2.149999999999978,0.9817301143196434,4.0,-0.060284909256660954,0.9214452050629824
764,2.199999999999978,0.9827448562764468,4.0,0.055650271428492916,1.0383951277049397
765,2.249999999999978,0.9837663778002208,4.0,-0.06904560811728147,0.9147207696829394
766,2.2999999999999776,0.9847724245361326,4.0,0.00139188662057632,0.9861643111567089
767,2.349999999999977,0.9857455038204588,4.0,-0.18397115669884498,0.8017743471216138
768,2.3999999999999773,0.98667287991739,4.0,0.006610839913340307,0.9932837198307304
769,2.449999999999977,0.9875461864143312,4.0,-0.07159548406272125,0.91595070235161
770,2.499999999999977,0.9883608012545654,4.0,0.06645824032945737,1.0548190415840228
771,2.5499999999999767,0.9891151173919712,4.0,0.03304785733913744,1.0221629747311087
772,2.599999999999977,0.989809812015573,4.0,-0.09774294353027527,0.8920668684852978
773,2.6499999999999764,0.9904471821425822,4.0,0.09678251423481159,1.0872296963773938
774,2.699999999999976,0.99103058252429,4.0,-0.09534422741692553,0.8956863551073645
775,2.749999999999976,0.99156397738221,4.0,-0.04730431953505511,0.9442596578471549
776,2.799999999999976,0.9920516013450844,4.0,0.07289845483530184,1.0649500561803862
777,2.849999999999976,0.9924977160112498,4.0,-0.011503051222170506,0.9809946647890793
778,2.8999999999999755,0.9929064449550772,4.0,-0.047782483937499745,0.9451239610175775
779,2.9499999999999758,0.9932816698430392,4.0,0.01863978791623098,1.0119214577592701
780,2.999999999999975,0.9936269720820382,4.0,0.0005158453916993553,0.9941428174737376
781,3.049999999999975,0.9939456069986952,4.0,-0.13069679527340602,0.8632488117252891
782,3.0999999999999748,0.9942405002623336,4.0,0.013277022567383065,1.0075175228297166
783,3.1499999999999746,0.9945142587475038,4.0,0.03148707115090229,1.026001329898406
784,3.1999999999999744,0.9947691901248872,4.0,0.08735786061965643,1.0821270507445435
785,3.2499999999999742,0.9950073271385838,4.0,0.028375348071623865,1.0233826752102075
786,3.299999999999974,0.995230453805452,4.0,0.02892179553837691,1.0241522493438289
787,3.349999999999974,0.9954401317185584,4.0,-0.04035764456859255,0.9550824871499658
788,3.3999999999999737,0.9956377253182234,4.0,-0.10839010107516499,0.8872476242430584
789,3.449999999999973,0.995824425472048,4.0,-0.04452087604003844,0.9513035494320096
790,3.4999999999999734,0.9960012710314572,4.0,-0.08304326830658698,0.9129580027248703
791,3.549999999999973,0.9961691682482648,4.0,-0.029754748953637222,0.9664144192946276
792,3.599999999999973,0.9963289080722908,4.0,0.004263572498085635,1.0005924805703765
793,3.649999999999973,0.9964811814340656,4.0,0.11381370601395163,1.1102948874480172
794,3.6999999999999726,0.996626592662448,4.0,-0.07834236508677886,0.9182842275756692
795,3.749999999999973,0.9967656712080464,4.0,0.04275820969530763,1.039523880903354
796,3.799999999999972,0.996898881848471,4.0,-0.07292901167468843,0.9239698701737825
797,3.849999999999972,0.997026633546691,4.0,0.1093223963747279,1.106349029921419
798,3.899999999999972,0.9971492871233376,4.0,0.016293487544848884,1.0134427746681864
799,3.949999999999972,0.9972671618903708,4.0,0.021731216075851243,1.018998377966222
800,-4.0,0.0154522636055412,5.0,-0.010747202816983329,0.0047050607885578705
801,-3.95,0.0151204531989579,5.0,0.046074402879484236,0.061194856078442134
802,-3.9,0.014842539474988,5.0,0.08587163317641189,0.10071417265139988
803,-3.850000000000001,0.0146198622702488,5.0,-0.08151675297297067,-0.06689689070272187
804,-3.8000000000000007,0.0144533250634013,5.0,0.01985592860296802,0.03430925366636932
805,-3.750000000000001,0.0143434282738143,5.0,0.09269029608809556,0.10703372436190986
806,-3.700000000000001,0.014290318606689,5.0,0.03461416501079091,0.04890448361747991
807,-3.650000000000001,0.0142938551509198,5.0,-0.0008028597573290844,0.013490995393590716
808,-3.6000000000000014,0.014353693162045,5.0,0.0796472621917366,0.0940009553537816
809,-3.5500000000000016,0.0144693865403811,5.0,0.10567980790644614,0.12014919444682724
810,-3.5000000000000018,0.0146405098134174,5.0,-0.057819037971502736,-0.04317852815808534
811,-3.450000000000002,0.0148667998869694,5.0,0.06426623164062768,0.07913303152759708
812,-3.400000000000002,0.015148316977199,5.0,-0.024180806425389275,-0.009032489448190274
813,-3.3500000000000023,0.0154856231189409,5.0,0.0019120420911565427,0.017397665210097443
814,-3.3000000000000025,0.0158799756880501,5.0,-0.019963133858923843,-0.004083158170873742
815,-3.2500000000000027,0.0163335327202818,5.0,0.004919113492881758,0.02125264621316356
816,-3.200000000000003,0.0168495666466639,5.0,-0.020839268211767792,-0.0039897015651038925
817,-3.150000000000003,0.0174326834683362,5.0,0.16019027859804927,0.17762296206638548
818,-3.100000000000003,0.0180890452851699,5.0,0.0485315290196193,0.06662057430478921
819,-3.050000000000004,0.0188265952522518,5.0,0.024555773845185362,0.04338236909743716
820,-3.000000000000004,0.0196552851443782,5.0,0.0041819885923844655,0.023837273736762664
821,-2.950000000000004,0.0205873063919599,5.0,0.0054439407860181485,0.02603124717797805
822,-2.900000000000004,0.0216373253464985,5.0,-0.10698223510810247,-0.08534490976160397
823,-2.850000000000004,0.0228227223118614,5.0,0.0506105167841756,0.073433239096037
824,-2.8000000000000043,0.0241638312672704,5.0,-0.0691797251244721,-0.0450158938572017
825,-2.7500000000000044,0.0256841730092395,5.0,0.07730270845461379,0.10298688146385329
826,-2.7000000000000046,0.0274106685505588,5.0,-0.050086443945115425,-0.022675775394556626
827,-2.650000000000005,0.0293738120802401,5.0,0.08640567285436852,0.11577948493460863
828,-2.600000000000005,0.0316077738803327,5.0,0.012854084981125898,0.0444618588614586
829,-2.550000000000005,0.0341503939128392,5.0,0.051380154060080944,0.08553054797292015
830,-2.5000000000000053,0.0370430173686701,5.0,-0.01950033866588362,0.017542678702786477
831,-2.450000000000005,0.0403301158674479,5.0,0.09555013727760314,0.13588025314505103
832,-2.4000000000000057,0.0440586343010262,5.0,0.08289423964401352,0.12695287394503973
833,-2.350000000000006,0.0482770060296952,5.0,0.02179039653674203,0.07006740256643723
834,-2.300000000000006,0.0530337908928576,5.0,0.045306483039879664,0.09834027393273725
835,-2.250000000000006,0.0583759135303661,5.0,0.13128233555727903,0.18965824908764511
836,-2.2000000000000064,0.0643465150139403,5.0,0.01594089004361353,0.08028740505755383
837,-2.1500000000000066,0.0709824781240059,5.0,0.040391493298806244,0.11137397142281215
838,-2.1000000000000068,0.0783117426172077,5.0,0.05122549016099553,0.12953723277820323
839,-2.050000000000007,0.0863505854019718,5.0,0.03939450898360382,0.12574509438557563
840,-2.000000000000007,0.0951010926764416,5.0,0.009812662808871928,0.10491375548531352
841,-1.9500000000000075,0.1045490856968786,5.0,0.0010450710348844981,0.10559415673176309
842,-1.9000000000000077,0.1146627674580222,5.0,-0.07143096952117998,0.04323179793684222
843,-1.850000000000008,0.1253923249311732,5.0,-0.007236483358204933,0.11815584157296827
844,-1.8000000000000078,0.1366706467879249,5.0,0.059106692354411156,0.19577733914233605
845,-1.750000000000008,0.1484152042188215,5.0,-0.1263318499751979,0.02208335424362362
846,-1.7000000000000082,0.1605310066572043,5.0,-0.10148395288395762,0.05904705377324668
847,-1.6500000000000083,0.1729144072241775,5.0,-0.06338992411566842,0.10952448310850908
848,-1.6000000000000083,0.1854574203047552,5.0,-0.011188238438807143,0.17426918186594806
849,-1.5500000000000087,0.1980521483135394,5.0,-0.05973845403750369,0.1383136942760357
850,-1.5000000000000089,0.2105949089421719,5.0,-0.10448337357692979,0.10611153536524211
851,-1.450000000000009,0.2229897068452283,5.0,0.024122634318875163,0.24711234116410347
852,-1.4000000000000092,0.2351507906920606,5.0,-0.023077127493603408,0.2120736631984572
853,-1.3500000000000094,0.247004155545752,5.0,-0.07440596122747947,0.17259819431827253
854,-1.3000000000000096,0.2584879681635477,5.0,0.05041131832785702,0.3088992864914047
855,-1.2500000000000098,0.2695519906079489,5.0,-0.04481334189759377,0.2247386487103551
856,-1.20000000000001,0.2801561456941216,5.0,-0.022003070809571864,0.25815307488454975
857,-1.15000000000001,0.2902684055057536,5.0,0.03183401646640111,0.3221024219721547
858,-1.1000000000000103,0.299862197974404,5.0,-0.12173122864174785,0.17813096933265615
859,-1.0500000000000105,0.3089135278703129,5.0,-0.051933617440849594,0.25697991042946333
860,-1.0000000000000109,0.3173980134594835,5.0,0.07490933270916322,0.3923073461686467
861,-0.9500000000000108,0.3252880718745874,5.0,0.13432525209653995,0.45961332397112736
862,-0.900000000000011,0.3325505842333193,5.0,0.12420712542371094,0.4567577096570302
863,-0.8500000000000112,0.3391456078852163,5.0,-0.023456766446959855,0.31568884143825643
864,-0.8000000000000114,0.3450272101476921,5.0,0.020610552219806295,0.3656377623674984
865,-0.7500000000000115,0.3501484999165108,5.0,0.04863648537413811,0.39878498529064893
866,-0.7000000000000117,0.3544747437637557,5.0,0.05391253662199217,0.4083872803857479
867,-0.6500000000000119,0.358011278478726,5.0,-0.057891503455494514,0.3001197750232315
868,-0.6000000000000121,0.3608560170204158,5.0,0.04057767651438353,0.40143369353479935
869,-0.5500000000000123,0.3632853323343333,5.0,0.0841057142219339,0.4473910465562672
870,-0.5000000000000124,0.3658626618118623,5.0,-0.04528173515956475,0.32058092665229754
871,-0.4500000000000126,0.3694850868872213,5.0,0.07598695698914616,0.44547204387636746
872,-0.4000000000000128,0.3750798935787638,5.0,0.09872513030198997,0.4738050238807538
873,-0.3500000000000129,0.3822128905031737,5.0,-0.050302688810393306,0.3319102016927804
874,-0.3000000000000131,0.3851964220536886,5.0,-0.11209495733380813,0.27310146471988045
875,-0.2500000000000133,0.3661544876551644,5.0,0.03502897630181864,0.401183463956983
876,-0.2000000000000135,0.2956389980465995,5.0,0.03825972210597026,0.3338987201525698
877,-0.1500000000000136,0.1722014698508489,5.0,0.07737569961014228,0.24957716946099118
878,-0.1000000000000138,0.0653494351737914,5.0,-0.07894842393734318,-0.013598988763551784
879,-0.050000000000014,0.0204116665249028,5.0,0.0757290722008729,0.09614073872577569
880,-1.4210854715202004e-14,0.0073720305692847,5.0,0.034959564070161216,0.04233159463944591
881,0.0499999999999856,0.0031892327765792,5.0,-0.03475540263202904,-0.03156616985544984
882,0.0999999999999854,0.0015060691293132,5.0,0.013923817999551646,0.015429887128864846
883,0.1499999999999852,0.0007068872392997,5.0,0.01689483572234809,0.017601722961647793
884,0.199999999999985,0.0002943758026287,5.0,-0.004837839175034702,-0.004543463372406002
885,0.2499999999999849,8.42690772981895e-05,5.0,-0.04853627537513158,-0.048452006297833396
886,0.2999999999999847,0.0,5.0,0.026213522086565775,0.026213522086565775
887,0.3499999999999845,1.0785333575723058e-05,5.0,-0.027682452921203176,-0.027671667587627454
888,0.3999999999999843,0.0001134663938704,5.0,-0.04386107940631577,-0.04374761301244537
889,0.4499999999999842,0.0003342268382239,5.0,-0.0006843379676517265,-0.0003501111294278265
890,0.499999999999984,0.0007487396244306,5.0,0.021144291491850212,0.02189303111628081
891,0.5499999999999838,0.0015373943060134,5.0,0.025229682078736982,0.02676707638475038
892,0.5999999999999837,0.0031340502428098,5.0,0.010548340347945717,0.013682390590755517
893,0.6499999999999835,0.0066468073681304,5.0,0.025413618306032882,0.032060425674163284
894,0.6999999999999833,0.0150324609154884,5.0,0.017661700825372138,0.03269416174086054
895,0.7499999999999831,0.0358627654321422,5.0,-0.03489896223014009,0.0009638032020021087
896,0.799999999999983,0.0848013633252181,5.0,-0.1079627755131574,-0.02316141218793931
897,0.8499999999999828,0.1805703450909976,5.0,0.029507971454475663,0.21007831654547326
898,0.8999999999999826,0.3221490916819326,5.0,0.00457893159120521,0.3267280232731378
899,0.9499999999999824,0.4781435478338641,5.0,0.03652648477344147,0.5146700326073056
900,0.9999999999999822,0.6150458349661648,5.0,-0.02396099893602267,0.5910848360301422
901,1.049999999999982,0.720094969228839,5.0,0.08685281603504723,0.8069477852638862
902,1.099999999999982,0.7961281582597886,5.0,0.0170583501952577,0.8131865084550463
903,1.1499999999999817,0.8505690887621878,5.0,-0.052383407929107347,0.7981856808330805
904,1.1999999999999815,0.8901173232841962,5.0,0.028767045649817545,0.9188843689340138
905,1.2499999999999811,0.919555436607972,5.0,0.0604845333957893,0.9800399700037613
906,1.2999999999999812,0.9419927254384448,5.0,-0.048783075622412304,0.8932096498160325
907,1.349999999999981,0.9593657556201488,5.0,-0.09169290580584313,0.8676728498143057
908,1.3999999999999808,0.972858898503246,5.0,-0.02230289376354508,0.9505560047397009
909,1.4499999999999806,0.983196014553218,5.0,-0.08679298265197441,0.8964030319012436
910,1.4999999999999805,0.990827467083806,5.0,0.09136298176524868,1.0821904488490546
911,1.5499999999999805,0.9960451531906356,5.0,-0.056038460201306164,0.9400066929893294
912,1.59999999999998,0.9990514737884736,5.0,0.07280782905447011,1.0718593028429437
913,1.64999999999998,0.9999999999999988,5.0,-0.10479490338968232,0.8952050966103164
914,1.6999999999999795,0.999019195404258,5.0,-0.061774419911960525,0.9372447754922975
915,1.7499999999999796,0.9962261516054152,5.0,-0.15469202020703274,0.8415341313983824
916,1.7999999999999794,0.9917344538077886,5.0,-0.012075871044657162,0.9796585827631314
917,1.8499999999999792,0.985658539517847,5.0,0.03988438266172315,1.0255429221795702
918,1.899999999999979,0.9781158754536924,5.0,-0.007522806407680877,0.9705930690460115
919,1.9499999999999789,0.9692276932969024,5.0,0.015909355153248445,0.9851370484501508
920,1.999999999999979,0.9591187177187896,5.0,0.06173389199135677,1.0208526097101465
921,2.0499999999999785,0.9479161738340338,5.0,0.04534614302327514,0.9932623168573089
922,2.0999999999999783,0.9357483002207442,5.0,0.04596687742246438,0.9817151776432086
923,2.149999999999978,0.922742569993202,5.0,-0.047497620549053425,0.8752449494441487
924,2.199999999999978,0.9090238077424176,5.0,0.0013373092716896552,0.9103611170141073
925,2.249999999999978,0.8947123700955978,5.0,-0.04223595195069871,0.852476418144899
926,2.2999999999999776,0.879922527606327,5.0,-0.031253036984137554,0.8486694906221895
927,2.349999999999977,0.864761147291154,5.0,0.05022295528544417,0.9149841025765982
928,2.3999999999999773,0.8493267330995962,5.0,0.09693691943172028,0.9462636525313164
929,2.449999999999977,0.833708841329506,5.0,0.0537292136981557,0.8874380550276617
930,2.499999999999977,0.8179878538952708,5.0,-0.11724406640013021,0.7007437874951407
931,2.5499999999999767,0.8022350670771622,5.0,-0.01449209293017904,0.7877429741469831
932,2.599999999999977,0.7865130377207151,5.0,-0.015982556659416766,0.7705304810612984
933,2.6499999999999764,0.7708761221052309,5.0,0.03678826536677379,0.8076643874720048
934,2.699999999999976,0.755371143198956,5.0,0.013354440997399271,0.7687255841963553
935,2.749999999999976,0.7400381277042519,5.0,-0.012611438261006809,0.7274266894432451
936,2.799999999999976,0.7249110631389115,5.0,-0.01568492580843526,0.7092261373304762
937,2.849999999999976,0.7100186354696919,5.0,0.035379157429750535,0.7453977928994424
938,2.8999999999999755,0.6953849182016493,5.0,0.10708030780736483,0.8024652260090142
939,2.9499999999999758,0.6810299934529288,5.0,-0.007570820234530793,0.673459173218398
940,2.999999999999975,0.6669704939045872,5.0,0.05125110261283962,0.7182215965174268
941,3.049999999999975,0.6532200613933892,5.0,-0.014107861666573341,0.6391121997268159
942,3.0999999999999748,0.6397897232980938,5.0,0.030226754670250065,0.6700164779683438
943,3.1499999999999746,0.6266881918672033,5.0,-0.08645110259656914,0.5402370892706341
944,3.1999999999999744,0.613922094424389,5.0,0.08910180045516504,0.7030238948795541
945,3.2499999999999742,0.6014961441671813,5.0,0.07541826487719402,0.6769144090443754
946,3.299999999999974,0.5894132622427247,5.0,0.07313756346896827,0.662550825711693
947,3.349999999999974,0.5776746621220741,5.0,0.02143253246399903,0.5991071945860731
948,3.3999999999999737,0.566279907157474,5.0,-0.01704555664098489,0.5492343505164892
949,3.449999999999973,0.5552269517243441,5.0,0.04889750424211012,0.6041244559664543
950,3.4999999999999734,0.544512175623309,5.0,0.04854341005288341,0.5930555856761924
951,3.549999999999973,0.534130420524484,5.0,0.051631466598706446,0.5857618871231904
952,3.599999999999973,0.5240750362298644,5.0,-0.07658245095937098,0.4474925852704934
953,3.649999999999973,0.5143379434430196,5.0,-0.04185981973522445,0.4724781237077952
954,3.6999999999999726,0.5049097185830185,5.0,0.14569833685083464,0.6506080554338531
955,3.749999999999973,0.4957797049621674,5.0,-0.11728606159750968,0.37849364336465774
956,3.799999999999972,0.4869361533546485,5.0,-0.023936486698308744,0.4629996666563398
957,3.849999999999972,0.4783663936011438,5.0,0.02360870894103939,0.5019751025421832
958,3.899999999999972,0.4700570374101141,5.0,-0.07668810430826123,0.3933689331018529
959,3.949999999999972,0.4619942109255694,5.0,0.027428108438470416,0.48942231936403985
960,-4.0,0.0743925711330618,6.0,-0.013804290367167956,0.06058828076589384
961,-3.95,0.0714736737366281,6.0,-0.045103391042030955,0.02637028269459714
962,-3.9,0.0688035817880283,6.0,0.03382913844162955,0.10263272022965785
963,-3.850000000000001,0.0664403273025345,6.0,-0.064442913590717,0.001997413711817511
964,-3.8000000000000007,0.0644490172677613,6.0,0.02882915843229313,0.09327817570005442
965,-3.750000000000001,0.0629023853337704,6.0,-0.03533724798255186,0.027565137351218544
966,-3.700000000000001,0.0618814676961904,6.0,0.018592572750043196,0.0804740404462336
967,-3.650000000000001,0.0614764318572245,6.0,0.017178480480337145,0.07865491233756164
968,-3.6000000000000014,0.061787526359214,6.0,0.006179187840690877,0.06796671419990488
969,-3.5500000000000016,0.0629260079283108,6.0,-0.019749703431698996,0.0431763044966118
970,-3.5000000000000018,0.0650147290157189,6.0,0.008589043340272481,0.07360377235599139
971,-3.450000000000002,0.0681878328393722,6.0,0.05455926159892565,0.12274709443829784
972,-3.400000000000002,0.0725887288753795,6.0,0.02361240104975667,0.09620112992513616
973,-3.3500000000000023,0.0783652830820163,6.0,0.03654566106587904,0.11491094414789535
974,-3.3000000000000025,0.0856611073885697,6.0,0.08076404535046788,0.16642515273903757
975,-3.2500000000000027,0.0946022163150493,6.0,-0.012770506209556949,0.08183171010549234
976,-3.200000000000003,0.105279406413788,6.0,-0.03398864995514452,0.07129075645864347
977,-3.150000000000003,0.1177285947826462,6.0,-0.0015370197551003945,0.1161915750275458
978,-3.100000000000003,0.1319135713575782,6.0,0.034919117937340066,0.16683268929491826
979,-3.050000000000004,0.1477169045667099,6.0,-0.023162310657195713,0.1245545939095142
980,-3.000000000000004,0.1649433713762029,6.0,0.02077261804151126,0.18571598941771417
981,-2.950000000000004,0.183335559079308,6.0,0.07846326750211755,0.26179882658142556
982,-2.900000000000004,0.2025953697136699,6.0,0.01754466299869475,0.22014003271236465
983,-2.850000000000004,0.222402870405004,6.0,0.09425567074084033,0.31665854114584435
984,-2.8000000000000043,0.2424286277796767,6.0,0.05399606628519596,0.29642469406487265
985,-2.7500000000000044,0.2623441502653543,6.0,-0.03938384847146255,0.22296030179389176
986,-2.7000000000000046,0.2818387361863612,6.0,0.03427565497885514,0.31611439116521634
987,-2.650000000000005,0.3006449320628483,6.0,-0.04451060383369365,0.25613432822915466
988,-2.600000000000005,0.3185645001445056,6.0,-0.03455716902653029,0.2840073311179753
989,-2.550000000000005,0.3354828158497784,6.0,-0.024491014772213236,0.3109918010775652
990,-2.5000000000000053,0.3513655889980815,6.0,0.050939537432960084,0.4023051264310416
991,-2.450000000000005,0.3662414172009388,6.0,-0.1026034532392307,0.2636379639617081
992,-2.4000000000000057,0.3801789824653936,6.0,-0.10456576325224931,0.2756132192131443
993,-2.350000000000006,0.3932666739538938,6.0,0.0591317208356449,0.4523983947895387
994,-2.300000000000006,0.4055982380714997,6.0,0.07522495156289975,0.48082318963439946
995,-2.250000000000006,0.4172643213947215,6.0,0.008687268290781463,0.425951589685503
996,-2.2000000000000064,0.4283478968391652,6.0,0.035836787244646354,0.4641846840838115
997,-2.1500000000000066,0.4389212023882828,6.0,-0.08767920027433213,0.3512420021139507
998,-2.1000000000000068,0.4490421691657409,6.0,0.01940055691776653,0.46844272608350745
999,-2.050000000000007,0.4587488502870557,6.0,0.05474220766018852,0.5134910579472443
1000,-2.000000000000007,0.4680509377348379,6.0,0.0419512355725984,0.5100021733074364
1001,-1.9500000000000075,0.4769181073580048,6.0,0.01895997740839573,0.4958780847664005
1002,-1.9000000000000077,0.4852656634919507,6.0,-0.03307178931920619,0.45219387417274454
1003,-1.850000000000008,0.4929385944569197,6.0,-0.015490832975822237,0.47744776148109747
1004,-1.8000000000000078,0.4996953433067946,6.0,-0.0300338373660035,0.4696615059407911
1005,-1.750000000000008,0.5051919544589916,6.0,0.06409689796466675,0.5692888524236583
1006,-1.7000000000000082,0.5089656662754743,6.0,0.05997744988695366,0.568943116162428
1007,-1.6500000000000083,0.5104150606749047,6.0,-0.13821880440218196,0.3721962562727228
1008,-1.6000000000000083,0.5087732354683512,6.0,0.011896030443919984,0.5206692659122711
1009,-1.5500000000000087,0.5030744186069476,6.0,0.014432087798797595,0.5175065064057451
1010,-1.5000000000000089,0.4921285665499034,6.0,0.012819960439764253,0.5049485269896676
1011,-1.450000000000009,0.4745500618039986,6.0,-0.019352568233290273,0.4551974935707083
1012,-1.4000000000000092,0.4489358937248467,6.0,0.002917475856260961,0.45185336958110767
1013,-1.3500000000000094,0.4143184820249525,6.0,0.03389069780723533,0.4482091798321878
1014,-1.3000000000000096,0.3709122590231286,6.0,-0.007885085084609195,0.36302717393851935
1015,-1.2500000000000098,0.3208110467132944,6.0,-0.0017410762954514518,0.31906997041784296
1016,-1.20000000000001,0.2679202378786196,6.0,0.08207197051280067,0.3499922083914203
1017,-1.15000000000001,0.2167657546781935,6.0,-0.017665227988924146,0.19910052668926936
1018,-1.1000000000000103,0.1709264775949668,6.0,0.07844169723388292,0.2493681748288497
1019,-1.0500000000000105,0.1322194190498202,6.0,-0.019707175652525933,0.11251224339729428
1020,-1.0000000000000109,0.1008759190806852,6.0,0.004203345343738962,0.10507926442442417
1021,-0.9500000000000108,0.0761662511700465,6.0,-0.04456580449010634,0.03160044667994016
1022,-0.900000000000011,0.0569764126543878,6.0,-0.030494159538729956,0.02648225311565784
1023,-0.8500000000000112,0.0421697775002792,6.0,-0.019967522628424557,0.02220225487185464
1024,-0.8000000000000114,0.030757258814942,6.0,0.07169535402699494,0.10245261284193694
1025,-0.7500000000000115,0.0219480620690882,6.0,0.15086671126969506,0.17281477333878326
1026,-0.7000000000000117,0.0151420142781869,6.0,-0.028316426906021253,-0.013174412627834354
1027,-0.6500000000000119,0.0099010406818663,6.0,-0.0030152365649101513,0.0068858041169561485
1028,-0.6000000000000121,0.0059187793309652,6.0,-0.024578914448021134,-0.018660135117055936
1029,-0.5500000000000123,0.00299650984112,6.0,-0.023586472266550872,-0.02058996242543087
1030,-0.5000000000000124,0.0010286978798561,6.0,-0.07827787236506598,-0.07724917448520988
1031,-0.4500000000000126,3.560896186912161e-07,6.0,0.017372528765988392,0.017372884855607083
1032,-0.4000000000000128,0.0,6.0,-0.04886129263875777,-0.04886129263875777
1033,-0.3500000000000129,0.0012565211595748,6.0,0.06658674388835963,0.06784326504793442
1034,-0.3000000000000131,0.0042177603907487,6.0,-0.03216623005237299,-0.027948469661624294
1035,-0.2500000000000133,0.0097066281939935,6.0,0.07478477214409948,0.08449140033809298
1036,-0.2000000000000135,0.0192181468850177,6.0,-0.000348973826285972,0.018869173058731727
1037,-0.1500000000000136,0.0354230211818707,6.0,-0.01707709053444344,0.018345930647427258
1038,-0.1000000000000138,0.0627122452003543,6.0,0.02370623615511135,0.08641848135546565
1039,-0.050000000000014,0.1065684930615854,6.0,0.0658808891998532,0.1724493822614386
1040,-1.4210854715202004e-14,0.1690437502819732,6.0,0.010631642672980621,0.1796753929549538
1041,0.0499999999999856,0.2413844935372656,6.0,-0.01358872645372993,0.22779576708353566
1042,0.0999999999999854,0.3042469721255049,6.0,0.0009206600130107481,0.3051676321385156
1043,0.1499999999999852,0.3391528447135887,6.0,-0.04300384597011431,0.2961489987434744
1044,0.199999999999985,0.3398794955764713,6.0,-0.020879092651055014,0.31900040292541626
1045,0.2499999999999849,0.3145269061040286,6.0,0.07746715577106542,0.391994061875094
1046,0.2999999999999847,0.2785745630358325,6.0,0.03941425253879547,0.317988815574628
1047,0.3499999999999845,0.2460466962442128,6.0,0.024444604602834517,0.2704913008470473
1048,0.3999999999999843,0.2256840905054615,6.0,-0.012829103500500282,0.21285498700496122
1049,0.4499999999999842,0.2228680663504702,6.0,-0.009009386549808233,0.21385867980066198
1050,0.499999999999984,0.2436326371643301,6.0,0.005531160680402646,0.24916379784473275
1051,0.5499999999999838,0.2974524765771646,6.0,-0.0246750103684488,0.2727774662087158
1052,0.5999999999999837,0.393094171708618,6.0,0.052794374916127235,0.4458885466247452
1053,0.6499999999999835,0.5177699880400782,6.0,-0.04699553882077233,0.4707744492193059
1054,0.6999999999999833,0.6292578968079677,6.0,0.030534696923476615,0.6597925937314444
1055,0.7499999999999831,0.7112443119839935,6.0,-0.05330504520855007,0.6579392667754435
1056,0.799999999999983,0.7778631034469358,6.0,0.01631161272934283,0.7941747161762786
1057,0.8499999999999828,0.8308969919063923,6.0,0.006305454509197952,0.8372024464155903
1058,0.8999999999999826,0.8693985445996444,6.0,-0.04228668656723582,0.8271118580324086
1059,0.9499999999999824,0.8964433266749463,6.0,0.13317264175967095,1.0296159684346173
1060,0.9999999999999822,0.9157759069422572,6.0,0.03228991735792191,0.948065824300179
1061,1.049999999999982,0.9301878471007672,6.0,-0.01749112263196021,0.912696724468807
1062,1.099999999999982,0.9414817272465036,6.0,-0.1627246187611422,0.7787571084853614
1063,1.1499999999999817,0.950765348615335,6.0,-0.08320771170519144,0.8675576369101435
1064,1.1999999999999815,0.9587019453053452,6.0,0.02139515453359543,0.9800970998389407
1065,1.2499999999999811,0.9656751130706454,6.0,-0.11254254850601314,0.8531325645646322
1066,1.2999999999999812,0.9718923989376624,6.0,-0.059358995506963615,0.9125334034306988
1067,1.349999999999981,0.9774517933601136,6.0,-0.05799281895309805,0.9194589744070155
1068,1.3999999999999808,0.9823865792446982,6.0,-0.07208612349535877,0.9103004557493394
1069,1.4499999999999806,0.9866970421530464,6.0,0.04684116435754164,1.033538206510588
1070,1.4999999999999805,0.9903732587650004,6.0,-0.06591450206466917,0.9244587567003312
1071,1.5499999999999805,0.9934108082331669,6.0,-0.06569428361682865,0.9277165246163382
1072,1.59999999999998,0.9958201858182684,6.0,-0.007990017854777143,0.9878301679634912
1073,1.64999999999998,0.9976305532937816,6.0,0.04077389421552492,1.0384044475093066
1074,1.6999999999999795,0.9988888460780448,6.0,0.011271906986680891,1.0101607530647256
1075,1.7499999999999796,0.999655719938622,6.0,0.1158189408506015,1.1154746607892234
1076,1.7999999999999794,0.999999999999999,6.0,0.0008194882290247415,1.0008194882290238
1077,1.8499999999999792,0.9999930805560672,6.0,0.011248752291766854,1.011241832847834
1078,1.899999999999979,0.9997042416914036,6.0,-0.021146045513663635,0.97855819617774
1079,1.9499999999999789,0.9991973152023724,6.0,-0.09408530240726422,0.9051120127951082
1080,1.999999999999979,0.9985287147732704,6.0,-0.022436285955554185,0.9760924288177163
1081,2.0499999999999785,0.9977466053575942,6.0,-0.01192943768866845,0.9858171676689257
1082,2.0999999999999783,0.9968909021158276,6.0,-0.04304120713170827,0.9538496949841194
1083,2.149999999999978,0.9959938030623138,6.0,0.05173826687684355,1.0477320699391572
1084,2.199999999999978,0.9950806176242586,6.0,-0.03933054608765696,0.9557500715366016
1085,2.249999999999978,0.9941707200169538,6.0,0.0262445479465998,1.0204152679635536
1086,2.2999999999999776,0.9932785144809168,6.0,-0.07558683070792573,0.917691683772991
1087,2.349999999999977,0.9924143438709636,6.0,-0.035737922066664436,0.9566764218042991
1088,2.3999999999999773,0.9915853045655572,6.0,-0.060237099211648916,0.9313482053539083
1089,2.449999999999977,0.9907959518361312,6.0,0.016280430600212916,1.0070763824363442
1090,2.499999999999977,0.9900488934165204,6.0,-0.04874993626408633,0.9412989571524341
1091,2.5499999999999767,0.989345277257062,6.0,0.023835866752244268,1.0131811440093064
1092,2.599999999999977,0.988685183984177,6.0,0.038289800322207475,1.0269749843063845
1093,2.6499999999999764,0.9880679366115136,6.0,-0.022818530338715788,0.9652494062727978
1094,2.699999999999976,0.9874923404314164,6.0,0.0002209091575113734,0.9877132495889278
1095,2.749999999999976,0.9869568653840136,6.0,0.058401240507421646,1.0453581058914352
1096,2.799999999999976,0.9864597820037112,6.0,0.017356325638352998,1.0038161076420642
1097,2.849999999999976,0.9859992605893664,6.0,0.11414622864351243,1.1001454892328788
1098,2.8999999999999755,0.985573441739026,6.0,0.08185188865494916,1.0674253303939751
1099,2.9499999999999758,0.9851804849583956,6.0,0.039338283624737916,1.0245187685831336
1100,2.999999999999975,0.98481860076266,6.0,0.0496893507553004,1.0345079515179605
1101,3.049999999999975,0.984486070573827,6.0,0.08213342415099266,1.0666194947248195
1102,3.0999999999999748,0.9841812577751616,6.0,0.021157330063093397,1.005338587838255
1103,3.1499999999999746,0.9839026125105468,6.0,0.007278083021841779,0.9911806955323885
1104,3.1999999999999744,0.9836486721919876,6.0,0.07879056090414814,1.0624392330961356
1105,3.2499999999999742,0.9834180591822408,6.0,0.10162772883168708,1.085045788013928
1106,3.299999999999974,0.9832094767307772,6.0,-0.09409189184440175,0.8891175848863755
1107,3.349999999999974,0.9830217039406212,6.0,0.012928931539672922,0.995950635480294
1108,3.3999999999999737,0.982853590313892,6.0,0.055223137831161485,1.0380767281450534
1109,3.449999999999973,0.9827040502505324,6.0,-0.0033055140177956914,0.9793985362327368
1110,3.4999999999999734,0.9825720577456416,6.0,0.017551472491818116,1.0001235302374598
1111,3.549999999999973,0.9824566414360796,6.0,0.013427703166370146,0.9958843446024497
1112,3.599999999999973,0.9823568800787188,6.0,0.042371548754178034,1.0247284288328968
1113,3.649999999999973,0.9822718984945232,6.0,-0.12376860590793247,0.8585032925865907
1114,3.6999999999999726,0.9822008639796144,6.0,-0.1004068017080191,0.8817940622715953
1115,3.749999999999973,0.9821429831627648,6.0,0.08781062193370562,1.0699536050964704
1116,3.799999999999972,0.9820974992753716,6.0,0.006196217769983645,0.9882937170453553
1117,3.849999999999972,0.9820636897925952,6.0,-0.04334604303495183,0.9387176467576434
1118,3.899999999999972,0.9820408644012908,6.0,0.0324863010965181,1.014527165497809
1119,3.949999999999972,0.9820283632502476,6.0,-0.06004578373113243,0.9219825795191151
1120,-4.0,0.8077273756903356,7.0,0.04022082737919696,0.8479482030695326
1121,-3.95,0.8144590158043699,7.0,-0.07077105323917829,0.7436879625651915
1122,-3.9,0.821441348913806,7.0,-0.023678008485668357,0.7977633404281377
1123,-3.850000000000001,0.8286624409362928,7.0,0.035057651880194086,0.8637200928164869
1124,-3.8000000000000007,0.836107539189002,7.0,0.024355977290566214,0.8604635164795683
1125,-3.750000000000001,0.8437588444387086,7.0,-0.010635500828196006,0.8331233436105127
1126,-3.700000000000001,0.8515953169507582,7.0,-0.028235650690064836,0.8233596662606933
1127,-3.650000000000001,0.859592531751147,7.0,0.0041736763987025235,0.8637662081498495
1128,-3.6000000000000014,0.8677225994658914,7.0,-0.04397573199351781,0.8237468674723736
1129,-3.5500000000000016,0.8759541693025413,7.0,-0.01552038333401927,0.860433785968522
1130,-3.5000000000000018,0.8842525296293865,7.0,-0.0016908568819361976,0.8825616727474503
1131,-3.450000000000002,0.8925798188519954,7.0,-0.06649437913719194,0.8260854397148035
1132,-3.400000000000002,0.9008953546324951,7.0,-0.02002446036027174,0.8808708942722234
1133,-3.3500000000000023,0.9091560828495076,7.0,-0.12154159152109184,0.7876144913284158
1134,-3.3000000000000025,0.9173171391878608,7.0,0.029880740941924878,0.9471978801297857
1135,-3.2500000000000027,0.9253325062884824,7.0,0.004790385695405651,0.9301228919838881
1136,-3.200000000000003,0.9331557386834924,7.0,0.013242916731666712,0.9463986554151591
1137,-3.150000000000003,0.9407407172382952,7.0,0.10257001929177086,1.043310736530066
1138,-3.100000000000003,0.9480423855972036,7.0,0.13442753276736863,1.082469918364572
1139,-3.050000000000004,0.9550174141979074,7.0,-0.0102859821516863,0.9447314320462211
1140,-3.000000000000004,0.9616247335071996,7.0,0.06167020014630706,1.0232949336535067
1141,-2.950000000000004,0.9678258774335368,7.0,-0.04527423411409871,0.9225516433194381
1142,-2.900000000000004,0.9735850798832568,7.0,0.035191844548724385,1.0087769244319813
1143,-2.850000000000004,0.9788690708609364,7.0,0.03037161926682083,1.0092406901277573
1144,-2.8000000000000043,0.983646521381748,7.0,0.11878802106074804,1.102434542442496
1145,-2.7500000000000044,0.9878870862992112,7.0,-0.13738477173859717,0.850502314560614
1146,-2.7000000000000046,0.9915599883726216,7.0,-0.024969012075348487,0.9665909762972731
1147,-2.650000000000005,0.9946320732773068,7.0,0.04231032458432255,1.0369423978616295
1148,-2.600000000000005,0.9970652425432712,7.0,-0.015355807467684796,0.9817094350755864
1149,-2.550000000000005,0.9988131402376544,7.0,0.013563713740253948,1.0123768539779083
1150,-2.5000000000000053,0.9998169337491548,7.0,-0.03580186913461049,0.9640150646145443
1151,-2.450000000000005,0.9999999999999988,7.0,-0.08215930117443776,0.917840698825561
1152,-2.4000000000000057,0.9992613284746424,7.0,-0.05314714603803168,0.9461141824366107
1153,-2.350000000000006,0.9974675248993164,7.0,0.09873758980028668,1.096205114699603
1154,-2.300000000000006,0.9944435193069052,7.0,-0.02808665248735597,0.9663568668195492
1155,-2.250000000000006,0.9899625644061476,7.0,0.07246776537550566,1.0624303297816533
1156,-2.2000000000000064,0.983736997403404,7.0,-0.05705136259598821,0.9266856348074158
1157,-2.1500000000000066,0.9754126380093738,7.0,-0.11000076888206982,0.8654118691273041
1158,-2.1000000000000068,0.9645715291962066,7.0,-0.02834915328162842,0.9362223759145781
1159,-2.050000000000007,0.9507495084822496,7.0,0.0669840181458515,1.0177335266281011
1160,-2.000000000000007,0.9334757707270644,7.0,-0.007437121335166643,0.9260386493918978
1161,-1.9500000000000075,0.912339643452284,7.0,0.047128462952969484,0.9594681064052535
1162,-1.9000000000000077,0.8870836476044593,7.0,0.07210561600442972,0.959189263608889
1163,-1.850000000000008,0.8577100700628227,7.0,-0.0738250838505093,0.7838849862123134
1164,-1.8000000000000078,0.8245699311233557,7.0,-0.06358800478680098,0.7609819263365548
1165,-1.750000000000008,0.7883821275894359,7.0,0.11094198069787313,0.899324108287309
1166,-1.7000000000000082,0.7501220402248888,7.0,-0.03575464404634896,0.7143673961785398
1167,-1.6500000000000083,0.7107481675811496,7.0,-0.04117543642718421,0.6695727311539653
1168,-1.6000000000000083,0.6708132738336391,7.0,-0.023554778956280862,0.6472584948773582
1169,-1.5500000000000087,0.6301037992966817,7.0,0.09318412492835913,0.7232879242250408
1170,-1.5000000000000089,0.5875146834025312,7.0,0.029173540378533175,0.6166882237810644
1171,-1.450000000000009,0.5413649811833663,7.0,0.03588883900777084,0.5772538201911371
1172,-1.4000000000000092,0.4902729742910078,7.0,0.048232791815881075,0.5385057661068888
1173,-1.3500000000000094,0.4344468132731416,7.0,-0.017285513033880658,0.41716130023926096
1174,-1.3000000000000096,0.3767073043740984,7.0,0.0007073015778765625,0.37741460595197496
1175,-1.2500000000000098,0.3221341437615697,7.0,0.039103824478691526,0.3612379682402612
1176,-1.20000000000001,0.2759955858720289,7.0,0.19288067420715435,0.46887626007918326
1177,-1.15000000000001,0.2414450853206291,7.0,0.061999574008767384,0.3034446593293965
1178,-1.1000000000000103,0.2187932842133169,7.0,-0.06183249707813777,0.15696078713517914
1179,-1.0500000000000105,0.2063327920375315,7.0,-0.16154302142681648,0.04478977061071501
1180,-1.0000000000000109,0.2015219654430736,7.0,-0.04921921519942527,0.15230275024364834
1181,-0.9500000000000108,0.2018154107539828,7.0,-0.03222097022630834,0.16959444052767444
1182,-0.900000000000011,0.2050934709383209,7.0,0.029743112577469713,0.23483658351579062
1183,-0.8500000000000112,0.2098131726186611,7.0,0.06472525631801235,0.27453842893667346
1184,-0.8000000000000114,0.2149796092462113,7.0,0.001329989651809153,0.21630959889802046
1185,-0.7500000000000115,0.2200248237381923,7.0,-0.09993036976749325,0.12009445397069904
1186,-0.7000000000000117,0.2246676148389868,7.0,-0.09687561698669106,0.12779199785229575
1187,-0.6500000000000119,0.2287966921094378,7.0,-0.002469336739002084,0.22632735537043572
1188,-0.6000000000000121,0.232389526846288,7.0,-0.05948044884622056,0.17290907800006744
1189,-0.5500000000000123,0.2354626191886366,7.0,0.09150548495206431,0.3269681041407009
1190,-0.5000000000000124,0.2380440239376347,7.0,-0.00650892197482504,0.2315351019628097
1191,-0.4500000000000126,0.2401598446221034,7.0,0.008021805096097649,0.24818164971820106
1192,-0.4000000000000128,0.2418288170896949,7.0,-0.030219297963196556,0.21160951912649834
1193,-0.3500000000000129,0.2430612753923031,7.0,-0.012192571456260293,0.2308687039360428
1194,-0.3000000000000131,0.2438602967016318,7.0,0.011861186427287071,0.2557214831289189
1195,-0.2500000000000133,0.2442237361247446,7.0,0.03455908663441041,0.278782822759155
1196,-0.2000000000000135,0.2441463688146008,7.0,0.021957170185206137,0.26610353899980693
1197,-0.1500000000000136,0.2436216117062033,7.0,-0.021690319443236246,0.22193129226296707
1198,-0.1000000000000138,0.2426424109052236,7.0,-0.07565556233860224,0.16698684856662135
1199,-0.050000000000014,0.2412009322851282,7.0,0.03475774708026368,0.27595867936539187
1200,-1.4210854715202004e-14,0.2392867487919668,7.0,0.11157262411561779,0.35085937290758457
1201,0.0499999999999856,0.2368833456417715,7.0,-0.07927325485622048,0.157610090785551
1202,0.0999999999999854,0.2339630358274649,7.0,-0.0180187712941101,0.2159442645333548
1203,0.1499999999999852,0.2304808611828848,7.0,0.043898427420317555,0.2743792886032024
1204,0.199999999999985,0.2263687913128109,7.0,-0.014784977987800563,0.21158381332501033
1205,0.2499999999999849,0.2215325057560855,7.0,-0.026863120495703465,0.19466938526038202
1206,0.2999999999999847,0.2158541262388976,7.0,0.06319533461290874,0.2790494608518064
1207,0.3499999999999845,0.209205161047885,7.0,0.06941082060203162,0.27861598164991663
1208,0.3999999999999843,0.2014741168968707,7.0,-0.0013010445920265924,0.2001730723048441
1209,0.4499999999999842,0.1926119521161717,7.0,-0.057478734674455384,0.1351332174417163
1210,0.499999999999984,0.182694536150417,7.0,0.04566035518901792,0.22835489133943493
1211,0.5499999999999838,0.1719911138000227,7.0,-0.13217364788581115,0.039817465914211536
1212,0.5999999999999837,0.1610003524387687,7.0,-0.035370829071651386,0.1256295233671173
1213,0.6499999999999835,0.1503547068257494,7.0,-0.017451242659660846,0.13290346416608856
1214,0.6999999999999833,0.1404515296751506,7.0,0.020739444361065427,0.16119097403621602
1215,0.7499999999999831,0.1308857113070351,7.0,0.0012984300676819852,0.1321841413747171
1216,0.799999999999983,0.1202982293419315,7.0,0.10314519460009149,0.223443423942023
1217,0.8499999999999828,0.1072393169589697,7.0,0.023044831368917107,0.13028414832788682
1218,0.8999999999999826,0.0914925469056868,7.0,-0.04954717098031026,0.04194537592537654
1219,0.9499999999999824,0.0745751975111109,7.0,0.05736192824177128,0.1319371257528822
1220,0.9999999999999822,0.0589125926671476,7.0,-0.04195897888702837,0.016953613780119232
1221,1.049999999999982,0.0463741980761542,7.0,-0.06706950684695163,-0.020695308770797435
1222,1.099999999999982,0.0373805030478688,7.0,-0.09707630406623963,-0.059695801018370825
1223,1.1499999999999817,0.0311720112764594,7.0,-0.034942410447664767,-0.0037703991712053665
1224,1.1999999999999815,0.0266701351836887,7.0,0.0826109966337356,0.1092811318174243
1225,1.2499999999999811,0.0230714390766364,7.0,0.03624979708080567,0.05932123615744207
1226,1.2999999999999812,0.0199493777826428,7.0,-0.037813738406187916,-0.017864360623545118
1227,1.349999999999981,0.0171258948700211,7.0,-0.02702862358870261,-0.00990272871868151
1228,1.3999999999999808,0.0145439131067232,7.0,-0.03963564961908595,-0.025091736512362753
1229,1.4499999999999806,0.0121957985967868,7.0,-0.0673868224854067,-0.0551910238886199
1230,1.4999999999999805,0.0100894685410457,7.0,0.003479506307881763,0.013568974848927464
1231,1.5499999999999805,0.0082327335696851,7.0,-0.08751527334191628,-0.07928253977223118
1232,1.59999999999998,0.006626682451082,7.0,0.039864925349995556,0.046491607801077556
1233,1.64999999999998,0.0052640471342729,7.0,-0.09864747488886222,-0.09338342775458931
1234,1.6999999999999795,0.0041302143563557,7.0,0.00127513087778561,0.00540534523414131
1235,1.7499999999999796,0.0032053228003856,7.0,-0.07489398078283248,-0.07168865798244688
1236,1.7999999999999794,0.002466487053116,7.0,-0.04134520532057549,-0.03887871826745949
1237,1.8499999999999792,0.0018896787563707,7.0,0.06261191448255803,0.06450159323892872
1238,1.899999999999979,0.0014511236261998,7.0,0.014477868233631452,0.01592899185983125
1239,1.9499999999999789,0.0011282459260845,7.0,0.057766681122740034,0.058894927048824534
1240,1.999999999999979,0.0009002548956039,7.0,0.11551173791928479,0.11641199281488869
1241,2.0499999999999785,0.0007484706542141,7.0,0.0679489039373672,0.0686973745915813
1242,2.0999999999999783,0.0006564669356112,7.0,0.031776780947384856,0.03243324788299606
1243,2.149999999999978,0.0006100851631511,7.0,-0.11319902773108637,-0.11258894256793527
1244,2.199999999999978,0.0005973571033165,7.0,-0.07548237402505678,-0.07488501692174028
1245,2.249999999999978,0.0006083627980701,7.0,-0.018068954601234782,-0.01746059180316468
1246,2.2999999999999776,0.0006350448215665,7.0,0.011440145323727923,0.012075190145294424
1247,2.349999999999977,0.0006709967385702,7.0,-0.026452314141339417,-0.025781317402769215
1248,2.3999999999999773,0.0007112411847296,7.0,-0.06510204089334197,-0.06439079970861238
1249,2.449999999999977,0.0007520103568015,7.0,0.07493211394546662,0.07568412430226812
1250,2.499999999999977,0.0007905387186832,7.0,-0.08630414547450195,-0.08551360675581875
1251,2.5499999999999767,0.000824874612358,7.0,0.03272267167615391,0.03354754628851191
1252,2.599999999999977,0.000853714539122,7.0,-0.0975180893155411,-0.09666437477641909
1253,2.6499999999999764,0.0008762614134426,7.0,-0.04318343561005746,-0.04230717419661486
1254,2.699999999999976,0.0008921062299174,7.0,-0.041656816783913704,-0.0407647105539963
1255,2.749999999999976,0.0009011313390207,7.0,-0.0057600907760218855,-0.004858959437001186
1256,2.799999999999976,0.000903432827583,7.0,0.0416147382092772,0.042518171036860196
1257,2.849999999999976,0.0008992592282408,7.0,0.031189721313515804,0.0320889805417566
1258,2.8999999999999755,0.0008889638115608,7.0,0.07437587521024834,0.07526483902180914
1259,2.9499999999999758,0.0008729679311079,7.0,-0.02323886163985378,-0.02236589370874588
1260,2.999999999999975,0.0008517332047899,7.0,0.007068554310490819,0.007920287515280719
1261,3.049999999999975,0.0008257406606406,7.0,-0.007502925054422534,-0.006677184393781934
1262,3.0999999999999748,0.0007954753101944,7.0,-0.08508504925957641,-0.08428957394938201
1263,3.1499999999999746,0.0007614149144993,7.0,0.06192421087138469,0.06268562578588399
1264,3.1999999999999744,0.0007240219663867,7.0,-0.07420568977634265,-0.07348166780995595
1265,3.2499999999999742,0.0006837381261624,7.0,-0.037537718811125054,-0.03685398068496265
1266,3.299999999999974,0.0006409805195579,7.0,-0.07470326535461493,-0.07406228483505703
1267,3.349999999999974,0.000596139442128,7.0,0.0077460043721983025,0.008342143814326302
1268,3.3999999999999737,0.0005495771195193,7.0,-0.1002564264654435,-0.09970684934592419
1269,3.449999999999973,0.0005016272541652,7.0,0.10031521505861553,0.10081684231278072
1270,3.4999999999999734,0.0004525951512259,7.0,-0.05699112127219393,-0.05653852612096803
1271,3.549999999999973,0.0004027582643647,7.0,-0.029445403325020672,-0.029042645060655972
1272,3.599999999999973,0.0003523670386838,7.0,-0.08746916520793581,-0.08711679816925201
1273,3.649999999999973,0.0003016459565245,7.0,0.0166226864270803,0.0169243323836048
1274,3.6999999999999726,0.0002507947138883,7.0,0.08270948804304698,0.08296028275693527
1275,3.749999999999973,0.0001999894724729,7.0,0.008423249989641602,0.008623239462114502
1276,3.799999999999972,0.0001493841458573,7.0,0.010911013536584628,0.011060397682441929
1277,3.849999999999972,9.91116890325252e-05,7.0,-0.09723431951688549,-0.09713520782785297
1278,3.899999999999972,4.92853689029094e-05,7.0,0.11011942485692637,0.11016871022582927
1279,3.949999999999972,0.0,7.0,0.0003750039300633317,0.0003750039300633317
1280,-4.0,0.4981040863446425,8.0,-0.021179640297041235,0.47692444604760126
1281,-3.95,0.5071602618739293,8.0,0.024950956989490916,0.5321112188634202
1282,-3.9,0.5166197482907038,8.0,0.11715059490640682,0.6337703431971106
1283,-3.850000000000001,0.5264844159718741,8.0,0.0349696977488823,0.5614541137207564
1284,-3.8000000000000007,0.5367537008371089,8.0,-0.013998916997375113,0.5227547838397338
1285,-3.750000000000001,0.5474242922767057,8.0,0.08894241650473349,0.6363667087814392
1286,-3.700000000000001,0.5584898297007803,8.0,0.10535520435674411,0.6638450340575244
1287,-3.650000000000001,0.5699406191431162,8.0,-0.10830202312237358,0.46163859602074264
1288,-3.6000000000000014,0.5817633829150782,8.0,-0.007700440357971219,0.574062942557107
1289,-3.5500000000000016,0.5939410564518579,8.0,-0.06710184696155297,0.5268392094903049
1290,-3.5000000000000018,0.6064526470207147,8.0,-0.011738955491352026,0.5947136915293626
1291,-3.450000000000002,0.6192731686654614,8.0,0.045309668138054586,0.664582836803516
1292,-3.400000000000002,0.6323736664656555,8.0,-0.03723079932385292,0.5951428671418026
1293,-3.3500000000000023,0.645721340770188,8.0,-0.026524178964486826,0.6191971618057012
1294,-3.3000000000000025,0.6592797784867143,8.0,0.00370433674866555,0.6629841152353798
1295,-3.2500000000000027,0.6730092938471232,8.0,-0.016430188263058698,0.6565791055840644
1296,-3.200000000000003,0.686867375531739,8.0,-0.04152538672284688,0.6453419888088922
1297,-3.150000000000003,0.7008092309607522,8.0,0.03520349497910186,0.7360127259398541
1298,-3.100000000000003,0.7147884124049427,8.0,0.1218650745440202,0.8366534869489629
1299,-3.050000000000004,0.7287575038612764,8.0,-0.12510573390987612,0.6036517699514002
1300,-3.000000000000004,0.7426688429362188,8.0,-0.0362392747362089,0.7064295682000099
1301,-2.950000000000004,0.7564752487900366,8.0,0.05426605867783873,0.8107413074678753
1302,-2.900000000000004,0.7701307259179738,8.0,-0.011480304756889383,0.7586504211610844
1303,-2.850000000000004,0.7835911144121723,8.0,-0.010053597156162497,0.7735375172560098
1304,-2.8000000000000043,0.7968146603960609,8.0,0.01069793017373124,0.8075125905697921
1305,-2.7500000000000044,0.8097624853802577,8.0,-0.034123344461106625,0.7756391409191511
1306,-2.7000000000000046,0.8223989400022781,8.0,-0.12451255835578502,0.6978863816464931
1307,-2.650000000000005,0.8346918354874413,8.0,0.009688723769823555,0.8443805592572649
1308,-2.600000000000005,0.8466125546238941,8.0,0.07734001808254294,0.923952572706437
1309,-2.550000000000005,0.8581360524615191,8.0,-0.022032143043019627,0.8361039094184995
1310,-2.5000000000000053,0.8692407647024034,8.0,-0.008484223526210312,0.860756541176193
1311,-2.450000000000005,0.8799084482436612,8.0,-0.06616088544371894,0.8137475627999423
1312,-2.4000000000000057,0.8901239829684077,8.0,-0.0150187131767783,0.8751052697916294
1313,-2.350000000000006,0.8998751660667625,8.0,-0.01509881792773129,0.8847763481390313
1314,-2.300000000000006,0.909152529318555,8.0,-0.04699916233059004,0.8621533669879649
1315,-2.250000000000006,0.9179492053336944,8.0,0.040843213092784436,0.9587924184264789
1316,-2.2000000000000064,0.926260860303974,8.0,-0.05612454240083114,0.8701363179031429
1317,-2.1500000000000066,0.9340856982381484,8.0,-0.03953417468585259,0.8945515235522957
1318,-2.1000000000000068,0.9414245253100522,8.0,0.017014821871945574,0.9584393471819977
1319,-2.050000000000007,0.9482808440028369,8.0,-0.053295711235747716,0.8949851327670891
1320,-2.000000000000007,0.954660927355834,8.0,-0.030152057355080412,0.9245088700007535
1321,-1.9500000000000075,0.9605738071387312,8.0,-0.06270709212051995,0.8978667150182112
1322,-1.9000000000000077,0.9660311005489208,8.0,-0.015489332136787461,0.9505417684121333
1323,-1.850000000000008,0.9710466029007452,8.0,0.006553570130835369,0.9776001730315805
1324,-1.8000000000000078,0.9756355929103122,8.0,0.05558466599139737,1.0312202589017097
1325,-1.750000000000008,0.979813834095254,8.0,0.035235898197905284,1.0150497322931593
1326,-1.7000000000000082,0.9835963068100158,8.0,0.004394466466687911,0.9879907732767037
1327,-1.6500000000000083,0.9869957591976348,8.0,0.027494834877364396,1.0144905940749993
1328,-1.6000000000000083,0.9900212021710122,8.0,-0.042293283936250294,0.9477279182347619
1329,-1.5500000000000087,0.99267646808766,8.0,0.05738643922625612,1.050062907313916
1330,-1.5000000000000089,0.9949588804420952,8.0,0.030584306659237958,1.0255431871013332
1331,-1.450000000000009,0.9968579254983838,8.0,0.09823773974352881,1.0950956652419126
1332,-1.4000000000000092,0.998353565643366,8.0,0.022942485932983456,1.0212960515763494
1333,-1.3500000000000094,0.9994134671437508,8.0,0.056834605520155075,1.0562480726639059
1334,-1.3000000000000096,0.9999878702378464,8.0,-0.016447388922786285,0.9835404813150601
1335,-1.2500000000000098,0.9999999999999988,8.0,0.07281142624621686,1.0728114262462156
1336,-1.20000000000001,0.999328778161394,8.0,0.014851414259461227,1.014180192420855
1337,-1.15000000000001,0.997779676257122,8.0,0.017341729205889157,1.015121405463011
1338,-1.1000000000000103,0.9950409468269534,8.0,0.06411031719564317,1.0591512640225966
1339,-1.0500000000000105,0.9906311181391874,8.0,-0.05528418532949148,0.9353469328096958
1340,-1.0000000000000109,0.9838666968056649,8.0,-0.06533255117702462,0.9185341456286402
1341,-0.9500000000000108,0.973917714328045,8.0,0.08601136509119509,1.05992907941924
1342,-0.900000000000011,0.9600453119426932,8.0,0.04063554955316461,1.0006808614958578
1343,-0.8500000000000112,0.9420470069200364,8.0,-0.019509975530771065,0.9225370313892653
1344,-0.8000000000000114,0.9206925681915208,8.0,0.08757301392071448,1.0082655821122353
1345,-0.7500000000000115,0.8976924783952367,8.0,0.04182551781524094,0.9395179962104776
1346,-0.7000000000000117,0.8749843433154937,8.0,-0.1241583512060345,0.7508259921094592
1347,-0.6500000000000119,0.8538136014421281,8.0,0.015931820654016816,0.8697454220961449
1348,-0.6000000000000121,0.8342929917018012,8.0,-0.029060274610598846,0.8052327170912024
1349,-0.5500000000000123,0.8155600129664334,8.0,-0.05844662718873371,0.7571133857776997
1350,-0.5000000000000124,0.7961634582125331,8.0,-0.002472503815857925,0.7936909543966751
1351,-0.4500000000000126,0.7743475898604002,8.0,0.053720239774227234,0.8280678296346274
1352,-0.4000000000000128,0.7481436471849939,8.0,0.0497008738023997,0.7978445209873937
1353,-0.3500000000000129,0.7153315049765768,8.0,-0.01013826960982758,0.7051932353667493
1354,-0.3000000000000131,0.6733943379426302,8.0,0.07532087091042572,0.7487152088530559
1355,-0.2500000000000133,0.61964658687668,8.0,0.0852248155876553,0.7048714024643352
1356,-0.2000000000000135,0.551819613365122,8.0,0.06532729790395868,0.6171469112690806
1357,-0.1500000000000136,0.46945402085826,8.0,-0.026117368482767477,0.4433366523754925
1358,-0.1000000000000138,0.3760609834368967,8.0,-0.06397054697669147,0.31209043646020523
1359,-0.050000000000014,0.2805331987449107,8.0,0.0035890914822651995,0.2841222902271759
1360,-1.4210854715202004e-14,0.1947326302951342,8.0,-0.05224951934316679,0.14248311095196742
1361,0.0499999999999856,0.1271189705276828,8.0,0.012385963348162969,0.13950493387584578
1362,0.0999999999999854,0.0788175843632432,8.0,-0.05390977757445193,0.024907806788791266
1363,0.1499999999999852,0.0461743428991162,8.0,0.056329764982197404,0.1025041078813136
1364,0.199999999999985,0.0249507243025577,8.0,0.07182725463500549,0.09677797893756318
1365,0.2499999999999849,0.0118413074340473,8.0,-0.03463053063149702,-0.02278922319744972
1366,0.2999999999999847,0.004378881714236,8.0,0.03852801976185988,0.042906901476095875
1367,0.3499999999999845,0.0008032736241339,8.0,-0.03260357713810148,-0.031800303513967586
1368,0.3999999999999843,0.0,8.0,-0.09377059702394379,-0.09377059702394379
1369,0.4499999999999842,0.0013684061381737,8.0,-0.10385975837026003,-0.10249135223208633
1370,0.499999999999984,0.0046651772932492,8.0,0.00769783344566528,0.012363010738914479
1371,0.5499999999999838,0.0098835788461873,8.0,0.05474085286845056,0.06462443171463786
1372,0.5999999999999837,0.0171782672863325,8.0,0.025439522764411675,0.042617790050744175
1373,0.6499999999999835,0.026806935026862,8.0,0.05027405481901181,0.0770809898458738
1374,0.6999999999999833,0.0390402763050546,8.0,0.05522503787400462,0.09426531417905923
1375,0.7499999999999831,0.0540040395599552,8.0,0.07978418364391504,0.13378822320387024
1376,0.799999999999983,0.0714547668755078,8.0,-0.058925222340698934,0.01252954453480886
1377,0.8499999999999828,0.09052708662567,8.0,-0.10925482150162265,-0.018727734875952654
1378,0.8999999999999826,0.1095341379836216,8.0,-0.05149763519988487,0.05803650278373673
1379,0.9499999999999824,0.1259880999991306,8.0,0.028127223802973316,0.1541153238021039
1380,0.9999999999999822,0.1370723435303081,8.0,-0.011690963685699758,0.12538137984460834
1381,1.049999999999982,0.1406273499941823,8.0,-0.12051249013598773,0.02011485985819457
1382,1.099999999999982,0.1362235559383753,8.0,0.01960313811357819,0.15582669405195348
1383,1.1499999999999817,0.1255206820391402,8.0,0.0370545616902355,0.1625752437293757
1384,1.1999999999999815,0.1114988581538732,8.0,0.021918413320001176,0.1334172714738744
1385,1.2499999999999811,0.0971135696647298,8.0,-0.011790888163655954,0.08532268150107385
1386,1.2999999999999812,0.0843555429839984,8.0,-0.043930729405644735,0.04042481357835367
1387,1.349999999999981,0.0741106793860034,8.0,0.07847637643279608,0.15258705581879947
1388,1.3999999999999808,0.0664991985785078,8.0,-0.0022909361901131474,0.06420826238839467
1389,1.4499999999999806,0.0612623544611617,8.0,-0.0134331747756644,0.0478291796854973
1390,1.4999999999999805,0.0580147525509277,8.0,0.04044693373297794,0.09846168628390564
1391,1.5499999999999805,0.0563688347222308,8.0,0.012908830421199854,0.06927766514343066
1392,1.59999999999998,0.0559844159960996,8.0,-0.08238253975577867,-0.026398123759679065
1393,1.64999999999998,0.0565821312147225,8.0,-0.004363998161269586,0.05221813305345291
1394,1.6999999999999795,0.0579411292843918,8.0,0.025589733142395255,0.08353086242678706
1395,1.7499999999999796,0.0598906925100125,8.0,-0.03838670504464989,0.021503987465362612
1396,1.7999999999999794,0.0623003682146289,8.0,-0.008679250269699826,0.053621117944929075
1397,1.8499999999999792,0.0650707511092336,8.0,0.06777285649366027,0.13284360760289388
1398,1.899999999999979,0.0681258077739137,8.0,-0.002264330283078198,0.0658614774908355
1399,1.9499999999999789,0.0714069894553214,8.0,0.013377020186374391,0.08478400964169579
1400,1.999999999999979,0.0748690574681181,8.0,0.07822918449932417,0.15309824196744226
1401,2.0499999999999785,0.0784773937464571,8.0,0.06295292796451436,0.14143032171097147
1402,2.0999999999999783,0.0822065003104171,8.0,0.10949081466469153,0.1916973149751086
1403,2.149999999999978,0.0860393612901689,8.0,0.12075113750942951,0.2067904987995984
1404,2.199999999999978,0.0899673332935932,8.0,0.08279301518141409,0.1727603484750073
1405,2.249999999999978,0.0939902431626077,8.0,0.009566007714320044,0.10355625087692776
1406,2.2999999999999776,0.0981164101265784,8.0,0.10552327156481711,0.2036396816913955
1407,2.349999999999977,0.1023623728195266,8.0,-0.06094929015129256,0.04141308266823405
1408,2.3999999999999773,0.1067521848744173,8.0,0.025146178576112885,0.1318983634505302
1409,2.449999999999977,0.111316233961152,8.0,-0.05030898892541823,0.06100724503573378
1410,2.499999999999977,0.1160896235673626,8.0,0.07115073732245812,0.1872403608898207
1411,2.5499999999999767,0.1211102217776396,8.0,0.03129729282130164,0.15240751459894125
1412,2.599999999999977,0.1264165195784459,8.0,0.02531620180092981,0.1517327213793757
1413,2.6499999999999764,0.1320454524567211,8.0,0.11619680061303336,0.24824225306975448
1414,2.699999999999976,0.1380303285868286,8.0,0.08595489556642964,0.22398522415325822
1415,2.749999999999976,0.1443989829048533,8.0,-0.018884363232719775,0.12551461967213354
1416,2.799999999999976,0.1511722469142557,8.0,-0.004972468196299164,0.14619977871795656
1417,2.849999999999976,0.158362794979524,8.0,-0.054473665515871884,0.10388912946365211
1418,2.8999999999999755,0.1659744019957923,8.0,-0.02324164938031996,0.14273275261547236
1419,2.9499999999999758,0.1740016250119747,8.0,-0.007900997169904563,0.16610062784207014
1420,2.999999999999975,0.1824299015970627,8.0,-0.04702926850779326,0.13540063308926945
1421,3.049999999999975,0.1912360392795448,8.0,-0.07826138792139124,0.11297465135815356
1422,3.0999999999999748,0.2003890527693429,8.0,-0.07094384267939886,0.12944521008994403
1423,3.1499999999999746,0.2098512894272521,8.0,0.06277433872283322,0.2726256281500853
1424,3.1999999999999744,0.2195797699529229,8.0,-0.030734857394234615,0.18884491255868827
1425,3.2499999999999742,0.2295276622154305,8.0,-0.009141565770046217,0.2203860964453843
1426,3.299999999999974,0.2396458029654191,8.0,0.05365123657126267,0.29329703953668174
1427,3.349999999999974,0.2498841855000807,8.0,-0.09270183163077289,0.15718235386930782
1428,3.3999999999999737,0.2601933408746948,8.0,-0.060338060612842956,0.19985528026185184
1429,3.449999999999973,0.2705255547196113,8.0,0.05174387024323395,0.3222694249628453
1430,3.4999999999999734,0.2808358792462143,8.0,-0.01264048564107585,0.26819539360513844
1431,3.549999999999973,0.2910829184877079,8.0,-0.11636638058734021,0.17471653790036767
1432,3.599999999999973,0.3012293822482135,8.0,-0.0033859750355485006,0.297843407212665
1433,3.649999999999973,0.3112424190951323,8.0,0.015233988994075548,0.32647640808920786
1434,3.6999999999999726,0.3210937500835639,8.0,-0.0329857083643489,0.288108041719215
1435,3.749999999999973,0.3307596324077907,8.0,0.00838537040914239,0.3391450028169331
1436,3.799999999999972,0.3402206860009955,8.0,0.0011375727229789305,0.3413582587239744
1437,3.849999999999972,0.349461616775153,8.0,0.023019232281449004,0.37248084905660195
1438,3.899999999999972,0.3584708684267731,8.0,0.007457683801466394,0.3659285522282395
1439,3.949999999999972,0.3672402312998339,8.0,0.0459402909833916,0.4131805222832255
1440,-4.0,0.9765692869359796,9.0,0.022752442456736865,0.9993217293927165
1441,-3.95,0.9760907318785308,9.0,-0.018079239340716226,0.9580114925378146
1442,-3.9,0.9755946751690548,9.0,-0.03159695262040442,0.9439977225486504
1443,-3.850000000000001,0.9750808083874763,9.0,-0.06783820292290635,0.90724260546457
1444,-3.8000000000000007,0.9745487908345728,9.0,0.10648819498547038,1.0810369858200433
1445,-3.750000000000001,0.9739982361398232,9.0,0.051719325119624036,1.0257175612594471
1446,-3.700000000000001,0.9734286969658914,9.0,0.008591228688287798,0.9820199256541792
1447,-3.650000000000001,0.9728396480433704,9.0,0.04002870865552612,1.0128683566988965
1448,-3.6000000000000014,0.9722304679425524,9.0,-0.043763780308266775,0.9284666876342856
1449,-3.5500000000000016,0.9716004201918867,9.0,0.023158628594314775,0.9947590487862015
1450,-3.5000000000000018,0.970948634578998,9.0,-0.007589939380925994,0.963358695198072
1451,-3.450000000000002,0.9702740897073536,9.0,-0.00975609712472533,0.9605179925826283
1452,-3.400000000000002,0.9695755981098528,9.0,-0.058568547270508364,0.9110070508393444
1453,-3.3500000000000023,0.968851795409656,9.0,0.06484642423864209,1.0336982196482982
1454,-3.3000000000000025,0.968101135126156,9.0,-0.0075347400147027285,0.9605663951114533
1455,-3.2500000000000027,0.967321890693676,9.0,-0.027392090905250105,0.939929799788426
1456,-3.200000000000003,0.9665121660209964,9.0,-0.11197382426611997,0.8545383417548764
1457,-3.150000000000003,0.9656699153867618,9.0,-0.03253167476697674,0.9331382406197851
1458,-3.100000000000003,0.9647929725475698,9.0,-0.15196301568294485,0.8128299568646249
1459,-3.050000000000004,0.96387908754491,9.0,0.0017233213620306055,0.9656024089069406
1460,-3.000000000000004,0.9629259677711028,9.0,-0.0856804551515421,0.8772455126195607
1461,-2.950000000000004,0.9619313173813422,9.0,0.0982232536716615,1.0601545710530036
1462,-2.900000000000004,0.9608928661904084,9.0,-0.12380038012753783,0.8370924860628706
1463,-2.850000000000004,0.9598083759506608,9.0,-0.04608278564526921,0.9137255903053916
1464,-2.8000000000000043,0.9586756086722648,9.0,-0.055902287004863487,0.9027733216674013
1465,-2.7500000000000044,0.9574922388000268,9.0,-0.030415809300031023,0.9270764294999957
1466,-2.7000000000000046,0.9562556889713878,9.0,0.02742961181654752,0.9836853007879354
1467,-2.650000000000005,0.9549628679272864,9.0,0.05144912986491719,1.0064119977922035
1468,-2.600000000000005,0.9536097886918818,9.0,-0.06384218744350068,0.8897676012483812
1469,-2.550000000000005,0.9521910444739144,9.0,0.08160989497360796,1.0338009394475225
1470,-2.5000000000000053,0.9506991171246162,9.0,0.05646467212712321,1.0071637892517393
1471,-2.450000000000005,0.949123485804494,9.0,-0.026216276972520037,0.922907208831974
1472,-2.4000000000000057,0.9474494885110952,9.0,-0.14646038395261365,0.8009891045584816
1473,-2.350000000000006,0.9456568629669831,9.0,-0.004779559397719964,0.9408773035692631
1474,-2.300000000000006,0.943717853792756,9.0,0.09857815966971707,1.042296013462473
1475,-2.250000000000006,0.9415947211183668,9.0,0.0073434269183713765,0.9489381480367383
1476,-2.2000000000000064,0.9392364318505289,9.0,-0.02445951744257235,0.9147769144079565
1477,-2.1500000000000066,0.9365742888089588,9.0,0.10538847380935658,1.0419627626183154
1478,-2.1000000000000068,0.9335163268217098,9.0,0.0616488299505928,0.9951651567723027
1479,-2.050000000000007,0.9299406296971106,9.0,-0.07768489435828478,0.8522557353388258
1480,-2.000000000000007,0.9256885818257604,9.0,0.019369250358702836,0.9450578321844633
1481,-1.9500000000000075,0.9205609384098106,9.0,0.10345023395988089,1.0240111723696914
1482,-1.9000000000000077,0.9143231558363666,9.0,0.023262120640751897,0.9375852764771185
1483,-1.850000000000008,0.9067323225692518,9.0,-0.0002075480093540845,0.9065247745598978
1484,-1.8000000000000078,0.8976059099853767,9.0,0.031113074007605632,0.9287189839929824
1485,-1.750000000000008,0.8869584654797843,9.0,-0.06320178316698076,0.8237566823128035
1486,-1.7000000000000082,0.8752256428620158,9.0,-0.07116389182632138,0.8040617510356944
1487,-1.6500000000000083,0.8635620150366327,9.0,0.03463616184898967,0.8981981768856223
1488,-1.6000000000000083,0.8541379666077068,9.0,-0.026330869963226772,0.82780709664448
1489,-1.5500000000000087,0.8502718311009928,9.0,0.005405219689974497,0.8556770507909673
1490,-1.5000000000000089,0.8560752212797728,9.0,-0.0005221799673793344,0.8555530413123934
1491,-1.450000000000009,0.8750776697648892,9.0,0.09918055295734622,0.9742582227222354
1492,-1.4000000000000092,0.907308865192204,9.0,-0.07783362089632168,0.8294752442958824
1493,-1.3500000000000094,0.9454278883389242,9.0,0.04819066462316223,0.9936185529620865
1494,-1.3000000000000096,0.9756653911626264,9.0,-0.01780701485868686,0.9578583763039396
1495,-1.2500000000000098,0.9908626124351024,9.0,-0.04508393738410998,0.9457786750509924
1496,-1.20000000000001,0.9962972117350992,9.0,-0.05033540544763157,0.9459618062874676
1497,-1.15000000000001,0.9980998200806032,9.0,-0.05703297359388651,0.9410668464867167
1498,-1.1000000000000103,0.9987633827778374,9.0,0.012669222930878353,1.0114326057087157
1499,-1.0500000000000105,0.999056239433326,9.0,0.02242256277089207,1.021478802204218
1500,-1.0000000000000109,0.999241973948404,9.0,0.045601508618131927,1.0448434825665358
1501,-0.9500000000000108,0.9994283771021248,9.0,0.10919515428169739,1.1086235313838222
1502,-0.900000000000011,0.9996357155294784,9.0,0.012690290097157022,1.0123260056266354
1503,-0.8500000000000112,0.9998249643572727,9.0,-0.05946196424484625,0.9403630001124265
1504,-0.8000000000000114,0.9999512061117434,9.0,0.00936243725647198,1.0093136433682153
1505,-0.7500000000000115,0.9999999999999978,9.0,-0.031355257758824896,0.9686447422411729
1506,-0.7000000000000117,0.9999835408027672,9.0,-0.025902178086171415,0.9740813627165957
1507,-0.6500000000000119,0.9999245181800502,9.0,0.03980543383080485,1.0397299520108552
1508,-0.6000000000000121,0.999845217204498,9.0,0.04192821034597535,1.0417734275504733
1509,-0.5500000000000123,0.9997617183723748,9.0,0.08164024777334197,1.0814019661457168
1510,-0.5000000000000124,0.9996817388117024,9.0,-0.09012901184960635,0.9095527269620961
1511,-0.4500000000000126,0.9996055354098652,9.0,0.02540346284870435,1.0250089982585695
1512,-0.4000000000000128,0.99952843298014,9.0,0.016889709118359204,1.0164181420984992
1513,-0.3500000000000129,0.9994432654566098,9.0,0.0421741229924112,1.041617388449021
1514,-0.3000000000000131,0.9993417819097958,9.0,-0.061446732947082174,0.9378950489627137
1515,-0.2500000000000133,0.9992149730718632,9.0,-0.013607719061460778,0.9856072540104025
1516,-0.2000000000000135,0.9990527617968812,9.0,-0.09155479458557947,0.9074979672113017
1517,-0.1500000000000136,0.9988435954601668,9.0,-0.09154047729190379,0.9073031181682629
1518,-0.1000000000000138,0.9985743914508308,9.0,0.07065977536228682,1.0692341668131176
1519,-0.050000000000014,0.9982311524033451,9.0,-0.04751949992192804,0.9507116524814171
1520,-1.4210854715202004e-14,0.9978003951321875,9.0,-0.034486221273471354,0.9633141738587162
1521,0.0499999999999856,0.9972712747582,9.0,0.0410128574877299,1.03828413224593
1522,0.0999999999999854,0.9966379309487912,9.0,-0.008064858496886625,0.9885730724519045
1523,0.1499999999999852,0.9959012847602996,9.0,0.06084560202078737,1.056746886781087
1524,0.199999999999985,0.9950695317853452,9.0,0.08950530729522198,1.0845748390805672
1525,0.2499999999999849,0.99415703790958,9.0,0.0623210477012979,1.056478085610878
1526,0.2999999999999847,0.9931820269132476,9.0,0.06517686531845313,1.0583588922317007
1527,0.3499999999999845,0.9921639181451732,9.0,-0.033556737374730534,0.9586071807704427
1528,0.3999999999999843,0.9911211670143456,9.0,0.03385790970553006,1.0249790767198756
1529,0.4499999999999842,0.9900700904184326,9.0,0.12102896484247012,1.1110990552609028
1530,0.499999999999984,0.9890247240424558,9.0,-0.00686319395540049,0.9821615300870553
1531,0.5499999999999838,0.9879974767281944,9.0,-0.0028447879332776675,0.9851526887949167
1532,0.5999999999999837,0.9870002574801522,9.0,0.026279757210784956,1.013280014690937
1533,0.6499999999999835,0.9860457814496514,9.0,0.0352456859346383,1.0212914673842897
1534,0.6999999999999833,0.985148826105115,9.0,-0.12389817950580367,0.8612506465993113
1535,0.7499999999999831,0.9843272532914956,9.0,-0.1073729133275435,0.8769543399639521
1536,0.799999999999983,0.9836026171887834,9.0,0.005716626926930913,0.9893192441157143
1537,0.8499999999999828,0.9830001450739116,9.0,0.10259102709203254,1.0855911721659441
1538,0.8999999999999826,0.9825478237840743,9.0,-0.08086274887809358,0.9016850749059808
1539,0.9499999999999824,0.9822742792107154,9.0,-0.00903691683850231,0.9732373623722131
1540,0.9999999999999822,0.9822051461181224,9.0,-0.03946255477646001,0.9427425913416624
1541,1.049999999999982,0.9823577603801428,9.0,-0.004125647277951292,0.9782321131021915
1542,1.099999999999982,0.9827343471646824,9.0,-0.002116603727559538,0.9806177434371229
1543,1.1499999999999817,0.9833144715787124,9.0,0.04683282258105231,1.0301472941597647
1544,1.1999999999999815,0.9840482545425112,9.0,0.056635253401609575,1.0406835079441208
1545,1.2499999999999811,0.9848523184595354,9.0,0.043570609866811424,1.0284229283263469
1546,1.2999999999999812,0.985609869352701,9.0,0.0708599397141882,1.0564698090668891
1547,1.349999999999981,0.9861740947300504,9.0,0.10715525290509939,1.0933293476351498
1548,1.3999999999999808,0.986370484486638,9.0,-0.05606658260219439,0.9303039018844436
1549,1.4499999999999806,0.9859906014140786,9.0,-0.07078288485502955,0.915207716559049
1550,1.4999999999999805,0.9847695549712184,9.0,0.029576494868525437,1.0143460498397439
1551,1.5499999999999805,0.982342004172466,9.0,-0.032151019151327814,0.9501909850211382
1552,1.59999999999998,0.978172143977105,9.0,0.02314343604356297,1.001315580020668
1553,1.64999999999998,0.971444073591986,9.0,0.013686600626634609,0.9851306742186207
1554,1.6999999999999795,0.9608809716798296,9.0,-0.10232915972609523,0.8585518119537343
1555,1.7499999999999796,0.9444602167231044,9.0,0.004415338533576497,0.9488755552566809
1556,1.7999999999999794,0.9190572640307956,9.0,-0.10377318313456942,0.8152840808962262
1557,1.8499999999999792,0.8802423237709104,9.0,-0.0014245210072582864,0.8788178027636521
1558,1.899999999999979,0.8227941353055068,9.0,0.06050452545317815,0.883298660758685
1559,1.9499999999999789,0.7427307829908953,9.0,-0.009179341658444806,0.7335514413324505
1560,1.999999999999979,0.6408740940217527,9.0,0.08364943327868773,0.7245235273004405
1561,2.0499999999999785,0.525513612185271,9.0,-0.012308865113206151,0.5132047470720649
1562,2.0999999999999783,0.410385786463702,9.0,0.04099624641166608,0.4513820328753681
1563,2.149999999999978,0.308293442089884,9.0,0.0734016713589941,0.38169511344887813
1564,2.199999999999978,0.2259801662149468,9.0,0.06250828230951444,0.2884884485244612
1565,2.249999999999978,0.1638772513420683,9.0,-0.07020201814122858,0.09367523320083972
1566,2.2999999999999776,0.1188419786989815,9.0,-0.006025661342595086,0.11281631735638642
1567,2.349999999999977,0.0867889226672694,9.0,0.030357306299894502,0.1171462289671639
1568,2.3999999999999773,0.0640715469434022,9.0,0.02446203771595411,0.0885335846593563
1569,2.449999999999977,0.0478902831388268,9.0,2.584102860549695e-05,0.0479161241674323
1570,2.499999999999977,0.0362449689215898,9.0,0.024988439876116594,0.06123340879770639
1571,2.5499999999999767,0.0277539754508038,9.0,-0.020109296413758432,0.007644679037045368
1572,2.599999999999977,0.0214751070892404,9.0,0.07741884113987674,0.09889394822911714
1573,2.6499999999999764,0.0167663773573672,9.0,0.03863319620744042,0.055399573564807625
1574,2.699999999999976,0.0131876491046988,9.0,0.03801752944011184,0.05120517854481064
1575,2.749999999999976,0.0104340715735573,9.0,-0.07113126992080851,-0.06069719834725121
1576,2.799999999999976,0.008291848449289,9.0,0.0545510808109819,0.06284292926027091
1577,2.849999999999976,0.0066089898384797,9.0,0.05318596227578065,0.05979495211426035
1578,2.8999999999999755,0.0052759212041361,9.0,0.13819542750035693,0.14347134870449302
1579,2.9499999999999758,0.0042125361021266,9.0,0.007874135989825698,0.012086672091952298
1580,2.999999999999975,0.00335946742818,9.0,0.025864664761428572,0.029224132189608572
1581,3.049999999999975,0.0026721368365367,9.0,0.03392325349350982,0.036595390330046516
1582,3.0999999999999748,0.0021166496393164,9.0,0.04431555694134606,0.046432206580662466
1583,3.1499999999999746,0.0016669281803577,9.0,-0.01382907957394134,-0.012162151393583641
1584,3.1999999999999744,0.0013026855475643,9.0,-0.05198418701076262,-0.050681501463198324
1585,3.2499999999999742,0.0010079760100433,9.0,-0.00664570142964729,-0.00563772541960399
1586,3.299999999999974,0.0007701458181091,9.0,0.03836234944299264,0.03913249526110174
1587,3.349999999999974,0.0005790650953129,9.0,0.03025607659209601,0.03083514168740891
1588,3.3999999999999737,0.000426559275638,9.0,0.02874658332563772,0.02917314260127572
1589,3.449999999999973,0.0003059837246684,9.0,0.02611102536783536,0.02641700909250376
1590,3.4999999999999734,0.0002119021762303,9.0,-0.006170273702251245,-0.005958371526020945
1591,3.549999999999973,0.0001398412018221,9.0,-0.0059211067626374755,-0.005781265560815376
1592,3.599999999999973,8.610091121184414e-05,9.0,0.0024394741977779803,0.0025255751089898245
1593,3.649999999999973,4.760763568666386e-05,9.0,0.03589369680994542,0.03594130444563208
1594,3.6999999999999726,2.179824658666301e-05,9.0,0.07696852270122177,0.07699032094780843
1595,3.749999999999973,6.528527846606689e-06,9.0,0.03742690798178764,0.037433436509634245
1596,3.799999999999972,0.0,9.0,0.03917599414373641,0.03917599414373641
1597,3.849999999999972,7.010206562410859e-07,9.0,0.035872255433990446,0.035872956454646686
1598,3.899999999999972,7.3590247902464736e-06,9.0,0.09043482637023542,0.09044218539502567
1599,3.949999999999972,1.890152934715538e-05,9.0,-0.05335018224384578,-0.05333128071449862
