,x1,y,rep,noise,y_noise,ymodel
0,-1.9750000000000072,0.8595925614758595,0.0,-0.0334914257205666,0.8261011357552929,0.8386745675133952
1,-1.9500000000000075,0.8638378408019511,0.0,-0.100534854596255,0.763302986205696,0.8416235749081966
2,-1.925000000000008,0.8677840147501015,0.0,0.033723981778435,0.9015079965285364,0.8445758698839747
3,-1.900000000000008,0.871330325051724,0.0,0.0486400477948846,0.9199703728466088,0.8475298559627478
4,-1.8750000000000075,0.87555236464895,0.0,-0.093685673421241,0.781866691227709,0.8504838788741426
5,-1.850000000000008,0.8801145006834297,0.0,0.0603147014849362,0.940429202168366,0.8534362272188551
6,-1.825000000000008,0.8841607801804455,0.0,0.0162967211881925,0.900457501368638,0.8563851333237206
7,-1.8000000000000078,0.8871079970296204,0.0,-0.056004048324453,0.8311039487051674,0.8593287742960248
8,-1.775000000000008,0.8878968060450254,0.0,-0.1203771882175433,0.7675196178274821,0.8622652732843696
9,-1.750000000000008,0.8858051765108813,0.0,-0.0013770493208973,0.884428127189984,0.8651927009531197
10,-1.725000000000008,0.8833034016508271,0.0,-0.0181168682902923,0.8651865333605347,0.8681090771771031
11,-1.7000000000000082,0.8796732759358556,0.0,-0.0545326878555459,0.8251405880803098,0.8710123729629835
12,-1.6750000000000085,0.8760431502208842,0.0,0.029313926253301,0.9053570764741852,0.8739005126034514
13,-1.6500000000000083,0.8724130245059134,0.0,0.1067382093285577,0.9791512338344712,0.8767713760701704
14,-1.6250000000000084,0.8702223014142834,0.0,-0.0451663927180566,0.8250559086962267,0.8796228016512952
15,-1.6000000000000083,0.8688248152183153,0.0,0.0581233321456941,0.9269481473640094,0.8824525888393192
16,-1.5750000000000086,0.867427329022348,0.0,-0.0504807857936875,0.8169465432286604,0.8852585014751154
17,-1.5500000000000087,0.8660298428263804,0.0,0.0430419218500076,0.909071764676388,0.8880382711542408
18,-1.5250000000000088,0.8648699985785715,0.0,0.0281986880127356,0.8930686865913071,0.8907896009019703
19,-1.5000000000000089,0.8665432823458489,0.0,-0.0269877823100162,0.8395555000358326,0.893510169124159
20,-1.475000000000009,0.8682165661131264,0.0,0.1348312237407463,1.0030477898538728,0.8961976338418334
21,-1.450000000000009,0.8690178207379361,0.0,-0.0060665892122566,0.8629512315256794,0.8988496372185872
22,-1.4250000000000091,0.8687684999541537,0.0,0.1206389204323792,0.9894074203865332,0.9014638103912579
23,-1.4000000000000092,0.8685191791703716,0.0,0.001793263536982,0.8703124427073536,0.9040377786161757
24,-1.375000000000009,0.8682698583865893,0.0,-0.0888984031922482,0.779371455194341,0.9065691667454975
25,-1.3500000000000094,0.8680205376028076,0.0,0.0198049043101284,0.8878254419129361,0.9090556050507728
26,-1.3250000000000095,0.8671242232021328,0.0,-0.0151977485903045,0.8519264746118282,0.9114947354140962
27,-1.3000000000000096,0.8661154257374091,0.0,0.1225300630031218,0.9886454887405308,0.913884217910931
28,-1.2750000000000097,0.868950108692662,0.0,0.0588596487457487,0.9278097574384108,0.9162217378130546
29,-1.2500000000000098,0.8717847916479151,0.0,0.025443143517666,0.8972279351655812,0.9185050130451953
30,-1.22500000000001,0.8773760894955335,0.0,0.0862308173234477,0.9636069068189812,0.9207318021347535
31,-1.20000000000001,0.8884280409569947,0.0,0.0040421875607419,0.8924702285177366,0.9228999127007764
32,-1.17500000000001,0.8992238238116156,0.0,-0.0133278688518918,0.8858959549597237,0.9250072105360163
33,-1.15000000000001,0.910633828840305,0.0,0.1330675721267964,1.0437014009671013,0.9270516293447102
34,-1.1250000000000102,0.922132753874574,0.0,-0.0243170077807878,0.8978157460937861,0.9290311812086754
35,-1.1000000000000103,0.9336351966247268,0.0,0.1760722422709322,1.1097074388956591,0.9309439678656248
36,-1.0750000000000104,0.9433294054870772,0.0,-0.0821343905680463,0.8611950149190308,0.932788192896429
37,-1.0500000000000105,0.9510794850956982,0.0,-0.0181555217335912,0.9329239633621068,0.9345621749325472
38,-1.0250000000000106,0.9494138964943164,0.0,0.0172344679770073,0.9666483644713236,0.9362643620112563
39,-1.0000000000000109,0.9468417567736792,0.0,-0.0563646223518014,0.8904771344218778,0.9378933472248738
40,-0.9750000000000107,0.9462162983063775,0.0,0.0313196219511913,0.9775359202575687,0.9394478858311764
41,-0.9500000000000108,0.9493326633820912,0.0,-0.0353600856955534,0.9139725776865378,0.9409269140160691
42,-0.9250000000000108,0.9583299101410774,0.0,0.0095068775182118,0.9678367876592892,0.942329569526551
43,-0.900000000000011,0.96881598942672,0.0,-0.1146239081128624,0.8541920813138575,0.9436552144227861
44,-0.8750000000000111,0.9766533284447994,0.0,-0.0241114318898921,0.9525418965549072,0.9449034602330882
45,-0.8500000000000112,0.9734665116522084,0.0,-0.0468278401703138,0.9266386714818946,0.9460741958355395
46,-0.8250000000000113,0.9702796948596172,0.0,-0.0427483780928536,0.9275313167667636,0.9471676184356952
47,-0.8000000000000114,0.9684608530424482,0.0,-0.1374057121086742,0.8310551409337741,0.9481842680621587
48,-0.7750000000000115,0.9687779491744474,0.0,-0.0475108484489154,0.921267100725532,0.9491250660619895
49,-0.7500000000000115,0.9690692774421305,0.0,0.048368577502173,1.0174378549443035,0.9499913581471362
50,-0.7250000000000116,0.9668098209047766,0.0,0.0391715244324603,1.005981345337237,0.9507849626228984
51,-0.7000000000000117,0.9636355865382458,0.0,0.0082653251328845,0.9719009116711302,0.9515082245215264
52,-0.6750000000000118,0.96203661463765,0.0,0.0750903898259691,1.0371270044636192,0.9521640764704031
53,-0.6500000000000119,0.9619482600377208,0.0,-0.0329432473151997,0.9290050127225212,0.9527561072469218
54,-0.625000000000012,0.9614876640595847,0.0,-0.0033999831134791,0.9580876809461056,0.9532886391134938
55,-0.6000000000000121,0.9601409394650448,0.0,-0.0116053920340644,0.9485355474309802,0.9537668151882945
56,-0.5750000000000122,0.9620523552977172,0.0,-0.0979545986676508,0.8640977566300663,0.9541966982924129
57,-0.5500000000000123,0.9653889693989486,0.0,-0.0307125947568885,0.93467637464206,0.954585382923398
58,-0.5250000000000123,0.9684249106084936,0.0,0.0299446660017347,0.9983695766102284,0.9549411222386992
59,-0.5000000000000124,0.9720524516065774,0.0,0.040561250468337,1.0126137020749144,0.9552734721877232
60,-0.4750000000000125,0.9726970683340104,0.0,-0.1212135272519186,0.8514835410820917,0.9555934552013046
61,-0.4500000000000126,0.9772609618688624,0.0,0.0531735332771438,1.0304344951460065,0.9559137461182623
62,-0.4250000000000127,0.978537743165117,0.0,-0.2942626358986179,0.6842751072664991,0.9562488832746567
63,-0.4000000000000128,0.9830387244151004,0.0,-0.0722203713626539,0.9108183530524464,0.9566155078578655
64,-0.3750000000000129,0.9849009117988724,0.0,-0.0392858106992244,0.945615101099648,0.9570326346603081
65,-0.3500000000000129,0.98623002861975,0.0,0.0730119497482718,1.0592419783680218,0.9575219571354708
66,-0.325000000000013,0.9836881150088214,0.0,0.0363404052254896,1.0200285202343111,0.9581081889673281
67,-0.3000000000000131,0.9792062048484702,0.0,-0.0473389152252383,0.9318672896232318,0.9588194429044712
68,-0.2750000000000132,0.9758540618064778,0.0,-0.1311350370187175,0.8447190247877603,0.9596876448960651
69,-0.2500000000000133,0.978167305551768,0.0,-0.0454300637063241,0.9327372418454438,0.9607489768376332
70,-0.2250000000000134,0.9790132286478922,0.0,-0.00970413486133,0.9693090937865622,0.9620443333084652
71,-0.2000000000000135,0.9811317937820884,0.0,0.0815340749298453,1.0626658687119337,0.9636197647330713
72,-0.1750000000000136,0.9841601378536912,0.0,-0.0466834904416168,0.9374766474120744,0.965526858627641
73,-0.1500000000000136,0.9864524290990424,0.0,0.0695288741594888,1.0559813032585312,0.967822977750116
74,-0.1250000000000137,0.9892772803334484,0.0,-0.1240838825305689,0.8651933978028795,0.9705712226964769
75,-0.1000000000000138,0.9920795488830748,0.0,-0.0470774066580356,0.9450021422250392,0.9738399074258433
76,-0.0750000000000139,0.9948818174327014,0.0,-0.0749932956994431,0.9198885217332584,0.9777012159873872
77,-0.050000000000014,0.9976840859823276,0.0,0.076045960629702,1.0737300466120296,0.9822285290420281
78,-0.0250000000000141,0.999999999999996,0.0,-0.0643491684446671,0.9356508315553288,0.9874916461617437
79,-1.4210854715202004e-14,0.9980341966888232,0.0,0.1831008211144326,1.1811350178032558,0.9935487578636399
80,0.0249999999999861,0.9957055268120684,0.0,-0.0246166946197748,0.9710888321922936,1.000433517994446
81,0.0499999999999856,0.993376856935314,0.0,0.0192580862546539,1.012634943189968,1.00813493443292
82,0.074999999999985,0.9905767825547082,0.0,0.0239380900355714,1.0145148725902795,1.0165671025836818
83,0.0999999999999854,0.986255960107709,0.0,0.0135849026058701,0.9998408627135792,1.0255252734711602
84,0.1249999999999857,0.9819351376607098,0.0,0.0767045246518986,1.0586396623126084,1.0346249216304366
85,0.1499999999999852,0.9776143152137108,0.0,0.0064418490238357,0.9840561642375466,1.0432225564995985
86,0.1749999999999847,0.9732934927667118,0.0,0.0396192593679604,1.0129127521346724,1.050323484259625
87,0.199999999999985,0.9689726703197128,0.0,0.1139617255411355,1.0829343958608484,1.054497374796862
88,0.2249999999999854,0.9627349549244107,0.0,0.1174418275907154,1.0801767825151265,1.0538552405426163
89,0.2499999999999849,0.9513794419528676,0.0,0.0317107074837208,0.9830901494365883,1.0461983286224255
90,0.2749999999999843,0.9397703549589148,0.0,0.190661024135066,1.1304313790939808,1.0295125457988132
91,0.2999999999999847,0.9269185197205932,0.0,0.0762963422504061,1.0032148619709995,1.0029447579236301
92,0.3249999999999851,0.9129389318356989,0.0,0.0390384744181947,0.9519774062538936,0.9680313527825776
93,0.3499999999999845,0.898959343950805,0.0,-0.1213562384923471,0.7776031054584579,0.929231644592543
94,0.374999999999984,0.8850683764889816,0.0,0.0528245559445103,0.937892932433492,0.8926515534286824
95,0.3999999999999843,0.8716892029084768,0.0,-0.1297268112725584,0.7419623916359184,0.8633481509934804
96,0.4249999999999847,0.8615836619850294,0.0,0.0244054168864432,0.8859890788714727,0.8433425976602134
97,0.4499999999999842,0.852177392688827,0.0,0.023554532679487,0.875731925368314,0.8317149599961604
98,0.4749999999999836,0.8432520031688338,0.0,-0.002079447492716,0.8411725556761177,0.8260276024652851
99,0.499999999999984,0.8353482538231997,0.0,0.0194161712038279,0.8547644250270277,0.823699246393848
100,0.5249999999999844,0.8274445044775656,0.0,-0.0175194287470414,0.8099250757305242,0.8227243183027947
101,0.5499999999999838,0.8195500599272784,0.0,-0.0485889060015683,0.7709611539257101,0.8218319472588452
102,0.5749999999999833,0.8122794949992699,0.0,0.071834399005519,0.8841138940047889,0.8203650119585713
103,0.5999999999999837,0.8050089300712612,0.0,0.0048827486718752,0.8098916787431365,0.8180846564191975
104,0.624999999999984,0.7977383651432527,0.0,0.0215270149704095,0.8192653801136622,0.8149971581043224
105,0.6499999999999835,0.7904678002152444,0.0,-0.0050174516117534,0.785450348603491,0.8112307492172025
106,0.674999999999983,0.7831972352872361,0.0,0.0057396705826118,0.7889369058698479,0.8069589794348689
107,0.6999999999999833,0.7759266703592271,0.0,0.1751676351188124,0.9510943054780396,0.8023581339769359
108,0.7249999999999837,0.7686561054312184,0.0,-0.0854862541632417,0.6831698512679767,0.7975865383152144
109,0.7499999999999831,0.7613855405032102,0.0,0.1290108876717954,0.8903964281750056,0.7927766690474782
110,0.7749999999999826,0.7541149755752019,0.0,-0.0428841073394824,0.7112308682357195,0.788034121125412
111,0.799999999999983,0.7551443480797946,0.0,-0.1176722907852813,0.6374720572945133,0.7834398508449845
112,0.8249999999999833,0.7568215468240724,0.0,0.1519037958863616,0.908725342710434,0.7790536851943805
113,0.8499999999999828,0.7584987455683501,0.0,0.0090559803660908,0.767554725934441,0.7749180493865806
114,0.8749999999999822,0.7601759443126278,0.0,-0.0757502447788253,0.6844256995338025,0.7710614181072591
115,0.8999999999999826,0.762639074028138,0.0,-0.0554117546964337,0.7072273193317042,0.7675012979337956
116,0.924999999999983,0.7659905360337173,0.0,0.0713569123879008,0.8373474484216181,0.7642467030425656
117,0.9499999999999824,0.7697938178544179,0.0,0.0187665143355159,0.7885603321899338,0.7613001586570719
118,0.974999999999982,0.7764877330182514,0.0,0.0215860737046812,0.7980738067229326,0.7586592950221248
119,0.9999999999999822,0.7834903258232108,0.0,-0.0345489355868351,0.7489413902363756,0.7563181007564423
120,1.0249999999999826,0.7856211594186774,0.0,-0.0735865833412297,0.7120345760774477,0.754267900137914
121,1.049999999999982,0.7894451430086368,0.0,0.1532306516966907,0.9426757947053276,0.7524981104852767
122,1.0749999999999815,0.7961134575519919,0.0,-0.0570167716111151,0.7390966859408767,0.7509968264666784
123,1.099999999999982,0.8027817720953473,0.0,0.0338170452028474,0.8365988172981947,0.7497512693543182
124,1.1249999999999822,0.8124165846370376,0.0,0.0302804592208723,0.8426970438579099,0.7487481315401899
125,1.1499999999999817,0.8269835828568565,0.0,-0.1222437152789077,0.7047398675779487,0.7479738401761326
126,1.1749999999999812,0.8417890595504887,0.0,-0.1237388402244721,0.7180502193260165,0.7474147585423725
127,1.1999999999999815,0.8552320925298641,0.0,-0.0202172704906562,0.8350148220392078,0.7470573395394734
128,1.224999999999982,0.8666466937525822,0.0,-0.0415171283781372,0.8251295653744449,0.7468882423740467
129,1.2499999999999811,0.877198888907324,0.0,0.0481788956523972,0.9253777845597212,0.7468944209094868
130,1.2749999999999808,0.8877084086004012,0.0,-0.065319999244913,0.8223884093554882,0.74706319013828
131,1.2999999999999812,0.8982179282934795,0.0,-0.0171670901046534,0.881050838188826,0.7473822756821793
132,1.3249999999999815,0.908727447986558,0.0,0.0091094596808674,0.9178369076674254,0.747839850041761
133,1.349999999999981,0.9179178086183312,0.0,0.0224602856403112,0.9403780942586424,0.7484245584171652
134,1.3749999999999805,0.9262107822022392,0.0,0.079488986140703,1.0056997683429425,0.7491255362429161
135,1.3999999999999808,0.9351198387882316,0.0,-0.0188689172477343,0.9162509215404973,0.7499324200703509
136,1.4249999999999812,0.942797931462206,0.0,0.0025885178265375,0.9453864492887436,0.7508353530513896
137,1.4499999999999806,0.9507731586479236,0.0,-0.1033850949790723,0.8473880636688512,0.7518249859955045
138,1.47499999999998,0.959001330888735,0.0,0.0210249812102526,0.9800263120989876,0.7528924747636068
139,1.4999999999999805,0.9650845560425352,0.0,-0.0764570425352597,0.8886275135072754,0.7540294746092185
140,1.5249999999999808,0.9709233238824788,0.0,0.0250954906769306,0.9960188145594094,0.7552281319644313
141,1.5499999999999805,0.9767620917224216,0.0,0.076875153711666,1.0536372454340877,0.7564810740847729
142,1.5749999999999795,0.9826768788247638,0.0,0.1069948544987185,1.0896717333234824,0.7577813969050472
143,1.59999999999998,0.988085766936219,0.0,0.0050113523455703,0.9930971192817892,0.7591226514112399
144,1.6249999999999805,0.9881865153902752,0.0,0.0514911863548903,1.0396777017451655,0.7604988287972977
145,1.64999999999998,0.9878987930014124,0.0,-0.1134068547281739,0.8744919382732383,0.7619043446465478
146,1.6749999999999794,0.9868752841554228,0.0,0.0181236800473514,1.004998964202774,0.7633340223535643
147,1.6999999999999795,0.9853395475963288,0.0,0.0320832766512078,1.0174228242475367,0.7647830759815571
148,1.72499999999998,0.9838038110372342,0.0,0.0544259008921579,1.0382297119293922,0.7662470927319595
149,1.7499999999999796,0.9822680744781406,0.0,0.0292696795936094,1.01153775407175,0.7677220151858758
150,1.774999999999979,0.9807323379190463,0.0,0.0136920864549424,0.9944244243739888,0.7692041234611737
151,1.7999999999999794,0.9791966013599522,0.0,0.0745802364780089,1.0537768378379613,0.7706900174138044
152,1.82499999999998,0.9776608648008578,0.0,-0.0296147859324661,0.9480460788683917,0.7721765989974653
153,1.8499999999999792,0.9761251282417636,0.0,-0.0904743057373444,0.8856508225044191,0.7736610548818029
154,1.874999999999979,0.974465286799491,0.0,-0.0821731441673708,0.8922921426321201,0.7751408394160714
155,1.899999999999979,0.971573098789532,0.0,-0.057178155268261,0.9143949435212708,0.7766136580125469
156,1.92499999999998,0.9683849965569098,0.0,-0.0421514862304387,0.926233510326471,0.7780774510120717
157,1.9499999999999789,0.9651968943242876,0.0,0.0774590977966562,1.042655992120944,0.77953037808295
158,1.9749999999999783,0.9620087920916648,0.0,-0.1059203171085352,0.8560884749831295,0.7809708031940418
159,1.999999999999979,0.9587930511339692,0.0,0.0747787301362303,1.0335717812701994,0.7823972801933978
160,-1.9750000000000072,0.166596106686189,1.0,0.1278468559766605,0.2944429626628495,0.03571890881412371
161,-1.9500000000000075,0.1363141473114844,1.0,-0.0434174811709515,0.0928966661405328,0.03638646296191898
162,-1.925000000000008,0.1065631442208104,1.0,0.0006026651043456,0.107165809325156,0.037239273581787816
163,-1.900000000000008,0.0821897453578251,1.0,-0.0591967957793311,0.0229929495784939,0.03829623649466017
164,-1.8750000000000075,0.0501318012627043,1.0,-0.0636471418360535,-0.0135153405733492,0.039577222189112554
165,-1.850000000000008,0.0207645057603452,1.0,0.1319015216360936,0.1526660273964388,0.041102968909751764
166,-1.825000000000008,0.0,1.0,0.016478255318968,0.016478255318968,0.04289493644281311
167,-1.8000000000000078,0.003347776306711,1.0,-0.0809762721252918,-0.0776284958185808,0.044975115812440895
168,-1.775000000000008,0.010264576628461,1.0,-0.060200798401961,-0.0499362217735,0.047365790591673
169,-1.750000000000008,0.0198124045027892,1.0,0.0416986739069032,0.0615110784096924,0.05008924638486264
170,-1.725000000000008,0.0293602323771203,1.0,-0.0814415455390071,-0.0520813131618868,0.05316742631215479
171,-1.7000000000000082,0.0389080602514499,1.0,0.0970615500414471,0.135969610292897,0.05662153206611094
172,-1.6750000000000085,0.0484558881257794,1.0,-0.0881464871999056,-0.0396905990741262,0.060471572336434506
173,-1.6500000000000083,0.0580037160001094,1.0,-0.0565764191398529,0.0014272968602564,0.06473586309690162
174,-1.6250000000000084,0.067551543874437,1.0,-0.0223054828954142,0.0452460609790227,0.06943048735997659
175,-1.6000000000000083,0.077099371748767,1.0,-0.1296295729637722,-0.0525302012150051,0.0745687254161397
176,-1.5750000000000086,0.0866471996230965,1.0,-0.1360005242448739,-0.0493533246217774,0.0801604701146461
177,-1.5500000000000087,0.0961950274974267,1.0,-0.0936873640652112,0.0025076634322154,0.08621164518008945
178,-1.5250000000000088,0.1057428553717564,1.0,0.109339475326678,0.2150823306984344,0.09272364761459029
179,-1.5000000000000089,0.1152906832460851,1.0,-0.0155959177473248,0.0996947654987602,0.09969283759590979
180,-1.475000000000009,0.1248385111204158,1.0,0.0408579138199523,0.1656964249403681,0.10711010062803927
181,-1.450000000000009,0.134386338994746,1.0,0.0306306038284888,0.1650169428232348,0.11496050674094484
182,-1.4250000000000091,0.1439341668690742,1.0,-0.0426834257012374,0.1012507411678368,0.12322309004387737
183,-1.4000000000000092,0.1534819947434043,1.0,-0.0448432228874022,0.108638771856002,0.1318707687897434
184,-1.375000000000009,0.1630298226177334,1.0,0.0734664394453655,0.2364962620630989,0.14087042132071736
185,-1.3500000000000094,0.1722802221674775,1.0,0.0435119623303845,0.2157921844978619,0.1501831270089069
186,-1.3250000000000095,0.1804996199341324,1.0,-0.1404003782199498,0.0400992417141826,0.15976457391272816
187,-1.3000000000000096,0.1887190177007899,1.0,-0.0228575618014642,0.1658614558993257,0.16956562681587323
188,-1.2750000000000097,0.1969384154674457,1.0,-0.0125322034573951,0.1844062120100505,0.17953304118355037
189,-1.2500000000000098,0.2051578132341016,1.0,-0.0688387315166985,0.136319081717403,0.18961030099219556
190,-1.22500000000001,0.2166374353415796,1.0,0.0793514404196629,0.2959888757612425,0.19973855197877516
191,-1.20000000000001,0.2301566460441634,1.0,-0.0708291108958553,0.159327535148308,0.20985759714083269
192,-1.17500000000001,0.2436758567467482,1.0,0.0423214314739214,0.2859972882206696,0.21990691867560277
193,-1.15000000000001,0.2574412533371771,1.0,0.062888529581476,0.3203297829186531,0.2298266901589383
194,-1.1250000000000102,0.2714662694640917,1.0,-0.1146398304209967,0.1568264390430949,0.23955874460238955
195,-1.1000000000000103,0.2854912855910052,1.0,0.008794548558246,0.2942858341492512,0.24904746785573734
196,-1.0750000000000104,0.3009758757582634,1.0,0.1357923903665062,0.4367682661247696,0.2582405922398354
197,-1.0500000000000105,0.30500159289313,1.0,0.113113599736944,0.418115192630074,0.2670898717842094
198,-1.0250000000000106,0.3073249587344142,1.0,-0.1112185187957618,0.1961064399386523,0.2755516274397604
199,-1.0000000000000109,0.3096483245756988,1.0,-0.0646781398124715,0.2449701847632272,0.28358715758947955
200,-0.9750000000000107,0.3119716904169831,1.0,-0.0506232592457688,0.2613484311712142,0.2911630156101308
201,-0.9500000000000108,0.3130574019168323,1.0,-0.0479962778911448,0.2650611240256874,0.2982511617762585
202,-0.9250000000000108,0.3185942657948016,1.0,0.052292939958078,0.3708872057528796,0.3048290012047593
203,-0.900000000000011,0.3223214059590183,1.0,0.1490100660041049,0.4713314719631232,0.3108793227048395
204,-0.8750000000000111,0.3259538400862981,1.0,-0.0302900008884322,0.2956638391978658,0.3163901553324114
205,-0.8500000000000112,0.3263942471489829,1.0,-0.0540467543811871,0.2723474927677957,0.3213545602513323
206,-0.8250000000000113,0.327992748836547,1.0,-0.002369319717967,0.3256234291185799,0.32577037534171505
207,-0.8000000000000114,0.3295912505241116,1.0,0.0683354406135884,0.3979266911377001,0.3296399290689356
208,-0.7750000000000115,0.3311897522116755,1.0,0.0722554309444715,0.403445183156147,0.3329697386468629
209,-0.7500000000000115,0.3327882538992405,1.0,0.0249526487752356,0.3577409026744761,0.3357702056960711
210,-0.7250000000000116,0.332219758671775,1.0,0.0707066744160801,0.4029264330878551,0.3380553205895398
211,-0.7000000000000117,0.3312034958041767,1.0,-0.118110069846334,0.2130934259578426,0.3398423846402742
212,-0.6750000000000118,0.3309033572646788,1.0,-0.0237163106938721,0.3071870465708066,0.3411517573291477
213,-0.6500000000000119,0.334846382008839,1.0,0.0393300046292273,0.3741763866380663,0.3420066339760006
214,-0.625000000000012,0.3460782347858069,1.0,-0.0833807728902065,0.2626974618956004,0.3424328576729746
215,-0.6000000000000121,0.3573778666261308,1.0,-0.0559747701786907,0.30140309644744,0.342458767952794
216,-0.5750000000000122,0.3605805540274557,1.0,-0.0211953308138744,0.3393852232135813,0.34211508756563735
217,-0.5500000000000123,0.3615099532445132,1.0,0.0335711218515633,0.3950810750960765,0.3414348478834814
218,-0.5250000000000123,0.3438333045644053,1.0,-0.2438697240829702,0.099963580481435,0.34045335283156164
219,-0.5000000000000124,0.336406585930861,1.0,-0.1193018630926051,0.2171047228382558,0.3392081808518266
220,-0.4750000000000125,0.3327578798256013,1.0,-0.0187544798347351,0.3140033999908661,0.33773922422450264
221,-0.4500000000000126,0.329127444894812,1.0,0.0739671848274505,0.4030946297222625,0.3360887651080419
222,-0.4250000000000127,0.3255315532409583,1.0,0.0349423301413987,0.360473883382357,0.33430158791027603
223,-0.4000000000000128,0.3239439189141854,1.0,0.0699077550020045,0.3938516739161899,0.3324251280907416
224,-0.3750000000000129,0.3381382307274382,1.0,-0.1044601659170085,0.2336780648104296,0.33050965824490536
225,-0.3500000000000129,0.3507105429965006,1.0,-0.0182155569341836,0.3324949860623169,0.32860851337836666
226,-0.325000000000013,0.3531125912742764,1.0,0.0602488877390853,0.4133614790133617,0.3267783587008427
227,-0.3000000000000131,0.3592062648398796,1.0,0.0419366273134244,0.401142892153304,0.3250795051271894
228,-0.2750000000000132,0.3543690391752285,1.0,-0.09683178368869,0.2575372554865384,0.32357628004887035
229,-0.2500000000000133,0.3492405703972042,1.0,0.1344594085989312,0.4836999789961355,0.32233746392236584
230,-0.2250000000000134,0.3427966324618342,1.0,-0.1168411434881016,0.2259554889737325,0.3214368068957561
231,-0.2000000000000135,0.3369129478681139,1.0,0.091867675322367,0.4287806231904809,0.3209536441266377
232,-0.1750000000000136,0.3356173493397383,1.0,-0.0659376070379149,0.2696797423018233,0.3209736336560856
233,-0.1500000000000136,0.3394672410999063,1.0,0.0175423275711804,0.3570095686710867,0.3215896466323514
234,-0.1250000000000137,0.3433171328600748,1.0,-0.0058768699746784,0.3374402628853964,0.3229028460946466
235,-0.1000000000000138,0.3470234477918152,1.0,-0.1871689852157086,0.1598544625761065,0.325023996843039
236,-0.0750000000000139,0.3504663608574753,1.0,0.0638315330851354,0.4142978939426107,0.3280750537112681
237,-0.050000000000014,0.353909273923136,1.0,-0.0140336006984966,0.3398756732246393,0.3321910753656398
238,-0.0250000000000141,0.3579297208730801,1.0,0.0603519491102561,0.4182816699833362,0.3375224971264557
239,-1.4210854715202004e-14,0.362550209393884,1.0,-0.0374649097275997,0.3250852996662842,0.34423774881173963
240,0.0249999999999861,0.3781391288735504,1.0,-0.0052337770106287,0.3729053518629217,0.35252607394464697
241,0.0499999999999856,0.3937280483532173,1.0,0.0178781380929953,0.4116061864462126,0.362600084429717
242,0.074999999999985,0.4005916233020309,1.0,-0.0692364341967139,0.3313551891053169,0.3746968274182777
243,0.0999999999999854,0.3970855833498149,1.0,-0.0454464962203485,0.3516390871294664,0.3890744403649512
244,0.1249999999999857,0.3934667274259835,1.0,0.0010153668970392,0.3944820943230228,0.40599782326143996
245,0.1499999999999852,0.4064087925309567,1.0,0.0298414824981673,0.436250275029124,0.42569934601881104
246,0.1749999999999847,0.4202962462258844,1.0,0.0530973456306474,0.4733935918565318,0.4482866067295321
247,0.199999999999985,0.4341673792135911,1.0,-0.0765515324780588,0.3576158467355322,0.4735458161632542
248,0.2249999999999854,0.4457225048374642,1.0,-0.0321342208200677,0.4135882840173964,0.5005598966551894
249,0.2499999999999849,0.4574335616863358,1.0,0.0609200934605697,0.5183536551469056,0.5270598937598575
250,0.2749999999999843,0.479431533816214,1.0,0.0278075948887565,0.5072391287049706,0.5486046111046047
251,0.2999999999999847,0.4932932955915686,1.0,0.145579730374705,0.6388730259662736,0.5584431649630849
252,0.3249999999999851,0.4942886003081885,1.0,0.1305296454847302,0.6248182457929188,0.5505165583371605
253,0.3499999999999845,0.4952839050248093,1.0,0.0140305759656856,0.5093144809904949,0.5272154131943461
254,0.374999999999984,0.4949265924578684,1.0,-0.1223371475646465,0.3725894448932219,0.5028072602441812
255,0.3999999999999843,0.4942092486551032,1.0,-0.0372076036127219,0.4570016450423812,0.49023738172178305
256,0.4249999999999847,0.4934919048523382,1.0,0.094968529475657,0.5884604343279952,0.48838051850878345
257,0.4499999999999842,0.4872642748784002,1.0,0.0075747650539822,0.4948390399323824,0.48810927477331867
258,0.4749999999999836,0.4799200200810075,1.0,-0.0440828003991519,0.4358372196818555,0.4831837220771844
259,0.499999999999984,0.4725757652836143,1.0,0.1182322766672425,0.5908080419508569,0.4731693982043737
260,0.5249999999999844,0.4652315104862232,1.0,-0.0173942625555665,0.4478372479306566,0.4607811042260028
261,0.5499999999999838,0.464194520888157,1.0,-0.0326810333973598,0.4315134874907971,0.4489756236182016
262,0.5749999999999833,0.4633602831846545,1.0,0.0379730157435146,0.5013332989281691,0.4396900331936641
263,0.5999999999999837,0.4566540877889862,1.0,-0.2280805743410982,0.2285735134478879,0.4337758279244787
264,0.624999999999984,0.4564298548291325,1.0,-0.0855010048601464,0.370928849968986,0.4313462989498874
265,0.6499999999999835,0.462150377909486,1.0,0.0055504058172712,0.4677007837267573,0.43212240630032295
266,0.674999999999983,0.4656606556693364,1.0,0.0360572047012274,0.5017178603705639,0.4356640238823615
267,0.6999999999999833,0.4691219039654002,1.0,0.1049404575561364,0.5740623615215367,0.441497434268481
268,0.7249999999999837,0.4725831522614634,1.0,0.0598243765498769,0.5324075288113403,0.4491758456619295
269,0.7499999999999831,0.4760444005575273,1.0,-0.1047831092739857,0.3712612912835415,0.45830301090328784
270,0.7749999999999826,0.4795056488535897,1.0,-0.0844583794814681,0.3950472693721216,0.46853861397759383
271,0.799999999999983,0.4837738573524517,1.0,0.0415481174963596,0.5253219748488113,0.47959557752941157
272,0.8249999999999833,0.4881830283979283,1.0,-0.1487395466931867,0.3394434817047416,0.49123435861298265
273,0.8499999999999828,0.4925921994434034,1.0,0.0931562513009053,0.5857484507443087,0.5032565757602658
274,0.8749999999999822,0.4970013704888802,1.0,0.0200161070244657,0.5170174775133459,0.5154989516428181
275,0.8999999999999826,0.4969790868696268,1.0,0.0562433756974368,0.5532224625670636,0.5278279172843657
276,0.924999999999983,0.4953232175866749,1.0,0.1824515235994771,0.677774741186152,0.5401349435096433
277,0.9499999999999824,0.493284815323079,1.0,0.091468076607458,0.584752891930537,0.5523325542572591
278,0.974999999999982,0.4900031299846027,1.0,0.0744895639946605,0.5644926939792632,0.5643509410669176
279,0.9999999999999822,0.4867214446461252,1.0,0.004591262595255,0.4913127072413802,0.5761350941753824
280,1.0249999999999826,0.4917524685829775,1.0,0.0905504110436648,0.5823028796266424,0.5876423731915753
281,1.049999999999982,0.498695877671493,1.0,-0.187130711242956,0.311565166428537,0.5988404507683458
282,1.0749999999999815,0.5056392867600079,1.0,-0.0039411763539752,0.5016981104060326,0.6097055727965233
283,1.099999999999982,0.512582695848524,1.0,-0.0288060828924412,0.4837766129560827,0.6202210874252476
284,1.1249999999999822,0.5195261049370398,1.0,0.0103076794724017,0.5298337844094415,0.6303762025579617
285,1.1499999999999817,0.5240052587981864,1.0,-0.0183510723108892,0.5056541864872971,0.6401649375724863
286,1.1749999999999812,0.5277716188473062,1.0,0.0799907246047438,0.60776234345205,0.64958524010345
287,1.1999999999999815,0.5274712891631933,1.0,0.003413533975697,0.5308848231388904,0.6586382430124058
288,1.224999999999982,0.5257953667763772,1.0,-0.0208883724438761,0.504906994332501,0.667327640313783
289,1.2499999999999811,0.5309611878955832,1.0,0.0327559166762665,0.5637171045718498,0.6756591639400212
290,1.2749999999999808,0.5361718355000891,1.0,-0.0157654566861782,0.5204063788139108,0.6836401459025738
291,1.2999999999999812,0.5401643425432773,1.0,0.0745695085226103,0.6147338510658876,0.6912791527019189
292,1.3249999999999815,0.5435356760283343,1.0,-0.0566319377827877,0.4869037382455465,0.6985856808108454
293,1.349999999999981,0.5469070095133907,1.0,-0.0669224140023144,0.4799845955110762,0.7055699037438313
294,1.3749999999999805,0.5463371769586494,1.0,0.0070960701660965,0.553433247124746,0.7122424626681956
295,1.3999999999999808,0.5455955935727625,1.0,-0.1618301776019321,0.3837654159708304,0.7186142937423695
296,1.4249999999999812,0.5453928264032798,1.0,-0.0298110603407354,0.5155817660625444,0.7246964864120545
297,1.4499999999999806,0.5447798211188595,1.0,0.0304276564171011,0.5752074775359607,0.7305001677818596
298,1.47499999999998,0.5431901635357117,1.0,-0.0100171565748219,0.5331730069608897,0.7360364089311286
299,1.4999999999999805,0.5410421445364255,1.0,-0.0166696296934149,0.5243725148430106,0.7413161496780409
300,1.5249999999999808,0.5388941255371388,1.0,-0.1447083941491301,0.3941857313880087,0.7463501388332344
301,1.5499999999999805,0.5367461065378525,1.0,-0.0996056109019735,0.437140495635879,0.7511488874382007
302,1.5749999999999795,0.5350436491630579,1.0,0.0298891075417752,0.5649327567048331,0.7557226328674851
303,1.59999999999998,0.5326862403355106,1.0,0.0560968757142851,0.5887831160497957,0.7600813119983667
304,1.6249999999999805,0.5303288315079621,1.0,0.1055405333085307,0.6358693648164928,0.7642345419264379
305,1.64999999999998,0.5279714226804143,1.0,-0.1136307773313314,0.4143406453490829,0.7681916069383231
306,1.6749999999999794,0.5256140138528662,1.0,0.0631585245276319,0.5887725383804981,0.7719614506501803
307,1.6999999999999795,0.5232566050253187,1.0,-0.0878288245491385,0.4354277804761801,0.775552672388261
308,1.72499999999998,0.5208637618710462,1.0,-0.0364597388935401,0.484404022977506,0.7789735270302192
309,1.7499999999999796,0.5161106963834093,1.0,-0.1179317350495194,0.3981789613338899,0.7822319276470286
310,1.774999999999979,0.504402652901697,1.0,-0.0378576938332345,0.4665449590684624,0.7853354503884594
311,1.7999999999999794,0.4847200651370298,1.0,0.0370527955202296,0.5217728606572595,0.7882913411428865
312,1.82499999999998,0.4593005948832263,1.0,0.1302754719573637,0.58957606684059,0.7911065235770356
313,1.8499999999999792,0.4271366338848639,1.0,-0.0512327716525234,0.3759038622323404,0.7937876082249791
314,1.874999999999979,0.3955381537892524,1.0,0.0848476436962638,0.4803857974855162,0.7963409023500241
315,1.899999999999979,0.3649036509569149,1.0,-0.0803640124550271,0.2845396385018877,0.798772420349361
316,1.92499999999998,0.3454402370163659,1.0,0.0466263864665251,0.392066623482891,0.8010878945107179
317,1.9499999999999789,0.3315852766708388,1.0,0.0725893888991256,0.4041746655699645,0.8032927859636808
318,1.9749999999999783,0.3177630332694535,1.0,-0.055636039897105,0.2621269933723484,0.8053922956968323
319,1.999999999999979,0.3044311502332801,1.0,0.0222746758656184,0.3267058260988985,0.8073913755358836
320,-1.9750000000000072,0.8221314248563546,2.0,0.0266211854242974,0.8487526102806521,0.9039921117145067
321,-1.9500000000000075,0.8225025298219159,2.0,0.0201182120849559,0.8426207419068718,0.8835596373608194
322,-1.925000000000008,0.8228736347874774,2.0,0.1539239829377199,0.9767976177251974,0.866841978896561
323,-1.900000000000008,0.8232447397530391,2.0,0.0642839603600746,0.8875287001131138,0.8535970692295868
324,-1.8750000000000075,0.8236158447186003,2.0,0.0886966932304462,0.9123125379490464,0.8435029284220973
325,-1.850000000000008,0.8239869496841619,2.0,0.0029460119301697,0.8269329616143316,0.8361855879409115
326,-1.825000000000008,0.8243580546497231,2.0,-0.0857858966205199,0.7385721580292032,0.8312452669187015
327,-1.8000000000000078,0.8247291596152849,2.0,-0.0091642428247167,0.8155649167905682,0.8282790246470585
328,-1.775000000000008,0.825100264580846,2.0,-0.0366155531238451,0.7884847114570008,0.8268989033498794
329,-1.750000000000008,0.8254713695464073,2.0,0.0117590997550819,0.8372304693014893,0.8267452594709401
330,-1.725000000000008,0.825842474511969,2.0,-0.0084803647176047,0.8173621097943643,0.8274955053522444
331,-1.7000000000000082,0.8262135794775303,2.0,-0.0729001348938525,0.7533134445836777,0.8288688305593345
332,-1.6750000000000085,0.8265846844430919,2.0,-0.0570106305874411,0.7695740538556508,0.8306276558091218
333,-1.6500000000000083,0.8269557894086532,2.0,0.043578846064811,0.8705346354734642,0.8325766226442759
334,-1.6250000000000084,0.8273268943742147,2.0,0.0208115105597353,0.84813840493395,0.8345598765787611
335,-1.6000000000000083,0.827697999339776,2.0,0.1018743989135739,0.92957239825335,0.8364572980133325
336,-1.5750000000000086,0.8280691043053375,2.0,-0.0436730715207527,0.7843960327845848,0.8381802056662764
337,-1.5500000000000087,0.8284402092708989,2.0,0.0327427652364366,0.8611829745073355,0.8396669251251043
338,-1.5250000000000088,0.8288113142364602,2.0,-0.0036145760255546,0.8251967382109056,0.8408784953408858
339,-1.5000000000000089,0.8291824192020216,2.0,0.1002708872573262,0.929453306459348,0.8417946860634435
340,-1.475000000000009,0.8295535241675829,2.0,-0.050772269830048,0.7787812543375349,0.8424104215579938
341,-1.450000000000009,0.8299246291331447,2.0,0.0337922407423285,0.8637168698754732,0.8427326492271401
342,-1.4250000000000091,0.8302957340987058,2.0,-0.0425356892058089,0.7877600448928969,0.8427776529624325
343,-1.4000000000000092,0.8306668390642672,2.0,-0.0268259583734133,0.8038408806908539,0.8425687865100115
344,-1.375000000000009,0.8310379440298288,2.0,0.1309902488887894,0.9620281929186182,0.8421345882878356
345,-1.3500000000000094,0.8314090489953899,2.0,0.0317573446776273,0.8631663936730173,0.8415072328339176
346,-1.3250000000000095,0.8317801539609516,2.0,-0.0052231504478899,0.8265570035130616,0.8407212728944656
347,-1.3000000000000096,0.8321512589265129,2.0,0.0470431151755408,0.8791943741020537,0.8398126281737867
348,-1.2750000000000097,0.8325300572416592,2.0,-0.0417264931428298,0.7908035640988293,0.8388177805841044
349,-1.2500000000000098,0.8329303921700849,2.0,0.0025663989784596,0.8354967911485446,0.8377731404961286
350,-1.22500000000001,0.8333307270985104,2.0,0.0525146803868604,0.8858454074853708,0.8367145533677658
351,-1.20000000000001,0.8337310620269358,2.0,-0.1069054754972874,0.7268255865296483,0.8356769208236081
352,-1.17500000000001,0.8341063275642702,2.0,-0.0190158292817722,0.8150904982824979,0.8346939145451624
353,-1.15000000000001,0.8344724194397974,2.0,-0.0710260850058932,0.7634463344339042,0.8337977650986602
354,-1.1250000000000102,0.8348385113153248,2.0,-0.0310165531975116,0.8038219581178132,0.8330191110379914
355,-1.1000000000000103,0.835204603190852,2.0,0.053590382702232,0.888794985893084,0.8323868962865777
356,-1.0750000000000104,0.8355706950663793,2.0,0.0031875756667312,0.8387582707331105,0.8319283059645921
357,-1.0500000000000105,0.8359367869419065,2.0,0.1377369539826297,0.9736737409245362,0.8316687325432047
358,-1.0250000000000106,0.8363028788174338,2.0,0.0109246558801103,0.8472275346975441,0.8316317655378619
359,-1.0000000000000109,0.8372741892723778,2.0,-0.0509325402689835,0.7863416490033943,0.8318391989612375
360,-0.9750000000000107,0.8399166077869437,2.0,0.0499680260693943,0.889884633856338,0.8323110515028268
361,-0.9500000000000108,0.8421674678634793,2.0,-0.0953598471385517,0.7468076207249275,0.83306559493962
362,-0.9250000000000108,0.8444183279400153,2.0,0.0730923277341069,0.9175106556741224,0.8341193866569383
363,-0.900000000000011,0.84758055807248,2.0,-0.108157877370793,0.7394226807016869,0.8354873024081668
364,-0.8750000000000111,0.8522216434704644,2.0,-0.129752808154123,0.7224688353163413,0.8371825655962741
365,-0.8500000000000112,0.8568627288684487,2.0,0.0148520278868834,0.8717147567553322,0.8392167694406168
366,-0.8250000000000113,0.861503814266433,2.0,0.1013532142828727,0.9628570285493055,0.8415998884139031
367,-0.8000000000000114,0.8661448996644178,2.0,-0.242014223946235,0.6241306757181827,0.8443402753048501
368,-0.7750000000000115,0.8707859850624019,2.0,-0.0377413447643392,0.8330446402980627,0.8474446401849877
369,-0.7500000000000115,0.8754270704603861,2.0,-0.0214914133281153,0.8539356571322708,0.8509180074323234
370,-0.7250000000000116,0.8800681558583705,2.0,-0.037540553653743,0.8425276022046274,0.8547636467865796
371,-0.7000000000000117,0.884709241256355,2.0,-0.0069949639092676,0.8777142773470873,0.8589829741749974
372,-0.6750000000000118,0.8893503266543394,2.0,-0.0107213210924119,0.8786290055619275,0.8635754177491379
373,-0.6500000000000119,0.8939914120523238,2.0,0.0584816665322464,0.9524730785845704,0.8685382442074941
374,-0.625000000000012,0.898632497450308,2.0,-0.0374220757143243,0.8612104217359837,0.8738663400457175
375,-0.6000000000000121,0.9032735828482928,2.0,-0.0374142008790868,0.8658593819692061,0.8795519418809229
376,-0.5750000000000122,0.9079146682462768,2.0,-0.0525127256306338,0.855401942615643,0.8855843094536134
377,-0.5500000000000123,0.9125557536442612,2.0,0.0722422605037588,0.98479801414802,0.8919493343486918
378,-0.5250000000000123,0.9171968390422458,2.0,-0.0014033650124765,0.9157934740297692,0.8986290769456374
379,-0.5000000000000124,0.92183792444023,2.0,0.0219694980461162,0.9438074224863464,0.9056012236877125
380,-0.4750000000000125,0.926658892770102,2.0,-0.0663535620631935,0.8603053307069085,0.9128384565767177
381,-0.4500000000000126,0.9320626070950924,2.0,-0.0526734162541943,0.879389190840898,0.9203077270448357
382,-0.4250000000000127,0.937466321420083,2.0,0.0419758720504943,0.9794421934705774,0.9279694273144733
383,-0.4000000000000128,0.9428700357450732,2.0,0.0537315936472579,0.9966016293923312,0.9357764544528754
384,-0.3750000000000129,0.9482737500700636,2.0,0.1076893642624177,1.0559631143324812,0.9436731661769374
385,-0.3500000000000129,0.953677464395054,2.0,-0.0096347020432813,0.9440427623517724,0.9515942339566221
386,-0.325000000000013,0.9590811787200444,2.0,0.0477593629750267,1.0068405416950712,0.9594634093821783
387,-0.3000000000000131,0.9644848930450348,2.0,-0.0158422381578249,0.9486426548872098,0.9671922359209041
388,-0.2750000000000132,0.969888607370025,2.0,-0.0428396668139531,0.927048940556072,0.9746787626583509
389,-0.2500000000000133,0.975292321695016,2.0,0.0271961921054111,1.0024885138004271,0.9818063529691842
390,-0.2250000000000134,0.9804563844024806,2.0,-0.0713071497782098,0.9091492346242708,0.9884427341957523
391,-0.2000000000000135,0.9854166320715466,2.0,0.0772374029656764,1.062654035037223,0.9944395109132224
392,-0.1750000000000136,0.9903794760138128,2.0,-0.0189957272275976,0.9713837487862153,0.9996324728122429
393,-0.1500000000000136,0.9949700463458624,2.0,0.0637229453021537,1.058692991648016,1.0038431793141767
394,-0.1250000000000137,0.9982099075756612,2.0,0.0457653397839845,1.0439752473596458,1.0068825090606384
395,-0.1000000000000138,0.999148616641357,2.0,-0.0049771603231089,0.994171456318248,1.0085571356594165
396,-0.0750000000000139,0.9994251080824808,2.0,-0.0863465007251194,0.9130786073573612,1.0086802398571182
397,-0.050000000000014,0.9997015995236048,2.0,-0.0870256562853083,0.9126759432382964,1.0070881895125472
398,-0.0250000000000141,0.9999780909647284,2.0,-0.122182046764284,0.8777960442004444,1.003665385221195
399,-1.4210854715202004e-14,1.0,2.0,0.1003200136489886,1.1003200136489886,0.998379912394678
400,0.0249999999999861,0.997996822052476,2.0,-0.0241960608583419,0.973800761194134,0.991332930699983
401,0.0499999999999856,0.9960201107074448,2.0,0.0427277641196867,1.0387478748271315,0.9828246701133071
402,0.074999999999985,0.9918362729055572,2.0,0.0147220869285415,1.0065583598340988,0.9734392383499492
403,0.0999999999999854,0.986945999425101,2.0,0.0364076449268057,1.023353644351907,0.9641489128043178
404,0.1249999999999857,0.9822388982917712,2.0,-0.0029675029803021,0.9792713953114692,0.9564358383914606
405,0.1499999999999852,0.9804326488370892,2.0,-0.0734719713753636,0.9069606774617256,0.9524238013719241
406,0.1749999999999847,0.9787447814235408,2.0,-0.0552276342861654,0.9235171471373754,0.9549985465727822
407,0.199999999999985,0.9779749190933008,2.0,-0.0585434663273587,0.919431452765942,0.9678407728416826
408,0.2249999999999854,0.9781796458819876,2.0,0.064822545070332,1.0430021909523195,0.995049633869633
409,0.2499999999999849,0.9784357176345708,2.0,0.0440905523496699,1.0225262699842408,1.0388267590667823
410,0.2749999999999843,0.9787098922939016,2.0,0.0957062410790688,1.0744161333729705,1.0877968263386804
411,0.2999999999999847,0.9766384626061544,2.0,0.1060472284124246,1.082685691018579,1.0700483161518772
412,0.3249999999999851,0.973084880121025,2.0,-0.0860262233029284,0.8870586568180965,0.8937157046178723
413,0.3499999999999845,0.9684936941198046,2.0,0.0640750136845034,1.032568707804308,0.9501089972180898
414,0.374999999999984,0.9639440741818656,2.0,0.0746127147307054,1.038556788912571,1.028414779957499
415,0.3999999999999843,0.9600326064797008,2.0,0.0154565026232156,0.9754891091029164,0.9836965774619442
416,0.4249999999999847,0.956875339210096,2.0,-0.0213009305703831,0.9355744086397128,0.950719741060003
417,0.4499999999999842,0.9537180719404912,2.0,0.0655595223485055,1.019277594288997,0.9462469434440081
418,0.4749999999999836,0.9505608046708862,2.0,0.0698103942801376,1.0203711989510238,0.9531687746285706
419,0.499999999999984,0.9473291314632484,2.0,-0.0070223299827914,0.9403068014804568,0.9602013816523258
420,0.5249999999999844,0.942533366041721,2.0,-0.0712125326647033,0.8713208333770177,0.9632028597085
421,0.5499999999999838,0.9381121593025246,2.0,0.0455301945454759,0.9836423538480006,0.9615976617854385
422,0.5749999999999833,0.9336909525633283,2.0,-0.0027994032614875,0.9308915493018408,0.9561153426777741
423,0.5999999999999837,0.929088849647408,2.0,0.0989486432896576,1.0280374929370657,0.9477751900793157
424,0.624999999999984,0.9245613280142332,2.0,0.0458381447849003,0.9703994727991336,0.9375086573466079
425,0.6499999999999835,0.9183920336873624,2.0,-0.0219240709931077,0.8964679626942548,0.926055197362641
426,0.674999999999983,0.911916629155002,2.0,0.0940162315986592,1.0059328607536613,0.913962097449888
427,0.6999999999999833,0.9038585349938772,2.0,-0.0792227255732379,0.8246358094206393,0.9016171472329237
428,0.7249999999999837,0.8958422481765371,2.0,-0.0145743059681649,0.8812679422083721,0.8892863645324655
429,0.7499999999999831,0.8885358966147406,2.0,-0.0789272250483406,0.8096086715663999,0.8771471081830311
430,0.7749999999999826,0.8812306949007614,2.0,0.0060541761212158,0.8872848710219773,0.8653141631320048
431,0.799999999999983,0.8739219529820703,2.0,-0.1203735214021444,0.7535484315799259,0.853859113919018
432,0.8249999999999833,0.8666132110633786,2.0,0.0162583144600284,0.8828715255234071,0.8428241904915968
433,0.8499999999999828,0.8593044691446877,2.0,0.0401003012143803,0.8994047703590681,0.832231890351793
434,0.8749999999999822,0.8519957272259966,2.0,0.1070320310221993,0.959027758248196,0.8220915241970197
435,0.8999999999999826,0.8446869853073051,2.0,-0.0209627207587904,0.8237242645485147,0.8124035983278295
436,0.924999999999983,0.8373782433886139,2.0,-0.1021537171085581,0.7352245262800557,0.8031627186098856
437,0.9499999999999824,0.8300695014699229,2.0,-0.034895609710772,0.7951738917591509,0.7943595078984886
438,0.974999999999982,0.8227607595512317,2.0,0.0055426476411165,0.8283034071923483,0.7859818783238701
439,0.9999999999999822,0.8164791131633791,2.0,-0.0835541201084758,0.7329249930549032,0.7780158884207444
440,1.0249999999999826,0.8113437865547072,2.0,0.104727001672014,0.9160707882267212,0.770446335890086
441,1.049999999999982,0.805102220810037,2.0,0.1318390498713148,0.9369412706813518,0.7632571823823738
442,1.0749999999999815,0.7983335405882717,2.0,-0.0771496208231191,0.7211839197651525,0.7564318704640725
443,1.099999999999982,0.7911157838423538,2.0,0.2118346975632088,1.0029504814055628,0.7499535695052789
444,1.1249999999999822,0.7833321051278946,2.0,0.0630230323025118,0.8463551374304065,0.7438053725225711
445,1.1499999999999817,0.7755886344470913,2.0,-0.2155153908502276,0.5600732435968636,0.7379704570622662
446,1.1749999999999812,0.7678617034498479,2.0,-0.0418610398703226,0.7260006635795253,0.7324322179430774
447,1.1999999999999815,0.7601363769613014,2.0,0.0780954699407531,0.8382318469020545,0.7271743766929825
448,1.224999999999982,0.7524110504727552,2.0,-0.0283346879232468,0.7240763625495085,0.7221810708951107
449,1.2499999999999811,0.7446857239842094,2.0,-0.035770929231712,0.7089147947524973,0.717436925819132
450,1.2749999999999808,0.7369603974956632,2.0,0.0617795046606437,0.798739902156307,0.7129271102996895
451,1.2999999999999812,0.729235071007117,2.0,0.1272784070036591,0.8565134780107762,0.708637378620468
452,1.3249999999999815,0.7215097445185709,2.0,-0.0020900935133498,0.7194196510052211,0.7045541000519893
453,1.349999999999981,0.7137844180300245,2.0,-0.0730526327677448,0.6407317852622796,0.7006642776105015
454,1.3749999999999805,0.7060590915414793,2.0,-0.0040474578011693,0.7020116337403098,0.6969555575244586
455,1.3999999999999808,0.6983337650529325,2.0,0.0871877985596861,0.7855215636126187,0.6934162308031133
456,1.4249999999999812,0.6906084385643865,2.0,-0.0505053635718831,0.6401030749925033,0.6900352281970618
457,1.4499999999999806,0.6828831120758401,2.0,-0.0343470381003047,0.6485360739755353,0.6868021097260392
458,1.47499999999998,0.6751577855872944,2.0,0.1129267934645487,0.7880845790518431,0.6837070498296159
459,1.4999999999999805,0.6671432315221798,2.0,-0.0261345617487548,0.641008669773425,0.6807408190758386
460,1.5249999999999808,0.6590359538974916,2.0,0.0128502871630918,0.6718862410605835,0.6778947632453272
461,1.5499999999999805,0.650928676272803,2.0,-0.0345829128377897,0.6163457634350132,0.6751607804967207
462,1.5749999999999795,0.6428213986481149,2.0,-0.0180638810108849,0.62475751763723,0.6725312972155955
463,1.59999999999998,0.6347141210234258,2.0,0.0273999715564487,0.6621140925798746,0.6699992430542437
464,1.6249999999999805,0.6266068433987373,2.0,-0.0453586546165443,0.581248188782193,0.6675580255846545
465,1.64999999999998,0.6187939852855663,2.0,0.182936950874168,0.8017309361597342,0.6652015049114866
466,1.6749999999999794,0.6122389712454999,2.0,0.00370188507844,0.6159408563239399,0.6629239685257856
467,1.6999999999999795,0.6056839572054329,2.0,0.0011341223872566,0.6068180795926895,0.6607201066227892
468,1.72499999999998,0.5991289431653658,2.0,0.1284010710545214,0.7275300142198873,0.6585849880580162
469,1.7499999999999796,0.5925739291252995,2.0,0.0073115841085942,0.5998855132338937,0.6565140370739705
470,1.774999999999979,0.5860189150852331,2.0,-0.0269328850351209,0.5590860300501121,0.6545030108945435
471,1.7999999999999794,0.5794639010451659,2.0,0.038089278249307,0.6175531792944728,0.6525479782547902
472,1.82499999999998,0.5729088870050995,2.0,0.041871106032383,0.6147799930374824,0.6506452989093932
473,1.8499999999999792,0.566353872965033,2.0,0.0679880117987459,0.634341884763779,0.6487916041432472
474,1.874999999999979,0.5597988589249661,2.0,-0.0265355006101132,0.5332633583148527,0.6469837782914428
475,1.899999999999979,0.5532438448848994,2.0,-0.0417825234462664,0.511461321438633,0.6452189412630733
476,1.92499999999998,0.546688830844833,2.0,-0.0445248256734812,0.5021640051713518,0.6434944320531314
477,1.9499999999999789,0.5401338168047665,2.0,-0.0715436368235499,0.4685901799812165,0.6418077932189278
478,1.9749999999999783,0.5335788027646998,2.0,-0.1273942402203079,0.4061845625443918,0.6401567562915673
479,1.999999999999979,0.5270237887246327,2.0,-0.0036954830736634,0.5233283056509693,0.6385392280886704
480,-1.9750000000000072,0.1860980867439401,3.0,-0.0146491330343887,0.1714489537095513,0.1768407500942776
481,-1.9500000000000075,0.1835761304799373,3.0,-0.0807354851532452,0.102840645326692,0.17654949089752797
482,-1.925000000000008,0.1810541742159343,3.0,-0.077269518488601,0.1037846557273333,0.17581306488063414
483,-1.900000000000008,0.1785322179519316,3.0,0.0711331557735868,0.2496653737255184,0.17465625629369214
484,-1.8750000000000075,0.1760102616879286,3.0,0.0009724286769612,0.1769826903648898,0.17310675402348694
485,-1.850000000000008,0.1734883054239259,3.0,0.0146544468987362,0.1881427523226621,0.1711942117164342
486,-1.825000000000008,0.170966349159923,3.0,0.0689816928487513,0.2399480420086743,0.16894944878356452
487,-1.8000000000000078,0.1684443928959201,3.0,0.0099363680790435,0.1783807609749636,0.16640378176068618
488,-1.775000000000008,0.1659224366319172,3.0,0.0561192813792797,0.2220417180111969,0.16358847365952622
489,-1.750000000000008,0.1634004803679144,3.0,0.0515311404058003,0.2149316207737147,0.16053428821770557
490,-1.725000000000008,0.1606420310248177,3.0,-0.0471162327992091,0.1135257982256086,0.15727113601791062
491,-1.7000000000000082,0.1577295803532424,3.0,-0.1442223707293946,0.0135072096238477,0.15382780003845906
492,-1.6750000000000085,0.154817129681667,3.0,-0.0636837783674776,0.0911333513141894,0.15023172911476168
493,-1.6500000000000083,0.1519046790100917,3.0,-0.1289615471293773,0.0229431318807143,0.14650888888136587
494,-1.6250000000000084,0.1489612828007258,3.0,-0.0389448893228664,0.1100163934778593,0.14268366091780427
495,-1.6000000000000083,0.1460062409827756,3.0,-0.0634661124427663,0.0825401285400092,0.13877878196319576
496,-1.5750000000000086,0.1430511991648255,3.0,0.0203959148392412,0.1634471140040667,0.13481531614585782
497,-1.5500000000000087,0.1400961573468752,3.0,-0.0070295361642778,0.1330666211825973,0.13081265416633792
498,-1.5250000000000088,0.137141115528925,3.0,-0.0568854443714005,0.0802556711575244,0.126788534260889
499,-1.5000000000000089,0.1342151010229683,3.0,0.0119199599669468,0.1461350609899151,0.1227590805534198
500,-1.475000000000009,0.131320822252983,3.0,-0.0454036054122016,0.0859172168407813,0.11873885507999178
501,-1.450000000000009,0.1284265434829976,3.0,-0.0308916090517337,0.0975349344312638,0.1147409203483663
502,-1.4250000000000091,0.125532264713012,3.0,-0.052078157472169,0.0734541072408429,0.1107769097856521
503,-1.4000000000000092,0.1226379859430267,3.0,0.0618320665251362,0.1844700524681629,0.10685710384085931
504,-1.375000000000009,0.1197437071730411,3.0,-0.0712575219951309,0.0484861851779102,0.10299050985747568
505,-1.3500000000000094,0.1168494284030556,3.0,-0.0546255792723377,0.0622238491307178,0.09918494412473708
506,-1.3250000000000095,0.1139551496330702,3.0,0.0520630889320054,0.1660182385650756,0.09544711476507306
507,-1.3000000000000096,0.1109115798645908,3.0,0.0033910714503599,0.1143026513149507,0.09178270432779738
508,-1.2750000000000097,0.1078754678808933,3.0,-0.0243010123479512,0.083574455532942,0.08819645114275759
509,-1.2500000000000098,0.1058185142729474,3.0,0.0401432003362624,0.1459617146092098,0.08469222864827519
510,-1.22500000000001,0.1037062242996285,3.0,0.0388738508167331,0.1425800751163617,0.08127312204977827
511,-1.20000000000001,0.1013085149234537,3.0,-0.1085404379449859,-0.0072319230215322,0.07794150179261529
512,-1.17500000000001,0.0987727656606594,3.0,-0.0654927299923108,0.0332800356683485,0.0746990934468942
513,-1.15000000000001,0.0961805250742928,3.0,-0.055024237169271,0.0411562879050217,0.0715470437057371
514,-1.1250000000000102,0.0935353306620919,3.0,-0.0332177676167559,0.0603175630453359,0.06848598229196888
515,-1.1000000000000103,0.0908901362498911,3.0,-0.0214408157049404,0.0694493205449506,0.06551607965287072
516,-1.0750000000000104,0.0882449418376904,3.0,0.0777032350104368,0.1659481768481272,0.06263710039870657
517,-1.0500000000000105,0.0857901859246471,3.0,0.055402895339717,0.1411930812643642,0.05984845250866963
518,-1.0250000000000106,0.0834262212611292,3.0,-0.0556582613741218,0.0277679598870073,0.057149232388303134
519,-1.0000000000000109,0.0810622565976113,3.0,-0.0771134396756464,0.0039488169219648,0.05453826591572993
520,-0.9750000000000107,0.0786982919340934,3.0,-0.0788940995212772,-0.0001958075871838,0.05201414566113009
521,-0.9500000000000108,0.0763343272705755,3.0,0.0128254680046745,0.08915979527525,0.0495752645055536
522,-0.9250000000000108,0.0739257799040729,3.0,-0.1911633587745067,-0.1172375788704338,0.047219845922658515
523,-0.900000000000011,0.0705093609235678,3.0,0.0588809849000366,0.1293903458236044,0.04494597122155933
524,-0.8750000000000111,0.0670929419430627,3.0,-0.147535719623675,-0.0804427776806123,0.042751604082419147
525,-0.8500000000000112,0.0636765229625576,3.0,0.0569767674822745,0.1206532904448322,0.040634612750371675
526,-0.8250000000000113,0.0602587050128429,3.0,0.0639139660266506,0.1241726710394935,0.03859279029019532
527,-0.8000000000000114,0.0568380358266012,3.0,-0.0491827156784483,0.0076553201481528,0.03662387334625214
528,-0.7750000000000115,0.0542305642602598,3.0,-0.0101664732574517,0.044064091002808,0.03472555990241543
529,-0.7500000000000115,0.0531190310962631,3.0,-0.1060267767525788,-0.0529077456563156,0.032895526598515246
530,-0.7250000000000116,0.0513136727229543,3.0,0.0184474602646373,0.0697611329875916,0.03113144623712285
531,-0.7000000000000117,0.0468411430250785,3.0,-0.0277581927639376,0.0190829502611408,0.02943100621205484
532,-0.6750000000000118,0.0406381170825827,3.0,0.0231530806305992,0.0637911977131819,0.02779192871346732
533,-0.6500000000000119,0.0296565736317815,3.0,0.0659398531591413,0.0955964267909228,0.026211993720678103
534,-0.625000000000012,0.0163009835702757,3.0,0.0434733860868135,0.0597743696570892,0.02468906599119189
535,-0.6000000000000121,0.0102945828864177,3.0,0.0413288347228481,0.0516234176092658,0.02322112750286637
536,-0.5750000000000122,0.0035288923312409,3.0,0.1778281611774256,0.1813570535086665,0.021806317117879233
537,-0.5500000000000123,0.0,3.0,0.0285200522584555,0.0285200522584555,0.020442979626729415
538,-0.5250000000000123,0.000345058952586,3.0,0.0604392414629321,0.0607843004155181,0.019129726815407228
539,-0.5000000000000124,0.000889532292914,3.0,0.0107041190073778,0.0115936513002918,0.01786551379943037
540,-0.4750000000000125,0.0016665924197737,3.0,-0.0841084893700349,-0.0824418969502612,0.01664973460810566
541,-0.4500000000000126,0.0052680884249815,3.0,-0.0454787128797135,-0.040210624454732,0.0154823419070584
542,-0.4250000000000127,0.0177304187903392,3.0,0.0018840514262467,0.0196144702165859,0.014363996843589367
543,-0.4000000000000128,0.0183858062322569,3.0,0.1812757488277071,0.199661555059964,0.013296256312672497
544,-0.3750000000000129,0.0208867266778857,3.0,0.1633614245166146,0.1842481511945002,0.012281806488488515
545,-0.3500000000000129,0.0219895012954748,3.0,-0.0195210866269051,0.0024684146685696,0.011324753245934488
546,-0.325000000000013,0.0231855991075216,3.0,-0.0002433230188889,0.0229422760886326,0.010430982071097663
547,-0.3000000000000131,0.0242356336215057,3.0,0.0557152944225621,0.0799509280440678,0.009608602124384224
548,-0.2750000000000132,0.0244023350120291,3.0,0.0020888472685426,0.0264911822805717,0.008868491051818786
549,-0.2500000000000133,0.0241770008400037,3.0,-0.1197946559305381,-0.0956176550905344,0.008224958512777287
550,-0.2250000000000134,0.0236503942037557,3.0,-0.0708779972387156,-0.0472276030349599,0.007696546438903782
551,-0.2000000000000135,0.0232326172397137,3.0,0.1280995550268586,0.1513321722665723,0.007306981426311679
552,-0.1750000000000136,0.0265026282034383,3.0,-0.063160702572389,-0.0366580743689507,0.007086287132393993
553,-0.1500000000000136,0.03042891900084,3.0,-0.2420715121231713,-0.2116425931223313,0.007072048337007369
554,-0.1250000000000137,0.0350006469760482,3.0,0.0428004894761459,0.0778011364521941,0.0073107872564311385
555,-0.1000000000000138,0.040072753556415,3.0,-0.1125244488280636,-0.0724516952716486,0.007859356744317713
556,-0.0750000000000139,0.048331774188859,3.0,0.0234935537987387,0.0718253279875978,0.00878615812488591
557,-0.050000000000014,0.052671002635346,3.0,0.06025091743473,0.112921920070076,0.010171828262259123
558,-0.0250000000000141,0.0560799524110164,3.0,-0.0768178650916528,-0.0207379126806364,0.012108771984897541
559,-1.4210854715202004e-14,0.0566397982887938,3.0,-0.0689107487663775,-0.0122709504775837,0.014698483785830762
560,0.0249999999999861,0.0550089647099797,3.0,-0.0591013384215427,-0.004092373711563,0.01804492467443382
561,0.0499999999999856,0.0536494457615959,3.0,-0.0849113367013026,-0.0312618909397067,0.022241193994010706
562,0.074999999999985,0.0522898676157641,3.0,-0.1612162775992195,-0.1089264099834554,0.02734527301278859
563,0.0999999999999854,0.0523841526386096,3.0,0.1695865759170191,0.2219707285556287,0.03333876211851776
564,0.1249999999999857,0.0468238408029709,3.0,0.0304031987812331,0.077227039584204,0.040060819455774103
565,0.1499999999999852,0.0437362479910834,3.0,0.0017342960413679,0.0454705440324513,0.04710988007562016
566,0.1749999999999847,0.04230047604095,3.0,-0.0697650926512838,-0.0274646166103338,0.05371367023033797
567,0.199999999999985,0.0403279805208027,3.0,0.1012030339804379,0.1415310145012406,0.05859632962760364
568,0.2249999999999854,0.0386403023674162,3.0,0.0715313887687742,0.1101716911361904,0.05994146788939846
569,0.2499999999999849,0.0325238322407998,3.0,0.0075050503321278,0.0400288825729276,0.055656626088967556
570,0.2749999999999843,0.0258935029141036,3.0,-0.0288716144793611,-0.0029781115652575,0.044018250836077785
571,0.2999999999999847,0.0193298702374355,3.0,0.0354961415725058,0.0548260118099413,0.02288547946901627
572,0.3249999999999851,0.0152734221594111,3.0,-0.0361761323768334,-0.0209027102174223,-0.02172798952607116
573,0.3499999999999845,0.0100571313646625,3.0,-0.0022164557919594,0.007840675572703,-0.12210368939607755
574,0.374999999999984,0.0060332525252383,3.0,-0.1319711444135823,-0.125937891888344,-0.11531987310129246
575,0.3999999999999843,0.0041140073166185,3.0,0.0004900084381823,0.0046040157548008,-0.017633610445965932
576,0.4249999999999847,0.004094128244021,3.0,-0.0886677434846036,-0.0845736152405826,-0.06088304855914977
577,0.4499999999999842,0.0074182400976232,3.0,-0.1149273590450617,-0.1075091189474385,-0.08218574521907489
578,0.4749999999999836,0.0087873312768344,3.0,-0.0327968215071893,-0.0240094902303549,-0.054862907298643175
579,0.499999999999984,0.0154554989859082,3.0,-0.0289195839750711,-0.0134640849891629,-0.01627550889739349
580,0.5249999999999844,0.023658212679252,3.0,-0.0843317328511549,-0.0606735201719029,0.013053441141399355
581,0.5499999999999838,0.0327730866305954,3.0,-0.0076805285864408,0.0250925580441545,0.028977156138306225
582,0.5749999999999833,0.0412737149844017,3.0,0.012761760298778,0.0540354752831797,0.03411033817133854
583,0.5999999999999837,0.0489398847407421,3.0,0.1068096685185678,0.1557495532593099,0.03259062257621867
584,0.624999999999984,0.0565407550485799,3.0,0.0037630622951452,0.0603038173437251,0.028094950243585964
585,0.6499999999999835,0.0645712942950565,3.0,-0.138112548307324,-0.0735412540122675,0.023326353862396898
586,0.674999999999983,0.0715526814353331,3.0,-0.1241398419127438,-0.0525871604774107,0.0200460892069869
587,0.6999999999999833,0.0776231184307653,3.0,-0.104108318444512,-0.0264852000137467,0.01926386161937775
588,0.7249999999999837,0.0840263624864244,3.0,-0.0180977635057852,0.0659285989806391,0.021442393712121165
589,0.7499999999999831,0.0907053942088581,3.0,0.0274060349667463,0.1181114291756045,0.02667095805542914
590,0.7749999999999826,0.0973844259312919,3.0,-0.1793596149011071,-0.0819751889698152,0.03479924125259157
591,0.799999999999983,0.1040634576537257,3.0,0.0006895153665978,0.1047529730203235,0.04553527924697711
592,0.8249999999999833,0.1112712046458736,3.0,0.0126243309341171,0.1238955355799907,0.05851441002952488
593,0.8499999999999828,0.1184873575548309,3.0,0.211049790644463,0.3295371481992939,0.07334613612720321
594,0.8749999999999822,0.1257986645366198,3.0,0.0397252602119713,0.1655239247485911,0.08964471930698979
595,0.8999999999999826,0.1331470867779496,3.0,-0.1973959441292726,-0.064248857351323,0.10704808656827193
596,0.924999999999983,0.1404174777982044,3.0,-0.0123876785237146,0.1280297992744897,0.12522851093170564
597,0.9499999999999824,0.1475115834802029,3.0,0.0323724192338646,0.1798840027140675,0.14389762702637807
598,0.974999999999982,0.1547255785802685,3.0,-0.0213317006925127,0.1333938778877557,0.16280764691033578
599,0.9999999999999822,0.15988359800262,3.0,0.057590105668899,0.217473703671519,0.18175012188366152
600,1.0249999999999826,0.165574592628591,3.0,-0.0745404022942735,0.0910341903343174,0.20055321178184665
601,1.049999999999982,0.1698812942207893,3.0,-0.0272199411566333,0.1426613530641559,0.21907813988543234
602,1.0749999999999815,0.1741901924382966,3.0,0.0695798142848331,0.2437700067231297,0.23721530251673614
603,1.099999999999982,0.1784990906558042,3.0,0.0221444835216655,0.2006435741774697,0.25488034824590355
604,1.1249999999999822,0.1828079888733116,3.0,-0.0505556740416521,0.1322523148316594,0.27201042857927443
605,1.1499999999999817,0.1871168870908192,3.0,0.0124194371219762,0.1995363242127954,0.288560740086867
606,1.1749999999999812,0.1914257853083263,3.0,0.0411471337274874,0.2325729190358137,0.3045014197389213
607,1.1999999999999815,0.1964533688116946,3.0,-0.0629892269630054,0.1334641418486891,0.31981481507969206
608,1.224999999999982,0.2022464593219345,3.0,-0.0184071078024791,0.1838393515194553,0.3344931243020042
609,1.2499999999999811,0.2080395498321746,3.0,0.076847741611554,0.2848872914437286,0.348536384754597
610,1.2749999999999808,0.2147353880797257,3.0,0.0392885298261311,0.2540239179058569,0.3619507791172426
611,1.2999999999999812,0.222482649309979,3.0,0.1261182417955481,0.348600891105527,0.3747472242375527
612,1.3249999999999815,0.2302299105402326,3.0,-0.0467799049187401,0.1834500056214924,0.38694020677751334
613,1.349999999999981,0.2379771717704856,3.0,-0.0004596518253657,0.2375175199451198,0.3985468311319687
614,1.3749999999999805,0.2466614972632362,3.0,-0.0172246429527003,0.2294368543105358,0.40958604766318785
615,1.3999999999999808,0.2558073400565099,3.0,0.1571997858084894,0.4130071258649993,0.42007803252076514
616,1.4249999999999812,0.2651261187076572,3.0,-0.0496263768141277,0.2154997418935293,0.430043693763907
617,1.4499999999999806,0.2728331107955278,3.0,0.2407364887101707,0.5135695995056986,0.4395042819037633
618,1.47499999999998,0.2800193801191603,3.0,-0.0037476426875401,0.2762717374316201,0.44848108617545246
619,1.4999999999999805,0.2872056494427933,3.0,0.075721605779744,0.3629272552225373,0.45699520074624
620,1.5249999999999808,0.2943919187664262,3.0,0.0327827078232117,0.3271746265896378,0.4650673476323225
621,1.5499999999999805,0.3015781880900588,3.0,0.0011264817146968,0.3027046698047557,0.47271774532831323
622,1.5749999999999795,0.3087644574136914,3.0,-0.0379432220322547,0.2708212353814366,0.4799660140669961
623,1.59999999999998,0.3159507267373243,3.0,-0.0145598148979158,0.3013909118394084,0.48683111024921205
624,1.6249999999999805,0.3231369960609574,3.0,-0.0836262112539898,0.2395107848069676,0.49333128394666015
625,1.64999999999998,0.3303232653845898,3.0,0.0663362572781132,0.396659522662703,0.4994840545168014
626,1.6749999999999794,0.3375095347082223,3.0,0.0729356833409034,0.4104452180491257,0.5053062003107226
627,1.6999999999999795,0.3446958040318553,3.0,0.0968975692473144,0.4415933732791697,0.5108137592310039
628,1.72499999999998,0.3519202961283112,3.0,0.1337215195852638,0.485641815713575,0.5160220375334564
629,1.7499999999999796,0.3592163037669217,3.0,0.1248487952918546,0.4840650990587763,0.5209456247871515
630,1.774999999999979,0.3665123114055329,3.0,-0.003058246351969,0.3634540650535638,0.52559841333095
631,1.7999999999999794,0.373808319044144,3.0,-0.0322857664092619,0.3415225526348821,0.5299936209089395
632,1.82499999999998,0.381104326682755,3.0,0.0793299846002124,0.4604343112829674,0.5341438154456304
633,1.8499999999999792,0.3882696136862074,3.0,-0.0799751079654904,0.308294505720717,0.5380609411465743
634,1.874999999999979,0.3952509613238454,3.0,0.0587303384186467,0.4539812997424921,0.54175634529099
635,1.899999999999979,0.4022323089614836,3.0,-0.0281991825547508,0.3740331264067327,0.5452408052281281
636,1.92499999999998,0.4092136565991217,3.0,-0.070299563572924,0.3389140930261975,0.5485245552053172
637,1.9499999999999789,0.4161950042367595,3.0,-0.0751700780867868,0.3410249261499727,0.5516173127482787
638,1.9749999999999783,0.4231763518743974,3.0,0.0937569961317642,0.5169333480061616,0.5545283043879449
639,1.999999999999979,0.4301576995120358,3.0,0.0169905316598611,0.4471482311718969,0.557266290586297
640,-1.9750000000000072,0.0473701124603353,4.0,0.0127281510549558,0.0600982635152911,0.127264539718262
641,-1.9500000000000075,0.048347874782702,4.0,0.073319216608526,0.121667091391228,0.09973221246744983
642,-1.925000000000008,0.0493256371050688,4.0,0.0942432479156881,0.1435688850207569,0.07414474013449143
643,-1.900000000000008,0.050358750560002,4.0,0.0017068956909178,0.0520656462509198,0.0520517211683163
644,-1.8750000000000075,0.0516246765844048,4.0,-0.062064162777654,-0.0104394861932492,0.03540074433358796
645,-1.850000000000008,0.0528906026088073,4.0,0.0542459417098949,0.1071365443187022,0.026490406968176474
646,-1.825000000000008,0.05415652863321,4.0,-0.0466364834937474,0.0075200451394625,0.027808890267488593
647,-1.8000000000000078,0.0555377909574771,4.0,-0.0990749990967605,-0.0435372081392834,0.04171102139010469
648,-1.775000000000008,0.0567600013893318,4.0,0.0683217838589632,0.125081785248295,0.06991612366143621
649,-1.750000000000008,0.0911479529973629,4.0,-0.005597998240715,0.0855499547566478,0.11288855531922545
650,-1.725000000000008,0.2125744686116052,4.0,0.0547416014192483,0.2673160700308535,0.16929017181448247
651,-1.7000000000000082,0.334000984225854,4.0,-0.0597452596270315,0.2742557245988224,0.23580067325185894
652,-1.6750000000000085,0.4554274998400935,4.0,-0.1582516259273197,0.2971758739127738,0.30755224914955087
653,-1.6500000000000083,0.5115816223867604,4.0,0.0016805485629111,0.5132621709496715,0.3791426812068691
654,-1.6250000000000084,0.5059625849274592,4.0,0.0216753697882969,0.5276379547157561,0.4458341073308931
655,-1.6000000000000083,0.5003435474681611,4.0,0.0301747262162551,0.5305182736844163,0.5044273947547684
656,-1.5750000000000086,0.5609231394689193,4.0,-0.0752096097865244,0.4857135296823948,0.5535353475883459
657,-1.5500000000000087,0.6002873064612403,4.0,-0.1040621190040503,0.4962251874571899,0.5933282371639534
658,-1.5250000000000088,0.6396514734535584,4.0,0.0424101242307519,0.6820615976843103,0.625014395684924
659,-1.5000000000000089,0.6790156404458811,4.0,0.0989727712333816,0.7779884116792628,0.6502985406204027
660,-1.475000000000009,0.7073882801314668,4.0,-0.0934589939300353,0.6139292862014314,0.670948849018984
661,-1.450000000000009,0.6996490598510496,4.0,0.109147293420583,0.8087963532716327,0.6885067684413245
662,-1.4250000000000091,0.7129503656701155,4.0,-0.0339001596971477,0.6790502059729677,0.7041229896009604
663,-1.4000000000000092,0.7408276015707791,4.0,-0.1344465443053153,0.6063810572654638,0.7184871839200232
664,-1.375000000000009,0.768704837471446,4.0,-0.1353370343098791,0.6333678031615668,0.7318196622525791
665,-1.3500000000000094,0.7965820733721223,4.0,-0.0149050685749334,0.7816770047971888,0.7438989289709161
666,-1.3250000000000095,0.7869129183240142,4.0,-0.0112737147895552,0.7756392035344589,0.7541059723905672
667,-1.3000000000000096,0.771195674334515,4.0,0.0030041713305965,0.7741998456651116,0.7614732285712797
668,-1.2750000000000097,0.7797037030169979,4.0,-0.0402972040879254,0.7394064989290725,0.7647337209704959
669,-1.2500000000000098,0.7862452594297469,4.0,-0.1775953433069218,0.608649916122825,0.7623743002333391
670,-1.22500000000001,0.8026540801019265,4.0,0.1257340355561887,0.9283881156581152,0.7527064046132393
671,-1.20000000000001,0.8083761806607096,4.0,-0.1742611517368682,0.6341150289238414,0.7339778574401017
672,-1.17500000000001,0.7940724377346272,4.0,-0.0151670840510358,0.7789053536835914,0.7045574172423427
673,-1.15000000000001,0.7203481208840539,4.0,0.0229260330783369,0.7432741539623908,0.6632232702807601
674,-1.1250000000000102,0.6358721954311372,4.0,-0.0282126230545352,0.6076595723766018,0.6095642639954431
675,-1.1000000000000103,0.5611309905707517,4.0,-0.1043402070906081,0.4567907834801435,0.5444423107663497
676,-1.0750000000000104,0.5259189440642397,4.0,0.0226053095810569,0.5485242536452967,0.4703646108547958
677,-1.0500000000000105,0.4589211457566612,4.0,0.0034560175874096,0.4623771633440708,0.39152177549284684
678,-1.0250000000000106,0.3555647555933429,4.0,-0.0691717779704595,0.2863929776228833,0.3132711758831509
679,-1.0000000000000109,0.2280292009345393,4.0,-0.118227396653793,0.1098018042807462,0.24107628224335714
680,-0.9750000000000107,0.0939896067236038,4.0,-0.0442577472438691,0.0497318594797346,0.17926656322543177
681,-0.9500000000000108,0.0555137940588079,4.0,0.1722770997448428,0.2277908938036507,0.13016771372872024
682,-0.9250000000000108,0.0530567543215524,4.0,0.1380506259984688,0.1911073803200212,0.09395633763221993
683,-0.900000000000011,0.0523049095476729,4.0,0.0935579192695216,0.1458628288171945,0.06916784069746618
684,-0.8750000000000111,0.0512487192038136,4.0,-0.1042866933886674,-0.0530379741848538,0.053488665462012266
685,-0.8500000000000112,0.0505906568480344,4.0,-0.0273946951851469,0.0231959616628874,0.044465377175437186
686,-0.8250000000000113,0.0500865822462416,4.0,0.0121292801989715,0.0622158624452131,0.039949060110592315
687,-0.8000000000000114,0.0497896794199122,4.0,0.0734607781856446,0.1232504576055568,0.03827457117332413
688,-0.7750000000000115,0.0484874989409493,4.0,0.0039056628202885,0.0523931617612378,0.0382613066200149
689,-0.7500000000000115,0.0473001716495156,4.0,0.0020827612164352,0.0493829328659508,0.0391285049720254
690,-0.7250000000000116,0.0471570475882504,4.0,-0.1066508568330822,-0.0594938092448318,0.04038921253421014
691,-0.7000000000000117,0.0473321020634606,4.0,0.0932827598906601,0.1406148619541207,0.04175554502700164
692,-0.6750000000000118,0.0474130608189267,4.0,-0.136062980575172,-0.0886499197562453,0.0430662751917681
693,-0.6500000000000119,0.0476221218301561,4.0,-0.0659317583122025,-0.0183096364820464,0.04423655971111058
694,-0.625000000000012,0.0480839563956926,4.0,-0.0364609222867702,0.0116230341089223,0.045225365129961434
695,-0.6000000000000121,0.0484584533681876,4.0,0.0192079442526919,0.0676663976208795,0.046015516428435106
696,-0.5750000000000122,0.0479153436452724,4.0,-0.0524620840954115,-0.0045467404501391,0.046602104790806426
697,-0.5500000000000123,0.0486667469318792,4.0,-0.0826015969007491,-0.0339348499688699,0.0469861365997679
698,-0.5250000000000123,0.0495057668769167,4.0,0.0231161406127565,0.0726219074896732,0.047171324265674816
699,-0.5000000000000124,0.0500948330847971,4.0,0.0304458871575486,0.0805407202423457,0.047162685020519964
700,-0.4750000000000125,0.0506838992926775,4.0,-0.0947450984497901,-0.0440611991571126,0.04696613916099481
701,-0.4500000000000126,0.0512622921818882,4.0,0.1603570442930894,0.2116193364749776,0.046588639354973614
702,-0.4250000000000127,0.0517454374838653,4.0,0.0047078755686852,0.0564533130525505,0.0460385738149984
703,-0.4000000000000128,0.0522285827858425,4.0,-0.065687598901188,-0.0134590161153455,0.04532631295399977
704,-0.3750000000000129,0.0530006766809228,4.0,-0.044528588516241,0.0084720881646817,0.04446484294875687
705,-0.3500000000000129,0.0539311893054243,4.0,0.0392523612024231,0.0931835505078474,0.04347047101983827
706,-0.325000000000013,0.0546947511184377,4.0,-0.0446414207857114,0.0100533303327262,0.04236360894866038
707,-0.3000000000000131,0.0554780745398417,4.0,-0.0442493759847454,0.0112286985550962,0.04116965078919709
708,-0.2750000000000132,0.0562033777068006,4.0,0.1041519572066127,0.1603553349134133,0.039919961637985335
709,-0.2500000000000133,0.0566737962305727,4.0,0.0634092787026426,0.1200830749332153,0.03865298781470393
710,-0.2250000000000134,0.056973976264313,4.0,-0.1119048195807947,-0.0549308433164817,0.03741548382854264
711,-0.2000000000000135,0.0571419981682709,4.0,-0.1191142614186961,-0.0619722632504252,0.036263824863901825
712,-0.1750000000000136,0.0572489764812041,4.0,-0.005510059083983,0.051738917397221,0.03526532946838213
713,-0.1500000000000136,0.0574198881789346,4.0,0.0323803860798074,0.0898002742587421,0.034499446577257224
714,-0.1250000000000137,0.0575200078000416,4.0,-0.1591060767925937,-0.1015860689925521,0.034058550320541864
715,-0.1000000000000138,0.0575996548223106,4.0,0.0787142125805881,0.1363138674028987,0.03404791548164249
716,-0.0750000000000139,0.0576024775919844,4.0,-0.0049652505585854,0.0526372270333989,0.03458418855697109
717,-0.050000000000014,0.0575789068237126,4.0,-0.0616056806342938,-0.0040267738105812,0.035791288323204974
718,-0.0250000000000141,0.0575121045244089,4.0,0.0241057759999254,0.0816178805243343,0.0377921246999723
719,-1.4210854715202004e-14,0.0575221777772928,4.0,0.0184763845485815,0.0759985623258743,0.040693783550317074
720,0.0249999999999861,0.0575322510301767,4.0,-0.0853870243317889,-0.0278547733016122,0.04456290815820675
721,0.0499999999999856,0.05752767163289,4.0,-0.0330704616235661,0.0244572100093239,0.04938710398853108
722,0.074999999999985,0.057518167784603,4.0,-0.0734085919825989,-0.0158904241979959,0.055017951011734435
723,0.0999999999999854,0.0574895121561755,4.0,-0.01284128192717,0.0446482302290054,0.06109343661067887
724,0.1249999999999857,0.0573866510627671,4.0,-0.0058863249358127,0.0515003261269543,0.066946851311411
725,0.1499999999999852,0.0572366982490984,4.0,0.0339248520419048,0.0911615502910032,0.07153565975895156
726,0.1749999999999847,0.0571137275449691,4.0,0.0935516857480822,0.1506654132930514,0.07348705267540562
727,0.199999999999985,0.0569367622644845,4.0,-0.0159490666556869,0.0409876956087975,0.0714794035936674
728,0.2249999999999854,0.0569284231735677,4.0,-0.0747787906945688,-0.0178503675210011,0.06532821323750945
729,0.2499999999999849,0.057020648806021,4.0,0.0590112429689097,0.1160318917749307,0.058039743455456254
730,0.2749999999999843,0.05743218666042,4.0,0.0361713526527371,0.0936035393131571,0.05800815768346116
731,0.2999999999999847,0.0987908957914664,4.0,-0.1420130388622964,-0.04322214307083,0.07824592824320267
732,0.3249999999999851,0.1606418270909773,4.0,0.0365173897051359,0.1971592167961132,0.12925567405253588
733,0.3499999999999845,0.2224927583904872,4.0,-0.0196385925045717,0.2028541658859154,0.20858971714696498
734,0.374999999999984,0.2648068855906391,4.0,0.0523618190414994,0.3171687046321385,0.2977100003766661
735,0.3999999999999843,0.2981534387148325,4.0,0.0519761337098623,0.3501295724246948,0.37194714447086613
736,0.4249999999999847,0.3288679754968042,4.0,0.0742458630281649,0.4031138385249691,0.4149748657799691
737,0.4499999999999842,0.3537094144301491,4.0,-0.0168126950228483,0.3368967194073007,0.42513727576409327
738,0.4749999999999836,0.3703906588583155,4.0,0.0581717425711584,0.428562401429474,0.4116453582567324
739,0.499999999999984,0.3639877353119062,4.0,0.0136003433727813,0.3775880786846876,0.38718245567477816
740,0.5249999999999844,0.3527414946175624,4.0,0.0104827638553507,0.3632242584729131,0.36243005313035315
741,0.5499999999999838,0.3434410584671307,4.0,0.0079986484906449,0.3514397069577756,0.34393241921502
742,0.5749999999999833,0.3369918552082673,4.0,-0.0218838334283056,0.3151080217799616,0.3343285435669468
743,0.5999999999999837,0.3300406203033934,4.0,0.0524632892116828,0.3825039095150762,0.33354957242463523
744,0.624999999999984,0.3230893853985198,4.0,0.0594922899536905,0.3825816753522103,0.340061878125501
745,0.6499999999999835,0.3192201719372522,4.0,-0.0176373278780306,0.3015828440592216,0.3517910146457388
746,0.674999999999983,0.3419149697821333,4.0,-0.062123662809019,0.2797913069731142,0.3666849338566312
747,0.6999999999999833,0.3615333976761067,4.0,0.0182708013449417,0.3798041990210484,0.3829962898014464
748,0.7249999999999837,0.3811518255700812,4.0,0.0625790184918535,0.4437308440619347,0.39938238962018274
749,0.7499999999999831,0.399785405729937,4.0,0.0518493749929353,0.4516347807228723,0.4149023926784064
750,0.7749999999999826,0.4166024086438563,4.0,-0.0745843894981271,0.3420180191457291,0.42896520288234163
751,0.799999999999983,0.4334194115577762,4.0,-0.001128784331385,0.4322906272263911,0.44125978347675116
752,0.8249999999999833,0.4502364144716949,4.0,0.1054842966355722,0.5557207111072672,0.4516849115363143
753,0.8499999999999828,0.4780624890089492,4.0,-0.0065533518447191,0.47150913716423,0.4602865290757961
754,0.8749999999999822,0.5034284255214262,4.0,-0.0406007509009337,0.4628276746204924,0.4672058724829456
755,0.8999999999999826,0.5314282234604898,4.0,-0.0621021215265371,0.4693261019339526,0.4726388852935637
756,0.924999999999983,0.5591220997337679,4.0,0.0294450865660531,0.5885671862998211,0.47680604539116267
757,0.9499999999999824,0.5812410775876482,4.0,-0.1853809975685588,0.3958600800190893,0.47993110715208415
758,0.974999999999982,0.5719478936841353,4.0,-0.2047682754141664,0.3671796182699688,0.4822270613933484
759,0.9999999999999822,0.5550713371501519,4.0,-0.0021164726894439,0.5529548644607079,0.4838876680561253
760,1.0249999999999826,0.537531228991457,4.0,0.0431490409067398,0.5806802698981969,0.48508310195222043
761,1.049999999999982,0.5108037711099813,4.0,-0.1763948989423019,0.3344088721676793,0.48595849434915694
762,1.0749999999999815,0.521667131456289,4.0,0.106980083012153,0.628647214468442,0.4866344042256524
763,1.099999999999982,0.5947277686428254,4.0,-0.0976343245090375,0.4970934441337878,0.4872084845510697
764,1.1249999999999822,0.6887440428544795,4.0,-0.0010050078825034,0.6877390349719761,0.4877578072006906
765,1.1499999999999817,0.7923488935822476,4.0,0.3072749436979831,1.0996238372802307,0.4883414709151645
766,1.1749999999999812,0.8902968948194477,4.0,-0.0704356964143746,0.8198611984050731,0.48900324154493086
767,1.1999999999999815,0.9882448960566516,4.0,-0.119134841457341,0.8691100545993106,0.48977406710926796
768,1.224999999999982,0.9999999999999998,4.0,-0.114197840656324,0.8858021593436758,0.49067437745764525
769,1.2499999999999811,0.944155798235926,4.0,0.0099496625086168,0.9541054607445428,0.49171612505902873
770,1.2749999999999808,0.8325122066076804,4.0,0.048635474689008,0.8811476812966885,0.49290455460100807
771,1.2999999999999812,0.8244933432221837,4.0,0.0049170783451501,0.8294104215673338,0.4942397087883356
772,1.3249999999999815,0.7987013918719704,4.0,-0.0619963074808808,0.7367050843910895,0.49571768928596543
773,1.349999999999981,0.7616477885159078,4.0,0.0683216836542211,0.829969472170129,0.4973316976868024
774,1.3749999999999805,0.7841289973158048,4.0,0.0659539431043257,0.8500829404201306,0.49907288358386614
775,1.3999999999999808,0.7945457911904463,4.0,-0.1246506994143187,0.6698950917761276,0.5009310266542029
776,1.4249999999999812,0.7721499166232614,4.0,0.0209169758093753,0.7930668924326367,0.502895078078084
777,1.4499999999999806,0.6891902987615484,4.0,0.1343831705328023,0.8235734692943507,0.5049535842791567
778,1.47499999999998,0.5784907628580647,4.0,0.0571867025850167,0.6356774654430813,0.507095013314667
779,1.4999999999999805,0.5702820966547139,4.0,0.0130194627819947,0.5833015594367086,0.5093080015466855
780,1.5249999999999808,0.5235294303004817,4.0,0.0620494459636866,0.5855788762641683,0.5115815356519485
781,1.5499999999999805,0.4668163128113974,4.0,0.0382704814310125,0.5050867942424099,0.5139050826706635
782,1.5749999999999795,0.4204713527462245,4.0,-0.037445094606175,0.3830262581400494,0.5162686786952944
783,1.59999999999998,0.3793551102963988,4.0,-0.0169402555558803,0.3624148547405185,0.518662984968732
784,1.6249999999999805,0.343506307385528,4.0,0.0004540624433656,0.3439603698288937,0.5210793185886139
785,1.64999999999998,0.3257797728406195,4.0,0.0621329202476535,0.387912693088273,0.5235096636807873
786,1.6749999999999794,0.3098315601474066,4.0,0.0522122861843466,0.3620438463317532,0.5259466677855127
787,1.6999999999999795,0.2938833474541922,4.0,-0.010772519382176,0.2831108280720162,0.5283836272681594
788,1.72499999999998,0.2779351347609768,4.0,-0.0220995092674263,0.2558356254935505,0.5308144647962822
789,1.7499999999999796,0.2619869220677607,4.0,-0.0995909249597627,0.1623959971079979,0.533233701292747
790,1.774999999999979,0.2460387093745477,4.0,-0.0749668880954666,0.171071821279081,0.5356364242584584
791,1.7999999999999794,0.2300904966813328,4.0,0.131367978567806,0.3614584752491389,0.5380182539390534
792,1.82499999999998,0.2141422839881199,4.0,-0.1527715792651766,0.0613707047229432,0.5403753084711956
793,1.8499999999999792,0.1981940712949072,4.0,0.0226749438445453,0.2208690151394526,0.542704168871714
794,1.874999999999979,0.1813194570537493,4.0,0.0629825604562326,0.2443020175099819,0.5450018445149284
795,1.899999999999979,0.1587519833526173,4.0,-0.0169702473929176,0.1417817359596996,0.5472657395701136
796,1.92499999999998,0.1361845096514904,4.0,0.0141877253144727,0.1503722349659632,0.5494936207338251
797,1.9499999999999789,0.1175879718995601,4.0,0.0787113537082022,0.1962993256077623,0.5516835864840599
798,1.9749999999999783,0.1062922542014988,4.0,-0.1022469152240398,0.0040453389774589,0.5538340379990938
799,1.999999999999979,0.0812748265304909,4.0,-0.0379136025396173,0.0433612239908735,0.5559436518188878
800,-1.9750000000000072,0.5155809121412206,5.0,-0.048274212933308,0.4673066992079125,0.5644167458400183
801,-1.9500000000000075,0.5076018934776707,5.0,0.0173262721922936,0.5249281656699644,0.5590488186192021
802,-1.925000000000008,0.5016933338384515,5.0,0.1170573684535288,0.6187507022919804,0.5533404641819305
803,-1.900000000000008,0.4962012574708954,5.0,0.1013597229696665,0.5975609804405619,0.5472176498284158
804,-1.8750000000000075,0.4907091811033394,5.0,-0.0160727275025273,0.474636453600812,0.540571435578265
805,-1.850000000000008,0.4852171047357814,5.0,0.1989899387956737,0.6842070435314551,0.5332518614920959
806,-1.825000000000008,0.4769850694564645,5.0,0.0400500303291473,0.5170350997856119,0.5250682877331428
807,-1.8000000000000078,0.4687333680170125,5.0,0.0850521466218439,0.5537855146388564,0.5158011855475294
808,-1.775000000000008,0.4604816665775604,5.0,-0.026616902358689,0.4338647642188714,0.5052292725551787
809,-1.750000000000008,0.4522299651381092,5.0,0.0185383744234358,0.470768339561545,0.4931717314027443
810,-1.725000000000008,0.4408150300685636,5.0,-0.0502467954533722,0.3905682346151913,0.4795385312607906
811,-1.7000000000000082,0.4293466647902565,5.0,0.1113843766696225,0.540731041459879,0.4643754819712166
812,-1.6750000000000085,0.4178782995119505,5.0,-0.0423559299613347,0.3755223695506157,0.44788872745367664
813,-1.6500000000000083,0.4064099342336433,5.0,0.0579815437721845,0.4643914780058278,0.4304382673680935
814,-1.6250000000000084,0.3968037101900117,5.0,0.014115798423819,0.4109195086138308,0.4125001644520291
815,-1.6000000000000083,0.387212979149919,5.0,0.1339379043560332,0.5211508835059522,0.39460767691450394
816,-1.5750000000000086,0.377622248109824,5.0,-0.0693730007906007,0.3082492473192232,0.37728769304512805
817,-1.5500000000000087,0.3680315170697305,5.0,0.0566817658070575,0.424713282876788,0.3610077788418524
818,-1.5250000000000088,0.3606347344500942,5.0,-0.1587747097782599,0.2018600246718343,0.3461418764210926
819,-1.5000000000000089,0.3541041002375982,5.0,-0.0949219824074488,0.2591821178301494,0.3329537347070964
820,-1.475000000000009,0.3475734660251012,5.0,-0.043216553891655,0.3043569121334462,0.32159168887912254
821,-1.450000000000009,0.3410428318126044,5.0,0.0411116125215565,0.3821544443341609,0.3120886681596909
822,-1.4250000000000091,0.3345121976001083,5.0,-0.0986592935695319,0.2358529040305763,0.3043655041805102
823,-1.4000000000000092,0.3279815633876117,5.0,0.0397089762736968,0.3676905396613085,0.29823987024132326
824,-1.375000000000009,0.3214509291751144,5.0,-0.0477952237918501,0.2736557053832643,0.29344448154714375
825,-1.3500000000000094,0.3149202949626181,5.0,-0.0863986815243759,0.2285216134382421,0.2896560186390178
826,-1.3250000000000095,0.3083896607501215,5.0,0.0784089316810763,0.3867985924311978,0.2865323576863939
827,-1.3000000000000096,0.3021305713511738,5.0,-0.040027265772545,0.2621033055786288,0.2837525910630995
828,-1.2750000000000097,0.2959254816611286,5.0,-0.1028710009494651,0.1930544807116634,0.28105361855025307
829,-1.2500000000000098,0.2897203919710849,5.0,0.074693065417934,0.364413457389019,0.2782588270246898
830,-1.22500000000001,0.2835424829447956,5.0,-0.0114376620477402,0.2721048208970553,0.27529737495187556
831,-1.20000000000001,0.2773674407114528,5.0,-0.1131246830264931,0.1642427576849596,0.2722153180433066
832,-1.17500000000001,0.2711923984781103,5.0,0.1587941118367357,0.429986510314846,0.2691810340058691
833,-1.15000000000001,0.2650173562447679,5.0,-0.0413861153216333,0.2236312409231345,0.2664863398926809
834,-1.1250000000000102,0.2588423140114259,5.0,-0.0577293571300845,0.2011129568813413,0.26454052560944413
835,-1.1000000000000103,0.2526672717780828,5.0,-0.0500834182739369,0.2025838535041458,0.2638454951917225
836,-1.0750000000000104,0.2467355733984604,5.0,0.0269114170953586,0.273646990493819,0.26492241813331047
837,-1.0500000000000105,0.243061125522666,5.0,0.0772921491043751,0.3203532746270411,0.2681270741020805
838,-1.0250000000000106,0.2402727053350287,5.0,-0.0024682564935742,0.2378044488414544,0.273239930281066
839,-1.0000000000000109,0.2383878763978499,5.0,0.1102922301957967,0.3486801065936466,0.27870517474415685
840,-0.9750000000000107,0.2355823329015612,5.0,0.0659580281991324,0.3015403611006936,0.28080034135994364
841,-0.9500000000000108,0.2327767894052718,5.0,-0.0215180850870726,0.2112587043181991,0.27510570396934536
842,-0.9250000000000108,0.2299712459089832,5.0,0.0541437628631018,0.284115008772085,0.26599887159469043
843,-0.900000000000011,0.2271657024126935,5.0,-0.1241154364119355,0.1030502660007579,0.27517772014800956
844,-0.8750000000000111,0.2243601589164053,5.0,0.0034793409340281,0.2278394998504334,0.3027604223799833
845,-0.8500000000000112,0.2187550445688771,5.0,0.0774541171157412,0.2962091616846183,0.30504215806906265
846,-0.8250000000000113,0.2075805206492025,5.0,0.0794094423376469,0.2869899629868494,0.2706520235011399
847,-0.8000000000000114,0.1940524626808134,5.0,-0.014621276680389,0.1794311860004243,0.22164275364376826
848,-0.7750000000000115,0.1719341766489579,5.0,0.0838903705103374,0.2558245471592953,0.17589514964620767
849,-0.7500000000000115,0.132966158766729,5.0,0.0248305017254336,0.1577966604921626,0.1402209204718985
850,-0.7250000000000116,0.0990805949580704,5.0,-0.0481212502478616,0.0509593447102087,0.11488096696349401
851,-0.7000000000000117,0.0681165790279974,5.0,0.061919688876811,0.1300362679048084,0.09782478722330988
852,-0.6750000000000118,0.0453013874639595,5.0,0.1331570321708036,0.1784584196347631,0.08676533776215717
853,-0.6500000000000119,0.0244657053055972,5.0,-0.0520635591927413,-0.0275978538871441,0.07983835366426575
854,-0.625000000000012,0.0049212113449225,5.0,0.0850285458339239,0.0899497571788464,0.07567652320924416
855,-0.6000000000000121,0.0197058929132397,5.0,0.011151384448993,0.0308572773622327,0.07331595495309702
856,-0.5750000000000122,0.04759271038195,5.0,0.0259486342506973,0.0735413446326473,0.07208552794376437
857,-0.5500000000000123,0.0861358769894275,5.0,0.0508684191130038,0.1370042961024313,0.07151857870688688
858,-0.5250000000000123,0.1057861870631724,5.0,0.0283111002074965,0.1340972872706689,0.07129008221212385
859,-0.5000000000000124,0.1081297234363437,5.0,-0.0297334102275896,0.078396313208754,0.07117371795193854
860,-0.4750000000000125,0.1096421818862473,5.0,-0.0949071847331894,0.0147349971530578,0.07101281055110249
861,-0.4500000000000126,0.1083460077313059,5.0,0.0120750486114652,0.1204210563427711,0.07070059388454199
862,-0.4250000000000127,0.1030188673482824,5.0,-0.0542827764257976,0.0487360909224848,0.07016670037618597
863,-0.4000000000000128,0.0992525289287649,5.0,-0.0595169076291353,0.0397356212996295,0.06936784450888006
864,-0.3750000000000129,0.0991850984278758,5.0,-0.0069690720573386,0.0922160263705371,0.06828138075756071
865,-0.3500000000000129,0.0963311908173102,5.0,0.0641239684700277,0.1604551592873379,0.06690087342001616
866,-0.325000000000013,0.0934149228778406,5.0,-0.0133479601499543,0.0800669627278862,0.06523310716289786
867,-0.3000000000000131,0.0791452363837402,5.0,-0.0322135119400714,0.0469317244436687,0.06329615302661126
868,-0.2750000000000132,0.0451124355635998,5.0,-0.04834981829756,-0.0032373827339602,0.06111822323256706
869,-0.2500000000000133,0.006074196167425,5.0,-0.0923746148759859,-0.0863004187085609,0.058737122247826824
870,-0.2250000000000134,4.920456315909537e-05,5.0,0.0723778259824405,0.0724270305455996,0.05620014418298888
871,-0.2000000000000135,0.0,5.0,-0.0290893196148104,-0.0290893196148104,0.053564284297058215
872,-0.1750000000000136,0.0029575420801196,5.0,0.1272428234500826,0.1302003655302022,0.05089662719694314
873,-0.1500000000000136,0.0049418355082293,5.0,0.1206145807318374,0.1255564162400667,0.048274744651713046
874,-0.1250000000000137,0.0066580787289483,5.0,0.0327632132108342,0.0394212919397825,0.04578687681751744
875,-0.1000000000000138,0.0087602277661696,5.0,0.0878130339598967,0.0965732617260663,0.04353157367982794
876,-0.0750000000000139,0.0112645991333991,5.0,0.0633549523824583,0.0746195515158574,0.04161632690385829
877,-0.050000000000014,0.0137178435088973,5.0,0.0330015154339677,0.046719358942865,0.040154512116913135
878,-0.0250000000000141,0.0157860353836927,5.0,0.0996362149675186,0.1154222503512112,0.03925967656405178
879,-1.4210854715202004e-14,0.0178429771898715,5.0,-0.0257414923981646,-0.0078985152082931,0.03903585266635851
880,0.0249999999999861,0.0198999189960508,5.0,-0.0357430334393537,-0.0158431144433029,0.03956221609889581
881,0.0499999999999856,0.0240149916585284,5.0,0.067821922987132,0.0918369146456604,0.04087025637747792
882,0.074999999999985,0.0307603222623567,5.0,0.038504983092732,0.0692653053550887,0.04291230767197325
883,0.0999999999999854,0.037163410299438,5.0,0.0133195076501723,0.0504829179496103,0.045523354840208044
884,0.1249999999999857,0.0421199108718774,5.0,0.113569186376926,0.1556890972488034,0.04838696423188715
885,0.1499999999999852,0.0470764114443167,5.0,0.0498680480449499,0.0969444594892666,0.05103732144222248
886,0.1749999999999847,0.0520329120167559,5.0,-0.1276696765716283,-0.0756367645548724,0.05296875294621004
887,0.199999999999985,0.0569894125891956,5.0,0.127503437968434,0.1844928505576296,0.05396577494582713
888,0.2249999999999854,0.0602869145844168,5.0,-0.0105994318565355,0.0496874827278812,0.054708094934912715
889,0.2499999999999849,0.0627843930198327,5.0,0.0151150946515748,0.0778994876714075,0.0573104907449285
890,0.2749999999999843,0.0652818714552475,5.0,0.0112302456856454,0.0765121171408929,0.0647394202711741
891,0.2999999999999847,0.0677793498906636,5.0,0.0660782880650611,0.1338576379557247,0.07830569569273242
892,0.3249999999999851,0.0703257174872048,5.0,-0.009500099394986,0.0608256180922187,0.09517099739229218
893,0.3499999999999845,0.0721013115840705,5.0,-0.0404972214558035,0.0316040901282669,0.10952917947842351
894,0.374999999999984,0.0738971624321054,5.0,0.0272081674865325,0.1011053299186379,0.11685004832661569
895,0.3999999999999843,0.0756930132801404,5.0,0.0544504311079736,0.130143444388114,0.11641822359307939
896,0.4249999999999847,0.0769411839353887,5.0,0.0032975534230508,0.0802387373584395,0.11037303690780761
897,0.4499999999999842,0.0768724684745615,5.0,0.0186912609394186,0.0955637294139801,0.10154800777734589
898,0.4749999999999836,0.0774700510548427,5.0,-0.0487621396946864,0.0287079113601562,0.09219125230694447
899,0.499999999999984,0.0780676336351238,5.0,0.1767570237075201,0.2548246573426439,0.08375803994880616
900,0.5249999999999844,0.0786652162154051,5.0,-0.0306653135935988,0.0479999026218062,0.07715797584734942
901,0.5499999999999838,0.0792627987956864,5.0,-0.056198726079322,0.0230640727163643,0.07299294279656972
902,0.5749999999999833,0.0798603813759673,5.0,-0.0837503487283269,-0.0038899673523596,0.07164396251303444
903,0.5999999999999837,0.0804579639562489,5.0,0.0507840631290366,0.1312420270852855,0.07324300712645455
904,0.624999999999984,0.081167341735037,5.0,0.0661618148111908,0.1473291565462278,0.07761216886983129
905,0.6499999999999835,0.0819091715366678,5.0,-0.0208203935559575,0.0610887779807102,0.08423616212919947
906,0.674999999999983,0.0812999871537996,5.0,0.0292182602810046,0.1105182474348042,0.09229820843287029
907,0.6999999999999833,0.0800477492006538,5.0,-0.0756962462507559,0.0043515029498978,0.10077568805190032
908,0.7249999999999837,0.0787955112475082,5.0,0.0674100087838688,0.146205520031377,0.10857079366056087
909,0.7499999999999831,0.0774838244142928,5.0,0.0160601946717712,0.093544019086064,0.11464488724381983
910,0.7749999999999826,0.0761561423780168,5.0,-0.0671086085886878,0.0090475337893289,0.11812991245629079
911,0.799999999999983,0.0748284603417411,5.0,0.18090427220697,0.2557327325487111,0.11840073702066474
912,0.8249999999999833,0.0735007783054656,5.0,0.0788027208159719,0.1523034991214375,0.11510400889993962
913,0.8499999999999828,0.0730192373810005,5.0,0.08796340473126,0.1609826421122605,0.10814871995000994
914,0.8749999999999822,0.0729010480597076,5.0,0.0520475731461866,0.1249486212058942,0.09766939589420821
915,0.8999999999999826,0.072719012265258,5.0,-0.0213745085500099,0.0513445037152481,0.08397441713128168
916,0.924999999999983,0.0725063413124562,5.0,0.0480658735550414,0.1205722148674976,0.06749041607008287
917,0.9499999999999824,0.0725353048704905,5.0,-0.1435624949995534,-0.0710271901290629,0.048710546658882234
918,0.974999999999982,0.0737505449461832,5.0,-0.1032452228774275,-0.0294946779312443,0.02815106350019181
919,0.9999999999999822,0.0749657850218771,5.0,0.0221301028418836,0.0970958878637607,0.006317907796498724
920,1.0249999999999826,0.0761810250975705,5.0,0.0401885673537032,0.1163695924512737,-0.016316851841390024
921,1.049999999999982,0.0772182647082801,5.0,-0.1498526574944688,-0.0726343927861887,-0.03932991125796381
922,1.0749999999999815,0.0779808449474822,5.0,-0.0559078271932595,0.0220730177542226,-0.0623545802310398
923,1.099999999999982,0.0788268491978442,5.0,-0.0063541923218014,0.0724726568760427,-0.08508327404308785
924,1.1249999999999822,0.0797081139761445,5.0,0.1754754825326798,0.2551835965088243,-0.10726618390845122
925,1.1499999999999817,0.0807555927114346,5.0,-0.0791454718748759,0.0016101208365586,-0.12870742191924422
926,1.1749999999999812,0.0828619744783072,5.0,0.0251930603636481,0.1080550348419553,-0.14925967043133623
927,1.1999999999999815,0.0862984410693051,5.0,0.0252721055922133,0.1115705466615184,-0.16881811344637482
928,1.224999999999982,0.0913865222154092,5.0,0.0087500541711448,0.100136576386554,-0.1873142072355609
929,1.2499999999999811,0.094767152891702,5.0,-0.0685326828818429,0.026234470009859,-0.20470966619233952
930,1.2749999999999808,0.0965948732658002,5.0,-0.0455725530350415,0.0510223202307586,-0.22099089786796372
931,1.2999999999999812,0.0984225936398987,5.0,0.0370566126532217,0.1354792062931204,-0.23616401475972568
932,1.3249999999999815,0.100250314013997,5.0,0.0438563383061865,0.1441066523201835,-0.25025047433705655
933,1.349999999999981,0.1014990350876568,5.0,-0.0051247874865325,0.0963742476011242,-0.2632833471463958
934,1.3749999999999805,0.1027379579146844,5.0,-0.0654726499286355,0.0372653079860488,-0.275304180035168
935,1.3999999999999808,0.1039768807417128,5.0,-0.0645546118121087,0.039422268929604,-0.28636040266306834
936,1.4249999999999812,0.1052158035687401,5.0,0.0327247512060874,0.1379405547748275,-0.29650321646362815
937,1.4499999999999806,0.1064547263957686,5.0,-0.0672529393031293,0.0392017870926392,-0.30578590288530977
938,1.47499999999998,0.1076349802626703,5.0,-0.0453770670578728,0.0622579132047974,-0.3142624896685373
939,1.4999999999999805,0.108396395213864,5.0,-0.1264042009235752,-0.0180078057097112,-0.32198671835446835
940,1.5249999999999808,0.1099735706438363,5.0,-0.0875581181678306,0.0224154524760056,-0.3290112619514486
941,1.5499999999999805,0.1118859407649562,5.0,-0.0450763944416319,0.0668095463233242,-0.3353871478878129
942,1.5749999999999795,0.1137983108860766,5.0,-0.1081732193830146,0.0056250915030619,-0.3411633475327799
943,1.59999999999998,0.1157106810071964,5.0,-0.1092594471051123,0.006451233902084,-0.3463864993591847
944,1.6249999999999805,0.1176230511283159,5.0,0.0509444828476252,0.1685675339759411,-0.35110073808613035
945,1.64999999999998,0.1195354212494369,5.0,0.0135331308938961,0.133068552143333,-0.3553476068055462
946,1.6749999999999794,0.1214477913705566,5.0,-0.1300315447046673,-0.0085837533341107,-0.3591660331548302
947,1.6999999999999795,0.1233601614916766,5.0,0.0422154681992606,0.1655756296909372,-0.3625923540754339
948,1.72499999999998,0.1249004748308427,5.0,0.0369348414228715,0.1618353162537142,-0.365660376641902
949,1.7499999999999796,0.1246003935539208,5.0,-0.0018362218062848,0.1227641717476359,-0.3684014649143688
950,1.774999999999979,0.1243003122769999,5.0,0.0564433894786302,0.1807437017556301,-0.3708446448190046
951,1.7999999999999794,0.1240002310000792,5.0,0.0337936628463323,0.1577938938464115,-0.3730167207527865
952,1.82499999999998,0.1237001497231572,5.0,0.1132861965268972,0.2369863462500543,-0.3749423989946179
953,1.8499999999999792,0.123400068446237,5.0,0.0469883429714846,0.1703884114177216,-0.3766444141320533
954,1.874999999999979,0.123099987169315,5.0,-0.1274025247561279,-0.0043025375868129,-0.3781436556240531
955,1.899999999999979,0.1227999058923938,5.0,-0.0706442857377489,0.0521556201546448,-0.3794592923519992
956,1.92499999999998,0.1224998246154726,5.0,0.0736928637811156,0.1961926883965882,-0.38060889359485783
957,1.9499999999999789,0.1221997433385512,5.0,-0.1187803775456201,0.003419365792931,-0.3816085453267673
958,1.9749999999999783,0.1218996620616305,5.0,-0.0046358272216439,0.1172638348399865,-0.3824729610984592
959,1.999999999999979,0.1217281978553763,5.0,0.1244285279111665,0.2461567257665428,-0.3832155870468322
960,-1.9750000000000072,0.4778490531818489,6.0,-0.0609783765529419,0.4168706766289069,0.37103212582469824
961,-1.9500000000000075,0.4713582868381648,6.0,-0.0950806600978325,0.3762776267403321,0.4400596542469493
962,-1.925000000000008,0.4648675204944807,6.0,0.1180446628545572,0.5829121833490379,0.488576558860052
963,-1.900000000000008,0.4583767541507967,6.0,-0.0413549309755298,0.4170218231752668,0.5137513106638444
964,-1.8750000000000075,0.4518859878071127,6.0,-0.0220469232865504,0.4298390645205622,0.5171901451135076
965,-1.850000000000008,0.4453952214634288,6.0,0.1217727879712258,0.5671680094346546,0.5039929126419911
966,-1.825000000000008,0.4389044551197448,6.0,0.1285374119120723,0.5674418670318171,0.4809305988037055
967,-1.8000000000000078,0.4324136887760608,6.0,-0.006324847493967,0.4260888412820937,0.4545570362490533
968,-1.775000000000008,0.4259229224323769,6.0,0.0293021988801284,0.4552251213125053,0.4298640227386516
969,-1.750000000000008,0.4194321560886928,6.0,-0.0030746595601317,0.416357496528561,0.4097228199151071
970,-1.725000000000008,0.4129413897450089,6.0,0.0940047171636103,0.5069461069086192,0.3950084709334444
971,-1.7000000000000082,0.4064506234013247,6.0,0.0707195608321415,0.4771701842334662,0.3851249564882133
972,-1.6750000000000085,0.3999598570576407,6.0,-0.1370105222834261,0.2629493347742145,0.3786515155204053
973,-1.6500000000000083,0.3934690907139568,6.0,-0.0299393892556022,0.3635297014583545,0.37392403542140573
974,-1.6250000000000084,0.3869783243702727,6.0,-0.0666773209404385,0.3203010034298341,0.3694645888753001
975,-1.6000000000000083,0.3804875580265889,6.0,0.1065589899272061,0.487046547953795,0.3642403384174182
976,-1.5750000000000086,0.373989894003631,6.0,0.0469731292231447,0.4209630232267757,0.35776887643971733
977,-1.5500000000000087,0.3674126433519905,6.0,-0.0525274060032336,0.3148852373487568,0.3501013673613436
978,-1.5250000000000088,0.36083539270035,6.0,0.0484527212729412,0.4092881139732912,0.3417181733528767
979,-1.5000000000000089,0.3542581420487095,6.0,0.0534514620256954,0.4077096040744049,0.33337086107130254
980,-1.475000000000009,0.3476808913970687,6.0,-0.1173827270085944,0.2302981643884742,0.32590257100434017
981,-1.450000000000009,0.3411036407454283,6.0,-0.0824064148432994,0.2586972259021288,0.3200756806013367
982,-1.4250000000000091,0.3345263900937878,6.0,-0.0047020015169061,0.3298243885768817,0.31643030428335356
983,-1.4000000000000092,0.3279491394421472,6.0,-0.023801663663988,0.3041474757781591,0.31518891123283516
984,-1.375000000000009,0.3213718887905067,6.0,0.0367767836252948,0.3581486724158015,0.31621225486316024
985,-1.3500000000000094,0.3148213301159484,6.0,0.1923953167022248,0.5072166468181732,0.3190021334292043
986,-1.3250000000000095,0.3083867471284265,6.0,0.0083109558582798,0.3166977029867063,0.3227395930978419
987,-1.3000000000000096,0.3019521641409046,6.0,0.0001015241088078,0.3020536882497124,0.3263447212254399
988,-1.2750000000000097,0.2955175811533826,6.0,0.1117224578431797,0.4072400389965623,0.32854712495565913
989,-1.2500000000000098,0.2890829981658609,6.0,-0.0166517437508115,0.2724312544150494,0.3279654614790677
990,-1.22500000000001,0.2826484151783388,6.0,-0.0895933471531068,0.1930550680252319,0.32321201446694164
991,-1.20000000000001,0.2763221180635575,6.0,0.0816093542851646,0.3579314723487222,0.31306885312063437
992,-1.17500000000001,0.2700637278505645,6.0,0.107838417260921,0.3779021451114854,0.2968323872394001
993,-1.15000000000001,0.2638053376375713,6.0,-0.0076484136373981,0.2561569240001731,0.2749908907715254
994,-1.1250000000000102,0.2575469474245783,6.0,0.0426022046820373,0.3001491521066156,0.2504162410879474
995,-1.1000000000000103,0.2512885572115852,6.0,0.0003068558617198,0.251595413073305,0.22988553200673137
996,-1.0750000000000104,0.2450301669985921,6.0,-0.1329261839217356,0.1121039830768564,0.22398842510392272
997,-1.0500000000000105,0.238771776785599,6.0,0.0495876582098902,0.2883594349954892,0.23904680245853802
998,-1.0250000000000106,0.2326954778172723,6.0,-0.0293935841283432,0.203301893688929,0.2547697537101055
999,-1.0000000000000109,0.2266940321467832,6.0,0.0757788397636069,0.3024728719103901,0.22176197216940507
1000,-0.9750000000000107,0.2206925864762941,6.0,-0.1215729763750265,0.0991196101012676,0.15354222865531833
1001,-0.9500000000000108,0.2146911408058048,6.0,-0.056203471042086,0.1584876697637187,0.14744830701993214
1002,-0.9250000000000108,0.2086896951353156,6.0,0.0265443858249447,0.2352340809602603,0.18895187887536005
1003,-0.900000000000011,0.2026882494648266,6.0,-0.1248102426385551,0.0778780068262714,0.2089579656171191
1004,-0.8750000000000111,0.1966868037943374,6.0,-0.0392070074112266,0.1574797963831107,0.20213556907524904
1005,-0.8500000000000112,0.1908303256208993,6.0,-0.0779242090223592,0.11290611659854,0.18462700407107005
1006,-0.8250000000000113,0.1849748512033435,6.0,0.0216514968533047,0.2066263480566482,0.16655251909226026
1007,-0.8000000000000114,0.1791193767857877,6.0,-0.1531264625657714,0.0259929142200162,0.1516021944085336
1008,-0.7750000000000115,0.1732639023682317,6.0,-0.0947020997910474,0.0785618025771842,0.14034148988928322
1009,-0.7500000000000115,0.1674084279506761,6.0,0.1631129287545517,0.3305213567052278,0.13221488975601045
1010,-0.7250000000000116,0.1615529535331201,6.0,-0.0666980815201932,0.0948548720129268,0.126418224752978
1011,-0.7000000000000117,0.1556974791155644,6.0,-0.0636862365452179,0.0920112425703464,0.12221226024230328
1012,-0.6750000000000118,0.1498420046980085,6.0,-0.0027313990172452,0.1471106056807632,0.11900623275987428
1013,-0.6500000000000119,0.1439865302804527,6.0,-0.0823514296116809,0.0616351006687717,0.11635802802552318
1014,-0.625000000000012,0.1381310558628968,6.0,-2.421813994219579e-05,0.1381068377229546,0.11394956471506526
1015,-0.6000000000000121,0.132275581445341,6.0,0.1081797422665307,0.2404553237118717,0.11155882270326808
1016,-0.5750000000000122,0.1264201070277852,6.0,0.0461820963456051,0.1726022033733903,0.1090353876274224
1017,-0.5500000000000123,0.1205646326102293,6.0,-0.0524684055793686,0.0680962270308607,0.10628099642382832
1018,-0.5250000000000123,0.1147091581926735,6.0,-0.0238226546613191,0.0908865035313543,0.10323475046046757
1019,-0.5000000000000124,0.1091191128006883,6.0,0.1702399823160439,0.2793590951167322,0.09986217850030556
1020,-0.4750000000000125,0.1036698968110842,6.0,0.0280808911556206,0.1317507879667048,0.09614731548981713
1021,-0.4500000000000126,0.0982206808214802,6.0,-0.0653538814461467,0.0328667993753334,0.09208708870927815
1022,-0.4250000000000127,0.0927714648318761,6.0,-0.1030677398622259,-0.0102962750303498,0.08768745225430911
1023,-0.4000000000000128,0.0873222488422721,6.0,0.1121915263419903,0.1995137751842625,0.08296084550811329
1024,-0.3750000000000129,0.082265615409994,6.0,0.0050962681769475,0.0873618835869415,0.07792466180641897
1025,-0.3500000000000129,0.0777467500941302,6.0,-0.0291926093977297,0.0485541406964004,0.07260050052182097
1026,-0.325000000000013,0.0732251247620726,6.0,-0.0002440545014445,0.0729810702606281,0.06701404271184003
1027,-0.3000000000000131,0.0686385279511584,6.0,-0.0204427715732448,0.0481957563779135,0.06119544080939435
1028,-0.2750000000000132,0.0640551769560372,6.0,-0.0424568640124424,0.0215983129435947,0.055180149263370025
1029,-0.2500000000000133,0.0591491616831476,6.0,-0.0575879180769424,0.0015612436062051,0.04901014701022064
1030,-0.2250000000000134,0.0542431464102579,6.0,-0.1175297390018774,-0.0632865925916195,0.042735514126608136
1031,-0.2000000000000135,0.0516151770879217,6.0,-0.1231494573445448,-0.0715342802566231,0.036416322063636146
1032,-0.1750000000000136,0.0490918505964982,6.0,-0.025414785303011,0.0236770652934871,0.030124775115595782
1033,-0.1500000000000136,0.0463472723421466,6.0,-0.0720326695966913,-0.0256853972545447,0.023947492435261897
1034,-0.1250000000000137,0.0436026940877949,6.0,0.1033007759238925,0.1469034700116874,0.017987732320164353
1035,-0.1000000000000138,0.0408044689461863,6.0,-0.1466830255566144,-0.1058785566104281,0.01236721405736276
1036,-0.0750000000000139,0.0378801052692473,6.0,-0.0574122152313729,-0.0195321099621256,0.007226957920772438
1037,-0.050000000000014,0.0355683173448312,6.0,0.1299209141489941,0.1654892314938253,0.0027261982664158776
1038,-0.0250000000000141,0.0333495586330919,6.0,0.0357053218995482,0.0690548805326402,-0.0009621310159619152
1039,-1.4210854715202004e-14,0.0311307999213525,6.0,-0.0825254597770911,-0.0513946598557386,-0.003661659553242232
1040,0.0249999999999861,0.0289090012428859,6.0,0.0383871159496754,0.0672961171925613,-0.0052120700847077305
1041,0.0499999999999856,0.0263601960633999,6.0,-0.0922002956915708,-0.0658400996281709,-0.005502790266511519
1042,0.074999999999985,0.0236687418367494,6.0,-0.0503622650142638,-0.0266935231775144,-0.004527420660060201
1043,0.0999999999999854,0.0214546968008408,6.0,-0.0099530396699823,0.0115016571308584,-0.002465878136954294
1044,0.1249999999999857,0.0191787478005423,6.0,-0.0430898773741727,-0.0239111295736304,0.0002030914772037841
1045,0.1499999999999852,0.0166879095725985,6.0,-0.0426148189238209,-0.0259269093512224,0.002575159798651641
1046,0.1749999999999847,0.0153176522147651,6.0,-0.0674022155240973,-0.0520845633093322,0.0032496967693092012
1047,0.199999999999985,0.0136990743628645,6.0,0.0363597037714275,0.050058778134292,0.0005018381774195249
1048,0.2249999999999854,0.0122398128561502,6.0,0.1418856259797806,0.1541254388359308,-0.006975500790223818
1049,0.2499999999999849,0.0106127726874805,6.0,-0.0207201067936551,-0.0101073341061746,-0.018604476417698832
1050,0.2749999999999843,0.0072524144620682,6.0,-0.0697735764182128,-0.0625211619561446,-0.030749729756633246
1051,0.2999999999999847,0.0051254280119746,6.0,-0.0843932270248964,-0.0792677990129218,-0.03831042221897961
1052,0.3249999999999851,0.0035466845707457,6.0,-0.1227680920868189,-0.1192214075160732,-0.03902884330185961
1053,0.3499999999999845,0.0017181989042715,6.0,-0.020656658899892,-0.0189384599956205,-0.034971837042890155
1054,0.374999999999984,0.000397873373919,6.0,-0.057841595987012,-0.057443722613093,-0.029038658239109724
1055,0.3999999999999843,0.0004173704759194,6.0,0.009968818548819,0.0103861890247384,-0.022238451531373334
1056,0.4249999999999847,0.0,6.0,-0.1095186359232506,-0.1095186359232506,-0.014477428485244168
1057,0.4499999999999842,0.0002184679500391,6.0,-0.2451459959928986,-0.2449275280428595,-0.006034855611938376
1058,0.4749999999999836,0.0009275690059318,6.0,0.0964441203348103,0.0973716893407421,0.0021433029339363668
1059,0.499999999999984,0.0016299596053288,6.0,0.1731689208217356,0.1747988804270644,0.008905173189993473
1060,0.5249999999999844,0.0021275875130557,6.0,0.040183865839127,0.0423114533521827,0.013355557475204775
1061,0.5499999999999838,0.0026539120797986,6.0,-0.0478158920697434,-0.0451619799899448,0.015063839766360587
1062,0.5749999999999833,0.0033097761807248,6.0,-0.0976001301697101,-0.0942903539889853,0.014074336480002472
1063,0.5999999999999837,0.0039819857026006,6.0,0.0985355143970981,0.1025175000996987,0.010832420814827869
1064,0.624999999999984,0.0046541952244763,6.0,0.143965940590457,0.1486201358149333,0.006093979359880258
1065,0.6499999999999835,0.0053264047463521,6.0,-0.1013954102395785,-0.0960690054932264,0.0008311960123147562
1066,0.674999999999983,0.0056413526426492,6.0,-0.1289754500130953,-0.1233340973704461,-0.0038844346263378652
1067,0.6999999999999833,0.00561204937602,6.0,-0.0548630165732922,-0.0492509671972722,-0.007042372891703869
1068,0.7249999999999837,0.0052103553458293,6.0,-0.0616790006934004,-0.056468645347571,-0.007889797476474761
1069,0.7499999999999831,0.0048084973516187,6.0,0.0122529290678859,0.0170614264195046,-0.0061182947738985275
1070,0.7749999999999826,0.0045098832743753,6.0,0.0986325115993472,0.1031423948737225,-0.001970654481452406
1071,0.799999999999983,0.0044561759445325,6.0,-0.0501999212806326,-0.0457437453361001,0.0037854989600141866
1072,0.8249999999999833,0.003217708151307,6.0,-0.0715641464074149,-0.0683464382561079,0.010018672771402011
1073,0.8499999999999828,0.0018627504361554,6.0,0.0349472389345264,0.0368099893706818,0.01547501690340328
1074,0.8749999999999822,0.0007398252445704,6.0,0.1028331171687248,0.1035729424132952,0.01902020522672149
1075,0.8999999999999826,0.001407213639905,6.0,0.0331760779053714,0.0345832915452764,0.019814612285769324
1076,0.924999999999983,0.0021155201468622,6.0,0.0476622313831423,0.0497777515300045,0.0173919449969971
1077,0.9499999999999824,0.0028631412199896,6.0,-0.0644817164971276,-0.061618575277138,0.011649136292968869
1078,0.974999999999982,0.0037121494166654,6.0,0.1550418551204268,0.1587540045370922,0.0027774896996503157
1079,0.9999999999999822,0.0045611576133413,6.0,-0.1267342298636099,-0.1221730722502686,-0.008830812411523248
1080,1.0249999999999826,0.0054101658100172,6.0,-0.0439342517745319,-0.0385240859645147,-0.022674398317850914
1081,1.049999999999982,0.006259174006693,6.0,0.0312435202655639,0.0375026942722569,-0.03821762425324597
1082,1.0749999999999815,0.0072252263158078,6.0,0.0137073356581136,0.0209325619739214,-0.05494363716581804
1083,1.099999999999982,0.0079810844520344,6.0,-0.0582678777003768,-0.0502867932483424,-0.07238680964768328
1084,1.1249999999999822,0.008736942588261,6.0,-0.0191373245238877,-0.0104003819356267,-0.09014872445142033
1085,1.1499999999999817,0.0094928007244876,6.0,0.0279628118182854,0.037455612542773,-0.10790254982428868
1086,1.1749999999999812,0.0104524394384808,6.0,-0.1141773310102578,-0.103724891571777,-0.12539010059736444
1087,1.1999999999999815,0.0115074588519273,6.0,0.0311848676331968,0.0426923264851241,-0.14241488588107806
1088,1.224999999999982,0.0125990014585436,6.0,-0.0261074565084699,-0.0135084550499263,-0.1588334322407453
1089,1.2499999999999811,0.0136985406939283,6.0,-0.1398498322234952,-0.1261512915295669,-0.1745463304050929
1090,1.2749999999999808,0.0147980799293131,6.0,-0.0481466651770762,-0.0333485852477631,-0.18948983200756161
1091,1.2999999999999812,0.0158976191646979,6.0,0.0243223181418444,0.0402199373065423,-0.20362840104304403
1092,1.3249999999999815,0.0169971584000827,6.0,0.1184645022514414,0.1354616606515241,-0.21694835934600576
1093,1.349999999999981,0.0180663095928068,6.0,0.0892329015005385,0.1072992110933453,-0.22945261158040647
1094,1.3749999999999805,0.0191256195129695,6.0,-0.0377123464723044,-0.0185867269593349,-0.2411563555225785
1095,1.3999999999999808,0.0202971079023363,6.0,0.0277598495749919,0.0480569574773282,-0.2520836499031477
1096,1.4249999999999812,0.0215164342118016,6.0,-0.1391023091201828,-0.1175858749083812,-0.2622647054641002
1097,1.4499999999999806,0.0227357605212669,6.0,-0.0100405055280799,0.0126952549931869,-0.27173377261987425
1098,1.47499999999998,0.0239550868307321,6.0,0.0961797213393092,0.1201348081700413,-0.28052751343684007
1099,1.4999999999999805,0.0251744131401974,6.0,0.1643649110188956,0.189539324159093,-0.28868376205066665
1100,1.5249999999999808,0.0263601360486886,6.0,-0.0089606157709751,0.0173995202777134,-0.29624059368465083
1101,1.5499999999999805,0.0275295580737512,6.0,0.0293945352623997,0.0569240933361509,-0.30323563693752964
1102,1.5749999999999795,0.0287799558965786,6.0,0.0154433430959756,0.0442232989925542,-0.3097055765344986
1103,1.59999999999998,0.0300320593542245,6.0,0.028328576655948,0.0583606360101725,-0.31568580423824905
1104,1.6249999999999805,0.0312664163538653,6.0,-0.0527787384346857,-0.0215123220808204,-0.3212101842539106
1105,1.64999999999998,0.0325007733535062,6.0,0.0519952313340576,0.0844960046875638,-0.32631090647056943
1106,1.6749999999999794,0.0337351303531469,6.0,0.0069716658007313,0.0407067961538782,-0.3310184065174082
1107,1.6999999999999795,0.0349779252026618,6.0,-0.0635162349890776,-0.0285383097864158,-0.3353613361149758
1108,1.72499999999998,0.0362232289417651,6.0,0.0104244110211548,0.0466476399629199,-0.33936657078366905
1109,1.7499999999999796,0.0374685326808684,6.0,-0.0509053617747778,-0.0134368290939094,-0.34305924481170114
1110,1.774999999999979,0.0387165967635324,6.0,-0.0479219837405921,-0.0092053869770597,-0.3464628056321858
1111,1.7999999999999794,0.0401411919740769,6.0,-0.0002672720362746,0.0398739199378022,-0.3495990815341601
1112,1.82499999999998,0.0415657871846213,6.0,-0.0590162045028517,-0.0174504173182304,-0.35248835803251577
1113,1.8499999999999792,0.0429903823951658,6.0,-0.0721185212185408,-0.029128138823375,-0.3551494593245613
1114,1.874999999999979,0.0444123820546775,6.0,0.0520181959148941,0.0964305779695716,-0.35759983212791513
1115,1.899999999999979,0.0458327564610953,6.0,0.072234728225614,0.1180674846867093,-0.3598556298748425
1116,1.92499999999998,0.0472531308675131,6.0,-0.0757688114474244,-0.0285156805799113,-0.3619317957706605
1117,1.9499999999999789,0.0485104160336308,6.0,-0.0715288395471614,-0.0230184235135305,-0.36384214363930845
1118,1.9749999999999783,0.0492820115629538,6.0,-0.0567365422761477,-0.0074545307131939,-0.36559943580217513
1119,1.999999999999979,0.0501078380527383,6.0,0.0581643265839218,0.1082721646366601,-0.3672154574858536
1120,-1.9750000000000072,0.0245067062015338,7.0,0.0465603489213672,0.071067055122901,-0.06754538840604614
1121,-1.9500000000000075,0.0330383076295081,7.0,-0.176790415531846,-0.1437521079023379,-0.057004468105521934
1122,-1.925000000000008,0.0415699090574826,7.0,-0.1374722261317927,-0.0959023170743101,-0.045367615400336396
1123,-1.900000000000008,0.0501015104854569,7.0,-0.060310259320464,-0.0102087488350071,-0.03245437530321282
1124,-1.8750000000000075,0.0586331119134313,7.0,-0.1160372164971675,-0.0574041045837362,-0.0180539403066018
1125,-1.850000000000008,0.0671647133414055,7.0,-0.1392241741387531,-0.0720594607973476,-0.0019324950793303199
1126,-1.825000000000008,0.0797425650235745,7.0,0.0621070302541992,0.1418495952777737,0.016137722613963887
1127,-1.8000000000000078,0.0904631321938731,7.0,-0.0649074324441014,0.0255556997497716,0.03630078831886525
1128,-1.775000000000008,0.1001024509316079,7.0,-0.1621928212654711,-0.0620903703338632,0.05845708511668576
1129,-1.750000000000008,0.1089356122585687,7.0,0.0821525940118527,0.1910882062704214,0.0820703274249486
1130,-1.725000000000008,0.1175208735813384,7.0,-0.091087220639598,0.0264336529417403,0.1063177278838788
1131,-1.7000000000000082,0.1256905433664142,7.0,0.006903634921821,0.1325941782882352,0.13056467726367263
1132,-1.6750000000000085,0.1284958890975505,7.0,-0.0159927467538707,0.1125031423436797,0.15132619817929782
1133,-1.6500000000000083,0.1304898354422828,7.0,0.1443381511087511,0.2748279865510339,0.1598701642654785
1134,-1.6250000000000084,0.1336528092819749,7.0,0.0757650294503773,0.2094178387323522,0.16147184549156585
1135,-1.6000000000000083,0.1374227036241072,7.0,0.0261551859952238,0.163577889619331,0.1772473735045863
1136,-1.5750000000000086,0.1411925979662374,7.0,0.0065571549922438,0.1477497529584812,0.20841727703886653
1137,-1.5500000000000087,0.144945558875698,7.0,0.1578708720652748,0.3028164309409727,0.2320448075362893
1138,-1.5250000000000088,0.1482816987151229,7.0,0.1248750478099463,0.2731567465250692,0.23025859551734978
1139,-1.5000000000000089,0.1516178385545478,7.0,0.0254130023645748,0.1770308409191226,0.20601796766233582
1140,-1.475000000000009,0.1549539783939738,7.0,0.0324139120587654,0.1873678904527392,0.17486001384491306
1141,-1.450000000000009,0.1582901182333988,7.0,-0.0451210647607304,0.1131690534726683,0.15070975546972173
1142,-1.4250000000000091,0.1616262580728243,7.0,-0.03203291744592,0.1295933406269042,0.1393043624900124
1143,-1.4000000000000092,0.1649623979122494,7.0,-0.0757212509315508,0.0892411469806986,0.13955010714157356
1144,-1.375000000000009,0.1682985377516744,7.0,0.0874965775702602,0.2557951153219346,0.14745488080020172
1145,-1.3500000000000094,0.1716346775910992,7.0,-0.0443769619899339,0.1272577156011652,0.15900065729614019
1146,-1.3250000000000095,0.1749708174305251,7.0,-0.0376116040338653,0.1373592133966597,0.17130349129080324
1147,-1.3000000000000096,0.178306957269951,7.0,-0.0413032857314822,0.1370036715384687,0.18270986179218843
1148,-1.2750000000000097,0.1822241902260316,7.0,0.0081758807257956,0.1904000709518272,0.19249692651222367
1149,-1.2500000000000098,0.1861617530367056,7.0,-0.0917731464215829,0.0943886066151226,0.2005230279609856
1150,-1.22500000000001,0.1900869071999509,7.0,-0.0216916045206033,0.1683953026793475,0.20693558050644467
1151,-1.20000000000001,0.1922613186915813,7.0,0.0479680044260828,0.2402293231176641,0.21193479935518816
1152,-1.17500000000001,0.1944357301832113,7.0,0.0490129665977234,0.2434486967809347,0.21555986746866396
1153,-1.15000000000001,0.1966101416748417,7.0,0.1934791601660547,0.3900893018408964,0.21746803680388077
1154,-1.1250000000000102,0.199083506890489,7.0,-0.0583186679941802,0.1407648388963087,0.21671022397297382
1155,-1.1000000000000103,0.202005069260845,7.0,-0.0356941097831225,0.1663109594777225,0.21160553976730453
1156,-1.0750000000000104,0.2052063752520097,7.0,0.0356918996635843,0.240898274915594,0.2001080724984159
1157,-1.0500000000000105,0.2084076812431745,7.0,-0.1070220249402228,0.1013856563029517,0.18185405983774602
1158,-1.0250000000000106,0.2116268214671814,7.0,0.023011148375629,0.2346379698428104,0.16433716665585532
1159,-1.0000000000000109,0.2148747264182166,7.0,-0.0806046429606491,0.1342700834575674,0.1689977858547335
1160,-0.9750000000000107,0.2181226313692526,7.0,-0.0325661948514294,0.1855564365178231,0.1770483991169416
1161,-0.9500000000000108,0.2213705363202881,7.0,-0.1251444955692862,0.0962260407510018,0.09221963962337923
1162,-0.9250000000000108,0.2246184412713228,7.0,-0.0241803522964383,0.2004380889748844,0.20311505275464334
1163,-0.900000000000011,0.2278663462223587,7.0,0.1256224737606826,0.3534888199830414,0.26721407094033994
1164,-0.8750000000000111,0.2314019622627938,7.0,-0.0045193236956115,0.2268826385671822,0.22259176820492627
1165,-0.8500000000000112,0.2362625718101383,7.0,-0.0915744937303766,0.1446880780797617,0.19593232404699706
1166,-0.8250000000000113,0.2413732607692881,7.0,0.1264408333708399,0.3678140941401281,0.1942074170080474
1167,-0.8000000000000114,0.2464839497284373,7.0,0.1342876717867014,0.3807716215151387,0.20728949195127452
1168,-0.7750000000000115,0.2517385606950867,7.0,-0.1717443537443702,0.0799942069507164,0.228990695422339
1169,-0.7500000000000115,0.2620285395660352,7.0,-0.0088569373137472,0.253171602252288,0.25574981879321357
1170,-0.7250000000000116,0.2794852278150145,7.0,0.0456275551273954,0.3251127829424099,0.2852568635685706
1171,-0.7000000000000117,0.2966980173000615,7.0,0.0444025208936574,0.341100538193719,0.3159255899807041
1172,-0.6750000000000118,0.3139108067851093,7.0,0.0742239072859805,0.3881347140710898,0.3466755086175745
1173,-0.6500000000000119,0.3348162764718126,7.0,-0.0719257966959036,0.2628904797759089,0.376803924487448
1174,-0.625000000000012,0.3574174393907105,7.0,0.0748774624036354,0.4322949017943459,0.40588853099883415
1175,-0.6000000000000121,0.379933078703813,7.0,0.1540518463111954,0.5339849250150084,0.43370842132476833
1176,-0.5750000000000122,0.3971826255801936,7.0,0.060298480435236,0.4574811060154296,0.46018159367967587
1177,-0.5500000000000123,0.4114428498804849,7.0,0.1105521391158235,0.5219949889963084,0.48531759888541676
1178,-0.5250000000000123,0.4397935486495268,7.0,0.0627806869547123,0.5025742356042391,0.5091830939836248
1179,-0.5000000000000124,0.4614525410396684,7.0,0.0083501639209867,0.4698027049606551,0.5318776247509178
1180,-0.4750000000000125,0.4837466007799287,7.0,0.0815419612772655,0.5652885620571942,0.5535170683751439
1181,-0.4500000000000126,0.5109784292291759,7.0,0.0733636414996991,0.584342070728875,0.5742225709586283
1182,-0.4250000000000127,0.5385119532703375,7.0,0.0472726060166059,0.5857845592869435,0.5941132950314815
1183,-0.4000000000000128,0.5695218469978088,7.0,-0.1157548092531393,0.4537670377446694,0.6133017311038841
1184,-0.3750000000000129,0.6003544157236049,7.0,0.0936777262890305,0.6940321420126354,0.6318906799413267
1185,-0.3500000000000129,0.631311221306317,7.0,-0.0629848176269894,0.5683264036793276,0.6499712747068622
1186,-0.325000000000013,0.6638242661435599,7.0,-0.0319315819626899,0.63189268418087,0.6676215973770326
1187,-0.3000000000000131,0.6963373109808018,7.0,-0.0618181414942243,0.6345191694865774,0.6849055690976386
1188,-0.2750000000000132,0.7296364530205923,7.0,0.1038578150139087,0.833494268034501,0.701871875112229
1189,-0.2500000000000133,0.761350892391305,7.0,-0.0614353824546922,0.6999155099366128,0.7185527340053897
1190,-0.2250000000000134,0.7761390557754102,7.0,0.0573896285362005,0.8335286843116108,0.7349623474623076
1191,-0.2000000000000135,0.7853400429878629,7.0,0.0049796182139436,0.7903196612018065,0.7510948773459836
1192,-0.1750000000000136,0.7939665103353001,7.0,-0.0504034354768654,0.7435630748584346,0.7669217971534945
1193,-0.1500000000000136,0.801880629302526,7.0,-0.0267017250457202,0.7751789042568058,0.7823884605403043
1194,-0.1250000000000137,0.8083610537368284,7.0,0.1209794946581872,0.9293405483950156,0.7974097285352988
1195,-0.1000000000000138,0.812645577947034,7.0,0.1262511084777303,0.9388966864247644,0.8118645126845402
1196,-0.0750000000000139,0.8169827081436702,7.0,0.0394021783017574,0.8563848864454277,0.8255891478292944
1197,-0.050000000000014,0.8162106099022933,7.0,0.0755058027573839,0.8917164126596773,0.8383696495611394
1198,-0.0250000000000141,0.8052363809961329,7.0,-0.1096515333709363,0.6955848476251966,0.8499332163557926
1199,-1.4210854715202004e-14,0.7969243255727109,7.0,0.1161582901205362,0.9130826156932472,0.8599399413372932
1200,0.0249999999999861,0.7886122701492888,7.0,0.0652442216929438,0.8538564918422327,0.867976827950534
1201,0.0499999999999856,0.7804725736512419,7.0,-0.0422490330898314,0.7382235405614104,0.8735581963667457
1202,0.074999999999985,0.7810992020136094,7.0,-0.0333592180426354,0.747739983970974,0.8761398547743995
1203,0.0999999999999854,0.7780404806716533,7.0,0.0767782180531757,0.8548186987248291,0.8751593222662183
1204,0.1249999999999857,0.7666710377743224,7.0,0.085675812181745,0.8523468499560676,0.8701205139940437
1205,0.1499999999999852,0.7643774267777238,7.0,-0.0377338827886601,0.7266435439890637,0.8607459288136656
1206,0.1749999999999847,0.768232268408882,7.0,0.1785006773997244,0.9467329458086065,0.8472147950431129
1207,0.199999999999985,0.7864146418037808,7.0,0.0309855924667195,0.8174002342705005,0.8304766887927755
1208,0.2249999999999854,0.8078697669918439,7.0,0.0640743319594423,0.8719440989512862,0.812558753886413
1209,0.2499999999999849,0.8251928189187961,7.0,0.0038978440794826,0.8290906629982788,0.796673727741845
1210,0.2749999999999843,0.8397429113396181,7.0,0.0089271185258126,0.8486700298654307,0.7868543098476404
1211,0.2999999999999847,0.8486877552837818,7.0,-0.1133602881009099,0.7353274671828719,0.7869343396818065
1212,0.3249999999999851,0.8559214518655519,7.0,-0.1236051516011614,0.7323163002643904,0.7990716908411897
1213,0.3499999999999845,0.873819132864176,7.0,0.0393172743381178,0.9131364072022938,0.822493207550216
1214,0.374999999999984,0.8828552266835948,7.0,-0.0610102639607708,0.821844962722824,0.8532914688980835
1215,0.3999999999999843,0.9052808414751452,7.0,0.0257869281458619,0.9310677696210072,0.8856131400875531
1216,0.4249999999999847,0.9313891399961362,7.0,0.0404050990880363,0.9717942390841724,0.9137146114416462
1217,0.4499999999999842,0.9388637463239016,7.0,-0.0195444700491031,0.9193192762747984,0.9338116253410474
1218,0.4749999999999836,0.9508832631372734,7.0,-0.053836977972747,0.8970462851645264,0.9448729348114661
1219,0.499999999999984,0.9624173094047912,7.0,0.0327459650642596,0.9951632744690508,0.9482485317059107
1220,0.5249999999999844,0.9733745787485476,7.0,-0.1708619418272864,0.8025126369212612,0.9466254429368058
1221,0.5499999999999838,0.9837839655601356,7.0,0.004492098392811,0.9882760639529466,0.9429249064430071
1222,0.5749999999999833,0.9916391430355106,7.0,0.0099127318306173,1.0015518748661278,0.9395388946211672
1223,0.5999999999999837,0.9979723897429352,7.0,-0.0086175571218603,0.9893548326210748,0.9380226993443387
1224,0.624999999999984,1.0,7.0,-0.057756344485457,0.9422436555145428,0.9391549020070553
1225,0.6499999999999835,0.9983465832559274,7.0,-0.1135115313332563,0.8848350519226711,0.9431791448623217
1226,0.674999999999983,0.9973073049127912,7.0,-0.1083942660730778,0.8889130388397133,0.9500468170347139
1227,0.6999999999999833,0.9962130152329816,7.0,-0.0097754318906342,0.9864375833423472,0.9595534969072573
1228,0.7249999999999837,0.99350758504877,7.0,-0.0214928838689566,0.9720147011798134,0.9713537154812554
1229,0.7499999999999831,0.9902625959181772,7.0,0.0480816902442428,1.03834428616242,0.9849037994753899
1230,0.7749999999999826,0.9867943393101418,7.0,-0.018605852723875,0.9681884865862668,0.9994028173752176
1231,0.799999999999983,0.9857314544309704,7.0,0.0594084446518713,1.0451398990828418,1.0137843623648901
1232,0.8249999999999833,0.9847724948622074,7.0,0.0329588103541376,1.017731305216345,1.0267773542446945
1233,0.8499999999999828,0.9838135352934448,7.0,-0.0610569710293452,0.9227565642640996,1.037021984046944
1234,0.8749999999999822,0.9821403961417812,7.0,-0.0507171567085615,0.9314232394332196,1.0432088825264845
1235,0.8999999999999826,0.9799557730587574,7.0,0.1865846419106908,1.166540414969448,1.044207645567379
1236,0.924999999999983,0.9803196507541344,7.0,0.0410613773496362,1.0213810281037703,1.0391604934816574
1237,0.9499999999999824,0.981035336711604,7.0,0.0879961358340976,1.0690314725457015,1.027531040474689
1238,0.974999999999982,0.9819738101600828,7.0,0.0038750745138567,0.9858488846739396,1.0091107346814951
1239,0.9999999999999822,0.9804986425498486,7.0,-0.0220534611143348,0.9584451814355136,0.9839931138937194
1240,1.0249999999999826,0.9789903486741238,7.0,-0.0253131954535186,0.9536771532206052,0.9525282407629179
1241,1.049999999999982,0.9774820547983992,7.0,0.069281597493707,1.0467636522921062,0.9152681451179887
1242,1.0749999999999815,0.9759737609226744,7.0,-0.0355237420212895,0.9404500189013848,0.8729109634628884
1243,1.099999999999982,0.9744654670469493,7.0,0.0836965258134772,1.0581619928604264,0.8262483801503009
1244,1.1249999999999822,0.9729571731712248,7.0,-0.0840357771622112,0.8889213960090134,0.7761187348507145
1245,1.1499999999999817,0.9712723451054092,7.0,0.057743424402761,1.02901576950817,0.723366854572051
1246,1.1749999999999812,0.9693732996176848,7.0,-0.0174796309521202,0.9518936686655646,0.6688110223741228
1247,1.1999999999999815,0.9674742541299606,7.0,-0.1021957767065713,0.8652784774233893,0.6132171727805544
1248,1.224999999999982,0.965575208642236,7.0,-0.0691548519464094,0.8964203566958265,0.5572801679232339
1249,1.2499999999999811,0.9636256617612232,7.0,-0.0085360355172342,0.955089626243989,0.501611757169551
1250,1.2749999999999808,0.9613490881388466,7.0,-0.0506417215289441,0.9107073666099024,0.4467345572326027
1251,1.2999999999999812,0.9589373242342034,7.0,0.0001846950511771,0.9591220192853804,0.39308115693875323
1252,1.3249999999999815,0.9568325651387658,7.0,-0.0640614451680269,0.8927711199707389,0.34099729877177737
1253,1.349999999999981,0.955246283539652,7.0,0.0008870063663311,0.9561332899059832,0.29074804202220167
1254,1.3749999999999805,0.9536805331868063,7.0,-0.0089194891954389,0.9447610439913674,0.24252586578642435
1255,1.3999999999999808,0.9521147828339606,7.0,0.0679297080486632,1.0200444908826238,0.1964598000155235
1256,1.4249999999999812,0.9505490324811152,7.0,0.0996730064069686,1.050222038888084,0.15262484676162014
1257,1.4499999999999806,0.9489832821282692,7.0,-0.208115314224749,0.7408679679035202,0.11105114069143883
1258,1.47499999999998,0.947417531775424,7.0,-0.0482888848300443,0.8991286469453796,0.07173247413407528
1259,1.4999999999999805,0.9458517814225782,7.0,0.1637582501761696,1.1096100315987478,0.0346339628413297
1260,1.5249999999999808,0.9437114656301824,7.0,-0.0001376334028703,0.943573832227312,-0.0003012520478142026
1261,1.5499999999999805,0.9400233446875538,7.0,-0.1009352421490079,0.8390881025385458,-0.033146282856211
1262,1.5749999999999795,0.9379730357627832,7.0,0.1473521083415273,1.0853251441043106,-0.06398571288797718
1263,1.59999999999998,0.938579313262773,7.0,0.1830019314661329,1.121581244728906,-0.09291167441871287
1264,1.6249999999999805,0.9391855907627624,7.0,-0.0068332068726937,0.9323523838900688,-0.12002069043787991
1265,1.64999999999998,0.939791868262752,7.0,-0.0428611362156467,0.8969307320471053,-0.14541117735837228
1266,1.6749999999999794,0.9403981457627416,7.0,-0.088790954662353,0.8516071911003886,-0.16918150807665752
1267,1.6999999999999795,0.9410044232627311,7.0,-0.0341019574566393,0.9069024658060918,-0.19142854191288428
1268,1.72499999999998,0.9420566821096408,7.0,0.0085450097309583,0.9506016918405992,-0.21224653771673055
1269,1.7499999999999796,0.943442975015776,7.0,0.060788767973411,1.004231742989187,-0.23172637716729652
1270,1.774999999999979,0.9448292679219108,7.0,0.0043278568514695,0.9491571247733804,-0.2499550359784878
1271,1.7999999999999794,0.9461946542606244,7.0,-0.0034540428832977,0.9427406113773268,-0.2670152507242542
1272,1.82499999999998,0.9463088291249748,7.0,0.0081511245221874,0.9544599536471622,-0.28298533799704106
1273,1.8499999999999792,0.9464230039893244,7.0,0.0006678988672517,0.9470909028565762,-0.2979391304815851
1274,1.874999999999979,0.9465142737182964,7.0,0.0161950398925686,0.9627093136108652,-0.3119460012620891
1275,1.899999999999979,0.9460869824399488,7.0,0.0745502528405446,1.0206372352804935,-0.32507095335300584
1276,1.92499999999998,0.945514623934704,7.0,0.0026679303621016,0.9481825542968056,-0.33737475615825185
1277,1.9499999999999789,0.9449422654294596,7.0,0.0523779272177691,0.9973201926472288,-0.34891411444066256
1278,1.9749999999999783,0.9443699069242146,7.0,0.1565159398347263,1.100885846758941,-0.3597418585434095
1279,1.999999999999979,0.94379754841897,7.0,-0.0332821315885692,0.9105154168304008,-0.36990714716065226
1280,-1.9750000000000072,0.5398072360025986,8.0,0.1885848635587763,0.728392099561375,0.622242259540361
1281,-1.9500000000000075,0.5471025341433434,8.0,-0.0881725202581593,0.458930013885184,0.6148558334794485
1282,-1.925000000000008,0.5544830348072921,8.0,0.0194407981768198,0.573923832984112,0.6078302111344119
1283,-1.900000000000008,0.5618885139151025,8.0,0.1112101506415074,0.6730986645566099,0.6013825679669331
1284,-1.8750000000000075,0.5692939930229102,8.0,0.0270147717083494,0.5963087647312596,0.595797324409522
1285,-1.850000000000008,0.5766994721307169,8.0,-0.0270744407635543,0.5496250313671626,0.5914445872956703
1286,-1.825000000000008,0.584104951238525,8.0,0.0252035220222025,0.6093084732607276,0.5888006892794682
1287,-1.8000000000000078,0.5915104303463318,8.0,0.1254078456587139,0.7169182760050458,0.5884646803728757
1288,-1.775000000000008,0.5989159094541405,8.0,-0.0198297607699156,0.5790861486842249,0.5911496134706582
1289,-1.750000000000008,0.6063213885619468,8.0,-0.1134917448646483,0.4928296436972985,0.5975812229535118
1290,-1.725000000000008,0.6137268676697555,8.0,-0.1215207501600709,0.4922061175096845,0.6080924116041296
1291,-1.7000000000000082,0.6211323467775629,8.0,-0.0103115118943012,0.6108208348832617,0.6212562391317654
1292,-1.6750000000000085,0.6285378258853715,8.0,0.0281371909142154,0.656675016799587,0.6297489358404844
1293,-1.6500000000000083,0.6359433049931785,8.0,-0.0380982692646506,0.5978450357285279,0.6129044871636121
1294,-1.6250000000000084,0.6433487841009848,8.0,-0.0730482326954772,0.5703005514055076,0.580509804986342
1295,-1.6000000000000083,0.6507542632087939,8.0,0.0567882760576632,0.7075425392664572,0.7029799494558339
1296,-1.5750000000000086,0.6581597423166009,8.0,0.0296223517074226,0.6877820940240236,0.6791689134709156
1297,-1.5500000000000087,0.6655652214244091,8.0,-0.1046032193853817,0.5609620020390274,0.5824367626327669
1298,-1.5250000000000088,0.6729707005322161,8.0,-0.124703876440052,0.5482668240921641,0.6625746757151777
1299,-1.5000000000000089,0.6803761796400228,8.0,0.0625741282840549,0.7429503079240778,0.6920270776102232
1300,-1.475000000000009,0.6877816587478308,8.0,-0.0985028476276324,0.5892788111201983,0.6416187142179753
1301,-1.450000000000009,0.6951871378556393,8.0,-0.0940393010947406,0.6011478367608988,0.6218028107609441
1302,-1.4250000000000091,0.7025926169634454,8.0,0.0309157333578783,0.7335083503213238,0.6657021134224639
1303,-1.4000000000000092,0.7099980960712541,8.0,0.1164576047052384,0.8264557007764926,0.7256870158854024
1304,-1.375000000000009,0.7169688031981489,8.0,-0.0414667341109584,0.6755020690871905,0.75657130684707
1305,-1.3500000000000094,0.7238569133712208,8.0,0.0790665863603312,0.8029234997315521,0.7531623675572022
1306,-1.3250000000000095,0.7307450235442943,8.0,0.0823443150729725,0.8130893386172668,0.7338168846936377
1307,-1.3000000000000096,0.7382757168988909,8.0,0.0523023893313103,0.7905781062302013,0.7170771728055794
1308,-1.2750000000000097,0.7462274826714804,8.0,-0.000342440071881,0.7458850425995993,0.712966960028548
1309,-1.2500000000000098,0.75417924844407,8.0,-0.1128630307906453,0.6413162176534247,0.723556191433405
1310,-1.22500000000001,0.7621310142166601,8.0,-0.0409054919648643,0.7212255222517957,0.7453973425814487
1311,-1.20000000000001,0.7700827799892501,8.0,0.0237788173073213,0.7938615972965715,0.771257040659056
1312,-1.17500000000001,0.7780345457618391,8.0,0.0382806822263034,0.8163152279881425,0.7912558259704334
1313,-1.15000000000001,0.7859863115344284,8.0,-0.0094030226252872,0.7765832889091412,0.7944737264570094
1314,-1.1250000000000102,0.7904654717761104,8.0,-0.0264210506079363,0.7640444211681741,0.7726759753249286
1315,-1.1000000000000103,0.7936927220992397,8.0,0.0254587965554194,0.8191515186546592,0.7283016874264766
1316,-1.0750000000000104,0.7969199724223687,8.0,-0.2246881533040371,0.5722318191183315,0.6862875052807452
1317,-1.0500000000000105,0.8001472227454987,8.0,-0.0431146227609968,0.7570325999845018,0.6945842614707519
1318,-1.0250000000000106,0.8033744730686273,8.0,-0.0774845384410895,0.7258899346275377,0.7732129542973744
1319,-1.0000000000000109,0.806601723391757,8.0,0.0747281654868463,0.8813298888786032,0.8224958036670521
1320,-0.9750000000000107,0.8098289737148856,8.0,-0.1069874179858019,0.7028415557290837,0.7436344038175025
1321,-0.9500000000000108,0.8130562240380155,8.0,-0.0701715485172094,0.7428846755208061,0.7393217319731336
1322,-0.9250000000000108,0.8167782410492975,8.0,0.0157968559896988,0.8325750970389963,0.8162877052928229
1323,-0.900000000000011,0.8211620720716777,8.0,-0.1012106342156097,0.719951437856068,0.8338880075843828
1324,-0.8750000000000111,0.8255459030940581,8.0,0.0832806096902943,0.9088265127843524,0.8433854528151215
1325,-0.8500000000000112,0.8299297341164389,8.0,-0.0109740441919865,0.8189556899244523,0.8489507977873066
1326,-0.8250000000000113,0.8343135651388197,8.0,-0.0846457544067355,0.7496678107320842,0.8421517033148292
1327,-0.8000000000000114,0.8386973961611993,8.0,0.0682582313697704,0.9069556275309698,0.8306320644456244
1328,-0.7750000000000115,0.8430812271835797,8.0,-0.1430256761133993,0.7000555510701804,0.8223289898853637
1329,-0.7500000000000115,0.8418813356304525,8.0,0.0785277394311994,0.920409075061652,0.8195357293594494
1330,-0.7250000000000116,0.8394298630121028,8.0,0.0036798225426587,0.8431096855547615,0.8209288585397402
1331,-0.7000000000000117,0.8369783903937539,8.0,-0.1092801679664189,0.727698222427335,0.8241104921271922
1332,-0.6750000000000118,0.8344652421770153,8.0,0.0397886112603199,0.8742538534373353,0.826923903572082
1333,-0.6500000000000119,0.8319324080982944,8.0,0.0098240677533288,0.8417564758516232,0.8278937565025596
1334,-0.625000000000012,0.8293995740195724,8.0,0.0157659755606142,0.8451655495801867,0.826261272609602
1335,-0.6000000000000121,0.8268667399408514,8.0,-0.0626403489026756,0.7642263910381758,0.821871105812417
1336,-0.5750000000000122,0.8237499251321351,8.0,0.0625842081531354,0.8863341332852706,0.8150194443923983
1337,-0.5500000000000123,0.8136838898303603,8.0,0.1118955103633244,0.9255794001936848,0.8063040579082148
1338,-0.5250000000000123,0.8010916363364765,8.0,0.0386470518455638,0.8397386881820403,0.7964900540808496
1339,-0.5000000000000124,0.7997506828134809,8.0,-0.0093257948612796,0.7904248879522012,0.7863961118794627
1340,-0.4750000000000125,0.8007283478915851,8.0,-0.091909427960389,0.7088189199311961,0.7768034432793902
1341,-0.4500000000000126,0.8017576809412444,8.0,-0.0590406599936937,0.7427170209475508,0.7683888349734398
1342,-0.4250000000000127,0.8028824325182174,8.0,-0.0489562671038402,0.7539261654143772,0.7616820706599229
1343,-0.4000000000000128,0.8038353015237546,8.0,-0.0215489168779465,0.782286384645808,0.7570465039780321
1344,-0.3750000000000129,0.8044390036852294,8.0,-0.017431981253928,0.7870070224313013,0.7546798164791334
1345,-0.3500000000000129,0.8049039173996355,8.0,-0.0598712795556876,0.7450326378439478,0.7546304901811913
1346,-0.325000000000013,0.8054508484306111,8.0,0.1392471011739301,0.9446979496045412,0.7568246091858363
1347,-0.3000000000000131,0.7993888698080002,8.0,-0.0586500193306328,0.7407388504773673,0.7610974584041549
1348,-0.2750000000000132,0.7927943176374033,8.0,-0.0336543504830243,0.7591399671543789,0.767224994172704
1349,-0.2500000000000133,0.7910969160881955,8.0,-0.0247076486177561,0.7663892674704393,0.7749514475737894
1350,-0.2250000000000134,0.8107217308610583,8.0,-0.0201839318003535,0.7905377990607048,0.7840108140879383
1351,-0.2000000000000135,0.8303465456339212,8.0,-0.1409020385728686,0.6894445070610525,0.794141481044686
1352,-0.1750000000000136,0.8394567307168247,8.0,-0.0696254072131316,0.7698313235036931,0.8050944851375276
1353,-0.1500000000000136,0.8456993997191019,8.0,0.0020153933651072,0.8477147930842092,0.8166367089527597
1354,-0.1250000000000137,0.86229764174603,8.0,-0.0437508898185432,0.8185467519274867,0.8285506727945015
1355,-0.1000000000000138,0.8816046433846205,8.0,-0.0587062031216814,0.8228984402629391,0.8406325230534091
1356,-0.0750000000000139,0.8934001075072442,8.0,-0.0229474994847421,0.870452608022502,0.852689499755058
1357,-0.050000000000014,0.8948515160515009,8.0,-0.0043093955249855,0.8905421205265154,0.8645377410303049
1358,-0.0250000000000141,0.8923010006136097,8.0,-0.0323558062109713,0.8599451944026384,0.8760008814377233
1359,-1.4210854715202004e-14,0.8953719371777666,8.0,-0.0797246336900437,0.8156473034877229,0.8869096036070059
1360,0.0249999999999861,0.8988681790322941,8.0,-0.0077532381021075,0.8911149409301865,0.8971021354094919
1361,0.0499999999999856,0.901177377964184,8.0,0.0084067123472934,0.9095840903114776,0.90642563617761
1362,0.074999999999985,0.9040709440153584,8.0,0.0916467817018033,0.9957177257171618,0.9147384540502554
1363,0.0999999999999854,0.9066158800200532,8.0,0.0443386211151412,0.9509545011351944,0.9219133266894063
1364,0.1249999999999857,0.9091608160247476,8.0,0.1799521160810229,1.0891129321057706,0.9278417078345286
1365,0.1499999999999852,0.9086266159351162,8.0,0.0662317835052482,0.9748583994403645,0.9324395060805163
1366,0.1749999999999847,0.9086896104760408,8.0,0.234833694385523,1.1435233048615638,0.9356545942345131
1367,0.199999999999985,0.9102206995193824,8.0,0.007435888680694,0.9176565882000765,0.9374764542969076
1368,0.2249999999999854,0.911751788562724,8.0,-0.0112719653701057,0.9004798231926182,0.9379482126216085
1369,0.2499999999999849,0.9129330036987744,8.0,0.0853075594798184,0.9982405631785928,0.9371810100437683
1370,0.2749999999999843,0.9136626429905252,8.0,-0.0981826561895898,0.8154799868009355,0.9353700223375666
1371,0.2999999999999847,0.9160433188837248,8.0,-0.1260471934092934,0.7899961254744313,0.9328103447893222
1372,0.3249999999999851,0.9191948707093592,8.0,-0.0203998608083348,0.8987950099010245,0.9299092394627428
1373,0.3499999999999845,0.9241584627911256,8.0,0.1001154268967838,1.0242738896879096,0.9271889033210952
1374,0.374999999999984,0.928894499559894,8.0,0.0909449143194304,1.0198394138793243,0.9252713092186136
1375,0.3999999999999843,0.9331915796773784,8.0,-0.0064654096974201,0.9267261699799584,0.9248349007545726
1376,0.4249999999999847,0.9377927583813284,8.0,0.0487532586711681,0.9865460170524966,0.9265341733947591
1377,0.4499999999999842,0.9435195190059564,8.0,0.0963941610827688,1.0399136800887252,0.9308805381977598
1378,0.4749999999999836,0.9539743753958848,8.0,-0.0521324207242646,0.90184195467162,0.9380987313094429
1379,0.499999999999984,0.9675757467130194,8.0,-0.0530554673192537,0.9145202793937656,0.9479954758641623
1380,0.5249999999999844,0.9916973784428988,8.0,-0.1129100690033715,0.8787873094395273,0.9598958332475142
1381,0.5499999999999838,0.999009608399778,8.0,-0.090148741418536,0.908860866981242,0.9726999905862329
1382,0.5749999999999833,0.9999614379108768,8.0,0.0418101992043671,1.041771637115244,0.9850758494422686
1383,0.5999999999999837,0.9999999999999998,8.0,0.1629425533837913,1.1629425533837912,0.9957402218709752
1384,0.624999999999984,0.9999245487739638,8.0,0.0079470627348601,1.0078716115088238,1.003730492953547
1385,0.6499999999999835,0.9915582331065868,8.0,-0.0280064442126206,0.963551788893966,1.0085678037821926
1386,0.674999999999983,0.9813434169100004,8.0,0.0212255249577091,1.0025689418677095,1.010265875110173
1387,0.6999999999999833,0.9718283121049504,8.0,0.0200410612288076,0.991869373333758,1.0092096319723967
1388,0.7249999999999837,0.9752772178417304,8.0,0.0540444802216849,1.0293216980634154,1.0059710886098967
1389,0.7499999999999831,0.9829703571629588,8.0,-0.005143463537284,0.9778268936256748,1.001130812385191
1390,0.7749999999999826,0.985607067748678,8.0,-0.004317777001435,0.981289290747243,0.9951464233429829
1391,0.799999999999983,0.9926557225407092,8.0,0.062942226563164,1.0555979491038734,0.9882788044683537
1392,0.8249999999999833,0.9819411554441544,8.0,-0.0393174101780816,0.9426237452660728,0.9805667712114966
1393,0.8499999999999828,0.969301351059618,8.0,0.0398583498543726,1.0091597009139903,0.971834227827264
1394,0.8749999999999822,0.9550594126440888,8.0,0.0038724079327575,0.9589318205768464,0.9617157559480846
1395,0.8999999999999826,0.942578935447654,8.0,-0.0393294869991541,0.9032494484485,0.9496915858349038
1396,0.924999999999983,0.9306696179289584,8.0,0.0103124229647812,0.9409820408937396,0.9351273649405071
1397,0.9499999999999824,0.919470651059788,8.0,-0.0168472790412138,0.902623372018574,0.9173167070893771
1398,0.974999999999982,0.9118190483829952,8.0,0.0175117694765258,0.929330817859521,0.8955253224267994
1399,0.9999999999999822,0.916487264557544,8.0,-0.0390407966702501,0.8774464678872939,0.8690353386495355
1400,1.0249999999999826,0.9223111834917904,8.0,0.0200170489766686,0.9423282324684592,0.8371879685021668
1401,1.049999999999982,0.926385272273918,8.0,-0.0490693484592706,0.8773159238146473,0.799422423307802
1402,1.0749999999999815,0.9213864926558184,8.0,-0.0328701249471532,0.8885163677086652,0.755309076304068
1403,1.099999999999982,0.9130655417727964,8.0,-0.0252530794969516,0.8878124622758448,0.7045752817938057
1404,1.1249999999999822,0.9069215853790784,8.0,-0.0691462048578491,0.8377753805212294,0.6471227983286258
1405,1.1499999999999817,0.8992885654925136,8.0,-0.0400382860209013,0.8592502794716123,0.5830362968228515
1406,1.1749999999999812,0.8916555456059492,8.0,-0.1007596808602392,0.7908958647457099,0.5125828792069186
1407,1.1999999999999815,0.884022525719385,8.0,0.1576599133417992,1.0416824390611843,0.4362028938046404
1408,1.224999999999982,0.8763895058328202,8.0,-0.0271966992434889,0.8491928065893312,0.3544926663525818
1409,1.2499999999999811,0.8687564859462555,8.0,-0.0268493279493869,0.8419071579968685,0.2681801302539517
1410,1.2749999999999808,0.8616104886978123,8.0,0.0183088753711755,0.8799193640689879,0.1780947560044469
1411,1.2999999999999812,0.8545420688731125,8.0,0.0233940648652782,0.8779361337383906,0.08513360772975931
1412,1.3249999999999815,0.8474736490484128,8.0,-0.0456160772166078,0.8018575718318051,-0.009774294628970871
1413,1.349999999999981,0.8404052292237125,8.0,-0.1416391502202567,0.6987660790034558,-0.10570295927834335
1414,1.3749999999999805,0.8333368093990136,8.0,-0.0179354366281627,0.8154013727708509,-0.2017614912760144
1415,1.3999999999999808,0.8268643539285634,8.0,-0.1098010935285518,0.7170632604000116,-0.2971213435529335
1416,1.4249999999999812,0.8235843223254522,8.0,-0.1208005650178287,0.7027837573076234,-0.3910374265833391
1417,1.4499999999999806,0.820304290722341,8.0,-0.0379396946346711,0.7823645960876698,-0.482862447791164
1418,1.47499999999998,0.8170242591192305,8.0,0.0978402781963746,0.9148645373156052,-0.5720545403723248
1419,1.4999999999999805,0.8137442275161196,8.0,0.1823836207203875,0.9961278482365072,-0.6581788175323836
1420,1.5249999999999808,0.810464195913009,8.0,0.083363383769114,0.8938275796821231,-0.7409038857867783
1421,1.5499999999999805,0.8072156054503826,8.0,-0.0305475804466699,0.7766680250037127,-0.8199945504623415
1422,1.5749999999999795,0.8042794564282556,8.0,0.025676529311992,0.8299559857402476,-0.8953019680536717
1423,1.59999999999998,0.8013433074061285,8.0,0.0101387752026206,0.8114820826087491,-0.9667523881727177
1424,1.6249999999999805,0.7970766367490056,8.0,-0.2001219917495806,0.5969546449994251,-1.0343354350651928
1425,1.64999999999998,0.791741438202435,8.0,-0.1284241458949177,0.6633172923075172,-1.0980926530950585
1426,1.6749999999999794,0.7864062396558643,8.0,-0.0478816221599469,0.7385246174959174,-1.1581068187361134
1427,1.6999999999999795,0.7810710411092932,8.0,-8.702460792464571e-05,0.7809840165013685,-1.2144923265271157
1428,1.72499999999998,0.7757358425627217,8.0,0.0317221966652826,0.8074580392280043,-1.2673867992372025
1429,1.7499999999999796,0.7704006440161494,8.0,0.0471808367285341,0.8175814807446835,-1.3169439553389228
1430,1.774999999999979,0.7650654454695792,8.0,0.0794801374604392,0.8445455829300185,-1.3633276863986126
1431,1.7999999999999794,0.7597302469230074,8.0,-0.0607869441786851,0.6989433027443223,-1.4067072469788044
1432,1.82499999999998,0.7543950483764368,8.0,-0.0075020228886045,0.7468930254878322,-1.4472534331156748
1433,1.8499999999999792,0.7490598498298658,8.0,0.1220207686270278,0.8710806184568937,-1.4851356158113056
1434,1.874999999999979,0.7437246512832945,8.0,0.013772994733345,0.7574976460166395,-1.5205194977049135
1435,1.899999999999979,0.7383894527367225,8.0,-0.0502041654893344,0.6881852872473881,-1.5535654698009433
1436,1.92499999999998,0.733054254190151,8.0,-0.117190961922449,0.615863292267702,-1.5844274576252713
1437,1.9499999999999789,0.7277190556435801,8.0,-0.0051979128467182,0.7225211427968619,-1.6132521602219303
1438,1.9749999999999783,0.7223838570970087,8.0,-0.0435078495854818,0.6788760075115269,-1.6401785995327571
1439,1.999999999999979,0.7170486585504376,8.0,0.0025649405601546,0.7196135991105923,-1.6653379110361588
1440,-1.9750000000000072,0.940512000533564,9.0,-0.0180214671718457,0.9224905333617184,0.9847514134114729
1441,-1.9500000000000075,0.9420273025283458,9.0,0.0794444553362663,1.0214717578646122,0.9798991471076633
1442,-1.925000000000008,0.9435426045231272,9.0,0.0130268361388644,0.9565694406619916,0.9749716983980963
1443,-1.900000000000008,0.945057906517909,9.0,0.0770405672333333,1.0220984737512424,0.9700553975764478
1444,-1.8750000000000075,0.9465732085126908,9.0,0.0179662695557493,0.96453947806844,0.9652800136097386
1445,-1.850000000000008,0.9480885105074726,9.0,-0.0260742513377852,0.9220142591696872,0.9608389406536377
1446,-1.825000000000008,0.949603812502254,9.0,-0.0271529145281138,0.92245089797414,0.9570204751462585
1447,-1.8000000000000078,0.9511191144970358,9.0,0.0854836719167554,1.0366027864137912,0.9542577873529086
1448,-1.775000000000008,0.9526325079309944,9.0,-0.0195785955748744,0.93305391235612,0.9532108783149792
1449,-1.750000000000008,0.9522995837184092,9.0,0.0002459400171286,0.9525455237355378,0.9549015874838647
1450,-1.725000000000008,0.9493562037381706,9.0,0.1016186816186526,1.0509748853568233,0.9609206990228659
1451,-1.7000000000000082,0.946412823757932,9.0,0.0945721770590138,1.040985000816946,0.9736276233282184
1452,-1.6750000000000085,0.9434694437776936,9.0,0.0489733870041578,0.9924428307818516,0.9955169877259342
1453,-1.6500000000000083,0.9399896501377254,9.0,0.1211500571681716,1.061139707305897,1.0220640022010559
1454,-1.6250000000000084,0.9358978256309286,9.0,0.06241129184378,0.9983091174747089,0.9970493705423199
1455,-1.6000000000000083,0.9320577112322532,9.0,-0.0747266180237371,0.8573310932085161,0.8666431480045999
1456,-1.5750000000000086,0.9282917201337588,9.0,0.0757316789216259,1.0040233990553848,0.9972312055598226
1457,-1.5500000000000087,0.9238132127901788,9.0,-0.2668753584768905,0.6569378543132882,0.6595150560293768
1458,-1.5250000000000088,0.9188264790176992,9.0,-0.0386004484000319,0.8802260306176672,1.0142692219116882
1459,-1.5000000000000089,0.9121224702925644,9.0,0.1579047274824651,1.0700271977750295,1.0710892834008017
1460,-1.475000000000009,0.905418461567429,9.0,-0.0209538846843811,0.8844645768830478,0.9059366991291992
1461,-1.450000000000009,0.8994995945020015,9.0,0.0169500989154027,0.916449693417404,0.8367307942331244
1462,-1.4250000000000091,0.8941065493801504,9.0,-0.0876967516380753,0.8064097977420751,0.8413210594290953
1463,-1.4000000000000092,0.8891499170675944,9.0,-0.0123397796489232,0.8768101374186712,0.8521264602038681
1464,-1.375000000000009,0.8843088080933109,9.0,-0.0991852460068112,0.7851235620864996,0.8538578681049027
1465,-1.3500000000000094,0.879516746202129,9.0,0.0040606255759335,0.8835773717780626,0.8507356924226396
1466,-1.3250000000000095,0.8773632374107678,9.0,-0.0418624353758014,0.8355008020349665,0.8483658760990024
1467,-1.3000000000000096,0.8783593842784543,9.0,-0.0052604092521687,0.8730989750262855,0.8503596711961138
1468,-1.2750000000000097,0.8796783835361347,9.0,0.0386038972707044,0.9182822808068392,0.8584504107195233
1469,-1.2500000000000098,0.8809973827938152,9.0,0.0095917368378654,0.8905891196316807,0.872828593797087
1470,-1.22500000000001,0.8823163820514958,9.0,0.1576294501592126,1.0399458322107085,0.8921529790392455
1471,-1.20000000000001,0.8836353813091764,9.0,0.0360193191329201,0.9196547004420964,0.9132744931798058
1472,-1.17500000000001,0.8849543805668569,9.0,0.0153640755116466,0.9003184560785036,0.9309135876701358
1473,-1.15000000000001,0.8862733798245376,9.0,-0.0413368324690472,0.8449365473554903,0.9378465452004802
1474,-1.1250000000000102,0.887592379082218,9.0,-0.0234099476533499,0.8641824314288681,0.9268394150749161
1475,-1.1000000000000103,0.8889113783398986,9.0,0.0507246976445639,0.9396360759844624,0.8968160122250565
1476,-1.0750000000000104,0.8902303775975792,9.0,-0.0336032540561391,0.8566271235414401,0.8660607602520158
1477,-1.0500000000000105,0.8915888349541928,9.0,0.108574262373707,1.0001630973279,0.8834973015631473
1478,-1.0250000000000106,0.8936915452104522,9.0,0.0699632532699566,0.9636547984804088,0.978971386134546
1479,-1.0000000000000109,0.8963480010067273,9.0,0.0316013374093737,0.927949338416101,1.0123509978613452
1480,-0.9750000000000107,0.899005379417708,9.0,0.1008447154603793,0.9998500948780872,0.9245061651742987
1481,-0.9500000000000108,0.9008769301870064,9.0,0.0623369073454691,0.9632138375324756,0.962266489008477
1482,-0.9250000000000108,0.9027484809563052,9.0,-0.0085895935638682,0.894158887392437,0.9200063117040658
1483,-0.900000000000011,0.904636742436461,9.0,-0.1278372621300877,0.7767994803063732,0.8610183793064831
1484,-0.8750000000000111,0.906688040790883,9.0,0.1338102746080089,1.040498315398892,0.8478207270515723
1485,-0.8500000000000112,0.9089398201738078,9.0,0.0468000712444881,0.955739891418296,0.8574653598506139
1486,-0.8250000000000113,0.9119218228444924,9.0,-0.0626382932060059,0.8492835296384865,0.8718289337943117
1487,-0.8000000000000114,0.9149038255151772,9.0,-0.136098750630888,0.7788050748842892,0.8859005033037732
1488,-0.7750000000000115,0.9209532180910468,9.0,0.0851225271924316,1.0060757452834783,0.8991445125367397
1489,-0.7500000000000115,0.923558650835978,9.0,-0.1115068105029261,0.8120518403330519,0.9116901466540333
1490,-0.7250000000000116,0.9241373729586556,9.0,0.0045441748446957,0.9286815478033512,0.9235356608040988
1491,-0.7000000000000117,0.9247160950813332,9.0,-0.022960657430989,0.9017554376503442,0.9345547180712236
1492,-0.6750000000000118,0.9252857294240012,9.0,-0.0132604227522878,0.9120253066717134,0.9445955080656852
1493,-0.6500000000000119,0.926199685972458,9.0,0.1035950318038004,1.0297947177762583,0.9535398401834869
1494,-0.625000000000012,0.9273146357609402,9.0,0.1074858511298927,1.034800486890833,0.9613242627934909
1495,-0.6000000000000121,0.92882206375413,9.0,-0.0618517882318052,0.8669702755223248,0.9679410582020707
1496,-0.5750000000000122,0.9301077154188168,9.0,0.0090986709418675,0.9392063863606844,0.9734311866117764
1497,-0.5500000000000123,0.9375639786757636,9.0,0.0688313711861776,1.0063953498619411,0.9778752330785173
1498,-0.5250000000000123,0.9443439626420812,9.0,0.1023487814891585,1.0466927441312397,0.9813848451165111
1499,-0.5000000000000124,0.9512534579829098,9.0,0.0531013908435263,1.0043548488264362,0.984095367404388
1500,-0.4750000000000125,0.9586892953331204,9.0,-0.0144249598278789,0.9442643355052416,0.9861595809042376
1501,-0.4500000000000126,0.9661251326833308,9.0,0.0911792314327972,1.057304364116128,0.9877421363560658
1502,-0.4250000000000127,0.9727873803416082,9.0,0.0979136959374421,1.0707010762790503,0.9890141712522348
1503,-0.4000000000000128,0.9769839617965768,9.0,0.0305042014854155,1.0074881632819923,0.9901475848857317
1504,-0.3750000000000129,0.9805503891988638,9.0,0.0822419734071891,1.062792362606053,0.9913084594221716
1505,-0.3500000000000129,0.9834952114154846,9.0,-0.0339692609930902,0.9495259504223944,0.9926491361420968
1506,-0.325000000000013,0.986435362074488,9.0,0.0324941602087873,1.0189295222832753,0.9942984886102239
1507,-0.3000000000000131,0.9903969412892422,9.0,-0.0168613356155393,0.9735356056737028,0.9963500017256136
1508,-0.2750000000000132,0.9944277896674028,9.0,0.0457035611577356,1.0401313508251384,0.9988474134129519
1509,-0.2500000000000133,0.9971879723615452,9.0,-0.1034081633890921,0.8937798089724531,1.001767981958553
1510,-0.2250000000000134,0.9987817691261002,9.0,-0.0458902781903456,0.9528914909357544,1.005004029442518
1511,-0.2000000000000135,0.9988426702340842,9.0,0.1234511710585879,1.1222938412926722,1.0083444605462073
1512,-0.1750000000000136,0.9989035713420682,9.0,-0.0689851576565798,0.9299184136854884,1.0114597008396355
1513,-0.1500000000000136,0.9992580723353532,9.0,-0.1326149574622165,0.8666431148731367,1.0138961730393137
1514,-0.1250000000000137,0.9997673904095302,9.0,0.204379393898364,1.204146784307894,1.0150900806266512
1515,-0.1000000000000138,1.0,9.0,0.0437374066281941,1.043737406628194,1.0144143138797888
1516,-0.0750000000000139,0.9992656926242998,9.0,-0.0966348587685367,0.902630833855763,1.0112747104349287
1517,-0.050000000000014,0.9990314193345908,9.0,0.0482244800376793,1.0472558993722705,1.0052682148802812
1518,-0.0250000000000141,0.9988022586278544,9.0,0.0718429433012465,1.0706452019291008,0.9963986538735331
1519,-1.4210854715202004e-14,0.9987144395328116,9.0,-0.0912008407539354,0.9075135987788762,0.9853097520277182
1520,0.0249999999999861,0.9986266204377688,9.0,-0.0792316805560804,0.9193949398816884,0.9734443164314075
1521,0.0499999999999856,0.9981494210353,9.0,-0.0125555306462526,0.9855938903890472,0.9630009963487208
1522,0.074999999999985,0.9968971693469444,9.0,0.0818955056159782,1.0787926749629226,0.956582334237999
1523,0.0999999999999854,0.9961622126873054,9.0,-0.0597139989990064,0.936448213688299,0.9565338040398494
1524,0.1249999999999857,0.9957579934263951,9.0,0.0788994177353063,1.0746574111617015,0.9641117413840985
1525,0.1499999999999852,0.996046587024468,9.0,-0.0050490129562951,0.9909975740681728,0.9786829975943647
1526,0.1749999999999847,0.9963256121730784,9.0,-0.071518750546179,0.9248068616268992,0.9971078772536519
1527,0.199999999999985,0.9963487687688124,9.0,0.126132031827467,1.1224808005962794,1.0133958583689509
1528,0.2249999999999854,0.9958946583204584,9.0,0.0446143074409756,1.040508965761434,1.0188737686092386
1529,0.2499999999999849,0.9929008338836196,9.0,0.0563445074303565,1.0492453413139762,1.0037928172066006
1530,0.2749999999999843,0.9898770709994962,9.0,-0.0528450181375419,0.9370320528619542,0.9629627876087254
1531,0.2999999999999847,0.9869342532704388,9.0,0.0244284917025645,1.0113627449730034,0.9096977168644508
1532,0.3249999999999851,0.9848260811271892,9.0,-0.1049524058185581,0.879873675308631,0.891800387606974
1533,0.3499999999999845,0.9828005069540018,9.0,0.0375390394779729,1.0203395464319749,0.9537996461322675
1534,0.374999999999984,0.9807783199551312,9.0,0.0301950014443453,1.0109733213994765,1.0349892213392828
1535,0.3999999999999843,0.9750926861526166,9.0,-0.0562587737748972,0.9188339123777192,1.0470812495384947
1536,0.4249999999999847,0.9687630696545688,9.0,0.063078251592732,1.0318413212473008,1.0045551270620308
1537,0.4499999999999842,0.9609036002774188,9.0,0.0705275832514087,1.0314311835288277,0.953440258658272
1538,0.4749999999999836,0.9523064820643804,9.0,0.020934810424317,0.9732412924886976,0.9158424057055632
1539,0.499999999999984,0.9445431132821236,9.0,-0.0819075154737832,0.8626355978083403,0.8953084452842627
1540,0.5249999999999844,0.9372891770236688,9.0,0.0802581471927012,1.01754732421637,0.8884633535320967
1541,0.5499999999999838,0.9315858268039364,9.0,-0.001145104816698,0.9304407219872384,0.8906273708759583
1542,0.5749999999999833,0.9279350789277824,9.0,-0.0177071289703054,0.9102279499574768,0.8977608120201912
1543,0.5999999999999837,0.9251833662397352,9.0,-0.0106498683195844,0.9145334979201508,0.9069100896825616
1544,0.624999999999984,0.9221666937590488,9.0,-0.0617797545112775,0.8603869392477713,0.9161250776782079
1545,0.6499999999999835,0.9186618856995392,9.0,-0.1188256749676104,0.7998362107319288,0.9242306799787685
1546,0.674999999999983,0.914908301940918,9.0,-0.0032088781279905,0.9116994238129276,0.9305957719837759
1547,0.6999999999999833,0.9111547181822968,9.0,0.0416603007873208,0.9528150189696176,0.9349455139409176
1548,0.7249999999999837,0.907952349129214,9.0,0.0060392647455996,0.9139916138748136,0.9372241269524729
1549,0.7499999999999831,0.905560748306296,9.0,0.0274028823313647,0.9329636306376606,0.937501148650756
1550,0.7749999999999826,0.9031982549995432,9.0,0.1559998588832414,1.0591981138827846,0.9359107157826976
1551,0.799999999999983,0.9012881539443108,9.0,-0.0730919622920325,0.8281961916522783,0.9326141439173595
1552,0.8249999999999833,0.8993780528890791,9.0,0.0715751929508685,0.9709532458399476,0.9277781004489046
1553,0.8499999999999828,0.8974679518338471,9.0,-0.1628091833779179,0.7346587684559291,0.9215627745723043
1554,0.8749999999999822,0.8953736850863525,9.0,0.0602819780646626,0.9556556631510152,0.9141162014402565
1555,0.8999999999999826,0.8929882702588533,9.0,-0.0088710724496521,0.8841171978092012,0.905572210952558
1556,0.924999999999983,0.8874368594353932,9.0,0.0082089493904667,0.89564580882586,0.8960503944620741
1557,0.9499999999999824,0.8818854486119331,9.0,-0.011478800821937,0.8704066477899961,0.8856571028966724
1558,0.974999999999982,0.8763340377884733,9.0,-0.1223450602552161,0.7539889775332572,0.8744868923246555
1559,0.9999999999999822,0.8711543225290761,9.0,0.1491028813816767,1.0202572039107527,0.862624086419338
1560,1.0249999999999826,0.8662767848721301,9.0,-0.0084451582016745,0.8578316266704555,0.8501442802090803
1561,1.049999999999982,0.8614648648718685,9.0,0.0864011567156987,0.9478660215875672,0.8371157012487844
1562,1.0749999999999815,0.8566529448716067,9.0,0.1849393857621407,1.0415923306337471,0.8236003966320015
1563,1.099999999999982,0.8518410248713447,9.0,-0.080912731329303,0.7709282935420416,0.8096552425367785
1564,1.1249999999999822,0.8470291048710826,9.0,0.0100635437258394,0.857092648596922,0.7953327870902195
1565,1.1499999999999817,0.8422171848708209,9.0,-0.1586342532665657,0.6835829316042552,0.7806819433506365
1566,1.1749999999999812,0.8374052648705591,9.0,0.0275228362228189,0.864928101093378,0.7657485508440718
1567,1.1999999999999815,0.832593344870297,9.0,0.1284016768233192,0.9609950216936164,0.7505758235389383
1568,1.224999999999982,0.8276742756495028,9.0,0.1115047122027013,0.9391789878522042,0.7352047006431015
1569,1.2499999999999811,0.8232097870549246,9.0,-0.0309301440406974,0.7922796430142272,0.719674114836454
1570,1.2749999999999808,0.8190060848327664,9.0,-0.0452322317092461,0.7737738531235203,0.7040211908442553
1571,1.2999999999999812,0.8146764892460107,9.0,0.0712219771758382,0.8858984664218489,0.6882813857529625
1572,1.3249999999999815,0.8088897720084995,9.0,-0.1202569177202083,0.6886328542882912,0.6724885812035705
1573,1.349999999999981,0.802736234061053,9.0,0.1058826233637716,0.9086188574248246,0.6566751365451784
1574,1.3749999999999805,0.795552627292078,9.0,-0.1212014927925745,0.6743511344995035,0.6408719111468503
1575,1.3999999999999808,0.7851312886525459,9.0,-0.0453970744767084,0.7397342141758375,0.6251082632960753
1576,1.4249999999999812,0.7755857580700222,9.0,-0.015567591066058,0.7600181670039641,0.6094120324082539
1577,1.4499999999999806,0.7653243710226051,9.0,-0.0603793745706247,0.7049449964519804,0.5938095105944163
1578,1.47499999999998,0.7581266117531649,9.0,0.06396646064917,0.822093072402335,0.5783254089560719
1579,1.4999999999999805,0.7509288524837245,9.0,0.0592308271976883,0.8101596796814129,0.5629828232814047
1580,1.5249999999999808,0.7444861158116379,9.0,-0.0097428677236511,0.7347432480879869,0.5478032031017436
1581,1.5499999999999805,0.7391979357636321,9.0,-0.1528760293855322,0.5863219063780999,0.5328063273371051
1582,1.5749999999999795,0.734140514640654,9.0,-0.0085547745797132,0.7255857400609407,0.5180102890269824
1583,1.59999999999998,0.7290830935176758,9.0,0.0798533325888237,0.8089364261064995,0.5034314909250793
1584,1.6249999999999805,0.7238828469348181,9.0,-0.007670370843067,0.716212476091751,0.48908465305321913
1585,1.64999999999998,0.7174540714824197,9.0,-0.0357657991314056,0.681688272351014,0.4749828326795142
1586,1.6749999999999794,0.7110252960300212,9.0,-0.0971407200177379,0.6138845760122832,0.46113745662519817
1587,1.6999999999999795,0.704820326382455,9.0,0.0448386772275965,0.7496590036100514,0.4475583653263037
1588,1.72499999999998,0.6986608395579855,9.0,0.2414611174228483,0.9401219569808338,0.4342538676884864
1589,1.7499999999999796,0.6925013527335162,9.0,-0.0008921461950032,0.6916092065385129,0.42123080547907216
1590,1.774999999999979,0.6863418659090471,9.0,-0.164572261111264,0.5217696047977831,0.4084946257980566
1591,1.7999999999999794,0.6801823790845776,9.0,-0.0501320726525164,0.6300503064320612,0.39604946005391506
1592,1.82499999999998,0.6740228922601078,9.0,0.0320726061015535,0.7060954983616614,0.38389820783126394
1593,1.8499999999999792,0.6665285219595755,9.0,0.082536331561771,0.7490648535213464,0.3720426240649348
1594,1.874999999999979,0.6560691747095088,9.0,0.0306269313051445,0.6866961060146534,0.3604834080159722
1595,1.899999999999979,0.6452344093420872,9.0,0.1328509586262728,0.77808536796836,0.34922029266676446
1596,1.92499999999998,0.6352381075134806,9.0,-0.1448068334811943,0.4904312740322862,0.3382521333026682
1597,1.9499999999999789,0.6267493693616939,9.0,-0.0611054500568826,0.5656439193048113,0.32757699421449
1598,1.9749999999999783,0.6182606312099073,9.0,-0.0268236072486192,0.591437023961288,0.31719223263044527
1599,1.999999999999979,0.6097718930581203,9.0,0.0400273441651184,0.6497992372232387,0.30709457915936605
