,x1,y,rep,noise,y_noise,ymodel
0,-1.9750000000000072,0.0461961785910969,0.0,0.0051853507079935,0.0513815292990904,0.0231880570435597
1,-1.9500000000000075,0.0456644538152195,0.0,-0.0094988981653833,0.0361655556498361,0.024114929866635212
2,-1.925000000000008,0.0449072941487014,0.0,0.0560190758881468,0.1009263700368482,0.025107220661863272
3,-1.900000000000008,0.043929842498559,0.0,0.0332541986859133,0.0771840411844723,0.026168770421386867
4,-1.8750000000000075,0.0427308830709153,0.0,-0.0533987496700699,-0.0106678665991546,0.02730335959257712
5,-1.850000000000008,0.0413004840550993,0.0,-0.0727126224188258,-0.0314121383637265,0.02851459118493334
6,-1.825000000000008,0.0396420536403328,0.0,0.0184154129619562,0.058057466602289,0.02980572898843971
7,-1.8000000000000078,0.0377923062757561,0.0,-0.0199250082650045,0.0178672980107515,0.031179475638240254
8,-1.775000000000008,0.0357846962381958,0.0,-0.0294660918086389,0.0063186044295568,0.03263767007473079
9,-1.750000000000008,0.0336582880901758,0.0,0.0249588945713046,0.0586171826614804,0.034180876979523545
10,-1.725000000000008,0.031733406962007,0.0,0.0305618534830278,0.0622952604450348,0.03580783141808983
11,-1.7000000000000082,0.0302433819353835,0.0,0.0637159942469179,0.0939593761823014,0.03751468942065562
12,-1.6750000000000085,0.0276222181988157,0.0,-0.0717845913209247,-0.044162373122109,0.03929401863597775
13,-1.6500000000000083,0.0216688477724106,0.0,0.093032310434286,0.1147011582066966,0.04113344141540614
14,-1.6250000000000084,0.0135293152557388,0.0,0.0444576486749022,0.057986963930641,0.04301381469758858
15,-1.6000000000000083,0.006720053310526,0.0,0.0667977233724976,0.0735177766830236,0.04490679641522944
16,-1.5750000000000086,0.0027452167384278,0.0,-0.0030054665545166,-0.0002602498160888,0.04677160826810786
17,-1.5500000000000087,0.000870507093856,0.0,-0.0691684326951929,-0.0682979256013369,0.04855076602537893
18,-1.5250000000000088,0.0001302344404363,0.0,0.12911860144037,0.1292488358808063,0.05016452968735862
19,-1.5000000000000089,0.0,0.0,0.1323456356144828,0.1323456356144828,0.05150387454741577
20,-1.475000000000009,0.0002730202024467,0.0,0.0900768500215734,0.0903498702240201,0.052422016422690884
21,-1.450000000000009,0.0009078591311285,0.0,-0.0602380083748419,-0.0593301492437134,0.05272521650551137
22,-1.4250000000000091,0.0019528563952797,0.0,0.0610332306050644,0.0629860870003441,0.052165397743583135
23,-1.4000000000000092,0.0034963154172801,0.0,0.0778782635648012,0.0813745789820813,0.05044156720013385
24,-1.375000000000009,0.0056062409779957,0.0,0.1739514991935634,0.1795577401715591,0.04722774661999515
25,-1.3500000000000094,0.0082819825565968,0.0,-0.0665135836235112,-0.0582316010669144,0.042270129699596114
26,-1.3250000000000095,0.0114894539865123,0.0,0.0709317788319828,0.0824212328184951,0.035652000480429075
27,-1.3000000000000096,0.015439779581198,0.0,-0.0108203266318523,0.0046194529493456,0.02843721332118413
28,-1.2750000000000097,0.0215061242363637,0.0,-0.0906998457611565,-0.0691937215247928,0.02407365760229348
29,-1.2500000000000098,0.0338022027375802,0.0,0.0215288643629814,0.0553310671005616,0.030968263557510884
30,-1.22500000000001,0.0613395288603303,0.0,-0.048702004194742,0.0126375246655882,0.06565072381757452
31,-1.20000000000001,0.1241079253582689,0.0,0.0691884698594612,0.1932963952177301,0.15226664968423267
32,-1.17500000000001,0.2613695073132728,0.0,0.0933616713919752,0.354731178705248,0.3095901898676723
33,-1.15000000000001,0.4993173939145762,0.0,-0.0089404503581504,0.4903769435564257,0.5256327737070539
34,-1.1250000000000102,0.7603963414935528,0.0,-0.0764225568302382,0.6839737846633146,0.7500147411762532
35,-1.1000000000000103,0.927430868894406,0.0,0.1095316181420107,1.0369624870364167,0.9286873043491206
36,-1.0750000000000104,0.9899356040056424,0.0,0.0044829656073546,0.9944185696129972,1.039002343556253
37,-1.0500000000000105,0.9935489477183956,0.0,0.0799679751767353,1.0735169228951311,1.0871241572150687
38,-1.0250000000000106,0.9818858106957687,0.0,0.1522448405926941,1.1341306512884628,1.0902592203663009
39,-1.0000000000000109,0.9832730997056128,0.0,0.0603623885962396,1.0436354883018526,1.0657040857781814
40,-0.9750000000000107,0.996367397683785,0.0,-0.0657093412737587,0.9306580564100264,1.027048985109
41,-0.9500000000000108,0.9999999999999748,0.0,0.0481856362471141,1.048185636247089,0.9835802687741653
42,-0.9250000000000108,0.9759453275413816,0.0,-0.0044553522619444,0.9714899752794371,0.9409494217903005
43,-0.900000000000011,0.9224108549925608,0.0,-0.054950058269065,0.8674607967234957,0.9022701562418226
44,-0.8750000000000111,0.863173653063432,0.0,0.0340501088009625,0.8972237618643945,0.8691730691105196
45,-0.8500000000000112,0.8215790318794204,0.0,0.0962230573045409,0.9178020891839612,0.8426125341792232
46,-0.8250000000000113,0.8018058249323335,0.0,0.0085196399321033,0.8103254648644369,0.8234055128403704
47,-0.8000000000000114,0.7972257109925334,0.0,-0.1086984836174689,0.6885272273750644,0.8125282643699077
48,-0.7750000000000115,0.798480926166161,0.0,0.024330121282128,0.8228110474482889,0.8110665535201491
49,-0.7500000000000115,0.7986996353466934,0.0,0.0530370183266494,0.8517366536733428,0.8192510499224619
50,-0.7250000000000116,0.795303647169425,0.0,0.0077765531135363,0.8030802002829613,0.832872993159928
51,-0.7000000000000117,0.781453339216844,0.0,0.0725870447730867,0.8540403839899308,0.8344004475061291
52,-0.6750000000000118,0.7330230407278556,0.0,0.0827752336171299,0.8157982743449855,0.7859561821560107
53,-0.6500000000000119,0.6177483611795365,0.0,0.0088246849606641,0.6265730461402006,0.6667480221111364
54,-0.625000000000012,0.4464486491186006,0.0,0.1431233389158545,0.5895719880344552,0.5308174406820636
55,-0.6000000000000121,0.3125466702628592,0.0,0.0454269500749734,0.3579736203378326,0.4334986902043758
56,-0.5750000000000122,0.2664385076105243,0.0,0.0197151356689812,0.2861536432795055,0.37480722942692274
57,-0.5500000000000123,0.2809211130957842,0.0,-0.0376133362885562,0.2433077768072279,0.33836926010277896
58,-0.5250000000000123,0.3137823462596362,0.0,0.0051179837953371,0.3189003300549733,0.31292839181169246
59,-0.5000000000000124,0.3254216759660023,0.0,0.019898773442874,0.3453204494088763,0.2927490133743865
60,-0.4750000000000125,0.3043278279543161,0.0,0.0189552061991049,0.3232830341534211,0.27511936019493205
61,-0.4500000000000126,0.2639053500665502,0.0,0.0230017574173378,0.2869071074838881,0.2587914125250671
62,-0.4250000000000127,0.221787649627617,0.0,-0.065660046796671,0.1561276028309459,0.24321384067655957
63,-0.4000000000000128,0.1878976601432624,0.0,0.0147186142727364,0.2026162744159988,0.22816988465203508
64,-0.3750000000000129,0.1641476916750412,0.0,0.0837413576297304,0.2478890493047716,0.21360415208142505
65,-0.3500000000000129,0.1487055540086573,0.0,0.0355962722584177,0.184301826267075,0.19953713275432305
66,-0.325000000000013,0.1390704429102411,0.0,0.0127291618378494,0.1517996047480906,0.18602159286558398
67,-0.3000000000000131,0.1331973025241516,0.0,0.0455047390291056,0.1787020415532572,0.17311985992276763
68,-0.2750000000000132,0.1296540918559752,0.0,0.0193615801708927,0.1490156720268679,0.16089201843803277
69,-0.2500000000000133,0.1274942905223279,0.0,0.1117595695554195,0.2392538600777475,0.14939001128339538
70,-0.2250000000000134,0.1261011267441192,0.0,0.0067532584777029,0.1328543852218221,0.13865500040895098
71,-0.2000000000000135,0.1250684486043279,0.0,-0.0159253791675017,0.1091430694368261,0.12871653368707914
72,-0.1750000000000136,0.1241222367102895,0.0,-0.0395446278099868,0.0845776089003026,0.11959270490081161
73,-0.1500000000000136,0.123072583384378,0.0,0.004633144519177,0.127705727903555,0.11129085022974329
74,-0.1250000000000137,0.1217854365896701,0.0,-0.0623315654993151,0.0594538710903549,0.1038085248772346
75,-0.1000000000000138,0.1201660274542495,0.0,0.0089559066515437,0.1291219341057932,0.09713461491517976
76,-0.0750000000000139,0.1181488097002501,0.0,-0.020829924694058,0.0973188850061921,0.0912505001916768
77,-0.050000000000014,0.1156912458906985,0.0,-0.0239533773554718,0.0917378685352266,0.08613121675987073
78,-0.0250000000000141,0.1127706133641913,0.0,0.0165811151450898,0.1293517285092811,0.0817465849485668
79,-1.4210854715202004e-14,0.1093839568315616,0.0,0.1131657897983302,0.2225497466298918,0.07806227938924483
80,0.0249999999999861,0.1055512810226306,0.0,-0.1305057896283822,-0.0249545086057516,0.07504082402774429
81,0.0499999999999856,0.1013211921380879,0.0,0.0420560245101159,0.1433772166482038,0.07264250031695908
82,0.074999999999985,0.0967769191379854,0.0,0.0260532227817087,0.1228301419196941,0.07082616121211681
83,0.0999999999999854,0.0920397107956067,0.0,-0.0854161847213136,0.006623526074293,0.06954994751038214
84,0.1249999999999857,0.0872667536981123,0.0,-0.0792169858878577,0.0080497678102545,0.06877190649185086
85,0.1499999999999852,0.0826422660317964,0.0,-0.0038680165320164,0.0787742494997799,0.06845051566683132
86,0.1749999999999847,0.0783627723043877,0.0,-0.0352594668734593,0.0431033054309284,0.06854511666859923
87,0.199999999999985,0.0746196649418822,0.0,0.0856181999194227,0.1602378648613049,0.06901626594910301
88,0.2249999999999854,0.0715830253304618,0.0,-0.0111310285587465,0.0604519967717152,0.06982600997774029
89,0.2499999999999849,0.0693899521351859,0.0,-0.0207471214342931,0.0486428307008927,0.07093809318211586
90,0.2749999999999843,0.0681386845879259,0.0,-0.0605020613025382,0.0076366232853876,0.07231810699320514
91,0.2999999999999847,0.0678875341796755,0.0,0.0237503759617453,0.0916379101414208,0.07393358815884582
92,0.3249999999999851,0.0686561631077767,0.0,-0.0430027367958678,0.0256534263119088,0.07575407405755517
93,0.3499999999999845,0.0704267484165786,0.0,-0.0465912773016073,0.0238354711149712,0.07775112215752443
94,0.374999999999984,0.073143872241939,0.0,-0.0487747500805504,0.0243691221613885,0.07989830008868454
95,0.3999999999999843,0.0767137566926382,0.0,-0.0283497498192108,0.0483640068734273,0.08217115208030887
96,0.4249999999999847,0.0810047939662339,0.0,-0.0520096291314269,0.0289951648348069,0.08454714680166524
97,0.4499999999999842,0.0858516118969569,0.0,-0.0160064370676389,0.0698451748293179,0.08700561095587284
98,0.4749999999999836,0.091064050966705,0.0,0.1143591607375166,0.2054232117042216,0.08952765233553218
99,0.499999999999984,0.0964407745319681,0.0,-0.0802432141982857,0.0161975603336823,0.0920960754632997
100,0.5249999999999844,0.1017854967242046,0.0,0.0407976274370971,0.1425831241613017,0.09469529241627782
101,0.5499999999999838,0.1069227569953931,0.0,0.0302326967098775,0.1371554537052706,0.09731123097073478
102,0.5749999999999833,0.1117102413038359,0.0,0.0156890411741313,0.1273992824779672,0.09993124180115313
103,0.5999999999999837,0.1160457352827201,0.0,0.0068004854387474,0.1228462207214675,0.10254400612122261
104,0.624999999999984,0.1198683293555556,0.0,0.0229588490206619,0.1428271783762175,0.10513944485922574
105,0.6499999999999835,0.1231548285954319,0.0,0.0282705217399274,0.1514253503353593,0.10770863021109954
106,0.674999999999983,0.1259130541577039,0.0,-0.063635268611013,0.0622777855466908,0.11024370020584298
107,0.6999999999999833,0.1281738179247106,0.0,-0.0158505561208937,0.1123232618038168,0.11273777674472227
108,0.7249999999999837,0.129983008868269,0.0,-0.0195357858617918,0.1104472230064771,0.11518488743314546
109,0.7499999999999831,0.1313947113174252,0.0,0.0024359032867489,0.1338306146041742,0.11757989140755087
110,0.7749999999999826,0.1324657822920885,0.0,0.0541819453568153,0.1866477276489038,0.11991840926545462
111,0.799999999999983,0.1332519479989733,0.0,-0.0445143524559664,0.0887375955430068,0.12219675713129464
112,0.8249999999999833,0.1338052582831424,0.0,0.0404243029325961,0.1742295612157385,0.12441188483100257
113,0.8499999999999828,0.1341726375286291,0.0,-0.0545348019191606,0.0796378356094684,0.1265613181016458
114,0.8749999999999822,0.1343952521346897,0.0,0.054248183362042,0.1886434354967317,0.12864310472681778
115,0.8999999999999826,0.1345084422378917,0.0,0.0461850220330965,0.1806934642709882,0.1306557644618365
116,0.924999999999983,0.134542012453418,0.0,0.0251059979504177,0.1596480104038357,0.13259824259361064
117,0.9499999999999824,0.1345207267649058,0.0,-0.0807510949714786,0.0537696317934271,0.13446986696688135
118,0.974999999999982,0.1344648978240453,0.0,-0.1016613898909196,0.0328035079331257,0.13627030830038753
119,0.9999999999999822,0.1343909975103135,0.0,-0.0371492054279827,0.0972417920823307,0.1379995436122379
120,1.0249999999999826,0.1343122432763781,0.0,0.1404363378625279,0.2747485811389061,0.1396578225727829
121,1.049999999999982,0.1342391346168254,0.0,0.0638736056849105,0.1981127403017359,0.1412456366047467
122,1.0749999999999815,0.1341799274965255,0.0,-0.0086853775972396,0.1254945498992858,0.1427636905538265
123,1.099999999999982,0.1341410433168582,0.0,0.1325730087586474,0.2667140520755057,0.1442128767579194
124,1.1249999999999822,0.1341274143270424,0.0,0.0680496473703426,0.202177061697385,0.14559425134923684
125,1.1499999999999817,0.1341427703691297,0.0,-0.0626936795198601,0.0714490908492695,0.1469090126304281
126,1.1749999999999812,0.1341898732758377,0.0,0.1040433936940599,0.2382332669698976,0.14815848137330365
127,1.1999999999999815,0.1342707056911886,0.0,-0.0266778646731329,0.1075928410180556,0.14934408289651577
128,1.224999999999982,0.1343866209491928,0.0,-0.0280260663168615,0.1063605546323312,0.1504673307865514
129,1.2499999999999811,0.1345384601887594,0.0,-0.0038246134642782,0.1307138467244811,0.15152981213434225
130,1.2749999999999808,0.1347266422732948,0.0,0.0346883111211177,0.1694149533944125,0.1525331741677748
131,1.2999999999999812,0.1349512314260496,0.0,-0.0489101289770888,0.0860411024489607,0.15347911216812446
132,1.3249999999999815,0.1352119868486939,0.0,0.095121229854736,0.2303332167034299,0.15436935856598785
133,1.349999999999981,0.1355083979940577,0.0,0.0833722045302991,0.2188806025243568,0.1552056731195762
134,1.3749999999999805,0.1358397086294939,0.0,-0.0764195183689088,0.059420190260585,0.15598983408518569
135,1.3999999999999808,0.1362049323591096,0.0,-0.0488221686736105,0.087382763685499,0.15672363029630756
136,1.4249999999999812,0.1366028618687515,0.0,-0.0185576311624212,0.1180452307063302,0.15740885407410504
137,1.4499999999999806,0.1370320738112038,0.0,-0.0057466770334157,0.1312853967777881,0.1580472948979517
138,1.47499999999998,0.1374909309530185,0.0,-0.0220084935025504,0.115482437450468,0.15864073377025498
139,1.4999999999999805,0.1379775829504642,0.0,-0.0878022091993113,0.0501753737511528,0.15919093821504376
140,1.5249999999999808,0.1384899669022376,0.0,0.0479817994917822,0.1864717663940198,0.15969965785465712
141,1.5499999999999805,0.1390258086331996,0.0,0.0220397747955971,0.1610655834287967,0.16016862051339617
142,1.5749999999999795,0.1395826254897668,0.0,0.0276274270372572,0.167210052527024,0.16059952880123826
143,1.59999999999998,0.1401577312679074,0.0,-0.0795117680184187,0.0606459632494886,0.16099405713459228
144,1.6249999999999805,0.1407482437443979,0.0,0.0476973560424075,0.1884455997868054,0.16135384915468193
145,1.64999999999998,0.1413510951377712,0.0,0.0122553886131751,0.1536064837509463,0.16168051550748644
146,1.6749999999999794,0.1419630456852852,0.0,0.0394253384299917,0.181388384115277,0.16197563195221107
147,1.6999999999999795,0.1425807003857643,0.0,-0.0206715142365954,0.1219091861491688,0.16224073776809583
148,1.72499999999998,0.1432005288261303,0.0,-0.0539736294688841,0.0892268993572461,0.16247733443193693
149,1.7499999999999796,0.1438188878840179,0.0,-0.0649569173315047,0.0788619705525131,0.16268688454108834
150,1.774999999999979,0.1444320469831768,0.0,-0.0958573603400543,0.0485746866431224,0.16287081095886347
151,1.7999999999999794,0.1450362154763613,0.0,-0.0006334640742812,0.1444027514020801,0.1630304961612571
152,1.82499999999998,0.145627571646298,0.0,-0.0804733617257608,0.0651542099205371,0.1631672817657185
153,1.8499999999999792,0.146202292753305,0.0,0.0613821636748158,0.2075844564281208,0.16328246822436696
154,1.874999999999979,0.1467565855216632,0.0,-0.0570133271132879,0.0897432584083752,0.16337731466555427
155,1.899999999999979,0.1472867164484284,0.0,0.0279370564275571,0.1752237728759855,0.16345303886905965
156,1.92499999999998,0.1477890413389916,0.0,-0.0400133461818978,0.1077756951570937,0.16351081736146839
157,1.9499999999999789,0.1482600335226179,0.0,-0.0343575827956586,0.1139024507269592,0.16355178561942751
158,1.9749999999999783,0.1486963102758215,0.0,0.0039340134047183,0.1526303236805398,0.16357703836952356
159,1.999999999999979,0.1490946570774324,0.0,-0.0177322386911438,0.1313624183862885,0.16358762997448356
160,-1.9750000000000072,0.2581693953498117,1.0,-0.0026739503343562,0.2554954450154555,0.254681653267583
161,-1.9500000000000075,0.2600979637989817,1.0,-0.0805011739375527,0.1795967898614289,0.25592313448069537
162,-1.925000000000008,0.2620737722771392,1.0,-0.0529712665898048,0.2091025056873343,0.25734129286611634
163,-1.900000000000008,0.2640921396068291,1.0,0.0660045986121216,0.3300967382189508,0.2589542578143336
164,-1.8750000000000075,0.2661477332827894,1.0,0.0215143694702736,0.287662102753063,0.2607814009405487
165,-1.850000000000008,0.2682345798140694,1.0,0.0780620281600371,0.3462966079741065,0.26284319349834456
166,-1.825000000000008,0.2703460941253224,1.0,-0.0345726330734276,0.2357734610518947,0.2651609535879751
167,-1.8000000000000078,0.2724751300387276,1.0,0.0500324162510364,0.3225075462897641,0.26775644218591554
168,-1.775000000000008,0.2746140532724987,1.0,-0.0544382959916952,0.2201757572808034,0.2706512551085287
169,-1.750000000000008,0.2767548376348235,1.0,0.0125841386144365,0.28933897624926,0.2738659436053914
170,-1.725000000000008,0.2788891841799986,1.0,-0.1058960265401328,0.1729931576398657,0.27741877923676184
171,-1.7000000000000082,0.2810086620543116,1.0,-0.0798356215740848,0.2011730404802267,0.2813240590329314
172,-1.6750000000000085,0.2831048686314104,1.0,-0.0608879708693499,0.2222168977620604,0.2855898246960119
173,-1.6500000000000083,0.2851696053697533,1.0,-0.0009436397783121,0.2842259655914411,0.2902148444414589
174,-1.6250000000000084,0.2871950646784969,1.0,0.0580387945812606,0.3452338592597576,0.29518467617646843
175,-1.6000000000000083,0.2891740220243887,1.0,-0.027783177564206,0.2613908444601827,0.3004665903743626
176,-1.5750000000000086,0.2911000266330308,1.0,-0.0213609189521724,0.2697391076808584,0.3060030657979322
177,-1.5500000000000087,0.2929675835230899,1.0,-0.0340904711858815,0.2588771123372083,0.3117034493415536
178,-1.5250000000000088,0.2947723193525375,1.0,-0.0154662586633979,0.2793060606891395,0.3174331305182915
179,-1.5000000000000089,0.2965111247321835,1.0,0.0717047116038137,0.3682158363359972,0.32299911832948647
180,-1.475000000000009,0.2981822663278893,1.0,0.0459844698080512,0.3441667361359405,0.3281301137671529
181,-1.450000000000009,0.299785463238444,1.0,0.1363681435071944,0.4361536067456384,0.33244820390998125
182,-1.4250000000000091,0.3013219237484795,1.0,0.0310783607314357,0.3324002844799152,0.33542984956391986
183,-1.4000000000000092,0.3027943404867477,1.0,0.1141223596748859,0.4169167001616337,0.33636351809485693
184,-1.375000000000009,0.304206844061832,1.0,-0.0495546807590895,0.2546521633027425,0.33435390704512735
185,-1.3500000000000094,0.3055649171187127,1.0,-0.0207827061211417,0.2847822109975709,0.32853770328766607
186,-1.3250000000000095,0.3068752721234932,1.0,0.0565911207553584,0.3634663928788516,0.3188012777706233
187,-1.3000000000000096,0.3081456966723976,1.0,0.056521697399705,0.3646673940721027,0.3069349323217592
188,-1.2750000000000097,0.3093848693649726,1.0,-0.0859144266310679,0.2234704427339046,0.2968720046059519
189,-1.2500000000000098,0.3106021469340972,1.0,0.0073500529729652,0.3179521999070624,0.29254236176429754
190,-1.22500000000001,0.3118073190818798,1.0,-0.0103840140643249,0.3014233050175549,0.29514857218505847
191,-1.20000000000001,0.3130103210736613,1.0,0.0374525576487769,0.3504628787224382,0.30296587794414764
192,-1.17500000000001,0.3142208853795586,1.0,0.0507756643636757,0.3649965497432343,0.31314116348658194
193,-1.15000000000001,0.3154481023502185,1.0,-0.0270059916045734,0.288442110745645,0.3231770875927932
194,-1.1250000000000102,0.3166998459442149,1.0,-0.0162714112246661,0.3004284347195488,0.3313695334885911
195,-1.1000000000000103,0.3179820038663801,1.0,-0.0239753909684465,0.2940066128979335,0.33668793912244666
196,-1.0750000000000104,0.3192974323745046,1.0,0.0298907068554394,0.349188139229944,0.33857497423804495
197,-1.0500000000000105,0.3206445353442978,1.0,0.0531774197069019,0.3738219550511997,0.33682330158916823
198,-1.0250000000000106,0.3220153471754267,1.0,-0.0122614881397166,0.30975385903571,0.33151724867867177
199,-1.0000000000000109,0.3233929846150397,1.0,-0.0987505231591344,0.2246424614559052,0.3229971756860477
200,-0.9750000000000107,0.324748333065916,1.0,0.0437624371258643,0.3685107701917803,0.3118257831492318
201,-0.9500000000000108,0.3260358655284056,1.0,0.0127668563712944,0.3388027218997,0.2987572990691551
202,-0.9250000000000108,0.3271885852245296,1.0,-0.0380729427991756,0.289115642425354,0.2847192266855807
203,-0.900000000000011,0.3281122782242743,1.0,0.0484861490489234,0.3765984272731977,0.27081701072211634
204,-0.8750000000000111,0.3286796140679985,1.0,-0.097606007633202,0.2310736064347964,0.2583712141111591
205,-0.8500000000000112,0.3287251926754611,1.0,-0.0381920134954167,0.2905331791800443,0.24899533996544948
206,-0.8250000000000113,0.3280434182761134,1.0,0.0437609843881322,0.3718044026642456,0.24471115456312448
207,-0.8000000000000114,0.3263919901473325,1.0,-0.1585134583588336,0.1678785317884988,0.24804794301357352
208,-0.7750000000000115,0.3235045319623845,1.0,-0.0727187177229679,0.2507858142394166,0.26190342469060485
209,-0.7500000000000115,0.319115841987349,1.0,-0.0531304095919695,0.2659854323953795,0.2884823042053374
210,-0.7250000000000116,0.3130015872747323,1.0,0.105393491877983,0.4183950791527154,0.325761789303562
211,-0.7000000000000117,0.3050301809407212,1.0,0.05765891802778,0.3626890989685012,0.36029631523436256
212,-0.6750000000000118,0.2952179512421484,1.0,0.0607609837502653,0.3559789349924138,0.364481273810845
213,-0.6500000000000119,0.2837710478921502,1.0,0.0140662129874347,0.2978372608795849,0.32152324969942647
214,-0.625000000000012,0.2710930017385101,1.0,-0.0353556742334405,0.2357373275050695,0.2557937878297643
215,-0.6000000000000121,0.2577422419545499,1.0,0.0026441478578689,0.2603863898124188,0.2008972756196565
216,-0.5750000000000122,0.2443443197883648,1.0,-0.0592956921141273,0.1850486276742374,0.16513985228835004
217,-0.5500000000000123,0.2314924416572275,1.0,-0.0099817139069938,0.2215107277502336,0.14311580667295104
218,-0.5250000000000123,0.2196840891297874,1.0,-0.0804864463583304,0.1391976427714569,0.1295145943816674
219,-0.5000000000000124,0.2093212232347476,1.0,0.0524496567706831,0.2617708800054307,0.12167006609383062
220,-0.4750000000000125,0.2007593904443478,1.0,-0.0032712636701342,0.1974881267742135,0.11851860288411076
221,-0.4500000000000126,0.1943626053568934,1.0,-0.0439700944232621,0.1503925109336313,0.11964097662243073
222,-0.4250000000000127,0.1905234128997674,1.0,-0.0488018686262849,0.1417215442734825,0.12482219934530821
223,-0.4000000000000128,0.1896289955829612,1.0,0.0085404319730133,0.1981694275559745,0.13391251757133693
224,-0.3750000000000129,0.191981295860032,1.0,-0.0491577282511688,0.1428235676088631,0.1468117815701711
225,-0.3500000000000129,0.1977134760396949,1.0,-0.0606718186362733,0.1370416574034216,0.1634923851881416
226,-0.325000000000013,0.2067846748144121,1.0,0.0476231149629719,0.2544077897773841,0.18402629888497507
227,-0.3000000000000131,0.2191404359766073,1.0,-0.0286763978803832,0.190464038096224,0.20859949040544587
228,-0.2750000000000132,0.2350388751430029,1.0,0.0285203173741178,0.2635591925171208,0.23749896893434636
229,-0.2500000000000133,0.2553896163095334,1.0,-0.044079667590954,0.2113099487185793,0.27105540758156543
230,-0.2250000000000134,0.2818664409913821,1.0,0.0457554301526825,0.3276218711440646,0.3095270488493951
231,-0.2000000000000135,0.3165916110263476,1.0,0.0313535974236367,0.3479452084499844,0.35292657907731295
232,-0.1750000000000136,0.3612844804573325,1.0,-0.0149032272985427,0.3463812531587897,0.4008250448353304
233,-0.1500000000000136,0.4160374177700777,1.0,0.073069018855668,0.4891064366257457,0.45220524757139263
234,-0.1250000000000137,0.4784890735437981,1.0,-0.085481074695827,0.3930079988479711,0.5054530676394124
235,-0.1000000000000138,0.5443962736233227,1.0,-0.0461754151186171,0.4982208585047055,0.5585381257018976
236,-0.0750000000000139,0.6094632571265391,1.0,0.073741763585053,0.6832050207115923,0.6093476237544843
237,-0.050000000000014,0.6709279140611003,1.0,0.0214018142206785,0.6923297282817789,0.6560530548606024
238,-0.0250000000000141,0.7278150719117976,1.0,-0.1169184295915122,0.6108966423202854,0.697374116556819
239,-1.4210854715202004e-14,0.7801425614956482,1.0,-0.0306994199577294,0.7494431415379187,0.7326680234947113
240,0.0249999999999861,0.8279042396106255,1.0,-0.0469068887065056,0.7809973509041199,0.7618611244096336
241,0.0499999999999856,0.8703825461782919,1.0,0.0712001876648577,0.9415827338431496,0.7852929969816469
242,0.074999999999985,0.9060050730109696,1.0,-0.1362616891252368,0.7697433838857327,0.8035451109159563
243,0.0999999999999854,0.932667213393126,1.0,-0.0233813657915554,0.9092858476015704,0.8172988361305756
244,0.1249999999999857,0.9481325450756656,1.0,-0.0263050958918647,0.9218274491838008,0.8272380387452408
245,0.1499999999999852,0.9536007437890476,1.0,0.1422985760299285,1.095899319818976,0.8339928557326627
246,0.1749999999999847,0.9832875310732548,1.0,0.0747335377860513,1.058021068859306,0.8381139340225815
247,0.199999999999985,0.9764569900378236,1.0,-0.0818824565199963,0.8945745335178272,0.8400660579964162
248,0.2249999999999854,0.9787611045058052,1.0,0.0026520821174186,0.981413186623224,0.8402325364472261
249,0.2499999999999849,0.9934131472345942,1.0,-0.1426497932051857,0.8507633540294084,0.8389245863834165
250,0.2749999999999843,0.9989837374323676,1.0,0.1077187714213332,1.1067025088537008,0.8363922769418894
251,0.2999999999999847,0.9999999999999992,1.0,-0.0218787396573017,0.9781212603426974,0.8328351959110328
252,0.3249999999999851,0.9920957505533984,1.0,-0.0039875757688333,0.988108174784565,0.8284119908799419
253,0.3499999999999845,0.7961287826125085,1.0,-0.0832700753999291,0.7128587072125794,0.8232484991321386
254,0.374999999999984,0.6511116825043476,1.0,0.0249221033283878,0.6760337858327354,0.8174444722828882
255,0.3999999999999843,0.7170870992089085,1.0,-0.0058469711660392,0.7112401280428693,0.8110790349760805
256,0.4249999999999847,0.750763340439422,1.0,0.0095126712735555,0.7602760117129774,0.8042150632570202
257,0.4499999999999842,0.7694859386319968,1.0,-0.0368240331857087,0.732661905446288,0.7969026703244059
258,0.4749999999999836,0.7766969963692297,1.0,0.0540653071007468,0.8307623034699766,0.7891819694639605
259,0.499999999999984,0.7763952938235732,1.0,0.1025459715927247,0.878941265416298,0.7810852590537927
260,0.5249999999999844,0.7721183114556657,1.0,-0.0298834482169745,0.742234863238691,0.7726387490948999
261,0.5499999999999838,0.7658839375488556,1.0,0.0121094024972735,0.7779933400461292,0.7638639256639698
262,0.5749999999999833,0.758401213352004,1.0,-0.0137419329554876,0.7446592803965164,0.7547786300277566
263,0.5999999999999837,0.7493382721802455,1.0,0.0590348690267717,0.8083731412070173,0.745397912985619
264,0.624999999999984,0.737209295687839,1.0,-0.0288409492735115,0.7083683464143274,0.7357347119929286
265,0.6499999999999835,0.7195055457488582,1.0,0.0334066372901199,0.7529121830389781,0.7258003882929215
266,0.674999999999983,0.6945953160244887,1.0,-0.0426112219994,0.6519840940250886,0.7156051531663405
267,0.6999999999999833,0.6660700676948926,1.0,0.0184973658838235,0.6845674335787162,0.7051584060610387
268,0.7249999999999837,0.6419127081133575,1.0,-0.0753640900043433,0.5665486181090142,0.6944690024174709
269,0.7499999999999831,0.6260383401213276,1.0,0.1311129527825113,0.757151292903839,0.683545465158005
270,0.7749999999999826,0.6179222813457799,1.0,0.0880217150844613,0.7059439964302412,0.6723961508159898
271,0.799999999999983,0.6158679708305627,1.0,0.0733232556334145,0.6891912264639772,0.6610293789536861
272,0.8249999999999833,0.6177918094379136,1.0,-0.0024531819257126,0.6153386275122009,0.6494535317074329
273,0.8499999999999828,0.6230645535527191,1.0,0.0055770808268356,0.6286416343795547,0.6376771288879967
274,0.8749999999999822,0.6328277759110995,1.0,-0.0800629565713888,0.5527648193397107,0.6257088829645341
275,0.8999999999999826,0.6489587099516807,1.0,0.033320107755759,0.6822788177074398,0.613557737402499
276,0.924999999999983,0.6736389160117265,1.0,-0.0681537484731607,0.6054851675385657,0.6012328911559124
277,0.9499999999999824,0.7080965607753236,1.0,-0.0560712558712187,0.6520253049041048,0.5887438115909884
278,0.974999999999982,0.7490653566911264,1.0,-0.0013104341454244,0.747754922545702,0.5761002377091924
279,0.9999999999999822,0.7867485884060568,1.0,0.0440164891867216,0.8307650775927784,0.5633121752182839
280,1.0249999999999826,0.8104350084574378,1.0,-0.1144187830388916,0.6960162254185461,0.550389884750153
281,1.049999999999982,0.81413720473514,1.0,-0.0929791406028728,0.7211580641322671,0.5373438643290648
282,1.0749999999999815,0.7928740265879735,1.0,0.1599882120476246,0.952862238635598,0.524184827041009
283,1.099999999999982,0.7381547814435198,1.0,0.005152113223709,0.7433068946672288,0.5109236747348194
284,1.1249999999999822,0.6414746610045091,1.0,-0.007159739112597,0.6343149218919121,0.49757146849074296
285,1.1499999999999817,0.5058838903389318,1.0,0.0234897708296737,0.5293736611686055,0.48413939651641597
286,1.1749999999999812,0.3558046018320753,1.0,-0.0326992975711644,0.3231053042609108,0.470638740068648
287,1.1999999999999815,0.2265650939639702,1.0,-0.036877287049516,0.1896878069144542,0.45708083794840426
288,1.224999999999982,0.1378264182983634,1.0,-0.0214866028375694,0.1163398154607939,0.4434770500728024
289,1.2499999999999811,0.0857400835358747,1.0,-0.1029204383165874,-0.0171803547807127,0.429838720589383
290,1.2749999999999808,0.0573395641299978,1.0,-0.0326014646594129,0.0247380994705848,0.4161771409626114
291,1.2999999999999812,0.0420223421070894,1.0,-0.0276894024085702,0.0143329396985191,0.4025035134292183
292,1.3249999999999815,0.033589622011108,1.0,0.0031719049702437,0.0367615269813517,0.3888289151863426
293,1.349999999999981,0.028817630055297,1.0,0.0262787713609419,0.0550964014162389,0.3751642636441795
294,1.3749999999999805,0.0260615732784775,1.0,0.0872855288065108,0.1133471020849883,0.3615202830421879
295,1.3999999999999808,0.0244593900948559,1.0,-0.0033083485203688,0.021151041574487,0.347907472695024
296,1.4249999999999812,0.0235383509593485,1.0,0.0561201265676393,0.0796584775269878,0.3343360771008587
297,1.4499999999999806,0.0230264984962281,1.0,-0.0145735142310475,0.0084529842651805,0.320816058111086
298,1.47499999999998,0.0227606704398986,1.0,0.0944488811334399,0.1172095515733385,0.30735706932659274
299,1.4999999999999805,0.0226397485617112,1.0,0.0644066115939787,0.0870463601556899,0.29396843285209806
300,1.5249999999999808,0.0225996137628139,1.0,0.0213919355584178,0.0439915493212317,0.2806591185070817
301,1.5499999999999805,0.022598984093449,1.0,-0.0196596384375711,0.0029393456558778,0.2674377255595466
302,1.5749999999999795,0.0226110194647052,1.0,0.0269778143029858,0.049588833767691,0.254312467018048
303,1.59999999999998,0.0226181642785197,1.0,0.0055817675711366,0.0281999318496563,0.24129115648804017
304,1.6249999999999805,0.0226089035569557,1.0,-0.006181552977283,0.0164273505796726,0.22838119757127506
305,1.64999999999998,0.0225756945028828,1.0,0.0277858118374367,0.0503615063403195,0.21558957576172968
306,1.6749999999999794,0.0225136387552309,1.0,-0.0664804035601883,-0.0439667648049574,0.20292285276881605
307,1.6999999999999795,0.0224196282697965,1.0,-0.0102442868758171,0.0121753413939793,0.19038716317837567
308,1.72499999999998,0.022291796092448,1.0,-0.0557032082382104,-0.0334114121457624,0.17798821334441847
309,1.7499999999999796,0.022129163595058,1.0,-0.0325775684221164,-0.0104484048270584,0.16573128238978346
310,1.774999999999979,0.0219314138289806,1.0,0.0185360578979398,0.0404674717269204,0.15362122518180968
311,1.7999999999999794,0.0216987451359952,1.0,-0.0131234966592093,0.0085752484767858,0.14166247713965835
312,1.82499999999998,0.0214317750665023,1.0,-0.1197629044997471,-0.0983311294332448,0.1298590607231408
313,1.8499999999999792,0.0211314750642625,1.0,-0.0463329798216125,-0.02520150475735,0.11821459344846626
314,1.874999999999979,0.0207991232265296,1.0,-0.0833177505656768,-0.0625186273391472,0.10673229727418745
315,1.899999999999979,0.020436266983313,1.0,-0.0652916743277008,-0.0448554073443878,0.09541500920060215
316,1.92499999999998,0.0200446905649088,1.0,0.0221698625981461,0.0422145531630549,0.08426519292764446
317,1.9499999999999789,0.0196263841639392,1.0,-0.0276932421326813,-0.0080668579687421,0.07328495141978797
318,1.9749999999999783,0.0191835130828123,1.0,0.0349253417218103,0.0541088548046226,0.06247604023132982
319,1.999999999999979,0.0187183861044642,1.0,0.1265949133328653,0.1453132994373295,0.0518398814515999
320,-1.9750000000000072,0.9071307074568706,2.0,0.0393509275216565,0.9464816349785272,0.938906992337819
321,-1.9500000000000075,0.9160042582203792,2.0,-0.0006742975587549,0.9153299606616244,0.9365597517991159
322,-1.925000000000008,0.9236185265861916,2.0,-0.0312865992305974,0.8923319273555942,0.9340992962675969
323,-1.900000000000008,0.9300864461939616,2.0,-0.0335238888378336,0.896562557356128,0.9315299352904272
324,-1.8750000000000075,0.9355321264484008,2.0,0.092243564579723,1.027775691028124,0.9288603282241829
325,-1.850000000000008,0.940082861913168,2.0,-0.0018559626580491,0.9382268992551188,0.9261051318531683
326,-1.825000000000008,0.9438620776769864,2.0,-0.0667426006979661,0.8771194769790203,0.9232871939504159
327,-1.8000000000000078,0.9469844446391528,2.0,-0.0574388073149522,0.8895456373242006,0.9204404499901881
328,-1.775000000000008,0.94955317657258,2.0,0.0064162026293687,0.9559693792019488,0.917613701889881
329,-1.750000000000008,0.9516590157280445,2.0,-0.0225550480564712,0.9291039676715732,0.9148754539636351
330,-1.725000000000008,0.9533803251227844,2.0,0.0636358905685688,1.0170162156913531,0.9123199118940505
331,-1.7000000000000082,0.9547838001235324,2.0,-0.0362253008024699,0.9185584993210624,0.9100740331157745
332,-1.6750000000000085,0.95592545386826,2.0,-0.0174277824191817,0.9384976714490784,0.9083049919052636
333,-1.6500000000000083,0.9568516590512112,2.0,-0.0349501252510564,0.9219015338001548,0.9072262998238398
334,-1.6250000000000084,0.9576001237394334,2.0,0.0370837061314888,0.9946838298709222,0.9070986292523887
335,-1.6000000000000083,0.9582007417374204,2.0,-0.0984296045630832,0.8597711371743372,0.9082175137346901
336,-1.5750000000000086,0.9586762955663444,2.0,-0.1009926364674573,0.857683659098887,0.9108742635927354
337,-1.5500000000000087,0.9590430099257072,2.0,-0.113551166801288,0.8454918431244192,0.9152704032368428
338,-1.5250000000000088,0.959310961625864,2.0,0.1034452328193531,1.062756194445217,0.9213677711487334
339,-1.5000000000000089,0.9594843527181244,2.0,-0.025242148236424,0.9342422044817004,0.9286866399771986
340,-1.475000000000009,0.95956164978546,2.0,0.0581421157293289,1.017703765514789,0.9361515508408756
341,-1.450000000000009,0.9595355860875416,2.0,-0.0419507547490663,0.9175848313384752,0.9422147853743601
342,-1.4250000000000091,0.9593930162155992,2.0,0.0176815373514189,0.9770745535670182,0.9454923287440554
343,-1.4000000000000092,0.959114607404571,2.0,0.0810930232526165,1.0402076306571877,0.9457463450679486
344,-1.375000000000009,0.9586743517590284,2.0,-0.0789212759682383,0.8797530757907901,0.9444101208622655
345,-1.3500000000000094,0.9580388970320188,2.0,-0.0359884919125948,0.922050405119424,0.9439527899620834
346,-1.3250000000000095,0.9571667334558592,2.0,-0.0048508246538268,0.9523159088020324,0.9465323878062164
347,-1.3000000000000096,0.9560073592769832,2.0,0.0389773312462444,0.9949846905232276,0.9530684398154938
348,-1.2750000000000097,0.9545006943162248,2.0,0.0216134577567972,0.976114152073022,0.9631853999588099
349,-1.2500000000000098,0.9525772025575604,2.0,0.1429110600522399,1.0954882626098004,0.9756346456721623
350,-1.22500000000001,0.9501593016997604,2.0,-0.0543372849961895,0.8958220167035709,0.9887221986209
351,-1.20000000000001,0.9471643489016812,2.0,-0.0363477138141455,0.9108166350875356,1.0005763094402926
352,-1.17500000000001,0.9435082112095168,2.0,0.1364951711335722,1.080003382343089,1.0092948880858517
353,-1.15000000000001,0.9391056255025608,2.0,0.0883466063650257,1.0274522318675865,1.0130552906613974
354,-1.1250000000000102,0.9338597608273098,2.0,0.070867024119765,1.004726784947075,1.0102463005069329
355,-1.1000000000000103,0.9276315537978296,2.0,0.0117537873672915,0.9393853411651212,0.9996533995743639
356,-1.0750000000000104,0.9201846559903968,2.0,0.0771655937125545,0.9973502497029514,0.9807020764050504
357,-1.0500000000000105,0.9111185344197228,2.0,0.1769113651936455,1.0880298996133684,0.953729728754197
358,-1.0250000000000106,0.8998311304664726,2.0,-0.0326379077538973,0.8671932227125753,0.9202087133322449
359,-1.0000000000000109,0.8855897027839083,2.0,-0.1113201379290025,0.7742695648549057,0.8827950462129849
360,-0.9750000000000107,0.8678082635480648,2.0,0.0041870610899333,0.8719953246379982,0.8450681628961654
361,-0.9500000000000108,0.8465418028057344,2.0,0.0010676826274612,0.8476094854331957,0.8109012372268852
362,-0.9250000000000108,0.822920508173507,2.0,-0.025233335791555,0.797687172381952,0.7835598614601393
363,-0.900000000000011,0.799010096689168,2.0,0.0862062690108503,0.8852163657000183,0.7647926588838455
364,-0.8750000000000111,0.7769650048494836,2.0,0.0617237413172337,0.8386887461667173,0.7542348365101978
365,-0.8500000000000112,0.7580932226435536,2.0,-0.0170120697127142,0.7410811529308394,0.7493354578378784
366,-0.8250000000000113,0.742475738141913,2.0,0.0087396327626221,0.7512153709045352,0.7457950441072146
367,-0.8000000000000114,0.7291395719759288,2.0,-0.0194805893646198,0.709658982611309,0.7383007690156725
368,-0.7750000000000115,0.7164833037309842,2.0,-0.0202670162906229,0.6962162874403613,0.7213348744791419
369,-0.7500000000000115,0.7028252566841698,2.0,0.0759567477501395,0.7787820044343093,0.6901813025172022
370,-0.7250000000000116,0.6871110439302415,2.0,-0.0868328271947163,0.6002782167355252,0.6432575494526347
371,-0.7000000000000117,0.6697674527624274,2.0,-0.0756663426384978,0.5941011101239296,0.5888265500725752
372,-0.6750000000000118,0.6533590639755991,2.0,-0.0969090973381877,0.5564499666374113,0.5582903386570595
373,-0.6500000000000119,0.6420762939241799,2.0,-0.0486894695954773,0.5933868243287026,0.6022043280347433
374,-0.625000000000012,0.6387597921382633,2.0,0.0756169316789834,0.7143767238172467,0.6976369922229115
375,-0.6000000000000121,0.6398135494894671,2.0,0.0697662980617409,0.7095798475512081,0.7235028624639689
376,-0.5750000000000122,0.6327487696980489,2.0,0.0968401790572789,0.7295889487553279,0.6925821810839539
377,-0.5500000000000123,0.6016478712741997,2.0,0.0193289941868078,0.6209768654610076,0.626802697408302
378,-0.5250000000000123,0.536303399303904,2.0,0.0179441222105778,0.5542475215144819,0.5316667057489617
379,-0.5000000000000124,0.4383753374058015,2.0,-0.0303815499790419,0.4079937874267595,0.42416451821353096
380,-0.4750000000000125,0.3237042136472818,2.0,-0.0165275790048422,0.3071766346424395,0.31848063118257985
381,-0.4500000000000126,0.216015336250423,2.0,-0.0188885648828348,0.1971267713675881,0.2233655075607527
382,-0.4250000000000127,0.133133983573433,2.0,0.0811959941971098,0.2143299777705428,0.14378579179144063
383,-0.4000000000000128,0.0788423856647324,2.0,-0.0467347151033261,0.0321076705614062,0.08244187334040064
384,-0.3750000000000129,0.0467297002909801,2.0,-0.0342923205175419,0.0124373797734381,0.040704346214732935
385,-0.3500000000000129,0.0283879935819739,2.0,0.0312382495348459,0.0596262431168198,0.018954576449876505
386,-0.325000000000013,0.0176900526469255,2.0,-6.957920072401447e-05,0.0176204734462014,0.01621973295528624
387,-0.3000000000000131,0.0110743996155281,2.0,-0.0075160896175221,0.0035583099980059,0.028934952401690976
388,-0.2750000000000132,0.0066523583153778,2.0,0.0101887101599265,0.0168410684753043,0.049032555224661316
389,-0.2500000000000133,0.0034864832669786,2.0,0.0662892372244421,0.0697757204914207,0.06316635769151796
390,-0.2250000000000134,0.0012341320493188,2.0,0.1014553876631926,0.1026895197125114,0.057138235227230195
391,-0.2000000000000135,0.0,2.0,0.0601133067979482,0.0601133067979482,0.02695781721930302
392,-0.1750000000000136,0.0001852632801225,2.0,-0.1258474386027994,-0.1256621753226769,-0.012937350300653733
393,-0.1500000000000136,0.0023256077123434,2.0,0.0376598170090828,0.0399854247214262,-0.03724619715378877
394,-0.1250000000000137,0.0071125504716644,2.0,-0.0731440121939076,-0.0660314617222432,-0.029325098847440906
395,-0.1000000000000138,0.0156818947437221,2.0,0.0330502998423511,0.0487321945860732,0.006833175395493696
396,-0.0750000000000139,0.0302205727180308,2.0,0.0507725153980782,0.080993088116109,0.05449906357429573
397,-0.050000000000014,0.0550629307278179,2.0,0.0058880636857779,0.0609509944135958,0.09984504906687607
398,-0.0250000000000141,0.0975129049587177,2.0,0.024379213318,0.1218921182767177,0.13758797648937696
399,-1.4210854715202004e-14,0.1631805664469318,2.0,-0.0035720607087078,0.159608505738224,0.1676564078955574
400,0.0249999999999861,0.2399032214450023,2.0,0.0305148974073882,0.2704181188523906,0.19125477257356174
401,0.0499999999999856,0.2959504120232616,2.0,-0.1157476377956742,0.1802027742275874,0.20920456137489454
402,0.074999999999985,0.3142201259934239,2.0,-0.0126436703343342,0.3015764556590896,0.22182997695075118
403,0.0999999999999854,0.3043271628406317,2.0,-0.0821122098363058,0.2222149530043259,0.22937681326092021
404,0.1249999999999857,0.283210992120952,2.0,-0.0283304878232571,0.2548805042976949,0.23242993145679705
405,0.1499999999999852,0.2623149383962229,2.0,-0.0766868980285123,0.1856280403677105,0.23214895487209353
406,0.1749999999999847,0.2467206905781457,2.0,0.0272242720669252,0.2739449626450709,0.23032181902067644
407,0.199999999999985,0.2380391726889093,2.0,-0.0131511354067414,0.2248880372821678,0.22929446573519938
408,0.2249999999999854,0.2367615389794544,2.0,0.0279769973947486,0.264738536374203,0.23182388962644057
409,0.2499999999999849,0.2434781712150709,2.0,-0.036822266092536,0.2066559051225348,0.24086420542274695
410,0.2749999999999843,0.2593628537651978,2.0,0.0364569947681791,0.2958198485333769,0.2592611999439547
411,0.2999999999999847,0.2860802772502725,2.0,-0.0672618806125777,0.2188183966376947,0.2893209635912302
412,0.3249999999999851,0.3248509126973606,2.0,0.0190607689669659,0.3439116816643266,0.3322541779259566
413,0.3499999999999845,0.3750282219714124,2.0,-0.0031387999433789,0.3718894220280335,0.38759727547741224
414,0.374999999999984,0.4358053533232072,2.0,0.0605388414411138,0.496344194764321,0.45285302265828004
415,0.3999999999999843,0.5120712228973954,2.0,0.0115522839630813,0.5236235068604768,0.523664325413373
416,0.4249999999999847,0.6049680050636506,2.0,-0.0252835770613865,0.579684428002264,0.5946713244875762
417,0.4499999999999842,0.6927253627252572,2.0,0.0282539913559597,0.7209793540812169,0.6607936085767366
418,0.4749999999999836,0.7588699262972358,2.0,-0.074398342649367,0.6844715836478688,0.7183365380537206
419,0.499999999999984,0.8081572967820649,2.0,-0.0553028594460193,0.7528544373360456,0.7654043977512022
420,0.5249999999999844,0.8420105355778631,2.0,0.0233743275107936,0.8653848630886567,0.8015553480356928
421,0.5499999999999838,0.8590576567035965,2.0,-0.0322084270333252,0.8268492296702712,0.8270390459120146
422,0.5749999999999833,0.8611898177952996,2.0,-0.0032054585040142,0.8579843592912854,0.8420654357822196
423,0.5999999999999837,0.8512508498993248,2.0,-0.0529883123348329,0.7982625375644918,0.8464733461680636
424,0.624999999999984,0.8312688091299241,2.0,-0.0400475832911638,0.7912212258387602,0.840122526290046
425,0.6499999999999835,0.8030825011894559,2.0,0.1049469464331186,0.9080294476225744,0.8243835150523435
426,0.674999999999983,0.7733582397637009,2.0,-0.0018454297380775,0.7715128100256233,0.8049354694109545
427,0.6999999999999833,0.7647957996558913,2.0,0.0483366572925664,0.8131324569484577,0.7947167677514478
428,0.7249999999999837,0.8154176353857941,2.0,0.0018978261847585,0.8173154615705528,0.8122000064789229
429,0.7499999999999831,0.9135073642271914,2.0,-0.0929402278758702,0.8205671363513212,0.8678918448151928
430,0.7749999999999826,0.97541441845782,2.0,0.0085990198899555,0.9840134383477755,0.9457610034224319
431,0.799999999999983,0.9939162865446513,2.0,0.0501147208152478,1.044031007359899,1.010649440253066
432,0.8249999999999833,0.998624260940818,2.0,-0.0300299715606886,0.9685942893801294,1.0421139530253112
433,0.8499999999999828,0.9998800528317524,2.0,0.1446467651013537,1.144526817933106,1.0452448158804455
434,0.8749999999999822,0.9999999999999992,2.0,0.1130480049213619,1.1130480049213611,1.0341912403017621
435,0.8999999999999826,0.9995312127016728,2.0,0.0115019592120904,1.0110331719137633,1.0195483881648397
436,0.924999999999983,0.9986026478033696,2.0,-0.0543598680607639,0.9442427797426056,1.0064323235731067
437,0.9499999999999824,0.9972302969905312,2.0,-0.0330973426447528,0.9641329543457784,0.9964433350779675
438,0.974999999999982,0.9954027291616976,2.0,0.0743953700417529,1.0697980992034506,0.9895485867384805
439,0.9999999999999822,0.9931068350975386,2.0,-0.0305009170371704,0.9626059180603682,0.9851489644484963
440,1.0249999999999826,0.9903308096482636,2.0,-0.0253455903313677,0.9649852193168958,0.982560513645891
441,1.049999999999982,0.9870563504795572,2.0,0.0030333529999279,0.9900897034794852,0.9811917976801137
442,1.0749999999999815,0.983245247650766,2.0,-0.0797472271364234,0.9034980205143426,0.9805866560162366
443,1.099999999999982,0.978822205302488,2.0,-0.0879878668132816,0.8908343384892063,0.9804153943083396
444,1.1249999999999822,0.9736533984164606,2.0,-0.0598997437878647,0.9137536546285958,0.980450715465495
445,1.1499999999999817,0.9675188109449472,2.0,-0.0550998110689405,0.9124189998760066,0.9805426848643857
446,1.1749999999999812,0.9600767723314482,2.0,-0.0637138014788784,0.8963629708525697,0.9805974655108695
447,1.1999999999999815,0.9508249604231636,2.0,-0.0358189530814991,0.9150060073416644,0.9805607216128394
448,1.224999999999982,0.939084262100488,2.0,0.0150693035906814,0.9541535656911696,0.9804052248200739
449,1.2499999999999811,0.9240924679738276,2.0,0.0303841890844706,0.9544766570582982,0.9801218411919959
450,1.2749999999999808,0.90539847020912,2.0,0.0434381898827539,0.948836660091874,0.9797130964679276
451,1.2999999999999812,0.8837129877179201,2.0,-0.0470824180685451,0.8366305696493749,0.9791886516468513
452,1.3249999999999815,0.8616809326268048,2.0,0.0675150082699486,0.9291959408967536,0.9785621697204316
453,1.349999999999981,0.8431513346349314,2.0,0.0628093550250239,0.9059606896599554,0.9778491838746948
454,1.3749999999999805,0.8310643447233009,2.0,0.0544045414113317,0.8854688861346326,0.9770656801831588
455,1.3999999999999808,0.8261991640781529,2.0,-0.068578692572891,0.7576204715052618,0.9762271857781711
456,1.4249999999999812,0.8273636945045956,2.0,-0.0923191988489666,0.7350444956556289,0.9753482113246571
457,1.4499999999999806,0.8323212826826286,2.0,-0.0143628876763227,0.8179583950063058,0.9744419389986679
458,1.47499999999998,0.838814249063715,2.0,0.0818583678883163,0.9206726169520314,0.9735200780151935
459,1.4999999999999805,0.8451255447713745,2.0,-0.0258866647979085,0.8192388799734659,0.972592832111384
460,1.5249999999999808,0.8501789108253424,2.0,-0.0197370057414635,0.8304419050838787,0.9716689395668066
461,1.5499999999999805,0.8534315212325009,2.0,-0.0508424059948778,0.8025891152376231,0.9707557580215005
462,1.5749999999999795,0.8547136618627375,2.0,-0.0445288052692347,0.8101848565935027,0.9698593747685983
463,1.59999999999998,0.8540801264795979,2.0,0.0562150094043943,0.9102951358839922,0.9689847292471622
464,1.6249999999999805,0.8516986534506908,2.0,0.0259092609111328,0.8776079143618237,0.9681357387928563
465,1.64999999999998,0.8477745047831892,2.0,-0.1268883936397397,0.7208861111434495,0.9673154217909132
466,1.6749999999999794,0.842494634783695,2.0,-0.0573791722869226,0.7851154624967723,0.9665260145604713
467,1.6999999999999795,0.8359714904830784,2.0,-0.0662189091476845,0.7697525813353938,0.9657690798308106
468,1.72499999999998,0.8281725240883285,2.0,-0.0589671787525187,0.7692053453358098,0.9650456057300404
469,1.7499999999999796,0.8188418848694923,2.0,0.0599473404686585,0.8787892253381507,0.9643560949271779
470,1.774999999999979,0.8074915511981102,2.0,-0.1081327786010368,0.6993587725970734,0.9637006440459643
471,1.7999999999999794,0.7937795286465424,2.0,0.0742546501511746,0.8680341787977172,0.9630790137730126
472,1.82499999999998,0.779190280414316,2.0,-0.0859004129568844,0.6932898674574316,0.9624906902649896
473,1.8499999999999792,0.7708883278589448,2.0,-0.0387028435254398,0.7321854843335049,0.961934938556651
474,1.874999999999979,0.780840953861127,2.0,0.0316005829321917,0.8124415367933187,0.9614108487101138
475,1.899999999999979,0.804701671504713,2.0,-0.043112694675306,0.7615889768294068,0.9609173754453482
476,1.92499999999998,0.8227724823623017,2.0,0.0057559897337478,0.8285284720960495,0.9604533719659836
477,1.9499999999999789,0.8350952595298843,2.0,0.0170243523315318,0.852119611861416,0.9600176186531338
478,1.9749999999999783,0.8458721996502129,2.0,0.0436834804319062,0.889555680082119,0.9596088472498467
479,1.999999999999979,0.8529977464308156,2.0,-0.0973483007502248,0.7556494456805908,0.9592257611046379
480,-1.9750000000000072,0.0180803557557598,3.0,-0.0186278772612721,-0.0005475215055123,0.004673988029019416
481,-1.9500000000000075,0.0174642457982833,3.0,-0.078654048205039,-0.0611898024067557,0.003271197841981384
482,-1.925000000000008,0.01685833498512,3.0,0.0526407128420982,0.0694990478272182,0.0018250704251437798
483,-1.900000000000008,0.0162597283896934,3.0,-0.0903063175938798,-0.0740465892041864,0.0003438080274446975
484,-1.8750000000000075,0.0156655274510355,3.0,0.0401354383314802,0.0558009657825157,-0.001160774856474599
485,-1.850000000000008,0.0150728052408657,3.0,-0.1168311141685958,-0.1017583089277301,-0.0026721459879839138
486,-1.825000000000008,0.0144785799525286,3.0,0.0335656064159898,0.0480441863685184,-0.004167640214480196
487,-1.8000000000000078,0.0138797887360021,3.0,-0.0601382206695497,-0.0462584319335476,-0.005616660832851261
488,-1.775000000000008,0.0132732654436568,3.0,-0.0146245437244,-0.0013512782807432,-0.006978418709896523
489,-1.750000000000008,0.0126557281436235,3.0,0.1082088921563033,0.1208646202999268,-0.0081991392989094
490,-1.725000000000008,0.0120237860161319,3.0,-0.0452933285710646,-0.0332695425549327,-0.009208707988394653
491,-1.7000000000000082,0.0113739814996568,3.0,0.1021011613411065,0.1134751428407633,-0.009916829361406912
492,-1.6750000000000085,0.010702893819931,3.0,-0.0402275043211724,-0.0295246105012414,-0.010209007395521387
493,-1.6500000000000083,0.0100073460878166,3.0,0.0526011826918947,0.0626085287797113,-0.009943118492869983
494,-1.6250000000000084,0.0092847807671587,3.0,0.0191724225705511,0.0284572033377098,-0.008948219405086048
495,-1.6000000000000083,0.0085338936989653,3.0,0.066538883620593,0.0750727773195583,-0.007028743558578003
496,-1.5750000000000086,0.0077556290314617,3.0,-0.0974010057650655,-0.0896453767336038,-0.003979602085338667
497,-1.5500000000000087,0.0069545967641111,3.0,-0.0881635833712466,-0.0812089866071355,0.00037924771412777746
498,-1.5250000000000088,0.0061408131141844,3.0,0.033586929727031,0.0397277428412154,0.006137953338148208
499,-1.5000000000000089,0.0053313199198254,3.0,-0.0090576708156577,-0.0037263508958323,0.013193933922583246
500,-1.475000000000009,0.0045507817824275,3.0,0.0193142591209899,0.0238650409034174,0.02112109333440261
501,-1.450000000000009,0.0038299717927079,3.0,0.0938694548714001,0.097699426664108,0.029063691457557047
502,-1.4250000000000091,0.0032017828105119,3.0,0.0498772733970934,0.0530790562076053,0.0357663635092452
503,-1.4000000000000092,0.0026962286254728,3.0,-0.1506994063695658,-0.148003177744093,0.03986531959806507
504,-1.375000000000009,0.0023375964933304,3.0,0.0183425497095972,0.0206801462029276,0.04043139362977882
505,-1.3500000000000094,0.0021462531017007,3.0,0.0072833063440874,0.0094295594457881,0.03748429974447742
506,-1.3250000000000095,0.0021430469054982,3.0,-0.0117589777630428,-0.0096159308575446,0.0320710515786211
507,-1.3000000000000096,0.0023448196454119,3.0,-0.0685433653500531,-0.0661985457046412,0.025794664089969502
508,-1.2750000000000097,0.0027299214311813,3.0,0.0317060974842511,0.0344360189154324,0.02013784149758072
509,-1.2500000000000098,0.0031895910287703,3.0,0.0383820831178022,0.0415716741465725,0.016019545885050345
510,-1.22500000000001,0.0035966169752151,3.0,0.0569472011671644,0.0605438181423795,0.013723690303632798
511,-1.20000000000001,0.0039764581679507,3.0,-0.0226821387033721,-0.0187056805354214,0.013061517759656485
512,-1.17500000000001,0.0044687729930801,3.0,-0.0301788409182378,-0.0257100679251577,0.013584554193544306
513,-1.15000000000001,0.0051831466315252,3.0,0.0044104167963907,0.0095935634279159,0.014751550237944788
514,-1.1250000000000102,0.0061703966881716,3.0,0.053226158856026,0.0593965555441976,0.016034303349039006
515,-1.1000000000000103,0.0074337480865642,3.0,-0.1032608460974468,-0.0958270980108826,0.01698328519352417
516,-1.0750000000000104,0.0089268330358286,3.0,0.0417326421091677,0.0506594751449963,0.01727929794870689
517,-1.0500000000000105,0.0105569899698456,3.0,0.0143229618130847,0.0248799517829303,0.01679045964541198
518,-1.0250000000000106,0.0122090750619161,3.0,0.1043870562821051,0.1165961313440212,0.015642337109507798
519,-1.0000000000000109,0.0137784005247718,3.0,-0.0356762824896688,-0.021897881964897,0.01429337978754407
520,-0.9750000000000107,0.0151913669942959,3.0,-0.0854164073124846,-0.0702250403181887,0.013587383724382163
521,-0.9500000000000108,0.0164067616699487,3.0,0.0938241678266567,0.1102309294966054,0.01473332064951982
522,-0.9250000000000108,0.0174057450032454,3.0,-0.0198889945543838,-0.0024832495511384,0.019152003793192818
523,-0.900000000000011,0.0181803945487248,3.0,0.0056774649482308,0.0238578594969556,0.028146345412332602
524,-0.8750000000000111,0.0187256137392239,3.0,0.0756009120337497,0.0943265257729736,0.04241075623089363
525,-0.8500000000000112,0.0190349315065456,3.0,0.0233368430050735,0.0423717745116191,0.061487004401123334
526,-0.8250000000000113,0.0190989942924631,3.0,-0.0835833847942978,-0.0644843905018347,0.08335561876019411
527,-0.8000000000000114,0.0189054376321503,3.0,0.1480315195995139,0.1669369572316642,0.10435970677529198
528,-0.7750000000000115,0.018439376020265,3.0,0.0126993584766824,0.0311387344969474,0.11956031266587219
529,-0.7500000000000115,0.0176845555949779,3.0,0.0852483144948573,0.1029328700898352,0.12349024718935754
530,-0.7250000000000116,0.0166261346678232,3.0,0.1789813558397308,0.195607490507554,0.11128959925953522
531,-0.7000000000000117,0.0152568885210342,3.0,0.05223137445705,0.0674882629780842,0.0805444025821022
532,-0.6750000000000118,0.0135887193516786,3.0,0.0284403133231057,0.0420290326747843,0.034678992473394316
533,-0.6500000000000119,0.011669125420553,3.0,-0.05163556685319,-0.039966441432637,-0.01183602450289935
534,-0.625000000000012,0.0095957237186819,3.0,-0.0575668072785025,-0.0479710835598206,-0.03224159889894568
535,-0.6000000000000121,0.0075126365402746,3.0,7.166073416909237e-05,0.0075842972744436,-0.008747991692086053
536,-0.5750000000000122,0.0055730240855101,3.0,-0.0008494341232553,0.0047235899622547,0.026976068951646618
537,-0.5500000000000123,0.0038793286555552,3.0,-0.0796821653122578,-0.0758028366567026,0.025407226559611532
538,-0.5250000000000123,0.0024549023259393,3.0,0.055767410030703,0.0582223123566423,0.0008511354794219299
539,-0.5000000000000124,0.0012959337381839,3.0,-0.1106299249858196,-0.1093339912476357,-0.017131543163553843
540,-0.4750000000000125,0.0004460510670747,3.0,-0.0208583521894973,-0.0204123011224226,-0.024235837015918065
541,-0.4500000000000126,0.0,3.0,-0.022240868808633,-0.022240868808633,-0.02249515549696646
542,-0.4250000000000127,7.980859747988186e-05,3.0,0.072215355559945,0.0722951641574248,-0.014009489564115449
543,-0.4000000000000128,0.0007360492950376,3.0,-0.0779638982441666,-0.077227848949129,-0.0018638754688340136
544,-0.3750000000000129,0.0016975635601557,3.0,-0.1006054230369708,-0.0989078594768151,0.009533191674392899
545,-0.3500000000000129,0.0027304755095073,3.0,0.0271772467422692,0.0299077222517765,0.015349320914067025
546,-0.325000000000013,0.0041796579177155,3.0,0.0982528086404904,0.1024324665582059,0.012596721591861102
547,-0.3000000000000131,0.0063769918490866,3.0,-0.109597228333035,-0.1032202364839484,0.003000328061006551
548,-0.2750000000000132,0.0091346443916972,3.0,-0.0279840762844341,-0.0188494318927369,-0.00628070859891798
549,-0.2500000000000133,0.0127231404753748,3.0,0.0240894860132554,0.0368126264886302,-0.006726533384600557
550,-0.2250000000000134,0.0186696043667627,3.0,-0.0260824683958103,-0.0074128640290476,0.0057254024246114225
551,-0.2000000000000135,0.0294181844192622,3.0,0.0124960837434566,0.0419142681627188,0.029994034210573086
552,-0.1750000000000136,0.047550208314186,3.0,0.0159520742324142,0.0635022825466002,0.06339124617646573
553,-0.1500000000000136,0.0740701700436136,3.0,0.0949424302466852,0.1690126002902989,0.10321948231595635
554,-0.1250000000000137,0.1066925065084465,3.0,-0.0763702756003781,0.0303222309080683,0.14605093310183076
555,-0.1000000000000138,0.1405520652766985,3.0,0.0393968307860643,0.1799488960627628,0.1876384401868188
556,-0.0750000000000139,0.1712466413459884,3.0,0.0747248784418222,0.2459715197878106,0.22417021182470678
557,-0.050000000000014,0.1972089309893031,3.0,0.1553880407206556,0.3525969717099587,0.25373245495212243
558,-0.0250000000000141,0.219826632413548,3.0,0.0377438196653775,0.2575704520789256,0.2769982198433362
559,-1.4210854715202004e-14,0.2423226726085134,3.0,0.0690728545560989,0.3113955271646124,0.2969780153050244
560,0.0249999999999861,0.2686950873605917,3.0,-0.0061234546242325,0.2625716327363591,0.3181553913445602
561,0.0499999999999856,0.3030704480048739,3.0,0.0942755200898955,0.3973459680947695,0.34537452974672234
562,0.074999999999985,0.3491098338047699,3.0,-0.0642659523273463,0.2848438814774235,0.38271175853289335
563,0.0999999999999854,0.4089137151219799,3.0,-0.0522750166606776,0.3566386984613022,0.4324740621017703
564,0.1249999999999857,0.4814860700019973,3.0,-0.0188081422423856,0.4626779277596116,0.4944963193255998
565,0.1499999999999852,0.5623084178165039,3.0,0.0597054058741873,0.6220138236906911,0.565981851017887
566,0.1749999999999847,0.6456030919750485,3.0,-0.0159179557900364,0.629685136185012,0.6420777348786447
567,0.199999999999985,0.7272240684819039,3.0,-0.0480595344561982,0.6791645340257058,0.7170893693529664
568,0.2249999999999854,0.8045246784808338,3.0,-0.0460273634481743,0.7584973150326594,0.7858737518748803
569,0.2499999999999849,0.8739379562800439,3.0,-0.0119943364608491,0.8619436198191948,0.8448457872727689
570,0.2749999999999843,0.928950321186881,3.0,0.0104161052647611,0.939366426451642,0.892306408542343
571,0.2999999999999847,0.963103399681012,3.0,-0.072112095974326,0.8909913037066859,0.9281948508965957
572,0.3249999999999851,0.9789716196908826,3.0,-0.0045978373349798,0.9743737823559028,0.9535707855834035
573,0.3499999999999845,0.9852442922252224,3.0,0.0059926836871708,0.9912369759123932,0.9700957189015853
574,0.374999999999984,0.9876688611955006,3.0,0.0316344302919607,1.0193032914874611,0.9796462644675479
575,0.3999999999999843,0.9885760560179966,3.0,-0.1259179524025394,0.8626581036154571,0.9840786625347389
576,0.4249999999999847,0.9888876221710712,3.0,-0.0207283778678966,0.9681592443031746,0.9851099840910638
577,0.4499999999999842,0.9890673446140416,3.0,-0.0318622848240478,0.9572050597899936,0.9842703882623396
578,0.4749999999999836,0.9893995670948688,3.0,0.0570604532881699,1.0464600203830388,0.9828882578162359
579,0.499999999999984,0.9900239051490256,3.0,0.0084051180926527,0.9984290232416784,0.9820809059283357
580,0.5249999999999844,0.9909080171012884,3.0,0.0095504990942848,1.0004585161955732,0.9827319717839091
581,0.5499999999999838,0.9918758041731708,3.0,0.0077413020068522,0.999617106180023,0.9854421034985743
582,0.5749999999999833,0.9927537447284166,3.0,-0.0132216435288247,0.979532101199592,0.9904443219721276
583,0.5999999999999837,0.9935040621717284,3.0,-0.0016797501248219,0.9918243120469064,0.9974837152797092
584,0.624999999999984,0.9941757460611712,3.0,-0.0134359428623366,0.9807398031988344,1.005678648571075
585,0.6499999999999835,0.9947938679923088,3.0,-0.0115002837704228,0.983293584221886,1.0134141101291012
586,0.674999999999983,0.9953478406862828,3.0,0.0089900402368908,1.0043378809231738,1.0183723380485
587,0.6999999999999833,0.9958256319643822,3.0,0.104268929863244,1.1000945618276263,1.0178814877317997
588,0.7249999999999837,0.9962264434784308,3.0,-0.0037060784679801,0.9925203650104506,1.0098406135465117
589,0.7499999999999831,0.9965571060875236,3.0,-0.0022130289523966,0.994344077135127,0.9944464588400254
590,0.7749999999999826,0.9968272006781366,3.0,-0.0631384766340227,0.9336887240441138,0.9763818764983461
591,0.799999999999983,0.997046508285018,3.0,-0.0045797274459323,0.9924667808390856,0.9652827698391839
592,0.8249999999999833,0.9972240170171358,3.0,-0.0087871481934501,0.9884368688236856,0.9703505537662942
593,0.8499999999999828,0.997367600820032,3.0,-0.0423989522994961,0.954968648520536,0.9902520312212966
594,0.8749999999999822,0.9974839584114698,3.0,-0.049820751019369,0.9476632073921006,1.012281824937298
595,0.8999999999999826,0.99757866071919,3.0,0.0812007557382406,1.0787794164574307,1.0257494690293067
596,0.924999999999983,0.9976562502220666,3.0,0.0735909999632077,1.0712472501852743,1.0299092291205536
597,0.9499999999999824,0.9977203651394232,3.0,0.000991260813047,0.9987116259524702,1.0292414686349094
598,0.974999999999982,0.997773871365101,3.0,-0.0608752719011645,0.9368985994639364,1.027750058370763
599,0.9999999999999822,0.9978189903170002,3.0,0.1034018951730528,1.101220885490053,1.0274114602517672
600,1.0249999999999826,0.9978574150531584,3.0,0.0278366757167688,1.0256940907699272,1.0287328871287755
601,1.049999999999982,0.9978904105218656,3.0,-0.0860437086734563,0.9118467018484092,1.0315242806598686
602,1.0749999999999815,0.9979188965362564,3.0,-0.072095404704483,0.9258234918317734,1.0353734074668333
603,1.099999999999982,0.997943513937077,3.0,-0.0050720241314866,0.9928714898055904,1.039864115431721
604,1.1249999999999822,0.9979646755127236,3.0,-0.005009974433461,0.9929547010792624,1.0446535882249273
605,1.1499999999999817,0.9979826037445316,3.0,0.034031780171073,1.0320143839156046,1.0494863806042558
606,1.1749999999999812,0.9979973575177256,3.0,0.1255054341467876,1.1235027916645133,1.0541847676033544
607,1.1999999999999815,0.998008849745517,3.0,0.0190634139028329,1.01707226364835,1.0586328293405538
608,1.224999999999982,0.9980168575212676,3.0,-0.0061708625241662,0.9918459949971014,1.0627610214198615
609,1.2499999999999811,0.9980210260296646,3.0,0.1191830071131521,1.1172040331428166,1.066533333681419
610,1.2749999999999808,0.9980208670690676,3.0,-0.0116644900069245,0.986356377062143,1.0699373010528972
611,1.2999999999999812,0.9980157526981288,3.0,0.0064860855374037,1.0045018382355326,1.072976504342988
612,1.3249999999999815,0.9980049042438685,3.0,0.0016284062097911,0.9996333104536596,1.0756650597492745
613,1.349999999999981,0.9979873767205614,3.0,-0.0963813082287308,0.9016060684918306,1.0780236315386469
614,1.3749999999999805,0.9979620386508536,3.0,0.0312597206533891,1.0292217593042428,1.0800765863180486
615,1.3999999999999808,0.997927547433562,3.0,0.0530150313101021,1.050942578743664,1.081849992567755
616,1.4249999999999812,0.9978823209216638,3.0,0.0878346338636211,1.085716954785285,1.0833702411332509
617,1.4499999999999806,0.9978245070457552,3.0,0.0332304358296179,1.0310549428753732,1.0846631189732332
618,1.47499999999998,0.9977519556549984,3.0,0.0205884347486859,1.0183403904036843,1.0857532115243091
619,1.4999999999999805,0.9976622011339374,3.0,0.0357036492671736,1.033365850401111,1.0866635413376597
620,1.5249999999999808,0.9975524722542398,3.0,0.0811386274083425,1.0786910996625825,1.0874153747260868
621,1.5499999999999805,0.9974197594072012,3.0,0.0269990603862247,1.024418819793426,1.088028146092696
622,1.5749999999999795,0.9972609919621288,3.0,-0.0154991600362229,0.981761831925906,1.0885194629672108
623,1.59999999999998,0.9970734132265038,3.0,0.0045731993544647,1.0016466125809684,1.088905164724854
624,1.6249999999999805,0.9968552874793978,3.0,-0.0128152049660258,0.984040082513372,1.0891994153730344
625,1.64999999999998,0.9966071208978244,3.0,0.1137123899973416,1.110319510895166,1.0894148163044817
626,1.6749999999999794,0.9963335821407524,3.0,-0.0134281151272658,0.9829054670134866,1.089562529008366
627,1.6999999999999795,0.9960461612628418,3.0,-0.0910279116521345,0.9050182496107072,1.0896524007586823
628,1.72499999999998,0.9957661152549556,3.0,-0.0284220620933802,0.9673440531615756,1.0896930885279974
629,1.7499999999999796,0.9955262222742762,3.0,0.0362770574317624,1.0318032797060386,1.0896921780045432
630,1.774999999999979,0.995368481492319,3.0,-0.0321251357339205,0.9632433457583984,1.0896562957724587
631,1.7999999999999794,0.9953343836178352,3.0,0.0339185625179609,1.0292529461357962,1.0895912135623527
632,1.82499999999998,0.9954471730570116,3.0,0.0705596698104664,1.066006842867478,1.0895019440781144
633,1.8499999999999792,0.9956928226544016,3.0,0.0494411391413405,1.0451339617957425,1.0893928283207026
634,1.874999999999979,0.9960131943569938,3.0,-0.000265084506918,0.9957481098500756,1.0892676146091864
635,1.899999999999979,0.9963204611660922,3.0,-0.0632439726006481,0.933076488565444,1.0891295296801207
636,1.92499999999998,0.9965251753617502,3.0,0.0603589492228037,1.056884124584554,1.088981342355844
637,1.9499999999999789,0.9965595215869298,3.0,-0.0645625239513214,0.9319969976356084,1.0888254203308558
638,1.9749999999999783,0.9963859032052892,3.0,-0.0479893634171622,0.948396539788127,1.0886637806481998
639,1.999999999999979,0.9959958187102396,3.0,-0.0482724101423853,0.9477234085678544,1.0884981344360858
640,-1.9750000000000072,0.007983841232906,4.0,0.0749560715102771,0.0829399127431831,0.03157704134764801
641,-1.9500000000000075,0.0071390461848001,4.0,0.0450267852371326,0.0521658314219327,0.03068746025938803
642,-1.925000000000008,0.0062794155034247,4.0,0.0571252438320809,0.0634046593355056,0.029745658454203485
643,-1.900000000000008,0.0053692054608747,4.0,-0.0222708755061316,-0.0169016700452569,0.02874794965610225
644,-1.8750000000000075,0.004456571737107,4.0,0.0230245819056419,0.0274811536427489,0.027690389668552404
645,-1.850000000000008,0.0036173622875052,4.0,-0.0768909173208701,-0.0732735550333649,0.026568774453004557
646,-1.825000000000008,0.0029046788479614,4.0,0.0244157474465748,0.0273204262945362,0.025378646345288913
647,-1.8000000000000078,0.0023361472206454,4.0,0.0654804763822547,0.0678166236029001,0.024115312313348333
648,-1.775000000000008,0.0019044979247304,4.0,0.0041480730362031,0.0060525709609335,0.022773879687358025
649,-1.750000000000008,0.0015872814872083,4.0,0.08610776594989,0.0876950474370983,0.021349316874178105
650,-1.725000000000008,0.0013552043858986,4.0,0.032010155395826,0.0333653597817246,0.019836549379050543
651,-1.7000000000000082,0.0011810125161834,4.0,0.0553577625115289,0.0565387750277123,0.018230605211036467
652,-1.6750000000000085,0.0010444065178036,4.0,0.0510124609613742,0.0520568674791778,0.016526828679027328
653,-1.6500000000000083,0.0009321157553587,4.0,0.0478141496005263,0.048746265355885,0.014721187906950798
654,-1.6250000000000084,0.0008358777842442,4.0,-0.0625642308280326,-0.0617283530437884,0.012810709212632693
655,-1.6000000000000083,0.0007504793384581,4.0,-0.0093998344982692,-0.0086493551598111,0.010794080608175594
656,-1.5750000000000086,0.0006724964005243,4.0,-0.0551499871985557,-0.0544774907980314,0.008672476251759839
657,-1.5500000000000087,0.0005996203296025,4.0,-0.0015324296764211,-0.0009328093468186,0.006450661643769419
658,-1.5250000000000088,0.0005303215947979,4.0,0.0735603564127476,0.0740906780075455,0.004138441504814594
659,-1.5000000000000089,0.0004636744150864,4.0,0.0344393663638997,0.0349030407789861,0.00175250099336068
660,-1.475000000000009,0.0003992502517885,4.0,0.0041728796764885,0.004572129928277,-0.0006813461551940304
661,-1.450000000000009,0.0003370400617729,4.0,0.0295384131305056,0.0298754531922785,-0.0031255696781287002
662,-1.4250000000000091,0.0002773891137851,4.0,-0.0038648712445797,-0.0035874821307946,-0.005528207869801028
663,-1.4000000000000092,0.0002209362036483,4.0,0.0855841716881889,0.0858051078918372,-0.007820466775178713
664,-1.375000000000009,0.0001685506786739,4.0,-0.0070089979443489,-0.006840447265675,-0.009915381505469417
665,-1.3500000000000094,0.0001212621940957,4.0,0.0489088783152805,0.0490301405093762,-0.011708620204891185
666,-1.3250000000000095,8.018374859177887e-05,4.0,-0.0222367012638956,-0.0221565175153039,-0.01308273715073857
667,-1.3000000000000096,4.6439094852050334e-05,4.0,0.0477572385028604,0.0478036775977124,-0.013916088480509096
668,-1.2750000000000097,2.111642972195105e-05,4.0,-0.0253267236302733,-0.0253056072005513,-0.014096997059143981
669,-1.2500000000000098,5.272526576139926e-06,4.0,0.0298954655730997,0.0299007380996759,-0.01354256639676452
670,-1.22500000000001,0.0,4.0,-0.1136799867197637,-0.1136799867197637,-0.012220207652441289
671,-1.20000000000001,6.552220828684061e-06,4.0,0.0724422437300181,0.0724487959508468,-0.010169383548784034
672,-1.17500000000001,2.6514228069106265e-05,4.0,-0.0712378680382281,-0.071211353810159,-0.0075223479480259845
673,-1.15000000000001,6.203475492219994e-05,4.0,-0.0159268404053119,-0.0158648056503897,-0.004526051316768094
674,-1.1250000000000102,0.0001162100262541,4.0,0.1890834798548274,0.1891996898810815,-0.0015711333940697186
675,-1.1000000000000103,0.00019384906951,4.0,-0.0129961594942149,-0.012802310424705,0.0007678620533780459
676,-1.0750000000000104,0.0003030977927589,4.0,-0.1003588644772798,-0.1000557666845209,0.0017000445738219296
677,-1.0500000000000105,0.0004589449536166,4.0,-0.0807020240673245,-0.0802430791137079,0.000295618528149371
678,-1.0250000000000106,0.0006912511280653,4.0,0.0604118610706519,0.0611031121987172,-0.004016695477410274
679,-1.0000000000000109,0.0010667434210868,4.0,-0.0078291394050513,-0.0067623959839645,-0.009912259159333178
680,-0.9750000000000107,0.0017801808841186,4.0,-0.0396621216039665,-0.0378819407198479,-0.0110708661116854
681,-0.9500000000000108,0.0038056570992546,4.0,0.0652187209328722,0.0690243780321268,0.007638629473889172
682,-0.9250000000000108,0.0157292282533857,4.0,0.0242092150769893,0.0399384433303749,0.07237736688506241
683,-0.900000000000011,0.1251374660774188,4.0,0.0589798871056402,0.184117353183059,0.21550789763380737
684,-0.8750000000000111,0.5178399589651714,4.0,-0.0219459199667046,0.4958940389984668,0.44358429977655267
685,-0.8500000000000112,0.7343681346172076,4.0,-0.0511350334730006,0.683233101144207,0.6911177320041519
686,-0.8250000000000113,0.8533046851495295,4.0,-0.0355386231938597,0.8177660619556698,0.8686107640056341
687,-0.8000000000000114,0.8954043784609973,4.0,0.0924915467163345,0.9878959251773318,0.9524481742383339
688,-0.7750000000000115,0.8889751876212151,4.0,0.086401780492816,0.9753769681140312,0.9691326913974359
689,-0.7500000000000115,0.8654501272680883,4.0,0.0369475261631986,0.902397653431287,0.9490148248848836
690,-0.7250000000000116,0.8407890574942571,4.0,0.1167323970489205,0.9575214545431776,0.9113088133313837
691,-0.7000000000000117,0.8213998335711656,4.0,0.0266215718416361,0.8480214054128017,0.8651349472080884
692,-0.6750000000000118,0.8079411161197462,4.0,-0.0558330364205701,0.752108079699176,0.8130885904950469
693,-0.6500000000000119,0.7997728927275303,4.0,0.0162208189699486,0.8159937116974789,0.7560339308493026
694,-0.625000000000012,0.7984360674160129,4.0,-0.1023579957052659,0.6960780717107469,0.7081772171106638
695,-0.6000000000000121,0.8100407594951815,4.0,-0.0543001278205754,0.755740631674606,0.7522741385278188
696,-0.5750000000000122,0.8443146140538195,4.0,0.065705466743876,0.9100200807976956,1.0098099213106053
697,-0.5500000000000123,0.901954361371906,4.0,-0.0228098852141438,0.8791444761577621,0.8127190034382346
698,-0.5250000000000123,0.9564610902040462,4.0,-0.0471315185937032,0.909329571610343,0.9278215315929037
699,-0.5000000000000124,0.9863660481614808,4.0,0.1250822917427826,1.1114483399042634,1.0530605314153938
700,-0.4750000000000125,0.9983028372611836,4.0,0.0577820020056396,1.0560848392668232,1.0842051057516762
701,-0.4500000000000126,0.9999999999999984,4.0,-0.0107820434957219,0.9892179565042766,1.0752668910542003
702,-0.4250000000000127,0.9937756808323336,4.0,0.1047573991155625,1.098533079947896,1.0493688669093244
703,-0.4000000000000128,0.9795367152829332,4.0,0.0744559499917553,1.0539926652746885,1.0151167258197047
704,-0.3750000000000129,0.9565069399528132,4.0,0.0401423652781558,0.9966493052309692,0.9812534556939753
705,-0.3500000000000129,0.925987896228004,4.0,0.027232807144828,0.953220703372832,0.9695401206815194
706,-0.325000000000013,0.8943936906827721,4.0,0.0369829549722169,0.931376645654989,0.9327595029154395
707,-0.3000000000000131,0.8702992353452138,4.0,0.0165876886957847,0.8868869240409986,0.8831792448678788
708,-0.2750000000000132,0.8572883582791183,4.0,0.0733441896545063,0.9306325479336248,0.9132767875869314
709,-0.2500000000000133,0.8533057302064027,4.0,-0.0302559910384955,0.8230497391679071,0.853937214319707
710,-0.2250000000000134,0.8549418910094594,4.0,-0.030089939177104,0.8248519518323554,0.840742283664462
711,-0.2000000000000135,0.8598746307786419,4.0,0.0574018894593785,0.9172765202380204,0.854399616770078
712,-0.1750000000000136,0.8669431246569455,4.0,-0.0210613440398539,0.8458817806170915,0.8748693121769183
713,-0.1500000000000136,0.8755577723283035,4.0,-0.0340518519905977,0.8415059203377058,0.8935241193151262
714,-0.1250000000000137,0.8852577603098761,4.0,0.1211273772136864,1.0063851375235626,0.9072497681113793
715,-0.1000000000000138,0.8955284464868216,4.0,-0.0358066814984948,0.8597217649883269,0.9148967497320014
716,-0.0750000000000139,0.9057894370753324,4.0,-0.0464459745027685,0.8593434625725639,0.9160396969702778
717,-0.050000000000014,0.915460811087358,4.0,-0.0102183969328412,0.9052424141545168,0.9108554835000608
718,-0.0250000000000141,0.924046786300338,4.0,-0.0565083929259034,0.8675383933744345,0.9005124195879198
719,-1.4210854715202004e-14,0.9311922557553804,4.0,0.0258140209230635,0.957006276678444,0.8877327717230458
720,0.0249999999999861,0.9366799163845828,4.0,-0.0515038921999386,0.8851760241846441,0.8771404150477031
721,0.0499999999999856,0.940361920392936,4.0,-0.118184208565863,0.822177711827073,0.8747570465366682
722,0.074999999999985,0.942046826683554,4.0,0.081820044514276,1.02386687119783,0.8858035648268113
723,0.0999999999999854,0.9413673419697188,4.0,-0.0034164985229631,0.9379508434467556,0.9105314463366426
724,0.1249999999999857,0.9376330275388374,4.0,0.0050395700533066,0.942672597592144,0.9402423439930647
725,0.1499999999999852,0.9296347276303504,4.0,0.0442080818402188,0.9738428094705692,0.9584792330686667
726,0.1749999999999847,0.9153248731708384,4.0,-0.0135575388492466,0.9017673343215918,0.949273003906182
727,0.199999999999985,0.8912689816038986,4.0,0.0193002652707273,0.910569246874626,0.9055850019244068
728,0.2249999999999854,0.8518176059015045,4.0,-0.039882812981844,0.8119347929196604,0.830575564608729
729,0.2499999999999849,0.7883153641474737,4.0,0.0187599068865007,0.8070752710339745,0.7332914648466144
730,0.2749999999999843,0.6899381971671494,4.0,-0.0349148386406164,0.655023358526533,0.6241320470171035
731,0.2999999999999847,0.5511665166759544,4.0,-0.0941163847428329,0.4570501319331215,0.5123253182287159
732,0.3249999999999851,0.3928900335664374,4.0,-0.0296969323964748,0.3631931011699625,0.4049965305091619
733,0.3499999999999845,0.2615372637126187,4.0,-0.0527542288933155,0.2087830348193032,0.307044109795545
734,0.374999999999984,0.1699669454803019,4.0,0.0793560333773851,0.249322978857687,0.2213860868051168
735,0.3999999999999843,0.1067605090249307,4.0,0.0334463067203217,0.1402068157452524,0.14937027550364723
736,0.4249999999999847,0.066496001266188,4.0,0.0408180694475015,0.1073140707136895,0.0912231888249816
737,0.4499999999999842,0.0431708863297307,4.0,-0.0205670781194889,0.0226038082102417,0.04645216744392646
738,0.4749999999999836,0.0299788405253558,4.0,-0.0516890313435458,-0.02171019081819,0.014153157530469185
739,0.499999999999984,0.0222931323304137,4.0,0.0111809306776668,0.0334740630080805,-0.006788946569707615
740,0.5249999999999844,0.0175981509058991,4.0,-0.0207851216780942,-0.0031869707721951,-0.017596806333344716
741,0.5499999999999838,0.0145883530149624,4.0,-0.0442043405527071,-0.0296159875377447,-0.019571746781313668
742,0.5749999999999833,0.0125681894924518,4.0,-0.0104634943119556,0.0021046951804961,-0.014114646784392209
743,0.5999999999999837,0.0111518294200598,4.0,-0.0462375985111866,-0.0350857690911268,-0.002774650806690938
744,0.624999999999984,0.0101182784043585,4.0,0.0172004877881792,0.0273187661925377,0.012691063642374897
745,0.6499999999999835,0.0093378862892432,4.0,0.0068291270271099,0.0161670133163531,0.03025887766187198
746,0.674999999999983,0.0087327249634505,4.0,0.0420017135665214,0.0507344385299719,0.047595297382399544
747,0.6999999999999833,0.0082544406967835,4.0,0.0265747729124351,0.0348292136092186,0.06205682586651796
748,0.7249999999999837,0.0078717586021387,4.0,0.0745642875837469,0.0824360461858856,0.07080218037461973
749,0.7499999999999831,0.007563466844427,4.0,0.0753545893204216,0.0829180561648486,0.07116645082833223
750,0.7749999999999826,0.0073144985741907,4.0,0.0980085879064035,0.1053230864805942,0.06155993742705016
751,0.799999999999983,0.0071137338597643,4.0,0.0085190888549207,0.015632822714685,0.043193212787861014
752,0.8249999999999833,0.0069527403104049,4.0,0.0121061249532058,0.0190588652636107,0.022510968128688885
753,0.8499999999999828,0.0068250223740587,4.0,0.0584511772472736,0.0652761996213323,0.012473711724860984
754,0.8749999999999822,0.0067255487960262,4.0,-0.0197375689131261,-0.0130120201170999,0.02677269552603005
755,0.8999999999999826,0.006650436535988,4.0,0.1191214366928176,0.1257718732288056,0.05934859298407717
756,0.924999999999983,0.0065967268586634,4.0,0.0096528892924695,0.0162496161511329,0.0710920096474473
757,0.9499999999999824,0.0065622190006421,4.0,0.0685484714176418,0.0751106904182839,0.04148974817252547
758,0.974999999999982,0.0065453420998129,4.0,-0.0064187551044531,0.0001265869953597,0.01051926149184042
759,0.9999999999999822,0.0065450540570903,4.0,0.015437511546523,0.0219825656036133,0.022839044140313545
760,1.0249999999999826,0.0065607603116933,4.0,0.0129338572456713,0.0194946175573646,0.08873587452406387
761,1.049999999999982,0.0065922479505355,4.0,-0.0455872967864667,-0.0389950488359312,0.19559055776471126
762,1.0749999999999815,0.0066396320174507,4.0,-0.013506974733178,-0.0068673427157273,0.3246849810862833
763,1.099999999999982,0.0067033117691262,4.0,0.1440979159899237,0.1508012277590499,0.4595950882155627
764,1.1249999999999822,0.0067839351601947,4.0,0.0725061451909007,0.0792900803510954,0.5889972527510816
765,1.1499999999999817,0.0068823701504072,4.0,-0.0106198305927545,-0.0037374604423473,0.7066320887059115
766,1.1749999999999812,0.006999681587317,4.0,-0.0374371098108923,-0.0304374282235753,0.81003755441972
767,1.1999999999999815,0.0071371124816415,4.0,-0.1071749155210231,-0.1000378030393816,0.899094698061596
768,1.224999999999982,0.007296068500663,4.0,0.0150839687872887,0.0223800372879517,0.974890312559198
769,1.2499999999999811,0.007478104491161,4.0,0.0226592010911759,0.0301373055823369,1.0389927576654419
770,1.2749999999999808,0.0076849118350949,4.0,0.0661422541778082,0.0738271660129031,1.0930537207736355
771,1.2999999999999812,0.0079183054613824,4.0,0.0909543468713781,0.0988726523327605,1.1386176565570205
772,1.3249999999999815,0.008180209404027,4.0,-0.0582974109300422,-0.0501172015260152,1.1770475794082582
773,1.349999999999981,0.0084726399241104,4.0,0.0275043872949523,0.0359770272190627,1.2095098877963628
774,1.3749999999999805,0.0087976854085653,4.0,-0.0308024344195248,-0.0220047490109595,1.2369860862068685
775,1.3999999999999808,0.0091574825224442,4.0,0.0317410039784109,0.0408984865008551,1.260294725505693
776,1.4249999999999812,0.0095541884146417,4.0,0.0747169169403784,0.0842711053550201,1.2801154868963547
777,1.4499999999999806,0.0099899491403883,4.0,-0.0389328358239343,-0.028942886683546,1.2970118387726766
778,1.47499999999998,0.0104668648380033,4.0,0.0066075122616276,0.017074377099631,1.3114509395418652
779,1.4999999999999805,0.0109869525456721,4.0,-0.0126953780286448,-0.0017084254829727,1.3238205175814917
780,1.5249999999999808,0.0115521078271187,4.0,-0.0746442617701328,-0.0630921539430141,1.3344429181869917
781,1.5499999999999805,0.0121640665578457,4.0,-0.0164713866130557,-0.00430732005521,1.3435866739276507
782,1.5749999999999795,0.0128243682821821,4.0,-0.0050452818255995,0.0077790864565825,1.351475985810511
783,1.59999999999998,0.0135343224788152,4.0,-0.0074669760464921,0.006067346432323,1.3582984757931709
784,1.6249999999999805,0.0142949788815587,4.0,0.0371191169287492,0.0514140958103079,1.3642115239032921
785,1.64999999999998,0.0151071027237557,4.0,0.0031139163566428,0.0182210190803985,1.369347452678852
786,1.6749999999999794,0.0159711554522317,4.0,-0.1002122898577746,-0.0842411344055429,1.373817775044636
787,1.6999999999999795,0.0168872811371091,4.0,-0.0612154879986115,-0.0443282068615024,1.3777166815412172
788,1.72499999999998,0.0178552985284433,4.0,-0.1008505365180922,-0.0829952379896488,1.3811239093201833
789,1.7499999999999796,0.0188746985075735,4.0,0.002436851002272,0.0213115495098455,1.3841071079217482
790,1.774999999999979,0.019944646560974,4.0,-0.0357209897621392,-0.0157763432011652,1.3867237946781783
791,1.7999999999999794,0.0210639898607953,4.0,-0.0930352580163379,-0.0719712681555426,1.3890229747394847
792,1.82499999999998,0.0222312685496289,4.0,0.0651674856906654,0.0873987542402943,1.3910464863872654
793,1.8499999999999792,0.0234447308709311,4.0,-0.056132249143248,-0.0326875182723169,1.3928301208015537
794,1.874999999999979,0.0247023518345119,4.0,-0.0571027650802946,-0.0324004132457827,1.394404556209259
795,1.899999999999979,0.0260018551374186,4.0,-0.0212404767186045,0.004761378418814,1.395796138915204
796,1.92499999999998,0.0273407380619828,4.0,-0.0265641064298578,0.0007766316321249,1.397027537732476
797,1.9499999999999789,0.0287162990417399,4.0,0.0381710028473727,0.0668873018891126,1.3981182934974408
798,1.9749999999999783,0.0301256675276308,4.0,-0.0391798817803142,-0.0090542142526834,1.3990852814453063
799,1.999999999999979,0.0315658357121453,4.0,-0.0402711225633317,-0.0087052868511864,1.3999431010514014
800,-1.9750000000000072,0.6398113992385707,5.0,0.0227591416579411,0.6625705408965118,0.6550714070656886
801,-1.9500000000000075,0.634768023192819,5.0,-0.0444734764985644,0.5902945466942546,0.6475808589036058
802,-1.925000000000008,0.6291608471202164,5.0,-0.0127251998076089,0.6164356473126074,0.6396845739757469
803,-1.900000000000008,0.6229268029936441,5.0,0.0690299741559064,0.6919567771495505,0.6313546944618151
804,-1.8750000000000075,0.6160002467308422,5.0,-0.0751642894754886,0.5408359572553535,0.6225611092937724
805,-1.850000000000008,0.6083144920341857,5.0,0.156740134027921,0.7650546260621067,0.613271271013571
806,-1.825000000000008,0.5998039641458923,5.0,-0.0256780539117182,0.5741259102341741,0.6034500045337514
807,-1.8000000000000078,0.5904070421438233,5.0,-0.0285641711755132,0.5618428709683101,0.5930593098989219
808,-1.775000000000008,0.5800695895089967,5.0,0.1065745523937108,0.6866441419027075,0.5820581619464548
809,-1.750000000000008,0.5687490526065192,5.0,-0.0336038114287178,0.5351452411778014,0.5704023106361551
810,-1.725000000000008,0.5564188263226154,5.0,-0.0548721888113016,0.5015466375113137,0.5580440866719012
811,-1.7000000000000082,0.543072348510296,5.0,0.1021286758914557,0.6452010244017518,0.544932217708257
812,-1.6750000000000085,0.5287261148477597,5.0,-0.0469606841168679,0.4817654307308917,0.5310116606436592
813,-1.6500000000000083,0.5134205563912669,5.0,-0.0128282431497006,0.5005923132415663,0.5162234548143879
814,-1.6250000000000084,0.4972175726358631,5.0,-0.1079140741752851,0.3893034984605779,0.5005045986887163
815,-1.6000000000000083,0.4801935500149646,5.0,0.0595437797266128,0.5397373297415774,0.4837879480819804
816,-1.5750000000000086,0.4624269798921384,5.0,0.0885864898256678,0.5510134697178062,0.46600212602000607
817,-1.5500000000000087,0.4439803197286455,5.0,0.0055785969580548,0.4495589166867003,0.4470714224411384
818,-1.5250000000000088,0.4248764435063845,5.0,0.0119856846829818,0.4368621281893663,0.4269156463143133
819,-1.5000000000000089,0.4050708060626927,5.0,-0.028410956981867,0.3766598490808256,0.40544987692781526
820,-1.475000000000009,0.3844212989791087,5.0,-0.097110562003707,0.2873107369754017,0.3825840558600837
821,-1.450000000000009,0.3626589765819514,5.0,-0.0453048107597259,0.3173541658222254,0.3582223930814011
822,-1.4250000000000091,0.3393651503860166,5.0,0.0906934663895312,0.4300586167755478,0.3322626885782427
823,-1.4000000000000092,0.3139652913801313,5.0,-0.0078722270741282,0.3060930643060031,0.30459601670483216
824,-1.375000000000009,0.2857600474944072,5.0,-0.0239164425989899,0.2618436048954173,0.27510802580210825
825,-1.3500000000000094,0.2540306220588441,5.0,0.0231382741105984,0.2771688961694425,0.2436848361739176
826,-1.3250000000000095,0.2182768251492902,5.0,0.0365899697388133,0.2548667948881035,0.21023006288280122
827,-1.3000000000000096,0.1786482782349625,5.0,-0.0941709690909329,0.0844773091440295,0.174706568850255
828,-1.2750000000000097,0.136543351870587,5.0,0.0179803879220474,0.1545237397926344,0.13723074576732783
829,-1.2500000000000098,0.0950723331590686,5.0,0.02052068024615,0.1155930134052186,0.09827685582137141
830,-1.22500000000001,0.0586796514511868,5.0,-0.0673243107064645,-0.0086446592552776,0.05911717418273884
831,-1.20000000000001,0.0313558002875522,5.0,0.0143609117991413,0.0457167120866935,0.022796017233540466
832,-1.17500000000001,0.0143534034216793,5.0,-0.0037722946173821,0.0105811088042971,-0.0036489703168494326
833,-1.15000000000001,0.0056886697684135,5.0,-0.0202449693431306,-0.0145562995747171,-0.004782251375781313
834,-1.1250000000000102,0.0019860162997586,5.0,0.0090581752470363,0.0110441915467949,0.04160849813285982
835,-1.1000000000000103,0.0005684488800477,5.0,0.1367527918107615,0.1373212406908092,0.09342741012096416
836,-1.0750000000000104,7.415762973143989e-05,5.0,-0.039341894016525,-0.0392677363867935,0.006399689482704117
837,-1.0500000000000105,0.0,5.0,-0.0511483546852078,-0.0511483546852078,-0.08706590447974227
838,-1.0250000000000106,0.000224513087619,5.0,-0.0620572040454511,-0.0618326909578321,-0.07425385827943727
839,-1.0000000000000109,0.0007758627163782,5.0,-0.0829691781412543,-0.0821933154248761,-0.025197165327316275
840,-0.9750000000000107,0.0017049902130186,5.0,0.0555058306913429,0.0572108209043615,0.007402645434339328
841,-0.9500000000000108,0.0030145238754929,5.0,-0.0432034235086306,-0.0401888996331377,0.013756448021083523
842,-0.9250000000000108,0.0047473949174179,5.0,0.0613376158108043,0.0660850107282222,0.003285232377055705
843,-0.900000000000011,0.0073688587437826,5.0,-0.0647298356510231,-0.0573609769072405,-0.009656565798284451
844,-0.8750000000000111,0.0126554796972808,5.0,-0.04036401726474,-0.0277085375674592,-0.009936118948504826
845,-0.8500000000000112,0.0248845056835573,5.0,-0.0756844320037893,-0.050799926320232,0.013632716492162064
846,-0.8250000000000113,0.0472545792724679,5.0,-0.0305851210486896,0.0166694582237782,0.055239384839358335
847,-0.8000000000000114,0.0744987422438527,5.0,0.1018498607061282,0.1763486029499809,0.08997024493304984
848,-0.7750000000000115,0.1012896508272957,5.0,-0.0223808328265726,0.078908818000723,0.10544099290265511
849,-0.7500000000000115,0.124751632248691,5.0,-0.0116616672985283,0.1130899649501626,0.11606208229566084
850,-0.7250000000000116,0.1407543090929041,5.0,-0.0773362895883466,0.0634180195045574,0.1355847563149082
851,-0.7000000000000117,0.1479265841938175,5.0,0.0551768378853525,0.2031034220791699,0.1592535739249879
852,-0.6750000000000118,0.149153733230668,5.0,0.009350466502825,0.158504199733493,0.1694730014393918
853,-0.6500000000000119,0.1480188411621834,5.0,0.0506326646687238,0.1986515058309072,0.1474470061476051
854,-0.625000000000012,0.1465214670662606,5.0,-0.0854569495337002,0.0610645175325603,0.0966969212884513
855,-0.6000000000000121,0.1453174691710302,5.0,0.0193332956901648,0.164650764861195,0.15606514835512578
856,-0.5750000000000122,0.1444812217513032,5.0,0.0214254522316549,0.1659066739829581,0.18894844023855875
857,-0.5500000000000123,0.1439254659571219,5.0,-0.0824024406808205,0.0615230252763013,-0.008044967141035461
858,-0.5250000000000123,0.1435474674848521,5.0,0.0537154483596173,0.1972629158444694,0.2009297081448156
859,-0.5000000000000124,0.1432651567984035,5.0,0.0047031717075029,0.1479683285059064,0.1505886591026375
860,-0.4750000000000125,0.1430197971051673,5.0,-0.0362890067931402,0.106730790312027,0.11068728475345271
861,-0.4500000000000126,0.1427707691670502,5.0,0.0272415177194626,0.1700122868865129,0.1207896428718134
862,-0.4250000000000127,0.1424898666827899,5.0,-0.0512942714265503,0.0911955952562395,0.15130035743411455
863,-0.4000000000000128,0.1421568683061496,5.0,0.0577275577366346,0.1998844260427842,0.1822825564334078
864,-0.3750000000000129,0.1417565289139465,5.0,0.0620221670762627,0.2037786959902092,0.1974455767305944
865,-0.3500000000000129,0.1412767532458838,5.0,0.041796166704671,0.1830729199505548,0.17431224578426496
866,-0.325000000000013,0.1407077064205771,5.0,-0.023785045542217,0.11692266087836,0.12362978046971006
867,-0.3000000000000131,0.140041647315072,5.0,-0.0817313677386435,0.0583102795764284,0.05630222739166987
868,-0.2750000000000132,0.1392730584710332,5.0,0.1633187357760469,0.3025917942470801,0.3078002646964235
869,-0.2500000000000133,0.1383976143891416,5.0,0.0205213559215509,0.1589189703106925,0.14063760030672434
870,-0.2250000000000134,0.1374055627274616,5.0,-0.0616303459494141,0.0757752167780474,0.11542913380189387
871,-0.2000000000000135,0.1362592898299116,5.0,0.0076700116720516,0.1439293015019632,0.11736848995167443
872,-0.1750000000000136,0.1348406401219757,5.0,-0.0265870289808611,0.1082536111411145,0.11856399136903206
873,-0.1500000000000136,0.1328756131225472,5.0,0.0604811135594993,0.1933567266820465,0.12110228069079804
874,-0.1250000000000137,0.1299468763559885,5.0,-0.0195733740771059,0.1103735022788825,0.12526188493035817
875,-0.1000000000000138,0.1258596433492762,5.0,-0.0939337527935781,0.031925890555698,0.1299450851842591
876,-0.0750000000000139,0.1213831517146403,5.0,0.0367179265824373,0.1581010782970777,0.13429317237018387
877,-0.050000000000014,0.1183833846097652,5.0,0.0057930295396962,0.1241764141494614,0.13784061845977383
878,-0.0250000000000141,0.1184755271711784,5.0,0.0870440926864542,0.2055196198576326,0.14031595982394532
879,-1.4210854715202004e-14,0.1216092615322737,5.0,0.056874832837004,0.1784840943692777,0.14147855701153497
880,0.0249999999999861,0.1260695069313884,5.0,-0.0418453578586255,0.0842241490727628,0.14102244272337527
881,0.0499999999999856,0.1291885061181068,5.0,0.0076558226266966,0.1368443287448034,0.13851452054676416
882,0.074999999999985,0.1278237974007964,5.0,-0.0302617682851723,0.097562029115624,0.13334169184876768
883,0.0999999999999854,0.118631468542233,5.0,0.0428900445799855,0.1615215131222185,0.12465723779449275
884,0.1249999999999857,0.0987961805608233,5.0,-0.0346002472020516,0.0641959333587716,0.11133614168270967
885,0.1499999999999852,0.0687002036250782,5.0,0.0775723700704196,0.1462725736954978,0.09198558562653572
886,0.1749999999999847,0.0371614031317586,5.0,-0.062547303571356,-0.0253859004395974,0.06514189041362127
887,0.199999999999985,0.01917088632055,5.0,-0.1143550069054285,-0.0951841205848785,0.029995227040719438
888,0.2249999999999854,0.0272619357838678,5.0,-0.0519891932121627,-0.0247272574282949,-0.01144050221893717
889,0.2499999999999849,0.0421822635630578,5.0,-0.0496681003520335,-0.0074858367889757,-0.047961916460015123
890,0.2749999999999843,0.0413818339885055,5.0,-0.0673296845952097,-0.0259478506067042,-0.040361799543284525
891,0.2999999999999847,0.1058400169552977,5.0,-0.029161649139736,0.0766783678155616,0.11904950082534246
892,0.3249999999999851,0.5275046356555003,5.0,0.0250657070888899,0.5525703427443902,0.5279430247975422
893,0.3499999999999845,0.8773985193281463,5.0,-0.0339968320252075,0.8434016873029387,0.8613478353074809
894,0.374999999999984,0.937547715289746,5.0,-0.014692090269548,0.922855625020198,0.9387815752568341
895,0.3999999999999843,0.9485855971139194,5.0,0.0213024088131089,0.9698880059270284,0.9357271963439723
896,0.4249999999999847,0.9500429505519962,5.0,-0.0352444160212462,0.91479853453075,0.9277356915859107
897,0.4499999999999842,0.9491333966834418,5.0,0.0003693809674442,0.949502777650886,0.9250508864359335
898,0.4749999999999836,0.9478101380276592,5.0,-0.0055819654734068,0.9422281725542524,0.9264851817627815
899,0.499999999999984,0.9466934815103026,5.0,-0.0711530927150823,0.8755403887952203,0.9305164867195966
900,0.5249999999999844,0.9459645196512112,5.0,-0.0139432705075677,0.9320212491436436,0.936311248212564
901,0.5499999999999838,0.9456520004689734,5.0,-0.034108696474055,0.9115433039949185,0.9434080085716513
902,0.5749999999999833,0.9457398773940676,5.0,0.040179220432445,0.9859190978265128,0.9514026615980714
903,0.5999999999999837,0.9462004153676126,5.0,0.0275799647835403,0.9737803801511528,0.9597333488770181
904,0.624999999999984,0.94698831868744,5.0,0.0633607628733325,1.0103490815607723,0.9675343029958726
905,0.6499999999999835,0.9480155542406704,5.0,0.0013284140334548,0.9493439682741251,0.973563678930361
906,0.674999999999983,0.9491268576336588,5.0,-0.0037871908101811,0.9453396668234776,0.9762575923635051
907,0.6999999999999833,0.9500972764928636,5.0,0.1123121972671759,1.0624094737600396,0.973992748358559
908,0.7249999999999837,0.9506631523763854,5.0,-0.0513781632108262,0.8992849891655591,0.9656438298120984
909,0.7499999999999831,0.950576093284906,5.0,-0.0079895573224733,0.9425865359624328,0.9514785810294555
910,0.7749999999999826,0.9496536864351924,5.0,0.004869623285339,0.9545233097205316,0.9342373146203655
911,0.799999999999983,0.9478069248686812,5.0,-0.0189782303047375,0.9288286945639436,0.9196555054934505
912,0.8249999999999833,0.9450425574077068,5.0,-0.0519865112288588,0.8930560461788479,0.9147600365933983
913,0.8499999999999828,0.9414475195703764,5.0,-0.0101244133924494,0.931323106177927,0.9226782908267722
914,0.8749999999999822,0.9371593330297492,5.0,-0.0112456038745214,0.9259137291552276,0.937249301282072
915,0.8999999999999826,0.9323242448438046,5.0,0.0287239932489143,0.9610482380927188,0.9452220659450622
916,0.924999999999983,0.927051170385628,5.0,0.0090569263349594,0.9361080967205876,0.9362977899911795
917,0.9499999999999824,0.9213770229753656,5.0,-0.01624444361415,0.9051325793612156,0.9097063906348238
918,0.974999999999982,0.9152578928233072,5.0,0.0076590354023148,0.922916928225622,0.871707862029846
919,0.9999999999999822,0.9085912101122978,5.0,-0.1241775946349169,0.7844136154773809,0.829923382647448
920,1.0249999999999826,0.9012648640523628,5.0,-0.0717104350670455,0.8295544289853173,0.7900205763347637
921,1.049999999999982,0.8932249901618443,5.0,0.0286059792589157,0.92183096942076,0.7551168232206551
922,1.0749999999999815,0.8845516209756549,5.0,0.0033637628256483,0.8879153838013032,0.7263883205142194
923,1.099999999999982,0.8755255500341793,5.0,-0.0008197658144472,0.8747057842197321,0.7038455439279755
924,1.1249999999999822,0.8666612239535638,5.0,0.0937724038497792,0.9604336278033432,0.6869155567962524
925,1.1499999999999817,0.8586779255606357,5.0,-0.0118910517128241,0.8467868738478116,0.6747999144754957
926,1.1749999999999812,0.8523955774998365,5.0,-0.0158887975957415,0.8365067799040949,0.6666688670370925
927,1.1999999999999815,0.8485724087596943,5.0,0.0109810563376202,0.8595534650973146,0.6617547562058944
928,1.224999999999982,0.8477329905852857,5.0,-0.0635353898490389,0.7841976007362468,0.6593889489488366
929,1.2499999999999811,0.8500451683928995,5.0,0.0150720205304917,0.8651171889233912,0.659009429224508
930,1.2749999999999808,0.8552861102841098,5.0,-0.0963388684102217,0.7589472418738881,0.6601544364417384
931,1.2999999999999812,0.8629031191696679,5.0,-0.1181464581662194,0.7447566610034484,0.6624504367755005
932,1.3249999999999815,0.8721423264506011,5.0,0.1112960021643495,0.9834383286149506,0.665598666990845
933,1.349999999999981,0.8822003341445933,5.0,-0.0263766099008169,0.8558237242437763,0.6693622723805858
934,1.3749999999999805,0.8923544449416692,5.0,0.0197292684243851,0.9120837133660542,0.6735548837261757
935,1.3999999999999808,0.9020432613334596,5.0,-0.0077621578265997,0.8942811035068599,0.67803087741512
936,1.4249999999999812,0.9108920457269029,5.0,-0.1185676053820055,0.7923244403448972,0.6826772736547251
937,1.4499999999999806,0.9186954383315804,5.0,-0.0337416782669646,0.8849537600646158,0.6874071033318975
938,1.47499999999998,0.9253776386336628,5.0,0.0271033595979955,0.9524809982316584,0.6921540341986212
939,1.4999999999999805,0.9309478877642277,5.0,-0.0049228032685565,0.9260250844956712,0.6968680483937452
940,1.5249999999999808,0.9354621906156416,5.0,0.0429043617186708,0.9783665523343124,0.7015119828638101
941,1.5499999999999805,0.938995501120563,5.0,-0.0767107782736911,0.8622847228468717,0.7060587701419435
942,1.5749999999999795,0.941624310279908,5.0,0.0700667155604034,1.0116910258403116,0.7104892433141182
943,1.59999999999998,0.9434177782668234,5.0,0.1051835328012047,1.048601311068028,0.7147903931810535
944,1.6249999999999805,0.9444353582703366,5.0,0.0843352315116977,1.0287705897820345,0.7189539866185326
945,1.64999999999998,0.9447293529688244,5.0,0.0266830218314922,0.9714123748003168,0.7229754727936829
946,1.6749999999999794,0.9443513783501036,5.0,0.0792739990464804,1.023625377396584,0.7268531184445542
947,1.6999999999999795,0.9433618886805196,5.0,0.0161993447838155,0.9595612334643352,0.7305873252636528
948,1.72499999999998,0.9418415283046682,5.0,0.0637139308277706,1.005555459132439,0.7341800919652609
949,1.7499999999999796,0.9399021276659644,5.0,0.0280812234410668,0.9679833511070312,0.7376345912605216
950,1.774999999999979,0.9376940213393364,5.0,0.0857142846467521,1.0234083059860886,0.7409548380655443
951,1.7999999999999794,0.9354058372106968,5.0,0.0636763246788886,0.9990821618895857,0.7441454301251567
952,1.82499999999998,0.9332539344733144,5.0,0.0628884564817954,0.9961423909551098,0.7472113460959826
953,1.8499999999999792,0.9314616062534312,5.0,-0.1024433787556856,0.8290182274977456,0.7501577891989729
954,1.874999999999979,0.9302320782621925,5.0,-0.0525214012274855,0.8777106770347068,0.7529900669863858
955,1.899999999999979,0.9297222253115492,5.0,-0.1278744412179614,0.8018477840935878,0.7557134997015086
956,1.92499999999998,0.93002404064597,5.0,0.0288868582081472,0.9589108988541172,0.7583333512452974
957,1.9499999999999789,0.9311580942385111,5.0,-0.0024437794550053,0.9287143147835056,0.7608547779847887
958,1.9749999999999783,0.9330790831649504,5.0,-0.0407312403490273,0.8923478428159229,0.7632827916090144
959,1.999999999999979,0.9356901762527644,5.0,-0.0953387709468299,0.8403514053059344,0.7656222330110412
960,-1.9750000000000072,0.594946757168904,6.0,0.0101938568165631,0.6051406139854671,0.5917767373318137
961,-1.9500000000000075,0.5516141672419003,6.0,-0.0247453863447519,0.5268687808971483,0.5229355090611885
962,-1.925000000000008,0.4929692938112804,6.0,-0.0045770685273951,0.4883922252838852,0.454312157744517
963,-1.900000000000008,0.4164455622142792,6.0,-0.0155529263948107,0.4008926358194685,0.38690888726191436
964,-1.8750000000000075,0.3218512016750117,6.0,-0.0897544886090379,0.2320967130659737,0.3217338313027399
965,-1.850000000000008,0.2162920529031561,6.0,0.0426114094494723,0.2589034623526284,0.25977340182329944
966,-1.825000000000008,0.1186364054226302,6.0,0.052665388230005,0.1713017936526352,0.20196809577280958
967,-1.8000000000000078,0.0511449970212527,6.0,0.0778853786413641,0.1290303756626168,0.149192744611945
968,-1.775000000000008,0.0183424640498841,6.0,0.153333684891329,0.1716761489412131,0.10224151510165168
969,-1.750000000000008,0.006388135912882,6.0,0.0390051485397598,0.0453932844526418,0.06181735857858862
970,-1.725000000000008,0.0024322658080552,6.0,0.0178828060426794,0.0203150718507346,0.028525103029331773
971,-1.7000000000000082,0.0009917611043399,6.0,-0.0700105124247132,-0.0690187513203733,0.002866964471396998
972,-1.6750000000000085,0.0003685263581453,6.0,0.0735821872018944,0.0739507135600397,-0.014761165794809608
973,-1.6500000000000083,7.504338434230498e-05,6.0,0.073147479084066,0.0732225224684083,-0.024074870017204753
974,-1.6250000000000084,0.0,6.0,-0.0868812599659743,-0.0868812599659743,-0.024910924245723713
975,-1.6000000000000083,0.0002430834685145,6.0,-0.0205625115180747,-0.0203194280495602,-0.0172462683714111
976,-1.5750000000000086,0.0012456849440003,6.0,0.0027363755696417,0.003982060513642,-0.0012333480393483928
977,-1.5500000000000087,0.004548275746146,6.0,0.076884859744166,0.081433135490312,0.02273759341079582
978,-1.5250000000000088,0.0158957678730601,6.0,0.0090169275684112,0.0249126954414713,0.05393484950444271
979,-1.5000000000000089,0.0514821100675558,6.0,-0.0578729233790442,-0.0063908133114884,0.0911243424428267
980,-1.475000000000009,0.1245511762935729,6.0,-0.0488796636989883,0.0756715125945845,0.13234459818580335
981,-1.450000000000009,0.2066092039698762,6.0,-0.0466410799135803,0.1599681240562958,0.17464863963001864
982,-1.4250000000000091,0.2590263697326198,6.0,0.0620258004338033,0.3210521701664231,0.21394327804444602
983,-1.4000000000000092,0.2767602412805922,6.0,-0.0532320584734225,0.2235281828071696,0.24524768698155688
984,-1.375000000000009,0.2737704373444586,6.0,0.0350960155385692,0.3088664528830279,0.2639195208723063
985,-1.3500000000000094,0.2657505090068501,6.0,-0.1269607635706933,0.1387897454361568,0.2683233071437799
986,-1.3250000000000095,0.2651763768365687,6.0,-0.0291403956262768,0.2360359812102918,0.2633719895351553
987,-1.3000000000000096,0.2809541305667748,6.0,0.0739037262634046,0.3548578568301794,0.26218839967866203
988,-1.2750000000000097,0.3180788876451191,6.0,-0.0965785190783002,0.2215003685668188,0.28177198780132184
989,-1.2500000000000098,0.3721806440704326,6.0,-0.0290476065572239,0.3431330375132087,0.3317043663286316
990,-1.22500000000001,0.4279788672341861,6.0,0.0231540011599658,0.451132868394152,0.4041239248539913
991,-1.20000000000001,0.4756242165320673,6.0,-0.0055542110875095,0.4700700054445578,0.47885265497029184
992,-1.17500000000001,0.5162025110585478,6.0,0.0794543770210449,0.5956568880795927,0.5401964191885755
993,-1.15000000000001,0.5506217642600993,6.0,-0.0562902182888373,0.494331545971262,0.5841347563131885
994,-1.1250000000000102,0.5775316111056904,6.0,-0.0284847925256257,0.5490468185800647,0.6129836519828319
995,-1.1000000000000103,0.5966421025513671,6.0,0.1042888400159597,0.7009309425673268,0.6297851885922123
996,-1.0750000000000104,0.6092374099024994,6.0,0.0500500601838815,0.6592874700863809,0.6366921082626876
997,-1.0500000000000105,0.6170589663676262,6.0,-0.0065563371687512,0.610502629198875,0.6353500783531429
998,-1.0250000000000106,0.6215975393462967,6.0,0.0344591129205471,0.6560566522668438,0.6276323019368028
999,-1.0000000000000109,0.6239575350728979,6.0,0.0114255587714396,0.6353830938443374,0.6162659243651016
1000,-0.9750000000000107,0.6249298470918083,6.0,-0.0499917781455411,0.5749380689462672,0.6052462136154125
1001,-0.9500000000000108,0.6250755511879676,6.0,0.0153304020925259,0.6404059532804937,0.599751188222843
1002,-0.9250000000000108,0.6247763094196958,6.0,-0.0628612572876185,0.5619150521320772,0.6047733077965786
1003,-0.900000000000011,0.6242620296177962,6.0,0.1293688394393305,0.7536308690571267,0.6211425324243882
1004,-0.8750000000000111,0.6236371645277861,6.0,0.0032267676093109,0.626863932137097,0.6390994316573195
1005,-0.8500000000000112,0.6229249186783943,6.0,0.0185263740817421,0.6414512927601365,0.6402277748585373
1006,-0.8250000000000113,0.6221399442214088,6.0,0.0285405296774626,0.6506804738988714,0.6276898261900917
1007,-0.8000000000000114,0.6213809350142815,6.0,0.0263082978353917,0.6476892328496733,0.6214782165569595
1008,-0.7750000000000115,0.6208962252646422,6.0,-0.0788598073898703,0.5420364178747719,0.6042609750935722
1009,-0.7500000000000115,0.6210106326515836,6.0,0.0514693240952084,0.6724799567467921,0.5983431874392154
1010,-0.7250000000000116,0.6217241324931254,6.0,-0.0709626004721953,0.5507615320209301,0.6132538085888976
1011,-0.7000000000000117,0.6217886560584125,6.0,0.0615646248699743,0.6833532809283869,0.6260667960526392
1012,-0.6750000000000118,0.6173816064028897,6.0,-0.012689739023748,0.6046918673791416,0.6224476306928111
1013,-0.6500000000000119,0.6015230021649381,6.0,-0.0544193112639917,0.5471036909009463,0.5976487705177255
1014,-0.625000000000012,0.5671573416783633,6.0,0.0389758362511512,0.6061331779295146,0.5440487736781464
1015,-0.6000000000000121,0.516934162605982,6.0,-0.0900321601065581,0.4269020024994239,0.4492922455441584
1016,-0.5750000000000122,0.4734906002975706,6.0,0.0713983288382599,0.5448889291358305,0.6103597033385392
1017,-0.5500000000000123,0.4715689594032665,6.0,0.0120706908010194,0.4836396502042859,0.4375509831965985
1018,-0.5250000000000123,0.529724481838996,6.0,0.0004303681932456,0.5301548500322416,0.5349478640947982
1019,-0.5000000000000124,0.6064756680119434,6.0,0.0884268523740599,0.6949025203860034,0.6855633596505227
1020,-0.4750000000000125,0.6389522653958823,6.0,0.078013867287184,0.7169661326830663,0.7079956843572212
1021,-0.4500000000000126,0.627311655860258,6.0,0.0895285341538183,0.7168401900140764,0.6906356042262836
1022,-0.4250000000000127,0.5899294167396755,6.0,-0.0233753209168377,0.5665540958228378,0.6611881752329155
1023,-0.4000000000000128,0.5425573269296784,6.0,0.1359629239440224,0.6785202508737008,0.6176995140915629
1024,-0.3750000000000129,0.4998342625058235,6.0,0.0197896398016669,0.5196239023074904,0.5541177754975035
1025,-0.3500000000000129,0.4673903301561094,6.0,0.010834153498581,0.4782244836546905,0.4864091820863639
1026,-0.325000000000013,0.4438674703271716,6.0,0.05151227920071,0.4953797495278816,0.4941262935205398
1027,-0.3000000000000131,0.4264561636908079,6.0,0.0036720663008755,0.4301282299916834,0.4300862857973622
1028,-0.2750000000000132,0.4128306615751178,6.0,0.0528308697997461,0.465661531374864,0.46212025897262604
1029,-0.2500000000000133,0.4013453940061306,6.0,-0.0457413436397407,0.3556040503663898,0.3633601533906623
1030,-0.2250000000000134,0.3911908295961794,6.0,-0.0087951068878004,0.3823957227083789,0.3829467472130967
1031,-0.2000000000000135,0.3829059790966065,6.0,0.0801334907219262,0.4630394698185327,0.42287969554610566
1032,-0.1750000000000136,0.378437557853078,6.0,-0.0293624563482162,0.3490751015048617,0.42846469651052715
1033,-0.1500000000000136,0.3788350463189938,6.0,0.1174385792172878,0.4962736255362816,0.4048498160022918
1034,-0.1250000000000137,0.3810695476235268,6.0,-0.0861650680895666,0.2949044795339601,0.37669254286310333
1035,-0.1000000000000138,0.3796901324344461,6.0,0.022055851595692,0.4017459840301381,0.3579716451196742
1036,-0.0750000000000139,0.3735296250433499,6.0,0.0252590445448339,0.3987886695881838,0.3502878664079213
1037,-0.050000000000014,0.3697944913361058,6.0,-0.0406288277371895,0.3291656635989163,0.35078181093163535
1038,-0.0250000000000141,0.3770184121832189,6.0,0.0523388924187388,0.4293573046019577,0.35645025213406256
1039,-1.4210854715202004e-14,0.3930588092130476,6.0,-0.0945438008320365,0.2985150083810111,0.36514256644343834
1040,0.0249999999999861,0.4084284597917693,6.0,-0.0311277907156985,0.3773006690760707,0.37535980921091294
1041,0.0499999999999856,0.4171317249677942,6.0,-0.0096704702255605,0.4074612547422336,0.3858391123405722
1042,0.074999999999985,0.4179872251885269,6.0,-0.0039098534792765,0.4140773717092503,0.3951556110830775
1043,0.0999999999999854,0.4120383117055319,6.0,-0.0299502844791825,0.3820880272263494,0.4013558737916078
1044,0.1249999999999857,0.4010756465099118,6.0,-0.0331867984061554,0.3678888481037563,0.4017223645941463
1045,0.1499999999999852,0.3870360533405311,6.0,-0.0286780207489339,0.3583580325915971,0.39318551687586917
1046,0.1749999999999847,0.3717390472462282,6.0,0.0539267251510418,0.42566577239727,0.37465248562216635
1047,0.199999999999985,0.3567201803898035,6.0,0.023471069402172,0.3801912497919755,0.3520048867297562
1048,0.2249999999999854,0.3430964583644536,6.0,-0.0335824244289348,0.3095140339355188,0.3398239798130583
1049,0.2499999999999849,0.3315086268150025,6.0,0.0546001526497583,0.3861087794647608,0.34493770188282025
1050,0.2749999999999843,0.3221707033857389,6.0,-0.0265797445083328,0.295590958877406,0.33926448657792496
1051,0.2999999999999847,0.314991356660292,6.0,0.0051220831154203,0.3201134397757124,0.2903997857043444
1052,0.3249999999999851,0.3097070433334398,6.0,-0.0195220550871227,0.290184988246317,0.29727091601043304
1053,0.3499999999999845,0.3059873499719424,6.0,0.0268424208425587,0.3328297708145011,0.3309257401528539
1054,0.374999999999984,0.3035019443380009,6.0,-0.0487562062441788,0.254745738093822,0.2828078688771063
1055,0.3999999999999843,0.3019553373133043,6.0,-0.0406811697097524,0.2612741676035519,0.24267889408468452
1056,0.4249999999999847,0.3011002277620549,6.0,-0.0606927386095113,0.2404074891525435,0.22835253548415402
1057,0.4499999999999842,0.3007387131856281,6.0,-0.0385683441864453,0.2621703689991828,0.23094349970256292
1058,0.4749999999999836,0.3007176384794682,6.0,-0.0763973826286494,0.2243202558508187,0.24219043321833142
1059,0.499999999999984,0.3009217580602029,6.0,-0.0032068312701281,0.2977149267900748,0.25705078218482785
1060,0.5249999999999844,0.3012666339215086,6.0,-0.0267458133269168,0.2745208205945917,0.27261682625118383
1061,0.5499999999999838,0.3016921538280289,6.0,-0.046358444852781,0.2553337089752477,0.28718104053098636
1062,0.5749999999999833,0.3021569922126876,6.0,-0.0219774014384982,0.2801795907741894,0.29971474058720105
1063,0.5999999999999837,0.3026340567895391,6.0,-0.032182628951665,0.270451427837874,0.30961146402545076
1064,0.624999999999984,0.3031068388181465,6.0,0.0835660945859606,0.3866729334041071,0.3165757773118751
1065,0.6499999999999835,0.3035665395137971,6.0,0.0895399183589425,0.3931064578727397,0.3205862188618714
1066,0.674999999999983,0.3040098383320254,6.0,0.0089646550326358,0.3129744933646612,0.3218886630361932
1067,0.6999999999999833,0.304437179391905,6.0,-0.1334153525480194,0.1710218268438856,0.32099127479338874
1068,0.7249999999999837,0.3048514693717359,6.0,0.0665806071089344,0.3714320764806704,0.3186422193925571
1069,0.7499999999999831,0.3052570985522832,6.0,-0.0020856406450973,0.3031714579071859,0.3157803553282488
1070,0.7749999999999826,0.3056592138349268,6.0,0.0152619213128217,0.3209211351477485,0.3134581820703571
1071,0.799999999999983,0.3060631874823635,6.0,0.0752735721848551,0.3813367596672187,0.3127442898131347
1072,0.8249999999999833,0.3064742377049694,6.0,-0.0703877455157554,0.2360864921892139,0.31461785849725843
1073,0.8499999999999828,0.3068971671147078,6.0,0.0095503708337709,0.3164475379484787,0.3198696014852871
1074,0.8749999999999822,0.3073361927538633,6.0,0.0874105127197937,0.394746705473657,0.32902252595689935
1075,0.8999999999999826,0.3077948472298702,6.0,0.051504185207502,0.3592990324373722,0.34228317512664186
1076,0.924999999999983,0.3082759348245616,6.0,-0.002016908304849,0.3062590265197126,0.3595302276939497
1077,0.9499999999999824,0.3087815296516707,6.0,0.1253882567708091,0.4341697864224799,0.3803422284627328
1078,0.974999999999982,0.309313005321066,6.0,0.008772129423777,0.318085134744843,0.4040597937478961
1079,0.9999999999999822,0.3098710873855715,6.0,0.1619196786325307,0.4717907660181022,0.4298711509342734
1080,1.0249999999999826,0.3104559212892029,6.0,-0.0582521195970374,0.2522038016921654,0.4569056283704033
1081,1.049999999999982,0.3110671497404075,6.0,-0.039448369280189,0.2716187804602185,0.48431951406918905
1082,1.0749999999999815,0.3117039944877383,6.0,0.0275043857680521,0.3392083802557904,0.5113625528831067
1083,1.099999999999982,0.3123653384276517,6.0,0.0754446663751524,0.3878100048028041,0.5374194839493092
1084,1.1249999999999822,0.3130498048465561,6.0,0.0662822109673898,0.3793320158139459,0.5620270592705433
1085,1.1499999999999817,0.313755831396441,6.0,-0.0165442468976091,0.2972115844988318,0.5848711982488138
1086,1.1749999999999812,0.3144817371209183,6.0,0.0128109342918159,0.3272926714127342,0.6057707671223824
1087,1.1999999999999815,0.3152257814789247,6.0,-0.0766127455772074,0.2386130359017172,0.6246543320217653
1088,1.224999999999982,0.3159862148504377,6.0,-0.0697402008488455,0.2462460140015921,0.6415349421663668
1089,1.2499999999999811,0.3167613204496923,6.0,0.0177272993757696,0.3344886198254619,0.6564863331750517
1090,1.2749999999999808,0.3175494479178726,6.0,-0.0095212861540368,0.3080281617638357,0.6696224129507186
1091,1.2999999999999812,0.3183490391245969,6.0,0.0649395899217184,0.3832886290463153,0.6810807373696665
1092,1.3249999999999815,0.3191586468843536,6.0,-0.1314380824244297,0.1877205644599238,0.6910099351056205
1093,1.349999999999981,0.3199769474010882,6.0,0.0513060468362749,0.3712829942373631,0.6995606330612741
1094,1.3749999999999805,0.3208027473032863,6.0,-0.0341661039300347,0.2866366433732515,0.7068792670724098
1095,1.3999999999999808,0.3216349861349828,6.0,0.0528191894547484,0.3744541755897312,0.7131041449018296
1096,1.4249999999999812,0.322472735136499,6.0,0.0199055569466553,0.3423782920831544,0.7183631901898927
1097,1.4499999999999806,0.3233151930924747,6.0,0.1053039705736616,0.4286191636661363,0.7227728905056003
1098,1.47499999999998,0.3241616799525817,6.0,0.0664572312601409,0.3906189112127226,0.7264380724712575
1099,1.4999999999999805,0.3250116288494242,6.0,0.084871040853407,0.4098826697028312,0.7294522179561103
1100,1.5249999999999808,0.325864577054043,6.0,-0.0303777539143317,0.2954868231397112,0.7318981117644223
1101,1.5499999999999805,0.3267201563264871,6.0,0.0618453703450434,0.3885655266715305,0.7338486720436609
1102,1.5749999999999795,0.3275780830399917,6.0,0.0275635328680163,0.3551416159080081,0.7353678611409495
1103,1.59999999999998,0.3284381483844787,6.0,-0.0020873446461339,0.3263508037383447,0.7365116091158577
1104,1.6249999999999805,0.3293002088893916,6.0,0.1306852766704155,0.4599854855598072,0.7373287070139838
1105,1.64999999999998,0.3301641774479111,6.0,0.0335954046306835,0.3637595820785946,0.7378616445446634
1106,1.6749999999999794,0.3310300149743612,6.0,0.050987547856168,0.3820175628305292,0.7381473788553707
1107,1.6999999999999795,0.3318977227837682,6.0,0.0939942445458836,0.4258919673296519,0.7382180291433793
1108,1.72499999999998,0.332767335746685,6.0,0.0282266329576266,0.3609939687043116,0.738101497035467
1109,1.7499999999999796,0.3336389162428124,6.0,0.0095654610706088,0.3432043773134212,0.7378220158550544
1110,1.774999999999979,0.3345125489129913,6.0,-0.0520064969277323,0.282506051985259,0.737400633710247
1111,1.7999999999999794,0.3353883361901537,6.0,0.0324857934934806,0.3678741296836343,0.7368556362273901
1112,1.82499999999998,0.3362663945750539,6.0,-0.0345126935461329,0.3017537010289209,0.7362029150430089
1113,1.8499999999999792,0.3371468516115481,6.0,-0.0865981429516158,0.2505487086599323,0.735456288075536
1114,1.874999999999979,0.3380298435081643,6.0,0.0058659250160473,0.3438957685242116,0.7346277772804429
1115,1.899999999999979,0.3389155133473479,6.0,0.0770646085195209,0.4159801218668688,0.733727849151578
1116,1.92499999999998,0.3398040098205027,6.0,0.0619362410355651,0.4017402508560678,0.7327656227358864
1117,1.9499999999999789,0.3406954864254987,6.0,-0.0423325819128851,0.2983629045126135,0.7317490494220494
1118,1.9749999999999783,0.3415901010633311,6.0,0.0110097314458512,0.3525998325091823,0.7306850682725591
1119,1.999999999999979,0.3424880159717908,6.0,0.0435296540636672,0.386017670035458,0.7295797402091309
1120,-1.9750000000000072,0.8376373475828098,7.0,0.0376671544177114,0.8753045020005212,0.8385856609798709
1121,-1.9500000000000075,0.8380923759854149,7.0,-0.0642619666126686,0.7738304093727462,0.8325631464403008
1122,-1.925000000000008,0.8381841420382463,7.0,0.0116968772189266,0.849881019257173,0.826826150967246
1123,-1.900000000000008,0.837809523106679,7.0,-0.021887199217249,0.8159223238894299,0.8213691776799956
1124,-1.8750000000000075,0.8368452948015902,7.0,-0.0932654267352384,0.7435798680663518,0.8161779982454496
1125,-1.850000000000008,0.835144172249996,7.0,0.0399903039574946,0.8751344762074906,0.811226455448597
1126,-1.825000000000008,0.8325301379662556,7.0,0.0427586522494336,0.8752887902156893,0.8064722459441269
1127,-1.8000000000000078,0.8287933523042622,7.0,-0.0142103262848508,0.8145830260194113,0.8018513512749224
1128,-1.775000000000008,0.8236855165636486,7.0,-0.0701671585828652,0.7535183579807834,0.7972706699853157
1129,-1.750000000000008,0.816917603928841,7.0,-0.0892285017973715,0.7276891021314695,0.792598253972497
1130,-1.725000000000008,0.8081635494842604,7.0,-0.0352281151785624,0.772935434305698,0.7876503710848923
1131,-1.7000000000000082,0.7970756958982871,7.0,0.0219934265464995,0.8190691224447867,0.7821744272938324
1132,-1.6750000000000085,0.7833195687368274,7.0,0.020246789277156,0.8035663580139835,0.7758266574524592
1133,-1.6500000000000083,0.766634130497312,7.0,-0.0149830487110172,0.7516510817862948,0.7681436058796166
1134,-1.6250000000000084,0.7469139820635121,7.0,0.0300677936512309,0.7769817757147431,0.7585071327237038
1135,-1.6000000000000083,0.7242875359623668,7.0,-0.022260133104006,0.7020274028583608,0.7461047083793374
1136,-1.5750000000000086,0.6991353279045033,7.0,-0.0190790019853659,0.6800563259191373,0.7298913349118279
1137,-1.5500000000000087,0.6719807944374184,7.0,0.1539681364472398,0.8259489308846583,0.7085684004458043
1138,-1.5250000000000088,0.6432253683195954,7.0,0.0608381988018206,0.704063567121416,0.6806099975355817
1139,-1.5000000000000089,0.6127847400834261,7.0,0.0775933347703609,0.690378074853787,0.6443880939567314
1140,-1.475000000000009,0.5797443211647311,7.0,-0.0096990724379398,0.5700452487267912,0.5984648153439994
1141,-1.450000000000009,0.5421326805428532,7.0,-0.0852869960494446,0.4568456844934085,0.5421041639488346
1142,-1.4250000000000091,0.4968724042077299,7.0,0.0202619153204678,0.5171343195281977,0.47595791156235595
1143,-1.4000000000000092,0.4400690479458824,7.0,-0.0172471880191058,0.4228218599267766,0.4026777393802835
1144,-1.375000000000009,0.3681855995423658,7.0,-0.0765844379425743,0.2916011615997914,0.3270100205171064
1145,-1.3500000000000094,0.2811532490077246,7.0,-0.0569671979752312,0.2241860510324933,0.2550201454068914
1146,-1.3250000000000095,0.1874384455886449,7.0,0.0718222695791156,0.2592607151677605,0.19260303077112725
1147,-1.3000000000000096,0.1052085491631494,7.0,-0.0332083379713067,0.0720002111918426,0.14394699287014853
1148,-1.2750000000000097,0.0503783170536728,7.0,0.0604134905349342,0.110791807588607,0.11054348230638389
1149,-1.2500000000000098,0.0226502350568052,7.0,-0.0041417800946029,0.0185084549622023,0.09082180538110458
1150,-1.22500000000001,0.0111096244888314,7.0,0.0625606940653433,0.0736703185541747,0.08025947893189109
1151,-1.20000000000001,0.0067855321936614,7.0,0.1413047959846469,0.1480903281783083,0.07213988611738494
1152,-1.17500000000001,0.0054579635655107,7.0,0.0311154017934446,0.0365733653589553,0.05947241609632111
1153,-1.15000000000001,0.0055365561770619,7.0,-0.0073923397355827,-0.0018557835585208,0.03819390739932172
1154,-1.1250000000000102,0.0064515456802151,7.0,0.0512531317754692,0.0577046774556843,0.010460827605216994
1155,-1.1000000000000103,0.0079330207080416,7.0,0.0316364225615941,0.0395694432696357,-0.014389825259422813
1156,-1.0750000000000104,0.0097176046865983,7.0,-0.1397575580844617,-0.1300399533978634,-0.023276986537044693
1157,-1.0500000000000105,0.0115638464997292,7.0,0.0194521887272806,0.0310160352270098,-0.007003591426522535
1158,-1.0250000000000106,0.0133781183287276,7.0,-0.0343293964436447,-0.0209512781149171,0.03156064612926204
1159,-1.0000000000000109,0.0151844163933533,7.0,0.1593025309317419,0.1744869473250952,0.07550733769807626
1160,-0.9750000000000107,0.0169275242394155,7.0,0.0514009633320113,0.0683284875714268,0.10247804724254578
1161,-0.9500000000000108,0.0182687181938214,7.0,0.035656384122564,0.0539251023163854,0.09810645170149082
1162,-0.9250000000000108,0.0186093521831269,7.0,0.0789726814618282,0.0975820336449551,0.06385749600286789
1163,-0.900000000000011,0.0175481863401526,7.0,-0.1632390778433032,-0.1456908915031506,0.016153710962093323
1164,-0.8750000000000111,0.0154084888969496,7.0,-0.0003121364851743,0.0150963524117752,-0.019495927176120073
1165,-0.8500000000000112,0.0130344909506952,7.0,-0.0281111932854869,-0.0150767023347917,-0.014153153725478415
1166,-0.8250000000000113,0.0110904519955224,7.0,-0.039179701489241,-0.0280892494937186,0.0482533063452245
1167,-0.8000000000000114,0.0097869908367145,7.0,-0.0217372076778532,-0.0119502168411387,-0.022526345870534956
1168,-0.7750000000000115,0.0090535398192078,7.0,-0.1401597849271798,-0.131106245107972,-0.07123773861039455
1169,-0.7500000000000115,0.0087367872769298,7.0,0.1310000258391819,0.1397368131161117,0.03514568140583182
1170,-0.7250000000000116,0.0086902791878319,7.0,-0.056018793359508,-0.0473285141716761,0.011265335189951254
1171,-0.7000000000000117,0.0087961651386401,7.0,-0.0723211241905616,-0.0635249590519216,-0.05275560956135926
1172,-0.6750000000000118,0.0089644868864964,7.0,-0.0732826200588805,-0.0643181331723841,-0.07506568848026095
1173,-0.6500000000000119,0.0091287284583842,7.0,-0.033128732996664,-0.0240000045382798,-0.02873070830230447
1174,-0.625000000000012,0.0092419532053283,7.0,0.115796701364393,0.1250386545697213,0.12356157017248917
1175,-0.6000000000000121,0.0092736837534257,7.0,0.0423250917880248,0.0515987755414505,0.081667422915311
1176,-0.5750000000000122,0.0092072092346425,7.0,0.1099033407632766,0.1191105499979191,0.044210828620753526
1177,-0.5500000000000123,0.009037172016415,7.0,0.0134576543031738,0.0224948263195888,0.08559628657759555
1178,-0.5250000000000123,0.0087673499774727,7.0,0.0583564407466864,0.0671237907241591,0.028401951159448116
1179,-0.5000000000000124,0.0084085393627811,7.0,-0.0961658354073204,-0.0877572960445393,-0.009126689153666627
1180,-0.4750000000000125,0.0079764636201465,7.0,0.0140962985879425,0.022072762208089,-0.020749610693288813
1181,-0.4500000000000126,0.0074897069763087,7.0,-0.0353309293417207,-0.027841222365412,-0.016407379545937746
1182,-0.4250000000000127,0.0069677598221499,7.0,0.0087810170989609,0.0157487769211108,0.004870489922644724
1183,-0.4000000000000128,0.0064293185402654,7.0,0.033721261265926,0.0401505798061914,0.03513387880428689
1184,-0.3750000000000129,0.0058909794105803,7.0,0.0597504333232257,0.065641412733806,0.030222012766001623
1185,-0.3500000000000129,0.0053664099087454,7.0,-0.0847909383128519,-0.0794245284041065,-0.06601746035271601
1186,-0.325000000000013,0.0048659987125091,7.0,0.0934828282228403,0.0983488269353494,0.09025718952761963
1187,-0.3000000000000131,0.00439691063094,7.0,0.0695795488778067,0.0739764595087467,0.08044803670435793
1188,-0.2750000000000132,0.0039634265625179,7.0,0.2113107656419963,0.2152741922045142,0.1968149550718933
1189,-0.2500000000000133,0.0035674369340489,7.0,-0.0469784617305116,-0.0434110247964627,0.0030572113318616434
1190,-0.2250000000000134,0.0032089720318916,7.0,0.0273849354733883,0.0305939075052799,-0.009412221066737239
1191,-0.2000000000000135,0.0028866809646933,7.0,0.0325447770024059,0.0354314579670992,0.02021482876298981
1192,-0.1750000000000136,0.0025982011821136,7.0,0.0353325701109215,0.0379307712930351,0.035842813465278456
1193,-0.1500000000000136,0.0023403865132808,7.0,-0.0204490941369923,-0.0181087076237115,0.03510351386087044
1194,-0.1250000000000137,0.0021093838017144,7.0,0.1120916007931495,0.1142009845948639,0.02848786073385634
1195,-0.1000000000000138,0.0019005721333014,7.0,-0.0681136968657756,-0.0662131247324742,0.023380839165147382
1196,-0.0750000000000139,0.0017084146990967,7.0,-0.0351378162863853,-0.0334294015872886,0.021544811829210104
1197,-0.050000000000014,0.0015263346820313,7.0,0.0261676896844078,0.0276940243664391,0.02214681429618008
1198,-0.0250000000000141,0.0013468229387001,7.0,-0.0008394014449357,0.0005074214937643,0.023984318612684966
1199,-1.4210854715202004e-14,0.0011621040546576,7.0,0.1425552112890947,0.1437173153437523,0.026175723254799322
1200,0.0249999999999861,0.0009657539323016,7.0,0.0167711568315813,0.0177369107638829,0.028183507221485018
1201,0.0499999999999856,0.0007554933985646,7.0,0.0395883215348622,0.0403438149334268,0.02969031805582301
1202,0.074999999999985,0.0005367235727229,7.0,-0.0403646753723677,-0.0398279517996448,0.03049007129880059
1203,0.0999999999999854,0.0003251981842761,7.0,-0.0675559802620657,-0.0672307820777896,0.03041961564991674
1204,0.1249999999999857,0.0001463344236663,7.0,-0.0110010572192408,-0.0108547227955745,0.02932544835863289
1205,0.1499999999999852,2.9631349867043287e-05,7.0,0.0940297799405444,0.0940594112904115,0.02706268183346479
1206,0.1749999999999847,0.0,7.0,-0.0425840891187565,-0.0425840891187565,0.02353712133957281
1207,0.199999999999985,7.101218228746413e-05,7.0,0.085232473071633,0.0853034852539204,0.018822176054728936
1208,0.2249999999999854,0.0002450433202774,7.0,0.0790461554401846,0.079291198760462,0.013405345228512458
1209,0.2499999999999849,0.0005220244530928,7.0,-0.028374894362492,-0.0278528699093992,0.008602672352166848
1210,0.2749999999999843,0.0009136021003124,7.0,-0.0217574340581589,-0.0208438319578465,0.006955992674004709
1211,0.2999999999999847,0.0014543580098268,7.0,0.0505222217284721,0.0519765797382989,0.011632243892833526
1212,0.3249999999999851,0.0022000970171776,7.0,0.0193423027619941,0.0215423997791717,0.022711287509988035
1213,0.3499999999999845,0.0032183270809215,7.0,-0.0153220095782662,-0.0121036824973447,0.030628117306511823
1214,0.374999999999984,0.004626509260925,7.0,-0.0165848077491845,-0.0119582984882595,0.017618992516585878
1215,0.3999999999999843,0.0067785339530509,7.0,-0.0051132723065899,0.0016652616464609,-0.017770228196381455
1216,0.4249999999999847,0.0107014968659755,7.0,-0.0412453302103041,-0.0305438333443286,-0.038063021209815286
1217,0.4499999999999842,0.0190684448429129,7.0,-0.0208577678422146,-0.0017893229993017,-0.01665761372790653
1218,0.4749999999999836,0.038318152750067,7.0,-0.0365040645195963,0.0018140882304706,0.023299145118651294
1219,0.499999999999984,0.0812577050880129,7.0,-0.0118710266590364,0.0693866784289764,0.06734082936342238
1220,0.5249999999999844,0.1637868915407792,7.0,-0.0454242862748555,0.1183626052659236,0.13342474206417176
1221,0.5499999999999838,0.2889957169345542,7.0,0.0209068150766428,0.3099025320111971,0.23595239410730337
1222,0.5749999999999833,0.4362664333845038,7.0,-0.1432041600743687,0.293062273310135,0.37003453917793816
1223,0.5999999999999837,0.5770396123749302,7.0,0.0156567105883717,0.592696322963302,0.5176240704464443
1224,0.624999999999984,0.694468244261835,7.0,-0.0920682821216232,0.6023999621402117,0.6576610516512367
1225,0.6499999999999835,0.7853644968854877,7.0,-0.0808746997247902,0.7044897971606975,0.7749203064946166
1226,0.674999999999983,0.8533429307085421,7.0,0.0554012621482848,0.9087441928568268,0.8633145304212784
1227,0.6999999999999833,0.9031656316547648,7.0,0.0912996838217271,0.994465315476492,0.9238987048114414
1228,0.7249999999999837,0.9386033794354828,7.0,0.0468066343040122,0.985410013739495,0.9613310708702374
1229,0.7499999999999831,0.9625605911973136,7.0,0.0083213148064743,0.970881906003788,0.9813128586982839
1230,0.7749999999999826,0.9776894061420736,7.0,-0.0445159178806878,0.9331734882613856,0.9893333259002327
1231,0.799999999999983,0.9866270748217972,7.0,-0.0166862460445075,0.9699408287772896,0.9901963626814821
1232,0.8249999999999833,0.991709582895989,7.0,-0.0209803857769822,0.9707291971190068,0.9878608774600752
1233,0.8499999999999828,0.9946113025603012,7.0,0.0051733622073502,0.9997846647676516,0.9853698010990699
1234,0.8749999999999822,0.9963328487750192,7.0,-0.010301862588121,0.986030986186898,0.9848122379227129
1235,0.8999999999999826,0.997413428243303,7.0,0.0140809799855034,1.0114944082288064,0.9873382093775046
1236,0.924999999999983,0.9981335658750252,7.0,0.0447224719635677,1.042856037838593,0.9932546474027705
1237,0.9499999999999824,0.9986400730646812,7.0,0.0110363624907975,1.0096764355554788,1.0022054601461847
1238,0.974999999999982,0.9990118085104986,7.0,0.0219421420041872,1.0209539505146858,1.0134056128297713
1239,0.9999999999999822,0.9992926460467328,7.0,-0.0206184890633869,0.978674156983346,1.0258805110949423
1240,1.0249999999999826,0.9995079860583872,7.0,0.0491154208746261,1.0486234069330134,1.0386654264049666
1241,1.049999999999982,0.999673183422493,7.0,0.0232725408380506,1.0229457242605438,1.0509391842183855
1242,1.0749999999999815,0.9997979728317808,7.0,0.0288399892162484,1.0286379620480293,1.062089269074593
1243,1.099999999999982,0.999888873468082,7.0,-0.0023169154801911,0.9975719579878908,1.0717218573409908
1244,1.1249999999999822,0.9999505459302162,7.0,-0.0091549009319102,0.990795644998306,1.0796367624546253
1245,1.1499999999999817,0.9999865856774682,7.0,0.0568327942371972,1.0568193799146657,1.0857859471568254
1246,1.1749999999999812,0.9999999999999962,7.0,0.0231988212308334,1.0231988212308296,1.0902291011136709
1247,1.1999999999999815,0.9999935016347128,7.0,0.0329878181968112,1.032981319831524,1.0930940854675402
1248,1.224999999999982,0.9999696949364874,7.0,0.0257650280178382,1.0257347229543257,1.0945455378111817
1249,1.2499999999999811,0.99993119197733,7.0,-0.0061117064217159,0.9938194855556142,1.094762057458104
1250,1.2749999999999808,0.999880659117025,7.0,0.0102642754676502,1.0101449345846751,1.0939209112286203
1251,1.2999999999999812,0.9998207632910988,7.0,0.0001717221147835,0.9999924854058824,1.092188663217891
1252,1.3249999999999815,0.9997539779932634,7.0,0.0184830658532339,1.0182370438464974,1.0897161268046656
1253,1.349999999999981,0.9996822315089622,7.0,-0.0006565537522999,0.9990256777566622,1.0866362737991135
1254,1.3749999999999805,0.999606422779314,7.0,0.0382651591461929,1.0378715819255069,1.0830640422330424
1255,1.3999999999999808,0.9995258768485886,7.0,-0.0927760444229238,0.9067498324256648,1.0790972743539151
1256,1.4249999999999812,0.9994378859121764,7.0,-0.0828043972564114,0.9166334886557648,1.0748182556653088
1257,1.4499999999999806,0.999337630436262,7.0,-0.0670121098680524,0.9323255205682096,1.0702955079582372
1258,1.47499999999998,0.9992188995566772,7.0,-0.0192856845346779,0.9799332150219991,1.0655856203409626
1259,1.4999999999999805,0.99907581189688,7.0,-0.0179445189419776,0.9811312929549024,1.060734992565458
1260,1.5249999999999808,0.9989050630549202,7.0,0.0159779788314456,1.014883041886366,1.0557814247851631
1261,1.5499999999999805,0.9987076358698904,7.0,0.1178372327151367,1.1165448685850272,1.050755526008223
1262,1.5749999999999795,0.9984890752032416,7.0,0.0120501947512,1.0105392699544415,1.045681936719624
1263,1.59999999999998,0.9982582506668808,7.0,-0.0895073078136322,0.9087509428532484,1.0405803744168443
1264,1.6249999999999805,0.9980252909774132,7.0,-0.059566270473808,0.9384590205036052,1.0354665176543778
1265,1.64999999999998,0.9977995792198678,7.0,0.0510182719513321,1.0488178511712,1.0303527470322857
1266,1.6749999999999794,0.9975884098600266,7.0,-0.0201623145232343,0.9774260953367924,1.0252487620018682
1267,1.6999999999999795,0.9973964640537036,7.0,-0.0854972950057738,0.91189916904793,1.0201620914453307
1268,1.72499999999998,0.997225935370146,7.0,-0.1412168755574442,0.8560090598127018,1.0150985143818594
1269,1.7499999999999796,0.9970770189212996,7.0,-0.1019109315830243,0.8951660873382753,1.0100624052695593
1270,1.774999999999979,0.996948509562258,7.0,0.0114479538843061,1.008396463446564,1.005057016453755
1271,1.7999999999999794,0.9968383484063692,7.0,0.0571874939131779,1.0540258423195472,1.000084708492213
1272,1.82499999999998,0.996744046748262,7.0,0.0712604540975751,1.0680045008458372,0.9951471374344313
1273,1.8499999999999792,0.9966629767386356,7.0,0.0672128698905995,1.063875846629235,0.9902454066716089
1274,1.874999999999979,0.9965925484002692,7.0,0.0066366656651201,1.0032292140653891,0.9853801897088572
1275,1.899999999999979,0.9965303021126324,7.0,-0.0087533746686408,0.9877769274439916,0.9805518291304784
1276,1.92499999999998,0.9964739441840909,7.0,-0.0700649933598816,0.9264089508242092,0.9757604161155639
1277,1.9499999999999789,0.996421347301896,7.0,-0.0032358080042798,0.993185539297616,0.9710058540948645
1278,1.9749999999999783,0.9963705311901369,7.0,-0.0569477938384489,0.939422737351688,0.9662879095008908
1279,1.999999999999979,0.9963196332969594,7.0,0.0905810087936664,1.0869006420906258,0.961606252032952
1280,-1.9750000000000072,0.2255605337781693,8.0,-0.0618363482913812,0.163724185486788,0.2088107603029771
1281,-1.9500000000000075,0.2073345327460823,8.0,-0.0016260174672047,0.2057085152788775,0.20612894148641292
1282,-1.925000000000008,0.1958126414111245,8.0,0.1285380819140119,0.3243507233251365,0.20382226206271623
1283,-1.900000000000008,0.1889023520263836,8.0,-0.0074278863194142,0.1814744657069693,0.20190887743045355
1284,-1.8750000000000075,0.18510128942546,8.0,0.0093234808224551,0.1944247702479151,0.20040337912702566
1285,-1.850000000000008,0.1833535319752705,8.0,-0.0417113295358573,0.1416422024394131,0.1993153893633391
1286,-1.825000000000008,0.1829238456652636,8.0,0.104350859112606,0.2872747047778696,0.1986478099044394
1287,-1.8000000000000078,0.1833027067311265,8.0,0.01291827813242,0.1962209848635465,0.19839467733532373
1288,-1.775000000000008,0.1841388605186293,8.0,0.0411797874631345,0.2253186479817638,0.1985385900127511
1289,-1.750000000000008,0.1851925849308784,8.0,0.0302212533077057,0.2154138382385841,0.1990476987381577
1290,-1.725000000000008,0.1863034074655944,8.0,-0.0096202850552382,0.1766831224103561,0.1998722987662893
1291,-1.7000000000000082,0.187367550228686,8.0,0.0108677331611321,0.1982352833898182,0.2009411315620847
1292,-1.6750000000000085,0.1883218282077837,8.0,-0.0848507895811948,0.1034710386265888,0.20215760828980317
1293,-1.6500000000000083,0.189131864656768,8.0,0.0269419911693076,0.2160738558260756,0.20339631271289907
1294,-1.6250000000000084,0.1897833058072849,8.0,0.0018263540537489,0.1916096598610338,0.20450034135996947
1295,-1.6000000000000083,0.1902752575589299,8.0,0.0772712433708369,0.2675465009297668,0.2052803102057042
1296,-1.5750000000000086,0.19061547968865,8.0,-0.0713928669731264,0.1192226127155235,0.20551622017024868
1297,-1.5500000000000087,0.1908170153319498,8.0,0.0234686041528689,0.2142856194848187,0.20496384424153627
1298,-1.5250000000000088,0.1908959690958605,8.0,0.0328811617907834,0.2237771308866439,0.20336786089569173
1299,-1.5000000000000089,0.1908701397097026,8.0,-0.058153038029837,0.1327171016798655,0.20048450096165113
1300,-1.475000000000009,0.1907582125932413,8.0,0.0612466574744909,0.2520048700677322,0.1961166788787069
1301,-1.450000000000009,0.190579250368565,8.0,0.1528481403207464,0.3434273906893114,0.19016376369652357
1302,-1.4250000000000091,0.1903522862368324,8.0,-0.0977939207943069,0.0925583654425254,0.18268517412865365
1303,-1.4000000000000092,0.1900959097123314,8.0,-0.0844881095678641,0.1056078001444672,0.1739705005274275
1304,-1.375000000000009,0.1898278141281597,8.0,-0.0494826821246925,0.1403451320034671,0.16459831363008962
1305,-1.3500000000000094,0.1895643330090098,8.0,-0.0688952849893346,0.1206690480196751,0.1554535655318768
1306,-1.3250000000000095,0.1893200203891625,8.0,0.0559629102120312,0.2452829306011937,0.14766701523629058
1307,-1.3000000000000096,0.1891073309944139,8.0,0.0155157983293961,0.2046231293238101,0.14245107277817695
1308,-1.2750000000000097,0.1889364387996531,8.0,-0.0158618896005465,0.1730745491991066,0.14084206994833726
1309,-1.2500000000000098,0.1888152074634369,8.0,0.0708731337323627,0.2596883411957997,0.14340777943461153
1310,-1.22500000000001,0.1887493023885007,8.0,0.0304857119918351,0.2192350143803358,0.1500076189935489
1311,-1.20000000000001,0.188742417044825,8.0,-0.0839228993096415,0.1048195177351834,0.15967438610565438
1312,-1.17500000000001,0.1887965775663404,8.0,-0.0373194142336488,0.1514771633326915,0.17064847449892007
1313,-1.15000000000001,0.1889124887259894,8.0,-0.081125752140813,0.1077867365851763,0.18063208608233908
1314,-1.1250000000000102,0.1890898890395369,8.0,0.0557519305867895,0.2448418196263264,0.18746712454863151
1315,-1.1000000000000103,0.1893278904270589,8.0,0.0238438986473654,0.2131717890744243,0.18967271472233835
1316,-1.0750000000000104,0.1896252863824664,8.0,-0.0682584933233107,0.1213667930591556,0.1795161507657674
1317,-1.0500000000000105,0.1899808204159863,8.0,-0.0422279949600076,0.1477528254559786,0.13254473092850028
1318,-1.0250000000000106,0.1903934127695876,8.0,-0.0635581247640132,0.1268352880055743,0.1257192816517624
1319,-1.0000000000000109,0.19086234774626,8.0,0.0260099328892936,0.2168722806355536,0.23066380138352283
1320,-0.9750000000000107,0.1913874265074125,8.0,0.0484125858730902,0.2398000123805027,0.2500646093300695
1321,-0.9500000000000108,0.1919690911553359,8.0,-0.0052140250630387,0.1867550660922971,0.2056938851427991
1322,-0.9250000000000108,0.1926085256821346,8.0,0.0347435699698159,0.2273520956519505,0.17456221638535468
1323,-0.900000000000011,0.193307738271004,8.0,-0.0696146770414672,0.1236930612295367,0.1619977414887285
1324,-0.8750000000000111,0.1940696277540788,8.0,-0.0634261179466317,0.1306435098074471,0.14708764439528713
1325,-0.8500000000000112,0.1948980349532456,8.0,-0.0732827168209416,0.1216153181323039,0.13428324269820918
1326,-0.8250000000000113,0.1957977772646252,8.0,0.0287237912369598,0.224521568501585,0.31212503172447803
1327,-0.8000000000000114,0.1967746622372772,8.0,-0.1729177166332223,0.0238569456040548,-0.015982065128845275
1328,-0.7750000000000115,0.1978354730500525,8.0,0.0352285894602464,0.2330640625102989,0.2056052736729272
1329,-0.7500000000000115,0.1989879157209907,8.0,-0.113631903811337,0.0853560119096536,0.2271396950514743
1330,-0.7250000000000116,0.2002405146660184,8.0,-0.0406558729469247,0.1595846417190936,0.17413468610485794
1331,-0.7000000000000117,0.2016024400666265,8.0,0.0340453079755629,0.2356477480421894,0.16722126165054813
1332,-0.6750000000000118,0.2030832478416931,8.0,0.1396905508763948,0.342773798718088,0.17989635966494452
1333,-0.6500000000000119,0.2046925116028319,8.0,-0.0558015031926759,0.1488910084101559,0.20685115179106536
1334,-0.625000000000012,0.2064393269781251,8.0,0.0306098770480383,0.2370492040261634,0.2536119947131324
1335,-0.6000000000000121,0.2083316737506608,8.0,-0.0616736136767352,0.1466580600739256,0.13428823630742384
1336,-0.5750000000000122,0.2103756324104889,8.0,0.0696598835443271,0.280035515954816,0.16555287351919934
1337,-0.5500000000000123,0.2125744711460044,8.0,0.0646767608583794,0.2772512320043839,0.8423953517931619
1338,-0.5250000000000123,0.2149276488316553,8.0,0.1291353108051889,0.3440629596368443,0.34728259056283967
1339,-0.5000000000000124,0.2174298199130358,8.0,0.0422238142756538,0.2596536341886896,0.22326137521821665
1340,-0.4750000000000125,0.2200699769767043,8.0,-0.0526889655656683,0.1673810114110359,0.24382353306371335
1341,-0.4500000000000126,0.2228309223996654,8.0,0.0669338625149494,0.2897647849146149,0.20792602101037722
1342,-0.4250000000000127,0.2256893157744255,8.0,-0.038210570644721,0.1874787451297044,0.20488615137967614
1343,-0.4000000000000128,0.2286165924246459,8.0,-0.0044408835809621,0.2241757088436837,0.2534436087131993
1344,-0.3750000000000129,0.2315810869757526,8.0,0.0476729533229073,0.2792540402986599,0.31924353360850755
1345,-0.3500000000000129,0.2345517281966065,8.0,0.0137006169530618,0.2482523451496683,0.23623481821398304
1346,-0.325000000000013,0.2375037087931853,8.0,0.0085774297247262,0.2460811385179115,0.23860367305207517
1347,-0.3000000000000131,0.2404265911424016,8.0,-0.0319365094845617,0.2084900816578398,0.21811193522407923
1348,-0.2750000000000132,0.2433353935007372,8.0,0.0315577203627424,0.2748931138634797,0.30613794746190903
1349,-0.2500000000000133,0.2462853041380261,8.0,0.0039439758485768,0.2502292799866029,0.23659413722546918
1350,-0.2250000000000134,0.2493908064110738,8.0,0.0450353026772342,0.294426109088308,0.25261841906328925
1351,-0.2000000000000135,0.2528502898817129,8.0,-0.0111539406983622,0.2416963491833506,0.25440978026711414
1352,-0.1750000000000136,0.2569779055132637,8.0,-0.0103400380855073,0.2466378674277563,0.2797446445313584
1353,-0.1500000000000136,0.2622452664416118,8.0,0.0941246061504575,0.3563698725920693,0.3204830776071528
1354,-0.1250000000000137,0.2693344685434357,8.0,0.0079692837163821,0.2773037522598178,0.3604643852382142
1355,-0.1000000000000138,0.2791959981303585,8.0,-0.0008996383990373,0.2782963597313211,0.3935427026478373
1356,-0.0750000000000139,0.2930856134293256,8.0,-0.130484805036586,0.1626008083927395,0.41942810680238346
1357,-0.050000000000014,0.3125233803575842,8.0,0.0071624267257829,0.3196858070833672,0.4394749637361952
1358,-0.0250000000000141,0.3390845504191455,8.0,0.0448655096616039,0.3839500600807494,0.4551238500219676
1359,-1.4210854715202004e-14,0.3739259741336617,8.0,-0.0464492492547375,0.3274767248789241,0.4675256470830257
1360,0.0249999999999861,0.4170488941530873,8.0,-0.0570016048187598,0.3600472893343274,0.47752526341970447
1361,0.0499999999999856,0.466571730585856,8.0,-0.1077134063794678,0.3588583242063881,0.4857249976227296
1362,0.074999999999985,0.5185829166812855,8.0,-0.0373756385701518,0.4812072781111337,0.49254869814141106
1363,0.0999999999999854,0.568000707053563,8.0,0.0184895364568258,0.5864902435103888,0.4982896558376774
1364,0.1249999999999857,0.610119407568597,8.0,-0.0112684016477035,0.5988510059208935,0.5031417273242809
1365,0.1499999999999852,0.6418998062288779,8.0,-0.0875405355590564,0.5543592706698215,0.5072162040986976
1366,0.1749999999999847,0.6623175205953461,8.0,0.0697945914883881,0.7321121120837342,0.5105461112649915
1367,0.199999999999985,0.6718466970349192,8.0,-0.0817782069584673,0.5900684900764518,0.5130775766018075
1368,0.2249999999999854,0.6715877617723576,8.0,-0.0415390715625101,0.6300486902098474,0.5146449158557052
1369,0.2499999999999849,0.6624688652987993,8.0,-0.0824477015330643,0.580021163765735,0.5149212134521852
1370,0.2749999999999843,0.6447045116927093,8.0,0.012671140548507,0.6573756522412163,0.5133271120243837
1371,0.2999999999999847,0.6175290030048248,8.0,-0.033687399730144,0.5838416032746807,0.5088621487735191
1372,0.3249999999999851,0.5791690960808433,8.0,0.0150146511269486,0.594183747207792,0.4997845222135089
1373,0.3499999999999845,0.5270624931214555,8.0,-0.0078531015836244,0.5192093915378311,0.48298772427464737
1374,0.374999999999984,0.4584961073524249,8.0,0.0599357281799815,0.5184318355324065,0.45280124307857367
1375,0.3999999999999843,0.3721690639990628,8.0,0.0085899602133119,0.3807590242123747,0.3990027259789614
1376,0.4249999999999847,0.2713845775280483,8.0,-0.0152423164838686,0.2561422610441796,0.3057358591522952
1377,0.4499999999999842,0.1681031551296581,8.0,-0.0349628807338556,0.1331402743958024,0.1627529176286721
1378,0.4749999999999836,0.0821186396764327,8.0,-0.1085109051321633,-0.0263922654557306,0.009941742037426054
1379,0.499999999999984,0.0286800023238029,8.0,-0.0454136566342142,-0.0167336543104113,-0.05479114062898271
1380,0.5249999999999844,0.0055676604491566,8.0,0.0298726648217792,0.0354403252709358,-0.002868848759545589
1381,0.5499999999999838,0.0,8.0,-0.0481179374527167,-0.0481179374527167,0.02452583677540853
1382,0.5749999999999833,0.0046081406131396,8.0,0.1185904542573078,0.1231985948704474,0.09731397120613311
1383,0.5999999999999837,0.0230413370818398,8.0,-0.0305474365479865,-0.0075060994661467,0.07310949339333093
1384,0.624999999999984,0.0708850094317943,8.0,-0.0720575191407095,-0.0011725097089152,0.09467073805158333
1385,0.6499999999999835,0.1626788876469695,8.0,0.0311060312591031,0.1937849189060727,0.22464713933791106
1386,0.674999999999983,0.2834005814076142,8.0,0.1391658481275345,0.4225664295351487,0.4149377638491695
1387,0.6999999999999833,0.3952468442894687,8.0,0.0775488943140234,0.4727957386034922,0.5372463566434491
1388,0.7249999999999837,0.4761625943244381,8.0,0.0656564742911285,0.5418190686155666,0.5542542239342648
1389,0.7499999999999831,0.5271199157755475,8.0,0.0024378040911504,0.529557719866698,0.5263893271872674
1390,0.7749999999999826,0.5578603699647624,8.0,-0.0513422236470444,0.506518146317718,0.4999086398223458
1391,0.799999999999983,0.5775337483942233,8.0,-0.1295579120832873,0.4479758363109359,0.4918217534843597
1392,0.8249999999999833,0.5924490026728313,8.0,-0.0445341271012829,0.5479148755715484,0.5042270528377161
1393,0.8499999999999828,0.6066029438429693,8.0,0.0050698822384647,0.611672826081434,0.5322911576606052
1394,0.8749999999999822,0.6225629359001036,8.0,-0.045930683712176,0.5766322521879276,0.5686927991793916
1395,0.8999999999999826,0.6420238115903402,8.0,-0.0723394240119671,0.569684387578373,0.6067120731301026
1396,0.924999999999983,0.6659998744737132,8.0,-0.0466988275785646,0.6193010468951486,0.6417864257390656
1397,0.9499999999999824,0.6947496313063312,8.0,-0.0345221851296606,0.6602274461766705,0.6716504464770203
1398,0.974999999999982,0.7275661611035446,8.0,-0.0194870935075485,0.708079067595996,0.6957312472803718
1399,0.9999999999999822,0.7626215633396913,8.0,0.0243028776459518,0.7869244409856432,0.71442203219678
1400,1.0249999999999826,0.797075599437247,8.0,-0.0052044013017323,0.7918711981355148,0.7285308056468646
1401,1.049999999999982,0.8275349889427593,8.0,-0.0926976500705726,0.7348373388721867,0.738951822960091
1402,1.0749999999999815,0.8507133726303644,8.0,0.0350534459919782,0.8857668186223426,0.7465055510239283
1403,1.099999999999982,0.8640266971406905,8.0,-0.0424916222555413,0.8215350748851491,0.751879971262228
1404,1.1249999999999822,0.8659892164789957,8.0,-0.124131413170008,0.7418578033089877,0.755623668397636
1405,1.1499999999999817,0.8564495996900037,8.0,-0.0192636357449368,0.8371859639450668,0.758161098199332
1406,1.1749999999999812,0.8366940289502314,8.0,-0.0293152985048682,0.8073787304453631,0.7598146071838314
1407,1.1999999999999815,0.8093012603466609,8.0,0.0088993918579389,0.8182006522045999,0.7608261308700089
1408,1.224999999999982,0.777624401975855,8.0,-0.010381722318878,0.767242679656977,0.7613758796081945
1409,1.2499999999999811,0.7450130408205968,8.0,0.0652199883791264,0.8102330291997233,0.7615974031973567
1410,1.2749999999999808,0.7141248201427252,8.0,0.0250711970433148,0.73919601718604,0.7615893002465878
1411,1.2999999999999812,0.6866109287117702,8.0,-0.0653587862230325,0.6212521424887376,0.7614241275485467
1412,1.3249999999999815,0.6631859109022757,8.0,-0.0680044653257204,0.5951814455765553,0.761155094335375
1413,1.349999999999981,0.6439016649502627,8.0,0.0017214441239046,0.6456231090741673,0.7608210560299166
1414,1.3749999999999805,0.6284421953738354,8.0,-0.0389521758914944,0.5894900194823409,0.7604502253077092
1415,1.3999999999999808,0.616345052917117,8.0,-0.0296852129842649,0.5866598399328521,0.7600629254889462
1416,1.4249999999999812,0.6071339801125273,8.0,-0.0030743726332219,0.6040596074793053,0.7596736329668244
1417,1.4499999999999806,0.6003833320990314,8.0,-0.0236119775130064,0.5767713545860249,0.7592924932586571
1418,1.47499999999998,0.5957405991596925,8.0,-0.0757345257840446,0.5200060733756479,0.7589264476476484
1419,1.4999999999999805,0.5929270866291062,8.0,-0.0396736956784677,0.5532533909506385,0.7585800716015174
1420,1.5249999999999808,0.5917290011894896,8.0,-0.0481681533325792,0.5435608478569103,0.7582561995801004
1421,1.5499999999999805,0.591985408676876,8.0,-0.001810025807644,0.5901753828692319,0.7579563912391575
1422,1.5749999999999795,0.593576049301904,8.0,0.0908934947936753,0.6844695440955794,0.7576812796227151
1423,1.59999999999998,0.5964101628565377,8.0,0.0221154435272907,0.6185256063838285,0.7574308313499664
1424,1.6249999999999805,0.6004166206306302,8.0,0.0373430156267526,0.6377596362573827,0.7572045410260025
1425,1.64999999999998,0.605535326917343,8.0,0.0145469046765278,0.6200822315938709,0.7570015763852682
1426,1.6749999999999794,0.6117097773918517,8.0,0.0368191934807783,0.6485289708726301,0.7568208864607722
1427,1.6999999999999795,0.6188807038514933,8.0,0.0280798264323949,0.6469605302838883,0.756661281957422
1428,1.72499999999998,0.6269808212003446,8.0,-0.0452595679893603,0.5817212532109842,0.7565214947006621
1429,1.7499999999999796,0.6359307809491158,8.0,-0.0912427286722884,0.5446880522768274,0.7564002213176195
1430,1.774999999999979,0.6456364966949043,8.0,0.1495617682410273,0.7951982649359317,0.7562961550310698
1431,1.7999999999999794,0.6559880183833184,8.0,0.0613109152225773,0.7172989336058958,0.7562080084923736
1432,1.82499999999998,0.6668600788094926,8.0,-0.0211143410831063,0.6457457377263862,0.7561345298646382
1433,1.8499999999999792,0.6781143160367946,8.0,0.0310348666633837,0.7091491827001783,0.7560745138300893
1434,1.874999999999979,0.6896030053613356,8.0,0.0265895469802555,0.7161925523415911,0.7560268087909068
1435,1.899999999999979,0.7011739482264889,8.0,-0.1129111174189948,0.5882628308074941,0.7559903212270419
1436,1.92499999999998,0.7126760078267285,8.0,-0.0681446169192669,0.6445313909074615,0.755964017943029
1437,1.9499999999999789,0.7239646939579355,8.0,0.001742349643529,0.7257070436014645,0.7559469267601714
1438,1.9749999999999783,0.734907207665423,8.0,-0.0687158598933111,0.6661913477721119,0.7559381360768905
1439,1.999999999999979,0.7453864580900355,8.0,-0.0150720353041681,0.7303144227858672,0.755936793618255
1440,-1.9750000000000072,0.33517337480631,9.0,-0.0267999715335239,0.308373403272786,0.32786811446423353
1441,-1.9500000000000075,0.3302192829633404,9.0,-0.1194162615354835,0.2108030214278568,0.32249000331412475
1442,-1.925000000000008,0.325079592902161,9.0,-0.0664283372722236,0.2586512556299373,0.3167941929751415
1443,-1.900000000000008,0.3197347225638997,9.0,0.0255538956082385,0.3452886181721382,0.3107650192097203
1444,-1.8750000000000075,0.3141632815092728,9.0,0.0521692948837146,0.3663325763929874,0.3043870439259769
1445,-1.850000000000008,0.3083430269493048,9.0,0.0760357648637352,0.38437879181304,0.29764534799666115
1446,-1.825000000000008,0.3022520265774436,9.0,-0.0958874099869066,0.2063646165905369,0.29052589765228193
1447,-1.8000000000000078,0.2958700483630407,9.0,-0.0415930968910747,0.254276951471966,0.2830159982340073
1448,-1.775000000000008,0.2891801726469615,9.0,0.0924826116244065,0.381662784271368,0.2751048510433164
1449,-1.750000000000008,0.2821705847949638,9.0,-0.106273944798743,0.1758966399962207,0.26678423117080047
1450,-1.725000000000008,0.2748364592911326,9.0,-0.0066025031712892,0.2682339561198433,0.25804930661031655
1451,-1.7000000000000082,0.2671817944316566,9.0,-0.0327111739867145,0.2344706204449421,0.2488996218631874
1452,-1.6750000000000085,0.2592210115171378,9.0,0.0080526391576602,0.2672736506747981,0.23934027302287106
1453,-1.6500000000000083,0.2509801087224846,9.0,0.0323931879136314,0.283373296636116,0.22938330681075894
1454,-1.6250000000000084,0.2424971739827576,9.0,0.0009655852177276,0.2434627592004853,0.21904938471694752
1455,-1.6000000000000083,0.2338221251336911,9.0,0.0756725372606246,0.3094946623943158,0.20836976801021256
1456,-1.5750000000000086,0.2250156592454122,9.0,0.0590940895450613,0.2841097487904735,0.19738870472548858
1457,-1.5500000000000087,0.2161475386991259,9.0,0.0034138066336774,0.2195613453328033,0.18616634416191205
1458,-1.5250000000000088,0.2072944821112327,9.0,0.0552756579926974,0.2625701401039301,0.17478238229177157
1459,-1.5000000000000089,0.1985380145992594,9.0,-0.0210494650704896,0.1774885495287698,0.16334077740105543
1460,-1.475000000000009,0.1899626180615541,9.0,-0.1346073381312279,0.0553552799303261,0.15197611139921652
1461,-1.450000000000009,0.1816543847566982,9.0,0.0044664590695745,0.1861208438262727,0.1408625806628335
1462,-1.4250000000000091,0.1737001329376253,9.0,-0.1861396460454258,-0.0124395131078005,0.13022730346772565
1463,-1.4000000000000092,0.1661866545595474,9.0,-0.0504885310701381,0.1156981234894092,0.12037083077367874
1464,-1.375000000000009,0.1591995321754383,9.0,-0.0312028554706745,0.1279966767047638,0.11169974514133316
1465,-1.3500000000000094,0.1528208947320774,9.0,-0.090915456437053,0.0619054382950243,0.10477933809162548
1466,-1.3250000000000095,0.1471256580546062,9.0,-0.0591305799003307,0.0879950781542754,0.10041817601041508
1467,-1.3000000000000096,0.1421762186001791,9.0,-0.1229490597291511,0.0192271588710279,0.09979620922935804
1468,-1.2750000000000097,0.1380161421997177,9.0,-0.0297545647842706,0.108261577415447,0.10461840093513898
1469,-1.2500000000000098,0.1346639306174346,9.0,-0.0582594853712286,0.0764044452462059,0.11709636751447945
1470,-1.22500000000001,0.1321082486729359,9.0,0.0268910254095905,0.1589992740825264,0.1387085579133608
1471,-1.20000000000001,0.1303059042617378,9.0,0.0459486659986553,0.1762545702603931,0.16339131989805544
1472,-1.17500000000001,0.1291833779552448,9.0,0.0604601691434656,0.1896435470987104,0.15717855596846436
1473,-1.15000000000001,0.1286419370167055,9.0,-0.0751033554743073,0.0535385815423981,0.09481477054055808
1474,-1.1250000000000102,0.1285655826840816,9.0,0.001498649330741,0.1300642320148226,0.10594052246287085
1475,-1.1000000000000103,0.1288305150061943,9.0,-0.0606773090296257,0.0681532059765685,0.07748411037536077
1476,-1.0750000000000104,0.1293146072544748,9.0,0.0060280214907307,0.1353426287452055,0.1311373662757232
1477,-1.0500000000000105,0.1299055694096257,9.0,0.0469210160392572,0.1768265854488829,0.19575381904323644
1478,-1.0250000000000106,0.1305069305317318,9.0,0.1034645686317625,0.2339714991634943,0.18060695754022585
1479,-1.0000000000000109,0.1310415091122262,9.0,-0.0861257790866002,0.0449157300256259,0.1076394903913522
1480,-0.9750000000000107,0.1314525127151654,9.0,-0.0151010603614116,0.1163514523537537,0.08547251820068352
1481,-0.9500000000000108,0.1317027220200513,9.0,-0.039272677695054,0.0924300443249973,0.10381350551481029
1482,-0.9250000000000108,0.1317723508726285,9.0,0.0112935737660599,0.1430659246386884,0.13729548969070948
1483,-0.900000000000011,0.1316561658479173,9.0,-0.0240627281526444,0.1075934376952728,0.16738915664166626
1484,-0.8750000000000111,0.1313603505933395,9.0,0.0197135723137393,0.1510739229070788,0.18135547116602943
1485,-0.8500000000000112,0.130899464134794,9.0,0.0544359832239796,0.1853354473587736,0.1845681043653675
1486,-0.8250000000000113,0.1302937062255224,9.0,0.0467655935753963,0.1770592998009187,0.30713725373562206
1487,-0.8000000000000114,0.1295665878736676,9.0,0.0060640661807583,0.1356306540544259,0.13517366672346642
1488,-0.7750000000000115,0.1287430193763918,9.0,-0.0650978076514224,0.0636452117249693,0.06703966481598482
1489,-0.7500000000000115,0.1278477713758474,9.0,-0.0655072127110436,0.0623405586648037,0.07121543623607908
1490,-0.7250000000000116,0.126904232718397,9.0,0.0463631829263656,0.1732674156447626,0.10421580049768281
1491,-0.7000000000000117,0.1259333772963309,9.0,-0.0815417663078492,0.0443916109884816,0.11966402676190223
1492,-0.6750000000000118,0.1249528558257693,9.0,-3.295435295006807e-05,0.1249199014728192,0.1204325332535664
1493,-0.6500000000000119,0.1239761432539104,9.0,-0.0161603062553465,0.1078158369985638,0.11298838963060122
1494,-0.625000000000012,0.1230116937406064,9.0,0.0050749881282348,0.1280866818688412,0.1005424433131081
1495,-0.6000000000000121,0.1220620779829405,9.0,-0.0433880457094559,0.0786740322734845,0.087123759866318
1496,-0.5750000000000122,0.1211230964837163,9.0,-0.0183307622987933,0.1027923341849229,0.060573842188983075
1497,-0.5500000000000123,0.1201828714332295,9.0,0.0472277381656924,0.1674106095989219,-0.27473385070562917
1498,-0.5250000000000123,0.1192209142202166,9.0,-0.0906753271339208,0.0285455870862957,0.02890185201553233
1499,-0.5000000000000124,0.1182071425455424,9.0,-0.0449894353244264,0.073217707221116,0.07280898086841246
1500,-0.4750000000000125,0.1171007818920523,9.0,-0.0830020025665584,0.0340987793254938,0.03737614609916388
1501,-0.4500000000000126,0.1158490371142279,9.0,-0.0090224934814494,0.1068265436327784,0.11481496076003701
1502,-0.4250000000000127,0.1143853736933157,9.0,0.086812349288189,0.2011977229815047,0.1535978351058726
1503,-0.4000000000000128,0.1126272245018652,9.0,0.0244685795688064,0.1370958040706716,0.1794658152039181
1504,-0.3750000000000129,0.1104729663118133,9.0,-0.0031145873239597,0.1073583789878535,0.11854424871959486
1505,-0.3500000000000129,0.1077981367238175,9.0,-0.0357476949580209,0.0720504417657965,0.0683735698593551
1506,-0.325000000000013,0.1044511624459196,9.0,0.0355088167630556,0.1399599792089752,0.13806073494734622
1507,-0.3000000000000131,0.1002494719504731,9.0,-0.0433392992282151,0.0569101727222579,0.05659312552560278
1508,-0.2750000000000132,0.0949779793966011,9.0,-0.0056447934286372,0.0893331859679638,0.0886104688148931
1509,-0.2500000000000133,0.0883938647497182,9.0,0.0332146757003156,0.1216085404500338,0.13411014509553046
1510,-0.2250000000000134,0.080244710981582,9.0,0.094408562892182,0.174653273873764,0.13165412052810724
1511,-0.2000000000000135,0.0703115925830067,9.0,-0.0265379173182014,0.0437736752648052,0.07800168146512283
1512,-0.1750000000000136,0.0584939859276114,9.0,-0.0454864501836745,0.0130075357439368,0.032542201838369186
1513,-0.1500000000000136,0.0449565088260616,9.0,-0.045314543313548,-0.0003580344874864,0.0028326913742519155
1514,-0.1250000000000137,0.0303517674987795,9.0,0.0158593537385553,0.0462111212373348,-0.015369205624865087
1515,-0.1000000000000138,0.0161093568560825,9.0,-0.0810604248662528,-0.0649510680101703,-0.022954752745731808
1516,-0.0750000000000139,0.0047342336993332,9.0,0.0357015872197567,0.0404358209190899,-0.016754122090282354
1517,-0.050000000000014,0.0,9.0,0.0491502058410804,0.0491502058410804,0.0037147386691408183
1518,-0.0250000000000141,0.0068524590251524,9.0,-0.0722161958132455,-0.0653637367880931,0.023380216498501562
1519,-1.4210854715202004e-14,0.030662331044386,9.0,0.06551325271762,0.096175583762006,0.025794111140707038
1520,0.0249999999999861,0.0751944360319659,9.0,-0.0781839803699371,-0.0029895443379712,0.0430475791451742
1521,0.0499999999999856,0.1392458342369232,9.0,0.0004599950660863,0.1397058293030096,0.10190378612864276
1522,0.074999999999985,0.2142667227358672,9.0,0.0093965296703566,0.2236632524062238,0.17917826123260602
1523,0.0999999999999854,0.2858988525771083,9.0,-0.0779890500430355,0.2079098025340727,0.2498772215962782
1524,0.1249999999999857,0.3400163396869642,9.0,-0.0248009311495635,0.3152154085374006,0.3052429203296221
1525,0.1499999999999852,0.3721314341162638,9.0,0.0615269901891675,0.4336584243054313,0.34567914260115046
1526,0.1749999999999847,0.3899635052753534,9.0,-0.072553933746882,0.3174095715284714,0.3743471860883799
1527,0.199999999999985,0.4035952085256296,9.0,-0.0241384542095562,0.3794567543160733,0.3946497989219201
1528,0.2249999999999854,0.4177750169664417,9.0,0.0105663153817896,0.4283413323482313,0.40964834205759804
1529,0.2499999999999849,0.4327558660506193,9.0,-0.016851872582348,0.4159039934682711,0.4221038486419755
1530,0.2749999999999843,0.4473718293571307,9.0,-0.0592213802330802,0.3881504491240505,0.4346148254992731
1531,0.2999999999999847,0.4607217358666071,9.0,-0.0117296045942959,0.4489921312723111,0.44962795167342756
1532,0.3249999999999851,0.4725906191406294,9.0,0.0472516803443765,0.5198422994850059,0.4691322172150637
1533,0.3499999999999845,0.4833240678061072,9.0,0.0310367441759688,0.5143608119820761,0.49380500402882277
1534,0.374999999999984,0.4935469400921934,9.0,0.032337682422215,0.5258846225144085,0.5215397569437102
1535,0.3999999999999843,0.5038780272186743,9.0,-0.0033414817646599,0.5005365454540143,0.5461203872669294
1536,0.4249999999999847,0.5147057079093441,9.0,0.0468687598581865,0.5615744677675306,0.5582464274438821
1537,0.4499999999999842,0.5260626387316771,9.0,0.113963895992314,0.6400265347239912,0.5512600904832764
1538,0.4749999999999836,0.5375952805916763,9.0,0.0603701569361109,0.5979654375277872,0.5304327256106766
1539,0.499999999999984,0.5485752797001455,9.0,-0.1026521258697569,0.4459231538303886,0.5185057410091827
1540,0.5249999999999844,0.5579345646122221,9.0,0.0303049199078594,0.5882394845200816,0.5659501745431149
1541,0.5499999999999838,0.5645026975348757,9.0,0.0026226017084467,0.5671252992433224,0.5626974701239621
1542,0.5749999999999833,0.5680159301089943,9.0,0.0147020492400551,0.5827179793490495,0.583045933297474
1543,0.5999999999999837,0.571840635109547,9.0,-0.0111985171417666,0.5606421179677804,0.5686466317578001
1544,0.624999999999984,0.5876952091245496,9.0,-0.0149317333864894,0.5727634757380602,0.5613052390142919
1545,0.6499999999999835,0.6381374798643517,9.0,0.0348954612528043,0.6730329411171561,0.6869547791218794
1546,0.674999999999983,0.7208746917621027,9.0,0.0328415661574316,0.7537162579195343,0.7473910027948409
1547,0.6999999999999833,0.7642410043511307,9.0,0.007509046246835,0.7717500505979658,0.745720369331607
1548,0.7249999999999837,0.7534853752264371,9.0,-0.0426164922412488,0.7108688829851882,0.7389722691275274
1549,0.7499999999999831,0.7302851238166398,9.0,0.0269640386446243,0.7572491624612641,0.7440310952181931
1550,0.7749999999999826,0.7204510080511618,9.0,-0.0009646825456706,0.7194863255054912,0.7596469123557709
1551,0.799999999999983,0.7335054559060105,9.0,0.0510722641206007,0.7845777200266112,0.7823323979570602
1552,0.8249999999999833,0.7718319799967024,9.0,0.0561109608067846,0.8279429408034871,0.809604608001848
1553,0.8499999999999828,0.8314771298393672,9.0,-0.1264127975383462,0.705064332301021,0.8398370765245605
1554,0.8749999999999822,0.8986851745360068,9.0,-0.0157216977531272,0.8829634767828796,0.8718122680970648
1555,0.8999999999999826,0.9541116791797386,9.0,0.0329465815208893,0.987058260700628,0.9044937074590739
1556,0.924999999999983,0.9869871837176946,9.0,-0.1370959929368488,0.8498911907808457,0.9369729566960211
1557,0.9499999999999824,0.9999999999999968,9.0,-0.0099819142809767,0.99001808571902,0.9684894055521285
1558,0.974999999999982,0.998520317264279,9.0,-0.0548633248731441,0.9436569923911348,0.9984574597203824
1559,0.9999999999999822,0.9819555981486334,9.0,0.0805424240826854,1.062498022231319,1.02647452982671
1560,1.0249999999999826,0.9401165969049752,9.0,0.0674834676294234,1.0076000645343983,1.0523071781893536
1561,1.049999999999982,0.8559492102833404,9.0,-0.0479219256760015,0.8080272846073389,1.0758628835109387
1562,1.0749999999999815,0.7379470833069793,9.0,-0.0780629482609161,0.6598841350460632,1.0971563690583157
1563,1.099999999999982,0.6278280656426187,9.0,-0.0321569294761136,0.5956711361665051,1.1162771534421616
1564,1.1249999999999822,0.5475269624754203,9.0,0.0419795681980273,0.5895065306734477,1.1333619651170885
1565,1.1499999999999817,0.494113064370626,9.0,-0.0236504601917027,0.4704626041789232,1.148573266983486
1566,1.1749999999999812,0.458805367391863,9.0,-0.060369405553969,0.398435961837894,1.1620836727426653
1567,1.1999999999999815,0.4342495934032018,9.0,0.0147521589664295,0.4490017523696313,1.1740653430299217
1568,1.224999999999982,0.4157036713943401,9.0,-0.0670393594745002,0.3486643119198399,1.1846832539059586
1569,1.2499999999999811,0.4005186279489962,9.0,-0.1070003476012375,0.2935182803477586,1.1940912993146213
1570,1.2749999999999808,0.3873499589937598,9.0,-0.0549512043104776,0.3323987546832821,1.2024303668253755
1571,1.2999999999999812,0.3755675246807451,9.0,-0.0367965927268652,0.3387709319538798,1.2098277248434894
1572,1.3249999999999815,0.3649021927792985,9.0,-0.0547897214477138,0.3101124713315846,1.216397238307457
1573,1.349999999999981,0.3552546604100072,9.0,0.0099170690277959,0.365171729437803,1.2222400744099609
1574,1.3749999999999805,0.3465982196945829,9.0,0.0323207928580116,0.3789190125525946,1.2274456693285183
1575,1.3999999999999808,0.3389322285483511,9.0,-0.0192463869478527,0.3196858416004983,1.2320928062392449
1576,1.4249999999999812,0.3322617632465721,9.0,-0.0241992654433907,0.3080624978031814,1.236250710432551
1577,1.4499999999999806,0.3265901465968467,9.0,-0.0122881133973074,0.3143020331995392,1.2399801051996098
1578,1.47499999999998,0.321917341439617,9.0,-0.1046058267745093,0.2173115146651076,1.2433341973040457
1579,1.4999999999999805,0.3182406445193709,9.0,-0.0194833086215246,0.2987573358978463,1.246359577126894
1580,1.5249999999999808,0.3155559622212217,9.0,-0.0057246012218511,0.3098313609993705,1.2490970287882135
1581,1.5499999999999805,0.3138589096636012,9.0,0.066943254209572,0.3808021638731732,1.2515822517072184
1582,1.5749999999999795,0.3131454504697921,9.0,-0.0123044779604774,0.3008409725093146,1.253846498556332
1583,1.59999999999998,0.3134120131463357,9.0,-0.0406758202931014,0.2727361928532342,1.2559171363430977
1584,1.6249999999999805,0.314655108450808,9.0,-0.0193419136821332,0.2953131947686747,1.2578181380562037
1585,1.64999999999998,0.3168705005200178,9.0,-0.0019235155669219,0.3149469849530958,1.259570512361131
1586,1.6749999999999794,0.3200519906510728,9.0,0.030089011050813,0.3501410017018858,1.2611926785029821
1587,1.6999999999999795,0.3241898761620029,9.0,0.0353159329415752,0.3595058091035781,1.2627007930464078
1588,1.72499999999998,0.3292691571337386,9.0,0.1048756478831273,0.4341448050168659,1.26410903446619
1589,1.7499999999999796,0.3352675842983729,9.0,-0.0018111129797861,0.3334564713185867,1.2654298509652533
1590,1.774999999999979,0.3421536708096294,9.0,0.0456309638263641,0.3877846346359935,1.2666741762790756
1591,1.7999999999999794,0.3498848244318144,9.0,0.0954612308700814,0.4453460553018958,1.2678516176486592
1592,1.82499999999998,0.3584057870019288,9.0,-0.0043748430310701,0.3540309439708586,1.2689706196184694
1593,1.8499999999999792,0.3676475848277208,9.0,-0.09724712764601,0.2704004571817108,1.2700386068445797
1594,1.874999999999979,0.377527186599743,9.0,0.014494766910446,0.392021953510189,1.2710621086806702
1595,1.899999999999979,0.3879480265657268,9.0,-0.0267230300720514,0.3612249964936754,1.2720468679427013
1596,1.92499999999998,0.3988014781603427,9.0,-0.0099680332852575,0.3888334448750851,1.2729979359324166
1597,1.9499999999999789,0.4099692634737313,9.0,0.0448861310800657,0.454855394553797,1.2739197555209716
1598,1.9749999999999783,0.4213266721265123,9.0,0.068707934834382,0.4900346069608944,1.2748162338520546
1599,1.999999999999979,0.4327463604175988,9.0,0.0616997152776062,0.494446075695205,1.275690806014343
