,x1,y,rep,noise,y_noise,ymodel
0,-1.9750000000000072,0.8595925614758595,0.0,-0.0211857884425001,0.8384067730333594,0.8563155013780495
1,-1.9500000000000075,0.8638378408019511,0.0,0.0041150874308448,0.867952928232796,0.8568191956228591
2,-1.925000000000008,0.8677840147501015,0.0,-0.0030984324625768,0.8646855822875247,0.8573790128922255
3,-1.900000000000008,0.871330325051724,0.0,-0.0218369269574782,0.8494933980942458,0.8579959732672539
4,-1.8750000000000075,0.87555236464895,0.0,0.0163512394796555,0.8919036041286056,0.8586710601573058
5,-1.850000000000008,0.8801145006834297,0.0,0.0132244579138254,0.8933389585972551,0.859405216491424
6,-1.825000000000008,0.8841607801804455,0.0,-0.0111073893082993,0.8730533908721462,0.860199340778773
7,-1.8000000000000078,0.8871079970296204,0.0,0.0122976975272711,0.8994056945568916,0.8610542830416197
8,-1.775000000000008,0.8878968060450254,0.0,0.0051862133789054,0.8930830194239309,0.8619708406250727
9,-1.750000000000008,0.8858051765108813,0.0,-0.0283073732992387,0.8574978032116426,0.8629497538886418
10,-1.725000000000008,0.8833034016508271,0.0,0.031504920685908,0.9148083223367351,0.8639917017854172
11,-1.7000000000000082,0.8796732759358556,0.0,0.0110436071005221,0.8907168830363777,0.8650972973355384
12,-1.6750000000000085,0.8760431502208842,0.0,-0.0273373443790159,0.8487058058418682,0.8662670830014391
13,-1.6500000000000083,0.8724130245059134,0.0,0.0007282361736857,0.8731412606795992,0.867501525973197
14,-1.6250000000000084,0.8702223014142834,0.0,0.0002311876488649,0.8704534890631483,0.8688010133731414
15,-1.6000000000000083,0.8688248152183153,0.0,-0.0325348155901226,0.8362899996281927,0.8701658473896826
16,-1.5750000000000086,0.867427329022348,0.0,-0.0035674925836605,0.8638598364386874,0.871596240351127
17,-1.5500000000000087,0.8660298428263804,0.0,-0.0247601782360139,0.8412696645903665,0.8730923097509312
18,-1.5250000000000088,0.8648699985785715,0.0,-0.0260427207525889,0.8388272778259825,0.8746540732365683
19,-1.5000000000000089,0.8665432823458489,0.0,-0.0149331331170529,0.851610149228796,0.8762814435747165
20,-1.475000000000009,0.8682165661131264,0.0,0.0009325245673889,0.8691490906805153,0.8779742236059969
21,-1.450000000000009,0.8690178207379361,0.0,-0.003914914524568,0.865102906213368,0.8797321012028316
22,-1.4250000000000091,0.8687684999541537,0.0,-0.0137446775601764,0.8550238223939772,0.8815546442441937
23,-1.4000000000000092,0.8685191791703716,0.0,0.0060609621923284,0.8745801413627,0.8834412956210735
24,-1.375000000000009,0.8682698583865893,0.0,-0.0052954694121879,0.8629743889744014,0.8853913682862918
25,-1.3500000000000094,0.8680205376028076,0.0,0.0138708119164417,0.8818913495192494,0.887404040361906
26,-1.3250000000000095,0.8671242232021328,0.0,-0.0245918311310786,0.8425323920710541,0.8894783503167832
27,-1.3000000000000096,0.8661154257374091,0.0,-0.0131684810198549,0.8529469447175542,0.8916131922259594
28,-1.2750000000000097,0.868950108692662,0.0,-0.0329909353886635,0.8359591733039984,0.8938073111221098
29,-1.2500000000000098,0.8717847916479151,0.0,-0.0126406636897955,0.8591441279581196,0.8960592984478138
30,-1.22500000000001,0.8773760894955335,0.0,0.0036086110278741,0.8809847005234076,0.8983675876152699
31,-1.20000000000001,0.8884280409569947,0.0,0.0033537925625849,0.8917818335195796,0.9007304496776192
32,-1.17500000000001,0.8992238238116156,0.0,0.0243920947866487,0.9236159185982644,0.9031459891131421
33,-1.15000000000001,0.910633828840305,0.0,0.0106979366751757,0.9213317655154808,0.9056121397201486
34,-1.1250000000000102,0.922132753874574,0.0,-0.0127574953514566,0.9093752585231174,0.9081266606164474
35,-1.1000000000000103,0.9336351966247268,0.0,-0.0089826128015201,0.9246525838232068,0.9106871323327946
36,-1.0750000000000104,0.9433294054870772,0.0,-0.0053170777559631,0.938012327731114,0.9132909529846411
37,-1.0500000000000105,0.9510794850956982,0.0,0.012326382089979,0.9634058671856772,0.9159353345008365
38,-1.0250000000000106,0.9494138964943164,0.0,-0.0109696927670505,0.9384442037272658,0.9186172988816729
39,-1.0000000000000109,0.9468417567736792,0.0,-0.0186970388540506,0.9281447179196284,0.921333674451742
40,-0.9750000000000107,0.9462162983063775,0.0,0.0086461384754855,0.954862436781863,0.9240810920655235
41,-0.9500000000000108,0.9493326633820912,0.0,-0.0110802073044398,0.9382524560776512,0.9268559812154814
42,-0.9250000000000108,0.9583299101410774,0.0,-0.0126237940518774,0.9457061160892,0.9296545659836226
43,-0.900000000000011,0.96881598942672,0.0,0.020621669759684,0.989437659186404,0.9324728607681064
44,-0.8750000000000111,0.9766533284447994,0.0,0.0379356323441051,1.0145889607889045,0.9353066657065093
45,-0.8500000000000112,0.9734665116522084,0.0,0.0132030500421736,0.986669561694382,0.9381515617068904
46,-0.8250000000000113,0.9702796948596172,0.0,0.0014199550460839,0.9716996499057012,0.9410029049868469
47,-0.8000000000000114,0.9684608530424482,0.0,-0.0071695180892884,0.9612913349531598,0.9438558210094578
48,-0.7750000000000115,0.9687779491744474,0.0,-0.0210835400289833,0.947694409145464,0.9467051976934359
49,-0.7500000000000115,0.9690692774421305,0.0,-0.0001473503735374,0.9689219270685928,0.949545677763136
50,-0.7250000000000116,0.9668098209047766,0.0,-0.0014336746979318,0.9653761462068448,0.9523716500924382
51,-0.7000000000000117,0.9636355865382458,0.0,0.0113343797090252,0.9749699662472712,0.955177239885213
52,-0.6750000000000118,0.96203661463765,0.0,0.0119766957557513,0.9740133103934012,0.9579562975243282
53,-0.6500000000000119,0.9619482600377208,0.0,-0.0006530155593126,0.9612952444784082,0.9607023859113882
54,-0.625000000000012,0.9614876640595847,0.0,-0.0353672469408111,0.9261204171187736,0.9634087661109721
55,-0.6000000000000121,0.9601409394650448,0.0,0.0016573792811521,0.9617983187461968,0.9660683811067855
56,-0.5750000000000122,0.9620523552977172,0.0,-0.0341632314357033,0.9278891238620136,0.9686738374733882
57,-0.5500000000000123,0.9653889693989486,0.0,-0.0020058368325899,0.9633831325663588,0.9712173847670539
58,-0.5250000000000123,0.9684249106084936,0.0,-0.0052045641954529,0.9632203464130406,0.9736908924439127
59,-0.5000000000000124,0.9720524516065774,0.0,0.0121477288078255,0.9842001804144028,0.9760858241241882
60,-0.4750000000000125,0.9726970683340104,0.0,-0.0005468782231077,0.9721501901109026,0.9783932090398562
61,-0.4500000000000126,0.9772609618688624,0.0,-0.0248208566850622,0.9524401051838,0.9806036105314638
62,-0.4250000000000127,0.978537743165117,0.0,0.0081740232068131,0.98671176637193,0.9827070915008703
63,-0.4000000000000128,0.9830387244151004,0.0,0.0193560738282073,1.0023947982433077,0.9846931767834148
64,-0.3750000000000129,0.9849009117988724,0.0,0.0449645435588183,1.0298654553576907,0.9865508124794251
65,-0.3500000000000129,0.98623002861975,0.0,-0.0191717534736159,0.967058275146134,0.9882683223858192
66,-0.325000000000013,0.9836881150088214,0.0,-0.0036388881646333,0.980049226844188,0.9898333617993456
67,-0.3000000000000131,0.9792062048484702,0.0,-0.0050466862271282,0.974159518621342,0.9912328691306175
68,-0.2750000000000132,0.9758540618064778,0.0,0.0004262447810534,0.9762803065875312,0.9924530159803066
69,-0.2500000000000133,0.978167305551768,0.0,-0.0063765133573454,0.9717907921944224,0.9934791565948453
70,-0.2250000000000134,0.9790132286478922,0.0,0.0049278761121725,0.9839411047600648,0.9942957779491293
71,-0.2000000000000135,0.9811317937820884,0.0,0.0359822949301666,1.017114088712255,0.9948864521095261
72,-0.1750000000000136,0.9841601378536912,0.0,-0.03311811885232,0.9510420190013712,0.9952337930244946
73,-0.1500000000000136,0.9864524290990424,0.0,0.0042319990292751,0.9906844281283176,0.9953194204851489
74,-0.1250000000000137,0.9892772803334484,0.0,-0.0013992895034047,0.9878779908300436,0.9951239347066981
75,-0.1000000000000138,0.9920795488830748,0.0,-0.0057615968403826,0.986317952042692,0.9946269058146568
76,-0.0750000000000139,0.9948818174327014,0.0,0.0238141506128913,1.0186959680455927,0.9938068834844322
77,-0.050000000000014,0.9976840859823276,0.0,0.0037755883335713,1.001459674315899,0.9926414330803589
78,-0.0250000000000141,0.999999999999996,0.0,-0.0177701062878986,0.9822298937120972,0.9911072058617671
79,-1.4210854715202004e-14,0.9980341966888232,0.0,-0.0086347168384651,0.989399479850358,0.9891800521458992
80,0.0249999999999861,0.9957055268120684,0.0,-0.0272830698754155,0.9684224569366529,0.9868351876962358
81,0.0499999999999856,0.993376856935314,0.0,0.0257120759691331,1.019088932904447,0.9840474249681516
82,0.074999999999985,0.9905767825547082,0.0,0.0083585088809947,0.9989352914357028,0.9807914820828465
83,0.0999999999999854,0.986255960107709,0.0,0.0468329867729242,1.0330889468806332,0.97704238336116
84,0.1249999999999857,0.9819351376607098,0.0,-0.0037624841250759,0.978172653535634,0.9727759657223916
85,0.1499999999999852,0.9776143152137108,0.0,0.0035954782835047,0.9812097934972156,0.9679695049700868
86,0.1749999999999847,0.9732934927667118,0.0,0.0001375908413212,0.9734310836080332,0.9626024746147541
87,0.199999999999985,0.9689726703197128,0.0,-0.0127769975781017,0.956195672741611,0.9566574470336577
88,0.2249999999999854,0.9627349549244107,0.0,-0.0013340207844547,0.961400934139956,0.9501211420144844
89,0.2499999999999849,0.9513794419528676,0.0,0.000330283415578,0.9517097253684456,0.9429856206469024
90,0.2749999999999843,0.9397703549589148,0.0,-0.0526995419135916,0.8870708130453231,0.9352496127487473
91,0.2999999999999847,0.9269185197205932,0.0,0.0444550888962232,0.9713736086168164,0.9269199533248202
92,0.3249999999999851,0.9129389318356989,0.0,-0.0185491873607376,0.8943897444749612,0.9180130880007848
93,0.3499999999999845,0.898959343950805,0.0,0.0009426404444096,0.8999019843952147,0.9085565893925726
94,0.374999999999984,0.8850683764889816,0.0,-0.0191671792856736,0.8659011972033079,0.898590606934795
95,0.3999999999999843,0.8716892029084768,0.0,0.023738752332916,0.895427955241393,0.888169153413276
96,0.4249999999999847,0.8615836619850294,0.0,0.0359829465850862,0.8975666085701157,0.8773611146250955
97,0.4499999999999842,0.852177392688827,0.0,-0.0203194145496201,0.8318579781392069,0.8662508571330164
98,0.4749999999999836,0.8432520031688338,0.0,-0.0423058217988083,0.8009461813700254,0.8549383062705083
99,0.499999999999984,0.8353482538231997,0.0,0.034294352077398,0.8696426059005977,0.8435383756101885
100,0.5249999999999844,0.8274445044775656,0.0,0.0114624513625854,0.838906955840151,0.8321796525804536
101,0.5499999999999838,0.8195500599272784,0.0,0.0068343657761118,0.8263844257033902,0.821002283953107
102,0.5749999999999833,0.8122794949992699,0.0,0.0156792227150028,0.8279587177142727,0.8101550585855147
103,0.5999999999999837,0.8050089300712612,0.0,-0.0114064672604608,0.7936024628108003,0.7997917495745849
104,0.624999999999984,0.7977383651432527,0.0,-0.0208295436294804,0.7769088215137723,0.7900668477485997
105,0.6499999999999835,0.7904678002152444,0.0,0.0011616241643419,0.7916294243795864,0.7811308850009057
106,0.674999999999983,0.7831972352872361,0.0,-0.0235634402792618,0.7596337950079742,0.7731256002451589
107,0.6999999999999833,0.7759266703592271,0.0,0.0027841048019722,0.7787107751611995,0.7661792342884283
108,0.7249999999999837,0.7686561054312184,0.0,-0.0396917870821339,0.7289643183490845,0.7604022465566677
109,0.7499999999999831,0.7613855405032102,0.0,0.0006808779075353,0.7620664184107455,0.7558837239420151
110,0.7749999999999826,0.7541149755752019,0.0,0.0094432957104615,0.7635582712856634,0.7526887019899657
111,0.799999999999983,0.7551443480797946,0.0,0.0040521227702736,0.7591964708500683,0.7508565472045484
112,0.8249999999999833,0.7568215468240724,0.0,-0.0132071998285535,0.7436143469955189,0.7504004653879536
113,0.8499999999999828,0.7584987455683501,0.0,-0.0181148598650639,0.7403838857032861,0.7513081149218239
114,0.8749999999999822,0.7601759443126278,0.0,0.0022188554864573,0.7623947997990852,0.7535432255383869
115,0.8999999999999826,0.762639074028138,0.0,-0.0082153628627822,0.7544237111653558,0.7570480602484689
116,0.924999999999983,0.7659905360337173,0.0,0.0106820928432069,0.7766726288769242,0.7617465156192599
117,0.9499999999999824,0.7697938178544179,0.0,-0.0099002935948409,0.7598935242595769,0.7675476352796229
118,0.974999999999982,0.7764877330182514,0.0,-0.0025438806757715,0.7739438523424799,0.7743493122419183
119,0.9999999999999822,0.7834903258232108,0.0,-0.0091151110474606,0.7743752147757501,0.7820419740281247
120,1.0249999999999826,0.7856211594186774,0.0,-0.0114502267896629,0.7741709326290144,0.7905120759879093
121,1.049999999999982,0.7894451430086368,0.0,-0.011040878333162,0.7784042646754747,0.7996452674167392
122,1.0749999999999815,0.7961134575519919,0.0,0.0132674165291148,0.8093808740811067,0.8093291371723765
123,1.099999999999982,0.8027817720953473,0.0,0.023488090968451,0.8262698630637983,0.8194554862486951
124,1.1249999999999822,0.8124165846370376,0.0,-0.0065030647040926,0.805913519932945,0.8299221110516611
125,1.1499999999999817,0.8269835828568565,0.0,-0.0191136978065367,0.8078698850503198,0.8406341109392955
126,1.1749999999999812,0.8417890595504887,0.0,0.0162983006799501,0.8580873602304389,0.8515047560266236
127,1.1999999999999815,0.8552320925298641,0.0,-0.0003598388788206,0.8548722536510434,0.8624559663148769
128,1.224999999999982,0.8666466937525822,0.0,0.0227116557872009,0.8893583495397831,0.8734184615463756
129,1.2499999999999811,0.877198888907324,0.0,-0.0069932324939456,0.8702056564133783,0.8843316438953818
130,1.2749999999999808,0.8877084086004012,0.0,-0.0052445726348254,0.8824638359655758,0.8951432739546454
131,1.2999999999999812,0.8982179282934795,0.0,0.0086143215213195,0.906832249814799,0.9058089957519284
132,1.3249999999999815,0.908727447986558,0.0,-0.0292395970122071,0.8794878509743509,0.9162917598980428
133,1.349999999999981,0.9179178086183312,0.0,-0.0131716119908614,0.9047461966274696,0.9265611864048393
134,1.3749999999999805,0.9262107822022392,0.0,-0.0195774706146021,0.906633311587637,0.9365929009739793
135,1.3999999999999808,0.9351198387882316,0.0,0.0110578145687291,0.9461776533569608,0.9463678711834158
136,1.4249999999999812,0.942797931462206,0.0,-0.0182708466705775,0.9245270847916284,0.9558717623325073
137,1.4499999999999806,0.9507731586479236,0.0,0.0137502813440881,0.9645234399920116,0.9650943269338552
138,1.47499999999998,0.959001330888735,0.0,-0.0081264944760295,0.9508748364127054,0.9740288370247926
139,1.4999999999999805,0.9650845560425352,0.0,-0.0043109518377975,0.9607736042047376,0.9826715645931856
140,1.5249999999999808,0.9709233238824788,0.0,0.0127776215947038,0.9837009454771826,0.9910213123956937
141,1.5499999999999805,0.9767620917224216,0.0,0.0004987623703105,0.977260854092732,0.9990789951867771
142,1.5749999999999795,0.9826768788247638,0.0,0.0009978552064949,0.9836747340312588,1.0068472697563604
143,1.59999999999998,0.988085766936219,0.0,0.0050068367152702,0.9930926036514892,1.014330211076541
144,1.6249999999999805,0.9881865153902752,0.0,0.0123800624843113,1.0005665778745867,1.021533031174685
145,1.64999999999998,0.9878987930014124,0.0,-0.0245471355721845,0.9633516574292278,1.0284618369858864
146,1.6749999999999794,0.9868752841554228,0.0,-0.013263838937743,0.9736114452176796,1.0351234233105973
147,1.6999999999999795,0.9853395475963288,0.0,0.0015520938870874,0.9868916414834162,1.0415250970461731
148,1.72499999999998,0.9838038110372342,0.0,-0.0183969572931368,0.9654068537440974,1.0476745290204261
149,1.7499999999999796,0.9822680744781406,0.0,0.0166180573196887,0.9988861317978294,1.053579629989216
150,1.774999999999979,0.9807323379190463,0.0,0.0170470883762923,0.9977794262953388,1.059248447636842
151,1.7999999999999794,0.9791966013599522,0.0,-0.0062065212846758,0.9729900800752764,1.0646890817142414
152,1.82499999999998,0.9776608648008578,0.0,-0.0238345424166208,0.9538263223842368,1.0699096147489158
153,1.8499999999999792,0.9761251282417636,0.0,0.0187054840379671,0.9948306122797308,1.0749180560507974
154,1.874999999999979,0.974465286799491,0.0,0.0239168718599442,0.9983821586594352,1.0797222970123967
155,1.899999999999979,0.971573098789532,0.0,0.0780411433349713,1.0496142421245034,1.0843300759552028
156,1.92499999999998,0.9683849965569098,0.0,-0.0122607370957065,0.9561242594612032,1.0887489510052857
157,1.9499999999999789,0.9651968943242876,0.0,0.0068530707096695,0.9720499650339572,1.0929862796885705
158,1.9749999999999783,0.9620087920916648,0.0,0.0004594484322273,0.962468240523892,1.097049204120979
159,1.999999999999979,0.9587930511339692,0.0,-0.0111217571283308,0.9476712940056384,1.1009446408314474
160,-1.9750000000000072,0.166596106686189,1.0,0.0023140842312082,0.1689101909173972,0.039824012743045784
161,-1.9500000000000075,0.1363141473114844,1.0,0.0276918928165093,0.1640060401279937,0.04202318130144786
162,-1.925000000000008,0.1065631442208104,1.0,-0.0346694449646165,0.0718936992561938,0.044439033962825863
163,-1.900000000000008,0.0821897453578251,1.0,0.0137725315053284,0.0959622768631535,0.04707785100269118
164,-1.8750000000000075,0.0501318012627043,1.0,0.0133219552209461,0.0634537564836504,0.0499457360537182
165,-1.850000000000008,0.0207645057603452,1.0,0.0154371643809575,0.0362016701413027,0.05304856720643256
166,-1.825000000000008,0.0,1.0,-0.0146694394250327,-0.0146694394250327,0.056391943042014954
167,-1.8000000000000078,0.003347776306711,1.0,-0.0010702505405211,0.0022775257661898,0.05998112334569942
168,-1.775000000000008,0.010264576628461,1.0,0.0018900439450753,0.0121546205735363,0.06382096428263598
169,-1.750000000000008,0.0198124045027892,1.0,-0.0036215196205426,0.0161908848822465,0.06791584786349221
170,-1.725000000000008,0.0293602323771203,1.0,0.0268099296957412,0.0561701620728615,0.07226960558615285
171,-1.7000000000000082,0.0389080602514499,1.0,0.0040542263913742,0.0429622866428241,0.07688543621431423
172,-1.6750000000000085,0.0484558881257794,1.0,-0.0296836115655119,0.0187722765602674,0.08176581774547993
173,-1.6500000000000083,0.0580037160001094,1.0,0.008518828420877,0.0665225444209864,0.08691241373134367
174,-1.6250000000000084,0.067551543874437,1.0,0.0208507134209986,0.0884022572954356,0.09232597424422186
175,-1.6000000000000083,0.077099371748767,1.0,-0.0095347221543083,0.0675646495944586,0.09800623193530313
176,-1.5750000000000086,0.0866471996230965,1.0,-0.0346915055395879,0.0519556940835085,0.10395179380445778
177,-1.5500000000000087,0.0961950274974267,1.0,-0.0116702529423961,0.0845247745550305,0.11016002949745841
178,-1.5250000000000088,0.1057428553717564,1.0,0.0239107013465737,0.1296535567183301,0.116626957163863
179,-1.5000000000000089,0.1152906832460851,1.0,-0.0162420305819027,0.0990486526641823,0.12334712814598946
180,-1.475000000000009,0.1248385111204158,1.0,-0.0150277543794443,0.1098107567409714,0.13031351202358876
181,-1.450000000000009,0.134386338994746,1.0,-0.011873585246334,0.1225127537484119,0.1375173838062475
182,-1.4250000000000091,0.1439341668690742,1.0,0.0358001034931651,0.1797342703622393,0.14494821534094338
183,-1.4000000000000092,0.1534819947434043,1.0,0.0105534615465379,0.1640354562899422,0.15259357327903214
184,-1.375000000000009,0.1630298226177334,1.0,-0.0301312681241703,0.132898554493563,0.16043902621736972
185,-1.3500000000000094,0.1722802221674775,1.0,0.0367598706313243,0.2090400927988018,0.16846806388307706
186,-1.3250000000000095,0.1804996199341324,1.0,-0.0206517160344759,0.1598479038996564,0.17666203146043338
187,-1.3000000000000096,0.1887190177007899,1.0,0.0064268434472468,0.1951458611480367,0.1850000823503213
188,-1.2750000000000097,0.1969384154674457,1.0,-0.0024445983217985,0.1944938171456471,0.19345915279619547
189,-1.2500000000000098,0.2051578132341016,1.0,-0.0316348030436842,0.1735230101904173,0.20201396189393828
190,-1.22500000000001,0.2166374353415796,1.0,-0.0068497057507049,0.2097877295908746,0.21063704051534302
191,-1.20000000000001,0.2301566460441634,1.0,-0.0072783012291889,0.2228783448149744,0.21929879260615048
192,-1.17500000000001,0.2436758567467482,1.0,0.0289992779893416,0.2726751347360898,0.22796759216116674
193,-1.15000000000001,0.2574412533371771,1.0,-0.0232914792410315,0.2341497740961455,0.23660991892444277
194,-1.1250000000000102,0.2714662694640917,1.0,0.0036784712072766,0.2751447406713683,0.24519053550747
195,-1.1000000000000103,0.2854912855910052,1.0,0.0445842145271571,0.3300755001181623,0.2536727081608973
196,-1.0750000000000104,0.3009758757582634,1.0,0.0078869461138138,0.3088628218720772,0.2620184728756172
197,-1.0500000000000105,0.30500159289313,1.0,-0.0266676986046565,0.2783338942884734,0.2701889478291341
198,-1.0250000000000106,0.3073249587344142,1.0,-0.0287666788700674,0.2785582798643468,0.27814469243625206
199,-1.0000000000000109,0.3096483245756988,1.0,-0.0095358364855728,0.300112488090126,0.2858461124128886
200,-0.9750000000000107,0.3119716904169831,1.0,-0.0126793361820794,0.2992923542349036,0.2932539093218154
201,-0.9500000000000108,0.3130574019168323,1.0,0.0109021623156177,0.32395956423245,0.3003295720419802
202,-0.9250000000000108,0.3185942657948016,1.0,0.0077828850637508,0.3263771508585524,0.3070359064904234
203,-0.900000000000011,0.3223214059590183,1.0,-0.0035026299839446,0.3188187759750737,0.3133375987288669
204,-0.8750000000000111,0.3259538400862981,1.0,0.0205637754731723,0.3465176155594704,0.3192018053073609
205,-0.8500000000000112,0.3263942471489829,1.0,0.0129915496475401,0.3393857967965231,0.3245987633393673
206,-0.8250000000000113,0.327992748836547,1.0,-0.0155877552297357,0.3124049936068113,0.32950241137634007
207,-0.8000000000000114,0.3295912505241116,1.0,0.0024218126320246,0.3320130631561362,0.3338910106747222
208,-0.7750000000000115,0.3311897522116755,1.0,0.0078700809590123,0.3390598331706879,0.3377477549575555
209,-0.7500000000000115,0.3327882538992405,1.0,0.0115789268371783,0.3443671807364188,0.34106135531748305
210,-0.7250000000000116,0.332219758671775,1.0,-0.0263852544655774,0.3058345042061975,0.34382658555945683
211,-0.7000000000000117,0.3312034958041767,1.0,0.001560017483133,0.3327635132873098,0.34604477213355234
212,-0.6750000000000118,0.3309033572646788,1.0,-0.0149553165479238,0.3159480407167549,0.34772421197434755
213,-0.6500000000000119,0.334846382008839,1.0,-0.0149671050110235,0.3198792769978155,0.3488805011712132
214,-0.625000000000012,0.3460782347858069,1.0,-0.0095506368214109,0.3365275979643959,0.34953675757550784
215,-0.6000000000000121,0.3573778666261308,1.0,-0.0117821651211882,0.3455957015049425,0.34972372132791263
216,-0.5750000000000122,0.3605805540274557,1.0,0.0353038301758719,0.3958843842033276,0.3494797189560829
217,-0.5500000000000123,0.3615099532445132,1.0,0.0045923484823331,0.3661023017268464,0.3488504791965292
218,-0.5250000000000123,0.3438333045644053,1.0,0.0188680544879124,0.3627013590523178,0.3478887920180548
219,-0.5000000000000124,0.336406585930861,1.0,-0.0064041745368108,0.3300024113940501,0.34665400637239063
220,-0.4750000000000125,0.3327578798256013,1.0,0.0395852558179335,0.3723431356435348,0.3452113667947893
221,-0.4500000000000126,0.329127444894812,1.0,-0.0265410390521582,0.3025864058426538,0.3436311938716175
222,-0.4250000000000127,0.3255315532409583,1.0,0.0516915747678171,0.3772231280087755,0.3419879184766483
223,-0.4000000000000128,0.3239439189141854,1.0,-0.0106237370918416,0.3133201818223438,0.3403589842209274
224,-0.3750000000000129,0.3381382307274382,1.0,0.0435123531397208,0.381650583867159,0.3388236364469581
225,-0.3500000000000129,0.3507105429965006,1.0,0.0214469688889507,0.3721575118854514,0.3374616190688981
226,-0.325000000000013,0.3531125912742764,1.0,0.0117263635278577,0.3648389548021342,0.336351802458399
227,-0.3000000000000131,0.3592062648398796,1.0,-0.0067664013251293,0.3524398635147502,0.3355707663706374
228,-0.2750000000000132,0.3543690391752285,1.0,0.0077498346344073,0.3621188738096358,0.3351913617099991
229,-0.2500000000000133,0.3492405703972042,1.0,-0.0039849436183894,0.3452556267788147,0.33528127399903024
230,-0.2250000000000134,0.3427966324618342,1.0,0.0137719332979509,0.3565685657597852,0.3359016100987306
231,-0.2000000000000135,0.3369129478681139,1.0,-0.0157386587917324,0.3211742890763814,0.33710552846260233
232,-0.1750000000000136,0.3356173493397383,1.0,-0.0058193165445814,0.3297980327951568,0.33893693243499357
233,-0.1500000000000136,0.3394672410999063,1.0,0.0028562345547354,0.3423234756546418,0.3414292462244749
234,-0.1250000000000137,0.3433171328600748,1.0,-0.0307540305174169,0.3125631023426578,0.3446042944884356
235,-0.1000000000000138,0.3470234477918152,1.0,-0.049555561874921,0.2974678859168942,0.34847130909152096
236,-0.0750000000000139,0.3504663608574753,1.0,-0.0025176530727005,0.3479487077847747,0.35302609048504996
237,-0.050000000000014,0.353909273923136,1.0,0.0204058948402567,0.3743151687633926,0.35825035600844596
238,-0.0250000000000141,0.3579297208730801,1.0,-0.0082578725298311,0.349671848343249,0.3641113127135124
239,-1.4210854715202004e-14,0.362550209393884,1.0,-0.0609678928517377,0.3015823165421462,0.3705614973101524
240,0.0249999999999861,0.3781391288735504,1.0,0.0156531185783763,0.3937922474519267,0.3775389295894622
241,0.0499999999999856,0.3937280483532173,1.0,-0.0281368600944863,0.3655911882587309,0.38496762712744376
242,0.074999999999985,0.4005916233020309,1.0,-0.0101340343052724,0.3904575889967584,0.3927585270962149
243,0.0999999999999854,0.3970855833498149,1.0,0.0006573353507779,0.3977429187005928,0.4008108545657021
244,0.1249999999999857,0.3934667274259835,1.0,0.0189071834828881,0.4123739109088716,0.4090139649288766
245,0.1499999999999852,0.4064087925309567,1.0,0.0071910068288073,0.413599799359764,0.4172496705417817
246,0.1749999999999847,0.4202962462258844,1.0,-0.0148899384773195,0.4054063077485649,0.4253950383467591
247,0.199999999999985,0.4341673792135911,1.0,-0.001623451365157,0.432543927848434,0.43332561677110576
248,0.2249999999999854,0.4457225048374642,1.0,0.0260496418334524,0.4717721466709166,0.44091901788689414
249,0.2499999999999849,0.4574335616863358,1.0,0.0439304861204995,0.5013640478068354,0.4480587467148023
250,0.2749999999999843,0.479431533816214,1.0,-0.0035164574720632,0.4759150763441507,0.45463813634254174
251,0.2999999999999847,0.4932932955915686,1.0,0.0028473729370757,0.4961406685286443,0.4605642184063515
252,0.3249999999999851,0.4942886003081885,1.0,0.0189477417076041,0.5132363420157926,0.46576133693864624
253,0.3499999999999845,0.4952839050248093,1.0,0.0091385414397113,0.5044224464645206,0.4701743030794349
254,0.374999999999984,0.4949265924578684,1.0,-0.0375459664687236,0.4573806259891447,0.4737708917340153
255,0.3999999999999843,0.4942092486551032,1.0,-0.028835372007524,0.4653738766475791,0.4765435011152373
256,0.4249999999999847,0.4934919048523382,1.0,0.0075363424722223,0.5010282473245605,0.47850983306134487
257,0.4499999999999842,0.4872642748784002,1.0,0.0006787309245196,0.4879430058029199,0.4797125050920544
258,0.4749999999999836,0.4799200200810075,1.0,-0.0209339591797854,0.458986060901222,0.4802175712707291
259,0.499999999999984,0.4725757652836143,1.0,-0.0190149815655855,0.4535607837180287,0.48011200285272326
260,0.5249999999999844,0.4652315104862232,1.0,0.0140819476829431,0.4793134581691663,0.4795002544055225
261,0.5499999999999838,0.464194520888157,1.0,-0.0190446889920524,0.4451498318961046,0.47850010857023645
262,0.5749999999999833,0.4633602831846545,1.0,0.0120467420207056,0.4754070252053601,0.4772380450330623
263,0.5999999999999837,0.4566540877889862,1.0,-0.0086790815526704,0.4479750062363157,0.47584441019602086
264,0.624999999999984,0.4564298548291325,1.0,-0.0288967474655251,0.4275331073636073,0.47444866974308875
265,0.6499999999999835,0.462150377909486,1.0,0.037855047953096,0.500005425862582,0.47317500646237404
266,0.674999999999983,0.4656606556693364,1.0,0.0066190496449064,0.4722797053142428,0.4721384834775967
267,0.6999999999999833,0.4691219039654002,1.0,-0.0067206686075346,0.4624012353578655,0.47144193452471456
268,0.7249999999999837,0.4725831522614634,1.0,0.0251946831774571,0.4977778354389205,0.47117367588128
269,0.7499999999999831,0.4760444005575273,1.0,0.0121941339241143,0.4882385344816415,0.4714060671471405
270,0.7749999999999826,0.4795056488535897,1.0,0.0024653695017671,0.4819710183553568,0.47219488743069943
271,0.799999999999983,0.4837738573524517,1.0,-0.0031435092969167,0.4806303480555349,0.47357944482405073
272,0.8249999999999833,0.4881830283979283,1.0,0.0252119477978072,0.5133949761957355,0.47558330318291564
273,0.8499999999999828,0.4925921994434034,1.0,-0.0187819140387169,0.4738102854046864,0.4782154916718357
274,0.8749999999999822,0.4970013704888802,1.0,-0.0124374684870709,0.4845639020018092,0.48147205791285763
275,0.8999999999999826,0.4969790868696268,1.0,-0.001446020249387,0.4955330666202397,0.4853378322572293
276,0.924999999999983,0.4953232175866749,1.0,0.0005567355968005,0.4958799531834754,0.48978828546680275
277,0.9499999999999824,0.493284815323079,1.0,-0.0209061925795124,0.4723786227435665,0.49479138170572023
278,0.974999999999982,0.4900031299846027,1.0,-0.0076027139629692,0.4824004160216334,0.5003093503439235
279,0.9999999999999822,0.4867214446461252,1.0,0.0056618935798043,0.4923833382259295,0.5063003214055096
280,1.0249999999999826,0.4917524685829775,1.0,-0.0020686178909128,0.4896838506920647,0.512719788974512
281,1.049999999999982,0.498695877671493,1.0,-0.0169396792407744,0.4817561984307185,0.5195218835504508
282,1.0749999999999815,0.5056392867600079,1.0,0.010930520663454,0.516569807423462,0.5266604478078631
283,1.099999999999982,0.512582695848524,1.0,0.006734853700191,0.5193175495487151,0.5340899204389544
284,1.1249999999999822,0.5195261049370398,1.0,-0.0200353339122826,0.4994907710247571,0.5417660399955442
285,1.1499999999999817,0.5240052587981864,1.0,-0.0289796090979815,0.4950256497002048,0.5496463853000081
286,1.1749999999999812,0.5277716188473062,1.0,0.0152793894144486,0.5430510082617549,0.5576907715356405
287,1.1999999999999815,0.5274712891631933,1.0,-0.0248153654635626,0.5026559236996306,0.5658615220288501
288,1.224999999999982,0.5257953667763772,1.0,0.0188551217028502,0.5446504884792274,0.5741236354355111
289,1.2499999999999811,0.5309611878955832,1.0,-0.0031796727584274,0.5277815151371558,0.5824448669191713
290,1.2749999999999808,0.5361718355000891,1.0,0.0259670296107775,0.5621388651108666,0.590795740268895
291,1.2999999999999812,0.5401643425432773,1.0,0.0115956980741431,0.5517600406174205,0.5991495059911999
292,1.3249999999999815,0.5435356760283343,1.0,0.0041244307667848,0.5476601067951191,0.607482058403878
293,1.349999999999981,0.5469070095133907,1.0,0.0021411317175339,0.5490481412309246,0.6157718227867245
294,1.3749999999999805,0.5463371769586494,1.0,-0.0252781759197653,0.521059001038884,0.6239996217893984
295,1.3999999999999808,0.5455955935727625,1.0,0.0291595281604391,0.5747551217332016,0.6321485286099782
296,1.4249999999999812,0.5453928264032798,1.0,-0.0167190839764428,0.528673742426837,0.6402037129643285
297,1.4499999999999806,0.5447798211188595,1.0,0.0055755893701486,0.5503554104890082,0.6481522845728305
298,1.47499999999998,0.5431901635357117,1.0,0.0049525992593788,0.5481427627950906,0.6559831377919294
299,1.4999999999999805,0.5410421445364255,1.0,-0.0068600577246652,0.5341820868117603,0.6636868001000268
300,1.5249999999999808,0.5388941255371388,1.0,0.0121802003909766,0.5510743259281154,0.6712552863927937
301,1.5499999999999805,0.5367461065378525,1.0,-0.0318257057662922,0.5049204007715602,0.6786819604325041
302,1.5749999999999795,0.5350436491630579,1.0,-0.0126961967823064,0.5223474523807514,0.6859614043096026
303,1.59999999999998,0.5326862403355106,1.0,0.0330913130652464,0.5657775534007571,0.693089296393583
304,1.6249999999999805,0.5303288315079621,1.0,0.0092876946680058,0.5396165261759679,0.7000622979568355
305,1.64999999999998,0.5279714226804143,1.0,0.0084296709642391,0.5364010936446535,0.706877948434015
306,1.6749999999999794,0.5256140138528662,1.0,0.0299212975545209,0.5555353114073871,0.713534569116984
307,1.6999999999999795,0.5232566050253187,1.0,0.0205487908278846,0.5438053958532033,0.7200311749699344
308,1.72499999999998,0.5208637618710462,1.0,-0.0013210234007541,0.5195427384702921,0.7263673941710774
309,1.7499999999999796,0.5161106963834093,1.0,0.0022765332490413,0.5183872296324508,0.7325433949381236
310,1.774999999999979,0.504402652901697,1.0,-0.0122502451321401,0.4921524077695567,0.7385598191679998
311,1.7999999999999794,0.4847200651370298,1.0,-0.0069399330294015,0.4777801321076283,0.7444177224113085
312,1.82499999999998,0.4593005948832263,1.0,0.0429507094696955,0.5022513043529218,0.7501185197047832
313,1.8499999999999792,0.4271366338848639,1.0,-0.030164036646052,0.3969725972388118,0.7556639367966367
314,1.874999999999979,0.3955381537892524,1.0,0.0307553495945804,0.4262935033838329,0.7610559663177878
315,1.899999999999979,0.3649036509569149,1.0,0.0050653033312425,0.3699689542881574,0.7662968284742131
316,1.92499999999998,0.3454402370163659,1.0,-0.0014401273101226,0.3440001097062433,0.7713889358604459
317,1.9499999999999789,0.3315852766708388,1.0,-0.013246141277926,0.3183391353929127,0.7763348620204534
318,1.9749999999999783,0.3177630332694535,1.0,-0.0002837444983144,0.317479288771139,0.7811373134086295
319,1.999999999999979,0.3044311502332801,1.0,0.0045300255459112,0.3089611757791913,0.7857991044299562
320,-1.9750000000000072,0.8221314248563546,2.0,-0.025767405961264,0.7963640188950906,0.8137479811213112
321,-1.9500000000000075,0.8225025298219159,2.0,-0.0173929812481065,0.8051095485738093,0.8105606136646889
322,-1.925000000000008,0.8228736347874774,2.0,0.0173269730070224,0.8402006077944999,0.8100475251031815
323,-1.900000000000008,0.8232447397530391,2.0,0.0073862841502505,0.8306310239032897,0.8116378704846763
324,-1.8750000000000075,0.8236158447186003,2.0,-0.0370410927349276,0.7865747519836727,0.8147120972228548
325,-1.850000000000008,0.8239869496841619,2.0,0.0021827449148738,0.8261696945990357,0.8186487332195191
326,-1.825000000000008,0.8243580546497231,2.0,0.0106405969985756,0.8349986516482988,0.8228717613740906
327,-1.8000000000000078,0.8247291596152849,2.0,-0.0204496552455716,0.8042795043697132,0.8268918305891663
328,-1.775000000000008,0.825100264580846,2.0,-0.0274084802308132,0.7976917843500326,0.8303356017278037
329,-1.750000000000008,0.8254713695464073,2.0,0.036509345262937,0.8619807148093444,0.8329598698189107
330,-1.725000000000008,0.825842474511969,2.0,-0.0061919427989365,0.8196505317130325,0.8346500544225293
331,-1.7000000000000082,0.8262135794775303,2.0,0.0330520834823557,0.859265662959886,0.8354053778570747
332,-1.6750000000000085,0.8265846844430919,2.0,0.0343042595330662,0.8608889439761581,0.8353148979758966
333,-1.6500000000000083,0.8269557894086532,2.0,0.0031083681641425,0.8300641575727957,0.8345292406376449
334,-1.6250000000000084,0.8273268943742147,2.0,-0.0037194508113843,0.8236074435628303,0.8332324847967094
335,-1.6000000000000083,0.827697999339776,2.0,0.0116738421858271,0.8393718415256032,0.8316175457358912
336,-1.5750000000000086,0.8280691043053375,2.0,-0.0021013608324966,0.8259677434728409,0.8298670133266344
337,-1.5500000000000087,0.8284402092708989,2.0,-0.0089520357416396,0.8194881735292592,0.8281400978253146
338,-1.5250000000000088,0.8288113142364602,2.0,0.020757572374912,0.8495688866113722,0.8265653384885304
339,-1.5000000000000089,0.8291824192020216,2.0,-0.0168157977011516,0.81236662150087,0.8252381163027516
340,-1.475000000000009,0.8295535241675829,2.0,0.0238151920518833,0.8533687162194662,0.8242217493718825
341,-1.450000000000009,0.8299246291331447,2.0,-0.0296626486956288,0.8002619804375158,0.8235509493504619
342,-1.4250000000000091,0.8302957340987058,2.0,-0.0399049446050078,0.790390789493698,0.8232365779308193
343,-1.4000000000000092,0.8306668390642672,2.0,0.018572791668356,0.8492396307326233,0.8232708758442056
344,-1.375000000000009,0.8310379440298288,2.0,-0.0095815694414085,0.8214563745884201,0.8236325803439295
345,-1.3500000000000094,0.8314090489953899,2.0,0.0262372550786919,0.8576463040740818,0.8242915635136321
346,-1.3250000000000095,0.8317801539609516,2.0,0.0115335107074716,0.8433136646684233,0.8252127962568916
347,-1.3000000000000096,0.8321512589265129,2.0,-0.0173107612697886,0.8148404976567243,0.8263595685283625
348,-1.2750000000000097,0.8325300572416592,2.0,0.0116932786003192,0.8442233358419785,0.8276959801106333
349,-1.2500000000000098,0.8329303921700849,2.0,0.0119231776071387,0.8448535697772237,0.8291887662499103
350,-1.22500000000001,0.8333307270985104,2.0,-0.0220328010534609,0.8112979260450495,0.8308085475364317
351,-1.20000000000001,0.8337310620269358,2.0,0.0258952800699687,0.8596263420969046,0.8325306014192823
352,-1.17500000000001,0.8341063275642702,2.0,-0.0065765277326116,0.8275297998316585,0.8343352500006063
353,-1.15000000000001,0.8344724194397974,2.0,0.0257401203664199,0.8602125398062174,0.8362079499516735
354,-1.1250000000000102,0.8348385113153248,2.0,-0.0029964381187416,0.8318420731965832,0.8381391587818873
355,-1.1000000000000103,0.835204603190852,2.0,0.0042365807276783,0.8394411839185303,0.84012403936989
356,-1.0750000000000104,0.8355706950663793,2.0,-0.0017210750089188,0.8338496200574604,0.8421620528793479
357,-1.0500000000000105,0.8359367869419065,2.0,0.007337467905221,0.8432742548471276,0.8442564795837412
358,-1.0250000000000106,0.8363028788174338,2.0,0.0112279418221282,0.8475308206395621,0.8464138979808504
359,-1.0000000000000109,0.8372741892723778,2.0,0.0204096208535339,0.8576838101259118,0.8486436449183724
360,-0.9750000000000107,0.8399166077869437,2.0,-0.0044460732750136,0.83547053451193,0.8509572731774975
361,-0.9500000000000108,0.8421674678634793,2.0,-0.0031073266478682,0.839060141215611,0.8533680179095577
362,-0.9250000000000108,0.8444183279400153,2.0,-0.025844541164532,0.8185737867754832,0.8558902793128028
363,-0.900000000000011,0.84758055807248,2.0,-0.011903762871705,0.835676795200775,0.8585391257982368
364,-0.8750000000000111,0.8522216434704644,2.0,0.0449017448967107,0.8971233883671751,0.8613298194708084
365,-0.8500000000000112,0.8568627288684487,2.0,-0.0054572785425832,0.8514054503258656,0.8642773639140222
366,-0.8250000000000113,0.861503814266433,2.0,-0.0274324169503258,0.8340713973161071,0.8673960729056484
367,-0.8000000000000114,0.8661448996644178,2.0,0.0275374602032512,0.893682359867669,0.8706991577264612
368,-0.7750000000000115,0.8707859850624019,2.0,0.0177215992469248,0.8885075843093267,0.8741983300900453
369,-0.7500000000000115,0.8754270704603861,2.0,0.0339891853842024,0.9094162558445886,0.8779034173761223
370,-0.7250000000000116,0.8800681558583705,2.0,0.0030499173442522,0.8831180732026227,0.8818219867657631
371,-0.7000000000000117,0.884709241256355,2.0,-0.0149515739300661,0.8697576673262889,0.8859589750438427
372,-0.6750000000000118,0.8893503266543394,2.0,0.0181628413599128,0.9075131680142524,0.8903163212582444
373,-0.6500000000000119,0.8939914120523238,2.0,0.0214253455157525,0.9154167575680764,0.8948926001306434
374,-0.625000000000012,0.898632497450308,2.0,-0.0022151366644687,0.8964173607858393,0.8996826551449989
375,-0.6000000000000121,0.9032735828482928,2.0,-0.0048041223019061,0.8984694605463868,0.9046772316676767
376,-0.5750000000000122,0.9079146682462768,2.0,0.0150130036453693,0.922927671891646,0.9098626123799217
377,-0.5500000000000123,0.9125557536442612,2.0,0.0242856801619165,0.9368414338061778,0.9152202598731939
378,-0.5250000000000123,0.9171968390422458,2.0,-0.0051426488747539,0.9120541901674918,0.9207264746660885
379,-0.5000000000000124,0.92183792444023,2.0,-0.0136645622377367,0.9081733622024932,0.9263520814075543
380,-0.4750000000000125,0.926658892770102,2.0,-0.0011977533740733,0.9254611393960288,0.93206216196698
381,-0.4500000000000126,0.9320626070950924,2.0,0.0160469928912381,0.9481095999863304,0.9378158618845059
382,-0.4250000000000127,0.937466321420083,2.0,-0.0233079001017788,0.9141584213183042,0.9435663067274879
383,-0.4000000000000128,0.9428700357450732,2.0,-0.0052818703952822,0.9375881653497912,0.9492606777328868
384,-0.3750000000000129,0.9482737500700636,2.0,-0.0171959444275485,0.9310778056425152,0.9548405120386505
385,-0.3500000000000129,0.953677464395054,2.0,0.0208065208934655,0.9744839852885196,0.9602423117623997
386,-0.325000000000013,0.9590811787200444,2.0,0.0022461329927793,0.9613273117128236,0.9653985672886412
387,-0.3000000000000131,0.9644848930450348,2.0,0.0350519823381035,0.9995368753831384,0.9702393209630542
388,-0.2750000000000132,0.969888607370025,2.0,0.0387505341428004,1.0086391415128255,0.9746944130060198
389,-0.2500000000000133,0.975292321695016,2.0,-0.0329818544837645,0.9423104672112514,0.9786965530525271
390,-0.2250000000000134,0.9804563844024806,2.0,-0.0215678827387979,0.9588885016636828,0.9821853343553875
391,-0.2000000000000135,0.9854166320715466,2.0,-0.0085151060390616,0.976901526032485,0.9851122335798452
392,-0.1750000000000136,0.9903794760138128,2.0,-0.0045295755763682,0.9858499004374446,0.9874464929376179
393,-0.1500000000000136,0.9949700463458624,2.0,-0.0024236633222141,0.9925463830236482,0.9891815395217527
394,-0.1250000000000137,0.9982099075756612,2.0,0.0106568710879215,1.0088667786635828,0.9903412478833902
395,-0.1000000000000138,0.999148616641357,2.0,-0.0427510039444914,0.9563976126968656,0.9909849170265977
396,-0.0750000000000139,0.9994251080824808,2.0,-0.0093340878021887,0.990091020280292,0.9912093906135281
397,-0.050000000000014,0.9997015995236048,2.0,0.0074157857431662,1.007117385266771,0.99114645684928
398,-0.0250000000000141,0.9999780909647284,2.0,0.00020595719347,1.0001840481581985,0.990953755787665
399,-1.4210854715202004e-14,1.0,2.0,0.0199141954030276,1.0199141954030275,0.990798151487235
400,0.0249999999999861,0.997996822052476,2.0,0.0114701867573294,1.0094670088098054,0.9908320476164206
401,0.0499999999999856,0.9960201107074448,2.0,-0.0089964962484755,0.9870236144589692,0.9911653204160663
402,0.074999999999985,0.9918362729055572,2.0,-0.0087874490361612,0.983048823869396,0.9918378961296324
403,0.0999999999999854,0.986945999425101,2.0,-0.0042400254366796,0.9827059739884212,0.9927996369746873
404,0.1249999999999857,0.9822388982917712,2.0,-0.0026181240632732,0.979620774228498,0.9939041842785081
405,0.1499999999999852,0.9804326488370892,2.0,0.0089926199819053,0.9894252688189946,0.9949212159391809
406,0.1749999999999847,0.9787447814235408,2.0,0.0111867601123823,0.9899315415359232,0.9955674848215608
407,0.199999999999985,0.9779749190933008,2.0,-0.0018320444957418,0.9761428745975588,0.9955521022364597
408,0.2249999999999854,0.9781796458819876,2.0,0.0188136510339801,0.9969932969159676,0.9946272997089434
409,0.2499999999999849,0.9784357176345708,2.0,-0.0080519573853816,0.9703837602491892,0.9926336723244664
410,0.2749999999999843,0.9787098922939016,2.0,0.0201301753494679,0.9988400676433696,0.9895294954702103
411,0.2999999999999847,0.9766384626061544,2.0,0.0070956749907864,0.9837341375969408,0.9853972488844074
412,0.3249999999999851,0.973084880121025,2.0,0.0168546141662106,0.9899394942872356,0.9804262351524714
413,0.3499999999999845,0.9684936941198046,2.0,0.0247282366212954,0.9932219307411,0.9748764230944044
414,0.374999999999984,0.9639440741818656,2.0,-0.0043473797961253,0.95959669438574,0.9690331547838695
415,0.3999999999999843,0.9600326064797008,2.0,-0.0004566031269749,0.959576003352726,0.9631635060468926
416,0.4249999999999847,0.956875339210096,2.0,-0.0365969771272234,0.9202783620828724,0.9574828129627767
417,0.4499999999999842,0.9537180719404912,2.0,-0.0285699294494748,0.9251481424910164,0.9521355961341421
418,0.4749999999999836,0.9505608046708862,2.0,0.0011401820111703,0.9517009866820564,0.9471907737123212
419,0.499999999999984,0.9473291314632484,2.0,0.032009802136428,0.9793389335996764,0.942648061094432
420,0.5249999999999844,0.942533366041721,2.0,-0.0102634735011289,0.932269892540592,0.938451241378975
421,0.5499999999999838,0.9381121593025246,2.0,-0.0228113600777788,0.9153007992247456,0.9345042148322765
422,0.5749999999999833,0.9336909525633283,2.0,0.0121775753708351,0.9458685279341636,0.9306867470305684
423,0.5999999999999837,0.929088849647408,2.0,0.0219195548990102,0.9510084045464182,0.9268680463869805
424,0.624999999999984,0.9245613280142332,2.0,0.0212498142217056,0.9458111422359388,0.9229173483150438
425,0.6499999999999835,0.9183920336873624,2.0,0.0233172045555517,0.9417092382429142,0.9187114207267859
426,0.674999999999983,0.911916629155002,2.0,0.0015151132788167,0.9134317424338187,0.9141393344756458
427,0.6999999999999833,0.9038585349938772,2.0,-0.0125394779459965,0.8913190570478807,0.9091050309025839
428,0.7249999999999837,0.8958422481765371,2.0,0.0177158187168383,0.9135580668933756,0.903528249551452
429,0.7499999999999831,0.8885358966147406,2.0,-0.0323239065948848,0.8562119900198557,0.8973443229645548
430,0.7749999999999826,0.8812306949007614,2.0,0.0230614066475597,0.9042921015483212,0.8905032522856688
431,0.799999999999983,0.8739219529820703,2.0,0.0092201711130233,0.8831421240950936,0.8829683778717147
432,0.8249999999999833,0.8666132110633786,2.0,0.0056020975561224,0.872215308619501,0.8747148693204833
433,0.8499999999999828,0.8593044691446877,2.0,0.0024116136814377,0.8617160828261254,0.8657281857661523
434,0.8749999999999822,0.8519957272259966,2.0,-0.0170945999174601,0.8349011273085364,0.8560026009512431
435,0.8999999999999826,0.8446869853073051,2.0,-0.0251287156207916,0.8195582696865135,0.8455398466775182
436,0.924999999999983,0.8373782433886139,2.0,0.0077462293663627,0.8451244727549766,0.8343478999480929
437,0.9499999999999824,0.8300695014699229,2.0,-0.0111728458649459,0.8188966556049769,0.8224399205092048
438,0.974999999999982,0.8227607595512317,2.0,0.0055916672479241,0.8283524267991559,0.8098333339861804
439,0.9999999999999822,0.8164791131633791,2.0,-0.0149681734602245,0.8015109397031545,0.7965490492752499
440,1.0249999999999826,0.8113437865547072,2.0,-0.0004174972844965,0.8109262892702106,0.7826107956851157
441,1.049999999999982,0.805102220810037,2.0,-0.010929385656174,0.794172835153863,0.7680445643328853
442,1.0749999999999815,0.7983335405882717,2.0,0.0022775110071605,0.8006110515954322,0.7528781386480627
443,1.099999999999982,0.7911157838423538,2.0,0.0233412945362761,0.81445707837863,0.7371406999489837
444,1.1249999999999822,0.7833321051278946,2.0,-0.019894710450568,0.7634373946773265,0.7208624955457975
445,1.1499999999999817,0.7755886344470913,2.0,0.019580491029776,0.7951691254768674,0.7040745584477256
446,1.1749999999999812,0.7678617034498479,2.0,0.0062596702822558,0.7741213737321038,0.6868084693598937
447,1.1999999999999815,0.7601363769613014,2.0,-0.0075139724002947,0.7526224045610067,0.6690961531607501
448,1.224999999999982,0.7524110504727552,2.0,0.0146780409489788,0.7670890914217341,0.6509697034111839
449,1.2499999999999811,0.7446857239842094,2.0,0.0003521870914197,0.7450379110756291,0.6324612296434097
450,1.2749999999999808,0.7369603974956632,2.0,-0.0512059365300306,0.6857544609656325,0.6136027232106789
451,1.2999999999999812,0.729235071007117,2.0,-0.0220904641425319,0.7071446068645851,0.5944259383559448
452,1.3249999999999815,0.7215097445185709,2.0,-0.0298250192125,0.6916847253060708,0.5749622858917494
453,1.349999999999981,0.7137844180300245,2.0,0.0221878596420488,0.7359722776720733,0.5552427374899137
454,1.3749999999999805,0.7060590915414793,2.0,-0.0183083611378838,0.6877507304035955,0.5352977390736361
455,1.3999999999999808,0.6983337650529325,2.0,0.0311584922659936,0.7294922573189262,0.5151571322009907
456,1.4249999999999812,0.6906084385643865,2.0,0.0315579033921677,0.7221663419565543,0.4948500826414027
457,1.4499999999999806,0.6828831120758401,2.0,-0.0181400801223449,0.6647430319534952,0.4744050155881923
458,1.47499999999998,0.6751577855872944,2.0,0.0078576234057025,0.683015408992997,0.4538495571315681
459,1.4999999999999805,0.6671432315221798,2.0,0.0043537682487706,0.6714969997709505,0.43321048174772453
460,1.5249999999999808,0.6590359538974916,2.0,-0.0427396838557212,0.6162962700417703,0.4125136656496473
461,1.5499999999999805,0.650928676272803,2.0,0.0049627296550102,0.6558914059278133,0.39178404590143845
462,1.5749999999999795,0.6428213986481149,2.0,-0.0043744060728474,0.6384469925752675,0.3710455852273669
463,1.59999999999998,0.6347141210234258,2.0,0.0247694818459609,0.6594836028693868,0.35032124245516233
464,1.6249999999999805,0.6266068433987373,2.0,-0.0245504846900346,0.6020563587087027,0.3296329485254481
465,1.64999999999998,0.6187939852855663,2.0,0.0004972239394267,0.619291209224993,0.30900158798001065
466,1.6749999999999794,0.6122389712454999,2.0,0.0441064694701742,0.6563454407156741,0.28844698581457573
467,1.6999999999999795,0.6056839572054329,2.0,0.0148927866152685,0.6205767438207015,0.26798789955017316
468,1.72499999999998,0.5991289431653658,2.0,-0.0065325680249269,0.5925963751404388,0.24764201634335298
469,1.7499999999999796,0.5925739291252995,2.0,-0.0206165479952271,0.5719573811300723,0.2274259549219386
470,1.774999999999979,0.5860189150852331,2.0,0.0181984457950876,0.6042173608803207,0.20735527210117638
471,1.7999999999999794,0.5794639010451659,2.0,-0.0394353597373653,0.5400285413078005,0.1874444736062991
472,1.82499999999998,0.5729088870050995,2.0,-0.0018015599326258,0.5711073270724737,0.16770702890280448
473,1.8499999999999792,0.566353872965033,2.0,-0.0060136930755624,0.5603401798894706,0.1481553897154587
474,1.874999999999979,0.5597988589249661,2.0,0.0296096792465988,0.5894085381715649,0.12880101190198284
475,1.899999999999979,0.5532438448848994,2.0,0.0152769903697387,0.5685208352546381,0.10965438033709006
476,1.92499999999998,0.546688830844833,2.0,0.0057299580737472,0.5524187889185803,0.09072503645754898
477,1.9499999999999789,0.5401338168047665,2.0,-0.0128894369135888,0.5272443798911777,0.07202160811852419
478,1.9749999999999783,0.5335788027646998,2.0,-0.013387352297723,0.5201914504669768,0.05355184141559898
479,1.999999999999979,0.5270237887246327,2.0,0.0453054588773726,0.5723292476020053,0.035322634134925444
480,-1.9750000000000072,0.1860980867439401,3.0,-0.0011478555165405,0.1849502312273996,0.2051719022137391
481,-1.9500000000000075,0.1835761304799373,3.0,0.0172062349804115,0.2007823654603488,0.19353634629165328
482,-1.925000000000008,0.1810541742159343,3.0,0.016958928386989,0.1980131026029233,0.18368820281680653
483,-1.900000000000008,0.1785322179519316,3.0,-0.0074864208895679,0.1710457970623637,0.17554739017327323
484,-1.8750000000000075,0.1760102616879286,3.0,-0.0285604521248104,0.1474498095631181,0.1690038063016027
485,-1.850000000000008,0.1734883054239259,3.0,0.0260804056277495,0.1995687110516754,0.1639182101872308
486,-1.825000000000008,0.170966349159923,3.0,-0.00998910761366,0.1609772415462629,0.16012458409492003
487,-1.8000000000000078,0.1684443928959201,3.0,-0.0118920177721832,0.1565523751237368,0.15743412749028696
488,-1.775000000000008,0.1659224366319172,3.0,-0.0067683972681154,0.1591540393638017,0.15564090305390127
489,-1.750000000000008,0.1634004803679144,3.0,-0.005103282184066,0.1582971981838483,0.1545289852290742
490,-1.725000000000008,0.1606420310248177,3.0,-0.0136178119702511,0.1470242190545665,0.15388077080674864
491,-1.7000000000000082,0.1577295803532424,3.0,-0.0346942044660644,0.1230353758871779,0.15348592733749072
492,-1.6750000000000085,0.154817129681667,3.0,-0.0051346862665772,0.1496824434150897,0.15315031222094494
493,-1.6500000000000083,0.1519046790100917,3.0,0.0283452359514953,0.180249914961587,0.15270412489612611
494,-1.6250000000000084,0.1489612828007258,3.0,-0.019862291590883,0.1290989912098427,0.15200857834578685
495,-1.6000000000000083,0.1460062409827756,3.0,-0.0266543026968913,0.1193519382858842,0.15096049905264206
496,-1.5750000000000086,0.1430511991648255,3.0,-0.0035998904607448,0.1394513087040806,0.1494944718999357
497,-1.5500000000000087,0.1400961573468752,3.0,0.0135172111706226,0.1536133685174978,0.14758240635321596
498,-1.5250000000000088,0.137141115528925,3.0,-0.0446813625137202,0.0924597530152047,0.1452306705510871
499,-1.5000000000000089,0.1342151010229683,3.0,0.0456517345855836,0.1798668356085519,0.14247517824681855
500,-1.475000000000009,0.131320822252983,3.0,0.0353343000467286,0.1666551222997116,0.13937498638239937
501,-1.450000000000009,0.1284265434829976,3.0,0.0137881720441655,0.1422147155271631,0.13600505008962893
502,-1.4250000000000091,0.125532264713012,3.0,0.0114063833435564,0.1369386480565684,0.13244878563299073
503,-1.4000000000000092,0.1226379859430267,3.0,0.0117146926913604,0.1343526786343871,0.12879102313719862
504,-1.375000000000009,0.1197437071730411,3.0,-0.0108649257350323,0.1088787814380087,0.12511181184540032
505,-1.3500000000000094,0.1168494284030556,3.0,-0.0181523401783917,0.0986970882246638,0.12148139607295941
506,-1.3250000000000095,0.1139551496330702,3.0,-0.0059765712613531,0.1079785783717171,0.11795653270182338
507,-1.3000000000000096,0.1109115798645908,3.0,-0.001581049134783,0.1093305307298077,0.11457818829383895
508,-1.2750000000000097,0.1078754678808933,3.0,0.0329773084986376,0.1408527763795309,0.11137054633747649
509,-1.2500000000000098,0.1058185142729474,3.0,0.0093548690238734,0.1151733832968208,0.10834117723767003
510,-1.22500000000001,0.1037062242996285,3.0,-0.0273797781323684,0.07632644616726,0.10548217507052395
511,-1.20000000000001,0.1013085149234537,3.0,-0.034934345964346,0.0663741689591076,0.10277204240059191
512,-1.17500000000001,0.0987727656606594,3.0,0.0083222613493397,0.1070950270099991,0.10017810256183501
513,-1.15000000000001,0.0961805250742928,3.0,-0.0132299271791925,0.0829505978951003,0.0976592322644728
514,-1.1250000000000102,0.0935353306620919,3.0,-0.0063558740076431,0.0871794566544487,0.0951687310427406
515,-1.1000000000000103,0.0908901362498911,3.0,0.0087192766918311,0.0996094129417222,0.09265717343763621
516,-1.0750000000000104,0.0882449418376904,3.0,0.020325067230124,0.1085700090678144,0.09007512130716773
517,-1.0500000000000105,0.0857901859246471,3.0,0.0040198110159146,0.0898099969405617,0.08737560454201097
518,-1.0250000000000106,0.0834262212611292,3.0,-0.0054582820137471,0.077967939247382,0.08451630681728009
519,-1.0000000000000109,0.0810622565976113,3.0,0.0119850378596558,0.0930472944572672,0.08146141762653006
520,-0.9750000000000107,0.0786982919340934,3.0,-0.0158617078685774,0.0628365840655159,0.07818313211633954
521,-0.9500000000000108,0.0763343272705755,3.0,0.0214915476297401,0.0978258749003156,0.07466279604106987
522,-0.9250000000000108,0.0739257799040729,3.0,-0.0106267928931217,0.0632989870109511,0.0708917047152223
523,-0.900000000000011,0.0705093609235678,3.0,0.0200494049930774,0.0905587659166452,0.06687157262391225
524,-0.8750000000000111,0.0670929419430627,3.0,-0.006263774054093,0.0608291678889696,0.06261469496720018
525,-0.8500000000000112,0.0636765229625576,3.0,-0.0001390152066149,0.0635375077559426,0.058143824519683224
526,-0.8250000000000113,0.0602587050128429,3.0,-0.0109299490182411,0.0493287559946017,0.05349178742854869
527,-0.8000000000000114,0.0568380358266012,3.0,-0.0128765587438578,0.0439614770827433,0.048700860537618865
528,-0.7750000000000115,0.0542305642602598,3.0,0.0117552650389698,0.0659858292992296,0.04382193101490263
529,-0.7500000000000115,0.0531190310962631,3.0,-0.0340678679698178,0.0190511631264453,0.03891345688676908
530,-0.7250000000000116,0.0513136727229543,3.0,0.0248396022791769,0.0761532750021312,0.03404024486643785
531,-0.7000000000000117,0.0468411430250785,3.0,-0.0015870962518258,0.0452540467732526,0.029272059859149244
532,-0.6750000000000118,0.0406381170825827,3.0,-0.0117662297807912,0.0288718873017914,0.024682078934530238
533,-0.6500000000000119,0.0296565736317815,3.0,-0.0409570696077306,-0.0113004959759491,0.020345201562289573
534,-0.625000000000012,0.0163009835702757,3.0,-0.0141132662289593,0.0021877173413163,0.01633622770850475
535,-0.6000000000000121,0.0102945828864177,3.0,0.0170984662385035,0.0273930491249212,0.012727916233100895
536,-0.5750000000000122,0.0035288923312409,3.0,-0.0072640120351193,-0.0037351197038784,0.009588938246031799
537,-0.5500000000000123,0.0,3.0,0.0217161960339277,0.0217161960339277,0.0069817441197340185
538,-0.5250000000000123,0.000345058952586,3.0,-0.0348573654326954,-0.0345123064801094,0.0049603693128613124
539,-0.5000000000000124,0.000889532292914,3.0,0.0041509004181655,0.0050404327110795,0.00356821378722451
540,-0.4750000000000125,0.0016665924197737,3.0,-0.0334996059775266,-0.0318330135577529,0.0028358434893044067
541,-0.4500000000000126,0.0052680884249815,3.0,-0.0034832050253951,0.0017848833995863,0.002778881086714151
542,-0.4250000000000127,0.0177304187903392,3.0,-0.008314459036486,0.0094159597538531,0.003396077779740466
543,-0.4000000000000128,0.0183858062322569,3.0,-0.0254275877823842,-0.0070417815501273,0.004667689037983401
544,-0.3750000000000129,0.0208867266778857,3.0,-0.037458419944722,-0.0165716932668363,0.00655431410281566
545,-0.3500000000000129,0.0219895012954748,3.0,0.0097392902296515,0.0317287915251262,0.008996399823524173
546,-0.325000000000013,0.0231855991075216,3.0,-0.0010501579697286,0.0221354411377929,0.0119146485965986
547,-0.3000000000000131,0.0242356336215057,3.0,0.0248207661496572,0.0490563997711629,0.015211597926668619
548,-0.2750000000000132,0.0244023350120291,3.0,0.0121650807334197,0.0365674157454488,0.01877463909229726
549,-0.2500000000000133,0.0241770008400037,3.0,-0.000467616205724,0.0237093846342796,0.022480690721243615
550,-0.2250000000000134,0.0236503942037557,3.0,0.011339433589016,0.0349898277927717,0.026202609355074426
551,-0.2000000000000135,0.0232326172397137,3.0,-0.0111005030542806,0.012132114185433,0.02981717186706836
552,-0.1750000000000136,0.0265026282034383,3.0,-0.0102169442284383,0.0162856839749999,0.0332140844495012
553,-0.1500000000000136,0.03042891900084,3.0,0.0027824265231764,0.0332113455240164,0.03630497511835447
554,-0.1250000000000137,0.0350006469760482,3.0,-0.0054149411287162,0.0295857058473319,0.03903079175024947
555,-0.1000000000000138,0.040072753556415,3.0,-0.0074867288961183,0.0325860246602966,0.041365627866807336
556,-0.0750000000000139,0.048331774188859,3.0,-0.0065358023149359,0.041795971873923,0.04331499626207565
557,-0.050000000000014,0.052671002635346,3.0,-0.0050878759740024,0.0475831266613435,0.04490725509787987
558,-0.0250000000000141,0.0560799524110164,3.0,0.014717857720596,0.0707978101316124,0.046178429406281966
559,-1.4210854715202004e-14,0.0566397982887938,3.0,-0.036113476331514,0.0205263219572797,0.04715290427186308
560,0.0249999999999861,0.0550089647099797,3.0,-0.0224171166984781,0.0325918480115015,0.047824762538312963
561,0.0499999999999856,0.0536494457615959,3.0,0.0400313214981819,0.0936807672597778,0.04814587634035122
562,0.074999999999985,0.0522898676157641,3.0,-0.0080090418582084,0.0442808257575556,0.048026239217172494
563,0.0999999999999854,0.0523841526386096,3.0,-0.0144188422410306,0.0379653103975789,0.047349092645212976
564,0.1249999999999857,0.0468238408029709,3.0,0.0180309167377938,0.0648547575407647,0.04599888985439649
565,0.1499999999999852,0.0437362479910834,3.0,-0.0249723369901901,0.0187639110008932,0.043895707156688606
566,0.1749999999999847,0.04230047604095,3.0,0.0048823966006384,0.0471828726415884,0.04102715722598745
567,0.199999999999985,0.0403279805208027,3.0,0.0100156930578679,0.0503436735786706,0.037469199567644974
568,0.2249999999999854,0.0386403023674162,3.0,0.0044397274747578,0.043080029842174,0.03339027693926355
569,0.2499999999999849,0.0325238322407998,3.0,0.0092745827058318,0.0417984149466316,0.029037744572514464
570,0.2749999999999843,0.0258935029141036,3.0,-0.0123329884338238,0.0135605144802797,0.024710049949874576
571,0.2999999999999847,0.0193298702374355,3.0,-4.102154647250194e-06,0.0193257680827882,0.02072123518875094
572,0.3249999999999851,0.0152734221594111,3.0,-0.00028161288162,0.014991809277791,0.017365336417213245
573,0.3499999999999845,0.0100571313646625,3.0,0.0162119959686698,0.0262691273333323,0.014887157743558239
574,0.374999999999984,0.0060332525252383,3.0,0.0021759511130224,0.0082092036382607,0.013463378910533156
575,0.3999999999999843,0.0041140073166185,3.0,0.0326050420111199,0.0367190493277384,0.013195028985680505
576,0.4249999999999847,0.004094128244021,3.0,0.0057315598667053,0.0098256881107263,0.014109937145851901
577,0.4499999999999842,0.0074182400976232,3.0,0.0254310363467989,0.0328492764444221,0.016172356622915263
578,0.4749999999999836,0.0087873312768344,3.0,-0.009333269011928,-0.0005459377350936,0.019296582017359832
579,0.499999999999984,0.0154554989859082,3.0,0.0230146922275158,0.038470191213424,0.023361762578773794
580,0.5249999999999844,0.023658212679252,3.0,-0.0138698499077654,0.0097883627714865,0.02822587644215288
581,0.5499999999999838,0.0327730866305954,3.0,0.0086113086510483,0.0413843952816437,0.03373765627983378
582,0.5749999999999833,0.0412737149844017,3.0,0.0167605805625266,0.0580342955469283,0.03974595357895782
583,0.5999999999999837,0.0489398847407421,3.0,0.001439318385743,0.0503792031264851,0.04610652227307275
584,0.624999999999984,0.0565407550485799,3.0,-0.0247904318545699,0.0317503231940099,0.05268649646592019
585,0.6499999999999835,0.0645712942950565,3.0,-0.0348418391190386,0.0297294551760178,0.059366973005709804
586,0.674999999999983,0.0715526814353331,3.0,-0.002471845565957,0.069080835869376,0.06604413840805637
587,0.6999999999999833,0.0776231184307653,3.0,-0.003261840087324,0.0743612783434412,0.07262934569523828
588,0.7249999999999837,0.0840263624864244,3.0,0.0290081381591253,0.1130345006455497,0.07904848312910089
589,0.7499999999999831,0.0907053942088581,3.0,0.0040488583433326,0.0947542525521907,0.08524090499221666
590,0.7749999999999826,0.0973844259312919,3.0,-0.0029601860905629,0.0944242398407289,0.0911581267086468
591,0.799999999999983,0.1040634576537257,3.0,0.0074492774966246,0.1115127351503503,0.09676242845552957
592,0.8249999999999833,0.1112712046458736,3.0,-0.031183487833495,0.0800877168123785,0.10202546476384988
593,0.8499999999999828,0.1184873575548309,3.0,0.0074394492788245,0.1259268068336555,0.10692694198853744
594,0.8749999999999822,0.1257986645366198,3.0,-0.0460207854818973,0.0797778790547225,0.11145339945615827
595,0.8999999999999826,0.1331470867779496,3.0,0.0075763761437138,0.1407234629216634,0.11559711175597419
596,0.924999999999983,0.1404174777982044,3.0,-0.0545879098649363,0.085829567933268,0.11935511726395348
597,0.9499999999999824,0.1475115834802029,3.0,-0.0016643102366833,0.1458472732435195,0.12272837004589938
598,0.974999999999982,0.1547255785802685,3.0,-0.0342303979069766,0.1204951806732918,0.12572100752781024
599,0.9999999999999822,0.15988359800262,3.0,-0.0212327702887255,0.1386508277138944,0.1283397237798477
600,1.0249999999999826,0.165574592628591,3.0,-0.0034358604634803,0.1621387321651106,0.13059323720845908
601,1.049999999999982,0.1698812942207893,3.0,0.0125461804410117,0.182427474661801,0.13249184136109488
602,1.0749999999999815,0.1741901924382966,3.0,-0.0190353032379365,0.15515488920036,0.13404702804497717
603,1.099999999999982,0.1784990906558042,3.0,-0.0139431532076226,0.1645559374481816,0.13527117278780107
604,1.1249999999999822,0.1828079888733116,3.0,0.0168930185433703,0.1997010074166819,0.13617727365085594
605,1.1499999999999817,0.1871168870908192,3.0,-0.0086909652610521,0.178425921829767,0.13677873543197785
606,1.1749999999999812,0.1914257853083263,3.0,-0.0064825737169146,0.1849432115914117,0.13708919229794428
607,1.1999999999999815,0.1964533688116946,3.0,-0.0251694713218032,0.1712838974898913,0.13712236282304502
608,1.224999999999982,0.2022464593219345,3.0,0.0105233053278945,0.212769764649829,0.13689193226258584
609,1.2499999999999811,0.2080395498321746,3.0,0.0004475403010036,0.2084870901331782,0.1364114576488747
610,1.2749999999999808,0.2147353880797257,3.0,0.0169380118723853,0.231673399952111,0.13569429196329122
611,1.2999999999999812,0.222482649309979,3.0,-0.0044690803201355,0.2180135689898434,0.1347535242158968
612,1.3249999999999815,0.2302299105402326,3.0,0.0089088587404827,0.2391387692807153,0.1336019327612027
613,1.349999999999981,0.2379771717704856,3.0,-0.0039097329342592,0.2340674388362263,0.13225194960352338
614,1.3749999999999805,0.2466614972632362,3.0,-0.0085883115451462,0.2380731857180898,0.13071563380633475
615,1.3999999999999808,0.2558073400565099,3.0,-0.0131818350045011,0.2426255050520087,0.12900465242570622
616,1.4249999999999812,0.2651261187076572,3.0,0.0297412135920967,0.294867332299754,0.12713026764563568
617,1.4499999999999806,0.2728331107955278,3.0,0.0099686897122733,0.2828018005078012,0.12510332900998242
618,1.47499999999998,0.2800193801191603,3.0,0.0188627669761694,0.2988821470953297,0.12293426982793378
619,1.4999999999999805,0.2872056494427933,3.0,0.0238428374902424,0.3110484869330358,0.12063310698248186
620,1.5249999999999808,0.2943919187664262,3.0,-0.0294138144032311,0.264978104363195,0.11820944349943134
621,1.5499999999999805,0.3015781880900588,3.0,-0.0049335271631439,0.2966446609269149,0.1156724733412326
622,1.5749999999999795,0.3087644574136914,3.0,0.025006819013768,0.3337712764274594,0.11303098797954576
623,1.59999999999998,0.3159507267373243,3.0,-0.006508393341604,0.3094423333957202,0.11029338437505085
624,1.6249999999999805,0.3231369960609574,3.0,-0.0016611956234665,0.3214758004374908,0.10746767405553788
625,1.64999999999998,0.3303232653845898,3.0,0.0254908634966214,0.3558141288812112,0.10456149303545874
626,1.6749999999999794,0.3375095347082223,3.0,-0.0051091964092455,0.3324003382989767,0.10158211236367222
627,1.6999999999999795,0.3446958040318553,3.0,0.0151347277579589,0.3598305317898143,0.09853644912258139
628,1.72499999999998,0.3519202961283112,3.0,-0.0258207352584827,0.3260995608698284,0.09543107773222802
629,1.7499999999999796,0.3592163037669217,3.0,-0.0122839630722948,0.3469323406946268,0.09227224143837078
630,1.774999999999979,0.3665123114055329,3.0,0.0097742354403441,0.3762865468458771,0.08906586388482624
631,1.7999999999999794,0.373808319044144,3.0,-0.0214076715783216,0.3524006474658224,0.0858175606880986
632,1.82499999999998,0.381104326682755,3.0,-0.0227371282875357,0.3583671983952193,0.08253265094726282
633,1.8499999999999792,0.3882696136862074,3.0,0.0208363666652631,0.4091059803514705,0.07921616863442053
634,1.874999999999979,0.3952509613238454,3.0,0.0241675342015023,0.4194184955253478,0.07587287382152881
635,1.899999999999979,0.4022323089614836,3.0,0.0013426437595827,0.4035749527210663,0.07250726370809607
636,1.92499999999998,0.4092136565991217,3.0,0.0204052807178578,0.4296189373169795,0.06912358342151706
637,1.9499999999999789,0.4161950042367595,3.0,-0.0368780960161749,0.3793169082205845,0.06572583656798361
638,1.9749999999999783,0.4231763518743974,3.0,-0.0186090532847114,0.4045672985896859,0.062317795516950526
639,1.999999999999979,0.4301576995120358,3.0,0.0027895887959165,0.4329472883079523,0.05890301140649545
640,-1.9750000000000072,0.0473701124603353,4.0,0.0334680693590599,0.0808381818193952,0.05811638295496652
641,-1.9500000000000075,0.048347874782702,4.0,0.0052680633631937,0.0536159381458957,0.058955043305272715
642,-1.925000000000008,0.0493256371050688,4.0,-0.0099699486473095,0.0393556884577592,0.05908598261045698
643,-1.900000000000008,0.050358750560002,4.0,-0.0085286248288965,0.0418301257311054,0.05819283807790164
644,-1.8750000000000075,0.0516246765844048,4.0,0.0040907692274285,0.0557154458118333,0.0560511497351908
645,-1.850000000000008,0.0528906026088073,4.0,-0.0040294865167293,0.0488611160920779,0.05284650371513653
646,-1.825000000000008,0.05415652863321,4.0,0.0350309441696658,0.0891874728028758,0.04992049027979491
647,-1.8000000000000078,0.0555377909574771,4.0,0.0048928082711081,0.0604305992285852,0.051293676015478136
648,-1.775000000000008,0.0567600013893318,4.0,-0.0053142918743948,0.0514457095149369,0.0660783500230302
649,-1.750000000000008,0.0911479529973629,4.0,-0.0037258391748418,0.087422113822521,0.10984777731436433
650,-1.725000000000008,0.2125744686116052,4.0,-0.0008383004898455,0.2117361681217596,0.19695441190504787
651,-1.7000000000000082,0.334000984225854,4.0,0.0348154077101294,0.3688163919359835,0.3158355635589864
652,-1.6750000000000085,0.4554274998400935,4.0,-0.010419998332896,0.4450075015071975,0.4202203288814667
653,-1.6500000000000083,0.5115816223867604,4.0,-0.0092535658761185,0.5023280565106418,0.47869578763556747
654,-1.6250000000000084,0.5059625849274592,4.0,0.0181952544168462,0.5241578393443054,0.5050673256182682
655,-1.6000000000000083,0.5003435474681611,4.0,-0.0223368176093521,0.478006729858809,0.5261139935183404
656,-1.5750000000000086,0.5609231394689193,4.0,-0.0053639594714004,0.5555591799975188,0.5544589739332728
657,-1.5500000000000087,0.6002873064612403,4.0,-0.024454627912334,0.5758326785489063,0.5896804753837979
658,-1.5250000000000088,0.6396514734535584,4.0,0.0088639513342842,0.6485154247878426,0.6272934683514246
659,-1.5000000000000089,0.6790156404458811,4.0,0.0123413224131953,0.6913569628590766,0.6635650580915978
660,-1.475000000000009,0.7073882801314668,4.0,0.0522110784004497,0.7595993585319165,0.6964466583319112
661,-1.450000000000009,0.6996490598510496,4.0,-0.0177248656727603,0.6819241941782892,0.7251263555961723
662,-1.4250000000000091,0.7129503656701155,4.0,0.0118923616005137,0.7248427272706293,0.7494505548072022
663,-1.4000000000000092,0.7408276015707791,4.0,-0.0443080649146648,0.6965195366561143,0.769533442869181
664,-1.375000000000009,0.768704837471446,4.0,0.0278669014745953,0.7965717389460414,0.7855473584002053
665,-1.3500000000000094,0.7965820733721223,4.0,0.0320995243179652,0.8286815976900875,0.7976242204736887
666,-1.3250000000000095,0.7869129183240142,4.0,0.0147578906809499,0.8016708090049642,0.8058080341865402
667,-1.3000000000000096,0.771195674334515,4.0,-0.0037534183095979,0.767442256024917,0.810018917310204
668,-1.2750000000000097,0.7797037030169979,4.0,0.0142811967872842,0.7939848998042822,0.810005253011707
669,-1.2500000000000098,0.7862452594297469,4.0,-0.0153640877007863,0.7708811717289605,0.8052712622721689
670,-1.22500000000001,0.8026540801019265,4.0,0.0225825132289073,0.8252365933308339,0.7949756183324759
671,-1.20000000000001,0.8083761806607096,4.0,-0.0046265346560203,0.8037496460046892,0.7778085650432766
672,-1.17500000000001,0.7940724377346272,4.0,0.012283220710244,0.8063556584448712,0.7518797171546934
673,-1.15000000000001,0.7203481208840539,4.0,-0.0249777512847548,0.695370369599299,0.7147002539359218
674,-1.1250000000000102,0.6358721954311372,4.0,-0.015789225159726,0.6200829702714111,0.663435170576426
675,-1.1000000000000103,0.5611309905707517,4.0,-0.0163228331024853,0.5448081574682663,0.5957121651272587
676,-1.0750000000000104,0.5259189440642397,4.0,0.0040586412344324,0.5299775852986721,0.5112338946127688
677,-1.0500000000000105,0.4589211457566612,4.0,-0.0190753420446535,0.4398458037120076,0.41382472476642285
678,-1.0250000000000106,0.3555647555933429,4.0,0.018136135023076,0.373700890616419,0.31226266342865966
679,-1.0000000000000109,0.2280292009345393,4.0,-0.035485924884874,0.1925432760496652,0.21801257989499315
680,-0.9750000000000107,0.0939896067236038,4.0,0.0111068578677422,0.105096464591346,0.14068959627214778
681,-0.9500000000000108,0.0555137940588079,4.0,-0.006938225736422,0.0485755683223858,0.0847672001440863
682,-0.9250000000000108,0.0530567543215524,4.0,0.0409713556179443,0.0940281099394967,0.04953160354704298
683,-0.900000000000011,0.0523049095476729,4.0,0.0156629413970601,0.067967850944733,0.031113929590896944
684,-0.8750000000000111,0.0512487192038136,4.0,0.0100741693616412,0.0613228885654548,0.024650159650216524
685,-0.8500000000000112,0.0505906568480344,4.0,-0.0376496706821049,0.0129409861659294,0.02565431964766489
686,-0.8250000000000113,0.0500865822462416,4.0,0.0067501516728985,0.0568367339191401,0.030603188074291448
687,-0.8000000000000114,0.0497896794199122,4.0,-0.0260617932431926,0.0237278861767195,0.037025546974857666
688,-0.7750000000000115,0.0484874989409493,4.0,0.0072098278859572,0.0556973268269065,0.04335855908707056
689,-0.7500000000000115,0.0473001716495156,4.0,0.0226118287450865,0.0699120003946021,0.048732324037544995
690,-0.7250000000000116,0.0471570475882504,4.0,-0.0011911131083499,0.0459659344799004,0.05276198710043844
691,-0.7000000000000117,0.0473321020634606,4.0,0.0107528123167372,0.0580849143801978,0.055377667761719165
692,-0.6750000000000118,0.0474130608189267,4.0,0.0177521747358971,0.0651652355548239,0.05669757712133705
693,-0.6500000000000119,0.0476221218301561,4.0,0.0443794314137407,0.0920015532438968,0.05693917484584471
694,-0.625000000000012,0.0480839563956926,4.0,-0.0068346538918798,0.0412493025038128,0.056360124367008255
695,-0.6000000000000121,0.0484584533681876,4.0,0.0046531289366365,0.0531115823048241,0.05522103497570071
696,-0.5750000000000122,0.0479153436452724,4.0,0.0030750843953958,0.0509904280406682,0.05376338822926756
697,-0.5500000000000123,0.0486667469318792,4.0,0.0072054808042282,0.0558722277361074,0.052197642793372655
698,-0.5250000000000123,0.0495057668769167,4.0,-0.0166934890734891,0.0328122778034275,0.05069791022455753
699,-0.5000000000000124,0.0500948330847971,4.0,0.0014413318464952,0.0515361649312923,0.04940069289308212
700,-0.4750000000000125,0.0506838992926775,4.0,-0.0173387825081929,0.0333451167844845,0.04840599008401898
701,-0.4500000000000126,0.0512622921818882,4.0,-0.0511573956954751,0.000104896486413,0.04777966261896822
702,-0.4250000000000127,0.0517454374838653,4.0,-0.0066308686268747,0.0451145688569905,0.04755635707157267
703,-0.4000000000000128,0.0522285827858425,4.0,1.6464038366000217e-05,0.0522450468242084,0.04774257643769397
704,-0.3750000000000129,0.0530006766809228,4.0,-0.0258342939722869,0.0271663827086358,0.04831968275011683
705,-0.3500000000000129,0.0539311893054243,4.0,-0.0166564850816379,0.0372747042237863,0.049246756545165526
706,-0.325000000000013,0.0546947511184377,4.0,0.0231977494635864,0.0778925005820241,0.05046333833745411
707,-0.3000000000000131,0.0554780745398417,4.0,0.018377109294857,0.0738551838346987,0.051892152299523715
708,-0.2750000000000132,0.0562033777068006,4.0,0.0198765624205783,0.0760799401273789,0.05344197141246278
709,-0.2500000000000133,0.0566737962305727,4.0,-0.0060377881637965,0.0506360080667761,0.055010831756409695
710,-0.2250000000000134,0.056973976264313,4.0,0.0078231753104933,0.0647971515748063,0.056489842887617
711,-0.2000000000000135,0.0571419981682709,4.0,-0.0182120483985636,0.0389299497697072,0.057767868635959854
712,-0.1750000000000136,0.0572489764812041,4.0,0.0160327445142809,0.073281720995485,0.058737359637262516
713,-0.1500000000000136,0.0574198881789346,4.0,0.0151279371480356,0.0725478253269702,0.059301588594981886
714,-0.1250000000000137,0.0575200078000416,4.0,-0.0100957834438735,0.047424224356168,0.059383442189186966
715,-0.1000000000000138,0.0575996548223106,4.0,-0.0081129184257396,0.0494867363965709,0.058935711644308914
716,-0.0750000000000139,0.0576024775919844,4.0,0.0062036275507552,0.0638061051427397,0.05795242279181996
717,-0.050000000000014,0.0575789068237126,4.0,-0.0296650883515219,0.0279138184721906,0.05648004771575203
718,-0.0250000000000141,0.0575121045244089,4.0,0.0025036433208098,0.0600157478452187,0.054626301471561
719,-1.4210854715202004e-14,0.0575221777772928,4.0,0.0011833146671721,0.0587054924444649,0.052562501364348924
720,0.0249999999999861,0.0575322510301767,4.0,0.018711666622406,0.0762439176525827,0.05051311540880891
721,0.0499999999999856,0.05752767163289,4.0,-0.0153104785817874,0.0422171930511025,0.04872356873575341
722,0.074999999999985,0.057518167784603,4.0,-0.0176470574555167,0.0398711103290862,0.04739637030271064
723,0.0999999999999854,0.0574895121561755,4.0,-0.017810076142035,0.0396794360141404,0.04659120125784366
724,0.1249999999999857,0.0573866510627671,4.0,-0.0112431367278434,0.0461435143349236,0.046108242524602196
725,0.1499999999999852,0.0572366982490984,4.0,-0.0121216233249561,0.0451150749241422,0.04543486684349335
726,0.1749999999999847,0.0571137275449691,4.0,-0.0184005184911685,0.0387132090538005,0.04394419396372755
727,0.199999999999985,0.0569367622644845,4.0,0.0402020301283771,0.0971387923928616,0.041617977248909394
728,0.2249999999999854,0.0569284231735677,4.0,-0.0137159738143361,0.0432124493592315,0.04034145572589509
729,0.2499999999999849,0.057020648806021,4.0,-0.0281226097718656,0.0288980390341553,0.04493276678699308
730,0.2749999999999843,0.05743218666042,4.0,0.0275650176301224,0.0849972042905424,0.062129532421488456
731,0.2999999999999847,0.0987908957914664,4.0,0.0002985916716609,0.0990894874631273,0.09677759841024959
732,0.3249999999999851,0.1606418270909773,4.0,-0.0156368190327915,0.1450050080581857,0.14760475908387946
733,0.3499999999999845,0.2224927583904872,4.0,-0.0576346582833173,0.1648581001071698,0.2064818707193202
734,0.374999999999984,0.2648068855906391,4.0,-0.0261461508545434,0.2386607347360956,0.26235945952148043
735,0.3999999999999843,0.2981534387148325,4.0,-0.0023275802957488,0.2958258584190837,0.30665203414901127
736,0.4249999999999847,0.3288679754968042,4.0,0.0269276686231152,0.3557956441199194,0.3359736638895635
737,0.4499999999999842,0.3537094144301491,4.0,-0.0176381933412406,0.3360712210889084,0.35143964083761564
738,0.4749999999999836,0.3703906588583155,4.0,0.0072134825612014,0.3776041414195169,0.3564824240682975
739,0.499999999999984,0.3639877353119062,4.0,0.0299396362351594,0.3939273715470656,0.3549886454709588
740,0.5249999999999844,0.3527414946175624,4.0,-0.0051464913988329,0.3475950032187294,0.3503103040532791
741,0.5499999999999838,0.3434410584671307,4.0,0.0093516453337653,0.352792703800896,0.3449540921661147
742,0.5749999999999833,0.3369918552082673,4.0,-0.0165460940570191,0.3204457611512482,0.3406188848843834
743,0.5999999999999837,0.3300406203033934,4.0,-0.0312757829148691,0.2987648373885242,0.33835597837092973
744,0.624999999999984,0.3230893853985198,4.0,0.0095980547660226,0.3326874401645424,0.33874217435512405
745,0.6499999999999835,0.3192201719372522,4.0,-0.0127852133208416,0.3064349586164105,0.3420255293928866
746,0.674999999999983,0.3419149697821333,4.0,-0.0028601755399272,0.3390547942422061,0.3482358622156231
747,0.6999999999999833,0.3615333976761067,4.0,-0.0085491140518304,0.3529842836242762,0.3572640478888484
748,0.7249999999999837,0.3811518255700812,4.0,-0.037106404821426,0.3440454207486551,0.36891706211340997
749,0.7499999999999831,0.399785405729937,4.0,-0.001940923350381,0.3978444823795559,0.3829553320179247
750,0.7749999999999826,0.4166024086438563,4.0,0.0279884662755856,0.4445908749194419,0.3991176168180583
751,0.799999999999983,0.4334194115577762,4.0,-0.0233643039023476,0.4100551076554286,0.4171372822021119
752,0.8249999999999833,0.4502364144716949,4.0,0.0126592821240013,0.4628956965956963,0.4367527159273736
753,0.8499999999999828,0.4780624890089492,4.0,0.0203395844084832,0.4984020734174324,0.45771379302791676
754,0.8749999999999822,0.5034284255214262,4.0,0.0094890057284212,0.5129174312498475,0.4797856964773065
755,0.8999999999999826,0.5314282234604898,4.0,-0.0191940766714821,0.5122341467890077,0.502750977918207
756,0.924999999999983,0.5591220997337679,4.0,-0.0196976056542847,0.5394244940794831,0.5264104537092813
757,0.9499999999999824,0.5812410775876482,4.0,-0.0172307624793902,0.5640103151082579,0.5505833352051078
758,0.974999999999982,0.5719478936841353,4.0,-0.0036505792513899,0.5682973144327453,0.5751068601906324
759,0.9999999999999822,0.5550713371501519,4.0,-0.0147773850668127,0.5402939520833391,0.5998356042685857
760,1.0249999999999826,0.537531228991457,4.0,-0.0097190050506082,0.5278122239408488,0.6246405924536351
761,1.049999999999982,0.5108037711099813,4.0,0.0256654824035763,0.5364692535135577,0.6494082924329713
762,1.0749999999999815,0.521667131456289,4.0,0.0114677533374252,0.5331348847937143,0.6740395452327008
763,1.099999999999982,0.5947277686428254,4.0,-0.0059658101533842,0.5887619584894411,0.6984484718950157
764,1.1249999999999822,0.6887440428544795,4.0,0.0192465323835123,0.7079905752379919,0.7225613832372364
765,1.1499999999999817,0.7923488935822476,4.0,-0.0045941251767508,0.7877547684054967,0.7463157118656076
766,1.1749999999999812,0.8902968948194477,4.0,-0.0416765526169629,0.8486203422024847,0.7696589800759864
767,1.1999999999999815,0.9882448960566516,4.0,0.0171165343995765,1.0053614304562282,0.7925478132690885
768,1.224999999999982,0.9999999999999998,4.0,-0.0045710176301761,0.9954289823698236,0.8149470055187616
769,1.2499999999999811,0.944155798235926,4.0,-0.0166956626661764,0.9274601355697496,0.8368286416317957
770,1.2749999999999808,0.8325122066076804,4.0,-0.0186062197265178,0.8139059868811626,0.8581712782242082
771,1.2999999999999812,0.8244933432221837,4.0,0.0177059071691296,0.8421992503913134,0.8789591848870318
772,1.3249999999999815,0.7987013918719704,4.0,-0.0074397252494247,0.7912616666225457,0.8991816453454771
773,1.349999999999981,0.7616477885159078,4.0,0.0237480100375383,0.7853957985534461,0.9188323175783703
774,1.3749999999999805,0.7841289973158048,4.0,-0.0075092642345124,0.7766197330812923,0.9379086511245784
775,1.3999999999999808,0.7945457911904463,4.0,-0.0504795662900906,0.7440662249003557,0.956411359233078
776,1.4249999999999812,0.7721499166232614,4.0,0.0245349202928234,0.7966848369160848,0.9743439430912502
777,1.4499999999999806,0.6891902987615484,4.0,-0.0015013674403221,0.6876889313212262,0.991712265072138
778,1.47499999999998,0.5784907628580647,4.0,-0.0013795397175092,0.5771112231405554,1.0085241677575145
779,1.4999999999999805,0.5702820966547139,4.0,0.0041228596126912,0.5744049562674051,1.0247891354025827
780,1.5249999999999808,0.5235294303004817,4.0,-0.020266298295798,0.5032631320046836,1.0405179944940075
781,1.5499999999999805,0.4668163128113974,4.0,-0.014732465676518,0.4520838471348793,1.055722650100972
782,1.5749999999999795,0.4204713527462245,4.0,0.0058258667898118,0.4262972195360363,1.070415854815809
783,1.59999999999998,0.3793551102963988,4.0,-0.0039096759362977,0.375445434360101,1.0846110072145156
784,1.6249999999999805,0.343506307385528,4.0,-0.0210222793302632,0.3224840280552647,1.098321976927902
785,1.64999999999998,0.3257797728406195,4.0,0.0136082934185678,0.3393880662591874,1.1115629535923293
786,1.6749999999999794,0.3098315601474066,4.0,0.0180522786014688,0.3278838387488755,1.1243483171376512
787,1.6999999999999795,0.2938833474541922,4.0,-0.0098197771101161,0.284063570344076,1.1366925270630819
788,1.72499999999998,0.2779351347609768,4.0,0.0249158247585728,0.3028509595195496,1.1486100285443521
789,1.7499999999999796,0.2619869220677607,4.0,-0.0158108146026514,0.2461761074651092,1.1601151734041588
790,1.774999999999979,0.2460387093745477,4.0,-0.0058051200316964,0.2402335893428512,1.1712221541595722
791,1.7999999999999794,0.2300904966813328,4.0,0.0292746405253225,0.2593651372066553,1.1819449495328458
792,1.82499999999998,0.2141422839881199,4.0,-0.0298387052411499,0.18430357874697,1.1922972799746325
793,1.8499999999999792,0.1981940712949072,4.0,0.0021625840075163,0.2003566553024235,1.202292571900153
794,1.874999999999979,0.1813194570537493,4.0,0.0077399630586595,0.1890594201124088,1.2119439294789622
795,1.899999999999979,0.1587519833526173,4.0,0.0190038395937908,0.1777558229464082,1.221264112947572
796,1.92499999999998,0.1361845096514904,4.0,-0.015249694671332,0.1209348149801583,1.2302655225317
797,1.9499999999999789,0.1175879718995601,4.0,-0.0053142371610592,0.1122737347385009,1.2389601871714684
798,1.9749999999999783,0.1062922542014988,4.0,0.0423961025209329,0.1486883567224318,1.2473597573391624
799,1.999999999999979,0.0812748265304909,4.0,0.0286699978852867,0.1099448244157776,1.2554755013258247
800,-1.9750000000000072,0.5155809121412206,5.0,-0.0060339799526563,0.5095469321885642,0.5162841728051698
801,-1.9500000000000075,0.5076018934776707,5.0,-0.0012621849468534,0.5063397085308173,0.513870450408062
802,-1.925000000000008,0.5016933338384515,5.0,0.0232560399997136,0.5249493738381651,0.5097377671939441
803,-1.900000000000008,0.4962012574708954,5.0,0.0101992068359645,0.5064004643068599,0.5036550446694898
804,-1.8750000000000075,0.4907091811033394,5.0,0.0190897049088737,0.5097988860122131,0.495755498259421
805,-1.850000000000008,0.4852171047357814,5.0,-0.0085287434786164,0.4766883612571649,0.4869088885791263
806,-1.825000000000008,0.4769850694564645,5.0,-0.0084461157331509,0.4685389537233135,0.4790974415773313
807,-1.8000000000000078,0.4687333680170125,5.0,-0.0037539566230989,0.4649794113939134,0.4752253220083798
808,-1.775000000000008,0.4604816665775604,5.0,0.0321535554816695,0.4926352220592299,0.47719716033387305
809,-1.750000000000008,0.4522299651381092,5.0,0.0286053045916996,0.4808352697298088,0.48205279401830714
810,-1.725000000000008,0.4408150300685636,5.0,-0.0091779149522547,0.4316371151163088,0.48078418596137645
811,-1.7000000000000082,0.4293466647902565,5.0,-0.000758701260911,0.4285879635293455,0.46568370689389055
812,-1.6750000000000085,0.4178782995119505,5.0,0.0203110485723181,0.4381893480842687,0.4389572281850012
813,-1.6500000000000083,0.4064099342336433,5.0,0.0103887484403593,0.4167986826740026,0.4104610341934684
814,-1.6250000000000084,0.3968037101900117,5.0,-0.0051380184265528,0.3916656917634588,0.38874782710395106
815,-1.6000000000000083,0.387212979149919,5.0,0.002323683410857,0.389536662560776,0.37629807185565184
816,-1.5750000000000086,0.377622248109824,5.0,-0.0467550327669348,0.3308672153428891,0.3708923510352402
817,-1.5500000000000087,0.3680315170697305,5.0,0.019852264420882,0.3878837814906125,0.3688504762070256
818,-1.5250000000000088,0.3606347344500942,5.0,0.0059089118544369,0.3665436463045311,0.36712538864205446
819,-1.5000000000000089,0.3541041002375982,5.0,0.0253038079878378,0.3794079082254361,0.3639484520010806
820,-1.475000000000009,0.3475734660251012,5.0,0.0094018452070627,0.3569753112321639,0.35869421350008474
821,-1.450000000000009,0.3410428318126044,5.0,0.0063692823900387,0.3474121142026432,0.35150551815581477
822,-1.4250000000000091,0.3345121976001083,5.0,0.0081803808115598,0.3426925784116681,0.34292958210445196
823,-1.4000000000000092,0.3279815633876117,5.0,0.0288228825614859,0.3568044459490976,0.3336440269679615
824,-1.375000000000009,0.3214509291751144,5.0,-0.021868436014092,0.2995824931610224,0.3242815867585337
825,-1.3500000000000094,0.3149202949626181,5.0,-0.0102849298132999,0.3046353651493181,0.3153387269203772
826,-1.3250000000000095,0.3083896607501215,5.0,0.0251428061818181,0.3335324669319396,0.30714654883962483
827,-1.3000000000000096,0.3021305713511738,5.0,-0.0355513656372624,0.2665792057139113,0.2998814709592511
828,-1.2750000000000097,0.2959254816611286,5.0,-0.0185069490239415,0.2774185326371871,0.29359567867623476
829,-1.2500000000000098,0.2897203919710849,5.0,0.0137090809309322,0.3034294729020171,0.2882519849211915
830,-1.22500000000001,0.2835424829447956,5.0,0.008928264425157,0.2924707473699526,0.2837524266776588
831,-1.20000000000001,0.2773674407114528,5.0,-0.0017289591990534,0.2756384815123993,0.27995140922614187
832,-1.17500000000001,0.2711923984781103,5.0,-0.0009522827650481,0.2702401157130621,0.27663813966072803
833,-1.15000000000001,0.2650173562447679,5.0,-0.0246816848009991,0.2403356714437687,0.27345579409466775
834,-1.1250000000000102,0.2588423140114259,5.0,0.0381448213289875,0.2969871353404134,0.26970917977484926
835,-1.1000000000000103,0.2526672717780828,5.0,0.0330533395263218,0.2857206113044046,0.2640840449100432
836,-1.0750000000000104,0.2467355733984604,5.0,0.0103759835349803,0.2571115569334407,0.2546626626620414
837,-1.0500000000000105,0.243061125522666,5.0,-0.0504656687181522,0.1925954568045137,0.24017065914573726
838,-1.0250000000000106,0.2402727053350287,5.0,0.0033269086149609,0.2435996139499896,0.22260125135678385
839,-1.0000000000000109,0.2383878763978499,5.0,-0.0320602898131121,0.2063275865847377,0.20816095369930987
840,-0.9750000000000107,0.2355823329015612,5.0,-0.0118725959502522,0.223709736951309,0.20335359561744684
841,-0.9500000000000108,0.2327767894052718,5.0,-0.0335190598373743,0.1992577295678974,0.2096326607769104
842,-0.9250000000000108,0.2299712459089832,5.0,-0.0062305688030251,0.223740677105958,0.22238999535509502
843,-0.900000000000011,0.2271657024126935,5.0,0.0379618920414984,0.2651275944541919,0.23417737452577406
844,-0.8750000000000111,0.2243601589164053,5.0,0.0061541792340011,0.2305143381504064,0.23848693082837485
845,-0.8500000000000112,0.2187550445688771,5.0,-0.0170120959381374,0.2017429486307396,0.231863996679065
846,-0.8250000000000113,0.2075805206492025,5.0,-0.0214159229589697,0.1861645976902327,0.21422708910577418
847,-0.8000000000000114,0.1940524626808134,5.0,0.0182636337016271,0.2123160963824405,0.18809962096330757
848,-0.7750000000000115,0.1719341766489579,5.0,0.0222384568029076,0.1941726334518655,0.1574320938210161
849,-0.7500000000000115,0.132966158766729,5.0,-0.0337550063947972,0.0992111523719317,0.12645474796743475
850,-0.7250000000000116,0.0990805949580704,5.0,0.0076572673208055,0.1067378622788759,0.09880572216622602
851,-0.7000000000000117,0.0681165790279974,5.0,0.0024583890877837,0.0705749681157811,0.07703330651241018
852,-0.6750000000000118,0.0453013874639595,5.0,0.0113358489343576,0.0566372363983171,0.062450474029607315
853,-0.6500000000000119,0.0244657053055972,5.0,0.0270309103959087,0.0514966157015059,0.05524277858957079
854,-0.625000000000012,0.0049212113449225,5.0,0.0418213837171589,0.0467425950620814,0.054711571975790164
855,-0.6000000000000121,0.0197058929132397,5.0,0.015260895505624,0.0349667884188637,0.059558085084288254
856,-0.5750000000000122,0.04759271038195,5.0,-0.0030570850661096,0.0445356253158403,0.06815127202009486
857,-0.5500000000000123,0.0861358769894275,5.0,0.0070438671385699,0.0931797441279974,0.07875324890911224
858,-0.5250000000000123,0.1057861870631724,5.0,-0.0003287411052333,0.1054574459579391,0.08969491212022247
859,-0.5000000000000124,0.1081297234363437,5.0,0.0390379787477218,0.1471677021840655,0.09950351244359414
860,-0.4750000000000125,0.1096421818862473,5.0,-0.002974604761141,0.1066675771251062,0.10698785055637743
861,-0.4500000000000126,0.1083460077313059,5.0,0.0082353314815113,0.1165813392128172,0.11128815066478663
862,-0.4250000000000127,0.1030188673482824,5.0,-0.0051842975579534,0.0978345697903289,0.11189770837650852
863,-0.4000000000000128,0.0992525289287649,5.0,-0.0188659051186107,0.0803866238101541,0.10866241517855899
864,-0.3750000000000129,0.0991850984278758,5.0,-0.0101247031013804,0.0890603953264953,0.101762475839238
865,-0.3500000000000129,0.0963311908173102,5.0,-0.0109369476419925,0.0853942431753176,0.09167853569252173
866,-0.325000000000013,0.0934149228778406,5.0,0.009269958441003,0.1026848813188437,0.07914270281037418
867,-0.3000000000000131,0.0791452363837402,5.0,-0.0136700367121807,0.0654751996715594,0.06507425035733684
868,-0.2750000000000132,0.0451124355635998,5.0,-0.0270594209821062,0.0180530145814935,0.05050051465913919
869,-0.2500000000000133,0.006074196167425,5.0,0.0338812242686576,0.0399554204360826,0.03646562976777983
870,-0.2250000000000134,4.920456315909537e-05,5.0,0.026888579597065,0.0269377841602241,0.023932813348514378
871,-0.2000000000000135,0.0,5.0,0.0191903487333842,0.0191903487333842,0.013689301791657138
872,-0.1750000000000136,0.0029575420801196,5.0,0.0001198629655147,0.0030774050456343,0.0062661021943534005
873,-0.1500000000000136,0.0049418355082293,5.0,0.035897612690345,0.0408394481985743,0.00188671276190845
874,-0.1250000000000137,0.0066580787289483,5.0,-0.0064753505290571,0.0001827281998911,0.0004583285795545778
875,-0.1000000000000138,0.0087602277661696,5.0,-0.0092139760278335,-0.0004537482616639,0.0016134036766619676
876,-0.0750000000000139,0.0112645991333991,5.0,-0.0129262269687255,-0.0016616278353264,0.004797500023502852
877,-0.050000000000014,0.0137178435088973,5.0,-0.0382680807245954,-0.0245502372156981,0.009384330429223377
878,-0.0250000000000141,0.0157860353836927,5.0,-0.0080059652656919,0.0077800701180007,0.014788574806005097
879,-1.4210854715202004e-14,0.0178429771898715,5.0,-0.0003273817735151,0.0175155954163563,0.020547765367940812
880,0.0249999999999861,0.0198999189960508,5.0,-0.0114358296109826,0.0084640893850681,0.026355854696716852
881,0.0499999999999856,0.0240149916585284,5.0,0.0425238407415299,0.0665388324000583,0.03204802037048156
882,0.074999999999985,0.0307603222623567,5.0,-0.025800989151492,0.0049593331108646,0.0375530092793965
883,0.0999999999999854,0.037163410299438,5.0,0.0190492217784421,0.0562126320778801,0.04283874542796995
884,0.1249999999999857,0.0421199108718774,5.0,-0.0220520760858263,0.020067834786051,0.047873454627558876
885,0.1499999999999852,0.0470764114443167,5.0,0.0218173429016677,0.0688937543459844,0.05261104887599968
886,0.1749999999999847,0.0520329120167559,5.0,-0.026022043425788,0.0260108685909678,0.05699590712897691
887,0.199999999999985,0.0569894125891956,5.0,0.0154432034525993,0.0724326160417949,0.06097607308411122
888,0.2249999999999854,0.0602869145844168,5.0,0.008219106764845,0.0685060213492618,0.06451538602336325
889,0.2499999999999849,0.0627843930198327,5.0,0.0372196015654187,0.1000039945852514,0.06759987793992632
890,0.2749999999999843,0.0652818714552475,5.0,-0.0087291061296087,0.0565527653256387,0.07023805407850334
891,0.2999999999999847,0.0677793498906636,5.0,-0.00881128804201,0.0589680618486535,0.07245692278556162
892,0.3249999999999851,0.0703257174872048,5.0,-0.0235648944681581,0.0467608230190466,0.07429610090181105
893,0.3499999999999845,0.0721013115840705,5.0,0.0200384089805895,0.0921397205646601,0.07580181995746925
894,0.374999999999984,0.0738971624321054,5.0,0.0319244589895593,0.1058216214216647,0.0770218941970856
895,0.3999999999999843,0.0756930132801404,5.0,-0.0031175907634323,0.0725754225167081,0.07800205904462078
896,0.4249999999999847,0.0769411839353887,5.0,0.0169472070895439,0.0938883910249326,0.0787836655491702
897,0.4499999999999842,0.0768724684745615,5.0,0.0130358920242515,0.089908360498813,0.07940250369755594
898,0.4749999999999836,0.0774700510548427,5.0,0.0114232102115067,0.0888932612663494,0.07988846048606552
899,0.499999999999984,0.0780676336351238,5.0,0.0022554185279338,0.0803230521630576,0.08026573371365565
900,0.5249999999999844,0.0786652162154051,5.0,-0.001642152646538,0.077023063568867,0.08055337351209929
901,0.5499999999999838,0.0792627987956864,5.0,-0.0273688749812519,0.0518939238144344,0.08076598298444554
902,0.5749999999999833,0.0798603813759673,5.0,-0.0161741740746025,0.0636862073013646,0.08091446310604636
903,0.5999999999999837,0.0804579639562489,5.0,-0.0001278520485392,0.0803301119077096,0.08100673001733465
904,0.624999999999984,0.081167341735037,5.0,0.0018010437271506,0.0829683854621876,0.08104836442698621
905,0.6499999999999835,0.0819091715366678,5.0,-0.0326753664987194,0.0492338050379483,0.08104317456174834
906,0.674999999999983,0.0812999871537996,5.0,0.0326551367286616,0.1139551238824612,0.08099366810391628
907,0.6999999999999833,0.0800477492006538,5.0,0.0119477362715096,0.0919954854721634,0.08090143694198808
908,0.7249999999999837,0.0787955112475082,5.0,0.0300494755340437,0.1088449867815519,0.08076746306923267
909,0.7499999999999831,0.0774838244142928,5.0,-0.0169270032369293,0.0605568211773634,0.08059235593328934
910,0.7749999999999826,0.0761561423780168,5.0,0.0113018959029883,0.0874580382810051,0.0803765319309689
911,0.799999999999983,0.0748284603417411,5.0,0.0055229660004987,0.0803514263422398,0.08012034622025573
912,0.8249999999999833,0.0735007783054656,5.0,0.0065998600961054,0.080100638401571,0.07982418602572755
913,0.8499999999999828,0.0730192373810005,5.0,0.0245517285885306,0.0975709659695311,0.07948853342319469
914,0.8749999999999822,0.0729010480597076,5.0,0.0096268129074208,0.0825278609671284,0.07911400437265208
915,0.8999999999999826,0.072719012265258,5.0,0.0012287554961041,0.0739477677613621,0.07870136962055813
916,0.924999999999983,0.0725063413124562,5.0,-0.006688652710574,0.0658176886018821,0.07825156206046531
917,0.9499999999999824,0.0725353048704905,5.0,0.0414895765423512,0.1140248814128417,0.07776567424342627
918,0.974999999999982,0.0737505449461832,5.0,-4.6967926675985166e-05,0.0737035770195072,0.07724494896701903
919,0.9999999999999822,0.0749657850218771,5.0,-0.0207856456151313,0.0541801394067457,0.07669076523576893
920,1.0249999999999826,0.0761810250975705,5.0,0.0105297102954983,0.0867107353930689,0.0761046213629849
921,1.049999999999982,0.0772182647082801,5.0,-0.0167452790966928,0.0604729856115872,0.07548811655930389
922,1.0749999999999815,0.0779808449474822,5.0,-0.0231006850117709,0.0548801599357112,0.07484293201234267
923,1.099999999999982,0.0788268491978442,5.0,0.0320626004165671,0.1108894496144113,0.07417081219059475
924,1.1249999999999822,0.0797081139761445,5.0,-0.0242962595470854,0.055411854429059,0.07347354689122283
925,1.1499999999999817,0.0807555927114346,5.0,0.0231372784697189,0.1038928711811535,0.07275295438495155
926,1.1749999999999812,0.0828619744783072,5.0,0.025071418264394,0.1079333927427012,0.07201086588288269
927,1.1999999999999815,0.0862984410693051,5.0,-0.0256967410494728,0.0606017000198322,0.07124911145240337
928,1.224999999999982,0.0913865222154092,5.0,-0.0064045528636847,0.0849819693517245,0.07046950743591841
929,1.2499999999999811,0.094767152891702,5.0,0.0361293192635433,0.1308964721552453,0.06967384537212655
930,1.2749999999999808,0.0965948732658002,5.0,0.0116556285339295,0.1082505017997297,0.06886388238064961
931,1.2999999999999812,0.0984225936398987,5.0,0.0344428006116361,0.1328653942515348,0.06804133294372496
932,1.3249999999999815,0.100250314013997,5.0,-0.0028611861814451,0.0973891278325518,0.06720786200072039
933,1.349999999999981,0.1014990350876568,5.0,-0.0029308394298447,0.098568195657812,0.06636507926026654
934,1.3749999999999805,0.1027379579146844,5.0,0.0126609429046066,0.115398900819291,0.06551453462906046
935,1.3999999999999808,0.1039768807417128,5.0,0.0102799380672799,0.1142568188089927,0.06465771465474476
936,1.4249999999999812,0.1052158035687401,5.0,-0.0208782473174345,0.0843375562513055,0.0637960398812761
937,1.4499999999999806,0.1064547263957686,5.0,-0.0216042910371964,0.0848504353585721,0.06293086301847914
938,1.47499999999998,0.1076349802626703,5.0,0.0225766202150768,0.1302116004777471,0.06206346783203964
939,1.4999999999999805,0.108396395213864,5.0,-0.0436145254454097,0.0647818697684542,0.06119506866573126
940,1.5249999999999808,0.1099735706438363,5.0,-0.0335363356581469,0.0764372349856893,0.06032681051375435
941,1.5499999999999805,0.1118859407649562,5.0,-0.0177925888629867,0.0940933519019694,0.059459769567370896
942,1.5749999999999795,0.1137983108860766,5.0,-0.0148121946966083,0.0989861161894682,0.05859495416647466
943,1.59999999999998,0.1157106810071964,5.0,0.0134605377578883,0.1291712187650847,0.05773330609295096
944,1.6249999999999805,0.1176230511283159,5.0,-0.0315425180598927,0.0860805330684231,0.056875702148833016
945,1.64999999999998,0.1195354212494369,5.0,-0.0242196732745893,0.0953157479748476,0.05602295596800762
946,1.6749999999999794,0.1214477913705566,5.0,0.0081792771607907,0.1296270685313473,0.05517582001572122
947,1.6999999999999795,0.1233601614916766,5.0,-0.0027632020711402,0.1205969594205363,0.05433498773522574
948,1.72499999999998,0.1249004748308427,5.0,0.0019996363030678,0.1269001111339106,0.05350109580564031
949,1.7499999999999796,0.1246003935539208,5.0,0.0140231504834334,0.1386235440373543,0.05267472647943771
950,1.774999999999979,0.1243003122769999,5.0,-0.0082635346533025,0.1160367776236973,0.051856409972003005
951,1.7999999999999794,0.1240002310000792,5.0,-0.0163485041364772,0.1076517268636019,0.05104662687924134
952,1.82499999999998,0.1237001497231572,5.0,-0.0233549653035076,0.1003451844196495,0.05024581060262383
953,1.8499999999999792,0.123400068446237,5.0,-0.0236804906084389,0.099719577837798,0.049454349763911006
954,1.874999999999979,0.123099987169315,5.0,-0.0322725057035674,0.0908274814657475,0.0486725905945265
955,1.899999999999979,0.1227999058923938,5.0,0.0085370101935898,0.1313369160859836,0.04790083928689686
956,1.92499999999998,0.1224998246154726,5.0,0.000729352992183,0.1232291776076556,0.04713936429724212
957,1.9499999999999789,0.1221997433385512,5.0,0.0165214818629844,0.1387212252015356,0.04638839859113273
958,1.9749999999999783,0.1218996620616305,5.0,0.01417222558009,0.1360718876417206,0.045648141824838444
959,1.999999999999979,0.1217281978553763,5.0,0.0033263381453712,0.1250545360007475,0.04491876245697059
960,-1.9750000000000072,0.4778490531818489,6.0,-0.0245617208401015,0.4532873323417473,0.4557436218555563
961,-1.9500000000000075,0.4713582868381648,6.0,-0.0057645101454745,0.4655937766926902,0.46077802231761866
962,-1.925000000000008,0.4648675204944807,6.0,-0.013864734397357,0.4510027860971237,0.46244020917318607
963,-1.900000000000008,0.4583767541507967,6.0,0.0078587720122122,0.4662355261630089,0.45981148961368257
964,-1.8750000000000075,0.4518859878071127,6.0,0.0140508958078375,0.4659368836149503,0.4525204517832099
965,-1.850000000000008,0.4453952214634288,6.0,-0.0185317556443899,0.4268634658190388,0.44163504190986497
966,-1.825000000000008,0.4389044551197448,6.0,-0.0164479757935452,0.4224564793261995,0.4307799527513699
967,-1.8000000000000078,0.4324136887760608,6.0,0.0132174824776059,0.4456311712536667,0.42617439565065107
968,-1.775000000000008,0.4259229224323769,6.0,0.0076605077525154,0.4335834301848923,0.4327019618545239
969,-1.750000000000008,0.4194321560886928,6.0,0.0169513434317895,0.4363834995204824,0.44595385117108527
970,-1.725000000000008,0.4129413897450089,6.0,0.0234011257378279,0.4363425154828368,0.4516653363757883
971,-1.7000000000000082,0.4064506234013247,6.0,0.0128863456696225,0.4193369690709472,0.44042939730129554
972,-1.6750000000000085,0.3999598570576407,6.0,0.0073519407780862,0.407311797835727,0.417405422481836
973,-1.6500000000000083,0.3934690907139568,6.0,-0.0142371001391942,0.3792319905747625,0.3941441843735466
974,-1.6250000000000084,0.3869783243702727,6.0,0.0015094149910125,0.3884877393612852,0.37796828642078467
975,-1.6000000000000083,0.3804875580265889,6.0,0.0168036942905449,0.3972912523171339,0.3697293029944325
976,-1.5750000000000086,0.373989894003631,6.0,-0.0165389870154433,0.3574509069881876,0.36675081111760877
977,-1.5500000000000087,0.3674126433519905,6.0,-0.013982953600457,0.3534296897515334,0.3658233980148514
978,-1.5250000000000088,0.36083539270035,6.0,-0.0317494532579577,0.3290859394423922,0.36461734329845646
979,-1.5000000000000089,0.3542581420487095,6.0,0.0046894773824604,0.3589476194311699,0.3619338041445906
980,-1.475000000000009,0.3476808913970687,6.0,0.0162430877162211,0.3639239791132899,0.35746439272434566
981,-1.450000000000009,0.3411036407454283,6.0,-0.0233563008455176,0.3177473398999106,0.3514461196043343
982,-1.4250000000000091,0.3345263900937878,6.0,-0.0037078083981031,0.3308185816956846,0.34436521737918807
983,-1.4000000000000092,0.3279491394421472,6.0,0.0255182597491433,0.3534673991912905,0.336750031729518
984,-1.375000000000009,0.3213718887905067,6.0,0.033540425466404,0.3549123142569107,0.3290496263470601
985,-1.3500000000000094,0.3148213301159484,6.0,0.015014295889876,0.3298356260058244,0.321580340800722
986,-1.3250000000000095,0.3083867471284265,6.0,0.038980390583775,0.3473671377122016,0.31451905516892587
987,-1.3000000000000096,0.3019521641409046,6.0,-0.0026815023659467,0.2992706617749578,0.3079232984044244
988,-1.2750000000000097,0.2955175811533826,6.0,0.0200262838874983,0.3155438650408809,0.30176251826629963
989,-1.2500000000000098,0.2890829981658609,6.0,0.0095401311098192,0.2986231292756801,0.29595025997972246
990,-1.22500000000001,0.2826484151783388,6.0,-0.0180560926882005,0.2645923224901382,0.2903720891588761
991,-1.20000000000001,0.2763221180635575,6.0,0.0037912529927685,0.280113371056326,0.28490754624134024
992,-1.17500000000001,0.2700637278505645,6.0,-0.0302266800276271,0.2398370478229373,0.2794452701530365
993,-1.15000000000001,0.2638053376375713,6.0,0.0610600007852251,0.3248653384227964,0.27388768063571134
994,-1.1250000000000102,0.2575469474245783,6.0,0.0005897604601268,0.2581367078847051,0.26813476903951633
995,-1.1000000000000103,0.2512885572115852,6.0,0.0002667652242186,0.2515553224358039,0.2620308862064439
996,-1.0750000000000104,0.2450301669985921,6.0,-0.0021801480578829,0.2428500189407091,0.2552794955463604
997,-1.0500000000000105,0.238771776785599,6.0,0.0261152458580595,0.2648870226436586,0.24742893083614267
998,-1.0250000000000106,0.2326954778172723,6.0,-0.0076360554332106,0.2250594223840616,0.2381787406438707
999,-1.0000000000000109,0.2266940321467832,6.0,0.0156903381031614,0.2423843702499447,0.22810719491537298
1000,-0.9750000000000107,0.2206925864762941,6.0,0.0003423181911196,0.2210349046674137,0.2191363144568601
1001,-0.9500000000000108,0.2146911408058048,6.0,0.0059019748145837,0.2205931156203885,0.2136395134580125
1002,-0.9250000000000108,0.2086896951353156,6.0,-0.014663098210954,0.1940265969243615,0.21254209820879377
1003,-0.900000000000011,0.2026882494648266,6.0,0.0070402853830776,0.2097285348479042,0.21432523319895413
1004,-0.8750000000000111,0.1966868037943374,6.0,0.0350328182280455,0.2317196220223829,0.21589660265663574
1005,-0.8500000000000112,0.1908303256208993,6.0,0.0308827743199099,0.2217130999408093,0.21438660297010237
1006,-0.8250000000000113,0.1849748512033435,6.0,-0.0073876671332035,0.1775871840701399,0.20850602598626902
1007,-0.8000000000000114,0.1791193767857877,6.0,0.0313902784199287,0.2105096552057164,0.19886231786115038
1008,-0.7750000000000115,0.1732639023682317,6.0,0.0022978507849353,0.175561753153167,0.18738733172236394
1009,-0.7500000000000115,0.1674084279506761,6.0,0.013073126213118,0.1804815541637941,0.17636168994952406
1010,-0.7250000000000116,0.1615529535331201,6.0,0.0180179686691481,0.1795709222022682,0.16752137185803365
1011,-0.7000000000000117,0.1556974791155644,6.0,-0.0451489672753485,0.1105485118402158,0.16155046165649906
1012,-0.6750000000000118,0.1498420046980085,6.0,0.0366752420034992,0.1865172467015077,0.1580274793683396
1013,-0.6500000000000119,0.1439865302804527,6.0,0.0242233373546382,0.1682098676350909,0.15571412536142473
1014,-0.625000000000012,0.1381310558628968,6.0,-0.0078620723908144,0.1302689834720823,0.153008417622301
1015,-0.6000000000000121,0.132275581445341,6.0,0.039626053339205,0.1719016347845461,0.148407315044552
1016,-0.5750000000000122,0.1264201070277852,6.0,-0.0245378007995302,0.1018823062282549,0.14088234112675896
1017,-0.5500000000000123,0.1205646326102293,6.0,0.0037288628193946,0.1242934954296239,0.13012328804638515
1018,-0.5250000000000123,0.1147091581926735,6.0,-0.015509855168821,0.0991993030238524,0.11663348084371589
1019,-0.5000000000000124,0.1091191128006883,6.0,0.0043168927066769,0.1134360055073652,0.1016682880914261
1020,-0.4750000000000125,0.1036698968110842,6.0,-0.0001460674444324,0.1035238293666517,0.08700988052200674
1021,-0.4500000000000126,0.0982206808214802,6.0,-0.036093347085684,0.0621273337357961,0.074582264398924
1022,-0.4250000000000127,0.0927714648318761,6.0,-0.0431877681352523,0.0495836966966237,0.06594479884591228
1023,-0.4000000000000128,0.0873222488422721,6.0,-0.021155521001529,0.066166727840743,0.06176471364539436
1024,-0.3750000000000129,0.082265615409994,6.0,0.0061490539448144,0.0884146693548084,0.06145121726021869
1025,-0.3500000000000129,0.0777467500941302,6.0,-0.0105800715193793,0.0671666785747508,0.06319856560156818
1026,-0.325000000000013,0.0732251247620726,6.0,0.0024426197536396,0.0756677445157122,0.06463362492748881
1027,-0.3000000000000131,0.0686385279511584,6.0,-0.0114858027422784,0.0571527252088799,0.06395092989296185
1028,-0.2750000000000132,0.0640551769560372,6.0,0.0013024210064643,0.0653575979625015,0.06089311287509419
1029,-0.2500000000000133,0.0591491616831476,6.0,-0.0151514148481378,0.0439977468350097,0.05675119804982103
1030,-0.2250000000000134,0.0542431464102579,6.0,-0.0116517067238599,0.0425914396863979,0.05329005118015273
1031,-0.2000000000000135,0.0516151770879217,6.0,0.0269254551786996,0.0785406322666213,0.05152560356382713
1032,-0.1750000000000136,0.0490918505964982,6.0,-0.0076870416971084,0.0414048088993898,0.05129880701264979
1033,-0.1500000000000136,0.0463472723421466,6.0,0.0012360887266793,0.0475833610688259,0.05169276826566561
1034,-0.1250000000000137,0.0436026940877949,6.0,0.0077103692327036,0.0513130633204985,0.051707662111920516
1035,-0.1000000000000138,0.0408044689461863,6.0,0.0227342592305723,0.0635387281767586,0.05070102101429511
1036,-0.0750000000000139,0.0378801052692473,6.0,-0.0062525036644965,0.0316276016047507,0.04848539739272958
1037,-0.050000000000014,0.0355683173448312,6.0,0.0073176249433302,0.0428859422881614,0.045214618172495176
1038,-0.0250000000000141,0.0333495586330919,6.0,-0.0007428077608551,0.0326067508722367,0.04121528045133533
1039,-1.4210854715202004e-14,0.0311307999213525,6.0,-0.0320506249274361,-0.0009198250060836,0.03685124537110038
1040,0.0249999999999861,0.0289090012428859,6.0,0.0672881870885578,0.0961971883314437,0.03244398117888039
1041,0.0499999999999856,0.0263601960633999,6.0,0.0005899521669,0.0269501482302999,0.02823924146134841
1042,0.074999999999985,0.0236687418367494,6.0,0.0107101380484007,0.0343788798851501,0.024402641577379966
1043,0.0999999999999854,0.0214546968008408,6.0,-0.015188932631466,0.0062657641693747,0.021029572004269383
1044,0.1249999999999857,0.0191787478005423,6.0,-0.0198576703497286,-0.0006789225491863,0.018160151265800315
1045,0.1499999999999852,0.0166879095725985,6.0,0.0219721483546003,0.0386600579271988,0.01579426780874384
1046,0.1749999999999847,0.0153176522147651,6.0,-0.0400827931146066,-0.0247651408998415,0.013904551427322815
1047,0.199999999999985,0.0136990743628645,6.0,0.0010877495619485,0.014786823924813,0.012446651491935481
1048,0.2249999999999854,0.0122398128561502,6.0,-0.0199651860308693,-0.0077253731747191,0.011366933546660065
1049,0.2499999999999849,0.0106127726874805,6.0,0.0151514307166436,0.0257642034041241,0.010607991435717301
1050,0.2749999999999843,0.0072524144620682,6.0,-0.0260459117354771,-0.0187934972734089,0.010112433015947723
1051,0.2999999999999847,0.0051254280119746,6.0,0.001372653625017,0.0064980816369916,0.00982535979411103
1052,0.3249999999999851,0.0035466845707457,6.0,0.0260779169794689,0.0296246015502146,0.009695889310539519
1053,0.3499999999999845,0.0017181989042715,6.0,-0.0241375128241905,-0.022419313919919,0.009677994066299975
1054,0.374999999999984,0.000397873373919,6.0,0.023415940202413,0.023813813576332,0.009730864529850522
1055,0.3999999999999843,0.0004173704759194,6.0,0.0033352363015712,0.0037526067774906,0.009818949792112898
1056,0.4249999999999847,0.0,6.0,0.0352185091692165,0.0352185091692165,0.00991178744650792
1057,0.4499999999999842,0.0002184679500391,6.0,-0.0139028648070552,-0.0136843968570161,0.009983702510596668
1058,0.4749999999999836,0.0009275690059318,6.0,-0.0113228213745062,-0.0103952523685744,0.0100134316358614
1059,0.499999999999984,0.0016299596053288,6.0,0.0174403498381604,0.0190703094434892,0.009983711595109152
1060,0.5249999999999844,0.0021275875130557,6.0,0.0138746815996127,0.0160022691126684,0.009880858534258108
1061,0.5499999999999838,0.0026539120797986,6.0,0.0128909662437142,0.0155448783235128,0.00969435549888359
1062,0.5749999999999833,0.0033097761807248,6.0,-0.0076749278126552,-0.0043651516319304,0.009416459358041121
1063,0.5999999999999837,0.0039819857026006,6.0,0.0054600200215095,0.0094420057241101,0.009041833746317986
1064,0.624999999999984,0.0046541952244763,6.0,0.0126658199255799,0.0173200151500562,0.008567211510038922
1065,0.6499999999999835,0.0053264047463521,6.0,-0.005999480648879,-0.0006730759025269,0.007991087993509064
1066,0.674999999999983,0.0056413526426492,6.0,0.0074349935248906,0.0130763461675398,0.007313445057771208
1067,0.6999999999999833,0.00561204937602,6.0,-0.0031975824684578,0.0024144669075621,0.006535504784928159
1068,0.7249999999999837,0.0052103553458293,6.0,0.0037289528614118,0.0089393082072411,0.005659511238676991
1069,0.7499999999999831,0.0048084973516187,6.0,0.0142599197484855,0.0190684171001042,0.004688538319925541
1070,0.7749999999999826,0.0045098832743753,6.0,0.032450903416194,0.0369607866905693,0.0036263215985013284
1071,0.799999999999983,0.0044561759445325,6.0,-0.0116524900891795,-0.007196314144647,0.002477111962724206
1072,0.8249999999999833,0.003217708151307,6.0,-0.0105969636581089,-0.0073792555068019,0.0012455489682837962
1073,0.8499999999999828,0.0018627504361554,6.0,0.0034759110415577,0.0053386614777131,-6.344814175949254e-05
1074,0.8749999999999822,0.0007398252445704,6.0,-0.0049956786507442,-0.0042558534061738,-0.0014447736529105714
1075,0.8999999999999826,0.001407213639905,6.0,-0.0152269634006796,-0.0138197497607746,-0.0028932146005398417
1076,0.924999999999983,0.0021155201468622,6.0,-0.0189873829572875,-0.0168718628104253,-0.004403517621366665
1077,0.9499999999999824,0.0028631412199896,6.0,-0.019971260719867,-0.0171081194998774,-0.005970444915095454
1078,0.974999999999982,0.0037121494166654,6.0,0.0006315902220143,0.0043437396386797,-0.007588820655301254
1079,0.9999999999999822,0.0045611576133413,6.0,-0.018724780121892,-0.0141636225085507,-0.009253569054733374
1080,1.0249999999999826,0.0054101658100172,6.0,-0.0320911836415533,-0.0266810178315361,-0.010959745164620184
1081,1.049999999999982,0.006259174006693,6.0,0.0553934902070513,0.0616526642137443,-0.012702559371272753
1082,1.0749999999999815,0.0072252263158078,6.0,-0.0168931106264124,-0.0096678843106046,-0.014477396446607562
1083,1.099999999999982,0.0079810844520344,6.0,0.0351491951122984,0.0431302795643328,-0.016279829911901647
1084,1.1249999999999822,0.008736942588261,6.0,-0.0230716764664613,-0.0143347338782003,-0.01810563238602454
1085,1.1499999999999817,0.0094928007244876,6.0,-0.0219207950664758,-0.0124279943419882,-0.01995078250987682
1086,1.1749999999999812,0.0104524394384808,6.0,-0.0110600443309788,-0.000607604892498,-0.02181146896741931
1087,1.1999999999999815,0.0115074588519273,6.0,-0.0413118502345466,-0.0298043913826193,-0.023684092059752825
1088,1.224999999999982,0.0125990014585436,6.0,0.0088491413178675,0.0214481427764111,-0.025565263231653465
1089,1.2499999999999811,0.0136985406939283,6.0,-0.0099251104302544,0.0037734302636738,-0.027451802899176148
1090,1.2749999999999808,0.0147980799293131,6.0,0.001596061441255,0.0163941413705681,-0.029340736881811578
1091,1.2999999999999812,0.0158976191646979,6.0,0.0108379205716559,0.0267355397363538,-0.031229291702665488
1092,1.3249999999999815,0.0169971584000827,6.0,-0.0255124529239214,-0.0085152945238387,-0.03311488898472513
1093,1.349999999999981,0.0180663095928068,6.0,-0.0121144683084954,0.0059518412843113,-0.03499513914000005
1094,1.3749999999999805,0.0191256195129695,6.0,0.0142714273759801,0.0333970468889496,-0.036867834520765315
1095,1.3999999999999808,0.0202971079023363,6.0,-0.0207319839800764,-0.0004348760777401,-0.038730942177874234
1096,1.4249999999999812,0.0215164342118016,6.0,-0.015325063756561,0.0061913704552405,-0.040582596349758665
1097,1.4499999999999806,0.0227357605212669,6.0,-0.0147297408528276,0.0080060196684392,-0.04242109078709252
1098,1.47499999999998,0.0239550868307321,6.0,-0.0166867329348647,0.0072683538958673,-0.04424487100163494
1099,1.4999999999999805,0.0251744131401974,6.0,0.0112236139506766,0.036398027090874,-0.04605252651362866
1100,1.5249999999999808,0.0263601360486886,6.0,0.0233352511156748,0.0496953871643634,-0.04784278315946123
1101,1.5499999999999805,0.0275295580737512,6.0,-0.0191156854369378,0.0084138726368133,-0.049614495510622324
1102,1.5749999999999795,0.0287799558965786,6.0,-0.0094326866730671,0.0193472692235114,-0.05136663944550092
1103,1.59999999999998,0.0300320593542245,6.0,-0.0169135507978907,0.0131185085563337,-0.05309830490739969
1104,1.6249999999999805,0.0312664163538653,6.0,0.0184060561055286,0.0496724724593939,-0.05480868887518578
1105,1.64999999999998,0.0325007733535062,6.0,0.0225877312429643,0.0550885045964705,-0.056497088566839236
1106,1.6749999999999794,0.0337351303531469,6.0,-0.0037371156867787,0.0299980146663681,-0.058162894891095294
1107,1.6999999999999795,0.0349779252026618,6.0,0.0211359395644906,0.0561138647671524,-0.05980558615782228
1108,1.72499999999998,0.0362232289417651,6.0,0.0154972995893562,0.0517205285311213,-0.06142472205407103
1109,1.7499999999999796,0.0374685326808684,6.0,0.0011811491305564,0.0386496818114248,-0.06301993788956742
1110,1.774999999999979,0.0387165967635324,6.0,0.009577555218754,0.0482941519822864,-0.06459093911264066
1111,1.7999999999999794,0.0401411919740769,6.0,-0.0025612595761559,0.0375799323979209,-0.06613749609545794
1112,1.82499999999998,0.0415657871846213,6.0,0.0165486164794096,0.0581144036640309,-0.06765943918546635
1113,1.8499999999999792,0.0429903823951658,6.0,-0.0251539027017484,0.0178364796934174,-0.06915665401850968
1114,1.874999999999979,0.0444123820546775,6.0,0.002733148192018,0.0471455302466955,-0.0706290770877994
1115,1.899999999999979,0.0458327564610953,6.0,-0.0116626454257734,0.0341701110353219,-0.07207669156195985
1116,1.92499999999998,0.0472531308675131,6.0,-0.0108257658672795,0.0364273650002335,-0.07349952334458791
1117,1.9499999999999789,0.0485104160336308,6.0,-0.0231292714407847,0.025381144592846,-0.07489763736718877
1118,1.9749999999999783,0.0492820115629538,6.0,-0.0224957826637508,0.0267862288992029,-0.07627113410692914
1119,1.999999999999979,0.0501078380527383,6.0,0.0085719198601808,0.0586797579129191,-0.07762014632033692
1120,-1.9750000000000072,0.0245067062015338,7.0,-0.0218379542922269,0.0026687519093068,0.012709681395104672
1121,-1.9500000000000075,0.0330383076295081,7.0,0.0065772507210353,0.0396155583505434,0.027574973382082413
1122,-1.925000000000008,0.0415699090574826,7.0,0.0122959447582452,0.0538658538157278,0.03989551547718742
1123,-1.900000000000008,0.0501015104854569,7.0,-0.023459060636067,0.0266424498493898,0.04978408984784968
1124,-1.8750000000000075,0.0586331119134313,7.0,-0.005238065077768,0.0533950468356632,0.05804571702437232
1125,-1.850000000000008,0.0671647133414055,7.0,0.0214539891091825,0.088618702450588,0.06624486605849698
1126,-1.825000000000008,0.0797425650235745,7.0,-0.0084088821582149,0.0713336828653595,0.076321703889783
1127,-1.8000000000000078,0.0904631321938731,7.0,-0.0157155784134729,0.0747475537804001,0.08958491091710266
1128,-1.775000000000008,0.1001024509316079,7.0,0.0142538096778614,0.1143562606094693,0.10547710231775505
1129,-1.750000000000008,0.1089356122585687,7.0,0.0159165171351964,0.1248521293937651,0.1212922524141358
1130,-1.725000000000008,0.1175208735813384,7.0,0.0054915638703113,0.1230124374516497,0.1336858128155834
1131,-1.7000000000000082,0.1256905433664142,7.0,0.0055493169800577,0.1312398603464719,0.14082843486104257
1132,-1.6750000000000085,0.1284958890975505,7.0,0.0071374044329742,0.1356332935305247,0.14314925866304365
1133,-1.6500000000000083,0.1304898354422828,7.0,-0.016024776733462,0.1144650587088207,0.14242704131783557
1134,-1.6250000000000084,0.1336528092819749,7.0,0.0132817243177086,0.1469345335996835,0.14055938472226395
1135,-1.6000000000000083,0.1374227036241072,7.0,-0.007970758764875,0.1294519448592321,0.1389140760345964
1136,-1.5750000000000086,0.1411925979662374,7.0,-0.0106446276207143,0.130547970345523,0.13824885143570856
1137,-1.5500000000000087,0.144945558875698,7.0,0.0273344755824479,0.1722800344581459,0.13887523855664033
1138,-1.5250000000000088,0.1482816987151229,7.0,0.0127573826034499,0.1610390813185728,0.14084276787730757
1139,-1.5000000000000089,0.1516178385545478,7.0,-0.0194712644449961,0.1321465741095517,0.14406541479886642
1140,-1.475000000000009,0.1549539783939738,7.0,-0.0379958794666555,0.1169580989273182,0.14838797549598534
1141,-1.450000000000009,0.1582901182333988,7.0,0.0211383917283081,0.179428509961707,0.1536127159458481
1142,-1.4250000000000091,0.1616262580728243,7.0,0.0025841447184524,0.1642104027912767,0.15950687925856716
1143,-1.4000000000000092,0.1649623979122494,7.0,-0.0043767757773585,0.1605856221348908,0.16580569571682932
1144,-1.375000000000009,0.1682985377516744,7.0,-0.0022798106596143,0.16601872709206,0.1722191491278022
1145,-1.3500000000000094,0.1716346775910992,7.0,0.0294337115882998,0.201068389179399,0.17844555079406385
1146,-1.3250000000000095,0.1749708174305251,7.0,0.0024675544138503,0.1774383718443754,0.18419143505122837
1147,-1.3000000000000096,0.178306957269951,7.0,0.00156168292631,0.1798686401962611,0.18919551525736178
1148,-1.2750000000000097,0.1822241902260316,7.0,0.0252699055139768,0.2074940957400085,0.1932542122718282
1149,-1.2500000000000098,0.1861617530367056,7.0,0.0092897813846129,0.1954515344213185,0.19624709143193655
1150,-1.22500000000001,0.1900869071999509,7.0,-0.004676357553533,0.1854105496464178,0.19816178402105789
1151,-1.20000000000001,0.1922613186915813,7.0,0.0088437124990231,0.2011050311906044,0.19911901042055324
1152,-1.17500000000001,0.1944357301832113,7.0,0.0052867913513178,0.1997225215345292,0.19939852156541668
1153,-1.15000000000001,0.1966101416748417,7.0,0.0012838928960065,0.1978940345708482,0.1994648344239217
1154,-1.1250000000000102,0.199083506890489,7.0,0.0168530125060272,0.2159365193965162,0.19998361568130943
1155,-1.1000000000000103,0.202005069260845,7.0,0.0088593408681921,0.2108644101290371,0.2017946860375248
1156,-1.0750000000000104,0.2052063752520097,7.0,-0.0166052338545238,0.1886011413974858,0.20574636069288726
1157,-1.0500000000000105,0.2084076812431745,7.0,-0.0049821730739967,0.2034255081691777,0.21220439236894692
1158,-1.0250000000000106,0.2116268214671814,7.0,0.0022988788647017,0.2139257003318831,0.22012105736491636
1159,-1.0000000000000109,0.2148747264182166,7.0,0.0187409460258846,0.2336156724441012,0.22633265694128704
1160,-0.9750000000000107,0.2181226313692526,7.0,0.0364012395054733,0.2545238708747259,0.2270299636282413
1161,-0.9500000000000108,0.2213705363202881,7.0,-0.0272563229025814,0.1941142134177066,0.2217662987009927
1162,-0.9250000000000108,0.2246184412713228,7.0,-0.0052585824169085,0.2193598588544142,0.21515430176262235
1163,-0.900000000000011,0.2278663462223587,7.0,-0.0112268243010781,0.2166395219212805,0.21284266553913928
1164,-0.8750000000000111,0.2314019622627938,7.0,0.0048240253945556,0.2362259876573494,0.21688295790361029
1165,-0.8500000000000112,0.2362625718101383,7.0,-0.0084521240060123,0.2278104478041259,0.22550589595771173
1166,-0.8250000000000113,0.2413732607692881,7.0,-0.0291472765036616,0.2122259842656264,0.23576204139676957
1167,-0.8000000000000114,0.2464839497284373,7.0,-0.0107442075846562,0.235739742143781,0.2457611909871671
1168,-0.7750000000000115,0.2517385606950867,7.0,0.0389978517086561,0.2907364124037428,0.2553452443493216
1169,-0.7500000000000115,0.2620285395660352,7.0,-0.0312212943342448,0.2308072452317904,0.26560805742271654
1170,-0.7250000000000116,0.2794852278150145,7.0,0.0142438765604457,0.2937291043754602,0.27801463415406996
1171,-0.7000000000000117,0.2966980173000615,7.0,-0.0239475408866725,0.2727504764133889,0.2936631273248379
1172,-0.6750000000000118,0.3139108067851093,7.0,0.0035779854756598,0.3174887922607691,0.31292100351792057
1173,-0.6500000000000119,0.3348162764718126,7.0,0.0092382354759286,0.3440545119477412,0.33542017226938176
1174,-0.625000000000012,0.3574174393907105,7.0,0.0148261940121831,0.3722436334028937,0.36027359825983596
1175,-0.6000000000000121,0.379933078703813,7.0,-0.0049575037731126,0.3749755749307003,0.3863651362552507
1176,-0.5750000000000122,0.3971826255801936,7.0,0.0512649877201571,0.4484476133003507,0.41261143829662505
1177,-0.5500000000000123,0.4114428498804849,7.0,-0.0048327995990578,0.4066100502814271,0.4381503393832289
1178,-0.5250000000000123,0.4397935486495268,7.0,0.0331750473087343,0.4729685959582612,0.4624500164934865
1179,-0.5000000000000124,0.4614525410396684,7.0,0.0166915555224672,0.4781440965621356,0.48535339971613284
1180,-0.4750000000000125,0.4837466007799287,7.0,0.0148394852308263,0.498586086010755,0.5070771264352201
1181,-0.4500000000000126,0.5109784292291759,7.0,0.0240595984849805,0.5350380277141565,0.5281793092034351
1182,-0.4250000000000127,0.5385119532703375,7.0,0.0110190301266361,0.5495309833969737,0.549499849593378
1183,-0.4000000000000128,0.5695218469978088,7.0,-0.0003827551756929,0.569139091822116,0.5720640352189419
1184,-0.3750000000000129,0.6003544157236049,7.0,0.0088942939507654,0.6092487096743704,0.5969276311844107
1185,-0.3500000000000129,0.631311221306317,7.0,-0.0136897185729087,0.6176215027334082,0.6249343515353848
1186,-0.325000000000013,0.6638242661435599,7.0,-0.0061290981860863,0.6576951679574735,0.6563638825812546
1187,-0.3000000000000131,0.6963373109808018,7.0,0.00606158547675,0.7023988964575518,0.6904889260880902
1188,-0.2750000000000132,0.7296364530205923,7.0,0.0029576145061499,0.7325940675267423,0.7251647199284514
1189,-0.2500000000000133,0.761350892391305,7.0,-0.0118788930521179,0.7494719993391871,0.7567749306806236
1190,-0.2250000000000134,0.7761390557754102,7.0,-0.0100108944036337,0.7661281613717765,0.7810803625420034
1191,-0.2000000000000135,0.7853400429878629,7.0,0.0300623055407166,0.8154023485285795,0.7953323954275754
1192,-0.1750000000000136,0.7939665103353001,7.0,-0.0206315430543977,0.7733349672809023,0.8007157374773402
1193,-0.1500000000000136,0.801880629302526,7.0,0.0266067533914623,0.8284873826939884,0.8024350260250772
1194,-0.1250000000000137,0.8083610537368284,7.0,0.0019047437702373,0.8102657975070657,0.8059226917758666
1195,-0.1000000000000138,0.812645577947034,7.0,-0.0187545812752979,0.793890996671736,0.8124070820982753
1196,-0.0750000000000139,0.8169827081436702,7.0,0.0196585080085326,0.8366412161522029,0.8185762694321421
1197,-0.050000000000014,0.8162106099022933,7.0,0.0056408388990098,0.8218514488013032,0.8201423884116033
1198,-0.0250000000000141,0.8052363809961329,7.0,0.0182784675009143,0.8235148484970473,0.8151866461634554
1199,-1.4210854715202004e-14,0.7969243255727109,7.0,-0.0034776803068233,0.7934466452658876,0.8048131067571543
1200,0.0249999999999861,0.7886122701492888,7.0,-0.0027155663316812,0.7858967038176076,0.7918585333502636
1201,0.0499999999999856,0.7804725736512419,7.0,0.0332336339721735,0.8137062076234154,0.7793550949763779
1202,0.074999999999985,0.7810992020136094,7.0,0.0114997644072508,0.7925989664208603,0.7696242137025857
1203,0.0999999999999854,0.7780404806716533,7.0,-0.0339539291362351,0.7440865515354181,0.7640218078936726
1204,0.1249999999999857,0.7666710377743224,7.0,0.016492707234398,0.7831637450087205,0.7630519510906436
1205,0.1499999999999852,0.7643774267777238,7.0,-0.015650795717888,0.7487266310598358,0.7666050144414297
1206,0.1749999999999847,0.768232268408882,7.0,0.0283222836013125,0.7965545520101945,0.7741912604144537
1207,0.199999999999985,0.7864146418037808,7.0,0.0057639831393699,0.7921786249431508,0.7851239509317907
1208,0.2249999999999854,0.8078697669918439,7.0,-0.00434733768212,0.8035224293097238,0.798646911750155
1209,0.2499999999999849,0.8251928189187961,7.0,-0.0228826565383941,0.802310162380402,0.8140161343375909
1210,0.2749999999999843,0.8397429113396181,7.0,-0.005265216851541,0.8344776944880771,0.8305475885104143
1211,0.2999999999999847,0.8486877552837818,7.0,-0.0084285335976075,0.8402592216861743,0.8476417602194046
1212,0.3249999999999851,0.8559214518655519,7.0,-0.0103432250011799,0.8455782268643719,0.8647928830020517
1213,0.3499999999999845,0.873819132864176,7.0,0.0077495694869007,0.8815687023510768,0.8815885548149166
1214,0.374999999999984,0.8828552266835948,7.0,0.0284110267212308,0.9112662534048256,0.8977036786030858
1215,0.3999999999999843,0.9052808414751452,7.0,-0.0094962388585556,0.8957846026165895,0.9128913901992716
1216,0.4249999999999847,0.9313891399961362,7.0,-0.025499912979653,0.9058892270164832,0.9269727312717897
1217,0.4499999999999842,0.9388637463239016,7.0,0.0330315256121263,0.971895271936028,0.9398261879702086
1218,0.4749999999999836,0.9508832631372734,7.0,0.0039604281224635,0.954843691259737,0.9513777720623714
1219,0.499999999999984,0.9624173094047912,7.0,0.053890014523235,1.0163073239280265,0.9615920165906284
1220,0.5249999999999844,0.9733745787485476,7.0,0.0180825156319922,0.99145709438054,0.9704640536745631
1221,0.5499999999999838,0.9837839655601356,7.0,-0.0100871664335957,0.9736967991265398,0.9780128098456905
1222,0.5749999999999833,0.9916391430355106,7.0,-0.0023505467744701,0.9892885962610404,0.9842752733153879
1223,0.5999999999999837,0.9979723897429352,7.0,0.0137006554555267,1.011673045198462,0.989301742253319
1224,0.624999999999984,1.0,7.0,0.0261688308488053,1.0261688308488053,0.9931519419095306
1225,0.6499999999999835,0.9983465832559274,7.0,-0.0067381456753869,0.9916084375805404,0.9958918927784443
1226,0.674999999999983,0.9973073049127912,7.0,-0.0035908399628196,0.9937164649499716,0.9975914159202042
1227,0.6999999999999833,0.9962130152329816,7.0,-0.041078465189727,0.9551345500432544,0.9983221708157798
1228,0.7249999999999837,0.99350758504877,7.0,0.021805358187821,1.015312943236591,0.99815613291442
1229,0.7499999999999831,0.9902625959181772,7.0,-0.0172694979358175,0.9729930979823596,0.9971644305233146
1230,0.7749999999999826,0.9867943393101418,7.0,-0.012334777494018,0.9744595618161238,0.9954164727953952
1231,0.799999999999983,0.9857314544309704,7.0,-0.028525675209309,0.9572057792216614,0.9929793116870222
1232,0.8249999999999833,0.9847724948622074,7.0,-0.0196728744567286,0.9650996204054788,0.9899171906038166
1233,0.8499999999999828,0.9838135352934448,7.0,0.0153512621675849,0.9991647974610298,0.9862912409545532
1234,0.8749999999999822,0.9821403961417812,7.0,-0.0047493208269584,0.9773910753148228,0.9821592950358379
1235,0.8999999999999826,0.9799557730587574,7.0,-0.0014427690278638,0.9785130040308936,0.9775757896861157
1236,0.924999999999983,0.9803196507541344,7.0,-0.0090400098695771,0.9712796408845572,0.9725917401166859
1237,0.9499999999999824,0.981035336711604,7.0,0.0062502761485549,0.9872856128601588,0.9672547673972236
1238,0.974999999999982,0.9819738101600828,7.0,0.004210264535721,0.9861840746958038,0.9616091663849741
1239,0.9999999999999822,0.9804986425498486,7.0,-0.0112443859334661,0.9692542566163824,0.9556960035680248
1240,1.0249999999999826,0.9789903486741238,7.0,-0.030258281889558,0.9487320667845658,0.9495532364560374
1241,1.049999999999982,0.9774820547983992,7.0,-0.0245000369128785,0.9529820178855206,0.943215847892094
1242,1.0749999999999815,0.9759737609226744,7.0,0.0104728673836477,0.986446628306322,0.9367159900569406
1243,1.099999999999982,0.9744654670469493,7.0,0.0249225243407774,0.9993879913877268,0.9300831340584267
1244,1.1249999999999822,0.9729571731712248,7.0,0.0323414863560074,1.0052986595272322,0.9233442218979208
1245,1.1499999999999817,0.9712723451054092,7.0,0.0065160994874459,0.9777884445928552,0.9165238183264844
1246,1.1749999999999812,0.9693732996176848,7.0,0.0085820666245566,0.9779553662422414,0.9096442606813144
1247,1.1999999999999815,0.9674742541299606,7.0,0.0126529582317972,0.9801272123617578,0.9027258052563715
1248,1.224999999999982,0.965575208642236,7.0,0.031992620631426,0.997567829273662,0.8957867691321795
1249,1.2499999999999811,0.9636256617612232,7.0,-0.0082374105873402,0.955388251173883,0.8888436666874477
1250,1.2749999999999808,0.9613490881388466,7.0,-0.0245122963479976,0.9368367917908488,0.8819113402528818
1251,1.2999999999999812,0.9589373242342034,7.0,0.0146728151133429,0.9736101393475464,0.875003084557699
1252,1.3249999999999815,0.9568325651387658,7.0,0.0517966350213328,1.0086292001600987,0.8681307647704467
1253,1.349999999999981,0.955246283539652,7.0,-0.0026895009673808,0.9525567825722712,0.8613049280556004
1254,1.3749999999999805,0.9536805331868063,7.0,0.006395909624649,0.9600764428114554,0.8545349086615441
1255,1.3999999999999808,0.9521147828339606,7.0,-0.0030443247224518,0.9490704581115088,0.8478289266291162
1256,1.4249999999999812,0.9505490324811152,7.0,-0.0164888791219369,0.9340601533591782,0.8411941802663341
1257,1.4499999999999806,0.9489832821282692,7.0,-0.0005177324544251,0.948465549673844,0.8346369325777365
1258,1.47499999999998,0.947417531775424,7.0,-0.0284710896725639,0.91894644210286,0.8281625918681393
1259,1.4999999999999805,0.9458517814225782,7.0,0.0187123631224989,0.9645641445450772,0.8217757867629844
1260,1.5249999999999808,0.9437114656301824,7.0,-0.0118743645401672,0.9318371010900152,0.8154804359022382
1261,1.5499999999999805,0.9400233446875538,7.0,0.020083983432853,0.9601073281204068,0.8092798125736067
1262,1.5749999999999795,0.9379730357627832,7.0,-0.0061080435409628,0.9318649922218204,0.8031766045547261
1263,1.59999999999998,0.938579313262773,7.0,-0.011839671919343,0.92673964134343,0.7971729694340759
1264,1.6249999999999805,0.9391855907627624,7.0,-0.019248615309447,0.9199369754533154,0.7912705856772194
1265,1.64999999999998,0.939791868262752,7.0,0.0097446576286852,0.9495365258914372,0.7854706996995532
1266,1.6749999999999794,0.9403981457627416,7.0,-0.0342367672834889,0.9061613784792528,0.7797741691993749
1267,1.6999999999999795,0.9410044232627311,7.0,-0.0336230180927509,0.9073814051699802,0.7741815029963685
1268,1.72499999999998,0.9420566821096408,7.0,-0.0291731536367809,0.9128835284728598,0.7686928976108394
1269,1.7499999999999796,0.943442975015776,7.0,-0.0211526937621493,0.9222902812536268,0.7633082708086062
1270,1.774999999999979,0.9448292679219108,7.0,-0.0135096729341802,0.9313195949877304,0.7580272923255491
1271,1.7999999999999794,0.9461946542606244,7.0,-0.0041601823376507,0.9420344719229736,0.7528494119747834
1272,1.82499999999998,0.9463088291249748,7.0,-0.0021115578086012,0.9441972713163737,0.7477738853281535
1273,1.8499999999999792,0.9464230039893244,7.0,-0.0130185146855494,0.9334044893037752,0.7427997971527962
1274,1.874999999999979,0.9465142737182964,7.0,0.0120068223199418,0.9585210960382382,0.7379260827725856
1275,1.899999999999979,0.9460869824399488,7.0,0.0261036211659841,0.972190603605933,0.7331515475136626
1276,1.92499999999998,0.945514623934704,7.0,-0.0032762917993902,0.9422383321353138,0.7284748843830252
1277,1.9499999999999789,0.9449422654294596,7.0,-0.000343936830959,0.9445983285985006,0.7238946901192984
1278,1.9749999999999783,0.9443699069242146,7.0,0.0020305875609833,0.946400494485198,0.7194094797453598
1279,1.999999999999979,0.94379754841897,7.0,0.0014513688636556,0.9452489172826256,0.715017699743387
1280,-1.9750000000000072,0.5398072360025986,8.0,-0.004909897968135,0.5348973380344636,0.5144627306508208
1281,-1.9500000000000075,0.5471025341433434,8.0,-0.0315959017331443,0.5155066324101991,0.5302253026197163
1282,-1.925000000000008,0.5544830348072921,8.0,-0.0121939628267835,0.5422890719805085,0.5444373117972315
1283,-1.900000000000008,0.5618885139151025,8.0,-0.0067604987505112,0.5551280151645913,0.5566094139352726
1284,-1.8750000000000075,0.5692939930229102,8.0,0.0024696878187961,0.5717636808417063,0.5663897134708079
1285,-1.850000000000008,0.5766994721307169,8.0,-0.0330042831180766,0.5436951890126402,0.5737458848917157
1286,-1.825000000000008,0.584104951238525,8.0,0.0071022744938488,0.5912072257323738,0.579184781754722
1287,-1.8000000000000078,0.5915104303463318,8.0,0.014410457858727,0.6059208882050588,0.5839144504525274
1288,-1.775000000000008,0.5989159094541405,8.0,-0.0113566169337291,0.5875592925204114,0.589756483740292
1289,-1.750000000000008,0.6063213885619468,8.0,-0.0197009329179488,0.586620455643998,0.5985839961320079
1290,-1.725000000000008,0.6137268676697555,8.0,-0.0129707229331984,0.600756144736557,0.6112897095497082
1291,-1.7000000000000082,0.6211323467775629,8.0,-0.0185775383047804,0.6025548084727824,0.6268798480755907
1292,-1.6750000000000085,0.6285378258853715,8.0,0.0238728022254255,0.6524106281107971,0.6427045522855221
1293,-1.6500000000000083,0.6359433049931785,8.0,0.0346455962947571,0.6705889012879357,0.6560237093665134
1294,-1.6250000000000084,0.6433487841009848,8.0,-0.0044089184374624,0.6389398656635223,0.6655504484662781
1295,-1.6000000000000083,0.6507542632087939,8.0,0.0273747592724543,0.6781290224812483,0.6716566857354342
1296,-1.5750000000000086,0.6581597423166009,8.0,0.0146628715031081,0.6728226138197091,0.6755495952848705
1297,-1.5500000000000087,0.6655652214244091,8.0,0.0252027417685375,0.6907679631929466,0.6784513410223694
1298,-1.5250000000000088,0.6729707005322161,8.0,-0.0081508374490354,0.6648198630831806,0.6812421648271084
1299,-1.5000000000000089,0.6803761796400228,8.0,0.0073376344018154,0.6877138140418383,0.6844500332641376
1300,-1.475000000000009,0.6877816587478308,8.0,0.0341122403975561,0.7218938991453869,0.6883604498876582
1301,-1.450000000000009,0.6951871378556393,8.0,0.0032045488420738,0.6983916866977131,0.6931193622351133
1302,-1.4250000000000091,0.7025926169634454,8.0,-0.0282468922751826,0.6743457246882627,0.6987931324170212
1303,-1.4000000000000092,0.7099980960712541,8.0,-0.0160222832999331,0.6939758127713209,0.7053903676327046
1304,-1.375000000000009,0.7169688031981489,8.0,-0.0208926821885656,0.6960761210095833,0.7128611413968468
1305,-1.3500000000000094,0.7238569133712208,8.0,0.0192989933153729,0.7431559066865937,0.721088442828561
1306,-1.3250000000000095,0.7307450235442943,8.0,0.0049541556685755,0.7356991792128699,0.7298827081743394
1307,-1.3000000000000096,0.7382757168988909,8.0,-0.0188473569085739,0.719428359990317,0.7389856826692247
1308,-1.2750000000000097,0.7462274826714804,8.0,0.0017706281064844,0.747998110777965,0.7480856580739876
1309,-1.2500000000000098,0.75417924844407,8.0,-0.001723663430017,0.752455585014053,0.7568430128786426
1310,-1.22500000000001,0.7621310142166601,8.0,-0.0355203769932285,0.7266106372234316,0.7649233927558536
1311,-1.20000000000001,0.7700827799892501,8.0,0.0123883432379942,0.7824711232272444,0.7720358750672255
1312,-1.17500000000001,0.7780345457618391,8.0,0.0017557887789718,0.7797903345408109,0.7779747542750015
1313,-1.15000000000001,0.7859863115344284,8.0,0.0308752066678734,0.8168615182023019,0.7826656606718266
1314,-1.1250000000000102,0.7904654717761104,8.0,-0.0072269034600626,0.7832385683160478,0.7862190010935547
1315,-1.1000000000000103,0.7936927220992397,8.0,-0.0042202557435411,0.7894724663556986,0.7889948569521562
1316,-1.0750000000000104,0.7969199724223687,8.0,-0.0023512354322062,0.7945687369901625,0.7916776625070651
1317,-1.0500000000000105,0.8001472227454987,8.0,-0.0201483427213439,0.7799988800241546,0.7953235946989432
1318,-1.0250000000000106,0.8033744730686273,8.0,0.0270813766901487,0.8304558497587761,0.8012191145106955
1319,-1.0000000000000109,0.806601723391757,8.0,-0.0045512538086351,0.8020504695831218,0.8101383346993453
1320,-0.9750000000000107,0.8098289737148856,8.0,-0.0073245053323335,0.8025044683825521,0.8206763050374337
1321,-0.9500000000000108,0.8130562240380155,8.0,0.020633660569466,0.8336898846074815,0.8282670012017372
1322,-0.9250000000000108,0.8167782410492975,8.0,0.0032446855257346,0.8200229265750322,0.8288267909452405
1323,-0.900000000000011,0.8211620720716777,8.0,-0.0012188013694154,0.8199432707022623,0.824772419009889
1324,-0.8750000000000111,0.8255459030940581,8.0,-0.0184415188651238,0.8071043842289343,0.8232426332377567
1325,-0.8500000000000112,0.8299297341164389,8.0,0.0063762004121261,0.836305934528565,0.8281959764426872
1326,-0.8250000000000113,0.8343135651388197,8.0,-0.0323910558818116,0.801922509257008,0.8376395088085562
1327,-0.8000000000000114,0.8386973961611993,8.0,0.0295209238660166,0.868218320027216,0.8468866781720974
1328,-0.7750000000000115,0.8430812271835797,8.0,-0.0037405068218394,0.8393407203617402,0.8521686908027284
1329,-0.7500000000000115,0.8418813356304525,8.0,0.0017515784180298,0.8436329140484824,0.8520439088923536
1330,-0.7250000000000116,0.8394298630121028,8.0,0.016278389311248,0.8557082523233508,0.8471209243719021
1331,-0.7000000000000117,0.8369783903937539,8.0,-0.0198979472269863,0.8170804431667675,0.8391361923231055
1332,-0.6750000000000118,0.8344652421770153,8.0,-0.0188243996442947,0.8156408425327206,0.8300431660048376
1333,-0.6500000000000119,0.8319324080982944,8.0,-0.0050951677447279,0.8268372403535664,0.8214031960074888
1334,-0.625000000000012,0.8293995740195724,8.0,0.0394271204198307,0.8688266944394032,0.8141345731536592
1335,-0.6000000000000121,0.8268667399408514,8.0,-0.0371615822973884,0.7897051576434629,0.8085392781630819
1336,-0.5750000000000122,0.8237499251321351,8.0,0.0124067245611075,0.8361566496932427,0.8044767861672059
1337,-0.5500000000000123,0.8136838898303603,8.0,-0.0032089923017403,0.81047489752862,0.8015712358572921
1338,-0.5250000000000123,0.8010916363364765,8.0,0.0133466932664269,0.8144383296029035,0.7993847328097688
1339,-0.5000000000000124,0.7997506828134809,8.0,-0.0456745994150981,0.7540760833983827,0.7975333081055846
1340,-0.4750000000000125,0.8007283478915851,8.0,-0.0075834218722152,0.7931449260193698,0.7957494247120068
1341,-0.4500000000000126,0.8017576809412444,8.0,-0.006962523743218,0.7947951571980264,0.79390637174663
1342,-0.4250000000000127,0.8028824325182174,8.0,0.0186067026491814,0.821489135167399,0.792021078278791
1343,-0.4000000000000128,0.8038353015237546,8.0,-0.0273582939791212,0.7764770075446333,0.790248145840684
1344,-0.3750000000000129,0.8044390036852294,8.0,-0.0033728568728586,0.8010661468123708,0.7888724869986098
1345,-0.3500000000000129,0.8049039173996355,8.0,-0.0232171435454247,0.7816867738542108,0.7883022023567563
1346,-0.325000000000013,0.8054508484306111,8.0,-0.0399135979850495,0.7655372504455615,0.7890574083373147
1347,-0.3000000000000131,0.7993888698080002,8.0,0.0278873794019583,0.8272762492099585,0.7917444783577852
1348,-0.2750000000000132,0.7927943176374033,8.0,0.0148248429287532,0.8076191605661565,0.7969989436221593
1349,-0.2500000000000133,0.7910969160881955,8.0,0.0033109458180621,0.7944078619062577,0.8053760835607342
1350,-0.2250000000000134,0.8107217308610583,8.0,0.0101716771275316,0.8208934079885899,0.8171709408599506
1351,-0.2000000000000135,0.8303465456339212,8.0,0.0019363733001883,0.8322829189341096,0.8321683462874958
1352,-0.1750000000000136,0.8394567307168247,8.0,0.0158022915725044,0.8552590222893292,0.8493719859787059
1353,-0.1500000000000136,0.8456993997191019,8.0,-0.0047255149591031,0.8409738847599987,0.8668500933311512
1354,-0.1250000000000137,0.86229764174603,8.0,0.0297621475029354,0.8920597892489655,0.8819420357834499
1355,-0.1000000000000138,0.8816046433846205,8.0,0.0105476662171734,0.892152309601794,0.8920772348227729
1356,-0.0750000000000139,0.8934001075072442,8.0,-0.0085820806563989,0.8848180268508452,0.8961337509608398
1357,-0.050000000000014,0.8948515160515009,8.0,0.0138145827903797,0.9086660988418808,0.8955386408975468
1358,-0.0250000000000141,0.8923010006136097,8.0,0.0245226339692013,0.9168236345828112,0.8938552561963881
1359,-1.4210854715202004e-14,0.8953719371777666,8.0,-0.0304888092273069,0.8648831279504597,0.8945738412264053
1360,0.0249999999999861,0.8988681790322941,8.0,-0.0190646161009845,0.8798035629313096,0.8988009873339566
1361,0.0499999999999856,0.901177377964184,8.0,0.0022911316497397,0.9034685096139238,0.904911627375595
1362,0.074999999999985,0.9040709440153584,8.0,0.0061731460922369,0.9102440901075952,0.9101833507947291
1363,0.0999999999999854,0.9066158800200532,8.0,0.0155739555994231,0.9221898356194764,0.9126905539524189
1364,0.1249999999999857,0.9091608160247476,8.0,0.0229073066506945,0.932068122675442,0.912103926825264
1365,0.1499999999999852,0.9086266159351162,8.0,0.0344615775908276,0.9430881935259438,0.909367221343566
1366,0.1749999999999847,0.9086896104760408,8.0,-0.0032670053821638,0.905422605093877,0.9059369353913399
1367,0.199999999999985,0.9102206995193824,8.0,0.0240811504962561,0.9343018500156386,0.9031537864354919
1368,0.2249999999999854,0.911751788562724,8.0,-0.041944875655361,0.869806912907363,0.901932460635706
1369,0.2499999999999849,0.9129330036987744,8.0,-0.0138773890954948,0.8990556146032795,0.9027099948850984
1370,0.2749999999999843,0.9136626429905252,8.0,-0.0179033630943858,0.8957592798961393,0.9055303088215169
1371,0.2999999999999847,0.9160433188837248,8.0,-0.0040558776569548,0.91198744122677,0.9101703561082919
1372,0.3249999999999851,0.9191948707093592,8.0,0.0082430637116494,0.9274379344210086,0.9162575168376034
1373,0.3499999999999845,0.9241584627911256,8.0,-0.00315109917982,0.9210073636113056,0.9233596355356156
1374,0.374999999999984,0.928894499559894,8.0,0.0240385453007633,0.9529330448606572,0.9310458694890428
1375,0.3999999999999843,0.9331915796773784,8.0,-0.0158858724478617,0.9173057072295168,0.938923239471742
1376,0.4249999999999847,0.9377927583813284,8.0,-0.0035665508107424,0.934226207570586,0.9466553183852685
1377,0.4499999999999842,0.9435195190059564,8.0,-0.0253747934145455,0.9181447255914108,0.9539688660051442
1378,0.4749999999999836,0.9539743753958848,8.0,0.0057303974410655,0.9597047728369504,0.9606529401014129
1379,0.499999999999984,0.9675757467130194,8.0,-0.0307147884233371,0.9368609582896822,0.9665537367793275
1380,0.5249999999999844,0.9916973784428988,8.0,0.0184576438655816,1.0101550223084803,0.9715673591385099
1381,0.5499999999999838,0.999009608399778,8.0,-0.0004124304905611,0.9985971779092168,0.9756319209361923
1382,0.5749999999999833,0.9999614379108768,8.0,-0.0415680267033239,0.9583934112075528,0.9787198296078599
1383,0.5999999999999837,0.9999999999999998,8.0,-0.0345724254858691,0.9654275745141306,0.9808307114334124
1384,0.624999999999984,0.9999245487739638,8.0,0.0109938236512056,1.0109183724251694,0.9819851933919334
1385,0.6499999999999835,0.9915582331065868,8.0,-0.0139292621598772,0.9776289709467096,0.982219602147729
1386,0.674999999999983,0.9813434169100004,8.0,-0.0058434604523322,0.975499956457668,0.981581550657653
1387,0.6999999999999833,0.9718283121049504,8.0,0.0117145312243246,0.983542843329275,0.9801263351744969
1388,0.7249999999999837,0.9752772178417304,8.0,0.0129181818939152,0.9881953997356456,0.9779140444944948
1389,0.7499999999999831,0.9829703571629588,8.0,0.002581635578168,0.9855519927411268,0.9750072785940187
1390,0.7749999999999826,0.985607067748678,8.0,-0.0309860532794107,0.9546210144692672,0.9714693783065771
1391,0.799999999999983,0.9926557225407092,8.0,0.0085340237738489,1.001189746314558,0.967363076894103
1392,0.8249999999999833,0.9819411554441544,8.0,0.0010010910782027,0.9829422465223572,0.9627494954702001
1393,0.8499999999999828,0.969301351059618,8.0,-0.003049521814981,0.9662518292446368,0.9576874155864977
1394,0.8749999999999822,0.9550594126440888,8.0,-0.0217386030717027,0.933320809572386,0.9522327729899325
1395,0.8999999999999826,0.942578935447654,8.0,-0.0088484951388959,0.933730440308758,0.9464383261591588
1396,0.924999999999983,0.9306696179289584,8.0,-0.0120536986137437,0.9186159193152148,0.9403534615768255
1397,0.9499999999999824,0.919470651059788,8.0,0.0087694869084711,0.9282401379682592,0.9340241047970961
1398,0.974999999999982,0.9118190483829952,8.0,0.005275925193075,0.9170949735760704,0.9274927123169093
1399,0.9999999999999822,0.916487264557544,8.0,0.0160129756811654,0.9325002402387096,0.9207983241853955
1400,1.0249999999999826,0.9223111834917904,8.0,0.0150265334394066,0.937337716931197,0.9139766613299611
1401,1.049999999999982,0.926385272273918,8.0,-0.0113048630128649,0.915080409261053,0.9070602548762666
1402,1.0749999999999815,0.9213864926558184,8.0,-0.0129150125190416,0.9084714801367768,0.9000785974167596
1403,1.099999999999982,0.9130655417727964,8.0,-0.0011565956851604,0.911908946087636,0.8930583083472273
1404,1.1249999999999822,0.9069215853790784,8.0,-0.0182026262148717,0.8887189591642066,0.8860233071353887
1405,1.1499999999999817,0.8992885654925136,8.0,0.0099718285940428,0.9092603940865563,0.8789949897878537
1406,1.1749999999999812,0.8916555456059492,8.0,0.0104751993585557,0.902130744964505,0.8719924049057444
1407,1.1999999999999815,0.884022525719385,8.0,-0.0014176548394986,0.8826048708798864,0.8650324266179403
1408,1.224999999999982,0.8763895058328202,8.0,-0.0142280968066104,0.8621614090262097,0.85812992239725
1409,1.2499999999999811,0.8687564859462555,8.0,-0.0419411802788086,0.8268153056674469,0.851297914333788
1410,1.2749999999999808,0.8616104886978123,8.0,-0.0100749978207896,0.8515354908770227,0.8445477328898147
1411,1.2999999999999812,0.8545420688731125,8.0,-0.0409273665685319,0.8136147023045804,0.8378891625144558
1412,1.3249999999999815,0.8474736490484128,8.0,-0.0086985596887997,0.8387750893596131,0.8313305787732812
1413,1.349999999999981,0.8404052292237125,8.0,0.0073922091677836,0.8477974383914961,0.8248790768619852
1414,1.3749999999999805,0.8333368093990136,8.0,0.0303152255873112,0.8636520349863248,0.8185405915376746
1415,1.3999999999999808,0.8268643539285634,8.0,0.0228092223709931,0.8496735762995565,0.8123200086249227
1416,1.4249999999999812,0.8235843223254522,8.0,-0.011933625087329,0.8116506972381232,0.8062212683453727
1417,1.4499999999999806,0.820304290722341,8.0,0.0147756723090725,0.8350799630314136,0.8002474607853277
1418,1.47499999999998,0.8170242591192305,8.0,0.0094581627291958,0.8264824218484264,0.7944009138609907
1419,1.4999999999999805,0.8137442275161196,8.0,-0.0030745643063543,0.8106696632097652,0.7886832741699221
1420,1.5249999999999808,0.810464195913009,8.0,-0.0374942966901614,0.7729698992228475,0.7830955811334196
1421,1.5499999999999805,0.8072156054503826,8.0,0.0009337508952651,0.8081493563456478,0.777638334840801
1422,1.5749999999999795,0.8042794564282556,8.0,0.0058343966654627,0.8101138530937183,0.7723115580050782
1423,1.59999999999998,0.8013433074061285,8.0,-0.0387584231666071,0.7625848842395213,0.7671148524322042
1424,1.6249999999999805,0.7970766367490056,8.0,-0.0245318094007473,0.7725448273482582,0.7620474503946134
1425,1.64999999999998,0.791741438202435,8.0,-0.0180265944556301,0.7737148437468049,0.7571082612849172
1426,1.6749999999999794,0.7864062396558643,8.0,0.0206983792931409,0.8071046189490052,0.7522959139088511
1427,1.6999999999999795,0.7810710411092932,8.0,0.0186443126282172,0.7997153537375105,0.7476087947582932
1428,1.72499999999998,0.7757358425627217,8.0,-0.010870795894268,0.7648650466684536,0.7430450825860445
1429,1.7499999999999796,0.7704006440161494,8.0,0.049926740386567,0.8203273844027165,0.7386027795847857
1430,1.774999999999979,0.7650654454695792,8.0,-0.0302339758641202,0.734831469605459,0.7342797394531758
1431,1.7999999999999794,0.7597302469230074,8.0,-0.0047236823405916,0.7550065645824158,0.7300736926131424
1432,1.82499999999998,0.7543950483764368,8.0,0.0033624308800604,0.7577574792564973,0.7259822688238562
1433,1.8499999999999792,0.7490598498298658,8.0,0.0086482695280742,0.75770811935794,0.722003017420115
1434,1.874999999999979,0.7437246512832945,8.0,-0.0172340478093427,0.7264906034739518,0.7181334253858224
1435,1.899999999999979,0.7383894527367225,8.0,0.0142363658783822,0.7526258186151048,0.7143709334571013
1436,1.92499999999998,0.733054254190151,8.0,-0.0031457435966252,0.7299085105935257,0.7107129504342936
1437,1.9499999999999789,0.7277190556435801,8.0,-0.0264602331988394,0.7012588224447407,0.7071568658677506
1438,1.9749999999999783,0.7223838570970087,8.0,0.0334657206115436,0.7558495777085523,0.7037000612688699
1439,1.999999999999979,0.7170486585504376,8.0,-0.0010381826001844,0.7160104759502532,0.7003399199852566
1440,-1.9750000000000072,0.940512000533564,9.0,0.0157547911442719,0.956266791677836,0.9424050167503835
1441,-1.9500000000000075,0.9420273025283458,9.0,-0.0142577039658173,0.9277695985625284,0.942435964941248
1442,-1.925000000000008,0.9435426045231272,9.0,-0.0134279167451176,0.9301146877780097,0.9429201729214195
1443,-1.900000000000008,0.945057906517909,9.0,0.0098088639645621,0.9548667704824711,0.943867692759777
1444,-1.8750000000000075,0.9465732085126908,9.0,-0.0026313503110187,0.943941858201672,0.945271639977219
1445,-1.850000000000008,0.9480885105074726,9.0,0.019344243952419,0.9674327544598916,0.9471011973700237
1446,-1.825000000000008,0.949603812502254,9.0,-0.023913494174076,0.925690318328178,0.9492928369461652
1447,-1.8000000000000078,0.9511191144970358,9.0,-0.0230791748273058,0.92803993966973,0.9517397711854982
1448,-1.775000000000008,0.9526325079309944,9.0,0.0383203660131422,0.9909528739441368,0.9542801194342903
1449,-1.750000000000008,0.9522995837184092,9.0,0.0067643067495107,0.9590638904679198,0.9566852065650744
1450,-1.725000000000008,0.9493562037381706,9.0,0.0310109453244925,0.9803671490626632,0.9586510503222305
1451,-1.7000000000000082,0.946412823757932,9.0,0.0173806626457855,0.9637934864037176,0.9597986583417646
1452,-1.6750000000000085,0.9434694437776936,9.0,0.0124311824721856,0.9559006262498791,0.9596921183075063
1453,-1.6500000000000083,0.9399896501377254,9.0,0.0069188669629051,0.9469085171006306,0.9578864477587414
1454,-1.6250000000000084,0.9358978256309286,9.0,0.0201705247483483,0.956068350379277,0.9540165021620393
1455,-1.6000000000000083,0.9320577112322532,9.0,0.0039583342753085,0.9360160455075618,0.9479283701631944
1456,-1.5750000000000086,0.9282917201337588,9.0,-0.0030685921439938,0.925223127989765,0.9398316946709518
1457,-1.5500000000000087,0.9238132127901788,9.0,0.0256497586975954,0.9494629714877744,0.9304213984328871
1458,-1.5250000000000088,0.9188264790176992,9.0,-0.0263709150145503,0.8924555640031488,0.9208907458985103
1459,-1.5000000000000089,0.9121224702925644,9.0,0.0203402106923546,0.932462680984919,0.9127190198091681
1460,-1.475000000000009,0.905418461567429,9.0,-0.0024364341229848,0.902982027444444,0.9071177488592252
1461,-1.450000000000009,0.8994995945020015,9.0,-0.0197239765637634,0.879775617938238,0.9043492394871057
1462,-1.4250000000000091,0.8941065493801504,9.0,0.0052606313233476,0.8993671807034981,0.9035853012920697
1463,-1.4000000000000092,0.8891499170675944,9.0,-0.0099505020913209,0.8791994149762734,0.9034944704907465
1464,-1.375000000000009,0.8843088080933109,9.0,0.029308335564316,0.913617143657627,0.9028991950546678
1465,-1.3500000000000094,0.879516746202129,9.0,-0.0176151265401856,0.8619016196619435,0.901068699839805
1466,-1.3250000000000095,0.8773632374107678,9.0,0.0413068562163432,0.918670093627111,0.8977618058480561
1467,-1.3000000000000096,0.8783593842784543,9.0,0.0033101190458279,0.8816695033242823,0.8931790477548147
1468,-1.2750000000000097,0.8796783835361347,9.0,-0.020296436551838,0.8593819469842967,0.8878640936112422
1469,-1.2500000000000098,0.8809973827938152,9.0,0.0164059831379015,0.8974033659317168,0.8825624394043021
1470,-1.22500000000001,0.8823163820514958,9.0,0.0189721485925371,0.9012885306440328,0.8780551592816401
1471,-1.20000000000001,0.8836353813091764,9.0,-0.0145956889081487,0.8690396924010276,0.8749936018282186
1472,-1.17500000000001,0.8849543805668569,9.0,-0.0467797928553328,0.8381745877115241,0.87376505754709
1473,-1.15000000000001,0.8862733798245376,9.0,-0.0435760078971402,0.8426973719273974,0.8744198790192282
1474,-1.1250000000000102,0.887592379082218,9.0,0.0035180092233787,0.8911103883055967,0.8766840549192996
1475,-1.1000000000000103,0.8889113783398986,9.0,0.0312908931582963,0.920202271498195,0.8800669650043945
1476,-1.0750000000000104,0.8902303775975792,9.0,0.0110715669121314,0.9013019445097108,0.8840553107766197
1477,-1.0500000000000105,0.8915888349541928,9.0,-0.0114681188370084,0.8801207161171845,0.8883654890021383
1478,-1.0250000000000106,0.8936915452104522,9.0,-0.0143970662207891,0.8792944789896631,0.8931992302296036
1479,-1.0000000000000109,0.8963480010067273,9.0,-0.009878378187881,0.8864696228188462,0.8993329219041185
1480,-0.9750000000000107,0.899005379417708,9.0,0.0107538429456821,0.90975922236339,0.9074482284672016
1481,-0.9500000000000108,0.9008769301870064,9.0,0.0286706634241064,0.9295475936111128,0.9157654167211183
1482,-0.9250000000000108,0.9027484809563052,9.0,0.0082662170830782,0.9110146980393834,0.9184838092636811
1483,-0.900000000000011,0.904636742436461,9.0,-0.0139048888271792,0.8907318536092818,0.9125385101307487
1484,-0.8750000000000111,0.906688040790883,9.0,-0.0264738460385196,0.8802141947523634,0.9040955379235031
1485,-0.8500000000000112,0.9089398201738078,9.0,-0.0064468461176125,0.9024929740561952,0.9001209106625271
1486,-0.8250000000000113,0.9119218228444924,9.0,-0.0056301876446485,0.906291635199844,0.9010788373006203
1487,-0.8000000000000114,0.9149038255151772,9.0,-0.0091078113099587,0.9057960142052184,0.9039806378998978
1488,-0.7750000000000115,0.9209532180910468,9.0,-0.0244595920706798,0.896493626020367,0.9065854984706139
1489,-0.7500000000000115,0.923558650835978,9.0,0.0002668984522153,0.9238255492881932,0.9084550816109966
1490,-0.7250000000000116,0.9241373729586556,9.0,-0.0341892010396517,0.8899481719190039,0.9102426709244521
1491,-0.7000000000000117,0.9247160950813332,9.0,-0.0008328512683214,0.9238832438130118,0.912799001082624
1492,-0.6750000000000118,0.9252857294240012,9.0,-0.0014145335963999,0.9238711958276012,0.9166728887295658
1493,-0.6500000000000119,0.926199685972458,9.0,0.0053489291790669,0.931548615151525,0.9219989040023865
1494,-0.625000000000012,0.9273146357609402,9.0,-0.0270663999320321,0.9002482358289081,0.928593300860408
1495,-0.6000000000000121,0.92882206375413,9.0,0.0170666719694333,0.9458887357235634,0.936105226393554
1496,-0.5750000000000122,0.9301077154188168,9.0,-0.0178597833665876,0.9122479320522292,0.9441432522161032
1497,-0.5500000000000123,0.9375639786757636,9.0,-0.0108470323026938,0.9267169463730696,0.9523534352525689
1498,-0.5250000000000123,0.9443439626420812,9.0,0.0097452460600945,0.9540892087021756,0.9604536645198837
1499,-0.5000000000000124,0.9512534579829098,9.0,0.0153203421834572,0.9665738001663672,0.9682383096241015
1500,-0.4750000000000125,0.9586892953331204,9.0,0.0353476029367984,0.9940368982699188,0.9755668397559903
1501,-0.4500000000000126,0.9661251326833308,9.0,0.0024459937112643,0.9685711263945952,0.9823463996851256
1502,-0.4250000000000127,0.9727873803416082,9.0,0.0477272313137174,1.0205146116553256,0.9885144255423775
1503,-0.4000000000000128,0.9769839617965768,9.0,0.0048221705506368,0.9818061323472136,0.9940244177701818
1504,-0.3750000000000129,0.9805503891988638,9.0,0.019452700885563,1.0000030900844268,0.9988361367438834
1505,-0.3500000000000129,0.9834952114154846,9.0,0.0088293979076292,0.9923246093231138,1.0029105291758749
1506,-0.325000000000013,0.986435362074488,9.0,0.0054046941232674,0.9918400561977556,1.0062093160777439
1507,-0.3000000000000131,0.9903969412892422,9.0,0.0358311606743151,1.0262281019635573,1.0086990827490248
1508,-0.2750000000000132,0.9944277896674028,9.0,-0.025746680686907,0.9686811089804958,1.0103596553313998
1509,-0.2500000000000133,0.9971879723615452,9.0,0.0283746318193616,1.025562604180907,1.0111962908330259
1510,-0.2250000000000134,0.9987817691261002,9.0,0.0377301914228661,1.0365119605489663,1.0112544966812322
1511,-0.2000000000000135,0.9988426702340842,9.0,0.024892606150985,1.0237352763850691,1.010634851391216
1512,-0.1750000000000136,0.9989035713420682,9.0,0.004668148501385,1.0035717198434533,1.0095027469955176
1513,-0.1500000000000136,0.9992580723353532,9.0,-0.0064070443228471,0.992851028012506,1.00808439186926
1514,-0.1250000000000137,0.9997673904095302,9.0,0.0161785759354062,1.0159459663449364,1.0066361005981828
1515,-0.1000000000000138,1.0,9.0,-0.0078520320058498,0.9921479679941502,1.0053707698474963
1516,-0.0750000000000139,0.9992656926242998,9.0,-0.002881876782045,0.9963838158422548,1.0043293794397035
1517,-0.050000000000014,0.9990314193345908,9.0,0.0178584322963634,1.0168898516309544,1.0032109483246876
1518,-0.0250000000000141,0.9988022586278544,9.0,-0.0027717179516327,0.9960305406762217,1.001247630507216
1519,-1.4210854715202004e-14,0.9987144395328116,9.0,-0.0094226628816035,0.989291776651208,0.9973451729342779
1520,0.0249999999999861,0.9986266204377688,9.0,0.0160219766726788,1.0146485971104475,0.9907927461702299
1521,0.0499999999999856,0.9981494210353,9.0,-0.0402048611057436,0.9579445599295564,0.9825046826446684
1522,0.074999999999985,0.9968971693469444,9.0,0.0037753216689847,1.0006724910159293,0.9757322058365432
1523,0.0999999999999854,0.9961622126873054,9.0,-0.0129440205922393,0.983218192095066,0.9746448322852139
1524,0.1249999999999857,0.9957579934263951,9.0,-0.0154107549022653,0.98034723852413,0.9811565025789843
1525,0.1499999999999852,0.996046587024468,9.0,0.01467881231827,1.010725399342738,0.993118811040116
1526,0.1749999999999847,0.9963256121730784,9.0,-0.0205540347532579,0.9757715774198203,1.005832624860254
1527,0.199999999999985,0.9963487687688124,9.0,-0.0179804426575142,0.978368326111298,1.0150525631081708
1528,0.2249999999999854,0.9958946583204584,9.0,0.0480174048615944,1.0439120631820529,1.0187629754354028
1529,0.2499999999999849,0.9929008338836196,9.0,0.0150390275493298,1.0079398614329491,1.017098560049903
1530,0.2749999999999843,0.9898770709994962,9.0,0.0036900299329014,0.9935671009323976,1.0113784428395656
1531,0.2999999999999847,0.9869342532704388,9.0,0.0308443025753319,1.0177785558457708,1.0032012541719855
1532,0.3249999999999851,0.9848260811271892,9.0,-0.0004389209206737,0.9843871602065156,0.9939373909346296
1533,0.3499999999999845,0.9828005069540018,9.0,0.0155470626215977,0.9983475695755996,0.9845608813378938
1534,0.374999999999984,0.9807783199551312,9.0,0.0122850312473154,0.9930633512024466,0.9756670604691876
1535,0.3999999999999843,0.9750926861526166,9.0,-0.0107301403384791,0.9643625458141374,0.9675589904233783
1536,0.4249999999999847,0.9687630696545688,9.0,0.001474773687557,0.9702378433421258,0.9603410720816953
1537,0.4499999999999842,0.9609036002774188,9.0,0.0485812506565235,1.0094848509339422,0.9539960127058238
1538,0.4749999999999836,0.9523064820643804,9.0,-0.0128953885802417,0.9394110934841386,0.9484403406274649
1539,0.499999999999984,0.9445431132821236,9.0,-0.0291103424609546,0.9154327708211688,0.943561178315921
1540,0.5249999999999844,0.9372891770236688,9.0,0.013253952367054,0.9505431293907228,0.9392389132857369
1541,0.5499999999999838,0.9315858268039364,9.0,-0.0038747010150737,0.9277111257888628,0.9353601029036782
1542,0.5749999999999833,0.9279350789277824,9.0,0.0143104923637156,0.942245571291498,0.9318239963644929
1543,0.5999999999999837,0.9251833662397352,9.0,0.0264556785604149,0.95163904480015,0.9285450896098854
1544,0.624999999999984,0.9221666937590488,9.0,-0.000337501005896,0.9218291927531528,0.9254533465521784
1545,0.6499999999999835,0.9186618856995392,9.0,0.0374315069471065,0.9560933926466456,0.9224931473797788
1546,0.674999999999983,0.914908301940918,9.0,-0.0225950121340098,0.8923132898069082,0.919621628559729
1547,0.6999999999999833,0.9111547181822968,9.0,0.0063262285861288,0.9174809467684256,0.9168068150369392
1548,0.7249999999999837,0.907952349129214,9.0,-0.0202223010428652,0.8877300480863487,0.9140257740215755
1549,0.7499999999999831,0.905560748306296,9.0,0.0013382382734693,0.9068989865797652,0.9112629117672246
1550,0.7749999999999826,0.9031982549995432,9.0,0.0035131973508871,0.9067114523504304,0.9085084684904432
1551,0.799999999999983,0.9012881539443108,9.0,-0.0139214552714509,0.8873666986728599,0.9057572273590623
1552,0.8249999999999833,0.8993780528890791,9.0,0.0151794084126331,0.9145574613017122,0.9030074314203133
1553,0.8499999999999828,0.8974679518338471,9.0,0.0147607012617848,0.912228653095632,0.9002598909597728
1554,0.8749999999999822,0.8953736850863525,9.0,0.0086319955281819,0.9040056806145343,0.8975172588726217
1555,0.8999999999999826,0.8929882702588533,9.0,0.001402313736517,0.8943905839953703,0.8947834505035943
1556,0.924999999999983,0.8874368594353932,9.0,0.0033808306469277,0.8908176900823209,0.8920631853834141
1557,0.9499999999999824,0.8818854486119331,9.0,0.0446473517890636,0.9265328004009968,0.8893616303164824
1558,0.974999999999982,0.8763340377884733,9.0,0.0127145120968575,0.8890485498853309,0.8866841257318147
1559,0.9999999999999822,0.8711543225290761,9.0,-0.0111982081992699,0.8599561143298061,0.8840359797343215
1560,1.0249999999999826,0.8662767848721301,9.0,0.015580235343946,0.8818570202160761,0.8814223166885987
1561,1.049999999999982,0.8614648648718685,9.0,-0.0047787461667464,0.856686118705122,0.878847969335409
1562,1.0749999999999815,0.8566529448716067,9.0,0.0030794964342124,0.8597324413058192,0.8763174053447336
1563,1.099999999999982,0.8518410248713447,9.0,-0.0180004761058102,0.8338405487655345,0.8738346808463963
1564,1.1249999999999822,0.8470291048710826,9.0,-0.0508071232341461,0.7962219816369365,0.87140341486563
1565,1.1499999999999817,0.8422171848708209,9.0,0.0064153334198322,0.8486325182906531,0.8690267797517334
1566,1.1749999999999812,0.8374052648705591,9.0,-0.0050905730291199,0.8323146918414392,0.8667075036510938
1567,1.1999999999999815,0.832593344870297,9.0,0.0003737785226357,0.8329671233929328,0.8644478818693089
1568,1.224999999999982,0.8276742756495028,9.0,-0.0036825169061391,0.8239917587433637,0.8622497946168733
1569,1.2499999999999811,0.8232097870549246,9.0,0.0309999853547206,0.8542097724096452,0.860114729162251
1570,1.2749999999999808,0.8190060848327664,9.0,0.0281988462123744,0.8472049310451408,0.8580438048455235
1571,1.2999999999999812,0.8146764892460107,9.0,-0.0099736935655813,0.8047027956804292,0.8560377997523885
1572,1.3249999999999815,0.8088897720084995,9.0,0.0105315235090058,0.8194212955175054,0.8540971781272163
1573,1.349999999999981,0.802736234061053,9.0,-0.0243322616824211,0.7784039723786318,0.8522221178271517
1574,1.3749999999999805,0.795552627292078,9.0,0.0042506783953008,0.7998033056873788,0.850412537297277
1575,1.3999999999999808,0.7851312886525459,9.0,0.0094538365582675,0.7945851252108135,0.8486681216883124
1576,1.4249999999999812,0.7755857580700222,9.0,0.0217318522382763,0.7973176103082985,0.846988347849786
1577,1.4499999999999806,0.7653243710226051,9.0,0.0067389673485314,0.7720633383711366,0.8453725080192035
1578,1.47499999999998,0.7581266117531649,9.0,-0.0019832465112534,0.7561433652419114,0.843819732095961
1579,1.4999999999999805,0.7509288524837245,9.0,-0.0182989344393638,0.7326299180443606,0.8423290084413343
1580,1.5249999999999808,0.7444861158116379,9.0,0.00732387765361,0.7518099934652479,0.8408992031861114
1581,1.5499999999999805,0.7391979357636321,9.0,-0.0194933160163566,0.7197046197472755,0.8395290780576962
1582,1.5749999999999795,0.734140514640654,9.0,-0.0008109235718938,0.7333295910687602,0.8382173067609066
1583,1.59999999999998,0.7290830935176758,9.0,-0.0243346065363818,0.7047484869812939,0.8369624899627436
1584,1.6249999999999805,0.7238828469348181,9.0,-0.0472910725672807,0.6765917743675374,0.8357631689427535
1585,1.64999999999998,0.7174540714824197,9.0,0.018442650612821,0.7358967220952407,0.8346178379778139
1586,1.6749999999999794,0.7110252960300212,9.0,-0.0218690126822656,0.6891562833477555,0.833524955534638
1587,1.6999999999999795,0.704820326382455,9.0,-0.026264611909403,0.678555714473052,0.832482954345337
1588,1.72499999999998,0.6986608395579855,9.0,-0.007291009706519,0.6913698298514666,0.8314902504416454
1589,1.7499999999999796,0.6925013527335162,9.0,-0.0117256646892676,0.6807756880442485,0.8305452512224893
1590,1.774999999999979,0.6863418659090471,9.0,0.0013442145601407,0.6876860804691879,0.8296463626275419
1591,1.7999999999999794,0.6801823790845776,9.0,-0.0129107086171345,0.6672716704674431,0.8287919954867669
1592,1.82499999999998,0.6740228922601078,9.0,0.0218796971438344,0.6959025894039422,0.8279805711128524
1593,1.8499999999999792,0.6665285219595755,9.0,0.0138297144387019,0.6803582363982774,0.827210526199961
1594,1.874999999999979,0.6560691747095088,9.0,0.0286685808544656,0.6847377555639744,0.8264803170886068
1595,1.899999999999979,0.6452344093420872,9.0,0.0114544945869555,0.6566889039290428,0.8257884234528449
1596,1.92499999999998,0.6352381075134806,9.0,-0.0116504198371764,0.6235876876763042,0.8251333514621944
1597,1.9499999999999789,0.6267493693616939,9.0,-0.0154666623458498,0.611282707015844,0.8245136364671612
1598,1.9749999999999783,0.6182606312099073,9.0,-0.008698889268696,0.6095617419412112,0.8239278452537144
1599,1.999999999999979,0.6097718930581203,9.0,0.0140231198295583,0.6237950128876786,0.8233745779086142
