,x1,y,rep,noise,y_noise
0,-4.0,0.3291736076469655,0.0,0.27182134800104685,0.6009949556480123
1,-3.975,0.3205664327442998,0.0,-0.2336570385934266,0.0869093941508732
2,-3.95,0.3116289989496857,0.0,0.03838089985195636,0.35000989880164207
3,-3.925,0.302291078691864,0.0,-0.20810171538217262,0.09418936330969138
4,-3.9,0.2924748561377191,0.0,0.039459654915879494,0.3319345110535986
5,-3.875,0.2821003505853334,0.0,-0.088200947626731,0.1938994029586024
6,-3.850000000000001,0.2710940625679414,0.0,-0.03204266726665482,0.23905139530128655
7,-3.8250000000000006,0.259401099486221,0.0,0.16740061707019943,0.4268017165564204
8,-3.8000000000000007,0.2470002544342358,0.0,0.24679468489884768,0.4937949393330835
9,-3.775000000000001,0.2339202734781949,0.0,0.24825967470744004,0.4821799481856349
10,-3.750000000000001,0.2202540365156423,0.0,0.03241805322752097,0.25267208974316324
11,-3.725000000000001,0.2061661354687082,0.0,0.1575007627115829,0.3636668981802911
12,-3.700000000000001,0.1918892297157974,0.0,-0.0044394328484369415,0.18744979686736044
13,-3.675000000000001,0.1777064199750055,0.0,0.03949287134976562,0.21719929132477112
14,-3.650000000000001,0.1639207943055497,0.0,-0.087667226749116,0.0762535675564337
15,-3.625000000000001,0.1508180216473044,0.0,0.0612289361586742,0.2120469578059786
16,-3.6000000000000014,0.1386310943422734,0.0,-0.3198986605089385,-0.18126756616666512
17,-3.575000000000001,0.1275160552722211,0.0,0.18195324205129323,0.30946929732351436
18,-3.5500000000000016,0.1175436646843363,0.0,0.24226229296382648,0.3598059576481628
19,-3.5250000000000017,0.1087064868914493,0.0,-0.1763102062671385,-0.06760371937568921
20,-3.5000000000000018,0.1009365445729844,0.0,-0.06514729636400024,0.03578924820898416
21,-3.475000000000002,0.0941271186291705,0.0,-0.27032497679258344,-0.17619785816341293
22,-3.450000000000002,0.0881532835234444,0.0,0.3669804948456847,0.45513377836912905
23,-3.425000000000002,0.0828880599690028,0.0,-0.12874323567782398,-0.04585517570882118
24,-3.400000000000002,0.0782133081917235,0.0,-0.24682251252940318,-0.16860920433767967
25,-3.375000000000002,0.0740259490888247,0.0,0.032661653143236435,0.10668760223206114
26,-3.3500000000000023,0.0702406916303762,0.0,-0.029595784109820885,0.040644907520555315
27,-3.3250000000000024,0.0667904234840107,0.0,-0.016901373422323916,0.04988905006168678
28,-3.3000000000000025,0.0636251257407615,0.0,-0.027878906430651856,0.03574621931010964
29,-3.2750000000000026,0.0607098554486019,0.0,-0.31532716268256733,-0.2546173072339654
30,-3.2500000000000027,0.0580221260895856,0.0,-0.2548725277479834,-0.19685040165839782
31,-3.2250000000000028,0.0555489253019936,0.0,-0.08088947235232288,-0.02534054705032928
32,-3.200000000000003,0.0532836010210776,0.0,-0.08352560241866748,-0.030242001397589882
33,-3.175000000000003,0.0512228648053781,0.0,-0.18168587850515727,-0.13046301369977917
34,-3.150000000000003,0.0493641586853021,0.0,-0.023300985443774402,0.026063173241527696
35,-3.125000000000003,0.0477035882918105,0.0,0.2834601867922585,0.33116377508406897
36,-3.100000000000003,0.0462345443908786,0.0,0.26263866120300056,0.30887320559387915
37,-3.0750000000000037,0.0449470378602766,0.0,0.09386680177329428,0.13881383963357088
38,-3.050000000000004,0.0438276839762683,0.0,0.006603656695587119,0.050431340671855424
39,-3.0250000000000035,0.0428602081100424,0.0,0.20332033108321898,0.24618053919326138
40,-3.000000000000004,0.0420263125675991,0.0,-0.19675538849220534,-0.15472907592460622
41,-2.975000000000004,0.0413067395812121,0.0,-0.300108228215104,-0.2588014886338919
42,-2.950000000000004,0.0406823799454956,0.0,-0.27274229349132845,-0.23205991354583283
43,-2.925000000000004,0.0401353022338364,0.0,0.13571809215186437,0.17585339438570077
44,-2.900000000000004,0.0396496082879796,0.0,-0.13092137681735333,-0.09127176852937373
45,-2.875000000000004,0.0392120536245558,0.0,0.17577363713699673,0.21498569076155252
46,-2.850000000000004,0.0388124045659417,0.0,0.07609442306572058,0.11490682763166227
47,-2.825000000000004,0.038443535153921,0.0,-0.1071405708505023,-0.0686970356965813
48,-2.8000000000000043,0.0381012935860908,0.0,0.15990888783652532,0.19801018142261612
49,-2.7750000000000044,0.0377841873469165,0.0,0.10255472594204422,0.14033891328896073
50,-2.7500000000000044,0.0374929465788976,0.0,-0.014797391948310545,0.022695554630587058
51,-2.7250000000000045,0.0372300262949059,0.0,0.20781455587136016,0.24504458216626607
52,-2.7000000000000046,0.0369991011699642,0.0,0.12111396026568857,0.1581130614356528
53,-2.6750000000000047,0.0368045944688407,0.0,0.048055537719845186,0.08486013218868588
54,-2.650000000000005,0.0366512681947022,0.0,-0.1888409459432467,-0.15218967774854453
55,-2.625000000000005,0.0365438874938698,0.0,0.2218296778616669,0.2583735653555367
56,-2.600000000000005,0.0364869606205559,0.0,0.26377351236039165,0.30026047298094755
57,-2.575000000000005,0.036484547283697,0.0,-0.013392211589679858,0.023092335694017144
58,-2.550000000000005,0.0365401230516366,0.0,0.13104007202896048,0.16758019508059707
59,-2.525000000000005,0.0366564851978156,0.0,-0.1812113958732484,-0.1445549106754328
60,-2.5000000000000053,0.0368356851875355,0.0,0.0613212769015172,0.0981569620890527
61,-2.4750000000000054,0.0370789741745409,0.0,0.09889123787711618,0.13597021205165707
62,-2.450000000000005,0.0373867497827841,0.0,-0.19649207930316565,-0.15910532952038153
63,-2.4250000000000056,0.0377584946899245,0.0,0.07895318353650109,0.11671167822642559
64,-2.4000000000000057,0.0381926999066028,0.0,0.09886687339730563,0.13705957330390844
65,-2.3750000000000058,0.038686768110641,0.0,0.13806614562385164,0.17675291373449264
66,-2.350000000000006,0.0392368949620525,0.0,0.3819515456491001,0.4211884406111526
67,-2.325000000000006,0.0398379289670249,0.0,-0.07483618065088317,-0.03499825168385827
68,-2.300000000000006,0.0404832130140275,0.0,-0.23023521576727216,-0.18975200275324466
69,-2.275000000000006,0.0411644128194108,0.0,0.13016519701213913,0.17132960983154993
70,-2.250000000000006,0.0418713387004116,0.0,-0.06041726699909944,-0.01854592829868784
71,-2.2250000000000063,0.0425917669476989,0.0,-0.10801644426600258,-0.06542467731830368
72,-2.2000000000000064,0.0433112658150074,0.0,0.11488020167468897,0.15819146748969637
73,-2.1750000000000065,0.044013030412863,0.0,0.21283631820838647,0.2568493486212495
74,-2.1500000000000066,0.044677734616687,0.0,-0.3946133052263249,-0.34993557060963787
75,-2.1250000000000067,0.0452834236790927,0.0,0.06466606404043125,0.10994948771952395
76,-2.1000000000000068,0.0458055086805827,0.0,0.028302282887866046,0.07410779156844875
77,-2.075000000000007,0.046216993270205,0.0,0.051470310187983634,0.09768730345818863
78,-2.050000000000007,0.0464891650029432,0.0,0.15097257060028804,0.19746173560323124
79,-2.025000000000007,0.0465930870188485,0.0,0.0841137656754208,0.1307068526942693
80,-2.000000000000007,0.0465022235134345,0.0,0.045216137030511784,0.09171836054394628
81,-1.9750000000000072,0.0461961785910969,0.0,0.12819750815541178,0.17439368674650868
82,-1.9500000000000075,0.0456644538152195,0.0,0.15753676211069775,0.20320121592591725
83,-1.9250000000000076,0.0449072941487014,0.0,-0.3356056701771818,-0.29069837602848037
84,-1.9000000000000077,0.043929842498559,0.0,0.10729836031655178,0.1512282028151108
85,-1.8750000000000075,0.0427308830709153,0.0,0.1770927718975035,0.2198236549684188
86,-1.850000000000008,0.0413004840550993,0.0,0.12152153118389457,0.16282201523899387
87,-1.825000000000008,0.0396420536403328,0.0,-0.1670480116504835,-0.1274059580101507
88,-1.8000000000000078,0.0377923062757561,0.0,0.5424349284029378,0.580227234678694
89,-1.775000000000008,0.0357846962381958,0.0,-0.1811228062597027,-0.1453381100215069
90,-1.750000000000008,0.0336582880901758,0.0,-0.07538147484839716,-0.04172318675822136
91,-1.725000000000008,0.031733406962007,0.0,-0.13164297760477592,-0.09990957064276892
92,-1.7000000000000082,0.0302433819353835,0.0,-0.11591392699436782,-0.08567054505898433
93,-1.6750000000000085,0.0276222181988157,0.0,-0.12259085929392995,-0.09496864109511424
94,-1.6500000000000083,0.0216688477724106,0.0,0.04801574326479083,0.06968459103720143
95,-1.6250000000000084,0.0135293152557388,0.0,-0.06451888088552313,-0.05098956562978433
96,-1.6000000000000083,0.006720053310526,0.0,-0.1950614937676672,-0.1883414404571412
97,-1.5750000000000086,0.0027452167384278,0.0,0.06017957194605009,0.06292478868447789
98,-1.5500000000000087,0.000870507093856,0.0,-0.3579693076106229,-0.3570988005167669
99,-1.5250000000000088,0.0001302344404363,0.0,-0.020930728863752284,-0.020800494423315986
100,-1.5000000000000089,0.0,0.0,0.017336624665207294,0.017336624665207294
101,-1.475000000000009,0.0002730202024467,0.0,-0.033467789410851906,-0.03319476920840521
102,-1.450000000000009,0.0009078591311285,0.0,0.0029451542986835676,0.0038530134298120676
103,-1.4250000000000091,0.0019528563952797,0.0,-0.14764595464726557,-0.14569309825198587
104,-1.4000000000000092,0.0034963154172801,0.0,-0.03849143498247633,-0.03499511956519623
105,-1.375000000000009,0.0056062409779957,0.0,-0.28186139889965717,-0.27625515792166144
106,-1.3500000000000094,0.0082819825565968,0.0,-0.34948909602975275,-0.34120711347315597
107,-1.3250000000000095,0.0114894539865123,0.0,0.19493165924503628,0.20642111323154858
108,-1.3000000000000096,0.015439779581198,0.0,-0.026591257549228295,-0.011151477968030295
109,-1.2750000000000097,0.0215061242363637,0.0,0.14741039131585756,0.16891651555222126
110,-1.2500000000000098,0.0338022027375802,0.0,0.313329365942739,0.34713156868031925
111,-1.22500000000001,0.0613395288603303,0.0,-0.11061708045574388,-0.04927755159541358
112,-1.20000000000001,0.1241079253582689,0.0,-0.07001559982304903,0.054092325535219865
113,-1.17500000000001,0.2613695073132728,0.0,0.15274490402307866,0.41411441133635146
114,-1.15000000000001,0.4993173939145762,0.0,-0.009432751060788454,0.48988464285378774
115,-1.1250000000000102,0.7603963414935528,0.0,-0.1562683762651995,0.6041279652283533
116,-1.1000000000000103,0.927430868894406,0.0,-0.36896354806756043,0.5584673208268456
117,-1.0750000000000104,0.9899356040056424,0.0,0.0688737060387627,1.0588093100444051
118,-1.0500000000000105,0.9935489477183956,0.0,0.012963276081102126,1.0065122237994977
119,-1.0250000000000106,0.9818858106957687,0.0,0.01735242679896335,0.9992382374947321
120,-1.0000000000000109,0.9832730997056128,0.0,0.06941911942382574,1.0526922191294386
121,-0.9750000000000107,0.996367397683785,0.0,-0.15788622270283936,0.8384811749809457
122,-0.9500000000000108,0.9999999999999748,0.0,-0.03398612971089709,0.9660138702890777
123,-0.9250000000000108,0.9759453275413816,0.0,-0.03415106143413749,0.9417942661072441
124,-0.900000000000011,0.9224108549925608,0.0,-0.07261292194294405,0.8497979330496168
125,-0.8750000000000111,0.863173653063432,0.0,0.055742927991903266,0.9189165810553352
126,-0.8500000000000112,0.8215790318794204,0.0,0.14259340460863545,0.9641724364880558
127,-0.8250000000000113,0.8018058249323335,0.0,-0.2506582452109945,0.551147579721339
128,-0.8000000000000114,0.7972257109925334,0.0,0.05383485698633581,0.8510605679788692
129,-0.7750000000000115,0.798480926166161,0.0,0.3048762707945532,1.103357196960714
130,-0.7500000000000115,0.7986996353466934,0.0,-0.014118139844168943,0.7845814955025244
131,-0.7250000000000116,0.795303647169425,0.0,-0.1497862387053361,0.6455174084640889
132,-0.7000000000000117,0.781453339216844,0.0,-0.22289998675581948,0.5585533524610246
133,-0.6750000000000118,0.7330230407278556,0.0,0.022556274983716294,0.7555793157115719
134,-0.6500000000000119,0.6177483611795365,0.0,-0.30024260935801467,0.3175057518215218
135,-0.625000000000012,0.4464486491186006,0.0,0.06586274406486084,0.5123113931834614
136,-0.6000000000000121,0.3125466702628592,0.0,0.00829257495512872,0.3208392452179879
137,-0.5750000000000122,0.2664385076105243,0.0,0.02836413578947931,0.2948026434000036
138,-0.5500000000000123,0.2809211130957842,0.0,0.14281232905292782,0.423733442148712
139,-0.5250000000000123,0.3137823462596362,0.0,0.19021089881667305,0.5039932450763093
140,-0.5000000000000124,0.3254216759660023,0.0,-0.0002716069575171803,0.32515006900848514
141,-0.4750000000000125,0.3043278279543161,0.0,0.07883019365595208,0.3831580216102682
142,-0.4500000000000126,0.2639053500665502,0.0,-0.17761530009925264,0.08629004996729756
143,-0.4250000000000127,0.221787649627617,0.0,-0.07696553051831685,0.14482211910930015
144,-0.4000000000000128,0.1878976601432624,0.0,0.308065755268643,0.49596341541190536
145,-0.3750000000000129,0.1641476916750412,0.0,0.0557690491090142,0.2199167407840554
146,-0.3500000000000129,0.1487055540086573,0.0,0.139991580594541,0.2886971346031983
147,-0.325000000000013,0.1390704429102411,0.0,0.09534946699896482,0.23441990990920591
148,-0.3000000000000131,0.1331973025241516,0.0,-0.045399967242854354,0.08779733528129724
149,-0.2750000000000132,0.1296540918559752,0.0,-0.18037197375684347,-0.05071788190086826
150,-0.2500000000000133,0.1274942905223279,0.0,0.1871858251616315,0.3146801156839594
151,-0.2250000000000134,0.1261011267441192,0.0,0.06300557546316622,0.18910670220728543
152,-0.2000000000000135,0.1250684486043279,0.0,-0.11857363328618559,0.006494815318142305
153,-0.1750000000000136,0.1241222367102895,0.0,-0.1821541410265098,-0.05803190431622031
154,-0.1500000000000136,0.123072583384378,0.0,0.2029408729637028,0.3260134563480808
155,-0.1250000000000137,0.1217854365896701,0.0,-0.01206609600040205,0.10971934058926805
156,-0.1000000000000138,0.1201660274542495,0.0,0.08097719360039358,0.20114322105464308
157,-0.0750000000000139,0.1181488097002501,0.0,-0.02750598981061936,0.09064281988963074
158,-0.050000000000014,0.1156912458906985,0.0,0.30051849004938874,0.41620973594008726
159,-0.0250000000000141,0.1127706133641913,0.0,0.0005805772561587631,0.11335119062035005
160,-1.4210854715202004e-14,0.1093839568315616,0.0,-0.08937791207872314,0.02000604475283846
161,0.0249999999999861,0.1055512810226306,0.0,-0.13960455558938822,-0.03405327456675762
162,0.0499999999999856,0.1013211921380879,0.0,0.04141648334820921,0.14273767548629712
163,0.074999999999985,0.0967769191379854,0.0,0.3315179710505903,0.4282948901885757
164,0.0999999999999854,0.0920397107956067,0.0,-0.07564564332345869,0.016394067472148013
165,0.1249999999999857,0.0872667536981123,0.0,-0.07084943489221722,0.016417318805895087
166,0.1499999999999852,0.0826422660317964,0.0,0.19411246407727875,0.27675473010907514
167,0.1749999999999847,0.0783627723043877,0.0,-0.037698450843312144,0.04066432146107556
168,0.199999999999985,0.0746196649418822,0.0,-0.14167224679748835,-0.06705258185560616
169,0.2249999999999854,0.0715830253304618,0.0,-0.03228749418106576,0.039295531149396046
170,0.2499999999999849,0.0693899521351859,0.0,0.1492117502964545,0.2186017024316404
171,0.2749999999999843,0.0681386845879259,0.0,-0.2463585029353176,-0.1782198183473917
172,0.2999999999999847,0.0678875341796755,0.0,0.285531642026361,0.35341917620603647
173,0.3249999999999851,0.0686561631077767,0.0,-0.20536099976555286,-0.13670483665777616
174,0.3499999999999845,0.0704267484165786,0.0,0.1667822597713363,0.2372090081879149
175,0.374999999999984,0.073143872241939,0.0,0.06068057963262002,0.13382445187455902
176,0.3999999999999843,0.0767137566926382,0.0,-0.10292312755847645,-0.026209370865838244
177,0.4249999999999847,0.0810047939662339,0.0,-0.13539631967904697,-0.05439152571281307
178,0.4499999999999842,0.0858516118969569,0.0,0.11137127270550637,0.1972228846024633
179,0.4749999999999836,0.091064050966705,0.0,0.18411661640818355,0.27518066737488855
180,0.499999999999984,0.0964407745319681,0.0,-0.1390127379400861,-0.04257196340811799
181,0.5249999999999844,0.1017854967242046,0.0,-0.0920402018208094,0.009745294903395207
182,0.5499999999999838,0.1069227569953931,0.0,-0.21592649011476828,-0.10900373311937518
183,0.5749999999999833,0.1117102413038359,0.0,-0.16029381193419176,-0.04858357063035586
184,0.5999999999999837,0.1160457352827201,0.0,0.0441176414219972,0.1601633767047173
185,0.624999999999984,0.1198683293555556,0.0,-0.3375807340539381,-0.21771240469838254
186,0.6499999999999835,0.1231548285954319,0.0,-0.04788971623011731,0.0752651123653146
187,0.674999999999983,0.1259130541577039,0.0,-0.1738277714694381,-0.04791471731173419
188,0.6999999999999833,0.1281738179247106,0.0,0.12610920091462674,0.25428301883933735
189,0.7249999999999837,0.129983008868269,0.0,-0.16419017403455544,-0.03420716516628644
190,0.7499999999999831,0.1313947113174252,0.0,-0.012922418764913332,0.11847229255251186
191,0.7749999999999826,0.1324657822920885,0.0,-0.03862459875375809,0.0938411835383304
192,0.799999999999983,0.1332519479989733,0.0,0.19915577973610066,0.332407727735074
193,0.8249999999999833,0.1338052582831424,0.0,0.0994391414508205,0.2332443997339629
194,0.8499999999999828,0.1341726375286291,0.0,0.3270542800332965,0.4612269175619256
195,0.8749999999999822,0.1343952521346897,0.0,-0.10858630098870663,0.02580895114598307
196,0.8999999999999826,0.1345084422378917,0.0,-0.002844308605529594,0.13166413363236212
197,0.924999999999983,0.134542012453418,0.0,-0.06986373771813408,0.06467827473528391
198,0.9499999999999824,0.1345207267649058,0.0,-0.12099920887930689,0.013521517885598924
199,0.974999999999982,0.1344648978240453,0.0,0.048110461588459004,0.1825753594125043
200,0.9999999999999822,0.1343909975103135,0.0,0.11051561020726217,0.24490660771757566
201,1.0249999999999826,0.1343122432763781,0.0,-0.011719458879867702,0.12259278439651042
202,1.049999999999982,0.1342391346168254,0.0,-0.21858887380403252,-0.08434973918720712
203,1.0749999999999815,0.1341799274965255,0.0,-0.20659770402816482,-0.07241777653163933
204,1.099999999999982,0.1341410433168582,0.0,0.1542834149714803,0.2884244582883385
205,1.1249999999999822,0.1341274143270424,0.0,0.11232683834320457,0.24645425267024695
206,1.1499999999999817,0.1341427703691297,0.0,-0.07851033080732975,0.055632439561799946
207,1.1749999999999812,0.1341898732758377,0.0,-0.27376660120788743,-0.13957672793204973
208,1.1999999999999815,0.1342707056911886,0.0,-0.08187027336567015,0.05240043232551844
209,1.224999999999982,0.1343866209491928,0.0,0.17260206814502047,0.3069886890942133
210,1.2499999999999811,0.1345384601887594,0.0,-0.21630278727699903,-0.08176432708823964
211,1.2749999999999808,0.1347266422732948,0.0,-0.3543629313023224,-0.21963628902902757
212,1.2999999999999812,0.1349512314260496,0.0,0.22826362576720982,0.3632148571932594
213,1.3249999999999815,0.1352119868486939,0.0,0.17610996420105168,0.3113219510497456
214,1.349999999999981,0.1355083979940577,0.0,0.34573180435737577,0.4812402023514335
215,1.3749999999999805,0.1358397086294939,0.0,-0.040332630474941567,0.09550707815455234
216,1.3999999999999808,0.1362049323591096,0.0,-0.0343676054262165,0.1018373269328931
217,1.4249999999999812,0.1366028618687515,0.0,0.13182502470172852,0.26842788657048
218,1.4499999999999806,0.1370320738112038,0.0,0.16634280810396054,0.3033748819151644
219,1.47499999999998,0.1374909309530185,0.0,0.05293523704498935,0.19042616799800785
220,1.4999999999999805,0.1379775829504642,0.0,-0.06625900802744601,0.07171857492301818
221,1.5249999999999808,0.1384899669022376,0.0,0.013196880630316137,0.15168684753255374
222,1.5499999999999805,0.1390258086331996,0.0,-0.0008512883035097567,0.13817452032968985
223,1.5749999999999795,0.1395826254897668,0.0,-0.0401194245711255,0.0994632009186413
224,1.59999999999998,0.1401577312679074,0.0,-0.036705042654386434,0.10345268861352097
225,1.6249999999999805,0.1407482437443979,0.0,-0.01993691614437347,0.12081132760002443
226,1.64999999999998,0.1413510951377712,0.0,-0.07557077689779929,0.06578031823997191
227,1.6749999999999794,0.1419630456852852,0.0,-0.20246789210550062,-0.06050484642021542
228,1.6999999999999795,0.1425807003857643,0.0,0.1090678436491426,0.2516485440349069
229,1.72499999999998,0.1432005288261303,0.0,0.009411236171901195,0.1526117649980315
230,1.7499999999999796,0.1438188878840179,0.0,0.20651604352900396,0.35033493141302186
231,1.774999999999979,0.1444320469831768,0.0,-0.06993969193297693,0.07449235505019987
232,1.7999999999999794,0.1450362154763613,0.0,-0.16232253094608104,-0.017286315469719732
233,1.82499999999998,0.145627571646298,0.0,0.21367909912015554,0.3593066707664535
234,1.8499999999999792,0.146202292753305,0.0,0.06778379717245886,0.21398608992576387
235,1.874999999999979,0.1467565855216632,0.0,-0.1316193825935791,0.015137202928084098
236,1.899999999999979,0.1472867164484284,0.0,-0.020791869305094336,0.12649484714333406
237,1.9249999999999796,0.1477890413389916,0.0,0.14458696626679618,0.29237600760578775
238,1.9499999999999789,0.1482600335226179,0.0,0.24602141006032052,0.39428144358293843
239,1.9749999999999783,0.1486963102758215,0.0,-0.11678130882598249,0.03191500144983901
240,1.999999999999979,0.1490946570774324,0.0,-0.09009011064687926,0.059004546430553154
241,2.024999999999979,0.1494520494306465,0.0,-0.17667047113906292,-0.02721842170841643
242,2.0499999999999785,0.1497656721072281,0.0,0.07568412338116345,0.22544979548839156
243,2.074999999999978,0.1500329357896946,0.0,-0.22557814903914641,-0.07554521324945182
244,2.0999999999999783,0.1502514912011359,0.0,0.4524229092098551,0.602674400410991
245,2.1249999999999787,0.1504192409122334,0.0,0.1625304483331034,0.31294968924533684
246,2.149999999999978,0.1505343490950952,0.0,0.18691792179181144,0.33745227088690666
247,2.1749999999999776,0.1505952495493052,0.0,-0.18609357785961406,-0.03549832831030886
248,2.199999999999978,0.1506006523545185,0.0,0.1045177956177962,0.2551184479723147
249,2.2249999999999783,0.150549549505368,0.0,-0.19336577450454903,-0.04281622499918103
250,2.249999999999978,0.1504412198595746,0.0,0.023281453134479803,0.1737226729940544
251,2.2749999999999773,0.150275233681946,0.0,0.2056227773042006,0.3558980109861466
252,2.2999999999999776,0.1500514569996045,0.0,-0.18413581293308412,-0.03408435593347961
253,2.324999999999978,0.1497700559025965,0.0,0.16539238684392962,0.31516244274652616
254,2.349999999999977,0.1494315008347641,0.0,0.15421917328661097,0.3036506741213751
255,2.374999999999977,0.149036570828266,0.0,-0.12375287237159495,0.02528369845667104
256,2.3999999999999773,0.1485863575470581,0.0,0.34494497569041216,0.4935313332374702
257,2.4249999999999776,0.1480822689249354,0.0,0.05823004408325344,0.20631231300818884
258,2.449999999999977,0.1475260321165699,0.0,0.06783015837195946,0.21535619048852936
259,2.474999999999977,0.1469196954284441,0.0,-0.16079064124706616,-0.013870945818622055
260,2.499999999999977,0.1462656288627968,0.0,-0.1955139521244345,-0.04924832326163772
261,2.5249999999999773,0.1455665228925947,0.0,0.07382437297858034,0.21939089587117505
262,2.5499999999999767,0.1448253850892631,0.0,-0.27672924826310324,-0.13190386317384015
263,2.574999999999976,0.1440455342465787,0.0,-0.1104994604735844,0.0335460737729943
264,2.599999999999977,0.143230591682401,0.0,-0.17483895337989105,-0.03160836169749007
265,2.624999999999977,0.142384469452811,0.0,-0.24131938435155462,-0.09893491489874362
266,2.6499999999999764,0.1415113552785854,0.0,0.154702814005503,0.2962141692840884
267,2.674999999999976,0.1406156940593414,0.0,0.08591767377665122,0.22653336783599262
268,2.699999999999976,0.1397021659337332,0.0,0.048467174183444754,0.18816934011717795
269,2.724999999999977,0.1387756609322711,0.0,-0.21671555155335837,-0.07793989062108728
270,2.749999999999976,0.1378412503602933,0.0,-0.09444175932860087,0.043399491031692425
271,2.7749999999999755,0.1369041551398479,0.0,0.029222510701539164,0.16612666584138708
272,2.799999999999976,0.1359697114282558,0.0,-0.17003017767872156,-0.03406046625046574
273,2.824999999999976,0.135043333915369,0.0,0.18894370110557296,0.32398703502094195
274,2.849999999999976,0.1341304772782996,0.0,0.4174447562343935,0.5515752335126931
275,2.874999999999975,0.1332365963390104,0.0,-0.00693605710393168,0.1263005392350787
276,2.8999999999999755,0.1323671055238781,0.0,0.046395986661238474,0.17876309218511657
277,2.924999999999976,0.1315273382627208,0.0,0.3991847900632553,0.5307121283259761
278,2.9499999999999758,0.1307225069856258,0.0,0.20321592745556558,0.33393843444119137
279,2.9749999999999748,0.1299576643777761,0.0,0.007322074410080011,0.1372797387878561
280,2.999999999999975,0.1292376665344658,0.0,-0.1376709337961791,-0.008433267261713284
281,3.0249999999999755,0.1285671386209408,0.0,-0.2511834118240623,-0.12261627320312149
282,3.049999999999975,0.1279504435857588,0.0,0.15297266853413233,0.2809231121198911
283,3.0749999999999744,0.1273916544042478,0.0,-0.06765586278982062,0.05973579161442717
284,3.0999999999999748,0.1268945302435276,0.0,-0.10703727214933391,0.019857258094193683
285,3.124999999999975,0.1264624968460885,0.0,0.17719780535422502,0.30366030220031354
286,3.1499999999999746,0.1260986313292978,0.0,0.0679135723044534,0.1940122036337512
287,3.174999999999974,0.1258056514973996,0.0,-0.3621424386790254,-0.2363367871816258
288,3.1999999999999744,0.125585909664484,0.0,-0.0224244676906777,0.10316144197380629
289,3.2249999999999748,0.1254413908946588,0.0,-0.18878008700761575,-0.06333869611295695
290,3.2499999999999742,0.125373715481842,0.0,-0.12649613428908754,-0.0011224188072455343
291,3.2749999999999737,0.1253841454178978,0.0,-0.310815573438373,-0.18543142802047521
292,3.299999999999974,0.1254735945352874,0.0,-0.19817443793199455,-0.07270084339670715
293,3.3249999999999744,0.1256426419594165,0.0,0.07408678708834651,0.199729429047763
294,3.349999999999974,0.1258915484664239,0.0,0.01130568762970992,0.13719723609613382
295,3.3749999999999734,0.1262202753140064,0.0,0.06839766085751259,0.19461793617151898
296,3.3999999999999737,0.126628505095647,0.0,0.37118011778731996,0.49780862288296696
297,3.424999999999974,0.1271156641618936,0.0,0.06329510289548673,0.19041076705738033
298,3.449999999999973,0.1276809461557235,0.0,-0.28788358245487516,-0.16020263629915166
299,3.474999999999973,0.1283233362220777,0.0,0.21837122458159258,0.3466945608036703
300,3.4999999999999734,0.1290416354737695,0.0,-0.32547371973521133,-0.19643208426144182
301,3.5249999999999737,0.1298344853264116,0.0,-0.09849382139226638,0.03134066393414521
302,3.549999999999973,0.1307003913527079,0.0,0.31855197337879915,0.44925236473150704
303,3.5749999999999726,0.1316377463500859,0.0,0.15947032387787316,0.29110807022795904
304,3.599999999999973,0.1326448523635757,0.0,0.11535378988961792,0.24799864225319362
305,3.624999999999973,0.1337199414562153,0.0,-0.119380961884339,0.014338979571876298
306,3.649999999999973,0.1348611950701996,0.0,0.1997693005922261,0.33463049566242575
307,3.674999999999972,0.1360667618714633,0.0,-0.008904606273176524,0.12716215559828678
308,3.6999999999999726,0.1373347740167958,0.0,-0.12278847183048543,0.01454630218631038
309,3.724999999999973,0.1386633618243323,0.0,0.09287097226885076,0.23153433409318308
310,3.749999999999973,0.1400506668643358,0.0,0.14062185079076792,0.2806725176551037
311,3.774999999999972,0.1414948535168881,0.0,-0.004717230349254623,0.13677762316763348
312,3.799999999999972,0.142994119066192,0.0,-0.09237385765049118,0.05062026141570082
313,3.8249999999999726,0.1445467024178107,0.0,-0.1614131753611155,-0.01686647294330479
314,3.849999999999972,0.1461508915358069,0.0,0.020966170447076094,0.167117061982883
315,3.874999999999972,0.1478050297021327,0.0,-0.17791655607963108,-0.030111526377498393
316,3.899999999999972,0.1495075207016185,0.0,0.1566520701478523,0.30615959084947075
317,3.924999999999972,0.1512568330335141,0.0,0.07595466089502675,0.22721149392854084
318,3.949999999999972,0.1530515032456294,0.0,0.026092703812429726,0.17914420705805914
319,3.9749999999999712,0.1548901384806594,0.0,-0.01272367675347425,0.14216646172718517
320,-4.0,0.3402031545188121,1.0,-0.3627737103361647,-0.022570555817352567
321,-3.975,0.3340166787873159,1.0,-0.3790569168994269,-0.045040238112111
322,-3.95,0.3280899887080584,1.0,-0.42873319746906796,-0.10064320876100957
323,-3.925,0.3224160572202427,1.0,-0.23055116230872735,0.09186489491151534
324,-3.9,0.3169876751988451,1.0,0.010743461257442506,0.3277311364562876
325,-3.875,0.3117975099755992,1.0,0.0461893425795492,0.3579868525551484
326,-3.850000000000001,0.3068381577040627,1.0,0.14610395279570124,0.45294211049976396
327,-3.8250000000000006,0.3021021898653649,1.0,0.03658686681071647,0.3386890566760814
328,-3.8000000000000007,0.2975821942520782,1.0,-0.020783928465856846,0.27679826578622135
329,-3.775000000000001,0.29327081079457,1.0,-0.05265818470805705,0.24061262608651296
330,-3.750000000000001,0.2891607626090946,1.0,0.004857823024807958,0.2940185856339026
331,-3.725000000000001,0.2852448826520986,1.0,0.021202184472197586,0.30644706712429615
332,-3.700000000000001,0.2815161363624296,1.0,-0.17947335286265761,0.102042783499772
333,-3.675000000000001,0.2779676406641664,1.0,-0.15359858056071324,0.12436906010345317
334,-3.650000000000001,0.2745926796889911,1.0,0.08392533687718644,0.35851801656617754
335,-3.625000000000001,0.271384717559718,1.0,0.05362993290668538,0.3250146504664034
336,-3.6000000000000014,0.2683374085569579,1.0,-0.11402315541864086,0.15431425313831706
337,-3.575000000000001,0.2654446049695594,1.0,-0.02525196589339859,0.2401926390761608
338,-3.5500000000000016,0.2627003629075704,1.0,-0.09594686202134826,0.1667535008862221
339,-3.5250000000000017,0.2600989463341513,1.0,0.07970463923055839,0.3398035855647097
340,-3.5000000000000018,0.2576348295510045,1.0,-0.16604226967468452,0.09159255987631995
341,-3.475000000000002,0.2553026983505591,1.0,-0.13382119890445804,0.12148149944610104
342,-3.450000000000002,0.2530974500277287,1.0,-0.3211536950025635,-0.06805624497483481
343,-3.425000000000002,0.2510141924247537,1.0,0.01476345584954405,0.26577764827429773
344,-3.400000000000002,0.2490482421645115,1.0,-0.23862921863265846,0.010419023531853033
345,-3.375000000000002,0.2471951222107986,1.0,-0.31231667047498074,-0.06512154826418215
346,-3.3500000000000023,0.2454505588785583,1.0,-0.026023103307499178,0.2194274555710591
347,-3.3250000000000024,0.2438104784027384,1.0,-0.011631069709650927,0.23217940869308748
348,-3.3000000000000025,0.2422710031614652,1.0,-0.041071150006187544,0.20119985315527764
349,-3.2750000000000026,0.2408284476374085,1.0,-0.12843780529825816,0.11239064233915033
350,-3.2500000000000027,0.2394793141905478,1.0,-0.19618426806067943,0.04329504612986837
351,-3.2250000000000028,0.2382202887059969,1.0,0.03852740971952824,0.27674769842552516
352,-3.200000000000003,0.2370482361718807,1.0,-0.11747186310467694,0.11957637306720376
353,-3.175000000000003,0.2359601962346225,1.0,-0.15876819335095674,0.07719200288366576
354,-3.150000000000003,0.2349533787720908,1.0,0.0498953298577325,0.2848487086298233
355,-3.125000000000003,0.2340251595189217,1.0,-0.009823679545290613,0.22420147997363107
356,-3.100000000000003,0.2331730757728294,1.0,0.10156984721493771,0.3347429229877671
357,-3.0750000000000037,0.232394822205801,1.0,-0.11068415764403441,0.12171066456176657
358,-3.050000000000004,0.2316882467995878,1.0,-0.2157869363793405,0.01590131042024731
359,-3.0250000000000035,0.2310513469208704,1.0,-0.10951197532142792,0.12153937159944248
360,-3.000000000000004,0.2304822655477,1.0,-0.1733345659319413,0.05714769961575869
361,-2.975000000000004,0.2299792876553148,1.0,0.19203086794343327,0.4220101555987481
362,-2.950000000000004,0.2295408367660229,1.0,0.05160865522382462,0.2811494919898475
363,-2.925000000000004,0.2291654716645329,1.0,-0.06751398665603572,0.1616514850084972
364,-2.900000000000004,0.2288518832767392,1.0,-0.2283847032486178,0.0004671800281214056
365,-2.875000000000004,0.2285988917064622,1.0,0.10590496782067743,0.3345038595271396
366,-2.850000000000004,0.2284054434209143,1.0,0.15204287624259955,0.38044831966351383
367,-2.825000000000004,0.2282706085715743,1.0,-0.15839125981586819,0.06987934875570612
368,-2.8000000000000043,0.2281935784326097,1.0,0.005383370482968361,0.23357694891557806
369,-2.7750000000000044,0.2281736629338475,1.0,-0.1713484368167798,0.056825226117067695
370,-2.7500000000000044,0.2282102882594234,1.0,-0.11670909588030474,0.11150119237911867
371,-2.7250000000000045,0.2283029944765195,1.0,-0.05787447352469678,0.1704285209518227
372,-2.7000000000000046,0.2284514331508057,1.0,-0.052849471436804914,0.1756019617140008
373,-2.6750000000000047,0.2286553648962777,1.0,-0.13922971879053522,0.08942564610574247
374,-2.650000000000005,0.2289146567968593,1.0,-0.024502118823182532,0.20441253797367676
375,-2.625000000000005,0.2292292796253382,1.0,0.11814488940399309,0.34737416902933127
376,-2.600000000000005,0.2295993047717649,1.0,-0.03278521474771498,0.19681409002404993
377,-2.575000000000005,0.2300249007782207,1.0,-0.2006436421989532,0.02938125857926749
378,-2.550000000000005,0.2305063293598448,1.0,0.3290234652647868,0.5595297946246316
379,-2.525000000000005,0.2310439407731675,1.0,0.2113899559237851,0.4424338966969526
380,-2.5000000000000053,0.231638168372238,1.0,-0.01829368423978773,0.21334448413245027
381,-2.4750000000000054,0.2322895221710362,1.0,-0.03349657578936888,0.19879294638166733
382,-2.450000000000005,0.2329985812076193,1.0,-0.1605931250694928,0.07240545613812649
383,-2.4250000000000056,0.2337659844820475,1.0,0.3025529119623658,0.5363188964444132
384,-2.4000000000000057,0.2345924202173911,1.0,0.21634358501366702,0.45093600523105815
385,-2.3750000000000058,0.2354786131723054,1.0,-0.13182211630774177,0.10365649686456363
386,-2.350000000000006,0.2364253097165935,1.0,0.12222976277567589,0.3586550724922694
387,-2.325000000000006,0.2374332603701813,1.0,0.1001360428984371,0.3375693032686184
388,-2.300000000000006,0.2385031995037078,1.0,-0.17805149830539763,0.06045170119831017
389,-2.275000000000006,0.2396358219090355,1.0,0.07348728754643037,0.3131231094554659
390,-2.250000000000006,0.2408317559741972,1.0,0.1924442298871183,0.4332759858613155
391,-2.2250000000000063,0.2420915332441363,1.0,0.1504453305277864,0.39253686377192265
392,-2.2000000000000064,0.2434155542206298,1.0,-0.198531224495874,0.04488432972475581
393,-2.1750000000000065,0.2448040503567841,1.0,0.04187129783653054,0.28667534819331464
394,-2.1500000000000066,0.2462570423376571,1.0,0.17818352414568003,0.42444056648333717
395,-2.1250000000000067,0.2477742949122459,1.0,0.20366457718141576,0.4514388720936616
396,-2.1000000000000068,0.2493552687549685,1.0,-0.009440400775422481,0.239914867979546
397,-2.075000000000007,0.2509990700861464,1.0,0.23934064499538527,0.4903397150815317
398,-2.050000000000007,0.2527043990669184,1.0,0.281207045589753,0.5339114446566714
399,-2.025000000000007,0.2544694982965359,1.0,0.07261093405325898,0.3270804323497949
400,-2.000000000000007,0.2562921030665826,1.0,-0.04379880036569789,0.21249330270088473
401,-1.9750000000000072,0.2581693953498117,1.0,-0.232352813800125,0.02581658154968669
402,-1.9500000000000075,0.2600979637989817,1.0,0.009635196845014094,0.2697331606439958
403,-1.9250000000000076,0.2620737722771392,1.0,0.0965338336845413,0.3586076059616805
404,-1.9000000000000077,0.2640921396068291,1.0,-0.0698614112091067,0.19423072839772237
405,-1.8750000000000075,0.2661477332827894,1.0,-0.0461498301883393,0.2199979030944501
406,-1.850000000000008,0.2682345798140694,1.0,0.268721238950334,0.5369558187644035
407,-1.825000000000008,0.2703460941253224,1.0,0.06187038750488063,0.332216481630203
408,-1.8000000000000078,0.2724751300387276,1.0,0.43134029784477895,0.7038154278835065
409,-1.775000000000008,0.2746140532724987,1.0,0.2344647350448776,0.5090787883173763
410,-1.750000000000008,0.2767548376348235,1.0,-0.023320843178031563,0.25343399445679193
411,-1.725000000000008,0.2788891841799986,1.0,0.04412272552359214,0.3230119097035907
412,-1.7000000000000082,0.2810086620543116,1.0,-0.19746461731209394,0.08354404474221763
413,-1.6750000000000085,0.2831048686314104,1.0,0.07113665353203595,0.35424152216344634
414,-1.6500000000000083,0.2851696053697533,1.0,-0.0398522173562405,0.24531738801351277
415,-1.6250000000000084,0.2871950646784969,1.0,-0.2138108392519566,0.07338422542654033
416,-1.6000000000000083,0.2891740220243887,1.0,-0.07599186650478788,0.2131821555196008
417,-1.5750000000000086,0.2911000266330308,1.0,0.16834417528539075,0.45944420191842156
418,-1.5500000000000087,0.2929675835230899,1.0,0.033088228679882696,0.3260558122029726
419,-1.5250000000000088,0.2947723193525375,1.0,-0.3025840897036501,-0.007811770351112579
420,-1.5000000000000089,0.2965111247321835,1.0,0.39314872421532393,0.6896598489475074
421,-1.475000000000009,0.2981822663278893,1.0,0.20874464581131283,0.5069269121392022
422,-1.450000000000009,0.299785463238444,1.0,0.0719480218103047,0.3717334850487487
423,-1.4250000000000091,0.3013219237484795,1.0,-0.2187996757769871,0.08252224797149238
424,-1.4000000000000092,0.3027943404867477,1.0,-0.17146787801516125,0.13132646247158644
425,-1.375000000000009,0.304206844061832,1.0,0.11227799015261343,0.41648483421444543
426,-1.3500000000000094,0.3055649171187127,1.0,-0.17217782354443079,0.1333870935742819
427,-1.3250000000000095,0.3068752721234932,1.0,-0.1126253403485887,0.1942499317749045
428,-1.3000000000000096,0.3081456966723976,1.0,0.06875210633712654,0.37689780300952413
429,-1.2750000000000097,0.3093848693649726,1.0,0.18811511974474193,0.49749998910971455
430,-1.2500000000000098,0.3106021469340972,1.0,-0.03932771201215456,0.27127443492194264
431,-1.22500000000001,0.3118073190818798,1.0,0.08693976850180946,0.39874708758368926
432,-1.20000000000001,0.3130103210736613,1.0,0.288229424800179,0.6012397458738403
433,-1.17500000000001,0.3142208853795586,1.0,-0.027436954196767095,0.2867839311827915
434,-1.15000000000001,0.3154481023502185,1.0,0.05064668586837497,0.3660947882185934
435,-1.1250000000000102,0.3166998459442149,1.0,-0.24808159030098872,0.06861825564322618
436,-1.1000000000000103,0.3179820038663801,1.0,0.1918274703452338,0.5098094742116139
437,-1.0750000000000104,0.3192974323745046,1.0,0.34985363653861534,0.6691510689131199
438,-1.0500000000000105,0.3206445353442978,1.0,0.22939179138162485,0.5500363267259227
439,-1.0250000000000106,0.3220153471754267,1.0,-0.13113764704701839,0.1908777001284083
440,-1.0000000000000109,0.3233929846150397,1.0,0.47147104715742066,0.7948640317724603
441,-0.9750000000000107,0.324748333065916,1.0,-0.06721896943321272,0.2575293636327033
442,-0.9500000000000108,0.3260358655284056,1.0,-0.1017263485859705,0.22430951694243506
443,-0.9250000000000108,0.3271885852245296,1.0,-0.4051147835370804,-0.07792619831255082
444,-0.900000000000011,0.3281122782242743,1.0,-0.0993307940863833,0.228781484137891
445,-0.8750000000000111,0.3286796140679985,1.0,0.09236129360613214,0.42104090767413066
446,-0.8500000000000112,0.3287251926754611,1.0,0.03541511276529364,0.3641403054407547
447,-0.8250000000000113,0.3280434182761134,1.0,0.08308677832437696,0.4111301966004903
448,-0.8000000000000114,0.3263919901473325,1.0,0.13451527365115137,0.4609072637984839
449,-0.7750000000000115,0.3235045319623845,1.0,0.06918795424239732,0.3926924862047818
450,-0.7500000000000115,0.319115841987349,1.0,-0.29086778423037946,0.028248057756969536
451,-0.7250000000000116,0.3130015872747323,1.0,0.045803499506803735,0.35880508678153605
452,-0.7000000000000117,0.3050301809407212,1.0,-0.17424924339096357,0.13078093754975764
453,-0.6750000000000118,0.2952179512421484,1.0,0.10304632499530476,0.39826427623745314
454,-0.6500000000000119,0.2837710478921502,1.0,-0.12140514803110151,0.16236589986104866
455,-0.625000000000012,0.2710930017385101,1.0,-0.11890394574029321,0.15218905599821686
456,-0.6000000000000121,0.2577422419545499,1.0,0.05240594998278726,0.31014819193733717
457,-0.5750000000000122,0.2443443197883648,1.0,0.061147613621414625,0.3054919334097794
458,-0.5500000000000123,0.2314924416572275,1.0,-0.38869058711962157,-0.15719814546239408
459,-0.5250000000000123,0.2196840891297874,1.0,0.12108212585686226,0.34076621498664966
460,-0.5000000000000124,0.2093212232347476,1.0,0.10785082487103537,0.317172048105783
461,-0.4750000000000125,0.2007593904443478,1.0,-0.24866054088971418,-0.047901150445366386
462,-0.4500000000000126,0.1943626053568934,1.0,-0.13045713703286618,0.06390546832402721
463,-0.4250000000000127,0.1905234128997674,1.0,0.23782119330712145,0.42834460620688886
464,-0.4000000000000128,0.1896289955829612,1.0,-0.06772510349974947,0.12190389208321173
465,-0.3750000000000129,0.191981295860032,1.0,-0.2834921651706666,-0.09151086931063462
466,-0.3500000000000129,0.1977134760396949,1.0,0.0186654681557504,0.21637894419544532
467,-0.325000000000013,0.2067846748144121,1.0,0.038212060922355115,0.24499673573676722
468,-0.3000000000000131,0.2191404359766073,1.0,0.09241694442846476,0.3115573804050721
469,-0.2750000000000132,0.2350388751430029,1.0,0.09066249047987152,0.32570136562287444
470,-0.2500000000000133,0.2553896163095334,1.0,0.05030747959459232,0.3056970959041257
471,-0.2250000000000134,0.2818664409913821,1.0,0.29543482343237504,0.5773012644237572
472,-0.2000000000000135,0.3165916110263476,1.0,-0.20295770777577257,0.11363390325057501
473,-0.1750000000000136,0.3612844804573325,1.0,-0.06456841540272111,0.2967160650546114
474,-0.1500000000000136,0.4160374177700777,1.0,-0.31776606951852504,0.09827134825155265
475,-0.1250000000000137,0.4784890735437981,1.0,0.3148586651589613,0.7933477387027594
476,-0.1000000000000138,0.5443962736233227,1.0,-0.06594955294631265,0.47844672067701
477,-0.0750000000000139,0.6094632571265391,1.0,-0.09136393484279041,0.5180993222837488
478,-0.050000000000014,0.6709279140611003,1.0,-0.1969967114847892,0.4739312025763111
479,-0.0250000000000141,0.7278150719117976,1.0,0.18511804978068397,0.9129331216924816
480,-1.4210854715202004e-14,0.7801425614956482,1.0,-0.04932748369599976,0.7308150777996485
481,0.0249999999999861,0.8279042396106255,1.0,-0.08556460998638117,0.7423396296242444
482,0.0499999999999856,0.8703825461782919,1.0,0.2315427168647016,1.1019252630429934
483,0.074999999999985,0.9060050730109696,1.0,0.030523122525133055,0.9365281955361026
484,0.0999999999999854,0.932667213393126,1.0,-0.053043362262095925,0.87962385113103
485,0.1249999999999857,0.9481325450756656,1.0,0.47389468665929985,1.4220272317349654
486,0.1499999999999852,0.9536007437890476,1.0,0.4198385573752242,1.3734393011642718
487,0.1749999999999847,0.9832875310732548,1.0,-0.10880511815163339,0.8744824129216214
488,0.199999999999985,0.9764569900378236,1.0,0.18935431961163907,1.1658113096494627
489,0.2249999999999854,0.9787611045058052,1.0,0.011830825036087449,0.9905919295418927
490,0.2499999999999849,0.9934131472345942,1.0,0.5884064034049415,1.5818195506395356
491,0.2749999999999843,0.9989837374323676,1.0,-0.12418810133845733,0.8747956360939102
492,0.2999999999999847,0.9999999999999992,1.0,-0.006055933021289642,0.9939440669787096
493,0.3249999999999851,0.9920957505533984,1.0,0.1878579554333828,1.1799537059867813
494,0.3499999999999845,0.7961287826125085,1.0,0.04129469743579383,0.8374234800483024
495,0.374999999999984,0.6511116825043476,1.0,-0.32156689821049994,0.32954478429384765
496,0.3999999999999843,0.7170870992089085,1.0,0.16305258895108357,0.880139688159992
497,0.4249999999999847,0.750763340439422,1.0,0.11649606040165839,0.8672594008410803
498,0.4499999999999842,0.7694859386319968,1.0,0.018367291340793023,0.7878532299727898
499,0.4749999999999836,0.7766969963692297,1.0,-0.1557214552822883,0.6209755410869414
500,0.499999999999984,0.7763952938235732,1.0,0.18251240496426846,0.9589076987878417
501,0.5249999999999844,0.7721183114556657,1.0,-0.1098873422816208,0.6622309691740449
502,0.5499999999999838,0.7658839375488556,1.0,0.1649117585189877,0.9307956960678434
503,0.5749999999999833,0.758401213352004,1.0,-0.05206733399109163,0.7063338793609124
504,0.5999999999999837,0.7493382721802455,1.0,-0.08992600350239005,0.6594122686778554
505,0.624999999999984,0.737209295687839,1.0,0.1167573808080492,0.8539666764958882
506,0.6499999999999835,0.7195055457488582,1.0,0.09187629344219773,0.8113818391910559
507,0.674999999999983,0.6945953160244887,1.0,-0.10093742485754863,0.59365789116694
508,0.6999999999999833,0.6660700676948926,1.0,0.09478879250451552,0.7608588601994082
509,0.7249999999999837,0.6419127081133575,1.0,0.019431072169636753,0.6613437802829943
510,0.7499999999999831,0.6260383401213276,1.0,-0.1151609918995108,0.5108773482218169
511,0.7749999999999826,0.6179222813457799,1.0,0.12108091280449074,0.7390031941502706
512,0.799999999999983,0.6158679708305627,1.0,-0.15433748032977468,0.461530490500788
513,0.8249999999999833,0.6177918094379136,1.0,0.021343901728761487,0.639135711166675
514,0.8499999999999828,0.6230645535527191,1.0,-0.2190192747878401,0.40404527876487895
515,0.8749999999999822,0.6328277759110995,1.0,0.023540080868526134,0.6563678567796256
516,0.8999999999999826,0.6489587099516807,1.0,0.14643620883351627,0.795394918785197
517,0.924999999999983,0.6736389160117265,1.0,-0.12749345580885857,0.5461454602028679
518,0.9499999999999824,0.7080965607753236,1.0,0.048135241041275284,0.7562318018165989
519,0.974999999999982,0.7490653566911264,1.0,0.18810078425536436,0.9371661409464908
520,0.9999999999999822,0.7867485884060568,1.0,0.043486562319010755,0.8302351507250675
521,1.0249999999999826,0.8104350084574378,1.0,-0.044044431667296526,0.7663905767901412
522,1.049999999999982,0.81413720473514,1.0,0.01623962548726934,0.8303768302224093
523,1.0749999999999815,0.7928740265879735,1.0,-0.14065636400208706,0.6522176625858864
524,1.099999999999982,0.7381547814435198,1.0,0.006889401681284866,0.7450441831248046
525,1.1249999999999822,0.6414746610045091,1.0,0.01169539535252682,0.653170056357036
526,1.1499999999999817,0.5058838903389318,1.0,0.04095282370991239,0.5468367140488442
527,1.1749999999999812,0.3558046018320753,1.0,-0.3723766991895084,-0.01657209735743309
528,1.1999999999999815,0.2265650939639702,1.0,-0.18408391876113223,0.04248117520283798
529,1.224999999999982,0.1378264182983634,1.0,-0.20472665105369023,-0.06690023275532683
530,1.2499999999999811,0.0857400835358747,1.0,0.24769585948355968,0.33343594301943436
531,1.2749999999999808,0.0573395641299978,1.0,0.20542666225018372,0.26276622638018154
532,1.2999999999999812,0.0420223421070894,1.0,0.3541254209316401,0.3961477630387295
533,1.3249999999999815,0.033589622011108,1.0,0.2143455557202736,0.24793517773138163
534,1.349999999999981,0.028817630055297,1.0,0.24175666461548642,0.2705742946707834
535,1.3749999999999805,0.0260615732784775,1.0,0.0022949417989192107,0.02835651507739671
536,1.3999999999999808,0.0244593900948559,1.0,-0.11199602163144666,-0.08753663153659076
537,1.4249999999999812,0.0235383509593485,1.0,-0.011556329089104455,0.011982021870244044
538,1.4499999999999806,0.0230264984962281,1.0,0.20547257551720205,0.22849907401343014
539,1.47499999999998,0.0227606704398986,1.0,-0.17145270714866076,-0.14869203670876216
540,1.4999999999999805,0.0226397485617112,1.0,0.06387986926180983,0.08651961782352102
541,1.5249999999999808,0.0225996137628139,1.0,-0.3189458128893126,-0.29634619912649873
542,1.5499999999999805,0.022598984093449,1.0,-0.25906866067760964,-0.23646967658416063
543,1.5749999999999795,0.0226110194647052,1.0,-0.0925337667823385,-0.0699227473176333
544,1.59999999999998,0.0226181642785197,1.0,0.24031355119857434,0.26293171547709404
545,1.6249999999999805,0.0226089035569557,1.0,-0.0851707925556896,-0.0625618889987339
546,1.64999999999998,0.0225756945028828,1.0,0.16189091593225013,0.18446661043513293
547,1.6749999999999794,0.0225136387552309,1.0,-0.048554756023676315,-0.026041117268445414
548,1.6999999999999795,0.0224196282697965,1.0,-0.08959841614960919,-0.06717878787981268
549,1.72499999999998,0.022291796092448,1.0,-0.027520691536306662,-0.005228895443858662
550,1.7499999999999796,0.022129163595058,1.0,0.23891828589239972,0.26104744948745773
551,1.774999999999979,0.0219314138289806,1.0,0.19175477444008576,0.21368618826906635
552,1.7999999999999794,0.0216987451359952,1.0,-0.07451821554466076,-0.05281947040866556
553,1.82499999999998,0.0214317750665023,1.0,0.16627490439130926,0.18770667945781155
554,1.8499999999999792,0.0211314750642625,1.0,0.09284859584288854,0.11398007090715104
555,1.874999999999979,0.0207991232265296,1.0,0.18473112752274418,0.20553025074927378
556,1.899999999999979,0.020436266983313,1.0,-0.18055958679910045,-0.16012331981578745
557,1.9249999999999796,0.0200446905649088,1.0,-0.26173800485629106,-0.24169331429138227
558,1.9499999999999789,0.0196263841639392,1.0,-0.020522659915559856,-0.0008962757516206565
559,1.9749999999999783,0.0191835130828123,1.0,-0.19106438938129147,-0.17188087629847917
560,1.999999999999979,0.0187183861044642,1.0,-0.033074262801116444,-0.014355876696652243
561,2.024999999999979,0.0182334229692787,1.0,-0.22902410355500183,-0.21079068058572312
562,2.0499999999999785,0.0177311212696017,1.0,0.08158992684671171,0.09932104811631341
563,2.074999999999978,0.0172140233394283,1.0,0.1716268614256501,0.18884088476507838
564,2.0999999999999783,0.0166846838565553,1.0,0.1767730987803716,0.1934577826369269
565,2.1249999999999787,0.0161456389138221,1.0,-0.15307748011069353,-0.13693184119687143
566,2.149999999999978,0.0155993772764421,1.0,-0.04303714677587166,-0.027437769499429557
567,2.1749999999999776,0.0150483144433861,1.0,-0.14040491523486096,-0.12535660079147484
568,2.199999999999978,0.0144947699910665,1.0,-0.098309004293495,-0.0838142343024285
569,2.2249999999999783,0.013940948515047,1.0,-0.15601484718594907,-0.1420738986709021
570,2.249999999999978,0.0133889243166033,1.0,0.05957093540425068,0.07295985972085398
571,2.2749999999999773,0.0128406298198214,1.0,0.07245112809069666,0.08529175791051806
572,2.2999999999999776,0.0122978475626702,1.0,0.0884285440759274,0.1007263916385976
573,2.324999999999978,0.0117622054898903,1.0,0.2535090248914635,0.2652712303813538
574,2.349999999999977,0.0112351751908306,1.0,-0.06469179453193916,-0.053456619341108555
575,2.374999999999977,0.0107180726725589,1.0,-0.17776367790754566,-0.16704560523498677
576,2.3999999999999773,0.0102120612359809,1.0,0.09741671601116147,0.10762877724714237
577,2.4249999999999776,0.0097181560265429,1.0,-0.3543186958189234,-0.3446005397923805
578,2.449999999999977,0.0092372298563267,1.0,0.12853204141930016,0.13776927127562685
579,2.474999999999977,0.0087700199352357,1.0,0.30862203269060734,0.317392052625843
580,2.499999999999977,0.0083171351998092,1.0,-0.2970017182199809,-0.2886845830201717
581,2.5249999999999773,0.0078790639836663,1.0,0.021816149062488938,0.029695213046155237
582,2.5499999999999767,0.0074561818291539,1.0,-0.08944285524815884,-0.08198667341900494
583,2.574999999999976,0.0070487592918303,1.0,0.4282745782799976,0.4353233375718279
584,2.599999999999977,0.0066569696353976,1.0,0.0009798063604706387,0.007636775995868239
585,2.624999999999977,0.0062808963529708,1.0,0.08411972258436408,0.09040061893733488
586,2.6499999999999764,0.0059205404804457,1.0,-0.15657690571644056,-0.15065636523599485
587,2.674999999999976,0.0055758276892168,1.0,-0.02102158644809885,-0.015445758758882051
588,2.699999999999976,0.005246615159237,1.0,0.16028661072805506,0.16553322588729205
589,2.724999999999977,0.0049326982404376,1.0,0.18359608793127888,0.18852878617171648
590,2.749999999999976,0.0046338169121429,1.0,-0.11434262749132172,-0.10970881057917882
591,2.7749999999999755,0.0043496620477371,1.0,0.12182655530518806,0.12617621735292517
592,2.799999999999976,0.0040798814868758,1.0,-0.10086745084295358,-0.09678756935607778
593,2.824999999999976,0.0038240859112654,1.0,0.3631474420964239,0.3669715280076893
594,2.849999999999976,0.0035818545135879,1.0,-0.25847805298274057,-0.2548961984691527
595,2.874999999999975,0.0033527404433931,1.0,0.055913796044386184,0.059266536487779284
596,2.8999999999999755,0.0031362760093528,1.0,-0.26163477353027714,-0.25849849752092435
597,2.924999999999976,0.0029319776145791,1.0,-0.3198677622918128,-0.3169357846772337
598,2.9499999999999758,0.0027393504008702,1.0,-0.15350179983924508,-0.15076244943837488
599,2.9749999999999748,0.0025578925787736,1.0,-0.41426603028550213,-0.41170813770672854
600,2.999999999999975,0.0023870994230248,1.0,-0.16919785860363018,-0.16681075918060537
601,3.0249999999999755,0.0022264669169449,1.0,-0.037851363208519444,-0.035624896291574545
602,3.049999999999975,0.002075495034401,1.0,-0.10620585904323245,-0.10413036400883144
603,3.0749999999999744,0.0019336906535582,1.0,0.11196254343071112,0.11389623408426931
604,3.0999999999999748,0.0018005701025015,1.0,0.08340722656273428,0.08520779666523577
605,3.124999999999975,0.0016756613425513,1.0,0.2850427726105236,0.2867184339530749
606,3.1499999999999746,0.0015585058004369,1.0,0.030550987588417004,0.0321094933888539
607,3.174999999999974,0.0014486598652251,1.0,-0.028425905533899825,-0.026977245668674724
608,3.1999999999999744,0.00134569606986,1.0,-0.09760474968779038,-0.09625905361793038
609,3.2249999999999748,0.0012492039802808,1.0,-0.21714014891923747,-0.21589094493895666
610,3.2499999999999742,0.0011587908173159,1.0,0.22778969810656774,0.22894848892388364
611,3.2749999999999737,0.0010740818379284,1.0,0.032843682568087854,0.03391776440601625
612,3.299999999999974,0.0009947205029705,1.0,-0.18064429187196646,-0.17964957136899595
613,3.3249999999999744,0.0009203684584862,1.0,-0.26282227422218685,-0.26190190576370065
614,3.349999999999974,0.0008507053568838,1.0,-0.4107283384743343,-0.4098776331174505
615,3.3749999999999734,0.000785428543096,1.0,-0.096129600853971,-0.095344172310875
616,3.3999999999999737,0.0007242526292784,1.0,-0.07349353910269761,-0.07276928647341921
617,3.424999999999974,0.0006669089797587,1.0,0.0015701116393685498,0.0022370206191272496
618,3.449999999999973,0.0006131451259523,1.0,0.3654319411925294,0.3660450863184817
619,3.474999999999973,0.0005627241288805,1.0,-0.07662203909283401,-0.0760593149639535
620,3.4999999999999734,0.0005154239048441,1.0,0.042840355837336176,0.04335577974218028
621,3.5249999999999737,0.0004710365277647,1.0,-0.19613100966680294,-0.19565997313903824
622,3.549999999999973,0.0004293675197652,1.0,0.035671474579994124,0.03610084209975933
623,3.5749999999999726,0.0003902351397453,1.0,0.08827687116472528,0.08866710630447058
624,3.599999999999973,0.0003534696780349,1.0,-0.22180637033299447,-0.22145290065495957
625,3.624999999999973,0.0003189127636973,1.0,0.026075129454941788,0.02639404221863909
626,3.649999999999973,0.0002864166897089,1.0,0.05069025075296374,0.05097666744267264
627,3.674999999999972,0.0002558437600498,1.0,-0.07363916355937108,-0.07338331979932128
628,3.6999999999999726,0.000227065661718,1.0,-0.21416009965561847,-0.21393303399390046
629,3.724999999999973,0.0001999628637892,1.0,0.19139458538368115,0.19159454824747035
630,3.749999999999973,0.0001744240449023,1.0,-0.050008471184358076,-0.04983404713945578
631,3.774999999999972,0.0001503455499278,1.0,-0.07725099347367215,-0.07710064792374435
632,3.799999999999972,0.00012763087606,1.0,-0.08825078752086803,-0.08812315664480802
633,3.8249999999999726,0.0001061901881645,1.0,0.10819167604696946,0.10829786623513396
634,3.849999999999972,8.593986288109753e-05,1.0,-0.16792890937702987,-0.16784296951414876
635,3.874999999999972,6.680206072726844e-05,1.0,-0.019998679650860784,-0.019931877590133516
636,3.899999999999972,4.870432525715591e-05,1.0,0.17342706236978458,0.17347576669504175
637,3.924999999999972,3.1579208188797165e-05,1.0,0.07647102696422042,0.07650260617240923
638,3.949999999999972,1.5363919320825637e-05,1.0,-0.09462478458886173,-0.0946094206695409
639,3.9749999999999712,0.0,1.0,0.24351463107875698,0.24351463107875698
640,-4.0,0.1059532909137601,2.0,-0.023109110905071912,0.08284418000868819
641,-3.975,0.1058947754865048,2.0,-0.05764889732186846,0.048245878164636345
642,-3.95,0.1059060006699966,2.0,-0.13846720936360876,-0.03256120869361216
643,-3.925,0.1059929289331356,2.0,0.1735627155719798,0.2795556445051154
644,-3.9,0.106161984524544,2.0,-0.23101753262708863,-0.12485554810254462
645,-3.875,0.1064200880503039,2.0,0.07419500668624363,0.18061509473654752
646,-3.850000000000001,0.1067746913954892,2.0,0.31571121976578714,0.4224859111612763
647,-3.8250000000000006,0.1072338121632095,2.0,0.1957386571453328,0.3029724693085423
648,-3.8000000000000007,0.1078060665605872,2.0,0.033836199766120345,0.14164226632670754
649,-3.775000000000001,0.1085006993798087,2.0,-0.2151058632837503,-0.1066051639039416
650,-3.750000000000001,0.1093276094051354,2.0,-0.1577269524806307,-0.0483993430754953
651,-3.725000000000001,0.1102973682270857,2.0,-0.21590645102097802,-0.10560908279389232
652,-3.700000000000001,0.1114212300700839,2.0,0.04288744281938013,0.15430867288946404
653,-3.675000000000001,0.1127111298515852,2.0,0.11400668397129701,0.2267178138228822
654,-3.650000000000001,0.114179666306726,2.0,0.1302117888962304,0.2443914552029564
655,-3.625000000000001,0.115840066657832,2.0,0.06026115648276276,0.17610122314059476
656,-3.6000000000000014,0.1177061290157273,2.0,-0.08855299282171598,0.029153136194011317
657,-3.575000000000001,0.1197921385118423,2.0,-0.0684994059304115,0.0512927325814308
658,-3.5500000000000016,0.1221127531276636,2.0,-6.787127997186399e-05,0.12204488184769174
659,-3.5250000000000017,0.1246828553699606,2.0,-0.09900246808165197,0.025680387288308626
660,-3.5000000000000018,0.1275173664000965,2.0,-0.24719963175788598,-0.11968226535778947
661,-3.475000000000002,0.1306310200269936,2.0,-0.03310928869949638,0.09752173132749721
662,-3.450000000000002,0.1340380951711576,2.0,-0.10501871884224218,0.029019376328915436
663,-3.425000000000002,0.1377521070381809,2.0,0.06979829116303708,0.20755039820121796
664,-3.400000000000002,0.141785459309546,2.0,0.24978717093378355,0.39157263024332956
665,-3.375000000000002,0.1461490621264558,2.0,0.061375562187329806,0.2075246243137856
666,-3.3500000000000023,0.1508519234111018,2.0,0.12974586785304998,0.28059779126415174
667,-3.3250000000000024,0.1559007239750379,2.0,0.1563065590511015,0.3122072830261394
668,-3.3000000000000025,0.1612993896737675,2.0,0.2383036521271711,0.39960304180093864
669,-3.2750000000000026,0.1670486762885533,2.0,-0.06471513300196177,0.10233354328659153
670,-3.2500000000000027,0.1731457845207806,2.0,-0.022260003122632703,0.1508857813981479
671,-3.2250000000000028,0.1795840231352836,2.0,-0.42341183682495914,-0.24382781368967554
672,-3.200000000000003,0.1863525375882617,2.0,-0.199781291912454,-0.013428754324192299
673,-3.175000000000003,0.193436119205663,2.0,0.02857903512213312,0.22201515432779612
674,-3.150000000000003,0.20081510604415,2.0,-0.12752402456844683,0.07329108147570318
675,-3.125000000000003,0.2084653810210091,2.0,0.19788284548726195,0.40634822650827107
676,-3.100000000000003,0.2163584659446653,2.0,0.10434142072132237,0.32069988666598764
677,-3.0750000000000037,0.2244617020451897,2.0,0.2288934124602728,0.4533551145054625
678,-3.050000000000004,0.2327384989071945,2.0,0.375440803040248,0.6081793019474425
679,-3.0250000000000035,0.2411486247761694,2.0,-0.31438495556601015,-0.07323633078984074
680,-3.000000000000004,0.249648502422276,2.0,-0.13517093798244448,0.11447756443983151
681,-2.975000000000004,0.2581914663727187,2.0,0.0013269867417885874,0.25951845311450733
682,-2.950000000000004,0.2667279294962,2.0,0.17612925521650483,0.44285718471270485
683,-2.925000000000004,0.2752053996516432,2.0,-0.2529678583585313,0.022237541293111895
684,-2.900000000000004,0.2835682803744988,2.0,0.24395156136516655,0.5275198417396654
685,-2.875000000000004,0.2917573834949101,2.0,0.060807894379113575,0.3525652778740237
686,-2.850000000000004,0.2997090767789229,2.0,-0.08617727881832009,0.2135317979606028
687,-2.825000000000004,0.3073539878523696,2.0,-0.11172143387794141,0.1956325539744282
688,-2.8000000000000043,0.3146151906128038,2.0,-0.005754239819195006,0.3088609507936088
689,-2.7750000000000044,0.3214058197886151,2.0,0.05916701772162922,0.3805728375102443
690,-2.7500000000000044,0.327626108139962,2.0,0.2952943750919317,0.6229204832318938
691,-2.7250000000000045,0.3331599467135248,2.0,-0.08424129490451564,0.24891865180900913
692,-2.7000000000000046,0.3378712819546562,2.0,0.14690469857763538,0.4847759805322916
693,-2.6750000000000047,0.3416010738760294,2.0,0.04640318497775993,0.3880042588537893
694,-2.650000000000005,0.3441663007193614,2.0,0.12150000464924321,0.4656663053686046
695,-2.625000000000005,0.3453638571451868,2.0,-0.04020698515666469,0.3051568719885221
696,-2.600000000000005,0.3449845159344027,2.0,-0.35183029054100173,-0.00684577460659902
697,-2.575000000000005,0.3428458000324593,2.0,0.06916355662744174,0.412009356659901
698,-2.550000000000005,0.338857672190222,2.0,-0.02863750012938596,0.310220172060836
699,-2.525000000000005,0.3331399101455646,2.0,0.4992420015717445,0.832381911717309
700,-2.5000000000000053,0.3262095557832107,2.0,0.29673429044681027,0.622943846230021
701,-2.4750000000000054,0.3192392001412836,2.0,-0.08803490461465768,0.2312042955266259
702,-2.450000000000005,0.3143370463594691,2.0,0.2962861756035,0.610623221962969
703,-2.4250000000000056,0.31471648230535,2.0,0.09177438834453627,0.40649087064988626
704,-2.4000000000000057,0.3245374819732103,2.0,0.10864643084267536,0.43318391281588564
705,-2.3750000000000058,0.3481506958638212,2.0,0.09748023561230594,0.44563093147612715
706,-2.350000000000006,0.3885023322381069,2.0,0.3206390716112528,0.7091414038493598
707,-2.325000000000006,0.4449096928178633,2.0,-0.20184496535553031,0.24306472746233299
708,-2.300000000000006,0.5117527523728849,2.0,-0.22552403185130954,0.28622872052157533
709,-2.275000000000006,0.5802594456581501,2.0,-0.15269644012488756,0.42756300553326254
710,-2.250000000000006,0.6426931802425097,2.0,-0.07511382720850941,0.5675793530340002
711,-2.2250000000000063,0.6951866798661042,2.0,-0.2777071044525473,0.41747957541355685
712,-2.2000000000000064,0.7374874771352202,2.0,0.12496566618795095,0.8624531433231711
713,-2.1750000000000065,0.771229828767143,2.0,0.18814004816328725,0.9593698769304302
714,-2.1500000000000066,0.7984939907326047,2.0,0.142944290903953,0.9414382816365577
715,-2.1250000000000067,0.8210940015409232,2.0,-0.07671139267811058,0.7443826088628126
716,-2.1000000000000068,0.8403635421599953,2.0,0.019057946929327534,0.8594214890893228
717,-2.075000000000007,0.8571744394471301,2.0,0.16440399614647513,1.0215784355936053
718,-2.050000000000007,0.8720398129363319,2.0,-0.2767505645664592,0.5952892483698727
719,-2.025000000000007,0.8852345224889754,2.0,-0.12234513623105119,0.7628893862579242
720,-2.000000000000007,0.8969016634984027,2.0,-0.17438588054351142,0.7225157829548913
721,-1.9750000000000072,0.9071307074568706,2.0,-0.16926179428297822,0.7378689131738925
722,-1.9500000000000075,0.9160042582203792,2.0,-0.0936689079741796,0.8223353502461996
723,-1.9250000000000076,0.9236185265861916,2.0,0.2816693927559786,1.2052879193421702
724,-1.9000000000000077,0.9300864461939616,2.0,-0.12142010283614026,0.8086663433578214
725,-1.8750000000000075,0.9355321264484008,2.0,-0.013972626105043165,0.9215595003433577
726,-1.850000000000008,0.940082861913168,2.0,0.13737344445001815,1.0774563063631861
727,-1.825000000000008,0.9438620776769864,2.0,-0.042233481459415745,0.9016285962175706
728,-1.8000000000000078,0.9469844446391528,2.0,0.2714174222081973,1.21840186684735
729,-1.775000000000008,0.94955317657258,2.0,-0.2922697807398805,0.6572833958326995
730,-1.750000000000008,0.9516590157280445,2.0,-0.0916131307126434,0.860045885015401
731,-1.725000000000008,0.9533803251227844,2.0,0.06168901055544861,1.015069335678233
732,-1.7000000000000082,0.9547838001235324,2.0,-0.29151622244007575,0.6632675776834567
733,-1.6750000000000085,0.95592545386826,2.0,-0.3675509278667109,0.5883745260015492
734,-1.6500000000000083,0.9568516590512112,2.0,0.002948582804087356,0.9598002418552986
735,-1.6250000000000084,0.9576001237394334,2.0,-0.27918878615455844,0.6784113375848749
736,-1.6000000000000083,0.9582007417374204,2.0,0.36796651787954593,1.3261672596169665
737,-1.5750000000000086,0.9586762955663444,2.0,-0.13768301251435364,0.8209932830519907
738,-1.5500000000000087,0.9590430099257072,2.0,0.15475275564616808,1.1137957655718753
739,-1.5250000000000088,0.959310961625864,2.0,0.07755502918631092,1.036865990812175
740,-1.5000000000000089,0.9594843527181244,2.0,0.15838976028630175,1.117874113004426
741,-1.475000000000009,0.95956164978546,2.0,-0.06149975567621391,0.8980618941092461
742,-1.450000000000009,0.9595355860875416,2.0,0.055437341866825675,1.0149729279543673
743,-1.4250000000000091,0.9593930162155992,2.0,-0.09456547736856916,0.8648275388470301
744,-1.4000000000000092,0.959114607404571,2.0,-0.2353697416267123,0.7237448657778587
745,-1.375000000000009,0.9586743517590284,2.0,-0.08678703389877147,0.8718873178602569
746,-1.3500000000000094,0.9580388970320188,2.0,-0.2554413723132027,0.7025975247188161
747,-1.3250000000000095,0.9571667334558592,2.0,-0.34610190656707285,0.6110648268887864
748,-1.3000000000000096,0.9560073592769832,2.0,0.15477650304809398,1.1107838623250772
749,-1.2750000000000097,0.9545006943162248,2.0,-0.1438971266498551,0.8106035676663697
750,-1.2500000000000098,0.9525772025575604,2.0,0.4357380959969567,1.388315298554517
751,-1.22500000000001,0.9501593016997604,2.0,0.11509728281503041,1.0652565845147908
752,-1.20000000000001,0.9471643489016812,2.0,-0.11006433532517873,0.8371000135765025
753,-1.17500000000001,0.9435082112095168,2.0,-0.00679646193070831,0.9367117492788085
754,-1.15000000000001,0.9391056255025608,2.0,-0.2701840847816548,0.668921540720906
755,-1.1250000000000102,0.9338597608273098,2.0,0.09017119635918992,1.0240309571864998
756,-1.1000000000000103,0.9276315537978296,2.0,-0.0901722099859644,0.8374593438118652
757,-1.0750000000000104,0.9201846559903968,2.0,0.08861373955222791,1.0087983955426247
758,-1.0500000000000105,0.9111185344197228,2.0,-0.03689087675982865,0.8742276576598942
759,-1.0250000000000106,0.8998311304664726,2.0,-0.15287197471960395,0.7469591557468687
760,-1.0000000000000109,0.8855897027839083,2.0,0.2541221502318245,1.1397118530157329
761,-0.9750000000000107,0.8678082635480648,2.0,0.1443169499722489,1.0121252135203138
762,-0.9500000000000108,0.8465418028057344,2.0,-0.22308680277101095,0.6234550000347234
763,-0.9250000000000108,0.822920508173507,2.0,-0.1893648239999195,0.6335556841735875
764,-0.900000000000011,0.799010096689168,2.0,0.07877316128682868,0.8777832579759967
765,-0.8750000000000111,0.7769650048494836,2.0,-0.02629066836822024,0.7506743364812634
766,-0.8500000000000112,0.7580932226435536,2.0,0.1351994564170441,0.8932926790605977
767,-0.8250000000000113,0.742475738141913,2.0,0.34910971723474443,1.0915854553766575
768,-0.8000000000000114,0.7291395719759288,2.0,-0.04716877388414139,0.6819707980917874
769,-0.7750000000000115,0.7164833037309842,2.0,0.0948441655921033,0.8113274693230875
770,-0.7500000000000115,0.7028252566841698,2.0,-0.04750954576500888,0.655315710919161
771,-0.7250000000000116,0.6871110439302415,2.0,-0.20118239228248472,0.4859286516477568
772,-0.7000000000000117,0.6697674527624274,2.0,-0.06466354535045722,0.6051039074119702
773,-0.6750000000000118,0.6533590639755991,2.0,-0.013072519607670136,0.640286544367929
774,-0.6500000000000119,0.6420762939241799,2.0,0.3620940239199402,1.0041703178441201
775,-0.625000000000012,0.6387597921382633,2.0,0.2396864068303769,0.8784461989686402
776,-0.6000000000000121,0.6398135494894671,2.0,0.2886768113739531,0.9284903608634203
777,-0.5750000000000122,0.6327487696980489,2.0,-0.08477703962874034,0.5479717300693085
778,-0.5500000000000123,0.6016478712741997,2.0,-0.2108766720845707,0.390771199189629
779,-0.5250000000000123,0.536303399303904,2.0,0.1595727332937253,0.6958761325976293
780,-0.5000000000000124,0.4383753374058015,2.0,-0.36954435049207895,0.06883098691372252
781,-0.4750000000000125,0.3237042136472818,2.0,-0.032079047432780665,0.29162516621450113
782,-0.4500000000000126,0.216015336250423,2.0,0.057922355240521986,0.273937691490945
783,-0.4250000000000127,0.133133983573433,2.0,0.14360523761524158,0.27673922118867456
784,-0.4000000000000128,0.0788423856647324,2.0,0.10863615856504767,0.18747854422978005
785,-0.3750000000000129,0.0467297002909801,2.0,0.06030454311378415,0.10703424340476425
786,-0.3500000000000129,0.0283879935819739,2.0,0.19722905887083284,0.22561705245280672
787,-0.325000000000013,0.0176900526469255,2.0,-0.020768421840512266,-0.0030783691935867656
788,-0.3000000000000131,0.0110743996155281,2.0,-0.06252009576101618,-0.05144569614548808
789,-0.2750000000000132,0.0066523583153778,2.0,0.21393893433539485,0.22059129265077265
790,-0.2500000000000133,0.0034864832669786,2.0,-0.03104640038824839,-0.02755991712126979
791,-0.2250000000000134,0.0012341320493188,2.0,0.06683588688194053,0.06807001893125933
792,-0.2000000000000135,0.0,2.0,-0.059362717092485244,-0.059362717092485244
793,-0.1750000000000136,0.0001852632801225,2.0,-0.1976658584410637,-0.1974805951609412
794,-0.1500000000000136,0.0023256077123434,2.0,-0.018146277287473173,-0.015820669575129773
795,-0.1250000000000137,0.0071125504716644,2.0,-0.09739513013351073,-0.09028257966184633
796,-0.1000000000000138,0.0156818947437221,2.0,0.03348452005406734,0.04916641479778944
797,-0.0750000000000139,0.0302205727180308,2.0,-0.41267917938029336,-0.38245860666226256
798,-0.050000000000014,0.0550629307278179,2.0,0.36057533759341476,0.41563826832123263
799,-0.0250000000000141,0.0975129049587177,2.0,0.10832960982205471,0.20584251478077242
800,-1.4210854715202004e-14,0.1631805664469318,2.0,0.11207473702500137,0.27525530347193317
801,0.0249999999999861,0.2399032214450023,2.0,-0.2293151488560275,0.010588072588974817
802,0.0499999999999856,0.2959504120232616,2.0,0.03720536543092065,0.33315577745418223
803,0.074999999999985,0.3142201259934239,2.0,-0.2642794059632557,0.049940720030168195
804,0.0999999999999854,0.3043271628406317,2.0,-0.001875360191430143,0.3024518026492016
805,0.1249999999999857,0.283210992120952,2.0,-0.16743360882320182,0.1157773832977502
806,0.1499999999999852,0.2623149383962229,2.0,0.21491562993156682,0.4772305683277897
807,0.1749999999999847,0.2467206905781457,2.0,-0.17080524348810197,0.07591544709004372
808,0.199999999999985,0.2380391726889093,2.0,0.03986799578570092,0.2779071684746102
809,0.2249999999999854,0.2367615389794544,2.0,0.06862563821508555,0.30538717719453995
810,0.2499999999999849,0.2434781712150709,2.0,-0.3436652912359287,-0.1001871200208578
811,0.2749999999999843,0.2593628537651978,2.0,-0.042340784348291007,0.2170220694169068
812,0.2999999999999847,0.2860802772502725,2.0,-0.1255085101716131,0.16057176707865942
813,0.3249999999999851,0.3248509126973606,2.0,-0.2733424592320961,0.0515084534652645
814,0.3499999999999845,0.3750282219714124,2.0,0.11764377362575622,0.4926719955971686
815,0.374999999999984,0.4358053533232072,2.0,0.13849616639560008,0.5743015197188073
816,0.3999999999999843,0.5120712228973954,2.0,0.05528322083676401,0.5673544437341593
817,0.4249999999999847,0.6049680050636506,2.0,-0.03283872380374424,0.5721292812599064
818,0.4499999999999842,0.6927253627252572,2.0,0.13538848081773572,0.8281138435429929
819,0.4749999999999836,0.7588699262972358,2.0,0.09790852036335977,0.8567784466605955
820,0.499999999999984,0.8081572967820649,2.0,-0.06209963704671241,0.7460576597353525
821,0.5249999999999844,0.8420105355778631,2.0,-0.025953066705399177,0.8160574688724639
822,0.5499999999999838,0.8590576567035965,2.0,-0.08374631565006546,0.7753113410535311
823,0.5749999999999833,0.8611898177952996,2.0,-0.32088964480783455,0.540300172987465
824,0.5999999999999837,0.8512508498993248,2.0,-0.13311798955770388,0.7181328603416208
825,0.624999999999984,0.8312688091299241,2.0,0.14234123985322722,0.9736100489831513
826,0.6499999999999835,0.8030825011894559,2.0,-0.2495365715069522,0.5535459296825037
827,0.674999999999983,0.7733582397637009,2.0,-0.06304128409711579,0.7103169556665851
828,0.6999999999999833,0.7647957996558913,2.0,-0.013283817812841294,0.75151198184305
829,0.7249999999999837,0.8154176353857941,2.0,0.23406506736664254,1.0494827027524367
830,0.7499999999999831,0.9135073642271914,2.0,-0.06167491395037967,0.8518324502768116
831,0.7749999999999826,0.97541441845782,2.0,0.08337918414978865,1.0587936026076086
832,0.799999999999983,0.9939162865446513,2.0,0.012841347380109601,1.0067576339247608
833,0.8249999999999833,0.998624260940818,2.0,0.1766371857029886,1.1752614466438067
834,0.8499999999999828,0.9998800528317524,2.0,0.07292287108202315,1.0728029239137755
835,0.8749999999999822,0.9999999999999992,2.0,-0.1619429910624979,0.8380570089375013
836,0.8999999999999826,0.9995312127016728,2.0,-0.27631303306212424,0.7232181796395485
837,0.924999999999983,0.9986026478033696,2.0,0.0175505744945308,1.0161532222979004
838,0.9499999999999824,0.9972302969905312,2.0,0.17968796387552835,1.1769182608660596
839,0.974999999999982,0.9954027291616976,2.0,-0.22876855220492948,0.7666341769567682
840,0.9999999999999822,0.9931068350975386,2.0,0.14515527092716377,1.1382621060247025
841,1.0249999999999826,0.9903308096482636,2.0,-0.39664505229686947,0.5936857573513941
842,1.049999999999982,0.9870563504795572,2.0,-0.07707538214817503,0.9099809683313822
843,1.0749999999999815,0.983245247650766,2.0,0.13054886984594308,1.1137941174967092
844,1.099999999999982,0.978822205302488,2.0,-0.13033876961876126,0.8484834356837267
845,1.1249999999999822,0.9736533984164606,2.0,-0.04455054234054478,0.9291028560759158
846,1.1499999999999817,0.9675188109449472,2.0,-0.05218665096685937,0.9153321599780878
847,1.1749999999999812,0.9600767723314482,2.0,-0.08030579033212448,0.8797709819993237
848,1.1999999999999815,0.9508249604231636,2.0,0.07495518564362269,1.0257801460667864
849,1.224999999999982,0.939084262100488,2.0,0.048078360740282176,0.9871626228407702
850,1.2499999999999811,0.9240924679738276,2.0,-0.06513246835911145,0.8589599996147161
851,1.2749999999999808,0.90539847020912,2.0,0.16317881302526763,1.0685772832343876
852,1.2999999999999812,0.8837129877179201,2.0,-0.0246642206565977,0.8590487670613224
853,1.3249999999999815,0.8616809326268048,2.0,0.15745512077737125,1.019136053404176
854,1.349999999999981,0.8431513346349314,2.0,0.10129465500777836,0.9444459896427098
855,1.3749999999999805,0.8310643447233009,2.0,-0.03672088480419934,0.7943434599191016
856,1.3999999999999808,0.8261991640781529,2.0,0.1670464515936274,0.9932456156717803
857,1.4249999999999812,0.8273636945045956,2.0,0.06284758570209867,0.8902112802066943
858,1.4499999999999806,0.8323212826826286,2.0,0.3879493387131153,1.220270621395744
859,1.47499999999998,0.838814249063715,2.0,-0.11295516042587404,0.725859088637841
860,1.4999999999999805,0.8451255447713745,2.0,-0.004340046674343335,0.8407854980970312
861,1.5249999999999808,0.8501789108253424,2.0,0.07614794980618457,0.9263268606315269
862,1.5499999999999805,0.8534315212325009,2.0,0.01846468107431872,0.8718962023068196
863,1.5749999999999795,0.8547136618627375,2.0,0.012597154585826362,0.8673108164485638
864,1.59999999999998,0.8540801264795979,2.0,0.1484939834008543,1.0025741098804521
865,1.6249999999999805,0.8516986534506908,2.0,-0.27888094628418997,0.5728177071665008
866,1.64999999999998,0.8477745047831892,2.0,0.1690611303200839,1.016835635103273
867,1.6749999999999794,0.842494634783695,2.0,0.14261897291071088,0.9851136076944059
868,1.6999999999999795,0.8359714904830784,2.0,-0.126006124192486,0.7099653662905924
869,1.72499999999998,0.8281725240883285,2.0,0.13863513045476408,0.9668076545430926
870,1.7499999999999796,0.8188418848694923,2.0,-0.22013249713364288,0.5987093877358494
871,1.774999999999979,0.8074915511981102,2.0,0.27857111559847025,1.0860626667965805
872,1.7999999999999794,0.7937795286465424,2.0,0.013383492222024508,0.807163020868567
873,1.82499999999998,0.779190280414316,2.0,0.36274174048846697,1.141932020902783
874,1.8499999999999792,0.7708883278589448,2.0,0.3115448120976332,1.0824331399565779
875,1.874999999999979,0.780840953861127,2.0,-0.02889286716079965,0.7519480867003273
876,1.899999999999979,0.804701671504713,2.0,0.0974667733907287,0.9021684448954417
877,1.9249999999999796,0.8227724823623017,2.0,-0.07578582847177653,0.7469866538905252
878,1.9499999999999789,0.8350952595298843,2.0,-0.03737007458375005,0.7977251849461342
879,1.9749999999999783,0.8458721996502129,2.0,0.15963640946574587,1.0055086091159589
880,1.999999999999979,0.8529977464308156,2.0,0.07064961030600261,0.9236473567368182
881,2.024999999999979,0.8554824494773409,2.0,0.01675880765267511,0.872241257130016
882,2.0499999999999785,0.8539263577038454,2.0,-0.235821085984427,0.6181052717194184
883,2.074999999999978,0.848896639534098,2.0,0.2607492405604997,1.1096458800945976
884,2.0999999999999783,0.8404289456255017,2.0,-0.16830205903876638,0.6721268865867354
885,2.1249999999999787,0.8281180187930705,2.0,0.0405788860662376,0.8686969048593081
886,2.149999999999978,0.8114022153682996,2.0,-0.007898044307762777,0.8035041710605368
887,2.1749999999999776,0.7900043089800016,2.0,0.19372736053498799,0.9837316695149896
888,2.199999999999978,0.7645035237499358,2.0,0.16780241273449342,0.9323059364844293
889,2.2249999999999783,0.7367901780958553,2.0,0.178438030022001,0.9152282081178563
890,2.249999999999978,0.7099700305509768,2.0,-0.027628259603298223,0.6823417709476787
891,2.2749999999999773,0.6875501312480916,2.0,0.026436055081530567,0.7139861863296222
892,2.2999999999999776,0.6723566970208755,2.0,-0.08833628341613578,0.5840204136047398
893,2.324999999999978,0.6658468438071441,2.0,-0.009056310435775422,0.6567905333713687
894,2.349999999999977,0.6680282094969296,2.0,0.025538228256777897,0.6935664377537075
895,2.374999999999977,0.6777491477879174,2.0,-0.016969622351617236,0.6607795254363001
896,2.3999999999999773,0.6930985748965689,2.0,-0.16971871494187285,0.523379859954696
897,2.4249999999999776,0.7118275313228587,2.0,0.10377316918330762,0.8156007005061663
898,2.449999999999977,0.7317693066589531,2.0,-0.0533617711805145,0.6784075354784386
899,2.474999999999977,0.7511808888020783,2.0,0.11164471074464687,0.8628255995467252
900,2.499999999999977,0.7689099396688339,2.0,0.1470892901102793,0.9159992297791132
901,2.5249999999999773,0.7843705515809806,2.0,0.1130369931510209,0.8974075447320015
902,2.5499999999999767,0.7974018460722904,2.0,0.17791258652850425,0.9753144326007946
903,2.574999999999976,0.8081038072478588,2.0,-0.3458227223246072,0.4622810849232516
904,2.599999999999977,0.8167071756770418,2.0,-0.4655910474065532,0.35111612827048855
905,2.624999999999977,0.8234906255564977,2.0,-0.4960814834543472,0.32740914210215044
906,2.6499999999999764,0.8287355613990465,2.0,0.0007541499347637479,0.8294897113338102
907,2.674999999999976,0.8327044894167881,2.0,-0.019779388809880165,0.8129251006069079
908,2.699999999999976,0.8356324022635504,2.0,-0.24940435053425186,0.5862280517292986
909,2.724999999999977,0.837724918465489,2.0,-0.019006585148365805,0.8187183333171232
910,2.749999999999976,0.8391597943581347,2.0,-0.0534112364837315,0.7857485578744032
911,2.7749999999999755,0.8400899798340444,2.0,0.29734675518793346,1.1374367350219778
912,2.799999999999976,0.8406471927538406,2.0,0.26421777800671215,1.1048649707605527
913,2.824999999999976,0.8409454300425113,2.0,-0.0925824822606016,0.7483629477819097
914,2.849999999999976,0.8410840945329319,2.0,0.06845126973390915,0.909535364266841
915,2.874999999999975,0.8411505692358677,2.0,-0.23398251350491658,0.6071680557309511
916,2.8999999999999755,0.8412221557270931,2.0,0.1718095619102529,1.013031717637346
917,2.924999999999976,0.8413673439635587,2.0,-0.034024331660045315,0.8073430123035135
918,2.9499999999999758,0.8416464243074565,2.0,0.003814570350009648,0.8454609946574662
919,2.9749999999999748,0.8421115051474894,2.0,0.10697685198805536,0.9490883571355448
920,2.999999999999975,0.842806063295562,2.0,-0.1980706205691725,0.6447354427263895
921,3.0249999999999755,0.8437642181210923,2.0,-0.020572728939383524,0.8231914891817087
922,3.049999999999975,0.8450099650334681,2.0,0.03236449083971104,0.8773744558731792
923,3.0749999999999744,0.8465566103191247,2.0,-0.11427851013237965,0.732278100186745
924,3.0999999999999748,0.8484066068035193,2.0,0.07098943971103022,0.9193960465145495
925,3.124999999999975,0.8505519023147026,2.0,0.1564638093406009,1.0070157116553036
926,3.1499999999999746,0.8529748004655032,2.0,0.027513416902534883,0.8804882173680381
927,3.174999999999974,0.8556492268203583,2.0,-0.3430450614732418,0.5126041653471165
928,3.1999999999999744,0.8585422245329934,2.0,-0.28209721418208594,0.5764450103509076
929,3.2249999999999748,0.8616154918590603,2.0,-0.3572171791105253,0.504398312748535
930,3.2499999999999742,0.8648268193619317,2.0,0.059086727071981614,0.9239135464339133
931,3.2749999999999737,0.8681313663979835,2.0,0.1796634646620846,1.047794831060068
932,3.299999999999974,0.8714828012628957,2.0,0.22177870234653596,1.0932615036094315
933,3.3249999999999744,0.8748343844065153,2.0,-0.07970086481311657,0.7951335195933987
934,3.349999999999974,0.878140079918741,2.0,0.07182368161238277,0.9499637615311237
935,3.3749999999999734,0.8813557382318111,2.0,0.01906119473499873,0.9004169329668098
936,3.3999999999999737,0.88444032331146,2.0,0.30880343158068496,1.193243754892145
937,3.424999999999974,0.8873570912632788,2.0,0.1293174876614341,1.016674578924713
938,3.449999999999973,0.8900745915744274,2.0,-0.02563507449682108,0.8644395170776062
939,3.474999999999973,0.8925673696974221,2.0,-0.008264960802457408,0.8843024088949647
940,3.4999999999999734,0.894816294549801,2.0,-0.01962233400442281,0.8751939605453782
941,3.5249999999999737,0.8968084978238197,2.0,0.17633176310452767,1.0731402609283474
942,3.549999999999973,0.8985369718955699,2.0,-0.0688381664208734,0.8296988054746965
943,3.5749999999999726,0.8999999138375061,2.0,-0.18968711740129615,0.7103127964362099
944,3.599999999999973,0.9011999189237068,2.0,0.09715653688975687,0.9983564558134637
945,3.624999999999973,0.902143121234136,2.0,-0.289144753607594,0.612998367626542
946,3.649999999999973,0.9028383593706306,2.0,0.2057012775138671,1.1085396368844977
947,3.674999999999972,0.903296420315462,2.0,-0.008587977273134437,0.8947084430423276
948,3.6999999999999726,0.9035293905120346,2.0,0.0036853207223108957,0.9072147112343455
949,3.724999999999973,0.9035501239402344,2.0,0.30919539185903483,1.2127455157992693
950,3.749999999999973,0.9033718234829556,2.0,0.08810818914610542,0.991480012629061
951,3.774999999999972,0.9030077238431908,2.0,-0.14307270080447962,0.7599350230387112
952,3.799999999999972,0.9024708605252328,2.0,0.12185320988759288,1.0243240704128258
953,3.8249999999999726,0.9017739086220836,2.0,-0.18248816711348909,0.7192857415085945
954,3.849999999999972,0.9009290761900938,2.0,-0.019930931635076747,0.880998144555017
955,3.874999999999972,0.8999480389554185,2.0,-0.06089346950280825,0.8390545694526103
956,3.899999999999972,0.898841905383368,2.0,-0.10551398104815428,0.7933279243352137
957,3.924999999999972,0.897621203385175,2.0,0.07699688744528682,0.9746180908304618
958,3.949999999999972,0.8962958819435582,2.0,0.021716560107856286,0.9180124420514145
959,3.9749999999999712,0.8948753226292328,2.0,-0.1984865696752989,0.6963887529539339
960,-4.0,0.0951478956783061,3.0,-0.029213999907121393,0.0659338957711847
961,-3.975,0.0955695182372723,3.0,0.01209060484014464,0.10766012307741694
962,-3.95,0.0959632363292657,3.0,0.041086180344875274,0.13704941667414097
963,-3.925,0.0963282656745554,3.0,-0.09935921061062422,-0.0030309449360688273
964,-3.9,0.0966639210778882,3.0,0.1581669513529619,0.2548308724308501
965,-3.875,0.0969696086990835,3.0,-0.15944243488750254,-0.06247282618841904
966,-3.850000000000001,0.0972448151845125,3.0,-0.20166644282923243,-0.10442162764471993
967,-3.8250000000000006,0.0974890935981051,3.0,-0.01351950083591056,0.08396959276219454
968,-3.8000000000000007,0.097702046149969,3.0,-0.40464396961743304,-0.3069419234674641
969,-3.775000000000001,0.0978833037844708,3.0,-0.022123019378153655,0.07576028440631714
970,-3.750000000000001,0.0980325027573433,3.0,0.30255660568427595,0.40058910844161927
971,-3.725000000000001,0.0981492584030431,3.0,-0.16994093785295794,-0.07179167944991484
972,-3.700000000000001,0.0982331363694932,3.0,-0.08562284417030769,0.01261029219918551
973,-3.675000000000001,0.098283621678277,3.0,-0.0005803282311916309,0.09770329344708538
974,-3.650000000000001,0.0983000860555028,3.0,0.02203680945706222,0.12033689551256502
975,-3.625000000000001,0.0982817540735584,3.0,-0.24275555817613323,-0.14447380410257482
976,-3.6000000000000014,0.0982276687487645,3.0,-0.25556333630392414,-0.15733566755515965
977,-3.575000000000001,0.0981366573565954,3.0,-0.13761895245420816,-0.039482295097612766
978,-3.5500000000000016,0.098007298356576,3.0,0.02863615283345133,0.12664345119002732
979,-3.5250000000000017,0.0978378904645377,3.0,0.2760923164727054,0.3739302069372431
980,-3.5000000000000018,0.0976264250707398,3.0,-0.22235833928638954,-0.12473191421564973
981,-3.475000000000002,0.0973705633767202,3.0,-0.07062119735250565,0.026749366024214558
982,-3.450000000000002,0.0970676198070042,3.0,0.06817922308374548,0.16524684289074967
983,-3.425000000000002,0.0967145534355405,3.0,-0.1989616604942533,-0.10224710705871279
984,-3.400000000000002,0.0963079693375412,3.0,0.3569620212820343,0.4532699906195755
985,-3.375000000000002,0.0958441319158805,3.0,-0.40849179374596184,-0.31264766183008136
986,-3.3500000000000023,0.0953189923312226,3.0,0.0426624088086017,0.1379814011398243
987,-3.3250000000000024,0.0947282321535187,3.0,0.08731693813337152,0.1820451702868902
988,-3.3000000000000025,0.0940673252100336,3.0,0.13137017318168298,0.22543749839171656
989,-3.2750000000000026,0.0933316192880236,3.0,0.009891828756336783,0.10322344804436037
990,-3.2500000000000027,0.0925164388143699,3.0,0.08570704966873137,0.17822348848310127
991,-3.2250000000000028,0.0916172088409864,3.0,0.10187304016486498,0.19349024900585138
992,-3.200000000000003,0.0906295995879869,3.0,0.09159770714892236,0.18222730673690926
993,-3.175000000000003,0.0895496894337833,3.0,-0.09563829807003474,-0.006088608636251436
994,-3.150000000000003,0.0883741426236685,3.0,0.26776883947234076,0.35614298209600925
995,-3.125000000000003,0.0871003961709973,3.0,0.1526454976321,0.2397458938030973
996,-3.100000000000003,0.0857268485735396,3.0,0.12304530029095498,0.20877214886449458
997,-3.0750000000000037,0.0842530412392348,3.0,-0.03422833394866017,0.05002470729057463
998,-3.050000000000004,0.0826798221310744,3.0,0.060246824943262625,0.14292664707433703
999,-3.0250000000000035,0.081009480344549,3.0,-0.11088690611976511,-0.029877425775216113
1000,-3.000000000000004,0.0792458403597606,3.0,0.14193753890826744,0.22118337926802803
1001,-2.975000000000004,0.0773943057519576,3.0,-0.18662621839251484,-0.10923191264055723
1002,-2.950000000000004,0.0754618442934725,3.0,0.2906451271524667,0.3661069714459392
1003,-2.925000000000004,0.073456909597917,3.0,-0.05448830319809769,0.0189686063998193
1004,-2.900000000000004,0.0713892985474617,3.0,0.28860744943625255,0.3599967479837143
1005,-2.875000000000004,0.0692699483528996,3.0,-0.21070076801091817,-0.14143081965801857
1006,-2.850000000000004,0.0671106817469433,3.0,0.021583281182126865,0.08869396292907017
1007,-2.825000000000004,0.0649239129658179,3.0,0.05223864342554295,0.11716255639136085
1008,-2.8000000000000043,0.0627223303180736,3.0,0.09684035152445583,0.15956268184252942
1009,-2.7750000000000044,0.0605185728701875,3.0,0.05713439449241792,0.11765296736260542
1010,-2.7500000000000044,0.058324918879397,3.0,0.055988769619628606,0.11431368849902561
1011,-2.7250000000000045,0.0561530020849515,3.0,0.12968581299089724,0.18583881507584873
1012,-2.7000000000000046,0.054013569062543,3.0,-0.029587098528825906,0.024426470533717097
1013,-2.6750000000000047,0.0519162869633621,3.0,0.2238533828016869,0.275769669765049
1014,-2.650000000000005,0.0498696066095197,3.0,0.1575023717703298,0.2073719783798495
1015,-2.625000000000005,0.047880681622337,3.0,0.20915257759342779,0.2570332592157648
1016,-2.600000000000005,0.0459553404685687,3.0,-0.12731045814012976,-0.08135511767156106
1017,-2.575000000000005,0.0440981053416767,3.0,-0.09174935718490651,-0.04765125184322981
1018,-2.550000000000005,0.0423122498147973,3.0,-0.11817628506814158,-0.07586403525334429
1019,-2.525000000000005,0.0405998862228094,3.0,-0.11619811101188408,-0.07559822478907469
1020,-2.5000000000000053,0.0389620736456913,3.0,-0.15766010069992178,-0.11869802705423049
1021,-2.4750000000000054,0.0373989379881844,3.0,0.07399185003905388,0.11139078802723829
1022,-2.450000000000005,0.0359097967610074,3.0,0.44942536313479614,0.48533515989580356
1023,-2.4250000000000056,0.0344932825488087,3.0,0.3468576086487196,0.3813508911975283
1024,-2.4000000000000057,0.0331474606114698,3.0,0.09949425000734972,0.13264171061881952
1025,-2.3750000000000058,0.0318699374639482,3.0,-0.14476788304590085,-0.11289794558195265
1026,-2.350000000000006,0.030657958518827,3.0,0.24909331265423743,0.2797512711730644
1027,-2.325000000000006,0.0295084939022097,3.0,0.003431830943610239,0.032940324845819935
1028,-2.300000000000006,0.0284183123501015,3.0,0.1493103056199486,0.1777286179700501
1029,-2.275000000000006,0.0273840436670711,3.0,-0.05419906134801059,-0.026815017680939492
1030,-2.250000000000006,0.0264022306059375,3.0,0.053128268988859965,0.07953049959479747
1031,-2.2250000000000063,0.0254693712385652,3.0,-0.162267525877496,-0.1367981546389308
1032,-2.2000000000000064,0.0245819529677626,3.0,-0.0973349442329303,-0.07275299126516771
1033,-2.1750000000000065,0.0237364793109232,3.0,-0.11736370948505116,-0.09362723017412797
1034,-2.1500000000000066,0.0229294904956171,3.0,-0.005798615529301773,0.017130874966315327
1035,-2.1250000000000067,0.0221575787690914,3.0,0.24804370674934845,0.27020128551843986
1036,-2.1000000000000068,0.0214173991562536,3.0,-0.3761274479555759,-0.3547100487993223
1037,-2.075000000000007,0.0207056762191822,3.0,0.35820067312582055,0.3789063493450027
1038,-2.050000000000007,0.02001920718806,3.0,-0.3075275650858678,-0.2875083578978078
1039,-2.025000000000007,0.0193548616601902,3.0,-0.07977308867031298,-0.06041822701012278
1040,-2.000000000000007,0.0187095779123548,3.0,-0.1849561622323137,-0.1662465843199589
1041,-1.9750000000000072,0.0180803557557598,3.0,-0.050286977444887915,-0.03220662168912811
1042,-1.9500000000000075,0.0174642457982833,3.0,0.099483924769397,0.11694817056768031
1043,-1.9250000000000076,0.01685833498512,3.0,-0.06270329168228136,-0.04584495669716136
1044,-1.9000000000000077,0.0162597283896934,3.0,0.3516825130508949,0.3679422414405883
1045,-1.8750000000000075,0.0156655274510355,3.0,0.012866993465547372,0.02853252091658287
1046,-1.850000000000008,0.0150728052408657,3.0,0.23857306993859045,0.25364587517945614
1047,-1.825000000000008,0.0144785799525286,3.0,-0.19459386437749926,-0.18011528442497066
1048,-1.8000000000000078,0.0138797887360021,3.0,0.14520246694778463,0.15908225568378673
1049,-1.775000000000008,0.0132732654436568,3.0,-0.024077565477326403,-0.010804300033669603
1050,-1.750000000000008,0.0126557281436235,3.0,-0.0007668923596672835,0.011888835783956216
1051,-1.725000000000008,0.0120237860161319,3.0,-0.14505237052057138,-0.13302858450443947
1052,-1.7000000000000082,0.0113739814996568,3.0,0.2928892584479339,0.3042632399475907
1053,-1.6750000000000085,0.010702893819931,3.0,-0.204459662341511,-0.19375676852158
1054,-1.6500000000000083,0.0100073460878166,3.0,0.32334107428181086,0.3333484203696275
1055,-1.6250000000000084,0.0092847807671587,3.0,-0.22759415723121593,-0.21830937646405724
1056,-1.6000000000000083,0.0085338936989653,3.0,0.0948297453095437,0.103363639008509
1057,-1.5750000000000086,0.0077556290314617,3.0,0.196380723170484,0.2041363522019457
1058,-1.5500000000000087,0.0069545967641111,3.0,0.17617319641453252,0.1831277931786436
1059,-1.5250000000000088,0.0061408131141844,3.0,-0.2693906302390503,-0.2632498171248659
1060,-1.5000000000000089,0.0053313199198254,3.0,0.21246576554093646,0.21779708546076187
1061,-1.475000000000009,0.0045507817824275,3.0,-0.1738397560561937,-0.1692889742737662
1062,-1.450000000000009,0.0038299717927079,3.0,-0.046595092929433646,-0.042765121136725745
1063,-1.4250000000000091,0.0032017828105119,3.0,0.09448693215393737,0.09768871496444927
1064,-1.4000000000000092,0.0026962286254728,3.0,0.020819142792265585,0.023515371417738386
1065,-1.375000000000009,0.0023375964933304,3.0,-0.04053728923498015,-0.03819969274164975
1066,-1.3500000000000094,0.0021462531017007,3.0,0.20916898401754108,0.21131523711924177
1067,-1.3250000000000095,0.0021430469054982,3.0,0.3569241946475702,0.3590672415530684
1068,-1.3000000000000096,0.0023448196454119,3.0,-0.13027695557473648,-0.1279321359293246
1069,-1.2750000000000097,0.0027299214311813,3.0,-0.12013384609776591,-0.11740392466658461
1070,-1.2500000000000098,0.0031895910287703,3.0,0.17244044206047912,0.17563003308924943
1071,-1.22500000000001,0.0035966169752151,3.0,0.2572351551773386,0.2608317721525537
1072,-1.20000000000001,0.0039764581679507,3.0,-0.05099008193550043,-0.04701362376754973
1073,-1.17500000000001,0.0044687729930801,3.0,0.21906714632527624,0.22353591931835634
1074,-1.15000000000001,0.0051831466315252,3.0,0.19636096312606555,0.20154410975759074
1075,-1.1250000000000102,0.0061703966881716,3.0,-0.022354576789829918,-0.016184180101658317
1076,-1.1000000000000103,0.0074337480865642,3.0,0.15309831487517583,0.16053206296174002
1077,-1.0750000000000104,0.0089268330358286,3.0,-0.12389104325923633,-0.11496421022340773
1078,-1.0500000000000105,0.0105569899698456,3.0,-0.1198393665168759,-0.10928237654703031
1079,-1.0250000000000106,0.0122090750619161,3.0,0.1396497131153837,0.1518587881772998
1080,-1.0000000000000109,0.0137784005247718,3.0,-0.18984962154395355,-0.17607122101918174
1081,-0.9750000000000107,0.0151913669942959,3.0,-0.16138128263355847,-0.14618991563926256
1082,-0.9500000000000108,0.0164067616699487,3.0,0.07376434715012861,0.09017110882007731
1083,-0.9250000000000108,0.0174057450032454,3.0,0.07403379959950036,0.09143954460274577
1084,-0.900000000000011,0.0181803945487248,3.0,-0.1233899964268357,-0.10520960187811089
1085,-0.8750000000000111,0.0187256137392239,3.0,-0.20158697986076937,-0.18286136612154547
1086,-0.8500000000000112,0.0190349315065456,3.0,0.10298078253526964,0.12201571404181524
1087,-0.8250000000000113,0.0190989942924631,3.0,-0.12859196949132182,-0.10949297519885871
1088,-0.8000000000000114,0.0189054376321503,3.0,0.12134197950371707,0.14024741713586736
1089,-0.7750000000000115,0.018439376020265,3.0,0.1151447241481014,0.1335841001683664
1090,-0.7500000000000115,0.0176845555949779,3.0,-0.2940597185237862,-0.2763751629288083
1091,-0.7250000000000116,0.0166261346678232,3.0,-0.27860600723999634,-0.26197987257217314
1092,-0.7000000000000117,0.0152568885210342,3.0,0.03433110271166761,0.04958799123270181
1093,-0.6750000000000118,0.0135887193516786,3.0,-0.1041376185553262,-0.0905488992036476
1094,-0.6500000000000119,0.011669125420553,3.0,0.3232822525004836,0.3349513779210366
1095,-0.625000000000012,0.0095957237186819,3.0,0.04340856379730826,0.05300428751599016
1096,-0.6000000000000121,0.0075126365402746,3.0,-0.21207219990891626,-0.20455956336864167
1097,-0.5750000000000122,0.0055730240855101,3.0,0.20248197459294298,0.2080549986784531
1098,-0.5500000000000123,0.0038793286555552,3.0,-0.3123906566362216,-0.30851132798066644
1099,-0.5250000000000123,0.0024549023259393,3.0,-0.24754259118135097,-0.24508768885541166
1100,-0.5000000000000124,0.0012959337381839,3.0,-0.2437846618142514,-0.2424887280760675
1101,-0.4750000000000125,0.0004460510670747,3.0,-0.198023291697034,-0.1975772406299593
1102,-0.4500000000000126,0.0,3.0,-0.031127952260272727,-0.031127952260272727
1103,-0.4250000000000127,7.980859747988186e-05,3.0,-0.3607250881423522,-0.36064527954487235
1104,-0.4000000000000128,0.0007360492950376,3.0,0.20657628975791442,0.20731233905295202
1105,-0.3750000000000129,0.0016975635601557,3.0,-0.10815014043995122,-0.10645257687979552
1106,-0.3500000000000129,0.0027304755095073,3.0,-0.031116793268602134,-0.028386317759094833
1107,-0.325000000000013,0.0041796579177155,3.0,0.03352965399559847,0.03770931191331397
1108,-0.3000000000000131,0.0063769918490866,3.0,-0.22276907090147113,-0.21639207905238453
1109,-0.2750000000000132,0.0091346443916972,3.0,-0.16570326958214474,-0.15656862519044754
1110,-0.2500000000000133,0.0127231404753748,3.0,0.09866562428853266,0.11138876476390747
1111,-0.2250000000000134,0.0186696043667627,3.0,-0.09544644489769609,-0.0767768405309334
1112,-0.2000000000000135,0.0294181844192622,3.0,-0.21137771826984328,-0.18195953385058108
1113,-0.1750000000000136,0.047550208314186,3.0,0.09046153434292237,0.13801174265710836
1114,-0.1500000000000136,0.0740701700436136,3.0,-0.2527273686241167,-0.1786571985805031
1115,-0.1250000000000137,0.1066925065084465,3.0,-0.21572493815334817,-0.10903243164490167
1116,-0.1000000000000138,0.1405520652766985,3.0,0.11957811453683867,0.26013017981353714
1117,-0.0750000000000139,0.1712466413459884,3.0,-0.16729305120760246,0.003953590138385948
1118,-0.050000000000014,0.1972089309893031,3.0,-0.14539090127150248,0.05181802971780061
1119,-0.0250000000000141,0.219826632413548,3.0,0.16514170816532647,0.38496834057887447
1120,-1.4210854715202004e-14,0.2423226726085134,3.0,-0.0226716551385143,0.2196510174699991
1121,0.0249999999999861,0.2686950873605917,3.0,0.3375331773381781,0.6062282646987698
1122,0.0499999999999856,0.3030704480048739,3.0,0.08317923913387201,0.38624968713874597
1123,0.074999999999985,0.3491098338047699,3.0,-0.03735749135200105,0.31175234245276884
1124,0.0999999999999854,0.4089137151219799,3.0,-0.12135786588703278,0.2875558492349471
1125,0.1249999999999857,0.4814860700019973,3.0,-0.03525319310268843,0.44623287689930885
1126,0.1499999999999852,0.5623084178165039,3.0,0.12096940672733364,0.6832778245438376
1127,0.1749999999999847,0.6456030919750485,3.0,0.2119320956943408,0.8575351876693893
1128,0.199999999999985,0.7272240684819039,3.0,-0.05094537482149959,0.6762786936604043
1129,0.2249999999999854,0.8045246784808338,3.0,-0.22280819210854516,0.5817164863722886
1130,0.2499999999999849,0.8739379562800439,3.0,0.03507997053420522,0.9090179268142491
1131,0.2749999999999843,0.928950321186881,3.0,0.056074998419816585,0.9850253196066976
1132,0.2999999999999847,0.963103399681012,3.0,0.28640413944471527,1.2495075391257273
1133,0.3249999999999851,0.9789716196908826,3.0,-0.006725899560254134,0.9722457201306285
1134,0.3499999999999845,0.9852442922252224,3.0,-0.015496348135771824,0.9697479440894505
1135,0.374999999999984,0.9876688611955006,3.0,-0.03134262154572669,0.9563262396497739
1136,0.3999999999999843,0.9885760560179966,3.0,0.04086700274970554,1.0294430587677021
1137,0.4249999999999847,0.9888876221710712,3.0,0.1403638348569165,1.1292514570279877
1138,0.4499999999999842,0.9890673446140416,3.0,-0.048983977586940564,0.9400833670271009
1139,0.4749999999999836,0.9893995670948688,3.0,0.10830543215795539,1.097704999252824
1140,0.499999999999984,0.9900239051490256,3.0,0.0799113820671776,1.0699352872162031
1141,0.5249999999999844,0.9909080171012884,3.0,-0.013003277029443334,0.977904740071845
1142,0.5499999999999838,0.9918758041731708,3.0,-0.17152403078547296,0.8203517733876978
1143,0.5749999999999833,0.9927537447284166,3.0,0.37844459662543095,1.3711983413538475
1144,0.5999999999999837,0.9935040621717284,3.0,-0.042994558754402154,0.9505095034173262
1145,0.624999999999984,0.9941757460611712,3.0,-0.08751948408207932,0.9066562619790919
1146,0.6499999999999835,0.9947938679923088,3.0,0.19311051589635667,1.1879043838886656
1147,0.674999999999983,0.9953478406862828,3.0,-0.007308984250715343,0.9880388564355674
1148,0.6999999999999833,0.9958256319643822,3.0,0.01626213299114083,1.012087764955523
1149,0.7249999999999837,0.9962264434784308,3.0,-0.19551513405089038,0.8007113094275404
1150,0.7499999999999831,0.9965571060875236,3.0,0.26892493995827854,1.265482046045802
1151,0.7749999999999826,0.9968272006781366,3.0,-0.10692019371571214,0.8899070069624244
1152,0.799999999999983,0.997046508285018,3.0,-0.03499265950767539,0.9620538487773426
1153,0.8249999999999833,0.9972240170171358,3.0,0.09627442905767991,1.0934984460748156
1154,0.8499999999999828,0.997367600820032,3.0,0.15264939051884996,1.150016991338882
1155,0.8749999999999822,0.9974839584114698,3.0,0.20317482508646426,1.200658783497934
1156,0.8999999999999826,0.99757866071919,3.0,-0.07277874477162574,0.9247999159475643
1157,0.924999999999983,0.9976562502220666,3.0,0.010539757807293354,1.00819600802936
1158,0.9499999999999824,0.9977203651394232,3.0,0.4556789184329178,1.453399283572341
1159,0.974999999999982,0.997773871365101,3.0,0.18986071969133905,1.18763459105644
1160,0.9999999999999822,0.9978189903170002,3.0,-0.35141364675474346,0.6464053435622568
1161,1.0249999999999826,0.9978574150531584,3.0,0.00956136208479528,1.0074187771379537
1162,1.049999999999982,0.9978904105218656,3.0,-0.4227749404655135,0.5751154700563521
1163,1.0749999999999815,0.9979188965362564,3.0,-0.069851327208557,0.9280675693276994
1164,1.099999999999982,0.997943513937077,3.0,-0.1920308289894899,0.8059126849475872
1165,1.1249999999999822,0.9979646755127236,3.0,-0.019690787318069468,0.9782738881946541
1166,1.1499999999999817,0.9979826037445316,3.0,0.04057512732385414,1.0385577310683858
1167,1.1749999999999812,0.9979973575177256,3.0,0.03198564604444179,1.0299830035621673
1168,1.1999999999999815,0.998008849745517,3.0,0.3370663356330271,1.335075185378544
1169,1.224999999999982,0.9980168575212676,3.0,-0.34639668862590606,0.6516201688953616
1170,1.2499999999999811,0.9980210260296646,3.0,-0.04046009839113752,0.9575609276385271
1171,1.2749999999999808,0.9980208670690676,3.0,-0.051309710735264254,0.9467111563338033
1172,1.2999999999999812,0.9980157526981288,3.0,-0.1932105120220461,0.8048052406760827
1173,1.3249999999999815,0.9980049042438685,3.0,0.10927433963657848,1.1072792438804469
1174,1.349999999999981,0.9979873767205614,3.0,-0.03463001338173847,0.9633573633388229
1175,1.3749999999999805,0.9979620386508536,3.0,0.23521142104409237,1.233173459694946
1176,1.3999999999999808,0.997927547433562,3.0,0.09537513981794045,1.0933026872515026
1177,1.4249999999999812,0.9978823209216638,3.0,-0.15059935601875044,0.8472829649029134
1178,1.4499999999999806,0.9978245070457552,3.0,-0.11898500325540066,0.8788395037903546
1179,1.47499999999998,0.9977519556549984,3.0,-0.07117543463123725,0.9265765210237612
1180,1.4999999999999805,0.9976622011339374,3.0,0.09609102169023348,1.0937532228241709
1181,1.5249999999999808,0.9975524722542398,3.0,0.0743338037217243,1.0718862759759642
1182,1.5499999999999805,0.9974197594072012,3.0,-0.09772621800582354,0.8996935414013776
1183,1.5749999999999795,0.9972609919621288,3.0,-0.07209099296557535,0.9251699989965535
1184,1.59999999999998,0.9970734132265038,3.0,0.07082960279927163,1.0679030160257754
1185,1.6249999999999805,0.9968552874793978,3.0,0.11986076794307313,1.1167160554224709
1186,1.64999999999998,0.9966071208978244,3.0,-0.2035743700933758,0.7930327508044486
1187,1.6749999999999794,0.9963335821407524,3.0,-0.05403404779872925,0.9422995343420232
1188,1.6999999999999795,0.9960461612628418,3.0,-0.3645099340800766,0.6315362271827653
1189,1.72499999999998,0.9957661152549556,3.0,0.25609103105433956,1.2518571463092951
1190,1.7499999999999796,0.9955262222742762,3.0,0.011449929731884547,1.0069761520061609
1191,1.774999999999979,0.995368481492319,3.0,0.15232613381547025,1.1476946153077894
1192,1.7999999999999794,0.9953343836178352,3.0,0.01018375810778035,1.0055181417256156
1193,1.82499999999998,0.9954471730570116,3.0,-0.17285582811883504,0.8225913449381765
1194,1.8499999999999792,0.9956928226544016,3.0,-0.01308089652070018,0.9826119261337014
1195,1.874999999999979,0.9960131943569938,3.0,0.0691342342456795,1.0651474286026732
1196,1.899999999999979,0.9963204611660922,3.0,-0.17475337813972577,0.8215670830263664
1197,1.9249999999999796,0.9965251753617502,3.0,-0.13490027500513765,0.8616249003566125
1198,1.9499999999999789,0.9965595215869298,3.0,-0.30288472652292636,0.6936747950640034
1199,1.9749999999999783,0.9963859032052892,3.0,-0.000684711485307537,0.9957011917199816
1200,1.999999999999979,0.9959958187102396,3.0,-0.04292546730101072,0.9530703514092288
1201,2.024999999999979,0.9954072829845432,3.0,0.0573493381361882,1.0527566211207313
1202,2.0499999999999785,0.9946625486657388,3.0,0.3109362506253557,1.3055987992910945
1203,2.074999999999978,0.9938227814923304,3.0,-0.035777806751622926,0.9580449747407075
1204,2.0999999999999783,0.9929577816221572,3.0,0.5231125195671448,1.516070301189302
1205,2.1249999999999787,0.9921335251401604,3.0,-0.22780098685812455,0.7643325382820358
1206,2.149999999999978,0.9914024648199404,3.0,0.22636017503808892,1.2177626398580292
1207,2.1749999999999776,0.9907995547037294,3.0,-0.13924858307234253,0.8515509716313868
1208,2.199999999999978,0.9903437315393144,3.0,-0.05056480311409797,0.9397789284252165
1209,2.2249999999999783,0.9900428836026058,3.0,0.14214282408808682,1.1321857076906927
1210,2.249999999999978,0.989900311520898,3.0,-0.21172390402358365,0.7781764074973143
1211,2.2749999999999773,0.9899210529850884,3.0,-0.32064821200490684,0.6692728409801816
1212,2.2999999999999776,0.9901162838488352,3.0,0.08836767138442249,1.0784839552332577
1213,2.324999999999978,0.990503378817155,3.0,0.08023175937072072,1.0707351381878758
1214,2.349999999999977,0.9910990784207344,3.0,-0.022048578424488933,0.9690504999962455
1215,2.374999999999977,0.9919052198566628,3.0,0.22419498132675855,1.2161002011834214
1216,2.3999999999999773,0.9928918668807486,3.0,-0.2078117460276279,0.7850801208531207
1217,2.4249999999999776,0.993989118084614,3.0,-0.05674279622508899,0.9372463218595251
1218,2.449999999999977,0.9950986601594778,3.0,0.051504617553720815,1.0466032777131986
1219,2.474999999999977,0.9961233844746508,3.0,-0.37980562065882545,0.6163177638158253
1220,2.499999999999977,0.9969972514688492,3.0,0.22929125958156013,1.2262885110504094
1221,2.5249999999999773,0.997696936860385,3.0,-0.5150252024736166,0.48267173438676836
1222,2.5499999999999767,0.9982332880189664,3.0,-0.0378566092988008,0.9603766787201655
1223,2.574999999999976,0.998634519044598,3.0,0.18003690255138238,1.1786714215959804
1224,2.599999999999977,0.9989324303976866,3.0,0.19586006119503077,1.1947924915927175
1225,2.624999999999977,0.999155188733872,3.0,0.2970087127436047,1.2961639014774766
1226,2.6499999999999764,0.9993250638116292,3.0,-0.00942480725300558,0.9899002565586237
1227,2.674999999999976,0.9994585902744352,3.0,0.02254960793134793,1.0220081982057831
1228,2.699999999999976,0.9995674960247436,3.0,-0.29163986107002293,0.7079276349547207
1229,2.724999999999977,0.999659666733119,3.0,0.0284297399299942,1.0280894066631132
1230,2.749999999999976,0.9997399426966888,3.0,0.10236187065991333,1.102101813356602
1231,2.7749999999999755,0.999810755778603,3.0,0.12092439775117762,1.1207351535297807
1232,2.799999999999976,0.999872660367019,3.0,-0.3089190183430095,0.6909536420240096
1233,2.824999999999976,0.9999247905502284,3.0,-0.19121565974268018,0.8087091308075482
1234,2.849999999999976,0.9999652425134194,3.0,0.1378435179850567,1.1378087604984761
1235,2.874999999999975,0.9999913698276476,3.0,-0.14595494643423146,0.8540364233934161
1236,2.8999999999999755,0.9999999999979386,3.0,0.2099825213772625,1.2099825213752011
1237,2.924999999999976,0.9999876205263276,3.0,-0.12733381013657982,0.8726538103897478
1238,2.9499999999999758,0.9999506206001888,3.0,0.06857605239562099,1.0685266729958098
1239,2.9749999999999748,0.9998856927047696,3.0,-0.13945994764346417,0.8604257450613054
1240,2.999999999999975,0.9997904723310072,3.0,-0.059061595035579215,0.940728877295428
1241,3.0249999999999755,0.9996643881248988,3.0,0.03128254186124492,1.0309469299861438
1242,3.049999999999975,0.9995095078620896,3.0,0.3318998934786457,1.3314094013407352
1243,3.0749999999999744,0.9993309872913648,3.0,-0.1264515487057974,0.8728794385855674
1244,3.0999999999999748,0.9991367194539787,3.0,-0.05401888216505382,0.945117837288925
1245,3.124999999999975,0.998936043365076,3.0,0.18740325662835913,1.1863392999934352
1246,3.1499999999999746,0.9987378056811088,3.0,0.3785145570972122,1.377252362778321
1247,3.174999999999974,0.9985484006219362,3.0,-0.0980012223907685,0.9005471782311677
1248,3.1999999999999744,0.9983704109668328,3.0,0.040717230321107876,1.0390876412879406
1249,3.2249999999999748,0.9982021595811732,3.0,0.2654403158601916,1.2636424754413649
1250,3.2499999999999742,0.998038089442514,3.0,0.11264423583241708,1.1106823252749312
1251,3.2749999999999737,0.997869642422484,3.0,0.06620291201090328,1.0640725544333873
1252,3.299999999999974,0.9976862718960572,3.0,0.061798104543295186,1.0594843764393524
1253,3.3249999999999744,0.997476340141061,3.0,-0.23281247638524366,0.7646638637558174
1254,3.349999999999974,0.997227815470988,3.0,-0.2738165548488849,0.7234112606221031
1255,3.3749999999999734,0.9969288135919526,3.0,-0.14831805058317066,0.848610763008782
1256,3.3999999999999737,0.9965680830051944,3.0,-0.13403334222339858,0.8625347407817958
1257,3.424999999999974,0.996135516988929,3.0,0.4089153051487563,1.4050508221376852
1258,3.449999999999973,0.9956227132806034,3.0,-0.11611224697639108,0.8795104663042123
1259,3.474999999999973,0.9950235333775664,3.0,0.504383901037719,1.4994074344152855
1260,3.4999999999999734,0.994334566163378,3.0,-0.17660094546425545,0.8177336206991226
1261,3.5249999999999737,0.9935553920123036,3.0,0.01906878694167613,1.0126241789539798
1262,3.549999999999973,0.9926885751865796,3.0,-0.07591554643090666,0.9167730287556729
1263,3.5749999999999726,0.9917393711720794,3.0,-0.0788389976302046,0.9129003735418748
1264,3.599999999999973,0.990715198850857,3.0,0.1757534513433084,1.1664686501941655
1265,3.624999999999973,0.9896249724886232,3.0,0.030808660660469726,1.020433633149093
1266,3.649999999999973,0.9884784029344496,3.0,-0.037813474573757284,0.9506649283606923
1267,3.674999999999972,0.98728536260865,3.0,0.18658025044043924,1.1738656130490892
1268,3.6999999999999726,0.9860553762547234,3.0,0.0619351690181571,1.0479905452728806
1269,3.724999999999973,0.9847972630099352,3.0,-0.2221153784979513,0.7626818845119839
1270,3.749999999999973,0.9835189254658696,3.0,0.11158394744205262,1.0951028729079222
1271,3.774999999999972,0.9822272625885564,3.0,0.017911745363317303,1.0001390079518737
1272,3.799999999999972,0.98092817536554,3.0,-0.03547483096817996,0.9454533443973601
1273,3.8249999999999726,0.979626634003739,3.0,-0.049354629452745394,0.9302720045509936
1274,3.849999999999972,0.9783267800271988,3.0,-0.1299145610739111,0.8484122189532877
1275,3.874999999999972,0.9770320429320494,3.0,-0.07434107696024218,0.9026909659718072
1276,3.899999999999972,0.9757452573362708,3.0,-0.16442046098559504,0.8113247963506758
1277,3.924999999999972,0.9744687718867346,3.0,-0.186735725523569,0.7877330463631657
1278,3.949999999999972,0.9732045452474758,3.0,-0.13712399089760877,0.8360805543498671
1279,3.9749999999999712,0.9719542273391948,3.0,-0.0455709588048708,0.926383268534324
1280,-4.0,0.8436229688120351,4.0,-0.143884370477895,0.6997385983341401
1281,-3.975,0.840167787106668,4.0,-0.0552707852799781,0.7848970018266899
1282,-3.95,0.8365260986316435,4.0,0.10918597000602405,0.9457120686376675
1283,-3.925,0.8326910292235664,4.0,-0.25919028275313544,0.5735007464704309
1284,-3.9,0.8286557607437416,4.0,-0.15695503561509347,0.6717007251286481
1285,-3.875,0.8244135720449188,4.0,-0.20929622694035274,0.6151173451045661
1286,-3.850000000000001,0.8199578795182871,4.0,-0.11053427488426826,0.7094236046340189
1287,-3.8250000000000006,0.8152822756866409,4.0,-0.016601719444686677,0.7986805562419542
1288,-3.8000000000000007,0.8103805642244156,4.0,0.21637017298742875,1.0267507372118443
1289,-3.775000000000001,0.805246789879067,4.0,-0.13890774073787626,0.6663390491411907
1290,-3.750000000000001,0.7998752621230893,4.0,-0.030168577872030686,0.7697066842510587
1291,-3.725000000000001,0.7942605720712795,4.0,-0.18227673090015103,0.6119838411711285
1292,-3.700000000000001,0.7883976033398019,4.0,-0.14192306844033148,0.6464745348994705
1293,-3.675000000000001,0.7822815391675634,4.0,-0.09514112638934262,0.6871404127782208
1294,-3.650000000000001,0.7759078702871827,4.0,0.09868266809822218,0.8745905383854049
1295,-3.625000000000001,0.769272410667,4.0,-0.047862605061748206,0.7214098056052518
1296,-3.6000000000000014,0.7623713311794804,4.0,0.010364758520061645,0.7727360896995421
1297,-3.575000000000001,0.7552012241689212,4.0,-0.1599639403901028,0.5952372837788185
1298,-3.5500000000000016,0.747759214298522,4.0,-0.2352340084949129,0.512525205803609
1299,-3.5250000000000017,0.7400431322735244,4.0,0.11177185522443281,0.8518149874979571
1300,-3.5000000000000018,0.732051767223175,4.0,0.09643329038226069,0.8284850576054357
1301,-3.475000000000002,0.723785209761325,4.0,-0.09511926639395446,0.6286659433673705
1302,-3.450000000000002,0.7152452901903112,4.0,0.22202593136861223,0.9372712215589235
1303,-3.425000000000002,0.7064361044307036,4.0,-0.020078285406839286,0.6863578190238643
1304,-3.400000000000002,0.697364604129382,4.0,0.2018743946402562,0.8992389987696381
1305,-3.375000000000002,0.6880412080414426,4.0,0.5612961918092998,1.2493373998507424
1306,-3.3500000000000023,0.6784803714265034,4.0,-0.1414236521907532,0.5370567192357503
1307,-3.3250000000000024,0.6687010323477719,4.0,0.036235968912104004,0.7049370012598759
1308,-3.3000000000000025,0.6587268428934359,4.0,0.027631705762288555,0.6863585486557244
1309,-3.2750000000000026,0.6485860941504796,4.0,0.014323886261752686,0.6629099804122324
1310,-3.2500000000000027,0.638311259938617,4.0,0.13935383667511797,0.7776650966137351
1311,-3.2250000000000028,0.6279381170798354,4.0,-0.21990230381929882,0.40803581326053656
1312,-3.200000000000003,0.6175044468673944,4.0,0.021553533610528707,0.6390579804779231
1313,-3.175000000000003,0.6070483768303352,4.0,-0.31352723351276546,0.29352114331756973
1314,-3.150000000000003,0.5966064740430596,4.0,0.20437256153076064,0.8009790355738202
1315,-3.125000000000003,0.5862117402260103,4.0,-0.5004959452784677,0.08571579494754256
1316,-3.100000000000003,0.5758916757634495,4.0,0.01413450866979487,0.5900261844332443
1317,-3.0750000000000037,0.5656665702368435,4.0,-0.0875283678996461,0.4781382023371974
1318,-3.050000000000004,0.5555481429582508,4.0,-0.1655426652263862,0.39000547773186467
1319,-3.0250000000000035,0.5455386057424332,4.0,0.21356911339962023,0.7591077191420534
1320,-3.000000000000004,0.5356301626343436,4.0,0.1974403216903375,0.7330704843246811
1321,-2.975000000000004,0.525804908656893,4.0,0.40540675016239797,0.9312116588192909
1322,-2.950000000000004,0.5160350504689818,4.0,0.08555890689765011,0.6015939573666319
1323,-2.925000000000004,0.5062833505405466,4.0,0.008107008931419319,0.514390359471966
1324,-2.900000000000004,0.4965036931210273,4.0,-0.17011063670440862,0.3263930564166187
1325,-2.875000000000004,0.4866416816595772,4.0,0.23615223008302547,0.7227939117426027
1326,-2.850000000000004,0.4766351985459633,4.0,0.09894467959634234,0.5755798781423056
1327,-2.825000000000004,0.4664148841900536,4.0,0.11057395295442997,0.5769888371444836
1328,-2.8000000000000043,0.455904519858146,4.0,-0.5644858260711494,-0.10858130621300338
1329,-2.7750000000000044,0.4450213254886823,4.0,0.25623746618031445,0.7012587916689967
1330,-2.7500000000000044,0.4336762100584647,4.0,-0.0014198092554123668,0.43225640080305233
1331,-2.7250000000000045,0.4217740399261189,4.0,0.07161351896776341,0.4933875588938823
1332,-2.7000000000000046,0.4092140234355163,4.0,-0.013355333153286072,0.39585869028223025
1333,-2.6750000000000047,0.39589035263304,4.0,0.17692112613533004,0.57281147876837
1334,-2.650000000000005,0.3816933008559577,4.0,0.3165352093767214,0.6982285102326791
1335,-2.625000000000005,0.3665110542367865,4.0,-0.2588153882405663,0.10769566599622016
1336,-2.600000000000005,0.3502326613781542,4.0,-0.3360275835116287,0.014205077866525473
1337,-2.575000000000005,0.3327526215325523,4.0,-0.04328953327280419,0.2894630882597481
1338,-2.550000000000005,0.3139777935665864,4.0,-0.060339506116398794,0.25363828745018757
1339,-2.525000000000005,0.2938374762200367,4.0,-0.16638843814425863,0.12744903807577806
1340,-2.5000000000000053,0.2722976336067573,4.0,-0.29797294366469823,-0.025675310057940937
1341,-2.4750000000000054,0.2493802089600744,4.0,0.16069062562962327,0.4100708345896977
1342,-2.450000000000005,0.2251880762186321,4.0,0.33018374464524736,0.5553718208638795
1343,-2.4250000000000056,0.1999350728468363,4.0,-0.1770971520852562,0.02283792076158009
1344,-2.4000000000000057,0.1739782424530345,4.0,-0.02075569907128904,0.15322254338174546
1345,-2.3750000000000058,0.1478454134279289,4.0,-0.03941519568007487,0.10843021774785402
1346,-2.350000000000006,0.1222456616205739,4.0,0.0027767049055177086,0.1250223665260916
1347,-2.325000000000006,0.0980449688676231,4.0,0.06863259926080345,0.16667756812842655
1348,-2.300000000000006,0.0761896133839794,4.0,0.04750742133685952,0.12369703472083891
1349,-2.275000000000006,0.0575732230495771,4.0,-0.05604954014771363,0.0015236829018634712
1350,-2.250000000000006,0.0428748765746756,4.0,0.20534751649213623,0.24822239306681182
1351,-2.2250000000000063,0.0324336453637338,4.0,-0.08705423345495607,-0.05462058809122227
1352,-2.2000000000000064,0.0262034989146601,4.0,-0.15919318142196082,-0.13298968250730073
1353,-2.1750000000000065,0.0236159604969767,4.0,0.0823349022365449,0.1059508627335216
1354,-2.1500000000000066,0.022984721759304,4.0,-0.22652804061125645,-0.20354331885195245
1355,-2.1250000000000067,0.0215966557334225,4.0,0.06878737521937105,0.09038403095279354
1356,-2.1000000000000068,0.0184640008241946,4.0,-0.14080835724772486,-0.12234435642353027
1357,-2.075000000000007,0.0149672796591955,4.0,-0.13953293594679164,-0.12456565628759614
1358,-2.050000000000007,0.012196526002848,4.0,0.17843838364314749,0.1906349096459955
1359,-2.025000000000007,0.0102689966513155,4.0,-0.028283237365279972,-0.01801424071396447
1360,-2.000000000000007,0.0089532331860567,4.0,-0.018566028296053538,-0.009612795109996838
1361,-1.9750000000000072,0.007983841232906,4.0,0.13354719132032192,0.1415310325532279
1362,-1.9500000000000075,0.0071390461848001,4.0,-0.05246766014132109,-0.04532861395652099
1363,-1.9250000000000076,0.0062794155034247,4.0,-0.010373826892852855,-0.004094411389428155
1364,-1.9000000000000077,0.0053692054608747,4.0,0.4162736552005699,0.42164286066144463
1365,-1.8750000000000075,0.004456571737107,4.0,-0.20607766321324233,-0.20162109147613533
1366,-1.850000000000008,0.0036173622875052,4.0,0.018380995560822004,0.021998357848327203
1367,-1.825000000000008,0.0029046788479614,4.0,-0.19766046639600934,-0.19475578754804795
1368,-1.8000000000000078,0.0023361472206454,4.0,0.05561038688044942,0.05794653410109482
1369,-1.775000000000008,0.0019044979247304,4.0,0.013455974215041102,0.015360472139771502
1370,-1.750000000000008,0.0015872814872083,4.0,-0.024453625978978745,-0.022866344491770444
1371,-1.725000000000008,0.0013552043858986,4.0,0.013548841536331846,0.014904045922230446
1372,-1.7000000000000082,0.0011810125161834,4.0,0.17131117643867652,0.17249218895485993
1373,-1.6750000000000085,0.0010444065178036,4.0,-0.04150967366653449,-0.04046526714873089
1374,-1.6500000000000083,0.0009321157553587,4.0,0.21742850073104059,0.2183606164863993
1375,-1.6250000000000084,0.0008358777842442,4.0,-0.03827721118608076,-0.03744133340183656
1376,-1.6000000000000083,0.0007504793384581,4.0,0.0032454634166227494,0.003995942755080849
1377,-1.5750000000000086,0.0006724964005243,4.0,-0.26997283317347376,-0.26930033677294946
1378,-1.5500000000000087,0.0005996203296025,4.0,-0.03864552501713516,-0.03804590468753266
1379,-1.5250000000000088,0.0005303215947979,4.0,0.2895631601761282,0.2900934817709261
1380,-1.5000000000000089,0.0004636744150864,4.0,0.21001394607091375,0.21047762048600016
1381,-1.475000000000009,0.0003992502517885,4.0,0.026253827283566043,0.026653077535354543
1382,-1.450000000000009,0.0003370400617729,4.0,-0.24965017111035526,-0.24931313104858235
1383,-1.4250000000000091,0.0002773891137851,4.0,-0.02494031717365186,-0.02466292805986676
1384,-1.4000000000000092,0.0002209362036483,4.0,0.2633181320486466,0.26353906825229495
1385,-1.375000000000009,0.0001685506786739,4.0,0.18684223825326937,0.18701078893194328
1386,-1.3500000000000094,0.0001212621940957,4.0,-0.12157150975386515,-0.12145024755976945
1387,-1.3250000000000095,8.018374859177887e-05,4.0,0.4691509889748691,0.4692311727234609
1388,-1.3000000000000096,4.6439094852050334e-05,4.0,-0.01240656642458965,-0.0123601273297376
1389,-1.2750000000000097,2.111642972195105e-05,4.0,0.10847348769424205,0.108494604123964
1390,-1.2500000000000098,5.272526576139926e-06,4.0,0.2884546550947363,0.2884599276213124
1391,-1.22500000000001,0.0,4.0,-0.17641285426194214,-0.17641285426194214
1392,-1.20000000000001,6.552220828684061e-06,4.0,0.008353162257881458,0.008359714478710142
1393,-1.17500000000001,2.6514228069106265e-05,4.0,-0.12634352582549122,-0.12631701159742212
1394,-1.15000000000001,6.203475492219994e-05,4.0,-0.1435377052407418,-0.1434756704858196
1395,-1.1250000000000102,0.0001162100262541,4.0,-0.21198181313879808,-0.211865603112544
1396,-1.1000000000000103,0.00019384906951,4.0,-0.10988276168472651,-0.1096889126152165
1397,-1.0750000000000104,0.0003030977927589,4.0,0.2802323367145269,0.2805354345072858
1398,-1.0500000000000105,0.0004589449536166,4.0,0.2904252397619776,0.2908841847155942
1399,-1.0250000000000106,0.0006912511280653,4.0,0.1760320020015366,0.1767232531296019
1400,-1.0000000000000109,0.0010667434210868,4.0,0.08480678348047366,0.08587352690156046
1401,-0.9750000000000107,0.0017801808841186,4.0,-0.05909487757487917,-0.05731469669076057
1402,-0.9500000000000108,0.0038056570992546,4.0,-0.04964917424730081,-0.04584351714804621
1403,-0.9250000000000108,0.0157292282533857,4.0,0.28438214567854575,0.30011137393193144
1404,-0.900000000000011,0.1251374660774188,4.0,0.0921242382416119,0.2172617043190307
1405,-0.8750000000000111,0.5178399589651714,4.0,0.2049576959851727,0.7227976549503441
1406,-0.8500000000000112,0.7343681346172076,4.0,0.15125065452804146,0.885618789145249
1407,-0.8250000000000113,0.8533046851495295,4.0,-0.11638690420909899,0.7369177809404305
1408,-0.8000000000000114,0.8954043784609973,4.0,0.04872929396334723,0.9441336724243445
1409,-0.7750000000000115,0.8889751876212151,4.0,0.06952814850918237,0.9585033361303974
1410,-0.7500000000000115,0.8654501272680883,4.0,-0.3957028389594741,0.46974728830861423
1411,-0.7250000000000116,0.8407890574942571,4.0,0.46566821719610735,1.3064572746903644
1412,-0.7000000000000117,0.8213998335711656,4.0,-0.0011791256250432104,0.8202207079461225
1413,-0.6750000000000118,0.8079411161197462,4.0,-0.11883461388647444,0.6891065022332717
1414,-0.6500000000000119,0.7997728927275303,4.0,0.13904957391041228,0.9388224666379426
1415,-0.625000000000012,0.7984360674160129,4.0,0.047065201209070144,0.845501268625083
1416,-0.6000000000000121,0.8100407594951815,4.0,-0.2670483477868197,0.5429924117083618
1417,-0.5750000000000122,0.8443146140538195,4.0,0.24271175228417627,1.0870263663379958
1418,-0.5500000000000123,0.901954361371906,4.0,-0.21894966932769044,0.6830046920442155
1419,-0.5250000000000123,0.9564610902040462,4.0,0.0500599911030593,1.0065210813071055
1420,-0.5000000000000124,0.9863660481614808,4.0,0.05540035647277968,1.0417664046342605
1421,-0.4750000000000125,0.9983028372611836,4.0,0.02800362777865922,1.0263064650398428
1422,-0.4500000000000126,0.9999999999999984,4.0,0.14585081391952318,1.1458508139195216
1423,-0.4250000000000127,0.9937756808323336,4.0,-0.3238843945997973,0.6698912862325364
1424,-0.4000000000000128,0.9795367152829332,4.0,0.14210959058698533,1.1216463058699184
1425,-0.3750000000000129,0.9565069399528132,4.0,0.07921570251770962,1.0357226424705228
1426,-0.3500000000000129,0.925987896228004,4.0,-0.38352121135439093,0.542466684873613
1427,-0.325000000000013,0.8943936906827721,4.0,-0.011251166735256392,0.8831425239475157
1428,-0.3000000000000131,0.8702992353452138,4.0,-0.3312008838529515,0.5390983514922623
1429,-0.2750000000000132,0.8572883582791183,4.0,-0.10401380237602338,0.7532745559030949
1430,-0.2500000000000133,0.8533057302064027,4.0,0.35294621137256404,1.2062519415789668
1431,-0.2250000000000134,0.8549418910094594,4.0,0.08296018176380786,0.9379020727732672
1432,-0.2000000000000135,0.8598746307786419,4.0,-0.08393781422210819,0.7759368165565337
1433,-0.1750000000000136,0.8669431246569455,4.0,-0.19932795577041665,0.6676151688865288
1434,-0.1500000000000136,0.8755577723283035,4.0,-0.006482449691499935,0.8690753226368035
1435,-0.1250000000000137,0.8852577603098761,4.0,0.10185345438615985,0.987111214696036
1436,-0.1000000000000138,0.8955284464868216,4.0,0.24102142009143063,1.1365498665782523
1437,-0.0750000000000139,0.9057894370753324,4.0,-0.18438008489214835,0.7214093521831841
1438,-0.050000000000014,0.915460811087358,4.0,-0.1392286869864629,0.7762321241008951
1439,-0.0250000000000141,0.924046786300338,4.0,-0.1568009303729933,0.7672458559273447
1440,-1.4210854715202004e-14,0.9311922557553804,4.0,-0.021706669032744885,0.9094855867226356
1441,0.0249999999999861,0.9366799163845828,4.0,0.20603204457537955,1.1427119609599623
1442,0.0499999999999856,0.940361920392936,4.0,-0.041284004546640565,0.8990779158462954
1443,0.074999999999985,0.942046826683554,4.0,-0.38321037484265685,0.5588364518408971
1444,0.0999999999999854,0.9413673419697188,4.0,-0.08934344349471866,0.8520238984750002
1445,0.1249999999999857,0.9376330275388374,4.0,-0.12990051725342763,0.8077325102854097
1446,0.1499999999999852,0.9296347276303504,4.0,0.32174031049402924,1.2513750381243796
1447,0.1749999999999847,0.9153248731708384,4.0,0.11504737521653112,1.0303722483873696
1448,0.199999999999985,0.8912689816038986,4.0,0.36184154385710343,1.253110525461002
1449,0.2249999999999854,0.8518176059015045,4.0,-0.09728265807374288,0.7545349478277615
1450,0.2499999999999849,0.7883153641474737,4.0,-0.05825174187572092,0.7300636222717528
1451,0.2749999999999843,0.6899381971671494,4.0,-0.0946016759200664,0.595336521247083
1452,0.2999999999999847,0.5511665166759544,4.0,0.09606431471918858,0.6472308313951429
1453,0.3249999999999851,0.3928900335664374,4.0,0.27140911854661737,0.6642991521130548
1454,0.3499999999999845,0.2615372637126187,4.0,0.1387324544256411,0.40026971813825984
1455,0.374999999999984,0.1699669454803019,4.0,-0.18356338887566626,-0.013596443395364366
1456,0.3999999999999843,0.1067605090249307,4.0,0.0011970117512913685,0.10795752077622207
1457,0.4249999999999847,0.066496001266188,4.0,-0.12149994059581261,-0.05500393932962461
1458,0.4499999999999842,0.0431708863297307,4.0,0.12407624965331714,0.16724713598304783
1459,0.4749999999999836,0.0299788405253558,4.0,-0.05330640327977928,-0.023327562754423478
1460,0.499999999999984,0.0222931323304137,4.0,-0.00265961417929374,0.01963351815111996
1461,0.5249999999999844,0.0175981509058991,4.0,0.07786502932880326,0.09546318023470236
1462,0.5499999999999838,0.0145883530149624,4.0,-0.15548856085017324,-0.14090020783521084
1463,0.5749999999999833,0.0125681894924518,4.0,-0.19425074310886722,-0.18168255361641542
1464,0.5999999999999837,0.0111518294200598,4.0,-0.2484511511234084,-0.2372993217033486
1465,0.624999999999984,0.0101182784043585,4.0,0.11049371840861082,0.12061199681296932
1466,0.6499999999999835,0.0093378862892432,4.0,0.03798919149113528,0.04732707778037848
1467,0.674999999999983,0.0087327249634505,4.0,0.16654152856181278,0.1752742535252633
1468,0.6999999999999833,0.0082544406967835,4.0,0.3532055938641775,0.361460034560961
1469,0.7249999999999837,0.0078717586021387,4.0,-0.32355043895701424,-0.31567868035487556
1470,0.7499999999999831,0.007563466844427,4.0,-0.290208050274759,-0.282644583430332
1471,0.7749999999999826,0.0073144985741907,4.0,0.0074484263188588935,0.014762924893049593
1472,0.799999999999983,0.0071137338597643,4.0,0.106612060030082,0.1137257938898463
1473,0.8249999999999833,0.0069527403104049,4.0,-0.048423051613174735,-0.04147031130276983
1474,0.8499999999999828,0.0068250223740587,4.0,0.00876087290541332,0.01558589527947202
1475,0.8749999999999822,0.0067255487960262,4.0,-0.03587400308675027,-0.029148454290724067
1476,0.8999999999999826,0.006650436535988,4.0,-0.13132404604316347,-0.12467360950717547
1477,0.924999999999983,0.0065967268586634,4.0,-0.19386810447267,-0.1872713776140066
1478,0.9499999999999824,0.0065622190006421,4.0,-0.10419170945327492,-0.09762949045263282
1479,0.974999999999982,0.0065453420998129,4.0,-0.1008078127653072,-0.0942624706654943
1480,0.9999999999999822,0.0065450540570903,4.0,0.21325440890076855,0.21979946295785885
1481,1.0249999999999826,0.0065607603116933,4.0,-0.0944785040789041,-0.0879177437672108
1482,1.049999999999982,0.0065922479505355,4.0,0.27364389369725867,0.28023614164779415
1483,1.0749999999999815,0.0066396320174507,4.0,0.3308288977175296,0.3374685297349803
1484,1.099999999999982,0.0067033117691262,4.0,0.26264763486301645,0.26935094663214265
1485,1.1249999999999822,0.0067839351601947,4.0,-0.2674729838497981,-0.2606890486896034
1486,1.1499999999999817,0.0068823701504072,4.0,-0.028173737407877843,-0.021291367257470644
1487,1.1749999999999812,0.006999681587317,4.0,-0.0012310017149952106,0.00576867987232179
1488,1.1999999999999815,0.0071371124816415,4.0,-0.058900081085350775,-0.051762968603709276
1489,1.224999999999982,0.007296068500663,4.0,-0.37150674171383624,-0.36421067321317324
1490,1.2499999999999811,0.007478104491161,4.0,0.005180725125431966,0.012658829616592966
1491,1.2749999999999808,0.0076849118350949,4.0,0.23916350508969364,0.24684841692478854
1492,1.2999999999999812,0.0079183054613824,4.0,0.29798461744554194,0.30590292290692433
1493,1.3249999999999815,0.008180209404027,4.0,-0.04308274008870309,-0.03490253068467609
1494,1.349999999999981,0.0084726399241104,4.0,-0.21398532942395057,-0.20551268949984017
1495,1.3749999999999805,0.0087976854085653,4.0,-0.0535448109971169,-0.0447471255885516
1496,1.3999999999999808,0.0091574825224442,4.0,-0.03262884467884757,-0.023471362156403372
1497,1.4249999999999812,0.0095541884146417,4.0,-0.19970533634916682,-0.19015114793452512
1498,1.4499999999999806,0.0099899491403883,4.0,-0.2734304331941623,-0.263440484053774
1499,1.47499999999998,0.0104668648380033,4.0,0.003711069073862179,0.01417793391186548
1500,1.4999999999999805,0.0109869525456721,4.0,0.12171435801419624,0.13270131055986834
1501,1.5249999999999808,0.0115521078271187,4.0,0.1256297514519028,0.13718185927902152
1502,1.5499999999999805,0.0121640665578457,4.0,-0.12653773941814067,-0.11437367286029497
1503,1.5749999999999795,0.0128243682821821,4.0,-0.19758936229919352,-0.1847649940170114
1504,1.59999999999998,0.0135343224788152,4.0,0.09348354384457927,0.10701786632339447
1505,1.6249999999999805,0.0142949788815587,4.0,-0.020678545743511727,-0.006383566861953028
1506,1.64999999999998,0.0151071027237557,4.0,-0.012811473412954282,0.002295629310801418
1507,1.6749999999999794,0.0159711554522317,4.0,0.1241909624376904,0.1401621178899221
1508,1.6999999999999795,0.0168872811371091,4.0,0.19204492115221594,0.20893220228932505
1509,1.72499999999998,0.0178552985284433,4.0,-0.032243223845478806,-0.014387925317035505
1510,1.7499999999999796,0.0188746985075735,4.0,0.1512442771326125,0.170118975640186
1511,1.774999999999979,0.019944646560974,4.0,0.07066261221628113,0.09060725877725513
1512,1.7999999999999794,0.0210639898607953,4.0,0.186173074584633,0.2072370644454283
1513,1.82499999999998,0.0222312685496289,4.0,-0.2654661986849312,-0.2432349301353023
1514,1.8499999999999792,0.0234447308709311,4.0,0.02073702530921136,0.04418175618014246
1515,1.874999999999979,0.0247023518345119,4.0,-0.29021274654849555,-0.26551039471398363
1516,1.899999999999979,0.0260018551374186,4.0,-0.025221672710502706,0.0007801824269158958
1517,1.9249999999999796,0.0273407380619828,4.0,0.29312900815268267,0.32046974621466545
1518,1.9499999999999789,0.0287162990417399,4.0,0.3302229666076147,0.3589392656493546
1519,1.9749999999999783,0.0301256675276308,4.0,-0.006116356046547994,0.024009311481082804
1520,1.999999999999979,0.0315658357121453,4.0,0.009823662716882967,0.04138949842902827
1521,2.024999999999979,0.0330336915913276,4.0,-0.029338369395034338,0.0036953221962932638
1522,2.0499999999999785,0.0345260527769289,4.0,-0.18834513853002988,-0.153819085753101
1523,2.074999999999978,0.0360397004242225,4.0,0.18714097152467604,0.22318067194889854
1524,2.0999999999999783,0.037571412622144,4.0,-0.4598367053581271,-0.4222652927359831
1525,2.1249999999999787,0.0391179966044815,4.0,-0.11610603893957579,-0.07698804233509429
1526,2.149999999999978,0.0406763191830287,4.0,-0.14350643663798868,-0.10283011745495999
1527,2.1749999999999776,0.0422433348720688,4.0,-0.19049070559491416,-0.14824737072284536
1528,2.199999999999978,0.04381611126243,4.0,-0.0037499219353809873,0.040066189327049015
1529,2.2249999999999783,0.0453918513056042,4.0,0.267257256475351,0.31264910778095517
1530,2.249999999999978,0.0469679122769931,4.0,-0.4845119723647739,-0.4375440600877808
1531,2.2749999999999773,0.0485418212955458,4.0,0.2159344200120476,0.2644762413075934
1532,2.2999999999999776,0.0501112873793718,4.0,-0.0005887936216682064,0.049522493757703595
1533,2.324999999999978,0.0516742101089338,4.0,0.39591209859910526,0.44758630870803906
1534,2.349999999999977,0.0532286850482912,4.0,0.21217162919760374,0.26540031424589494
1535,2.374999999999977,0.0547730061388179,4.0,-0.4645627452688246,-0.40978973913000666
1536,2.3999999999999773,0.0563056653283856,4.0,-0.050438936579604694,0.005866728748780907
1537,2.4249999999999776,0.0578253497326052,4.0,0.09129471107214363,0.14912006080474882
1538,2.449999999999977,0.0593309366444063,4.0,-0.23905990241723687,-0.17972896577283057
1539,2.474999999999977,0.0608214867156475,4.0,0.18897505568874906,0.24979654240439655
1540,2.499999999999977,0.0622962356314231,4.0,-0.1710051572094406,-0.1087089215780175
1541,2.5249999999999773,0.0637545845862054,4.0,-0.06913065226322235,-0.005376067677016941
1542,2.5499999999999767,0.0651960898529311,4.0,-0.08835945920772878,-0.02316336935479768
1543,2.574999999999976,0.066620451713324,4.0,-0.14995648056672667,-0.08333602885340267
1544,2.599999999999977,0.0680275029918849,4.0,0.18225850667947438,0.2502860096713593
1545,2.624999999999977,0.0694171974083684,4.0,0.12913400570912562,0.19855120311749402
1546,2.6499999999999764,0.0707895979354568,4.0,0.11717980528589972,0.18796940322135652
1547,2.674999999999976,0.0721448653206181,4.0,0.08118719179676949,0.1533320571173876
1548,2.699999999999976,0.0734832469045455,4.0,-0.0712361859608864,0.0022470609436590905
1549,2.724999999999977,0.0748050658436489,4.0,0.1291153546752822,0.2039204205189311
1550,2.749999999999976,0.0761107108211032,4.0,0.08348093032948693,0.15959164115059013
1551,2.7749999999999755,0.0774006263102638,4.0,-0.31157323878025356,-0.23417261246998977
1552,2.799999999999976,0.0786753034358247,4.0,0.08835023102843252,0.16702553446425722
1553,2.824999999999976,0.0799352714619935,4.0,0.19340632373795058,0.27334159519994405
1554,2.849999999999976,0.0811810899231022,4.0,-0.02013379926444075,0.06104729065866145
1555,2.874999999999975,0.0824133414003313,4.0,-0.3840021062655334,-0.3015887648652021
1556,2.8999999999999755,0.0836326249384767,4.0,-0.003982437870473125,0.07965018706800357
1557,2.924999999999976,0.0848395500887218,4.0,0.07524377130491242,0.1600833213936342
1558,2.9499999999999758,0.0860347315570722,4.0,0.14466014135272778,0.23069487290979998
1559,2.9749999999999748,0.0872187844331841,4.0,0.06968411933880113,0.15690290377198524
1560,2.999999999999975,0.0883923199707117,4.0,-0.0006381795786140506,0.08775414039209765
1561,3.0249999999999755,0.0895559418877382,4.0,-0.02935030922113099,0.06020563266660721
1562,3.049999999999975,0.0907102431542184,4.0,-0.18557026770196056,-0.09486002454774216
1563,3.0749999999999744,0.091855803232541,4.0,-0.26858407802537565,-0.17672827479283465
1564,3.0999999999999748,0.0929931857370785,4.0,0.056005437158575984,0.1489986228956545
1565,3.124999999999975,0.0941229364789462,4.0,-0.09266440711973226,0.0014585293592139503
1566,3.1499999999999746,0.0952455818629008,4.0,-0.06868662699523882,0.02655895486766198
1567,3.174999999999974,0.0963616276044033,4.0,0.22098191979488754,0.3173435473992908
1568,3.1999999999999744,0.0974715577361542,4.0,-0.26038718927694277,-0.16291563154078859
1569,3.2249999999999748,0.0985758338749312,4.0,0.2711029120604327,0.3696787459353639
1570,3.2499999999999742,0.099674894721156,4.0,0.3309324557455597,0.43060735046671567
1571,3.2749999999999737,0.1007691557653199,4.0,-0.024054213912035067,0.07671494185328484
1572,3.299999999999974,0.1018590091771265,4.0,-0.3013944307853645,-0.199535421608238
1573,3.3249999999999744,0.1029448238549404,4.0,0.08542675792048639,0.1883715817754268
1574,3.349999999999974,0.1040269456148403,4.0,-0.13178888742010453,-0.02776194180526423
1575,3.3749999999999734,0.1051056975002534,4.0,0.03561675565598177,0.14072245315623516
1576,3.3999999999999737,0.1061813801947656,4.0,-0.09404985898909658,0.012131521205669016
1577,3.424999999999974,0.1072542725222244,4.0,0.12929506503121863,0.23654933755344304
1578,3.449999999999973,0.1083246320197584,4.0,-0.1440809662546437,-0.035756334234885306
1579,3.474999999999973,0.1093926955706984,4.0,0.25090327505326926,0.3602959706239677
1580,3.4999999999999734,0.1104586800857001,4.0,0.11131404672603017,0.22177272681173027
1581,3.5249999999999737,0.1115227832215941,4.0,-0.13929981104164782,-0.027777027820053715
1582,3.549999999999973,0.1125851841286036,4.0,-0.11496963874586043,-0.002384454617256823
1583,3.5749999999999726,0.1136460442176561,4.0,-0.002383100932538249,0.11126294328511785
1584,3.599999999999973,0.1147055079404359,4.0,0.10544505023933509,0.22015055817977097
1585,3.624999999999973,0.1157637035757689,4.0,-0.09597044694338132,0.019793256632387582
1586,3.649999999999973,0.116820744016695,4.0,0.26952347782233566,0.38634422183903067
1587,3.674999999999972,0.1178767275533709,4.0,0.0783434827794857,0.1962202103328566
1588,3.6999999999999726,0.1189317386475944,4.0,-0.03819505767041426,0.08073668097718015
1589,3.724999999999973,0.1199858486953658,4.0,-0.03389632878345679,0.08608951991190901
1590,3.749999999999973,0.1210391167744609,4.0,0.09537085234908094,0.21640996912354182
1591,3.774999999999972,0.1220915903744787,4.0,-0.031565815463313815,0.09052577491116488
1592,3.799999999999972,0.1231433061072851,4.0,-0.317572639622039,-0.19442933351475392
1593,3.8249999999999726,0.1241942903961733,4.0,-0.18801859199996548,-0.06382430160379218
1594,3.849999999999972,0.1252445601424051,4.0,0.11590170432242512,0.24114626446483023
1595,3.874999999999972,0.126294123368151,4.0,-0.2341467850385287,-0.10785266167037771
1596,3.899999999999972,0.1273429798350754,4.0,0.1180572772753972,0.24540025711047259
1597,3.924999999999972,0.1283911216381141,4.0,0.40000684367213307,0.5283979653102472
1598,3.949999999999972,0.129438533774164,4.0,-0.09918401447590794,0.030254519298256066
1599,3.9749999999999712,0.130485194685632,4.0,-0.0991128317212905,0.031372362964341496
1600,-4.0,0.7507898488151713,5.0,-0.18172698570016663,0.5690628631150046
1601,-3.975,0.7498530456606343,5.0,0.06188931864162179,0.8117423643022561
1602,-3.95,0.7489078302199669,5.0,-0.23088609049552614,0.5180217397244408
1603,-3.925,0.747954203608807,5.0,-0.11350640259937934,0.6344478010094277
1604,-3.9,0.7469921774762122,5.0,-0.26378917261042156,0.4832030048657906
1605,-3.875,0.746021774764358,5.0,0.130317272980875,0.8763390477452331
1606,-3.850000000000001,0.7450430304786333,5.0,0.05015883542527318,0.7952018659039065
1607,-3.8250000000000006,0.7440559924637921,5.0,-0.08519341438111357,0.6588625780826785
1608,-3.8000000000000007,0.7430607221811799,5.0,0.03509397842416849,0.7781547006053484
1609,-3.775000000000001,0.7420572954814594,5.0,0.08353784811250133,0.8255951435939607
1610,-3.750000000000001,0.7410458033665784,5.0,-0.15850795300861192,0.5825378503579666
1611,-3.725000000000001,0.74002635273405,5.0,0.03545393159719937,0.7754802843312494
1612,-3.700000000000001,0.7389990670958787,5.0,0.09183503512521146,0.8308341022210901
1613,-3.675000000000001,0.7379640872637482,5.0,0.019418454032247165,0.7573825412959954
1614,-3.650000000000001,0.7369215719912915,5.0,0.014094165096018267,0.7510157370873097
1615,-3.625000000000001,0.7358716985635103,5.0,-0.018316949191135367,0.717554749372375
1616,-3.6000000000000014,0.7348146633225986,5.0,0.05736618572534632,0.792180849047945
1617,-3.575000000000001,0.7337506821186024,5.0,0.17051862315587496,0.9042693052744774
1618,-3.5500000000000016,0.7326799906725333,5.0,-0.022865746206249784,0.7098142444662835
1619,-3.5250000000000017,0.73160284483872,5.0,0.017815787192208603,0.7494186320309285
1620,-3.5000000000000018,0.7305195207523443,5.0,-0.35772400439978663,0.37279551635255764
1621,-3.475000000000002,0.7294303148472212,5.0,-0.1549249456195989,0.5745053692276223
1622,-3.450000000000002,0.7283355437280965,5.0,0.048124292791270666,0.7764598365193671
1623,-3.425000000000002,0.7272355438807946,5.0,-0.029843423951494943,0.6973921199292996
1624,-3.400000000000002,0.7261306712027007,5.0,-0.013322311971082867,0.7128083592316178
1625,-3.375000000000002,0.7250213003351734,5.0,-0.35570236888184054,0.3693189314533329
1626,-3.3500000000000023,0.7239078237785131,5.0,0.06447087573701618,0.7883786995155293
1627,-3.3250000000000024,0.7227906507691517,5.0,0.3503701732539638,1.0731608240231156
1628,-3.3000000000000025,0.7216702058977126,5.0,-0.07481735585872366,0.646852850038989
1629,-3.2750000000000026,0.7205469274454285,5.0,0.2877363995307834,1.008283326976212
1630,-3.2500000000000027,0.71942126541522,5.0,0.1414224220458312,0.8608436874610512
1631,-3.2250000000000028,0.7182936792323629,5.0,-0.3540936090858441,0.3642000701465188
1632,-3.200000000000003,0.717164635088111,5.0,-0.02545914531310171,0.6917054897750093
1633,-3.175000000000003,0.7160346028979255,5.0,-0.07734795815237955,0.6386866447455459
1634,-3.150000000000003,0.7149040528438706,5.0,-0.2936757778504702,0.4212282749934004
1635,-3.125000000000003,0.7137734514683569,5.0,-0.10338909297326987,0.610384358495087
1636,-3.100000000000003,0.7126432572836653,5.0,-0.30544497864928905,0.40719827863437624
1637,-3.0750000000000037,0.7115139158582797,5.0,-0.09268946105941438,0.6188244547988654
1638,-3.050000000000004,0.7103858543372102,5.0,-0.013573389848612795,0.6968124644885975
1639,-3.0250000000000035,0.7092594753487989,5.0,0.17555026115001096,0.8848097364988098
1640,-3.000000000000004,0.7081351502450154,5.0,0.10591455454930816,0.8140497047943236
1641,-2.975000000000004,0.707013211615681,5.0,0.19778609279243745,0.9047993044081184
1642,-2.950000000000004,0.7058939450093891,5.0,0.3357954595375171,1.041689404546906
1643,-2.925000000000004,0.704777579784685,5.0,-0.02651344208480587,0.6782641376998791
1644,-2.900000000000004,0.7036642790043941,5.0,-0.07069369483340061,0.6329705841709935
1645,-2.875000000000004,0.7025541282732602,5.0,-0.1318759571421208,0.5706781711311395
1646,-2.850000000000004,0.70144712340421,5.0,0.07008129595126496,0.771528419355475
1647,-2.825000000000004,0.7003431567812289,5.0,-0.1721276332682453,0.5282155235129836
1648,-2.8000000000000043,0.69924200226641,5.0,0.26930887619003036,0.9685508784564403
1649,-2.7750000000000044,0.698143298475173,5.0,0.12499086377552551,0.8231341622506985
1650,-2.7500000000000044,0.6970465302160795,5.0,0.11361230871190536,0.810658838927985
1651,-2.7250000000000045,0.6959510078598076,5.0,-0.09987190782386665,0.5960791000359409
1652,-2.7000000000000046,0.6948558443650767,5.0,0.018134401168405364,0.7129902455334821
1653,-2.6750000000000047,0.693759929646744,5.0,-0.010430808763244991,0.6833291208834991
1654,-2.650000000000005,0.6926619019227411,5.0,-0.08800367809200352,0.6046582238307376
1655,-2.625000000000005,0.6915601156206634,5.0,-0.03776630627793231,0.6537938093427311
1656,-2.600000000000005,0.6904526053614298,5.0,0.2003983447905985,0.8908509501520283
1657,-2.575000000000005,0.6893370454655875,5.0,-0.281252559647019,0.4080844858185685
1658,-2.550000000000005,0.6882107043468704,5.0,-0.026522688329844793,0.6616880160170255
1659,-2.525000000000005,0.6870703930672882,5.0,0.13834985949077028,0.8254202525580585
1660,-2.5000000000000053,0.6859124072279621,5.0,0.13454046175201573,0.8204528689799778
1661,-2.4750000000000054,0.6847324612605897,5.0,0.19733172470696783,0.8820641859675575
1662,-2.450000000000005,0.6835256140667038,5.0,-0.14556820927304243,0.5379574047936613
1663,-2.4250000000000056,0.6822861848278562,5.0,0.08173549857521537,0.7640216834030715
1664,-2.4000000000000057,0.6810076576830998,5.0,-0.23232806703292097,0.4486795906501788
1665,-2.3750000000000058,0.6796825738461588,5.0,-0.2170303942035236,0.4626521796426352
1666,-2.350000000000006,0.6783024096222524,5.0,0.15382933228492743,0.8321317419071799
1667,-2.325000000000006,0.6768574386963486,5.0,-0.24753475729118976,0.42932268140515883
1668,-2.300000000000006,0.6753365770190721,5.0,0.3339056948075957,1.0092422718266678
1669,-2.275000000000006,0.6737272086397581,5.0,0.028373818989657865,0.702101027629416
1670,-2.250000000000006,0.6720149909646336,5.0,0.03516798711262494,0.7071829780772585
1671,-2.2250000000000063,0.670183638201927,5.0,-0.17809928675436387,0.4920843514475631
1672,-2.2000000000000064,0.6682146822634336,5.0,-0.19728229206402084,0.4709323901994128
1673,-2.1750000000000065,0.666087211214995,5.0,0.12528544689183685,0.7913726581068319
1674,-2.1500000000000066,0.6637775866283929,5.0,0.13875405476934197,0.8025316413977349
1675,-2.1250000000000067,0.661259143042182,5.0,0.03455909910466644,0.6958182421468485
1676,-2.1000000000000068,0.6585018753911935,5.0,-0.13587776429962042,0.5226241110915731
1677,-2.075000000000007,0.6554721239640753,5.0,0.04891155612724545,0.7043836800913207
1678,-2.050000000000007,0.6521322714938186,5.0,-0.15303582195881185,0.49909644953500676
1679,-2.025000000000007,0.6484404737113564,5.0,0.1927674250246244,0.8412078987359808
1680,-2.000000000000007,0.6443504534302417,5.0,-0.32368015305737785,0.3206703003728638
1681,-1.9750000000000072,0.6398113992385707,5.0,-0.11597495154159702,0.5238364476969737
1682,-1.9500000000000075,0.634768023192819,5.0,-0.17908368882033182,0.4556843343724872
1683,-1.9250000000000076,0.6291608471202164,5.0,-0.07274225112248016,0.5564185959977362
1684,-1.9000000000000077,0.6229268029936441,5.0,0.023868398249776226,0.6467952012434204
1685,-1.8750000000000075,0.6160002467308422,5.0,-0.04313600647324119,0.572864240257601
1686,-1.850000000000008,0.6083144920341857,5.0,0.0033290736260368835,0.6116435656602226
1687,-1.825000000000008,0.5998039641458923,5.0,-0.11999232833177341,0.4798116358141189
1688,-1.8000000000000078,0.5904070421438233,5.0,-0.2195113431942127,0.3708956989496106
1689,-1.775000000000008,0.5800695895089967,5.0,0.12103578996813007,0.7011053794771267
1690,-1.750000000000008,0.5687490526065192,5.0,0.28041962671240633,0.8491686793189255
1691,-1.725000000000008,0.5564188263226154,5.0,0.020530381902497917,0.5769492082251133
1692,-1.7000000000000082,0.543072348510296,5.0,-0.03619631736651008,0.5068760311437859
1693,-1.6750000000000085,0.5287261148477597,5.0,0.19713859304751494,0.7258647078952746
1694,-1.6500000000000083,0.5134205563912669,5.0,0.11696679789608685,0.6303873542873538
1695,-1.6250000000000084,0.4972175726358631,5.0,0.13135335602577997,0.628570928661643
1696,-1.6000000000000083,0.4801935500149646,5.0,-0.022396484907448316,0.4577970651075163
1697,-1.5750000000000086,0.4624269798921384,5.0,-0.2314578995699338,0.2309690803222046
1698,-1.5500000000000087,0.4439803197286455,5.0,-0.21388791648173683,0.23009240324690866
1699,-1.5250000000000088,0.4248764435063845,5.0,0.023354769465440902,0.4482312129718254
1700,-1.5000000000000089,0.4050708060626927,5.0,0.13446702956451237,0.539537835627205
1701,-1.475000000000009,0.3844212989791087,5.0,0.2188586214122936,0.6032799203914023
1702,-1.450000000000009,0.3626589765819514,5.0,0.2818562116623559,0.6445151882443073
1703,-1.4250000000000091,0.3393651503860166,5.0,0.06577913500743596,0.4051442853934526
1704,-1.4000000000000092,0.3139652913801313,5.0,-0.008835087663206828,0.30513020371692445
1705,-1.375000000000009,0.2857600474944072,5.0,0.07946606911275342,0.36522611660716064
1706,-1.3500000000000094,0.2540306220588441,5.0,-0.20527906913706512,0.04875155292177896
1707,-1.3250000000000095,0.2182768251492902,5.0,0.04006051733356175,0.25833734248285195
1708,-1.3000000000000096,0.1786482782349625,5.0,-0.17654173295891715,0.0021065452760453407
1709,-1.2750000000000097,0.136543351870587,5.0,0.14809118138289795,0.284634533253485
1710,-1.2500000000000098,0.0950723331590686,5.0,0.06957003432015071,0.16464236747921931
1711,-1.22500000000001,0.0586796514511868,5.0,0.3107351925604364,0.3694148440116232
1712,-1.20000000000001,0.0313558002875522,5.0,0.14601070145161846,0.17736650173917065
1713,-1.17500000000001,0.0143534034216793,5.0,-0.19240699496487065,-0.17805359154319136
1714,-1.15000000000001,0.0056886697684135,5.0,-0.11801757454032155,-0.11232890477190804
1715,-1.1250000000000102,0.0019860162997586,5.0,-0.10836506302022494,-0.10637904672046634
1716,-1.1000000000000103,0.0005684488800477,5.0,-0.3244152779803896,-0.3238468291003419
1717,-1.0750000000000104,7.415762973143989e-05,5.0,-0.07302001282894112,-0.07294585519920968
1718,-1.0500000000000105,0.0,5.0,0.12293268703842439,0.12293268703842439
1719,-1.0250000000000106,0.000224513087619,5.0,0.3138278094480785,0.3140523225356975
1720,-1.0000000000000109,0.0007758627163782,5.0,0.23744021435769044,0.23821607707406864
1721,-0.9750000000000107,0.0017049902130186,5.0,0.17656546430768508,0.17827045452070367
1722,-0.9500000000000108,0.0030145238754929,5.0,-0.1351201084060521,-0.1321055845305592
1723,-0.9250000000000108,0.0047473949174179,5.0,0.2913689152614169,0.2961163101788348
1724,-0.900000000000011,0.0073688587437826,5.0,-0.050873013887571795,-0.0435041551437892
1725,-0.8750000000000111,0.0126554796972808,5.0,-0.097394212854076,-0.0847387331567952
1726,-0.8500000000000112,0.0248845056835573,5.0,0.09243817815853494,0.11732268384209224
1727,-0.8250000000000113,0.0472545792724679,5.0,0.19782347447390686,0.24507805374637476
1728,-0.8000000000000114,0.0744987422438527,5.0,-0.033057802282406464,0.04144093996144623
1729,-0.7750000000000115,0.1012896508272957,5.0,-0.028489397802924088,0.07280025302437161
1730,-0.7500000000000115,0.124751632248691,5.0,-0.05134368894332801,0.07340794330536299
1731,-0.7250000000000116,0.1407543090929041,5.0,-0.16606339805159187,-0.025309088958687775
1732,-0.7000000000000117,0.1479265841938175,5.0,0.19084913157411595,0.3387757157679334
1733,-0.6750000000000118,0.149153733230668,5.0,0.05428915037914259,0.20344288360981058
1734,-0.6500000000000119,0.1480188411621834,5.0,0.1612862925605557,0.3093051337227391
1735,-0.625000000000012,0.1465214670662606,5.0,0.01091982020746423,0.15744128727372483
1736,-0.6000000000000121,0.1453174691710302,5.0,-0.03499307422244078,0.11032439494858942
1737,-0.5750000000000122,0.1444812217513032,5.0,-0.11251382119039578,0.031967400560907425
1738,-0.5500000000000123,0.1439254659571219,5.0,-0.16697357754450953,-0.02304811158738762
1739,-0.5250000000000123,0.1435474674848521,5.0,-0.316040864395216,-0.17249339691036392
1740,-0.5000000000000124,0.1432651567984035,5.0,-0.4122673585886449,-0.26900220179024137
1741,-0.4750000000000125,0.1430197971051673,5.0,0.29370109455366644,0.43672089165883377
1742,-0.4500000000000126,0.1427707691670502,5.0,-0.04884383301192902,0.09392693615512118
1743,-0.4250000000000127,0.1424898666827899,5.0,0.10809734660331163,0.25058721328610156
1744,-0.4000000000000128,0.1421568683061496,5.0,0.015183428918188984,0.1573402972243386
1745,-0.3750000000000129,0.1417565289139465,5.0,0.19199621164381148,0.33375274055775794
1746,-0.3500000000000129,0.1412767532458838,5.0,0.08264637596592639,0.22392312921181018
1747,-0.325000000000013,0.1407077064205771,5.0,0.11059707544267983,0.2513047818632569
1748,-0.3000000000000131,0.140041647315072,5.0,-0.28713111714221473,-0.14708946982714274
1749,-0.2750000000000132,0.1392730584710332,5.0,0.04295609394326579,0.182229152414299
1750,-0.2500000000000133,0.1383976143891416,5.0,0.3233260749712476,0.4617236893603892
1751,-0.2250000000000134,0.1374055627274616,5.0,0.3629236442977515,0.5003292070252131
1752,-0.2000000000000135,0.1362592898299116,5.0,-0.2299725460191482,-0.09371325618923662
1753,-0.1750000000000136,0.1348406401219757,5.0,-0.10006896364284737,0.03477167647912832
1754,-0.1500000000000136,0.1328756131225472,5.0,0.2482617606753044,0.3811373737978516
1755,-0.1250000000000137,0.1299468763559885,5.0,-0.08036589368350756,0.04958098267248094
1756,-0.1000000000000138,0.1258596433492762,5.0,0.1197342459500146,0.24559388929929082
1757,-0.0750000000000139,0.1213831517146403,5.0,0.18725092006675403,0.30863407178139435
1758,-0.050000000000014,0.1183833846097652,5.0,0.24712061662974413,0.3655040012395093
1759,-0.0250000000000141,0.1184755271711784,5.0,0.055107675227525285,0.17358320239870367
1760,-1.4210854715202004e-14,0.1216092615322737,5.0,0.12067926476532678,0.24228852629760048
1761,0.0249999999999861,0.1260695069313884,5.0,-0.09893477077263331,0.0271347361587551
1762,0.0499999999999856,0.1291885061181068,5.0,-0.17058787675689147,-0.041399370638784655
1763,0.074999999999985,0.1278237974007964,5.0,0.11613862301356716,0.24396242041436356
1764,0.0999999999999854,0.118631468542233,5.0,0.055512098428971875,0.17414356697120487
1765,0.1249999999999857,0.0987961805608233,5.0,0.19695368995067675,0.29574987051150003
1766,0.1499999999999852,0.0687002036250782,5.0,-0.0979695696000165,-0.029269365974938302
1767,0.1749999999999847,0.0371614031317586,5.0,0.004570337942042659,0.04173174107380126
1768,0.199999999999985,0.01917088632055,5.0,0.06759307416520956,0.08676396048575956
1769,0.2249999999999854,0.0272619357838678,5.0,0.2748809938919152,0.30214292967578305
1770,0.2499999999999849,0.0421822635630578,5.0,0.05152248375684163,0.09370474731989943
1771,0.2749999999999843,0.0413818339885055,5.0,-0.04398552798028491,-0.0026036939917794127
1772,0.2999999999999847,0.1058400169552977,5.0,0.06534335132026635,0.17118336827556405
1773,0.3249999999999851,0.5275046356555003,5.0,-0.04364830448214722,0.4838563311733531
1774,0.3499999999999845,0.8773985193281463,5.0,-0.10388039967365548,0.7735181196544908
1775,0.374999999999984,0.937547715289746,5.0,0.06301046730486637,1.0005581825946124
1776,0.3999999999999843,0.9485855971139194,5.0,0.15062089038436755,1.099206487498287
1777,0.4249999999999847,0.9500429505519962,5.0,0.1177545495901402,1.0677975001421363
1778,0.4499999999999842,0.9491333966834418,5.0,-0.0020091556113413385,0.9471242410721005
1779,0.4749999999999836,0.9478101380276592,5.0,-0.10903099251210557,0.8387791455155537
1780,0.499999999999984,0.9466934815103026,5.0,-0.006193319398891718,0.940500162111411
1781,0.5249999999999844,0.9459645196512112,5.0,0.18152643192096418,1.1274909515721754
1782,0.5499999999999838,0.9456520004689734,5.0,-0.05344309721184812,0.8922089032571252
1783,0.5749999999999833,0.9457398773940676,5.0,0.37088541328331126,1.3166252906773788
1784,0.5999999999999837,0.9462004153676126,5.0,-0.055643644370232004,0.8905567709973805
1785,0.624999999999984,0.94698831868744,5.0,-0.07836116483861359,0.8686271538488265
1786,0.6499999999999835,0.9480155542406704,5.0,0.16850637457661127,1.1165219288172816
1787,0.674999999999983,0.9491268576336588,5.0,-0.05405776978425362,0.8950690878494052
1788,0.6999999999999833,0.9500972764928636,5.0,0.15560765655141115,1.1057049330442748
1789,0.7249999999999837,0.9506631523763854,5.0,-0.2081405766395356,0.7425225757368499
1790,0.7499999999999831,0.950576093284906,5.0,-0.02639006409873993,0.9241860291861661
1791,0.7749999999999826,0.9496536864351924,5.0,-0.17565554468671052,0.7739981417484819
1792,0.799999999999983,0.9478069248686812,5.0,-0.14286605678097145,0.8049408680877098
1793,0.8249999999999833,0.9450425574077068,5.0,-0.4152817141796508,0.529760843228056
1794,0.8499999999999828,0.9414475195703764,5.0,0.02068969656707582,0.9621372161374523
1795,0.8749999999999822,0.9371593330297492,5.0,-0.21220680734971456,0.7249525256800347
1796,0.8999999999999826,0.9323242448438046,5.0,-0.2749334633014536,0.657390781542351
1797,0.924999999999983,0.927051170385628,5.0,0.04721350821991503,0.974264678605543
1798,0.9499999999999824,0.9213770229753656,5.0,0.05804894622982473,0.9794259692051903
1799,0.974999999999982,0.9152578928233072,5.0,0.05923331821510776,0.974491211038415
1800,0.9999999999999822,0.9085912101122978,5.0,-0.017321003799508045,0.8912702063127897
1801,1.0249999999999826,0.9012648640523628,5.0,-0.07331187900615832,0.8279529850462045
1802,1.049999999999982,0.8932249901618443,5.0,0.06110586218236843,0.9543308523442128
1803,1.0749999999999815,0.8845516209756549,5.0,-0.3050354353889316,0.5795161855867232
1804,1.099999999999982,0.8755255500341793,5.0,-0.00619164502994173,0.8693339050042376
1805,1.1249999999999822,0.8666612239535638,5.0,-0.1877680013401058,0.6788932226134581
1806,1.1499999999999817,0.8586779255606357,5.0,0.26475491965349157,1.1234328452141273
1807,1.1749999999999812,0.8523955774998365,5.0,0.2754883354998971,1.1278839129997336
1808,1.1999999999999815,0.8485724087596943,5.0,0.19174309973329684,1.0403155084929911
1809,1.224999999999982,0.8477329905852857,5.0,0.020959724129193884,0.8686927147144796
1810,1.2499999999999811,0.8500451683928995,5.0,-0.5093301887857433,0.34071497960715613
1811,1.2749999999999808,0.8552861102841098,5.0,-0.07084094363167862,0.7844451666524312
1812,1.2999999999999812,0.8629031191696679,5.0,0.037174928078244976,0.9000780472479128
1813,1.3249999999999815,0.8721423264506011,5.0,-0.17903122495658025,0.6931111014940208
1814,1.349999999999981,0.8822003341445933,5.0,-0.2420618501751348,0.6401384839694585
1815,1.3749999999999805,0.8923544449416692,5.0,-0.051601737192635125,0.840752707749034
1816,1.3999999999999808,0.9020432613334596,5.0,-0.1827406259102296,0.7193026354232299
1817,1.4249999999999812,0.9108920457269029,5.0,-0.06404627909268934,0.8468457666342135
1818,1.4499999999999806,0.9186954383315804,5.0,-0.07084932503354614,0.8478461132980343
1819,1.47499999999998,0.9253776386336628,5.0,-0.23391055844418474,0.6914670801894781
1820,1.4999999999999805,0.9309478877642277,5.0,0.08293889403642139,1.013886781800649
1821,1.5249999999999808,0.9354621906156416,5.0,0.062426336860210575,0.9978885274758522
1822,1.5499999999999805,0.938995501120563,5.0,0.15844539103779193,1.097440892158355
1823,1.5749999999999795,0.941624310279908,5.0,-0.1128362963988836,0.8287880138810244
1824,1.59999999999998,0.9434177782668234,5.0,-0.08311657700775836,0.8603012012590651
1825,1.6249999999999805,0.9444353582703366,5.0,-0.5951503032426637,0.34928505502767293
1826,1.64999999999998,0.9447293529688244,5.0,-0.04323631413125522,0.9014930388375693
1827,1.6749999999999794,0.9443513783501036,5.0,0.19167989185002363,1.1360312702001272
1828,1.6999999999999795,0.9433618886805196,5.0,0.10109420917664089,1.0444560978571604
1829,1.72499999999998,0.9418415283046682,5.0,-0.1868260711738185,0.7550154571308496
1830,1.7499999999999796,0.9399021276659644,5.0,0.18372162280750576,1.12362375047347
1831,1.774999999999979,0.9376940213393364,5.0,0.004985749496155367,0.9426797708354918
1832,1.7999999999999794,0.9354058372106968,5.0,0.024272673293304837,0.9596785105040017
1833,1.82499999999998,0.9332539344733144,5.0,0.00015715215749708628,0.9334110866308115
1834,1.8499999999999792,0.9314616062534312,5.0,0.17769034875414724,1.1091519550075786
1835,1.874999999999979,0.9302320782621925,5.0,-0.017923248919909988,0.9123088293422824
1836,1.899999999999979,0.9297222253115492,5.0,0.2441667694642166,1.1738889947757658
1837,1.9249999999999796,0.93002404064597,5.0,-0.2149162177964686,0.7151078228495014
1838,1.9499999999999789,0.9311580942385111,5.0,0.2118334914658784,1.1429915857043895
1839,1.9749999999999783,0.9330790831649504,5.0,0.1069206725727258,1.0399997557376761
1840,1.999999999999979,0.9356901762527644,5.0,-0.3817957957819047,0.5538943804708597
1841,2.024999999999979,0.9388614040936836,5.0,0.16314660460929983,1.1020080087029833
1842,2.0499999999999785,0.9424477930825242,5.0,-0.1429541627300612,0.799493630352463
1843,2.074999999999978,0.9463044449682309,5.0,0.2356144675749655,1.1819189125431964
1844,2.0999999999999783,0.9502974017136688,5.0,-0.2984770204335513,0.6518203812801175
1845,2.1249999999999787,0.9543103484306767,5.0,0.09210075192851903,1.0464111003591958
1846,2.149999999999978,0.9582478509813956,5.0,-0.020648735315065694,0.9375991156663299
1847,2.1749999999999776,0.9620360172275008,5.0,0.00466526714190213,0.966701284369403
1848,2.199999999999978,0.9656214081217336,5.0,0.007127344703749874,0.9727487528254835
1849,2.2249999999999783,0.9689688675836754,5.0,-0.23252179608152204,0.7364470715021534
1850,2.249999999999978,0.9720587782698208,5.0,-0.19493479687929885,0.777123981390522
1851,2.2749999999999773,0.9748841157280832,5.0,-0.1117916596528808,0.8630924560752024
1852,2.2999999999999776,0.9774475669741536,5.0,0.05631941402020649,1.0337669809943602
1853,2.324999999999978,0.9797588933114688,5.0,0.11705553309580743,1.0968144264072763
1854,2.349999999999977,0.9818326453058102,5.0,0.26707053097929034,1.2489031762851006
1855,2.374999999999977,0.9836862784818948,5.0,0.12670598672302524,1.11039226520492
1856,2.3999999999999773,0.9853386721373054,5.0,0.15602886398609583,1.1413675361234012
1857,2.4249999999999776,0.9868090212649938,5.0,-0.231661717759709,0.7551473035052848
1858,2.449999999999977,0.9881160522556658,5.0,-0.004856390411772495,0.9832596618438932
1859,2.474999999999977,0.9892775047633892,5.0,-0.16472812360912392,0.8245493811542652
1860,2.499999999999977,0.9903098220159868,5.0,-0.18926673342504863,0.8010430885909382
1861,2.5249999999999773,0.9912279969938578,5.0,-0.12242117298013645,0.8688068240137213
1862,2.5499999999999767,0.9920455297566468,5.0,-0.23444562846134565,0.7575999012953012
1863,2.574999999999976,0.9927744598856136,5.0,0.03631112888617846,1.029085588771792
1864,2.599999999999977,0.9934254463159552,5.0,0.36457329315412607,1.3579987394700812
1865,2.624999999999977,0.9940078740995204,5.0,-0.26962869093454367,0.7243791831649767
1866,2.6499999999999764,0.9945299736084008,5.0,-0.1327497900930512,0.8617801835153496
1867,2.674999999999976,0.994998942362404,5.0,0.04685125305525491,1.0418501954176589
1868,2.699999999999976,0.9954210631753644,5.0,-0.14069428835155487,0.8547267748238095
1869,2.724999999999977,0.9958018148608604,5.0,-0.17731387425770498,0.8184879406031554
1870,2.749999999999976,0.9961459735195524,5.0,-0.027044704008528774,0.9691012695110236
1871,2.7749999999999755,0.9964577036317956,5.0,0.09121211156707476,1.0876698151988704
1872,2.799999999999976,0.996740638954701,5.0,0.15654267069291516,1.153283309647616
1873,2.824999999999976,0.9969979536950144,5.0,0.34509047097091816,1.3420884246659326
1874,2.849999999999976,0.9972324246916332,5.0,-0.272516969135745,0.7247154555558881
1875,2.874999999999975,0.9974464854634828,5.0,0.03492947405013444,1.0323759595136173
1876,2.8999999999999755,0.9976422730095422,5.0,0.21607539179787755,1.2137176648074197
1877,2.924999999999976,0.9978216682228912,5.0,-0.20233257689792472,0.7954890913249665
1878,2.9499999999999758,0.9979863307236084,5.0,-0.04604984996772971,0.9519364807558787
1879,2.9749999999999748,0.9981377288420068,5.0,-0.004550239584628211,0.9935874892573786
1880,2.999999999999975,0.9982771654042768,5.0,-0.11203474008403042,0.8862424253202463
1881,3.0249999999999755,0.9984057998934636,5.0,0.07022829924237715,1.0686340991358407
1882,3.049999999999975,0.9985246674834508,5.0,-0.15336363100926176,0.845161036474189
1883,3.0749999999999744,0.998634695374251,5.0,0.16836662667840868,1.1670013220526596
1884,3.0999999999999748,0.998736716794144,5.0,-0.2469267612598367,0.7518099555343073
1885,3.124999999999975,0.998831482978193,5.0,0.009996520836802365,1.0088280038149955
1886,3.1499999999999746,0.9989196733830592,5.0,0.04890199234042103,1.0478216657234802
1887,3.174999999999974,0.999001904354288,5.0,-0.04761451751952747,0.9513873868347605
1888,3.1999999999999744,0.999078736423708,5.0,0.04803636458548839,1.0471151010091964
1889,3.2249999999999748,0.9991506803805666,5.0,0.19155455061979254,1.1907052310003592
1890,3.2499999999999742,0.9992182022298836,5.0,-0.14065318235218016,0.8585650198777034
1891,3.2749999999999737,0.9992817271245958,5.0,0.14884900244571664,1.1481307295703125
1892,3.299999999999974,0.9993416423338072,5.0,0.20915596659196678,1.208497608925774
1893,3.3249999999999744,0.9993982992873498,5.0,0.25263024207167656,1.2520285413590264
1894,3.349999999999974,0.99945201471638,5.0,0.19837889627680863,1.1978309109931886
1895,3.3749999999999734,0.9995030708904544,5.0,-0.18870711290257794,0.8107959579878765
1896,3.3999999999999737,0.9995517149329802,5.0,-0.15356082876971947,0.8459908861632608
1897,3.424999999999974,0.9995981571786574,5.0,0.08223373375190314,1.0818318909305606
1898,3.449999999999973,0.9996425685180014,5.0,-0.2656325092537499,0.7340100592642514
1899,3.474999999999973,0.9996850766545904,5.0,0.02491404891223796,1.0245991255668283
1900,3.4999999999999734,0.9997257611795046,5.0,0.2910493275080613,1.290775088687566
1901,3.5249999999999737,0.999764647343352,5.0,-0.09677075279516541,0.9029938945481866
1902,3.549999999999973,0.9998016983776794,5.0,-0.0860152543848682,0.9137864439928112
1903,3.5749999999999726,0.9998368061821806,5.0,0.12112282174128718,1.1209596279234677
1904,3.599999999999973,0.9998697801485844,5.0,-0.09320877840528233,0.9066610017433021
1905,3.624999999999973,0.9999003338318192,5.0,0.03885563734896256,1.0387559711807817
1906,3.649999999999973,0.9999280690973728,5.0,-0.34653875189766403,0.6533893171997087
1907,3.674999999999972,0.9999524572615,5.0,-0.24405077080960016,0.7559016864518998
1908,3.6999999999999726,0.9999728165854268,5.0,-0.021284743166367148,0.9786880734190596
1909,3.724999999999973,0.999988285268625,5.0,0.01553352977453893,1.015521815043164
1910,3.749999999999973,0.9999977887862194,5.0,-0.05790725763262505,0.9420905311535943
1911,3.774999999999972,0.9999999999999992,5.0,-0.19451941330421363,0.8054805866957856
1912,3.799999999999972,0.9999932898982068,5.0,-0.15644003153498134,0.8435532583632255
1913,3.8249999999999726,0.9999756660256142,5.0,-0.07100529589964637,0.9289703701259678
1914,3.849999999999972,0.9999446945628792,5.0,-0.13253890943139307,0.867405785131486
1915,3.874999999999972,0.9998974004611404,5.0,-0.05360183859041384,0.9462955618707265
1916,3.899999999999972,0.9998301377940108,5.0,0.16572562418222878,1.1655557619762396
1917,3.924999999999972,0.999738419123496,5.0,0.029037010575494304,1.0287754296989904
1918,3.949999999999972,0.9996166873921124,5.0,0.023753911427451407,1.0233705988195638
1919,3.9749999999999712,0.9994580051672268,5.0,-0.021056404617966297,0.9784016005492605
1920,-4.0,0.9365672488199132,6.0,0.0300687776123479,0.9666360264322611
1921,-3.975,0.9392863323157726,6.0,0.4521391204804048,1.3914254527961774
1922,-3.95,0.942076895698767,6.0,-0.14867312697302607,0.7934037687257409
1923,-3.925,0.9449331054545276,6.0,0.1768594668846246,1.1217925723391522
1924,-3.9,0.9478482951315658,6.0,-0.014411576235590903,0.9334367188959749
1925,-3.875,0.9508149219523476,6.0,-0.1520592478500436,0.7987556741023041
1926,-3.850000000000001,0.9538245234517518,6.0,-0.0826069247385009,0.8712175987132509
1927,-3.8250000000000006,0.9568676741914864,6.0,0.14719317493704817,1.1040608491285346
1928,-3.8000000000000007,0.959933942572243,6.0,0.004405116986013597,0.9643390595582566
1929,-3.775000000000001,0.9630118477335382,6.0,0.11981832220006922,1.0828301699336074
1930,-3.750000000000001,0.9660888164938662,6.0,-0.22264478855402706,0.7434440279398392
1931,-3.725000000000001,0.9691511402407096,6.0,-0.05319071710565904,0.9159604231350505
1932,-3.700000000000001,0.9721839316306736,6.0,0.017954031808402,0.9901379634390757
1933,-3.675000000000001,0.9751710809044116,6.0,-0.22197562506600735,0.7531954558384043
1934,-3.650000000000001,0.9780952115589076,6.0,0.1681913606656601,1.1462865722245676
1935,-3.625000000000001,0.9809376350515236,6.0,0.0163339744391333,0.997271609490657
1936,-3.6000000000000014,0.9836783041365028,6.0,-0.06961082890003929,0.9140674752364635
1937,-3.575000000000001,0.9862957643570506,6.0,0.28835197475740587,1.2746477391144564
1938,-3.5500000000000016,0.9887671031371548,6.0,-0.13612024755113206,0.8526468555860227
1939,-3.5250000000000017,0.9910678958411177,6.0,-0.0588464078123159,0.9322214880288018
1940,-3.5000000000000018,0.9931721481019096,6.0,0.4306274025200864,1.423799550621996
1941,-3.475000000000002,0.9950522336715604,6.0,-0.1636763644236583,0.8313758692479021
1942,-3.450000000000002,0.9966788270322692,6.0,-0.08575110311281374,0.9109277239194554
1943,-3.425000000000002,0.9980208300465546,6.0,0.11428989735160175,1.1123107273981563
1944,-3.400000000000002,0.9990452920484678,6.0,-0.03700408089782727,0.9620412111506406
1945,-3.375000000000002,0.9997173230282586,6.0,0.10543711630907976,1.1051544393373383
1946,-3.3500000000000023,0.9999999999999984,6.0,0.026315417278099162,1.0263154172780977
1947,-3.3250000000000024,0.9998542673500072,6.0,0.005502202041740421,1.0053564693917476
1948,-3.3000000000000025,0.9992388330608596,6.0,0.03898741804828425,1.0382262511091438
1949,-3.2750000000000026,0.9981100643536304,6.0,0.0020146865682226654,1.000124750921853
1950,-3.2500000000000027,0.9964218887114228,6.0,-0.23512656828687958,0.7612953204245432
1951,-3.2250000000000028,0.994125709738134,6.0,0.10717427241856595,1.1012999821567
1952,-3.200000000000003,0.9911703522620434,6.0,-0.1452688177015955,0.8459015345604479
1953,-3.175000000000003,0.987502058019522,6.0,-0.1721555667974213,0.8153464912221007
1954,-3.150000000000003,0.98306456277477,6.0,-0.4468128077992783,0.5362517549754917
1955,-3.125000000000003,0.9777992985699228,6.0,-0.05983887790711951,0.9179604206628033
1956,-3.100000000000003,0.971645781707495,6.0,0.007176111855796832,0.9788218935632919
1957,-3.0750000000000037,0.9645422686510716,6.0,-0.24514876998857382,0.7193934986624978
1958,-3.050000000000004,0.956426788417675,6.0,0.05977401192788338,1.0162008003455585
1959,-3.0250000000000035,0.9472386902718524,6.0,-0.10968967698552534,0.837549013286327
1960,-3.000000000000004,0.9369208766071512,6.0,-0.20023230507772585,0.7366885715294254
1961,-2.975000000000004,0.9254229163207316,6.0,0.010650416314913366,0.936073332635645
1962,-2.950000000000004,0.912705241940776,6.0,0.34714164987387564,1.2598468918146515
1963,-2.925000000000004,0.8987446052900977,6.0,-0.38164460306459047,0.5171000022255072
1964,-2.900000000000004,0.8835408746600377,6.0,-0.12919674572317416,0.7543441289368635
1965,-2.875000000000004,0.8671250688283729,6.0,-0.11305529554030921,0.7540697732880637
1966,-2.850000000000004,0.8495682103288498,6.0,-0.19875050368063224,0.6508177066482175
1967,-2.825000000000004,0.8309901340350326,6.0,-0.4191371116234303,0.4118530224116023
1968,-2.8000000000000043,0.8115668490957884,6.0,0.04950881847927509,0.8610756675750635
1969,-2.7750000000000044,0.7915345456626087,6.0,-0.005904307833158689,0.7856302378294501
1970,-2.7500000000000044,0.7711880808741878,6.0,-0.10245349060716884,0.668734590267019
1971,-2.7250000000000045,0.7508720476841327,6.0,0.49297195569351154,1.2438440033776443
1972,-2.7000000000000046,0.7309635463874653,6.0,-0.057971486976661435,0.6729920594108039
1973,-2.6750000000000047,0.7118475340045187,6.0,-0.10864001827371729,0.6032075157308014
1974,-2.650000000000005,0.6938877406655631,6.0,0.06189208644830641,0.7557798271138696
1975,-2.625000000000005,0.6773978888670373,6.0,-0.3138687052879104,0.36352918357912695
1976,-2.600000000000005,0.6626185361035978,6.0,-0.11720214064796669,0.545416395455631
1977,-2.575000000000005,0.6497038490674403,6.0,0.0595813563370666,0.7092852054045069
1978,-2.550000000000005,0.6387202475452656,6.0,-0.4176560075374822,0.22106424000778335
1979,-2.525000000000005,0.6296559940822325,6.0,-0.06437613665550812,0.5652798574267244
1980,-2.5000000000000053,0.6224385243727023,6.0,-0.11392111611116283,0.5085174082615395
1981,-2.4750000000000054,0.6169553531858093,6.0,0.18472647488685764,0.801681828072667
1982,-2.450000000000005,0.6130748205302329,6.0,-0.014165959645053273,0.5989088608851796
1983,-2.4250000000000056,0.6106642014435664,6.0,-0.22319309094968576,0.3874711104938806
1984,-2.4000000000000057,0.6096039624561845,6.0,0.008154528461944286,0.6177584909181288
1985,-2.3750000000000058,0.6097975737935443,6.0,-0.27778208903814744,0.33201548475539683
1986,-2.350000000000006,0.6111761335265165,6.0,0.18136457532768338,0.7925407088541998
1987,-2.325000000000006,0.6136964647174911,6.0,-0.04609685945677842,0.5675996052607126
1988,-2.300000000000006,0.6173308728453263,6.0,-0.024881912191430485,0.5924489606538959
1989,-2.275000000000006,0.6220468858344514,6.0,0.08452666806917247,0.706573553903624
1990,-2.250000000000006,0.6277762864672705,6.0,0.16236469233546283,0.7901409788027333
1991,-2.2250000000000063,0.6343745941497813,6.0,0.33191708298013367,0.9662916771299149
1992,-2.2000000000000064,0.6415746951385372,6.0,0.186122858474282,0.8276975536128192
1993,-2.1750000000000065,0.6489411729528657,6.0,-0.22031288894122325,0.42862828401164244
1994,-2.1500000000000066,0.6558342329125233,6.0,-0.266854370735647,0.3889798621768763
1995,-2.1250000000000067,0.6613924941898426,6.0,-0.06579196018869983,0.5956005340011428
1996,-2.1000000000000068,0.6645405160529952,6.0,-0.0775985071587501,0.5869420088942452
1997,-2.075000000000007,0.6640186076150774,6.0,-0.1385651869803794,0.5254534206346979
1998,-2.050000000000007,0.658420376611278,6.0,-0.23135117083206622,0.4270692057792117
1999,-2.025000000000007,0.6462118891578768,6.0,0.21323670948908735,0.8594485986469641
2000,-2.000000000000007,0.6257021146303374,6.0,0.12298822843562252,0.7486903430659599
2001,-1.9750000000000072,0.594946757168904,6.0,0.018049044458800307,0.6129958016277043
2002,-1.9500000000000075,0.5516141672419003,6.0,-0.01838478987254219,0.533229377369358
2003,-1.9250000000000076,0.4929692938112804,6.0,0.30405371520627494,0.7970230090175554
2004,-1.9000000000000077,0.4164455622142792,6.0,0.29284778167496245,0.7092933438892417
2005,-1.8750000000000075,0.3218512016750117,6.0,-0.16883421598591902,0.15301698568909267
2006,-1.850000000000008,0.2162920529031561,6.0,0.17019154996410185,0.3864836028672579
2007,-1.825000000000008,0.1186364054226302,6.0,-0.13406534871215092,-0.015428943289520727
2008,-1.8000000000000078,0.0511449970212527,6.0,-0.23697925042955167,-0.18583425340829898
2009,-1.775000000000008,0.0183424640498841,6.0,-0.011880814798259236,0.006461649251624863
2010,-1.750000000000008,0.006388135912882,6.0,-0.05572052134786614,-0.04933238543498414
2011,-1.725000000000008,0.0024322658080552,6.0,0.06202571932158692,0.06445798512964211
2012,-1.7000000000000082,0.0009917611043399,6.0,-0.1164697479857249,-0.115477986881385
2013,-1.6750000000000085,0.0003685263581453,6.0,0.006632700821352635,0.007001227179497935
2014,-1.6500000000000083,7.504338434230498e-05,6.0,0.07955102007408132,0.07962606345842363
2015,-1.6250000000000084,0.0,6.0,0.07846493049023748,0.07846493049023748
2016,-1.6000000000000083,0.0002430834685145,6.0,-0.05780853084752072,-0.057565447379006214
2017,-1.5750000000000086,0.0012456849440003,6.0,-0.13505229428178395,-0.13380660933778366
2018,-1.5500000000000087,0.004548275746146,6.0,-3.2986205094580126e-05,0.00451528954105142
2019,-1.5250000000000088,0.0158957678730601,6.0,0.13713055729240498,0.15302632516546508
2020,-1.5000000000000089,0.0514821100675558,6.0,0.3237487370684815,0.3752308471360373
2021,-1.475000000000009,0.1245511762935729,6.0,0.13716527903568404,0.2617164553292569
2022,-1.450000000000009,0.2066092039698762,6.0,0.0235073287054073,0.2301165326752835
2023,-1.4250000000000091,0.2590263697326198,6.0,0.19857709208313687,0.4576034618157566
2024,-1.4000000000000092,0.2767602412805922,6.0,0.08386639981610888,0.36062664109670106
2025,-1.375000000000009,0.2737704373444586,6.0,-0.28600241626322637,-0.01223197891876776
2026,-1.3500000000000094,0.2657505090068501,6.0,0.26956871400549565,0.5353192230123458
2027,-1.3250000000000095,0.2651763768365687,6.0,-0.528555495113549,-0.26337911827698035
2028,-1.3000000000000096,0.2809541305667748,6.0,0.06737146696000904,0.3483255975267838
2029,-1.2750000000000097,0.3180788876451191,6.0,-0.17440631125302739,0.14367257639209172
2030,-1.2500000000000098,0.3721806440704326,6.0,0.05307640381367622,0.42525704788410884
2031,-1.22500000000001,0.4279788672341861,6.0,-0.07890711729819848,0.3490717499359876
2032,-1.20000000000001,0.4756242165320673,6.0,0.01610526474821555,0.4917294812802829
2033,-1.17500000000001,0.5162025110585478,6.0,-0.19311005853765592,0.3230924525208918
2034,-1.15000000000001,0.5506217642600993,6.0,0.05377086498489306,0.6043926292449924
2035,-1.1250000000000102,0.5775316111056904,6.0,0.2623032819185495,0.8398348930242399
2036,-1.1000000000000103,0.5966421025513671,6.0,-0.21140995717585537,0.3852321453755117
2037,-1.0750000000000104,0.6092374099024994,6.0,0.14885165488640384,0.7580890647889033
2038,-1.0500000000000105,0.6170589663676262,6.0,-0.038839331718306405,0.5782196346493198
2039,-1.0250000000000106,0.6215975393462967,6.0,-0.12385186001262416,0.49774567933367253
2040,-1.0000000000000109,0.6239575350728979,6.0,-0.171447743449878,0.45250979162301985
2041,-0.9750000000000107,0.6249298470918083,6.0,-0.20089836123059546,0.42403148586121286
2042,-0.9500000000000108,0.6250755511879676,6.0,-0.1824900395721986,0.4425855116157691
2043,-0.9250000000000108,0.6247763094196958,6.0,0.09749050047395452,0.7222668098936502
2044,-0.900000000000011,0.6242620296177962,6.0,-0.029435678190856986,0.5948263514269392
2045,-0.8750000000000111,0.6236371645277861,6.0,0.13513947996123157,0.7587766444890176
2046,-0.8500000000000112,0.6229249186783943,6.0,0.09230175454707802,0.7152266732254723
2047,-0.8250000000000113,0.6221399442214088,6.0,-0.09926162248192304,0.5228783217394858
2048,-0.8000000000000114,0.6213809350142815,6.0,0.06009630557582404,0.6814772405901055
2049,-0.7750000000000115,0.6208962252646422,6.0,0.08938622486039141,0.7102824501250335
2050,-0.7500000000000115,0.6210106326515836,6.0,-0.15964472665892387,0.46136590599265975
2051,-0.7250000000000116,0.6217241324931254,6.0,-0.04676458951456854,0.5749595429785569
2052,-0.7000000000000117,0.6217886560584125,6.0,-0.08212773116253545,0.539660924895877
2053,-0.6750000000000118,0.6173816064028897,6.0,0.1576789899022016,0.7750605963050914
2054,-0.6500000000000119,0.6015230021649381,6.0,-0.06252927088231103,0.5389937312826272
2055,-0.625000000000012,0.5671573416783633,6.0,0.14297519591805904,0.7101325375964224
2056,-0.6000000000000121,0.516934162605982,6.0,0.07978954518192295,0.596723707787905
2057,-0.5750000000000122,0.4734906002975706,6.0,-0.31391646947769636,0.15957413081987426
2058,-0.5500000000000123,0.4715689594032665,6.0,0.10453514925095508,0.5761041086542216
2059,-0.5250000000000123,0.529724481838996,6.0,-0.25708173873225,0.272642743106746
2060,-0.5000000000000124,0.6064756680119434,6.0,-0.12140196295769091,0.4850737050542525
2061,-0.4750000000000125,0.6389522653958823,6.0,0.08648271300426884,0.7254349784001511
2062,-0.4500000000000126,0.627311655860258,6.0,-0.07386606122016574,0.5534455946400924
2063,-0.4250000000000127,0.5899294167396755,6.0,0.001651905857283392,0.5915813225969588
2064,-0.4000000000000128,0.5425573269296784,6.0,-0.17579568151514535,0.36676164541453304
2065,-0.3750000000000129,0.4998342625058235,6.0,0.11570165235942462,0.6155359148652482
2066,-0.3500000000000129,0.4673903301561094,6.0,-0.0842215762686857,0.3831687538874237
2067,-0.325000000000013,0.4438674703271716,6.0,-0.093423179729492,0.3504442905976796
2068,-0.3000000000000131,0.4264561636908079,6.0,-0.3284450912041016,0.09801107248670632
2069,-0.2750000000000132,0.4128306615751178,6.0,0.061232204669858986,0.47406286624497673
2070,-0.2500000000000133,0.4013453940061306,6.0,-0.04041544823555971,0.3609299457705709
2071,-0.2250000000000134,0.3911908295961794,6.0,-0.26964211999662774,0.12154870959955166
2072,-0.2000000000000135,0.3829059790966065,6.0,0.19421448991543808,0.5771204690120446
2073,-0.1750000000000136,0.378437557853078,6.0,-0.02409049744241814,0.35434706041065983
2074,-0.1500000000000136,0.3788350463189938,6.0,-0.010165833078454744,0.36866921324053903
2075,-0.1250000000000137,0.3810695476235268,6.0,-0.04856539441042665,0.3325041532131001
2076,-0.1000000000000138,0.3796901324344461,6.0,-0.1991032911622297,0.18058684127221641
2077,-0.0750000000000139,0.3735296250433499,6.0,-0.10642593404096336,0.26710369100238657
2078,-0.050000000000014,0.3697944913361058,6.0,0.19409478678421827,0.5638892781203241
2079,-0.0250000000000141,0.3770184121832189,6.0,0.12543704542496553,0.5024554576081844
2080,-1.4210854715202004e-14,0.3930588092130476,6.0,0.2990945152676489,0.6921533244806966
2081,0.0249999999999861,0.4084284597917693,6.0,0.37911891142411175,0.787547371215881
2082,0.0499999999999856,0.4171317249677942,6.0,0.3004582891949929,0.7175900141627871
2083,0.074999999999985,0.4179872251885269,6.0,0.09260511481346594,0.5105923400019928
2084,0.0999999999999854,0.4120383117055319,6.0,0.3941944829255622,0.8062327946310941
2085,0.1249999999999857,0.4010756465099118,6.0,-0.41235015956921467,-0.011274513059302882
2086,0.1499999999999852,0.3870360533405311,6.0,0.09742828874808872,0.4844643420886198
2087,0.1749999999999847,0.3717390472462282,6.0,-0.14263528177892945,0.22910376546729874
2088,0.199999999999985,0.3567201803898035,6.0,-0.36001911742628767,-0.003298937036484151
2089,0.2249999999999854,0.3430964583644536,6.0,0.4283975417034216,0.7714940000678752
2090,0.2499999999999849,0.3315086268150025,6.0,0.13866500914105892,0.47017363595606143
2091,0.2749999999999843,0.3221707033857389,6.0,0.0009348815903928404,0.32310558497613173
2092,0.2999999999999847,0.314991356660292,6.0,-0.15086071185103142,0.16413064480926057
2093,0.3249999999999851,0.3097070433334398,6.0,-0.19384197480129955,0.11586506853214024
2094,0.3499999999999845,0.3059873499719424,6.0,0.07770720789091391,0.3836945578628563
2095,0.374999999999984,0.3035019443380009,6.0,-0.004199132590995174,0.2993028117470057
2096,0.3999999999999843,0.3019553373133043,6.0,0.12355432269532995,0.42550966000863427
2097,0.4249999999999847,0.3011002277620549,6.0,-0.004469015314528237,0.29663121244752666
2098,0.4499999999999842,0.3007387131856281,6.0,0.03273901838698013,0.33347773157260824
2099,0.4749999999999836,0.3007176384794682,6.0,-0.04180291666465235,0.25891472181481584
2100,0.499999999999984,0.3009217580602029,6.0,0.09245377331685593,0.39337553137705883
2101,0.5249999999999844,0.3012666339215086,6.0,-0.30228775380315537,-0.0010211198816467704
2102,0.5499999999999838,0.3016921538280289,6.0,-0.10433873470006974,0.19735341912795915
2103,0.5749999999999833,0.3021569922126876,6.0,0.09090417019087185,0.3930611624035595
2104,0.5999999999999837,0.3026340567895391,6.0,-0.03583846321541473,0.26679559357412436
2105,0.624999999999984,0.3031068388181465,6.0,-0.10961142044874478,0.1934954183694017
2106,0.6499999999999835,0.3035665395137971,6.0,-0.18789255878701172,0.11567398072678536
2107,0.674999999999983,0.3040098383320254,6.0,-0.2100543331140197,0.09395550521800569
2108,0.6999999999999833,0.304437179391905,6.0,0.13802342262927095,0.442460602021176
2109,0.7249999999999837,0.3048514693717359,6.0,0.22583968986062353,0.5306911592323594
2110,0.7499999999999831,0.3052570985522832,6.0,0.011283968759235145,0.3165410673115184
2111,0.7749999999999826,0.3056592138349268,6.0,0.10137607216348245,0.4070352859984092
2112,0.799999999999983,0.3060631874823635,6.0,0.13405085411139206,0.44011404159375556
2113,0.8249999999999833,0.3064742377049694,6.0,-0.24966577535296888,0.056808462352000516
2114,0.8499999999999828,0.3068971671147078,6.0,0.1808135890730208,0.48771075618772863
2115,0.8749999999999822,0.3073361927538633,6.0,-0.1977688123230818,0.10956738043078151
2116,0.8999999999999826,0.3077948472298702,6.0,0.3003753839006681,0.6081702311305384
2117,0.924999999999983,0.3082759348245616,6.0,-0.04856805008438725,0.25970788474017437
2118,0.9499999999999824,0.3087815296516707,6.0,0.10550923627891812,0.41429076593058883
2119,0.974999999999982,0.309313005321066,6.0,-0.03364651500109525,0.2756664903199707
2120,0.9999999999999822,0.3098710873855715,6.0,0.08687534168184415,0.39674642906741564
2121,1.0249999999999826,0.3104559212892029,6.0,0.22179703058762845,0.5322529518768313
2122,1.049999999999982,0.3110671497404075,6.0,0.04530142782545227,0.35636857756585977
2123,1.0749999999999815,0.3117039944877383,6.0,0.07575734909167747,0.38746134357941575
2124,1.099999999999982,0.3123653384276517,6.0,0.14463650665078692,0.4570018450784386
2125,1.1249999999999822,0.3130498048465561,6.0,-0.1935037035502817,0.11954610129627438
2126,1.1499999999999817,0.313755831396441,6.0,-0.14734492859511672,0.16641090280132426
2127,1.1749999999999812,0.3144817371209183,6.0,0.024644624620580355,0.3391263617414987
2128,1.1999999999999815,0.3152257814789247,6.0,0.2744407278353217,0.5896665093142464
2129,1.224999999999982,0.3159862148504377,6.0,-0.2885798435797325,0.02740637127070522
2130,1.2499999999999811,0.3167613204496923,6.0,0.09162045468635772,0.40838177513605
2131,1.2749999999999808,0.3175494479178726,6.0,-0.016424053809878235,0.3011253941079944
2132,1.2999999999999812,0.3183490391245969,6.0,-0.11390927863375926,0.20443976049083762
2133,1.3249999999999815,0.3191586468843536,6.0,0.033989805538916694,0.35314845242327025
2134,1.349999999999981,0.3199769474010882,6.0,-0.05123183531687414,0.26874511208421403
2135,1.3749999999999805,0.3208027473032863,6.0,0.15497408076730815,0.4757768280705944
2136,1.3999999999999808,0.3216349861349828,6.0,0.3560137738508799,0.6776487599858627
2137,1.4249999999999812,0.322472735136499,6.0,0.08789335811836403,0.410366093254863
2138,1.4499999999999806,0.3233151930924747,6.0,0.03337855135606407,0.35669374444853874
2139,1.47499999999998,0.3241616799525817,6.0,-0.040681053781114744,0.28348062617146697
2140,1.4999999999999805,0.3250116288494242,6.0,-0.014961655188398228,0.310049973661026
2141,1.5249999999999808,0.325864577054043,6.0,-0.17825336768697223,0.14761120936707076
2142,1.5499999999999805,0.3267201563264871,6.0,0.1886076979955274,0.5153278543220146
2143,1.5749999999999795,0.3275780830399917,6.0,-0.36929887119692306,-0.041720788156931365
2144,1.59999999999998,0.3284381483844787,6.0,0.03419844526656569,0.3626365936510444
2145,1.6249999999999805,0.3293002088893916,6.0,-0.1670083449500486,0.162291863939343
2146,1.64999999999998,0.3301641774479111,6.0,0.23142453020238096,0.5615887076502921
2147,1.6749999999999794,0.3310300149743612,6.0,0.14361571356511132,0.4746457285394725
2148,1.6999999999999795,0.3318977227837682,6.0,0.16683114862844717,0.4987288714122154
2149,1.72499999999998,0.332767335746685,6.0,0.0898461345983918,0.4226134703450768
2150,1.7499999999999796,0.3336389162428124,6.0,0.0464410790319934,0.3800799952748058
2151,1.774999999999979,0.3345125489129913,6.0,-0.10929077648029105,0.22522177243270025
2152,1.7999999999999794,0.3353883361901537,6.0,0.3749834086820712,0.7103717448722249
2153,1.82499999999998,0.3362663945750539,6.0,-0.13108587207369093,0.20518052250136298
2154,1.8499999999999792,0.3371468516115481,6.0,0.2268741791649135,0.5640210307764616
2155,1.874999999999979,0.3380298435081643,6.0,0.11306977689222582,0.4510996204003901
2156,1.899999999999979,0.3389155133473479,6.0,-0.23197526844252678,0.1069402449048211
2157,1.9249999999999796,0.3398040098205027,6.0,0.09923144379417331,0.439035453614676
2158,1.9499999999999789,0.3406954864254987,6.0,-0.252101778854416,0.0885937075710827
2159,1.9749999999999783,0.3415901010633311,6.0,0.29038109702580767,0.6319711980891387
2160,1.999999999999979,0.3424880159717908,6.0,-0.08712660353124037,0.25536141244055044
2161,2.024999999999979,0.3433893979361266,6.0,0.01304847662347574,0.35643787455960235
2162,2.0499999999999785,0.3442944187195803,6.0,0.26194536502361176,0.6062397837431921
2163,2.074999999999978,0.3452032556600895,6.0,0.016918146883224457,0.362121402543314
2164,2.0999999999999783,0.3461160923833898,6.0,0.007124486304421178,0.353240578687811
2165,2.1249999999999787,0.347033119586883,6.0,0.21593586814039162,0.5629689877272746
2166,2.149999999999978,0.3479545358530804,6.0,0.08585873583398768,0.43381327168706807
2167,2.1749999999999776,0.3488805484558925,6.0,-0.008001183499535436,0.34087936495635707
2168,2.199999999999978,0.3498113741275951,6.0,0.13360227135572503,0.4834136454833201
2169,2.2249999999999783,0.3507472397587719,6.0,-0.11391059805081237,0.23683664170795954
2170,2.249999999999978,0.3516883830079278,6.0,0.17910155309262,0.5307899361005478
2171,2.2749999999999773,0.3526350528017073,6.0,0.08811589318236121,0.4407509459840685
2172,2.2999999999999776,0.3535875097106747,6.0,-0.11455597838004299,0.2390315313306317
2173,2.324999999999978,0.3545460261894425,6.0,0.00454297298211532,0.3590889991715578
2174,2.349999999999977,0.3555108866734662,6.0,-0.27752464344597116,0.07798624322749503
2175,2.374999999999977,0.3564823875280891,6.0,0.23696831684314773,0.5934507043712368
2176,2.3999999999999773,0.357460836848388,6.0,-0.19877709848752487,0.1586837383608631
2177,2.4249999999999776,0.3584465541110231,6.0,-0.018398850720201015,0.3400477033908221
2178,2.449999999999977,0.3594398696816431,6.0,0.20399016385750438,0.5634300335391474
2179,2.474999999999977,0.3604411241834058,6.0,0.13519777580940784,0.49563889999281363
2180,2.499999999999977,0.3614506677339305,6.0,-0.02411693667749102,0.33733373105643943
2181,2.5249999999999773,0.3624688590593787,6.0,-0.06478790104062572,0.297680958018753
2182,2.5499999999999767,0.3634960644955431,6.0,0.11701007467908306,0.48050613917462615
2183,2.574999999999976,0.3645326568866601,6.0,-0.07916162973033124,0.28537102715632884
2184,2.599999999999977,0.3655790143933177,6.0,0.1563618635788497,0.5219408779721674
2185,2.624999999999977,0.366635519221194,6.0,0.13885017401772193,0.5054856932389159
2186,2.6499999999999764,0.3677025562825821,6.0,-0.16878960660093095,0.19891294968165113
2187,2.674999999999976,0.3687805118026433,6.0,0.06564906005090514,0.43442957185354847
2188,2.699999999999976,0.3698697718821936,6.0,0.12469466665797559,0.4945644385401692
2189,2.724999999999977,0.3709707210285188,6.0,-0.008701664181527995,0.3622690568469908
2190,2.749999999999976,0.3720837406653378,6.0,-0.06715310073200612,0.3049306399333317
2191,2.7749999999999755,0.3732092076325137,6.0,0.0833130917048889,0.4565222993374026
2192,2.799999999999976,0.3743474926855515,6.0,-0.3928475173330535,-0.018500024647502
2193,2.824999999999976,0.3754989590043037,6.0,-0.0026504268765943327,0.37284853212770935
2194,2.849999999999976,0.3766639607196245,6.0,0.2165466417871368,0.5932106025067613
2195,2.874999999999975,0.3778428414660655,6.0,0.13226522883858158,0.5101080703046471
2196,2.8999999999999755,0.3790359329679707,6.0,0.11759103618060057,0.4966269691485713
2197,2.924999999999976,0.3802435536656774,6.0,-0.1390739038450566,0.2411696498206208
2198,2.9499999999999758,0.3814660073878427,6.0,0.02271235672613259,0.4041783641139753
2199,2.9749999999999748,0.3827035820752574,6.0,0.00558995574993999,0.3882935378251974
2200,2.999999999999975,0.3839565485608917,6.0,0.1395938110913161,0.5235503596522078
2201,3.0249999999999755,0.3852251594103282,6.0,-0.09018280448308422,0.29504235492724395
2202,3.049999999999975,0.386509647826174,6.0,0.2191213341395288,0.6056309819657028
2203,3.0749999999999744,0.3878102266195419,6.0,-0.031404363686516286,0.3564058629330256
2204,3.0999999999999748,0.3891270872511915,6.0,-0.07088400096060944,0.31824308629058207
2205,3.124999999999975,0.3904603989445188,6.0,-0.030111432278196053,0.3603489666663227
2206,3.1499999999999746,0.3918103078721497,6.0,0.1163871574221235,0.5081974652942732
2207,3.174999999999974,0.3931769364175557,6.0,0.12395264712008312,0.5171295835376388
2208,3.1999999999999744,0.3945603825127819,6.0,-0.09684729003015792,0.297713092482624
2209,3.2249999999999748,0.395960719053075,6.0,-0.262034193269759,0.13392652578331599
2210,3.2499999999999742,0.3973779933889497,6.0,0.06403409539816558,0.46141208878711526
2211,3.2749999999999737,0.3988122268959841,6.0,0.01625224941890201,0.41506447631488613
2212,3.299999999999974,0.4002634146224279,6.0,0.24846954121050824,0.6487329558329362
2213,3.3249999999999744,0.401731525014509,6.0,-0.026047716435789358,0.37568380857871964
2214,3.349999999999974,0.4032164997191486,6.0,0.1521395820915097,0.5553560818106583
2215,3.3749999999999734,0.4047182534636304,6.0,0.1802248594823898,0.5849431129460202
2216,3.3999999999999737,0.4062366740116114,6.0,-0.23483366761179264,0.17140300639981876
2217,3.424999999999974,0.4077716221947084,6.0,0.1887837705998969,0.5965553927946053
2218,3.449999999999973,0.4093229320187782,6.0,0.19167833685594565,0.6010012688747238
2219,3.474999999999973,0.410890410843813,6.0,0.07037095026940708,0.4812613611132201
2220,3.4999999999999734,0.4124738396363099,6.0,0.1202430006297344,0.5327168402660443
2221,3.5249999999999737,0.4140729732927447,6.0,0.020870635741581135,0.43494360903432583
2222,3.549999999999973,0.4156875410327085,6.0,0.177509355357249,0.5931968963899574
2223,3.5749999999999726,0.4173172468600767,6.0,0.06886078167823091,0.4861780285383076
2224,3.599999999999973,0.4189617700904385,6.0,0.03460125952978266,0.45356302962022116
2225,3.624999999999973,0.4206207659428694,6.0,-0.3611033656134649,0.0595174003294045
2226,3.649999999999973,0.4222938661939528,6.0,-0.26854341893611805,0.15375044725783477
2227,3.674999999999972,0.4239806798918124,6.0,0.042555668208134084,0.4665363480999465
2228,3.6999999999999726,0.4256807941277356,6.0,0.017461618283393158,0.4431424124111287
2229,3.724999999999973,0.4273937748628209,6.0,0.015763251874582943,0.4431570267374038
2230,3.749999999999973,0.4291191678068886,6.0,-0.1812501816040044,0.24786898620288417
2231,3.774999999999972,0.4308564993467683,6.0,-0.4939947461221554,-0.0631382467753871
2232,3.799999999999972,0.4326052775208635,6.0,0.014285468094217888,0.44689074561508135
2233,3.8249999999999726,0.4343649930367835,6.0,0.016083516896576954,0.45044850993336044
2234,3.849999999999972,0.4361351203286551,6.0,-0.05680953487660325,0.37932558545205186
2235,3.874999999999972,0.437915118650576,6.0,0.16139267593963313,0.5993077945902091
2236,3.899999999999972,0.4397044332025659,6.0,0.12159439603821466,0.5612988292407806
2237,3.924999999999972,0.44150249628522,6.0,-0.03711984484350297,0.40438265144171703
2238,3.949999999999972,0.4433087284791795,6.0,0.21396174188050293,0.6572704703596824
2239,3.9749999999999712,0.4451225398454314,6.0,-0.003656655285515815,0.44146588455991553
2240,-4.0,0.821148242991995,7.0,-0.12699327886481535,0.6941549641271796
2241,-3.975,0.8210744485560064,7.0,0.1440831963774045,0.9651576449334109
2242,-3.95,0.820997200662301,7.0,0.12221781350787643,0.9432150141701774
2243,-3.925,0.8209164910119874,7.0,0.21962971410858131,1.0405462051205687
2244,-3.9,0.8208323154904761,7.0,-0.16755060987459144,0.6532817056158846
2245,-3.875,0.8207446746780146,7.0,0.14665094946009719,0.9673956241381118
2246,-3.850000000000001,0.8206535743994775,7.0,0.3263780836921919,1.1470316580916693
2247,-3.8250000000000006,0.8205590263155502,7.0,0.10725875497411468,0.9278177812896649
2248,-3.8000000000000007,0.8204610485574957,7.0,0.01908267085020901,0.8395437194077047
2249,-3.775000000000001,0.8203596664077466,7.0,0.10547483162492338,0.92583449803267
2250,-3.750000000000001,0.8202549130286192,7.0,0.23358760789022276,1.053842520918842
2251,-3.725000000000001,0.8201468302414744,7.0,0.21661780520545154,1.036764635446926
2252,-3.700000000000001,0.8200354693587155,7.0,-0.23430377311891862,0.5857316962397969
2253,-3.675000000000001,0.8199208920710245,7.0,0.27212195221125296,1.0920428442822774
2254,-3.650000000000001,0.8198031713922883,7.0,0.06686829373997127,0.8866714651322596
2255,-3.625000000000001,0.8196823926646937,7.0,-0.05629696115174803,0.7633854315129457
2256,-3.6000000000000014,0.8195586546264908,7.0,0.08750822237392615,0.907066877000417
2257,-3.575000000000001,0.8194320705449801,7.0,0.06433109814367663,0.8837631686886568
2258,-3.5500000000000016,0.8193027694172714,7.0,-0.3662362306810312,0.4530665387362402
2259,-3.5250000000000017,0.819170897241445,7.0,0.11702615115067092,0.9361970483921159
2260,-3.5000000000000018,0.8190366183607698,7.0,0.033732891981729504,0.8527695103424993
2261,-3.475000000000002,0.8189001168836899,7.0,-0.028667421966725868,0.790232694916964
2262,-3.450000000000002,0.8187615981824063,7.0,0.2629432150494024,1.0817048132318088
2263,-3.425000000000002,0.8186212904729441,7.0,0.1107271814112605,0.9293484718842046
2264,-3.400000000000002,0.8184794464797798,7.0,-0.13790377532723164,0.6805756711525481
2265,-3.375000000000002,0.8183363451882633,7.0,-0.26683727878964586,0.5514990663986175
2266,-3.3500000000000023,0.8181922936883177,7.0,-0.17734935882602168,0.640842934862296
2267,-3.3250000000000024,0.8180476291132041,7.0,-0.09502285765144884,0.7230247714617553
2268,-3.3000000000000025,0.8179027206775061,7.0,-0.12005657621290755,0.6978461444645986
2269,-3.2750000000000026,0.8177579718189684,7.0,-0.4160607505866961,0.40169722123227225
2270,-3.2500000000000027,0.8176138224493849,7.0,-0.09966815706268027,0.7179456653867046
2271,-3.2250000000000028,0.8174707513203843,7.0,0.06586846435292316,0.8833392156733074
2272,-3.200000000000003,0.8173292785107956,7.0,-0.006925218132790221,0.8104040603780054
2273,-3.175000000000003,0.8171899680431355,7.0,0.07608187630838263,0.8932718443515181
2274,-3.150000000000003,0.8170534306378266,7.0,0.25662177693768257,1.0736752075755092
2275,-3.125000000000003,0.8169203266148586,7.0,0.030110157907467835,0.8470304845223264
2276,-3.100000000000003,0.8167913689538204,7.0,-0.0809006570467525,0.7358907119070679
2277,-3.0750000000000037,0.8166673265244422,7.0,0.14228982882015556,0.9589571553445977
2278,-3.050000000000004,0.8165490275009616,7.0,0.03436196249374972,0.8509109899947113
2279,-3.0250000000000035,0.8164373629746303,7.0,0.02618223626685558,0.8426195992414859
2280,-3.000000000000004,0.8163332907793281,7.0,0.23683185665102013,1.0531651474303483
2281,-2.975000000000004,0.8162378395453709,7.0,-0.19049431663815958,0.6257435229072112
2282,-2.950000000000004,0.8161521129958207,7.0,-0.0020461896461896564,0.814105923349631
2283,-2.925000000000004,0.8160772944975565,7.0,-0.2546627880085052,0.5614145064890512
2284,-2.900000000000004,0.8160146518754745,7.0,-0.11239950562461573,0.7036151462508587
2285,-2.875000000000004,0.8159655424917641,7.0,-0.18301500618592817,0.632950536305836
2286,-2.850000000000004,0.8159314185823289,7.0,-0.11769332511222441,0.6982380934701045
2287,-2.825000000000004,0.8159138328279167,7.0,-0.13474674429741546,0.6811670885305012
2288,-2.8000000000000043,0.8159144441169646,7.0,0.03833766044329819,0.8542521045602628
2289,-2.7750000000000044,0.8159350234287226,7.0,-0.08341237484848285,0.7325226485802397
2290,-2.7500000000000044,0.8159774597266212,7.0,0.13633996784262364,0.9523174275692448
2291,-2.7250000000000045,0.8160437657004884,7.0,-0.1294170736005789,0.6866266920999096
2292,-2.7000000000000046,0.8161360831286892,7.0,-0.04386195925308684,0.7722741238756023
2293,-2.6750000000000047,0.8162566875438884,7.0,-0.281311712061731,0.5349449754821574
2294,-2.650000000000005,0.8164079917742686,7.0,0.042137930162091795,0.8585459219363604
2295,-2.625000000000005,0.8165925477907635,7.0,0.1847677811804481,1.0013603289712116
2296,-2.600000000000005,0.8168130461144087,7.0,0.1622033862475411,0.9790164323619499
2297,-2.575000000000005,0.8170723118203614,7.0,-0.22739484273422472,0.5896774690861367
2298,-2.550000000000005,0.8173732959102817,7.0,0.07884557802959427,0.896218873939876
2299,-2.525000000000005,0.8177190605068616,7.0,-0.10050452380492722,0.7172145367019344
2300,-2.5000000000000053,0.8181127559485227,7.0,0.32008462715760566,1.1381973831061285
2301,-2.4750000000000054,0.8185575874259102,7.0,0.13067767456844767,0.9492352619943579
2302,-2.450000000000005,0.8190567683051427,7.0,-0.0007149630566740349,0.8183418052484687
2303,-2.4250000000000056,0.8196134567311278,7.0,-0.06207878362017573,0.7575346731109521
2304,-2.4000000000000057,0.8202306715094112,7.0,-0.003936947626217705,0.8162937238831935
2305,-2.3750000000000058,0.8209111826475468,7.0,0.17522632377112357,0.9961375064186704
2306,-2.350000000000006,0.8216573713276161,7.0,-0.06587631030202384,0.7557810610255922
2307,-2.325000000000006,0.8224710535225227,7.0,-0.34797777333955837,0.4744932801829643
2308,-2.300000000000006,0.8233532610127772,7.0,0.1989777633125858,1.022331024325363
2309,-2.275000000000006,0.8243039732677145,7.0,-0.09695452022962335,0.7273494530380912
2310,-2.250000000000006,0.8253217935843524,7.0,-0.34087488965837703,0.4844469039259754
2311,-2.2250000000000063,0.8264035630723975,7.0,-0.3819903003958621,0.44441326267653536
2312,-2.2000000000000064,0.8275439065415297,7.0,0.15131345193114942,0.9788573584726791
2313,-2.1750000000000065,0.8287347050245206,7.0,-0.1531255197261821,0.6756091852983386
2314,-2.1500000000000066,0.8299644903859572,7.0,-0.11938880599296835,0.7105756843929889
2315,-2.1250000000000067,0.8312177578966625,7.0,-0.12533050998085007,0.7058872479158125
2316,-2.1000000000000068,0.8324741922783763,7.0,-0.1604975093472586,0.6719766829311177
2317,-2.075000000000007,0.8337078008003215,7.0,-0.020916552154564515,0.8127912486457569
2318,-2.050000000000007,0.8348859425856894,7.0,-0.1271119869738316,0.7077739556118577
2319,-2.025000000000007,0.835968235269396,7.0,0.1616860521267962,0.9976542873961922
2320,-2.000000000000007,0.8369053074788433,7.0,-0.13731818903815762,0.6995871184406857
2321,-1.9750000000000072,0.8376373475828098,7.0,-0.0906923748605343,0.7469449727222756
2322,-1.9500000000000075,0.8380923759854149,7.0,0.09315650000998896,0.9312488759954038
2323,-1.9250000000000076,0.8381841420382463,7.0,0.12794119872030738,0.9661253407585537
2324,-1.9000000000000077,0.837809523106679,7.0,-0.09650183955045048,0.7413076835562286
2325,-1.8750000000000075,0.8368452948015902,7.0,0.15960385752788203,0.9964491523294723
2326,-1.850000000000008,0.835144172249996,7.0,0.14987645032369684,0.9850206225736928
2327,-1.825000000000008,0.8325301379662556,7.0,-0.06590728819417353,0.7666228497720821
2328,-1.8000000000000078,0.8287933523042622,7.0,0.2104801654192057,1.039273517723468
2329,-1.775000000000008,0.8236855165636486,7.0,-0.3080066211557188,0.5156788954079299
2330,-1.750000000000008,0.816917603928841,7.0,0.027733346906475356,0.8446509508353164
2331,-1.725000000000008,0.8081635494842604,7.0,-0.41702881755084914,0.39113473193341125
2332,-1.7000000000000082,0.7970756958982871,7.0,0.12202227337627398,0.9190979692745611
2333,-1.6750000000000085,0.7833195687368274,7.0,0.21142231003261144,0.9947418787694389
2334,-1.6500000000000083,0.766634130497312,7.0,-0.14175825997758681,0.6248758705197252
2335,-1.6250000000000084,0.7469139820635121,7.0,0.06588932799080144,0.8128033100543135
2336,-1.6000000000000083,0.7242875359623668,7.0,0.21627763505664027,0.940565171019007
2337,-1.5750000000000086,0.6991353279045033,7.0,-0.14717781635684132,0.5519575115476619
2338,-1.5500000000000087,0.6719807944374184,7.0,-0.04862936606285431,0.6233514283745641
2339,-1.5250000000000088,0.6432253683195954,7.0,0.1638229415321314,0.8070483098517268
2340,-1.5000000000000089,0.6127847400834261,7.0,0.0023609649072082427,0.6151457049906344
2341,-1.475000000000009,0.5797443211647311,7.0,0.11104579468114029,0.6907901158458714
2342,-1.450000000000009,0.5421326805428532,7.0,-0.061290037512954934,0.4808426430298983
2343,-1.4250000000000091,0.4968724042077299,7.0,-0.23163862899712173,0.26523377521060815
2344,-1.4000000000000092,0.4400690479458824,7.0,-0.08325268940079744,0.356816358545085
2345,-1.375000000000009,0.3681855995423658,7.0,0.016136680817052367,0.3843222803594182
2346,-1.3500000000000094,0.2811532490077246,7.0,-0.11699790313856809,0.1641553458691565
2347,-1.3250000000000095,0.1874384455886449,7.0,-0.034821273355241655,0.15261717223340324
2348,-1.3000000000000096,0.1052085491631494,7.0,0.1303665919623076,0.235575141125457
2349,-1.2750000000000097,0.0503783170536728,7.0,-0.14634792604078148,-0.09596960898710868
2350,-1.2500000000000098,0.0226502350568052,7.0,0.09486678333106521,0.11751701838787042
2351,-1.22500000000001,0.0111096244888314,7.0,0.15166433608014707,0.16277396056897847
2352,-1.20000000000001,0.0067855321936614,7.0,-0.020514666475617307,-0.013729134281955907
2353,-1.17500000000001,0.0054579635655107,7.0,-0.005375871146238947,8.209241927175249e-05
2354,-1.15000000000001,0.0055365561770619,7.0,-0.1929396735540799,-0.187403117377018
2355,-1.1250000000000102,0.0064515456802151,7.0,-0.34225162399833137,-0.33580007831811626
2356,-1.1000000000000103,0.0079330207080416,7.0,0.1632056519478986,0.1711386726559402
2357,-1.0750000000000104,0.0097176046865983,7.0,-0.0614814138256649,-0.0517638091390666
2358,-1.0500000000000105,0.0115638464997292,7.0,0.040244580158931086,0.051808426658660284
2359,-1.0250000000000106,0.0133781183287276,7.0,0.03992943548427444,0.05330755381300204
2360,-1.0000000000000109,0.0151844163933533,7.0,0.10877539355106733,0.12395980994442063
2361,-0.9750000000000107,0.0169275242394155,7.0,0.33266527137724206,0.34959279561665757
2362,-0.9500000000000108,0.0182687181938214,7.0,-0.016727167507837898,0.0015415506859835018
2363,-0.9250000000000108,0.0186093521831269,7.0,0.15154596856278563,0.17015532074591252
2364,-0.900000000000011,0.0175481863401526,7.0,0.14114212624858638,0.15869031258873897
2365,-0.8750000000000111,0.0154084888969496,7.0,0.1050648848830718,0.12047337378002139
2366,-0.8500000000000112,0.0130344909506952,7.0,0.10503021587316437,0.11806470682385957
2367,-0.8250000000000113,0.0110904519955224,7.0,0.3540154042757686,0.365105856271291
2368,-0.8000000000000114,0.0097869908367145,7.0,-0.24879894473102243,-0.23901195389430793
2369,-0.7750000000000115,0.0090535398192078,7.0,0.18636842882625482,0.19542196864546263
2370,-0.7500000000000115,0.0087367872769298,7.0,0.10095363634370128,0.10969042362063107
2371,-0.7250000000000116,0.0086902791878319,7.0,-0.22037775838301502,-0.2116874791951831
2372,-0.7000000000000117,0.0087961651386401,7.0,-0.11249361888708236,-0.10369745374844226
2373,-0.6750000000000118,0.0089644868864964,7.0,0.13712435601461775,0.14608884290111415
2374,-0.6500000000000119,0.0091287284583842,7.0,-0.18153735325054215,-0.17240862479215796
2375,-0.625000000000012,0.0092419532053283,7.0,-0.20903493739940882,-0.1997929841940805
2376,-0.6000000000000121,0.0092736837534257,7.0,0.09804629876642905,0.10731998251985475
2377,-0.5750000000000122,0.0092072092346425,7.0,0.36215346749559624,0.37136067673023876
2378,-0.5500000000000123,0.009037172016415,7.0,-0.034464605614586086,-0.02542743359817109
2379,-0.5250000000000123,0.0087673499774727,7.0,-0.061911476065549975,-0.053144126088077275
2380,-0.5000000000000124,0.0084085393627811,7.0,-0.14319676089823274,-0.13478822153545164
2381,-0.4750000000000125,0.0079764636201465,7.0,0.17038574800355338,0.1783622116236999
2382,-0.4500000000000126,0.0074897069763087,7.0,0.11241375904321681,0.1199034660195255
2383,-0.4250000000000127,0.0069677598221499,7.0,0.049687981497255826,0.05665574131940573
2384,-0.4000000000000128,0.0064293185402654,7.0,-0.4458196157523285,-0.4393902972120631
2385,-0.3750000000000129,0.0058909794105803,7.0,-0.1911945053771551,-0.1853035259665748
2386,-0.3500000000000129,0.0053664099087454,7.0,0.05307087295335602,0.05843728286210142
2387,-0.325000000000013,0.0048659987125091,7.0,0.21200349973225807,0.21686949844476716
2388,-0.3000000000000131,0.00439691063094,7.0,0.3868799088796866,0.3912768195106266
2389,-0.2750000000000132,0.0039634265625179,7.0,0.0941800425900224,0.0981434691525403
2390,-0.2500000000000133,0.0035674369340489,7.0,0.13866855403606118,0.14223599097011008
2391,-0.2250000000000134,0.0032089720318916,7.0,0.0783939028558246,0.0816028748877162
2392,-0.2000000000000135,0.0028866809646933,7.0,0.11944212623278526,0.12232880719747856
2393,-0.1750000000000136,0.0025982011821136,7.0,-0.06386603080815238,-0.061267829626038786
2394,-0.1500000000000136,0.0023403865132808,7.0,-0.17546014980601649,-0.17311976329273568
2395,-0.1250000000000137,0.0021093838017144,7.0,0.13288758440276632,0.13499696820448073
2396,-0.1000000000000138,0.0019005721333014,7.0,-0.14813643945814062,-0.14623586732483923
2397,-0.0750000000000139,0.0017084146990967,7.0,-0.07494462401758736,-0.07323620931849066
2398,-0.050000000000014,0.0015263346820313,7.0,-0.03812859170004145,-0.036602257018010155
2399,-0.0250000000000141,0.0013468229387001,7.0,0.11565519178641627,0.11700201472511637
2400,-1.4210854715202004e-14,0.0011621040546576,7.0,-0.038207665494528455,-0.03704556143987085
2401,0.0249999999999861,0.0009657539323016,7.0,0.21725540442676985,0.21822115835907147
2402,0.0499999999999856,0.0007554933985646,7.0,-0.22562632691049805,-0.22487083351193346
2403,0.074999999999985,0.0005367235727229,7.0,0.059258826306839464,0.059795549879562364
2404,0.0999999999999854,0.0003251981842761,7.0,0.04443036607248174,0.04475556425675784
2405,0.1249999999999857,0.0001463344236663,7.0,-0.24229430136471547,-0.24214796694104918
2406,0.1499999999999852,2.9631349867043287e-05,7.0,0.07640035732470704,0.07642998867457408
2407,0.1749999999999847,0.0,7.0,-0.07871912423306374,-0.07871912423306374
2408,0.199999999999985,7.101218228746413e-05,7.0,-0.13077206708043052,-0.13070105489814304
2409,0.2249999999999854,0.0002450433202774,7.0,-0.2567254960221195,-0.2564804527018421
2410,0.2499999999999849,0.0005220244530928,7.0,0.29095375699475057,0.29147578144784336
2411,0.2749999999999843,0.0009136021003124,7.0,-0.19896021546616305,-0.19804661336585064
2412,0.2999999999999847,0.0014543580098268,7.0,-0.11611256420759195,-0.11465820619776515
2413,0.3249999999999851,0.0022000970171776,7.0,-0.0195088664832962,-0.0173087694661186
2414,0.3499999999999845,0.0032183270809215,7.0,0.03567483425334589,0.03889316133426739
2415,0.374999999999984,0.004626509260925,7.0,-0.09362349960410224,-0.08899699034317723
2416,0.3999999999999843,0.0067785339530509,7.0,0.4449719058777859,0.4517504398308368
2417,0.4249999999999847,0.0107014968659755,7.0,0.17940132851935112,0.1901028253853266
2418,0.4499999999999842,0.0190684448429129,7.0,0.20327633060872827,0.22234477545164116
2419,0.4749999999999836,0.038318152750067,7.0,-0.056084175085203955,-0.017766022335136952
2420,0.499999999999984,0.0812577050880129,7.0,-0.11337236914059338,-0.03211466405258048
2421,0.5249999999999844,0.1637868915407792,7.0,-0.0827730388228904,0.08101385271788879
2422,0.5499999999999838,0.2889957169345542,7.0,-0.23669005760246092,0.0523056593320933
2423,0.5749999999999833,0.4362664333845038,7.0,-0.11752178127456518,0.31874465210993863
2424,0.5999999999999837,0.5770396123749302,7.0,-0.17546093780378644,0.4015786745711437
2425,0.624999999999984,0.694468244261835,7.0,-0.031694104415922304,0.6627741398459126
2426,0.6499999999999835,0.7853644968854877,7.0,-0.30536495555193893,0.4799995413335488
2427,0.674999999999983,0.8533429307085421,7.0,-0.040827485704086904,0.8125154450044552
2428,0.6999999999999833,0.9031656316547648,7.0,-0.011413899629209325,0.8917517320255555
2429,0.7249999999999837,0.9386033794354828,7.0,0.2708245125929299,1.2094278920284127
2430,0.7499999999999831,0.9625605911973136,7.0,0.06366260295339901,1.0262231941507127
2431,0.7749999999999826,0.9776894061420736,7.0,-0.07014411927983144,0.9075452868622421
2432,0.799999999999983,0.9866270748217972,7.0,-0.40317338620577714,0.5834536886160201
2433,0.8249999999999833,0.991709582895989,7.0,0.00038355953469632607,0.9920931424306854
2434,0.8499999999999828,0.9946113025603012,7.0,-0.16768964994807256,0.8269216526122286
2435,0.8749999999999822,0.9963328487750192,7.0,0.1907803276383484,1.1871131764133676
2436,0.8999999999999826,0.997413428243303,7.0,0.18971186537633072,1.1871252936196337
2437,0.924999999999983,0.9981335658750252,7.0,-0.11969233610290052,0.8784412297721247
2438,0.9499999999999824,0.9986400730646812,7.0,-0.05270701144367104,0.9459330616210101
2439,0.974999999999982,0.9990118085104986,7.0,-0.25689369022267167,0.7421181182878269
2440,0.9999999999999822,0.9992926460467328,7.0,-0.23948229674407537,0.7598103493026575
2441,1.0249999999999826,0.9995079860583872,7.0,0.33357138952203524,1.3330793755804224
2442,1.049999999999982,0.999673183422493,7.0,-0.14651675926578497,0.853156424156708
2443,1.0749999999999815,0.9997979728317808,7.0,-0.05143168648271037,0.9483662863490705
2444,1.099999999999982,0.999888873468082,7.0,0.09227794128134807,1.0921668147494301
2445,1.1249999999999822,0.9999505459302162,7.0,0.20852910642523534,1.2084796523554515
2446,1.1499999999999817,0.9999865856774682,7.0,-0.022137857017574182,0.977848728659894
2447,1.1749999999999812,0.9999999999999962,7.0,0.2609834420303815,1.2609834420303776
2448,1.1999999999999815,0.9999935016347128,7.0,-0.23631810481226218,0.7636753968224506
2449,1.224999999999982,0.9999696949364874,7.0,-0.10769957662782899,0.8922701183086583
2450,1.2499999999999811,0.99993119197733,7.0,0.2817831255745365,1.2817143175518666
2451,1.2749999999999808,0.999880659117025,7.0,-0.008046619146515428,0.9918340399705096
2452,1.2999999999999812,0.9998207632910988,7.0,0.17061476372534645,1.1704355270164453
2453,1.3249999999999815,0.9997539779932634,7.0,-0.26705527769414217,0.7326987002991212
2454,1.349999999999981,0.9996822315089622,7.0,0.37267508351842765,1.3723573150273898
2455,1.3749999999999805,0.999606422779314,7.0,-0.242702646300387,0.756903776478927
2456,1.3999999999999808,0.9995258768485886,7.0,-0.050190236490912886,0.9493356403576757
2457,1.4249999999999812,0.9994378859121764,7.0,-0.1907465158532529,0.8086913700589236
2458,1.4499999999999806,0.999337630436262,7.0,0.11341655042457706,1.112754180860839
2459,1.47499999999998,0.9992188995566772,7.0,-0.08347457665685294,0.9157443228998242
2460,1.4999999999999805,0.99907581189688,7.0,-0.051044185093193396,0.9480316268036866
2461,1.5249999999999808,0.9989050630549202,7.0,-0.09525879838250899,0.9036462646724113
2462,1.5499999999999805,0.9987076358698904,7.0,0.08141349901215718,1.0801211348820476
2463,1.5749999999999795,0.9984890752032416,7.0,0.12003601460837625,1.118525089811618
2464,1.59999999999998,0.9982582506668808,7.0,0.17248065677792762,1.1707389074448085
2465,1.6249999999999805,0.9980252909774132,7.0,-0.22353444501420158,0.7744908459632116
2466,1.64999999999998,0.9977995792198678,7.0,0.2408723779861913,1.2386719572060592
2467,1.6749999999999794,0.9975884098600266,7.0,-0.08087409540313074,0.9167143144568959
2468,1.6999999999999795,0.9973964640537036,7.0,0.12935072453741558,1.126747188591119
2469,1.72499999999998,0.997225935370146,7.0,-0.17050311876480465,0.8267228166053414
2470,1.7499999999999796,0.9970770189212996,7.0,0.05823269768950673,1.0553097166108063
2471,1.774999999999979,0.996948509562258,7.0,-0.28054626237898084,0.7164022471832772
2472,1.7999999999999794,0.9968383484063692,7.0,0.08180348906821153,1.0786418374745808
2473,1.82499999999998,0.996744046748262,7.0,0.06664940033763775,1.0633934470858997
2474,1.8499999999999792,0.9966629767386356,7.0,-0.006185400218593238,0.9904775765200423
2475,1.874999999999979,0.9965925484002692,7.0,0.12413444786962635,1.1207269962698956
2476,1.899999999999979,0.9965303021126324,7.0,0.12796917434489075,1.1244994764575231
2477,1.9249999999999796,0.9964739441840909,7.0,0.048932649760523216,1.045406593944614
2478,1.9499999999999789,0.996421347301896,7.0,0.20555464056107953,1.2019759878629754
2479,1.9749999999999783,0.9963705311901369,7.0,0.12891072061636333,1.1252812518065003
2480,1.999999999999979,0.9963196332969594,7.0,0.2151974491802766,1.2115170824772359
2481,2.024999999999979,0.9962668751840028,7.0,0.12709236433283858,1.1233592395168415
2482,2.0499999999999785,0.9962105273791744,7.0,-0.11728606257712958,0.8789244648020448
2483,2.074999999999978,0.9961488734781968,7.0,0.18780509268344905,1.1839539661616458
2484,2.0999999999999783,0.9960801729308172,7.0,0.0028225705026791704,0.9989027434334964
2485,2.1249999999999787,0.9960026209640004,7.0,0.1760459574953092,1.1720485784593095
2486,2.149999999999978,0.9959143032742606,7.0,0.08307648882618948,1.07899079210045
2487,2.1749999999999776,0.995813142304452,7.0,0.3222861278045902,1.3180992701090422
2488,2.199999999999978,0.9956968309664722,7.0,-0.24568233133261738,0.7500144996338548
2489,2.2249999999999783,0.9955627484328462,7.0,-0.04440458763272291,0.9511581608001233
2490,2.249999999999978,0.9954078509113956,7.0,0.0034465052329029247,0.9988543561442985
2491,2.2749999999999773,0.9952285278769256,7.0,-0.029787066644358796,0.9654414612325668
2492,2.2999999999999776,0.9950204106757912,7.0,-0.1659778768963608,0.8290425337794304
2493,2.324999999999978,0.9947781151640254,7.0,0.1561017026795282,1.1508798178435535
2494,2.349999999999977,0.9944948922171016,7.0,0.03861112258057705,1.0331060147976787
2495,2.374999999999977,0.9941621482520934,7.0,0.13664599196558852,1.130808140217682
2496,2.3999999999999773,0.9937687803596906,7.0,-0.19627669452149518,0.7974920858381954
2497,2.4249999999999776,0.993300244257086,7.0,-0.08339619828683012,0.9099040459702559
2498,2.449999999999977,0.992737233434374,7.0,0.17519677133185882,1.1679340047662328
2499,2.474999999999977,0.9920537874257384,7.0,-0.16472498942538036,0.827328798000358
2500,2.499999999999977,0.9912145550023534,7.0,0.06724093996094668,1.0584554949633
2501,2.5249999999999773,0.9901707974008178,7.0,0.011701320078084037,1.0018721174789018
2502,2.5499999999999767,0.9888545032298516,7.0,-0.30122858922592627,0.6876259140039254
2503,2.574999999999976,0.9871696697999172,7.0,-0.09277243538239814,0.8943972344175191
2504,2.599999999999977,0.9849793585832278,7.0,-0.011730278717331349,0.9732490798658965
2505,2.624999999999977,0.9820865685233396,7.0,0.27559584938035614,1.2576824179036958
2506,2.6499999999999764,0.978206438732284,7.0,-0.13711704249938442,0.8410893962328996
2507,2.674999999999976,0.9729272880032124,7.0,-0.07049945654246069,0.9024278314607517
2508,2.699999999999976,0.9656597427619564,7.0,-0.04686555932387492,0.9187941834380815
2509,2.724999999999977,0.9555790625597302,7.0,-0.15562151773502383,0.7999575448247064
2510,2.749999999999976,0.9415789948355544,7.0,0.19732326519242566,1.1389022600279801
2511,2.7749999999999755,0.9222773978690072,7.0,0.021354666341573653,0.9436320642105809
2512,2.799999999999976,0.896136301294583,7.0,0.10290322115709333,0.9990395224516764
2513,2.824999999999976,0.86175542537395,7.0,-0.05670331936682294,0.8050521060071271
2514,2.849999999999976,0.8183309116355844,7.0,-0.005902042871466147,0.8124288687641182
2515,2.874999999999975,0.7661375420796718,7.0,-0.05350687565709926,0.7126306664225726
2516,2.8999999999999755,0.7067808263625163,7.0,0.5052424483116541,1.2120232746741704
2517,2.924999999999976,0.6430135301226634,7.0,0.18996441198298397,0.8329779421056474
2518,2.9499999999999758,0.5781440863742744,7.0,0.019990693433834184,0.5981347798081086
2519,2.9749999999999748,0.5153058435050023,7.0,0.22103500268209542,0.7363408461870977
2520,2.999999999999975,0.4569016957521647,7.0,0.29310705343460525,0.75000874918677
2521,3.0249999999999755,0.4043812954510422,7.0,-0.14361754297751855,0.2607637524735236
2522,3.049999999999975,0.3583120143714526,7.0,-0.13166202531065122,0.2266499890608014
2523,3.0749999999999744,0.3186061348994267,7.0,0.09957374169743435,0.41817987659686107
2524,3.0999999999999748,0.2847755123470862,7.0,-0.19231615185816459,0.09245936048892162
2525,3.124999999999975,0.2561408779340391,7.0,-0.04788921049732396,0.20825166743671514
2526,3.1499999999999746,0.2319742864241699,7.0,0.5126999897562425,0.7446742761804124
2527,3.174999999999974,0.2115819189644075,7.0,-0.05400775195404382,0.1575741670103637
2528,3.1999999999999744,0.1943440260150385,7.0,0.08669617160587098,0.2810401976209095
2529,3.2249999999999748,0.1797281547159504,7.0,-0.049226405868921436,0.13050174884702898
2530,3.2499999999999742,0.1672876684657003,7.0,-0.15209416326582112,0.015193505199879193
2531,3.2749999999999737,0.1566533063382233,7.0,0.21128781694432802,0.36794112328255135
2532,3.299999999999974,0.1475222874395062,7.0,0.09117188075510758,0.2386941681946138
2533,3.3249999999999744,0.1396473329245714,7.0,0.29505077524143086,0.4346981081660023
2534,3.349999999999974,0.1328267034220103,7.0,0.10325434455752297,0.23608104797953328
2535,3.3749999999999734,0.1268956444139923,7.0,0.007124837834007981,0.13402048224800026
2536,3.3999999999999737,0.1217192728394096,7.0,-0.05476416809065634,0.06695510474875327
2537,3.424999999999974,0.1171867753375554,7.0,-0.11010464958492434,0.007082125752631049
2538,3.449999999999973,0.1132067306130084,7.0,-0.25103991582726215,-0.13783318521425375
2539,3.474999999999973,0.109703362617736,7.0,0.21415961469157235,0.32386297730930835
2540,3.4999999999999734,0.1066135486748404,7.0,0.048678363675158404,0.15529191234999878
2541,3.5249999999999737,0.1038844322275288,7.0,-0.12120155030653111,-0.01731711807900231
2542,3.549999999999973,0.1014715162283437,7.0,0.11800845529870323,0.21947997152704693
2543,3.5749999999999726,0.0993371370665419,7.0,-0.033149041222604834,0.06618809584393706
2544,3.599999999999973,0.0974492392638693,7.0,0.0044704065918796535,0.10191964585574895
2545,3.624999999999973,0.0957803878678349,7.0,-0.08056205571914736,0.015218332148687536
2546,3.649999999999973,0.0943069688925538,7.0,-0.005374576306220417,0.08893239258633338
2547,3.674999999999972,0.0930085388018349,7.0,0.09834530503271274,0.19135384383454765
2548,3.6999999999999726,0.0918672924054041,7.0,-0.05090402318244405,0.04096326922296005
2549,3.724999999999973,0.0908676251026573,7.0,0.18255426649899054,0.27342189160164787
2550,3.749999999999973,0.0899957705434671,7.0,-0.1331866722618943,-0.043190901718427196
2551,3.774999999999972,0.0892394987954217,7.0,0.13762539571306887,0.22686489450849057
2552,3.799999999999972,0.0885878632611039,7.0,0.20176225403651774,0.2903501172976216
2553,3.8249999999999726,0.0880309870737096,7.0,0.07904703507189695,0.16707802214560655
2554,3.849999999999972,0.087559881667457,7.0,-0.041692692733702325,0.045867188933754674
2555,3.874999999999972,0.0871662917888187,7.0,0.051673239274594156,0.13883953106341285
2556,3.899999999999972,0.0868425624765262,7.0,0.0993995140793853,0.18624207655591152
2557,3.924999999999972,0.0865815245615169,7.0,0.3304570271684654,0.41703855172998233
2558,3.949999999999972,0.0863763960745584,7.0,0.22915767069736398,0.31553406677192236
2559,3.9749999999999712,0.0862206976374432,7.0,0.061867825445674596,0.1480885230831178
2560,-4.0,0.9999999999999972,8.0,0.08063875167532367,1.0806387516753209
2561,-3.975,0.9998136257321292,8.0,0.037652271659668765,1.0374658973917978
2562,-3.95,0.9995984640753072,8.0,-0.12018925511288381,0.8794092089624234
2563,-3.925,0.9993533599459766,8.0,0.3477019051607174,1.347055265106694
2564,-3.9,0.9990769776017712,8.0,0.1255090781065597,1.124586055708331
2565,-3.875,0.9987677781091274,8.0,-0.1346297208175574,0.86413805729157
2566,-3.850000000000001,0.9984239953088854,8.0,-0.19385139279366503,0.8045726025152203
2567,-3.8250000000000006,0.9980436103551988,8.0,-0.11005880020560546,0.8879848101495934
2568,-3.8000000000000007,0.9976243249442964,8.0,-0.0006289767812574638,0.9969953481630389
2569,-3.775000000000001,0.9971635333975368,8.0,0.3815951297379194,1.3787586631354563
2570,-3.750000000000001,0.9966582938187608,8.0,0.2573813375869149,1.2540396314056756
2571,-3.725000000000001,0.9961052986106276,8.0,-0.2602624611208182,0.7358428374898094
2572,-3.700000000000001,0.9955008447107596,8.0,0.042628225041725136,1.0381290697524848
2573,-3.675000000000001,0.9948408039994856,8.0,0.04777040053492287,1.0426112045344085
2574,-3.650000000000001,0.9941205944420084,8.0,0.05130744613396474,1.045428040575973
2575,-3.625000000000001,0.9933351526664383,8.0,-0.004568179571216029,0.9887669730952223
2576,-3.6000000000000014,0.9924789088559838,8.0,0.28862906924358805,1.2811079780995718
2577,-3.575000000000001,0.9915457650634516,8.0,0.003241502387162191,0.9947872674506137
2578,-3.5500000000000016,0.9905290783587538,8.0,-0.07580037835751355,0.9147287000012403
2579,-3.5250000000000017,0.9894216506209476,8.0,0.2474887589742028,1.2369104095951504
2580,-3.5000000000000018,0.9882157273176102,8.0,-0.10214539296229265,0.8860703343553176
2581,-3.475000000000002,0.98690300831478,8.0,-0.21713338610440142,0.7697696222103785
2582,-3.450000000000002,0.9854746746748524,8.0,0.11694316017258333,1.1024178348474356
2583,-3.425000000000002,0.9839214365754524,8.0,0.10099916250814198,1.0849205990835944
2584,-3.400000000000002,0.9822336089653424,8.0,-0.2828869199857888,0.6993466889795537
2585,-3.375000000000002,0.980401223398738,8.0,-0.36530960241279586,0.6150916209859422
2586,-3.3500000000000023,0.9784141866666588,8.0,-0.2536718306768182,0.7247423559898406
2587,-3.3250000000000024,0.976262499334882,8.0,-0.24834578447783331,0.7279167148570487
2588,-3.3000000000000025,0.9739365499852682,8.0,-0.1302770649156458,0.8436594850696224
2589,-3.2750000000000026,0.9714275036007324,8.0,0.10965624676048745,1.0810837503612198
2590,-3.2500000000000027,0.9687278047172844,8.0,0.10177484476695622,1.0705026494842407
2591,-3.2250000000000028,0.965831817034455,8.0,-0.1152330444968082,0.8505987725376468
2592,-3.200000000000003,0.962736620176042,8.0,-0.03283115487704456,0.9299054652989974
2593,-3.175000000000003,0.9594429799425525,8.0,0.23661446868481725,1.1960574486273696
2594,-3.150000000000003,0.9559564991032996,8.0,0.10819363994353218,1.0641501390468318
2595,-3.125000000000003,0.9522889397748824,8.0,-0.42378503791365246,0.5285039018612299
2596,-3.100000000000003,0.9484596840911752,8.0,-0.15654080819873845,0.7919188758924367
2597,-3.0750000000000037,0.944497266221261,8.0,0.11857602465524958,1.0630732908765106
2598,-3.050000000000004,0.9404408663082856,8.0,-0.1952903760625396,0.745150490245746
2599,-3.0250000000000035,0.9363416084309713,8.0,0.048922205497313506,0.9852638139282848
2600,-3.000000000000004,0.9322634563206704,8.0,0.2729922076059852,1.2052556639266556
2601,-2.975000000000004,0.9282834620373732,8.0,-0.05818360044595395,0.8700998615914193
2602,-2.950000000000004,0.9244911069270764,8.0,0.13850094833320722,1.0629920552602836
2603,-2.925000000000004,0.9209864948390124,8.0,-0.12627884977929077,0.7947076450597217
2604,-2.900000000000004,0.917877226258407,8.0,0.2932531311089578,1.2111303573673649
2605,-2.875000000000004,0.9152739033879,8.0,-0.16126806974143568,0.7540058336464643
2606,-2.850000000000004,0.9132843841247916,8.0,0.027127902071442517,0.9404122861962342
2607,-2.825000000000004,0.912007098279192,8.0,-0.014555956638440394,0.8974511416407516
2608,-2.8000000000000043,0.911523931534451,8.0,-0.2455797122760342,0.6659442192584168
2609,-2.7750000000000044,0.9118933338803078,8.0,0.11317560479825557,1.0250689386785634
2610,-2.7500000000000044,0.9131443821610308,8.0,-0.08247675496539701,0.8306676271956338
2611,-2.7250000000000045,0.9152724920872828,8.0,-0.007306830769683311,0.9079656613175995
2612,-2.7000000000000046,0.9182373208537976,8.0,-0.15708492018963482,0.7611524006641628
2613,-2.6750000000000047,0.9219631368255332,8.0,-0.10649198018206699,0.8154711566434663
2614,-2.650000000000005,0.9263415919473654,8.0,-0.1279287022094461,0.7984128897379194
2615,-2.625000000000005,0.9312364720633868,8.0,-0.048419676660809756,0.8828167954025771
2616,-2.600000000000005,0.9364896882354716,8.0,-0.010003704866662414,0.9264859833688092
2617,-2.575000000000005,0.9419275699722724,8.0,-0.183693579921714,0.7582339900505585
2618,-2.550000000000005,0.947366463227858,8.0,-0.11349165057980931,0.8338748126480486
2619,-2.525000000000005,0.9526167132298176,8.0,-0.05727785772103197,0.8953388555087856
2620,-2.5000000000000053,0.9574842682429434,8.0,-0.08555656206775719,0.8719277061751862
2621,-2.4750000000000054,0.961769277294558,8.0,0.35371005735947303,1.315479334654031
2622,-2.450000000000005,0.9652610403163604,8.0,0.21051860891875865,1.1757796492351191
2623,-2.4250000000000056,0.9677283325761534,8.0,0.04220949254147913,1.0099378251176325
2624,-2.4000000000000057,0.9689032400231036,8.0,0.009115038931978448,0.978018278955082
2625,-2.3750000000000058,0.9684549173682546,8.0,-0.11821082202383468,0.8502440953444199
2626,-2.350000000000006,0.9659468437104862,8.0,0.41990235380813573,1.385849197518622
2627,-2.325000000000006,0.9607673001520052,8.0,0.37000757599472345,1.3307748761467286
2628,-2.300000000000006,0.9520193610751008,8.0,-0.21220916442606577,0.739810196649035
2629,-2.275000000000006,0.9383585968838144,8.0,-0.12486145924824903,0.8134971376355654
2630,-2.250000000000006,0.9177867503951878,8.0,-0.18686374109700277,0.730923009298185
2631,-2.2250000000000063,0.8874761612375447,8.0,0.06204135514573007,0.9495175163832748
2632,-2.2000000000000064,0.8438587471164695,8.0,0.39217307378159494,1.2360318208980643
2633,-2.1750000000000065,0.7834671198480309,8.0,-0.04599574305545891,0.7374713767925719
2634,-2.1500000000000066,0.7050525556969202,8.0,0.11831094574038667,0.8233635014373069
2635,-2.1250000000000067,0.6124295737617643,8.0,-0.08791433336111597,0.5245152404006483
2636,-2.1000000000000068,0.5152534120378331,8.0,0.11388420974002382,0.6291376217778569
2637,-2.075000000000007,0.4252458675812847,8.0,0.17232285793509078,0.5975687255163755
2638,-2.050000000000007,0.3506207861735519,8.0,0.003967258750836235,0.35458804492438817
2639,-2.025000000000007,0.2938539643930923,8.0,0.017463759842210498,0.3113177242353028
2640,-2.000000000000007,0.2532754867593448,8.0,0.13647509886604803,0.38975058562539283
2641,-1.9750000000000072,0.2255605337781693,8.0,-0.20952715364886157,0.016033380129307717
2642,-1.9500000000000075,0.2073345327460823,8.0,0.21940460938468465,0.4267391421307669
2643,-1.9250000000000076,0.1958126414111245,8.0,0.055124671067701095,0.2509373124788256
2644,-1.9000000000000077,0.1889023520263836,8.0,0.2188956016561022,0.40779795368248584
2645,-1.8750000000000075,0.18510128942546,8.0,-0.17037040343670873,0.014730885988751274
2646,-1.850000000000008,0.1833535319752705,8.0,0.17652481062395373,0.35987834259922424
2647,-1.825000000000008,0.1829238456652636,8.0,0.25215463660825416,0.43507848227351775
2648,-1.8000000000000078,0.1833027067311265,8.0,-0.46984555184376775,-0.2865428451126413
2649,-1.775000000000008,0.1841388605186293,8.0,0.07650912503363688,0.2606479855522662
2650,-1.750000000000008,0.1851925849308784,8.0,0.22001754741797594,0.40521013234885433
2651,-1.725000000000008,0.1863034074655944,8.0,-0.24064855540852087,-0.05434514794292647
2652,-1.7000000000000082,0.187367550228686,8.0,0.16692512046850613,0.35429267069719217
2653,-1.6750000000000085,0.1883218282077837,8.0,0.49100737225118146,0.6793292004589652
2654,-1.6500000000000083,0.189131864656768,8.0,0.19591951818855466,0.3850513828453227
2655,-1.6250000000000084,0.1897833058072849,8.0,-0.2859771638330443,-0.09619385802575939
2656,-1.6000000000000083,0.1902752575589299,8.0,0.09540368577622471,0.28567894333515464
2657,-1.5750000000000086,0.19061547968865,8.0,-0.34425943830434486,-0.15364395861569485
2658,-1.5500000000000087,0.1908170153319498,8.0,0.16428561337069253,0.3551026287026423
2659,-1.5250000000000088,0.1908959690958605,8.0,-0.05600483792523227,0.13489113117062823
2660,-1.5000000000000089,0.1908701397097026,8.0,-0.13899553687813807,0.05187460283156453
2661,-1.475000000000009,0.1907582125932413,8.0,-0.06774803629851175,0.12301017629472955
2662,-1.450000000000009,0.190579250368565,8.0,0.24104612330379732,0.4316253736723623
2663,-1.4250000000000091,0.1903522862368324,8.0,0.07404297924846277,0.2643952654852952
2664,-1.4000000000000092,0.1900959097123314,8.0,0.11466710593328615,0.30476301564561753
2665,-1.375000000000009,0.1898278141281597,8.0,-0.0042615440133499626,0.18556627011480972
2666,-1.3500000000000094,0.1895643330090098,8.0,-0.11465604416294281,0.07490828884606698
2667,-1.3250000000000095,0.1893200203891625,8.0,0.22688581195177815,0.41620583234094066
2668,-1.3000000000000096,0.1891073309944139,8.0,0.06520515882628235,0.25431248982069626
2669,-1.2750000000000097,0.1889364387996531,8.0,0.17319938996783293,0.36213582876748607
2670,-1.2500000000000098,0.1888152074634369,8.0,-0.22325487167649177,-0.03443966421305486
2671,-1.22500000000001,0.1887493023885007,8.0,0.02403074339901448,0.2127800457875152
2672,-1.20000000000001,0.188742417044825,8.0,0.0982767921452182,0.2870192091900432
2673,-1.17500000000001,0.1887965775663404,8.0,-0.11462800014819256,0.07416857741814785
2674,-1.15000000000001,0.1889124887259894,8.0,0.13152032491920942,0.3204328136451988
2675,-1.1250000000000102,0.1890898890395369,8.0,-0.10995262039335155,0.07913726864618537
2676,-1.1000000000000103,0.1893278904270589,8.0,0.008558922342417313,0.1978868127694762
2677,-1.0750000000000104,0.1896252863824664,8.0,0.09402375954611077,0.28364904592857715
2678,-1.0500000000000105,0.1899808204159863,8.0,-0.06567229945401883,0.12430852096196747
2679,-1.0250000000000106,0.1903934127695876,8.0,-0.38549666459888565,-0.19510325182929805
2680,-1.0000000000000109,0.19086234774626,8.0,-0.13458007848734016,0.056282269258919854
2681,-0.9750000000000107,0.1913874265074125,8.0,-0.10638124935112807,0.08500617715628443
2682,-0.9500000000000108,0.1919690911553359,8.0,0.1836592739795417,0.37562836513487763
2683,-0.9250000000000108,0.1926085256821346,8.0,-0.24285811578005978,-0.05024959009792518
2684,-0.900000000000011,0.193307738271004,8.0,-0.27174333424945196,-0.07843559597844796
2685,-0.8750000000000111,0.1940696277540788,8.0,0.35907989098068965,0.5531495187347685
2686,-0.8500000000000112,0.1948980349532456,8.0,-0.2520029788095735,-0.05710494385632792
2687,-0.8250000000000113,0.1957977772646252,8.0,0.11398536064912232,0.3097831379137475
2688,-0.8000000000000114,0.1967746622372772,8.0,-0.12393326175489996,0.07284140048237722
2689,-0.7750000000000115,0.1978354730500525,8.0,0.08252314997237245,0.280358623022425
2690,-0.7500000000000115,0.1989879157209907,8.0,-0.18124752375171804,0.017740391969272656
2691,-0.7250000000000116,0.2002405146660184,8.0,-0.030794569132417227,0.16944594553360115
2692,-0.7000000000000117,0.2016024400666265,8.0,0.2616085718095806,0.46321101187620706
2693,-0.6750000000000118,0.2030832478416931,8.0,0.27365349460934063,0.4767367424510337
2694,-0.6500000000000119,0.2046925116028319,8.0,0.15668441634759833,0.3613769279504302
2695,-0.625000000000012,0.2064393269781251,8.0,-0.06566802410216158,0.1407713028759635
2696,-0.6000000000000121,0.2083316737506608,8.0,0.19004278690647275,0.39837446065713356
2697,-0.5750000000000122,0.2103756324104889,8.0,0.19457834858724551,0.4049539809977344
2698,-0.5500000000000123,0.2125744711460044,8.0,-0.15890542120137402,0.05366904994463037
2699,-0.5250000000000123,0.2149276488316553,8.0,-0.16107757570722445,0.05385007312443085
2700,-0.5000000000000124,0.2174298199130358,8.0,-0.23817772037438548,-0.020747900461349666
2701,-0.4750000000000125,0.2200699769767043,8.0,0.08460558684685152,0.3046755638235558
2702,-0.4500000000000126,0.2228309223996654,8.0,-0.0017924984488447591,0.22103842395082063
2703,-0.4250000000000127,0.2256893157744255,8.0,-0.2291798919913543,-0.0034905762169288035
2704,-0.4000000000000128,0.2286165924246459,8.0,-0.305359227426917,-0.0767426350022711
2705,-0.3750000000000129,0.2315810869757526,8.0,0.005493061378015248,0.23707414835376786
2706,-0.3500000000000129,0.2345517281966065,8.0,0.06515639592170787,0.2997081241183144
2707,-0.325000000000013,0.2375037087931853,8.0,-0.07451472585369762,0.1629889829394877
2708,-0.3000000000000131,0.2404265911424016,8.0,0.33928912898167224,0.5797157201240739
2709,-0.2750000000000132,0.2433353935007372,8.0,0.24688464434821766,0.49022003784895485
2710,-0.2500000000000133,0.2462853041380261,8.0,0.2705951642745525,0.5168804684125786
2711,-0.2250000000000134,0.2493908064110738,8.0,0.06969199244951368,0.3190827988605875
2712,-0.2000000000000135,0.2528502898817129,8.0,-0.034931138995190895,0.21791915088652197
2713,-0.1750000000000136,0.2569779055132637,8.0,-0.17045740589574615,0.08652049961751757
2714,-0.1500000000000136,0.2622452664416118,8.0,0.22520719002716152,0.48745245646877333
2715,-0.1250000000000137,0.2693344685434357,8.0,0.19931835744261972,0.4686528259860554
2716,-0.1000000000000138,0.2791959981303585,8.0,0.07541186399997876,0.35460786213033724
2717,-0.0750000000000139,0.2930856134293256,8.0,-0.13579327705297048,0.15729233637635512
2718,-0.050000000000014,0.3125233803575842,8.0,-0.32479751182302097,-0.012274131465436766
2719,-0.0250000000000141,0.3390845504191455,8.0,-0.18647756847704633,0.15260698194209915
2720,-1.4210854715202004e-14,0.3739259741336617,8.0,0.017960185294067052,0.39188615942772875
2721,0.0249999999999861,0.4170488941530873,8.0,-0.02036706345412154,0.3966818306989658
2722,0.0499999999999856,0.466571730585856,8.0,0.16493842299319386,0.6315101535790498
2723,0.074999999999985,0.5185829166812855,8.0,-0.04248018940958454,0.476102727271701
2724,0.0999999999999854,0.568000707053563,8.0,0.12419663994277279,0.6921973469963357
2725,0.1249999999999857,0.610119407568597,8.0,0.5536646036926185,1.1637840112612154
2726,0.1499999999999852,0.6418998062288779,8.0,0.2706395480259521,0.9125393542548299
2727,0.1749999999999847,0.6623175205953461,8.0,-0.023119092465606315,0.6391984281297398
2728,0.199999999999985,0.6718466970349192,8.0,0.06556404137893038,0.7374107384138495
2729,0.2249999999999854,0.6715877617723576,8.0,0.0392095310617497,0.7107972928341073
2730,0.2499999999999849,0.6624688652987993,8.0,-0.3117897727042282,0.35067909259457114
2731,0.2749999999999843,0.6447045116927093,8.0,0.14392397261479195,0.7886284843075012
2732,0.2999999999999847,0.6175290030048248,8.0,0.1518736681805712,0.7694026711853961
2733,0.3249999999999851,0.5791690960808433,8.0,-0.0229164117355567,0.5562526843452866
2734,0.3499999999999845,0.5270624931214555,8.0,-0.18160489038503125,0.34545760273642423
2735,0.374999999999984,0.4584961073524249,8.0,-0.16565542394932603,0.2928406834030989
2736,0.3999999999999843,0.3721690639990628,8.0,-0.14013324328208568,0.23203582071697712
2737,0.4249999999999847,0.2713845775280483,8.0,0.2917080498474381,0.5630926273754864
2738,0.4499999999999842,0.1681031551296581,8.0,-0.060943178143234,0.1071599769864241
2739,0.4749999999999836,0.0821186396764327,8.0,-0.007397891304306735,0.07472074837212596
2740,0.499999999999984,0.0286800023238029,8.0,-0.3411449304784109,-0.31246492815460797
2741,0.5249999999999844,0.0055676604491566,8.0,-0.05685482106325265,-0.05128716061409605
2742,0.5499999999999838,0.0,8.0,-0.19441513754540724,-0.19441513754540724
2743,0.5749999999999833,0.0046081406131396,8.0,-0.28833931528493717,-0.2837311746717976
2744,0.5999999999999837,0.0230413370818398,8.0,0.1364037705854519,0.1594451076672917
2745,0.624999999999984,0.0708850094317943,8.0,-0.058484687405816776,0.012400322025977517
2746,0.6499999999999835,0.1626788876469695,8.0,0.15405393718344834,0.31673282483041787
2747,0.674999999999983,0.2834005814076142,8.0,-0.06170396384202652,0.22169661756558767
2748,0.6999999999999833,0.3952468442894687,8.0,-0.05973616953193427,0.33551067475753443
2749,0.7249999999999837,0.4761625943244381,8.0,-0.1495557988985755,0.3266067954258626
2750,0.7499999999999831,0.5271199157755475,8.0,0.12614611642393345,0.653266032199481
2751,0.7749999999999826,0.5578603699647624,8.0,0.15490853037340255,0.712768900338165
2752,0.799999999999983,0.5775337483942233,8.0,-0.009439515731551676,0.5680942326626717
2753,0.8249999999999833,0.5924490026728313,8.0,-0.18604503856114255,0.4064039641116888
2754,0.8499999999999828,0.6066029438429693,8.0,-0.008793357882420885,0.5978095859605485
2755,0.8749999999999822,0.6225629359001036,8.0,0.07879308719297223,0.7013560230930758
2756,0.8999999999999826,0.6420238115903402,8.0,0.19699842524458805,0.8390222368349283
2757,0.924999999999983,0.6659998744737132,8.0,-0.08197138312938639,0.5840284913443269
2758,0.9499999999999824,0.6947496313063312,8.0,0.09732854191280209,0.7920781732191332
2759,0.974999999999982,0.7275661611035446,8.0,-0.41363486473706007,0.3139312963664845
2760,0.9999999999999822,0.7626215633396913,8.0,0.11654760911665636,0.8791691724563477
2761,1.0249999999999826,0.797075599437247,8.0,-0.08196180587887153,0.7151137935583756
2762,1.049999999999982,0.8275349889427593,8.0,0.010420154787887277,0.8379551437306466
2763,1.0749999999999815,0.8507133726303644,8.0,-0.20887183731382128,0.6418415353165431
2764,1.099999999999982,0.8640266971406905,8.0,-0.27417264783121736,0.589854049309473
2765,1.1249999999999822,0.8659892164789957,8.0,0.06095690668975617,0.9269461231687519
2766,1.1499999999999817,0.8564495996900037,8.0,-0.30578631260074,0.5506632870892636
2767,1.1749999999999812,0.8366940289502314,8.0,0.2667319163833173,1.1034259453335487
2768,1.1999999999999815,0.8093012603466609,8.0,-0.046171355193038575,0.7631299051536223
2769,1.224999999999982,0.777624401975855,8.0,-0.19854313393837697,0.5790812680374781
2770,1.2499999999999811,0.7450130408205968,8.0,-0.06296626306421087,0.682046777756386
2771,1.2749999999999808,0.7141248201427252,8.0,0.10463139018274929,0.8187562103254744
2772,1.2999999999999812,0.6866109287117702,8.0,0.07560076459038334,0.7622116933021535
2773,1.3249999999999815,0.6631859109022757,8.0,-0.1911110306811133,0.47207488022116245
2774,1.349999999999981,0.6439016649502627,8.0,-0.1157507402328301,0.5281509247174326
2775,1.3749999999999805,0.6284421953738354,8.0,-0.16882201429824786,0.45962018107558755
2776,1.3999999999999808,0.616345052917117,8.0,-0.26282274615597484,0.3535223067611422
2777,1.4249999999999812,0.6071339801125273,8.0,-0.300642770767176,0.3064912093453513
2778,1.4499999999999806,0.6003833320990314,8.0,0.1743827049352687,0.7747660370343001
2779,1.47499999999998,0.5957405991596925,8.0,-0.03339617990572262,0.5623444192539698
2780,1.4999999999999805,0.5929270866291062,8.0,0.25844680321260743,0.8513738898417136
2781,1.5249999999999808,0.5917290011894896,8.0,-0.0009692289905242255,0.5907597721989654
2782,1.5499999999999805,0.591985408676876,8.0,0.028648188297118585,0.6206335969739946
2783,1.5749999999999795,0.593576049301904,8.0,-0.05376569642760135,0.5398103528743027
2784,1.59999999999998,0.5964101628565377,8.0,0.21166014369452932,0.808070306551067
2785,1.6249999999999805,0.6004166206306302,8.0,-0.19135424031858822,0.40906238031204195
2786,1.64999999999998,0.605535326917343,8.0,0.08185560865340408,0.687390935570747
2787,1.6749999999999794,0.6117097773918517,8.0,0.13046369237025784,0.7421734697621096
2788,1.6999999999999795,0.6188807038514933,8.0,0.22170103501447583,0.8405817388659691
2789,1.72499999999998,0.6269808212003446,8.0,-0.20661587667790351,0.4203649445224411
2790,1.7499999999999796,0.6359307809491158,8.0,-0.0811835935960534,0.5547471873530624
2791,1.774999999999979,0.6456364966949043,8.0,-0.050621589511127184,0.5950149071837771
2792,1.7999999999999794,0.6559880183833184,8.0,-0.04481902516899317,0.6111689932143253
2793,1.82499999999998,0.6668600788094926,8.0,-0.0852686736623156,0.581591405147177
2794,1.8499999999999792,0.6781143160367946,8.0,-0.24159441692458744,0.4365198991122072
2795,1.874999999999979,0.6896030053613356,8.0,-0.04934795883784647,0.6402550465234891
2796,1.899999999999979,0.7011739482264889,8.0,0.361154757450519,1.0623287056770079
2797,1.9249999999999796,0.7126760078267285,8.0,0.07175573265990061,0.7844317404866291
2798,1.9499999999999789,0.7239646939579355,8.0,-0.24124497519184332,0.4827197187660922
2799,1.9749999999999783,0.734907207665423,8.0,0.2610303848043964,0.9959375924698193
2800,1.999999999999979,0.7453864580900355,8.0,0.19713833850276477,0.9425247965928002
2801,2.024999999999979,0.7553037333658005,8.0,0.3207070852160507,1.076010818581851
2802,2.0499999999999785,0.7645799035148861,8.0,-0.17585545714487483,0.5887244463700113
2803,2.074999999999978,0.7731552145748901,8.0,-0.008870083047362708,0.7642851315275274
2804,2.0999999999999783,0.7809878697167414,8.0,0.08504812695412105,0.8660359966708624
2805,2.1249999999999787,0.7880516719848883,8.0,0.059421294053288845,0.8474729660381772
2806,2.149999999999978,0.7943330275480872,8.0,0.5579617582621962,1.3522947858102834
2807,2.1749999999999776,0.7998275914365169,8.0,0.25825556097377816,1.0580831524102952
2808,2.199999999999978,0.8045367969360243,8.0,0.09800257941039738,0.9025393763464217
2809,2.2249999999999783,0.8084644609882685,8.0,0.07616558772913186,0.8846300487174004
2810,2.249999999999978,0.8116136126888289,8.0,-0.14657883271882685,0.665034779970002
2811,2.2749999999999773,0.813983656816822,8.0,-0.035531088501307935,0.7784525683155141
2812,2.2999999999999776,0.8155679613620281,8.0,0.31136466000039104,1.1269326213624191
2813,2.324999999999978,0.8163519460761738,8.0,-0.22106660087866717,0.5952853451975066
2814,2.349999999999977,0.8163117449685683,8.0,-0.3065801534880498,0.5097315914805185
2815,2.374999999999977,0.815413515177695,8.0,-0.09826079965659672,0.7171527155210983
2816,2.3999999999999773,0.813613463281715,8.0,-0.2149057260035825,0.5987077372781325
2817,2.4249999999999776,0.8108586535462864,8.0,0.08410973170390808,0.8949683852501945
2818,2.449999999999977,0.807088646912118,8.0,0.014549130222063856,0.8216377771341818
2819,2.474999999999977,0.8022379911302655,8.0,-0.18791920827207137,0.6143187828581942
2820,2.499999999999977,0.7962395381476239,8.0,0.13213432939316494,0.9283738675407889
2821,2.5249999999999773,0.7890285022138736,8.0,-0.11295189949855318,0.6760766027153203
2822,2.5499999999999767,0.7805470911240158,8.0,-0.221144282928344,0.5594028081956718
2823,2.574999999999976,0.7707494487285785,8.0,-0.0167383680220363,0.7540110807065422
2824,2.599999999999977,0.7596065537843718,8.0,0.08614681972134791,0.8457533735057197
2825,2.624999999999977,0.7471106548742175,8.0,-0.4032994854294572,0.34381116944476026
2826,2.6499999999999764,0.7332788198847201,8.0,0.018377642105098544,0.7516564619898186
2827,2.674999999999976,0.7181552765161925,8.0,0.10412595529758778,0.8222812318137802
2828,2.699999999999976,0.7018124301374924,8.0,0.03728871141544064,0.739101141552933
2829,2.724999999999977,0.6843507321468126,8.0,-0.12243427217158863,0.561916459975224
2830,2.749999999999976,0.6658978401561708,8.0,-0.1498933885784172,0.5160044515777537
2831,2.7749999999999755,0.6466076216979885,8.0,-0.432248651079615,0.21435897061837345
2832,2.799999999999976,0.6266593813932152,8.0,-0.08088032752471597,0.5457790538684992
2833,2.824999999999976,0.6062572118047364,8.0,0.06124965758314596,0.6675068693878823
2834,2.849999999999976,0.5856287191051195,8.0,0.21737408271563177,0.8030028018207512
2835,2.874999999999975,0.5650218518134581,8.0,0.42877068952981506,0.9937925413432731
2836,2.8999999999999755,0.5446985053178265,8.0,0.02503082987572113,0.5697293351935476
2837,2.924999999999976,0.5249241871281399,8.0,0.04888498514384673,0.5738091722719867
2838,2.9499999999999758,0.5059542041663326,8.0,-0.22152950124129478,0.28442470292503785
2839,2.9749999999999748,0.4880181469135446,8.0,0.3318806326503115,0.8198987795638562
2840,2.999999999999975,0.4713053263636419,8.0,0.07166360411068838,0.5429689304743303
2841,3.0249999999999755,0.4559538561041113,8.0,0.10811356612316787,0.5640674222272792
2842,3.049999999999975,0.4420452377952124,8.0,-0.03480289991268778,0.4072423378825246
2843,3.0749999999999744,0.4296049667049375,8.0,0.1376529948883429,0.5672579615932803
2844,3.0999999999999748,0.4186083569415326,8.0,-0.11184101850479433,0.30676733843673826
2845,3.124999999999975,0.4089899171904631,8.0,0.06823787674703931,0.4772277939375024
2846,3.1499999999999746,0.4006543414377002,8.0,-0.07001942135955842,0.33063492007814177
2847,3.174999999999974,0.39348741576746,8.0,-0.02162147657663675,0.3718659391908232
2848,3.1999999999999744,0.38736565402686,8.0,-0.015445624207272354,0.37192002981958766
2849,3.2249999999999748,0.382164037574521,8.0,-0.0006486191600653637,0.38151541841445563
2850,3.2499999999999742,0.3777617006479451,8.0,-0.002551905542597477,0.37520979510534763
2851,3.2749999999999737,0.3740457149623893,8.0,-0.11547934123168263,0.2585663737307067
2852,3.299999999999974,0.3709132905085351,8.0,-0.23498427131438232,0.1359290191941528
2853,3.3249999999999744,0.3682727604665928,8.0,-0.0023489237116161017,0.3659238367549767
2854,3.349999999999974,0.366043699008843,8.0,-0.22042922997037293,0.14561446903847006
2855,3.3749999999999734,0.3641564667293426,8.0,0.27066523148991006,0.6348216982192527
2856,3.3999999999999737,0.3625514135984217,8.0,-0.2557031636361961,0.10684824996222558
2857,3.424999999999974,0.3611779075841398,8.0,-0.006978981171960272,0.35419892641217954
2858,3.449999999999973,0.3599933048683588,8.0,0.08626944567569736,0.4462627505440562
2859,3.474999999999973,0.3589619367287083,8.0,-0.027501350946267024,0.33146058578244125
2860,3.4999999999999734,0.3580541579962239,8.0,0.09697917139996931,0.45503332939619323
2861,3.5249999999999737,0.3572454808049441,8.0,-0.11881189565599926,0.23843358514894486
2862,3.549999999999973,0.3565158031482591,8.0,0.0923899356136192,0.4489057387618783
2863,3.5749999999999726,0.3558487327276275,8.0,0.29567383409848025,0.6515225668261078
2864,3.599999999999973,0.3552310012170777,8.0,0.03238366067499296,0.3876146618920706
2865,3.624999999999973,0.3546519612066601,8.0,0.24407305888993985,0.5987250200965999
2866,3.649999999999973,0.3541031568693137,8.0,0.025862724401552475,0.37996588127086617
2867,3.674999999999972,0.3535779592061694,8.0,0.00874035712165783,0.36231831632782724
2868,3.6999999999999726,0.3530712571427888,8.0,0.3577359988496204,0.7108072559924092
2869,3.724999999999973,0.3525791964909027,8.0,0.08124587682862688,0.4338250733195296
2870,3.749999999999973,0.3520989596739996,8.0,0.03259674109690693,0.38469570077090653
2871,3.774999999999972,0.3516285800269143,8.0,0.28155851023220096,0.6331870902591152
2872,3.799999999999972,0.3511667853525166,8.0,0.10509627991490553,0.4562630652674221
2873,3.8249999999999726,0.350712866216636,8.0,-0.0978014027728721,0.2529114634437639
2874,3.849999999999972,0.3502665651694939,8.0,0.08858329294570978,0.43884985811520366
2875,3.874999999999972,0.3498279836943049,8.0,0.08909591415650148,0.4389238978508064
2876,3.899999999999972,0.3493975042051179,8.0,-0.030379864368553555,0.31901763983656434
2877,3.924999999999972,0.3489757248538387,8.0,-0.2163315708522276,0.13264415400161111
2878,3.949999999999972,0.3485634052703596,8.0,-0.0014541265272989517,0.3471092787430607
2879,3.9749999999999712,0.3481614216597278,8.0,0.33355019309315026,0.6817116147528781
2880,-4.0,0.8119735952887394,9.0,0.1411026561797184,0.9530762514684578
2881,-3.975,0.8116029768472913,9.0,-0.31889288986398856,0.49271008698330276
2882,-3.95,0.8112372304405115,9.0,-0.022474940831577698,0.7887622896089338
2883,-3.925,0.8108801304250396,9.0,-0.08589085559177304,0.7249892748332666
2884,-3.9,0.8105362260168533,9.0,-0.20169785882730265,0.6088383671895506
2885,-3.875,0.8102109931440509,9.0,0.15973424655858356,0.9699452397026345
2886,-3.850000000000001,0.8099110164501309,9.0,0.2525564274864798,1.0624674439366106
2887,-3.8250000000000006,0.8096442072361184,9.0,-0.1032289168140745,0.7064152904220439
2888,-3.8000000000000007,0.8094200640569655,9.0,0.2042555999042486,1.0136756639612141
2889,-3.775000000000001,0.8092499836475654,9.0,-0.2319578473678237,0.5772921362797416
2890,-3.750000000000001,0.8091476307677553,9.0,-0.05903598143590943,0.7501116493318459
2891,-3.725000000000001,0.8091293762856295,9.0,0.2691993041357163,1.0783286804213459
2892,-3.700000000000001,0.8092148131349518,9.0,0.24949132774886346,1.0587061408838152
2893,-3.675000000000001,0.8094273593175009,9.0,0.04777648883236431,0.8572038481498652
2894,-3.650000000000001,0.8097949553013,9.0,0.2865719589860999,1.0963669142873997
2895,-3.625000000000001,0.8103508591169127,9.0,-0.4316112564516958,0.37873960266521695
2896,-3.6000000000000014,0.8111345348739063,9.0,0.021451037957352006,0.8325855728312583
2897,-3.575000000000001,0.8121926174088754,9.0,0.13787274809942957,0.9500653655083049
2898,-3.5500000000000016,0.8135799146332697,9.0,-0.10724160376495252,0.7063383108683172
2899,-3.5250000000000017,0.8153603761410624,9.0,-0.34242028497546456,0.4729400911655978
2900,-3.5000000000000018,0.8176079067989774,9.0,0.2875221612342981,1.1051300680332754
2901,-3.475000000000002,0.820406831115794,9.0,0.05532277929711044,0.8757296104129045
2902,-3.450000000000002,0.823851710910212,9.0,0.05389690818567143,0.8777486190958834
2903,-3.425000000000002,0.8280460779704394,9.0,0.07855583324626836,0.9066019112167077
2904,-3.400000000000002,0.8330994604831156,9.0,0.06778928095369015,0.9008887414368058
2905,-3.375000000000002,0.8391218606344666,9.0,-0.22233614854669412,0.6167857120877724
2906,-3.3500000000000023,0.8462146037733614,9.0,0.0513326651117567,0.8975472688851182
2907,-3.3250000000000024,0.8544562902248951,9.0,0.1517935039041115,1.0062497941290065
2908,-3.3000000000000025,0.8638825826290258,9.0,0.24019525651241272,1.1040778391414385
2909,-3.2750000000000026,0.874459042467802,9.0,-0.014256293167939823,0.8602027492998622
2910,-3.2500000000000027,0.8860476919558908,9.0,-0.2900571218346093,0.5959905701212815
2911,-3.2250000000000028,0.8983710900837312,9.0,0.11960203091669894,1.0179731210004301
2912,-3.200000000000003,0.910982775918306,9.0,-0.13065833803442353,0.7803244378838825
2913,-3.175000000000003,0.923258350572062,9.0,-0.13019326192600927,0.7930650886460526
2914,-3.150000000000003,0.9344216794860444,9.0,-0.29390897038695313,0.6405127090990912
2915,-3.125000000000003,0.9436074150891994,9.0,-0.07017603311958247,0.873431381969617
2916,-3.100000000000003,0.9499337146946882,9.0,-0.07558127045205867,0.8743524442426296
2917,-3.0750000000000037,0.9525391815049848,9.0,-0.10736525043773988,0.8451739310672449
2918,-3.050000000000004,0.9505616148643784,9.0,-0.10526343400920406,0.8452981808551744
2919,-3.0250000000000035,0.943112715130132,9.0,-0.21000927336314823,0.7331034417669837
2920,-3.000000000000004,0.9293807035564084,9.0,-0.07302341851902144,0.8563572850373871
2921,-2.975000000000004,0.9089629211357516,9.0,0.3272638342549241,1.2362267553906756
2922,-2.950000000000004,0.8823053002770074,9.0,-0.056769616645831925,0.8255356836311755
2923,-2.925000000000004,0.8508591425775394,9.0,0.10958442057732534,0.9604435631548647
2924,-2.900000000000004,0.8166745938210475,9.0,0.15384840504476874,0.9705229988658162
2925,-2.875000000000004,0.7816624398415913,9.0,-0.10152348475420854,0.6801389550873828
2926,-2.850000000000004,0.7470389364085056,9.0,-0.08783358003402715,0.6592053563744784
2927,-2.825000000000004,0.7132163660665415,9.0,-0.05798619398176167,0.6552301720847798
2928,-2.8000000000000043,0.6800427774990431,9.0,0.07509970098110393,0.755142478480147
2929,-2.7750000000000044,0.6471775220451491,9.0,0.1684898123919687,0.8156673344371178
2930,-2.7500000000000044,0.614439797041613,9.0,-0.3007640458071798,0.3136757512344332
2931,-2.7250000000000045,0.5820302017891325,9.0,0.1943931817296701,0.7764233835188026
2932,-2.7000000000000046,0.5505694603640232,9.0,-0.04287493600059275,0.5076945243634304
2933,-2.6750000000000047,0.5209561146342213,9.0,-0.08331179556444984,0.43764431906977147
2934,-2.650000000000005,0.4941170393296827,9.0,-0.08056237970071453,0.4135546596289682
2935,-2.625000000000005,0.4707659999339188,9.0,-0.08648985754739097,0.38427614238652785
2936,-2.600000000000005,0.4512616855298204,9.0,0.2795547075417006,0.730816393071521
2937,-2.575000000000005,0.4355895774734472,9.0,0.11375455432260695,0.5493441317960541
2938,-2.550000000000005,0.4234342290207097,9.0,-0.20655751810811337,0.21687671091259633
2939,-2.525000000000005,0.4142893188171702,9.0,0.06590102669297788,0.48019034551014805
2940,-2.5000000000000053,0.407564305752589,9.0,0.11623447168692713,0.5237987774395161
2941,-2.4750000000000054,0.402667177210705,9.0,-0.10178099924558938,0.30088617796511563
2942,-2.450000000000005,0.3990587217610249,9.0,-0.25127419136819523,0.14778453039282968
2943,-2.4250000000000056,0.3962818870658884,9.0,-0.02204653964675251,0.3742353474191359
2944,-2.4000000000000057,0.3939723635094982,9.0,-0.016360562410690928,0.37761180109880726
2945,-2.3750000000000058,0.3918564309837231,9.0,-0.06568188036220322,0.32617455062151984
2946,-2.350000000000006,0.3897410980186819,9.0,0.35145138168843476,0.7411924797071167
2947,-2.325000000000006,0.3875004044005316,9.0,0.17254025901929068,0.5600406634198223
2948,-2.300000000000006,0.3850606780008021,9.0,0.12011988996368611,0.5051805679644883
2949,-2.275000000000006,0.3823865882270253,9.0,-0.010619735841913275,0.37176685238511203
2950,-2.250000000000006,0.3794690485661637,9.0,-0.0027483399965845022,0.3767207085695792
2951,-2.2250000000000063,0.3763154109474839,9.0,-0.020879886246428683,0.3554355247010552
2952,-2.2000000000000064,0.3729419707481283,9.0,0.24862920116514362,0.6215711719132719
2953,-2.1750000000000065,0.3693685461806342,9.0,0.012154293962668799,0.381522840143303
2954,-2.1500000000000066,0.365614775328655,9.0,0.23702614536486355,0.6026409206935186
2955,-2.1250000000000067,0.3616977477248225,9.0,-0.03659487391931403,0.32510287380550845
2956,-2.1000000000000068,0.3576306177523807,9.0,-0.08989362958043663,0.2677369881719441
2957,-2.075000000000007,0.3534219053000678,9.0,-0.3683126036182431,-0.0148906983181753
2958,-2.050000000000007,0.3490752555092659,9.0,-0.038168550864163556,0.31090670464510234
2959,-2.025000000000007,0.3445894928325003,9.0,0.042213502628942676,0.386802995461443
2960,-2.000000000000007,0.3399588596514239,9.0,-0.11203666804679062,0.22792219160463328
2961,-1.9750000000000072,0.33517337480631,9.0,0.1407684544012895,0.4759418292075995
2962,-1.9500000000000075,0.3302192829633404,9.0,-0.09354647929290819,0.23667280367043222
2963,-1.9250000000000076,0.325079592902161,9.0,0.009388220217656304,0.33446781311981727
2964,-1.9000000000000077,0.3197347225638997,9.0,-0.451084825758914,-0.13135010319501433
2965,-1.8750000000000075,0.3141632815092728,9.0,-0.18584345597872465,0.12831982553054816
2966,-1.850000000000008,0.3083430269493048,9.0,0.17915951647393014,0.48750254342323496
2967,-1.825000000000008,0.3022520265774436,9.0,-0.07402345406708451,0.2282285725103591
2968,-1.8000000000000078,0.2958700483630407,9.0,-0.11061435351289829,0.18525569485014243
2969,-1.775000000000008,0.2891801726469615,9.0,-0.07774198373283749,0.21143818891412403
2970,-1.750000000000008,0.2821705847949638,9.0,-0.2396011905622712,0.042569394232692626
2971,-1.725000000000008,0.2748364592911326,9.0,0.042263486536736235,0.3170999458278688
2972,-1.7000000000000082,0.2671817944316566,9.0,-0.06374011316758045,0.2034416812640762
2973,-1.6750000000000085,0.2592210115171378,9.0,0.3561039032632598,0.6153249147803976
2974,-1.6500000000000083,0.2509801087224846,9.0,-0.047269104682046696,0.2037110040404379
2975,-1.6250000000000084,0.2424971739827576,9.0,-0.14050406875392857,0.10199310522882904
2976,-1.6000000000000083,0.2338221251336911,9.0,-0.23256253289528772,0.0012595922384033842
2977,-1.5750000000000086,0.2250156592454122,9.0,0.08110817783568916,0.30612383708110136
2978,-1.5500000000000087,0.2161475386991259,9.0,-0.2687055742276742,-0.05255803552854832
2979,-1.5250000000000088,0.2072944821112327,9.0,-0.13983908176022658,0.06745540035100611
2980,-1.5000000000000089,0.1985380145992594,9.0,-0.03820893207823936,0.16032908252102004
2981,-1.475000000000009,0.1899626180615541,9.0,-0.016787225753507495,0.1731753923080466
2982,-1.450000000000009,0.1816543847566982,9.0,0.1412356534389166,0.3228900381956148
2983,-1.4250000000000091,0.1737001329376253,9.0,-0.17251834536595828,0.001181787571667009
2984,-1.4000000000000092,0.1661866545595474,9.0,-0.24297879192087643,-0.07679213736132903
2985,-1.375000000000009,0.1591995321754383,9.0,-0.24875098188859912,-0.08955144971316081
2986,-1.3500000000000094,0.1528208947320774,9.0,0.01413119797578406,0.16695209270786146
2987,-1.3250000000000095,0.1471256580546062,9.0,0.3864022620677644,0.5335279201223706
2988,-1.3000000000000096,0.1421762186001791,9.0,-0.34698228669514924,-0.20480606809497015
2989,-1.2750000000000097,0.1380161421997177,9.0,0.2533343093248201,0.3913504515245378
2990,-1.2500000000000098,0.1346639306174346,9.0,0.3043704024481092,0.4390343330655438
2991,-1.22500000000001,0.1321082486729359,9.0,0.057986886086906456,0.19009513475984235
2992,-1.20000000000001,0.1303059042617378,9.0,0.06972365413319909,0.20002955839493688
2993,-1.17500000000001,0.1291833779552448,9.0,-0.21213340203809086,-0.08295002408284607
2994,-1.15000000000001,0.1286419370167055,9.0,-0.3010580914423483,-0.1724161544256428
2995,-1.1250000000000102,0.1285655826840816,9.0,0.40679017185268973,0.5353557545367713
2996,-1.1000000000000103,0.1288305150061943,9.0,-0.4059436237252297,-0.2771131087190354
2997,-1.0750000000000104,0.1293146072544748,9.0,0.2531029335086478,0.3824175407631226
2998,-1.0500000000000105,0.1299055694096257,9.0,-0.08918028732443396,0.04072528208519173
2999,-1.0250000000000106,0.1305069305317318,9.0,-0.07975606267600137,0.05075086785573042
3000,-1.0000000000000109,0.1310415091122262,9.0,0.02062463007315211,0.1516661391853783
3001,-0.9750000000000107,0.1314525127151654,9.0,0.3799999544576961,0.5114524671728615
3002,-0.9500000000000108,0.1317027220200513,9.0,0.3865717433873354,0.5182744654073868
3003,-0.9250000000000108,0.1317723508726285,9.0,-0.04028562689981553,0.09148672397281297
3004,-0.900000000000011,0.1316561658479173,9.0,0.050792438420282054,0.18244860426819937
3005,-0.8750000000000111,0.1313603505933395,9.0,-0.2400827603963216,-0.10872240980298209
3006,-0.8500000000000112,0.130899464134794,9.0,0.0520747149312791,0.1829741790660731
3007,-0.8250000000000113,0.1302937062255224,9.0,0.19095328807572404,0.3212469943012464
3008,-0.8000000000000114,0.1295665878736676,9.0,-0.041685694088409525,0.08788089378525807
3009,-0.7750000000000115,0.1287430193763918,9.0,-0.12690146429314578,0.001841555083246016
3010,-0.7500000000000115,0.1278477713758474,9.0,-0.06806373462831374,0.05978403674753367
3011,-0.7250000000000116,0.126904232718397,9.0,0.09727469154779209,0.22417892426618907
3012,-0.7000000000000117,0.1259333772963309,9.0,0.07251189170661015,0.19844526900294104
3013,-0.6750000000000118,0.1249528558257693,9.0,0.050356855231499346,0.17530971105726864
3014,-0.6500000000000119,0.1239761432539104,9.0,0.0604456447497816,0.184421788003692
3015,-0.625000000000012,0.1230116937406064,9.0,0.019898904580598814,0.14291059832120523
3016,-0.6000000000000121,0.1220620779829405,9.0,-0.06687964129849633,0.05518243668444417
3017,-0.5750000000000122,0.1211230964837163,9.0,0.11776359884704525,0.23888669533076157
3018,-0.5500000000000123,0.1201828714332295,9.0,-0.075010944771809,0.0451719266614205
3019,-0.5250000000000123,0.1192209142202166,9.0,0.047463358572971084,0.1666842727931877
3020,-0.5000000000000124,0.1182071425455424,9.0,0.09065747605259665,0.20886461859813904
3021,-0.4750000000000125,0.1171007818920523,9.0,-0.059250325953665896,0.0578504559383864
3022,-0.4500000000000126,0.1158490371142279,9.0,-0.17543969854267466,-0.05959066142844675
3023,-0.4250000000000127,0.1143853736933157,9.0,0.1617199107727696,0.2761052844660853
3024,-0.4000000000000128,0.1126272245018652,9.0,-0.05734298156780194,0.05528424293406326
3025,-0.3750000000000129,0.1104729663118133,9.0,0.3154962746273742,0.4259692409391875
3026,-0.3500000000000129,0.1077981367238175,9.0,0.12193793427022198,0.22973607099403948
3027,-0.325000000000013,0.1044511624459196,9.0,0.13611508095813266,0.24056624340405225
3028,-0.3000000000000131,0.1002494719504731,9.0,-0.2986239528903154,-0.1983744809398423
3029,-0.2750000000000132,0.0949779793966011,9.0,-0.055303173844382755,0.03967480555221835
3030,-0.2500000000000133,0.0883938647497182,9.0,-0.17489900164588706,-0.08650513689616886
3031,-0.2250000000000134,0.080244710981582,9.0,0.1900077610472377,0.2702524720288197
3032,-0.2000000000000135,0.0703115925830067,9.0,-0.3197267249604708,-0.24941513237746407
3033,-0.1750000000000136,0.0584939859276114,9.0,0.1414308308727352,0.1999248168003466
3034,-0.1500000000000136,0.0449565088260616,9.0,-0.18155909395159944,-0.13660258512553786
3035,-0.1250000000000137,0.0303517674987795,9.0,-0.3083836216935193,-0.2780318541947398
3036,-0.1000000000000138,0.0161093568560825,9.0,-0.1010835550174282,-0.0849741981613457
3037,-0.0750000000000139,0.0047342336993332,9.0,-0.06762234548831483,-0.06288811178898163
3038,-0.050000000000014,0.0,9.0,-0.1550447524131976,-0.1550447524131976
3039,-0.0250000000000141,0.0068524590251524,9.0,0.01228342926104219,0.01913588828619459
3040,-1.4210854715202004e-14,0.030662331044386,9.0,-0.08957443440891112,-0.058912103364525126
3041,0.0249999999999861,0.0751944360319659,9.0,0.148976389486279,0.2241708255182449
3042,0.0499999999999856,0.1392458342369232,9.0,0.15694355904150178,0.296189393278425
3043,0.074999999999985,0.2142667227358672,9.0,-0.050844415855968855,0.16342230687989834
3044,0.0999999999999854,0.2858988525771083,9.0,-0.12647679337845663,0.15942205919865166
3045,0.1249999999999857,0.3400163396869642,9.0,-0.18483564083186851,0.1551806988550957
3046,0.1499999999999852,0.3721314341162638,9.0,-0.3197473734722417,0.052384060644022123
3047,0.1749999999999847,0.3899635052753534,9.0,0.12385302838778194,0.5138165336631353
3048,0.199999999999985,0.4035952085256296,9.0,-0.14718770184416383,0.2564075066814657
3049,0.2249999999999854,0.4177750169664417,9.0,0.06757397541565671,0.4853489923820984
3050,0.2499999999999849,0.4327558660506193,9.0,-0.5235993570345533,-0.09084349098393402
3051,0.2749999999999843,0.4473718293571307,9.0,-0.22335024818901952,0.2240215811681112
3052,0.2999999999999847,0.4607217358666071,9.0,0.46628136822799954,0.9270031040946066
3053,0.3249999999999851,0.4725906191406294,9.0,0.16884817671875765,0.641438795859387
3054,0.3499999999999845,0.4833240678061072,9.0,-0.43510165255380984,0.04822241525229737
3055,0.374999999999984,0.4935469400921934,9.0,0.15297261209316268,0.6465195521853561
3056,0.3999999999999843,0.5038780272186743,9.0,0.15319268548187798,0.6570707127005522
3057,0.4249999999999847,0.5147057079093441,9.0,-0.03928647286686997,0.47541923504247413
3058,0.4499999999999842,0.5260626387316771,9.0,0.09739410497721929,0.6234567437088965
3059,0.4749999999999836,0.5375952805916763,9.0,-0.04068930988285521,0.49690597070882103
3060,0.499999999999984,0.5485752797001455,9.0,0.03668903886335759,0.5852643185635031
3061,0.5249999999999844,0.5579345646122221,9.0,-0.02096230829702595,0.5369722563151962
3062,0.5499999999999838,0.5645026975348757,9.0,0.027266658329594424,0.5917693558644701
3063,0.5749999999999833,0.5680159301089943,9.0,0.1637230200857004,0.7317389501946947
3064,0.5999999999999837,0.571840635109547,9.0,0.10214759128918245,0.6739882263987295
3065,0.624999999999984,0.5876952091245496,9.0,-0.121705875885226,0.4659893332393237
3066,0.6499999999999835,0.6381374798643517,9.0,0.35885487204471306,0.9969923519090647
3067,0.674999999999983,0.7208746917621027,9.0,-0.49335188391966905,0.22752280784243367
3068,0.6999999999999833,0.7642410043511307,9.0,-0.002666463470558804,0.761574540880572
3069,0.7249999999999837,0.7534853752264371,9.0,-0.10393999767976526,0.6495453775466719
3070,0.7499999999999831,0.7302851238166398,9.0,-0.15845458534462464,0.5718305384720151
3071,0.7749999999999826,0.7204510080511618,9.0,-0.1924897856018688,0.527961222449293
3072,0.799999999999983,0.7335054559060105,9.0,-0.1440176222342169,0.5894878336717936
3073,0.8249999999999833,0.7718319799967024,9.0,0.08801030870172302,0.8598422886984254
3074,0.8499999999999828,0.8314771298393672,9.0,0.028673386147129522,0.8601505159864967
3075,0.8749999999999822,0.8986851745360068,9.0,0.04883103146295823,0.947516205998965
3076,0.8999999999999826,0.9541116791797386,9.0,0.1374026706150756,1.091514349794814
3077,0.924999999999983,0.9869871837176946,9.0,0.0582578546706527,1.0452450383883471
3078,0.9499999999999824,0.9999999999999968,9.0,0.03216593791084304,1.0321659379108399
3079,0.974999999999982,0.998520317264279,9.0,0.48563202420969986,1.4841523414739788
3080,0.9999999999999822,0.9819555981486334,9.0,0.1965508751086027,1.1785064732572361
3081,1.0249999999999826,0.9401165969049752,9.0,0.0478253971105438,0.987941994015519
3082,1.049999999999982,0.8559492102833404,9.0,-0.25280083401080833,0.603148376272532
3083,1.0749999999999815,0.7379470833069793,9.0,0.06151196023655665,0.799459043543536
3084,1.099999999999982,0.6278280656426187,9.0,0.08011153506764013,0.7079396007102589
3085,1.1249999999999822,0.5475269624754203,9.0,0.024856399521992766,0.5723833619974131
3086,1.1499999999999817,0.494113064370626,9.0,-0.18593871285485508,0.30817435151577094
3087,1.1749999999999812,0.458805367391863,9.0,-0.28510031003979913,0.17370505735206387
3088,1.1999999999999815,0.4342495934032018,9.0,0.11877664599996514,0.553026239403167
3089,1.224999999999982,0.4157036713943401,9.0,0.12463291262834846,0.5403365840226886
3090,1.2499999999999811,0.4005186279489962,9.0,-0.13836552336326932,0.2621531045857268
3091,1.2749999999999808,0.3873499589937598,9.0,0.03160012473199959,0.41895008372575937
3092,1.2999999999999812,0.3755675246807451,9.0,0.16524278921667482,0.54081031389742
3093,1.3249999999999815,0.3649021927792985,9.0,-0.02461944525528317,0.3402827475240153
3094,1.349999999999981,0.3552546604100072,9.0,0.08681264066902422,0.4420673010790314
3095,1.3749999999999805,0.3465982196945829,9.0,-0.06659106287184768,0.2800071568227352
3096,1.3999999999999808,0.3389322285483511,9.0,-0.08476517682870395,0.25416705171964715
3097,1.4249999999999812,0.3322617632465721,9.0,-0.2539941533507359,0.0782676098958362
3098,1.4499999999999806,0.3265901465968467,9.0,0.17652686889720587,0.5031170154940525
3099,1.47499999999998,0.321917341439617,9.0,0.23342245113081475,0.5553397925704318
3100,1.4999999999999805,0.3182406445193709,9.0,-0.032728184762418795,0.2855124597569521
3101,1.5249999999999808,0.3155559622212217,9.0,-0.06915744627048885,0.2463985159507328
3102,1.5499999999999805,0.3138589096636012,9.0,0.17384371402584567,0.48770262368944683
3103,1.5749999999999795,0.3131454504697921,9.0,-0.060888804329828294,0.2522566461399638
3104,1.59999999999998,0.3134120131463357,9.0,-0.1972313427148876,0.11618067043144811
3105,1.6249999999999805,0.314655108450808,9.0,0.08756030826694298,0.402215416717751
3106,1.64999999999998,0.3168705005200178,9.0,0.06922662538163608,0.3860971259016539
3107,1.6749999999999794,0.3200519906510728,9.0,0.11149462570571302,0.4315466163567858
3108,1.6999999999999795,0.3241898761620029,9.0,0.20911562426733324,0.5333055004293361
3109,1.72499999999998,0.3292691571337386,9.0,-0.04909092918796028,0.28017822794577835
3110,1.7499999999999796,0.3352675842983729,9.0,-0.018516090380056315,0.3167514939183166
3111,1.774999999999979,0.3421536708096294,9.0,-0.09327805490020129,0.24887561590942808
3112,1.7999999999999794,0.3498848244318144,9.0,-0.17588021846716573,0.17400460596464867
3113,1.82499999999998,0.3584057870019288,9.0,-0.21973295053111164,0.13867283647081718
3114,1.8499999999999792,0.3676475848277208,9.0,-0.07093889620423209,0.2967086886234887
3115,1.874999999999979,0.377527186599743,9.0,0.025204154420351378,0.4027313410200944
3116,1.899999999999979,0.3879480265657268,9.0,0.10769393290153255,0.49564195946725936
3117,1.9249999999999796,0.3988014781603427,9.0,0.11613031995777871,0.5149317981181214
3118,1.9499999999999789,0.4099692634737313,9.0,-0.3178427787114617,0.09212648476226959
3119,1.9749999999999783,0.4213266721265123,9.0,-0.05332906723347173,0.36799760489304056
3120,1.999999999999979,0.4327463604175988,9.0,0.08739922044089019,0.5201455808584889
3121,2.024999999999979,0.4441024292465226,9.0,0.4003720980901428,0.8444745273366654
3122,2.0499999999999785,0.4552744519495584,9.0,-0.16472033177703477,0.29055412017252363
3123,2.074999999999978,0.4661511442289676,9.0,-0.00999967898169231,0.4561514652472753
3124,2.0999999999999783,0.476633429371929,9.0,0.12330808493292753,0.5999415143048565
3125,2.1249999999999787,0.4866367364843152,9.0,0.38331603276974724,0.8699527692540625
3126,2.149999999999978,0.4960924591558062,9.0,-0.21502287683547425,0.28106958232033197
3127,2.1749999999999776,0.5049485821662509,9.0,-0.15052387799084904,0.3544247041754019
3128,2.199999999999978,0.5131695463528376,9.0,0.009422973802710326,0.5225925201555479
3129,2.2249999999999783,0.5207354644979063,9.0,0.22426473744568237,0.7450002019435886
3130,2.249999999999978,0.5276408257803232,9.0,0.025893989272461764,0.553534815052785
3131,2.2749999999999773,0.5338928359858933,9.0,-0.03717065900024244,0.4967221769856509
3132,2.2999999999999776,0.5395095381395477,9.0,0.30760712827243475,0.8471166664119825
3133,2.324999999999978,0.5445178458596325,9.0,-0.07569139787771235,0.46882644798192014
3134,2.349999999999977,0.5489516017858983,9.0,0.03247364644044648,0.5814252482263448
3135,2.374999999999977,0.5528497484508853,9.0,-0.11667363077334075,0.43617611767754455
3136,2.3999999999999773,0.5562546718884391,9.0,0.08634892348228186,0.642603595370721
3137,2.4249999999999776,0.5592107521246751,9.0,0.06288173635569083,0.6220924884803659
3138,2.449999999999977,0.5617631320860078,9.0,-0.07976535972587781,0.48199777236013
3139,2.474999999999977,0.563956699145354,9.0,-0.014458124080483496,0.5494985750648704
3140,2.499999999999977,0.565835262197294,9.0,-0.10604748373632746,0.4597877784609665
3141,2.5249999999999773,0.5674409014647518,9.0,-0.1737863478710787,0.3936545535936731
3142,2.5499999999999767,0.5688134670854725,9.0,0.5880226520981026,1.1568361191835752
3143,2.574999999999976,0.5699902044047558,9.0,0.13291142193050925,0.702901626335265
3144,2.599999999999977,0.5710054872888347,9.0,-0.11330241553397251,0.4577030717548622
3145,2.624999999999977,0.5718906444130061,9.0,0.02621044821560717,0.5981010926286132
3146,2.6499999999999764,0.5726738665330934,9.0,-0.025135816782069515,0.5475380497510238
3147,2.674999999999976,0.5733801848266183,9.0,-0.14156321043359443,0.4318169743930239
3148,2.699999999999976,0.5740315114715653,9.0,-0.25635080609075983,0.31768070538080545
3149,2.724999999999977,0.5746467339400709,9.0,-0.1662081450819222,0.40843858885814877
3150,2.749999999999976,0.5752418543543957,9.0,-0.08129099350623484,0.49395086084816087
3151,2.7749999999999755,0.5758301650119773,9.0,0.016053056250748935,0.5918832212627262
3152,2.799999999999976,0.576422451089561,9.0,-0.1489823018135259,0.42744014927603513
3153,2.824999999999976,0.5770272117326187,9.0,-0.047120907313339525,0.5299063044192792
3154,2.849999999999976,0.577650891272733,9.0,0.019977321684363235,0.5976282129570962
3155,2.874999999999975,0.5782981131601796,9.0,-0.027749336912775487,0.5505487762474042
3156,2.8999999999999755,0.5789719102700724,9.0,0.16720818421326278,0.7461800944833352
3157,2.924999999999976,0.5796739464366771,9.0,-0.12059420626929061,0.4590797401673865
3158,2.9499999999999758,0.5804047252924696,9.0,0.00795041535890952,0.5883551406513791
3159,2.9749999999999748,0.5811637836534154,9.0,0.22702032297952487,0.8081841066329403
3160,2.999999999999975,0.5819498677400453,9.0,-0.12976963573562955,0.45218023200441576
3161,3.0249999999999755,0.5827610914194108,9.0,0.08393386993168839,0.6666949613510992
3162,3.049999999999975,0.5835950763811264,9.0,0.0344898097142684,0.6180848860953948
3163,3.0749999999999744,0.5844490747231101,9.0,0.3109282300074568,0.8953773047305669
3164,3.0999999999999748,0.5853200748320527,9.0,0.06794418198464372,0.6532642568166964
3165,3.124999999999975,0.5862048917197644,9.0,-0.22272850849618572,0.36347638322357867
3166,3.1499999999999746,0.5871002431415804,9.0,0.32479152048743426,0.9118917636290147
3167,3.174999999999974,0.5880028128996916,9.0,-0.01684740539041741,0.5711554075092742
3168,3.1999999999999744,0.5889093027435333,9.0,0.1753294326813594,0.7642387354248926
3169,3.2249999999999748,0.5898164742396551,9.0,0.0708304553217305,0.6606469295613856
3170,3.2499999999999742,0.5907211819102601,9.0,0.06537337318609183,0.656094555096352
3171,3.2749999999999737,0.5916203988452068,9.0,0.104936364663485,0.6965567635086918
3172,3.299999999999974,0.592511235886359,9.0,0.0540982800243582,0.6466095159107172
3173,3.3249999999999744,0.5933909553729955,9.0,-0.100146742661195,0.49324421271180047
3174,3.349999999999974,0.5942569803275511,9.0,-0.17580446909733627,0.4184525112302149
3175,3.3749999999999734,0.5951068998559851,9.0,0.0038669784797906266,0.5989738783357758
3176,3.3999999999999737,0.5959384714386174,9.0,-0.02283751724134052,0.5731009541972769
3177,3.424999999999974,0.596749620696766,9.0,-0.4251723356281247,0.17157728506864128
3178,3.449999999999973,0.5975384391384422,9.0,-0.47226971229988857,0.1252687268385536
3179,3.474999999999973,0.5983031803129027,9.0,0.11963747895607535,0.7179406592689781
3180,3.4999999999999734,0.5990422547386387,9.0,0.021968397846502473,0.6210106525851412
3181,3.5249999999999737,0.5997542239120838,9.0,-0.03327904001191077,0.566475183900173
3182,3.549999999999973,0.6004377936542482,9.0,-0.1087793219864609,0.4916584716677873
3183,3.5749999999999726,0.6010918070090284,9.0,-0.37489319238661156,0.22619861462241686
3184,3.599999999999973,0.6017152368694612,9.0,0.030778788655592883,0.6324940255250541
3185,3.624999999999973,0.6023071784759904,9.0,-0.11058575322709692,0.49172142524889345
3186,3.649999999999973,0.6028668419032875,9.0,0.06093086218365273,0.6637977040869403
3187,3.674999999999972,0.6033935446288152,9.0,-0.08335292730960185,0.5200406173192134
3188,3.6999999999999726,0.6038867042564832,9.0,-0.16635316960080157,0.43753353465568157
3189,3.724999999999973,0.6043458314520886,9.0,-0.11548235094349148,0.4888634805085972
3190,3.749999999999973,0.6047705231332492,9.0,0.2621780697139094,0.8669485928471585
3191,3.774999999999972,0.605160455944884,9.0,-0.09293225467634793,0.5122282012685361
3192,3.799999999999972,0.6055153800416291,9.0,-0.005947418019021373,0.5995679620226078
3193,3.8249999999999726,0.6058351131906499,9.0,0.13086751541022015,0.73670262860087
3194,3.849999999999972,0.6061195352018025,9.0,-0.13175813269676503,0.47436140250503744
3195,3.874999999999972,0.6063685826868359,9.0,-0.25797271579607317,0.34839586689076274
3196,3.899999999999972,0.6065822441451528,9.0,0.21727203434565745,0.8238542784908103
3197,3.924999999999972,0.6067605553702935,9.0,-0.09420921456102814,0.5125513408092653
3198,3.949999999999972,0.6069035951687327,9.0,0.23950099239045863,0.8464045875591913
3199,3.9749999999999712,0.60701148138065,9.0,0.21695308893021903,0.823964570310869
