,x1,y,rep,ymodel
0,-1.9900000000000428,0.6358624666724091,0.0,0.802905299193965
1,-1.980000000000043,0.6376505225659048,0.0,0.803467889100162
2,-1.9700000000000435,0.6394385784594006,0.0,0.8040322661370533
3,-1.9600000000000437,0.6412266343528967,0.0,0.8045984274241407
4,-1.950000000000044,0.6430146902463907,0.0,0.805166369983527
5,-1.940000000000044,0.644802746139887,0.0,0.8057360907394917
6,-1.930000000000044,0.6465908020333827,0.0,0.8063075865180777
7,-1.9200000000000443,0.6483788579268781,0.0,0.8068808540466841
8,-1.9100000000000448,0.6501669138203744,0.0,0.8074558899536712
9,-1.9000000000000448,0.6519549697138681,0.0,0.8080326907679727
10,-1.890000000000045,0.6543522456737902,0.0,0.8086112529187189
11,-1.8800000000000447,0.6574193092981505,0.0,0.8091915727348697
12,-1.8700000000000452,0.6604863729225111,0.0,0.8097736464448566
13,-1.8600000000000456,0.6635534365468723,0.0,0.8103574701762365
14,-1.8500000000000456,0.6666205001712326,0.0,0.8109430399553534
15,-1.840000000000046,0.6696875637955928,0.0,0.8115303517070126
16,-1.8300000000000465,0.6727546274199541,0.0,0.8121194012541658
17,-1.8200000000000465,0.675821691044315,0.0,0.8127101843176046
18,-1.810000000000047,0.6788887546686759,0.0,0.8133026965156663
19,-1.800000000000047,0.6819558182930364,0.0,0.8138969333639521
20,-1.790000000000047,0.6850228819173971,0.0,0.8144928902750544
21,-1.780000000000047,0.6880899455417585,0.0,0.8150905625582962
22,-1.7700000000000475,0.6911570091661182,0.0,0.8156899454194819
23,-1.7600000000000475,0.6942240727904796,0.0,0.8162910339606607
24,-1.750000000000048,0.6972911364148405,0.0,0.8168938231799009
25,-1.7400000000000482,0.7003582000392008,0.0,0.8174983079710761
26,-1.7300000000000484,0.7034252636635621,0.0,0.8181044831236636
27,-1.7200000000000486,0.7064923272879222,0.0,0.8187123433225556
28,-1.7100000000000488,0.7095593909122831,0.0,0.8193218831478829
29,-1.700000000000049,0.7126264545366442,0.0,0.8199330970748488
30,-1.6900000000000492,0.7156935181610046,0.0,0.8205459794735804
31,-1.6800000000000497,0.7187605817853652,0.0,0.8211605246089864
32,-1.6700000000000497,0.7218276454097255,0.0,0.821776726640634
33,-1.66000000000005,0.7248947090340869,0.0,0.8223945796226342
34,-1.65000000000005,0.7279617726584475,0.0,0.8230140775035442
35,-1.6400000000000503,0.7310288362828089,0.0,0.823635214126278
36,-1.6300000000000503,0.7340958999071691,0.0,0.8242579832280367
37,-1.6200000000000507,0.7371629635315303,0.0,0.824882378440247
38,-1.610000000000051,0.7402300271558906,0.0,0.8255083932885164
39,-1.6000000000000512,0.7432970907802514,0.0,0.8261360211926013
40,-1.5900000000000514,0.7463641544046122,0.0,0.8267652554663887
41,-1.5800000000000516,0.7486041694769622,0.0,0.8273960893178929
42,-1.5700000000000518,0.7493388053186529,0.0,0.8280285158492642
43,-1.560000000000052,0.7500734411603439,0.0,0.8286625280568148
44,-1.5500000000000522,0.7508080770020339,0.0,0.8292981188310576
45,-1.5400000000000524,0.751640950976254,0.0,0.8299352809567575
46,-1.5300000000000529,0.7538504069090054,0.0,0.8305740071130017
47,-1.5200000000000529,0.7560598628417563,0.0,0.8312142898732793
48,-1.510000000000053,0.7582693187745071,0.0,0.8318561217055805
49,-1.5000000000000533,0.7604787747072589,0.0,0.8324994949725075
50,-1.4900000000000535,0.7626882306400095,0.0,0.8331444019314016
51,-1.4800000000000535,0.7648976865727608,0.0,0.8337908347344839
52,-1.470000000000054,0.7671071425055123,0.0,0.8344387854290137
53,-1.460000000000054,0.7693165984382627,0.0,0.8350882459574587
54,-1.4500000000000544,0.7715260543710142,0.0,0.8357392081576833
55,-1.4400000000000546,0.773735510303765,0.0,0.8363916637631511
56,-1.4300000000000548,0.7759449662365158,0.0,0.8370456044031402
57,-1.420000000000055,0.778154422169267,0.0,0.8377010216029801
58,-1.4100000000000552,0.7803638781020183,0.0,0.8383579067842971
59,-1.4000000000000554,0.782924422820982,0.0,0.8390162512652796
60,-1.3900000000000556,0.7857715097721473,0.0,0.8396760462609577
61,-1.3800000000000558,0.7886185967233124,0.0,0.8403372828834982
62,-1.370000000000056,0.7914656836744771,0.0,0.8409999521425151
63,-1.3600000000000565,0.7943127706256423,0.0,0.8416640449453965
64,-1.3500000000000565,0.7971598575768073,0.0,0.8423295520976478
65,-1.3400000000000567,0.8000069445279725,0.0,0.8429964643032478
66,-1.330000000000057,0.8028540314791369,0.0,0.8436647721650238
67,-1.3200000000000571,0.8057011184303019,0.0,0.8443344661850404
68,-1.3100000000000571,0.8085482053814671,0.0,0.8450055367650056
69,-1.3000000000000576,0.8113952923326324,0.0,0.8456779742066922
70,-1.2900000000000578,0.8142423792837976,0.0,0.8463517687123738
71,-1.280000000000058,0.817089466234962,0.0,0.847026910385279
72,-1.2700000000000582,0.8199365531861277,0.0,0.8477033892300587
73,-1.2600000000000584,0.8227836401372921,0.0,0.8483811951532729
74,-1.2500000000000586,0.8256307270884572,0.0,0.8490603179638893
75,-1.2400000000000588,0.8284778140396226,0.0,0.8497407473738007
76,-1.230000000000059,0.8313249009907875,0.0,0.8504224729983566
77,-1.2200000000000593,0.8341719879419522,0.0,0.8511054843569118
78,-1.2100000000000597,0.8370190748931173,0.0,0.8517897708733898
79,-1.2000000000000597,0.8398661618442824,0.0,0.8524753218768621
80,-1.19000000000006,0.8427132487954472,0.0,0.8531621266021444
81,-1.18000000000006,0.8455603357466124,0.0,0.8538501741904063
82,-1.1700000000000603,0.8484074226977774,0.0,0.8545394536897981
83,-1.1600000000000603,0.8512545096489426,0.0,0.8552299540560949
84,-1.1500000000000608,0.8541015966001076,0.0,0.8559216641533517
85,-1.140000000000061,0.8569486835512727,0.0,0.8566145727545779
86,-1.1300000000000612,0.8597957705024377,0.0,0.8573086685424262
87,-1.1200000000000614,0.8626428574536026,0.0,0.8580039401098959
88,-1.1100000000000616,0.8654899444047677,0.0,0.8587003759610532
89,-1.1000000000000618,0.86874082700774,0.0,0.8593979645117649
90,-1.090000000000062,0.872174844770869,0.0,0.8600966940904479
91,-1.0800000000000622,0.8756088625339988,0.0,0.8607965529388367
92,-1.0700000000000625,0.8790428802971275,0.0,0.8614975292127585
93,-1.060000000000063,0.8824768980602573,0.0,0.8621996109829319
94,-1.0500000000000629,0.8859109158233863,0.0,0.8629027862357748
95,-1.040000000000063,0.8893449335865155,0.0,0.8636070428742284
96,-1.0300000000000633,0.8927789513496448,0.0,0.8643123687185973
97,-1.0200000000000635,0.8962129691127743,0.0,0.8650187515074
98,-1.0100000000000635,0.8996469868759035,0.0,0.8657261788982401
99,-1.000000000000064,0.9030810046390324,0.0,0.8664346384686856
100,-0.9900000000000642,0.906515022402162,0.0,0.8671441177171657
101,-0.9800000000000644,0.9099490401652914,0.0,0.8678546040638802
102,-0.9700000000000646,0.9133830579284206,0.0,0.8685660848517252
103,-0.9600000000000648,0.91681707569155,0.0,0.8692785473472285
104,-0.950000000000065,0.9202510934546794,0.0,0.8699919787415017
105,-0.9400000000000652,0.9236851112178086,0.0,0.8707063661512057
106,-0.9300000000000654,0.9264645105255592,0.0,0.8714216966195267
107,-0.9200000000000657,0.9290937610433329,0.0,0.8721379571171689
108,-0.910000000000066,0.9317230115611058,0.0,0.8728551345433583
109,-0.9000000000000661,0.9343522620788792,0.0,0.8735732157268589
110,-0.8900000000000663,0.9369815125966526,0.0,0.8742921874270027
111,-0.8800000000000665,0.9396107631144258,0.0,0.8750120363347313
112,-0.8700000000000667,0.9422400136321992,0.0,0.8757327490736514
113,-0.8600000000000669,0.9448692641499724,0.0,0.8764543122010996
114,-0.8500000000000671,0.947498514667746,0.0,0.8771767122092219
115,-0.8400000000000674,0.9501277651855188,0.0,0.8778999355260636
116,-0.8300000000000676,0.9527570157032924,0.0,0.878623968516671
117,-0.8200000000000678,0.9553862662210656,0.0,0.8793487974842048
118,-0.810000000000068,0.9580155167388388,0.0,0.8800744086710635
119,-0.8000000000000682,0.9606447672566124,0.0,0.8808007882600193
120,-0.7900000000000684,0.9632740177743854,0.0,0.8815279223753649
121,-0.7800000000000686,0.9659032682921586,0.0,0.8822557970840686
122,-0.7700000000000689,0.9685325188099322,0.0,0.8829843983969423
123,-0.7600000000000691,0.9711617693277051,0.0,0.8837137122698177
124,-0.7500000000000693,0.972461697629544,0.0,0.8844437246047334
125,-0.7400000000000695,0.9736855134636968,0.0,0.885174421251134
126,-0.7300000000000697,0.9743538702667072,0.0,0.8859057880070714
127,-0.7200000000000699,0.9750792755326204,0.0,0.8866378106204251
128,-0.7100000000000701,0.9764932589412992,0.0,0.887370474790123
129,-0.7000000000000703,0.978129247442565,0.0,0.8881037661673759
130,-0.6900000000000706,0.9797652359438312,0.0,0.8888376703569202
131,-0.6800000000000708,0.9814012244450968,0.0,0.8895721729182652
132,-0.670000000000071,0.9830372129463628,0.0,0.8903072593669538
133,-0.6600000000000712,0.9846732014476288,0.0,0.8910429151758261
134,-0.6500000000000714,0.986309189948895,0.0,0.8917791257762946
135,-0.6400000000000716,0.9879451784501608,0.0,0.8925158765596224
136,-0.6300000000000718,0.9895811669514272,0.0,0.8932531528782126
137,-0.620000000000072,0.991217155452693,0.0,0.8939909400469023
138,-0.6100000000000723,0.9926489278713614,0.0,0.8947292233442634
139,-0.6000000000000725,0.9935234808275872,0.0,0.8954679880139091
140,-0.5900000000000727,0.9943980337838132,0.0,0.8962072192658086
141,-0.5800000000000729,0.9952725867400388,0.0,0.8969469022776033
142,-0.5700000000000731,0.9961471396962648,0.0,0.8976870221959339
143,-0.5600000000000733,0.9970216926524906,0.0,0.8984275641377681
144,-0.5500000000000735,0.9978962456087164,0.0,0.899168513191735
145,-0.5400000000000738,0.9987707985649426,0.0,0.899909854419465
146,-0.530000000000074,0.9991896125120516,0.0,0.9006515728569333
147,-0.5200000000000742,0.999198358041614,0.0,0.9013936535158055
148,-0.5100000000000744,0.9991951137967908,0.0,0.9021360813847904
149,-0.5000000000000746,0.9984765629317374,0.0,0.9028788414309951
150,-0.4900000000000748,0.9967576458684064,0.0,0.9036219186012822
151,-0.480000000000075,0.9954885217138438,0.0,0.9043652978236301
152,-0.4700000000000752,0.9952601205665126,0.0,0.9051089640084987
153,-0.4600000000000754,0.995031719419181,0.0,0.9058529020501931
154,-0.4500000000000757,0.9948033182718492,0.0,0.906597096828234
155,-0.4400000000000759,0.9945749171245178,0.0,0.9073415332087262
156,-0.4300000000000761,0.9943465159771866,0.0,0.9080861960457309
157,-0.4200000000000763,0.994118114829855,0.0,0.9088310701826385
158,-0.4100000000000765,0.9938897136825235,0.0,0.9095761404535412
159,-0.4000000000000767,0.9936701973911602,0.0,0.9103213916846099
160,-0.3900000000000769,0.9934942179223624,0.0,0.9110668086954669
161,-0.3800000000000771,0.9933182384535644,0.0,0.9118123763005622
162,-0.3700000000000774,0.9931422589847668,0.0,0.9125580793105476
163,-0.3600000000000776,0.99433250023556,0.0,0.9133039025336519
164,-0.3500000000000778,0.996426523814133,0.0,0.914049830777053
165,-0.340000000000078,0.9985205473927056,0.0,0.9147958488482538
166,-0.3300000000000782,0.9991993047065528,0.0,0.9155419415564496
167,-0.3200000000000784,0.9992202449423384,0.0,0.9162880937139004
168,-0.3100000000000786,0.9992075732815068,0.0,0.9170342901372985
169,-0.3000000000000788,0.9991892956569266,0.0,0.9177805156491333
170,-0.2900000000000791,0.9977859035506292,0.0,0.918526755079056
171,-0.2800000000000793,0.9959581410925996,0.0,0.9192729932652387
172,-0.2700000000000795,0.9941303786345702,0.0,0.9200192150557331
173,-0.2600000000000797,0.9923026161765408,0.0,0.9207654053098251
174,-0.2500000000000799,0.9904748537185112,0.0,0.9215115488993842
175,-0.2400000000000801,0.9886470912604814,0.0,0.9222576307102119
176,-0.2300000000000803,0.986819328802452,0.0,0.9230036356433841
177,-0.2200000000000805,0.9849915663444224,0.0,0.9237495486165895
178,-0.2100000000000808,0.980198581185308,0.0,0.924495354565464
179,-0.200000000000081,0.9720709368785015,0.0,0.9252410384449193
180,-0.1900000000000812,0.9655737122876936,0.0,0.9259865852304666
181,-0.1800000000000814,0.9590764876968856,0.0,0.9267319799195363
182,-0.1700000000000816,0.9525792631060775,0.0,0.9274772075327888
183,-0.1600000000000818,0.950698605172839,0.0,0.9282222531154236
184,-0.150000000000082,0.9527749614271912,0.0,0.9289671017384776
185,-0.1400000000000822,0.953820753262038,0.0,0.929711738500121
186,-0.1300000000000825,0.9546250445467558,0.0,0.9304561485269446
187,-0.1200000000000827,0.9554293358314734,0.0,0.931200316975239
188,-0.1100000000000829,0.956233627116191,0.0,0.9319442290322696
189,-0.1000000000000831,0.9570379184009086,0.0,0.9326878699175422
190,-0.0900000000000833,0.9578422096856262,0.0,0.9334312248840592
191,-0.0800000000000835,0.958646500970344,0.0,0.9341742792195733
192,-0.0700000000000837,0.959183535810936,0.0,0.9349170182478268
193,-0.0600000000000839,0.958644421259187,0.0,0.9356594273297861
194,-0.0500000000000842,0.958105306707438,0.0,0.936401491864868
195,-0.0400000000000844,0.9575661921556888,0.0,0.9371431972921548
196,-0.0300000000000846,0.9567606113191638,0.0,0.9378845290916017
197,-0.0200000000000848,0.955790826756814,0.0,0.938625472785235
198,-0.010000000000085,0.9548210421944648,0.0,0.9393660139383408
199,-8.526512829121202e-14,0.9536841635470528,0.0,0.9401061381606435
200,0.0099999999999145,0.9521154233465636,0.0,0.940845831107474
201,0.0199999999999143,0.950546683146074,0.0,0.9415850784809302
202,0.029999999999914,0.9489779429455842,0.0,0.9423238660310238
203,0.0399999999999138,0.947409202745095,0.0,0.9430621795568189
204,0.0499999999999136,0.9458404625446052,0.0,0.9438000049075597
205,0.0599999999999134,0.944271722344116,0.0,0.9445373279837859
206,0.0699999999999132,0.9427029821436266,0.0,0.9452741347384384
207,0.079999999999913,0.9411342419431368,0.0,0.9460104111779538
208,0.0899999999999128,0.9395655017426474,0.0,0.9467461433633462
209,0.0999999999999126,0.937978418751472,0.0,0.947481317411279
210,0.1099999999999123,0.9364827304534326,0.0,0.9482159194951234
211,0.1199999999999121,0.9355378861376789,0.0,0.9489499358460066
212,0.1299999999999119,0.9401965978841232,0.0,0.9496833527538452
213,0.1399999999999117,0.9472483934850136,0.0,0.950416156568371
214,0.1499999999999115,0.954300189085904,0.0,0.9511483337001386
215,0.1599999999999113,0.9611205620063152,0.0,0.9518798706215255
216,0.1699999999999111,0.9662546303370748,0.0,0.9526107538677165
217,0.1799999999999109,0.971388698667834,0.0,0.9533409700376764
218,0.1899999999999106,0.9759302413127624,0.0,0.9540705057951093
219,0.1999999999999104,0.9773018921156656,0.0,0.9547993478694053
220,0.2099999999999102,0.9780480023722826,0.0,0.9555274830565743
221,0.21999999999991,0.9787941126289,0.0,0.9562548982201642
222,0.2299999999999098,0.9795402228855172,0.0,0.9569815802921691
223,0.2399999999999096,0.9802863331421346,0.0,0.9577075162739209
224,0.2499999999999094,0.9810324433987514,0.0,0.9584326932369698
225,0.2599999999999092,0.981778553655369,0.0,0.9591570983239484
226,0.269999999999909,0.982524663911986,0.0,0.959880718749424
227,0.2799999999999087,0.9832707741686034,0.0,0.9606035418007361
228,0.2899999999999085,0.9846654696978686,0.0,0.9613255548388199
229,0.2999999999999083,0.9855031243626012,0.0,0.9620467452990156
230,0.3099999999999081,0.9841110662757188,0.0,0.9627671006918638
231,0.3199999999999079,0.9827190081888364,0.0,0.9634866086038862
232,0.3299999999999077,0.9813269501019536,0.0,0.9642052566983518
233,0.3399999999999075,0.9799348920150708,0.0,0.96492303271603
234,0.3499999999999073,0.9785428339281882,0.0,0.9656399244759274
235,0.359999999999907,0.9771507758413056,0.0,0.9663559198760111
236,0.3699999999999068,0.9757587177544228,0.0,0.9670710068939173
237,0.3799999999999066,0.9743666596675404,0.0,0.9677851735876443
238,0.3899999999999064,0.9729746015806576,0.0,0.9684984080962327
239,0.3999999999999062,0.971582543493775,0.0,0.9692106986404295
240,0.409999999999906,0.9701904854068923,0.0,0.9699220335233381
241,0.4199999999999058,0.9687984273200098,0.0,0.9706324011310511
242,0.4299999999999055,0.9674063692331272,0.0,0.9713417899332734
243,0.4399999999999053,0.9660143111462444,0.0,0.9720501884839245
244,0.4499999999999051,0.964622253059362,0.0,0.9727575854217307
245,0.4599999999999049,0.9632301949724792,0.0,0.9734639694707999
246,0.4699999999999047,0.9618381368855966,0.0,0.9741693294411824
247,0.4799999999999045,0.9600727409461878,0.0,0.9748736542294151
248,0.4899999999999043,0.9581617773892224,0.0,0.9755769328190543
249,0.4999999999999041,0.9562508138322569,0.0,0.9762791542811907
250,0.5099999999999039,0.9543398502752912,0.0,0.9769803077749496
251,0.5199999999999037,0.9524288867183258,0.0,0.977680382547978
252,0.5299999999999034,0.9505179231613604,0.0,0.9783793679369162
253,0.5399999999999032,0.9486069596043948,0.0,0.9790772533678522
254,0.549999999999903,0.9466959960474292,0.0,0.9797740283567664
255,0.5599999999999028,0.9447850324904636,0.0,0.980469682509955
256,0.5699999999999026,0.942874068933498,0.0,0.9811642055244448
257,0.5799999999999024,0.9409631053765324,0.0,0.9818575871883893
258,0.5899999999999022,0.939052141819567,0.0,0.982549817381451
259,0.599999999999902,0.938188035386394,0.0,0.9832408860751708
260,0.6099999999999017,0.9374519742849408,0.0,0.9839307833333201
261,0.6199999999999015,0.9367159131834878,0.0,0.9846194993122407
262,0.6299999999999013,0.9359798520820346,0.0,0.9853070242611677
263,0.6399999999999011,0.9352437909805816,0.0,0.985993348522542
264,0.6499999999999009,0.9345077298791286,0.0,0.9866784625323028
265,0.6599999999999007,0.9337716687776756,0.0,0.9873623568201718
266,0.6699999999999005,0.9330457862462838,0.0,0.9880450220099176
267,0.6799999999999002,0.9324537412714236,0.0,0.9887264488196109
268,0.6899999999999,0.933193360821131,0.0,0.989406628061862
269,0.6999999999998998,0.9339329803708384,0.0,0.9900855506440455
270,0.7099999999998996,0.934672599920546,0.0,0.9907632075685116
271,0.7199999999998994,0.9354122194702532,0.0,0.9914395899327821
272,0.7299999999998992,0.9361518390199608,0.0,0.9921146889297352
273,0.739999999999899,0.936891458569668,0.0,0.9927884958477734
274,0.7499999999998987,0.9376310781193756,0.0,0.9934610020709796
275,0.7599999999998985,0.9383706976690828,0.0,0.9941321990792601
276,0.7699999999998983,0.9391103172187903,0.0,0.994802078448473
277,0.7799999999998981,0.9398507761483555,0.0,0.9954706318505437
278,0.7899999999998979,0.940594456943181,0.0,0.9961378510535679
279,0.7999999999998977,0.9413381377380066,0.0,0.9968037279218999
280,0.8099999999998975,0.9420818185328322,0.0,0.9974682544162295
281,0.8199999999998973,0.9428254993276576,0.0,0.9981314225936458
282,0.829999999999897,0.9435691801224833,0.0,0.9987932246076864
283,0.8399999999998968,0.9443128609173088,0.0,0.9994536527083763
284,0.8499999999998966,0.9450565417121344,0.0,1.0001126992422535
285,0.8599999999998964,0.9458002225069602,0.0,1.0007703566523802
286,0.8699999999998962,0.9465439033017852,0.0,1.001426617478346
287,0.879999999999896,0.9472875840966112,0.0,1.0020814743562534
288,0.8899999999998958,0.9480312648914369,0.0,1.002734920018696
289,0.8999999999998956,0.9487749456862622,0.0,1.0033869472947219
290,0.9099999999998952,0.9495186264810876,0.0,1.004037549109787
291,0.9199999999998952,0.9502623072759132,0.0,1.0046867184856938
292,0.9299999999998948,0.9510059880707388,0.0,1.0053344485405236
293,0.9399999999998948,0.9517496688655642,0.0,1.0059807324885508
294,0.9499999999998944,0.95249334966039,0.0,1.0066255636401515
295,0.9599999999998944,0.9532370304552156,0.0,1.0072689354016993
296,0.969999999999894,0.9539807112500412,0.0,1.007910841275446
297,0.9799999999998938,0.954878047183466,0.0,1.008551274859399
298,0.9899999999998936,0.955891370586297,0.0,1.0091902298471807
299,0.9999999999998934,0.956904693989128,0.0,1.0098277000278824
300,1.0099999999998932,0.9579180173919588,0.0,1.0104636792859027
301,1.019999999999893,0.9589313407947896,0.0,1.0110981616007826
302,1.0299999999998928,0.96057702841175,0.0,1.011731141047022
303,1.0399999999998926,0.9632961575336302,0.0,1.012362611793894
304,1.0499999999998924,0.9660152866555104,0.0,1.012992568105242
305,1.059999999999892,0.9687344157773904,0.0,1.013621004339273
306,1.069999999999892,0.9714535448992708,0.0,1.0142479149483392
307,1.0799999999998915,0.9741726740211512,0.0,1.0148732944787073
308,1.0899999999998915,0.9768918031430316,0.0,1.0154971375703234
309,1.0999999999998913,0.9796109322649116,0.0,1.0161194389565638
310,1.109999999999891,0.9823300613867916,0.0,1.0167401934639815
311,1.1199999999998909,0.985049190508672,0.0,1.017359396012039
312,1.1299999999998906,0.9877683196305524,0.0,1.0179770416128369
313,1.1399999999998904,0.9904874487524328,0.0,1.0185931253708296
314,1.1499999999998902,0.9932065778743128,0.0,1.019207642482536
315,1.15999999999989,0.995925706996193,0.0,1.0198205882362392
316,1.1699999999998898,0.9986448361180734,0.0,1.0204319580116807
317,1.1799999999998896,0.9992067986492396,0.0,1.0210417472797433
318,1.1899999999998894,0.9992339899404584,0.0,1.0216499516021293
319,1.1999999999998892,0.9992611812316772,0.0,1.0222565666310295
320,1.209999999999889,0.999288372522896,0.0,1.022861588108783
321,1.2199999999998887,0.9993155638141148,0.0,1.0234650118675326
322,1.2299999999998883,0.9993427551053335,0.0,1.0240668338288719
323,1.2399999999998883,0.9993699463965524,0.0,1.024667050003483
324,1.249999999999888,0.9993971376877712,0.0,1.0252656564907705
325,1.259999999999888,0.99942432897899,0.0,1.0258626494784868
326,1.2699999999998877,0.9994515202702088,0.0,1.0264580252423496
327,1.2799999999998877,0.9994771818679812,0.0,1.0270517801456576
328,1.2899999999998872,0.9995019956667436,0.0,1.0276439106388913
329,1.299999999999887,0.9995268094655064,0.0,1.0282344132593177
330,1.3099999999998868,0.9995516232642688,0.0,1.02882328463058
331,1.3199999999998866,0.999587010416843,0.0,1.0294105214622875
332,1.3299999999998864,0.9996453387787496,0.0,1.0299961205495947
333,1.3399999999998862,0.9997036671406568,0.0,1.0305800787727806
334,1.349999999999886,0.9997619955025636,0.0,1.0311623930968148
335,1.3599999999998855,0.9998203238644704,0.0,1.0317430605709252
336,1.3699999999998855,0.9998786522263776,0.0,1.032322078328157
337,1.379999999999885,0.9999200336668564,0.0,1.0328994435849266
338,1.389999999999885,0.9999600168334264,0.0,1.0334751536405709
339,1.399999999999885,0.9999999999999968,0.0,1.0340492058768918
340,1.409999999999885,1.0000255667273452,0.0,1.0346215977576965
341,1.4199999999998845,1.000049249006737,0.0,1.0351923268283316
342,1.4299999999998845,1.000072931286129,0.0,1.035761390715215
343,1.439999999999884,1.0000260866974773,0.0,1.0363287871253604
344,1.4499999999998838,0.9999135502325328,0.0,1.036894513845901
345,1.4599999999998836,0.9998010137675882,0.0,1.0374585687436058
346,1.4699999999998834,0.9996884773026437,0.0,1.0380209497643953
347,1.4799999999998832,0.9995759408376992,0.0,1.038581654932851
348,1.489999999999883,0.9995047345844276,0.0,1.039140682351721
349,1.4999999999998828,0.999437686055356,0.0,1.0396980302014245
350,1.5099999999998823,0.9993706375262849,0.0,1.0402536967395495
351,1.5199999999998823,0.9993035889972134,0.0,1.0408076803003503
352,1.529999999999882,0.999236540468142,0.0,1.0413599792942396
353,1.539999999999882,0.9976332942230725,0.0,1.0419105922072793
354,1.5499999999998817,0.9900536438265826,0.0,1.0424595176006657
355,1.5599999999998817,0.9791010530744194,0.0,1.0430067541102157
356,1.5699999999998813,0.9681484623222558,0.0,1.0435523004458462
357,1.579999999999881,0.9571958715700922,0.0,1.0440961553910544
358,1.5899999999998808,0.9522063683710412,0.0,1.0446383178023928
359,1.5999999999998806,0.9476630817694603,0.0,1.0451787866089437
360,1.6099999999998804,0.9431197951678792,0.0,1.0457175608117908
361,1.6199999999998802,0.9385765085662984,0.0,1.0462546394834886
362,1.62999999999988,0.9340332219647176,0.0,1.0467900217675303
363,1.6399999999998798,0.9294899353631364,0.0,1.0473237068778114
364,1.6499999999998796,0.92415556312776,0.0,1.0478556940980968
365,1.6599999999998791,0.9005225155035995,0.0,1.0483859827814794
366,1.6699999999998791,0.8768894678794398,0.0,1.048914572349843
367,1.679999999999879,0.8532564202552801,0.0,1.0494414622933186
368,1.6899999999998787,0.8350536895548575,0.0,1.0499666521697446
369,1.6999999999998785,0.8205253828805977,0.0,1.0504901416041212
370,1.7099999999998785,0.8059970762063382,0.0,1.0510119302880665
371,1.719999999999878,0.791468769532079,0.0,1.0515320179792687
372,1.729999999999878,0.7769404628578195,0.0,1.0520504045009405
373,1.7399999999998776,0.7624121561835594,0.0,1.0525670897412704
374,1.7499999999998774,0.7478838495093,0.0,1.0530820736528754
375,1.7599999999998772,0.7333555428350401,0.0,1.053595356252247
376,1.769999999999877,0.7188272361607814,0.0,1.0541069376192072
377,1.7799999999998768,0.7042989294865217,0.0,1.0546168178963526
378,1.7899999999998766,0.6897706228122619,0.0,1.0551249972885053
379,1.7999999999998764,0.6752423161380027,0.0,1.0556314760621608
380,1.809999999999876,0.660714009463742,0.0,1.056136254544938
381,1.819999999999876,0.6461857027894831,0.0,1.0566393331250241
382,1.829999999999876,0.6316573961152239,0.0,1.0571407122506242
383,1.8399999999998755,0.6160874544975848,0.0,1.057640392429409
384,1.8499999999998755,0.6001725176680737,0.0,1.0581383742279626
385,1.859999999999875,0.5842575808385627,0.0,1.0586346582712287
386,1.8699999999998749,0.5683426440090505,0.0,1.0591292452419632
387,1.8799999999998749,0.5524277071795393,0.0,1.0596221358801772
388,1.8899999999998744,0.5417080598290457,0.0,1.0601133309825894
389,1.8999999999998745,0.5340557574020658,0.0,1.0606028314020737
390,1.909999999999874,0.5268500379077079,0.0,1.061090638047111
391,1.9199999999998736,0.5196443184133497,0.0,1.0615767518812367
392,1.9299999999998736,0.5124385989189918,0.0,1.062061173922493
393,1.9399999999998732,0.5052328794246342,0.0,1.062543905242881
394,1.9499999999998727,0.4980271599302759,0.0,1.063024946967812
395,1.959999999999873,0.490937002315522,0.0,1.0635043002755622
396,1.9699999999998727,0.4851100641185806,0.0,1.0639819663967254
397,1.9799999999998723,0.4792831259216396,0.0,1.0644579466136688
398,1.9899999999998723,0.4734561877246988,0.0,1.0649322422599896
399,1.999999999999872,0.4688868794877813,0.0,1.0654048547199713
400,-1.9900000000000428,0.2167224010488407,1.0,0.13570784396273894
401,-1.980000000000043,0.2154556410771906,1.0,0.13629113491129385
402,-1.9700000000000435,0.2141888811055403,1.0,0.13686851336165048
403,-1.9600000000000437,0.2129221211338901,1.0,0.13743966838113567
404,-1.950000000000044,0.2116553611622401,1.0,0.13800428086604982
405,-1.940000000000044,0.2103886011905899,1.0,0.13856202338473847
406,-1.930000000000044,0.2091218412189396,1.0,0.13911256001942685
407,-1.9200000000000443,0.2078550812472894,1.0,0.13965554620691353
408,-1.9100000000000448,0.2065883212756393,1.0,0.1401906285782212
409,-1.9000000000000448,0.2053215613039891,1.0,0.14071744479731846
410,-1.890000000000045,0.2040548013323389,1.0,0.14123562339903126
411,-1.8800000000000447,0.2027880413606886,1.0,0.14174478362627438
412,-1.8700000000000452,0.2015212813890384,1.0,0.14224453526674755
413,-1.8600000000000456,0.2002545214173883,1.0,0.1427344784892418
414,-1.8500000000000456,0.198987761445738,1.0,0.1432142036797356
415,-1.840000000000046,0.1977210014740879,1.0,0.14368329127744126
416,-1.8300000000000465,0.1964542415024376,1.0,0.1441413116110148
417,-1.8200000000000465,0.1951874815307876,1.0,0.14458782473512408
418,-1.810000000000047,0.1939207215591371,1.0,0.14502238026760833
419,-1.800000000000047,0.1926539615874871,1.0,0.14544451722747206
420,-1.790000000000047,0.1913872016158367,1.0,0.1458537638739705
421,-1.780000000000047,0.1901204416441867,1.0,0.1462496375470839
422,-1.7700000000000475,0.1888536816725363,1.0,0.14663164450966898
423,-1.7600000000000475,0.1875869217008862,1.0,0.1469992797916267
424,-1.750000000000048,0.1863201617292361,1.0,0.14735202703644676
425,-1.7400000000000482,0.1850534017575859,1.0,0.14768935835049918
426,-1.7300000000000484,0.1837866417859357,1.0,0.14801073415549462
427,-1.7200000000000486,0.1825198818142855,1.0,0.14831560304455751
428,-1.7100000000000488,0.1812531218426352,1.0,0.14860340164238897
429,-1.700000000000049,0.1799863618709851,1.0,0.14887355447003947
430,-1.6900000000000492,0.1787196018993349,1.0,0.1491254738148477
431,-1.6800000000000497,0.1774528419276847,1.0,0.14935855960614838
432,-1.6700000000000497,0.1761860819560346,1.0,0.149572199297398
433,-1.66000000000005,0.1749193219843844,1.0,0.14976576775541633
434,-1.65000000000005,0.1736525620127342,1.0,0.14993862715750636
435,-1.6400000000000503,0.172385802041084,1.0,0.15009012689725842
436,-1.6300000000000503,0.1711190420694338,1.0,0.15021960349993008
437,-1.6200000000000507,0.1698522820977836,1.0,0.15032638054834618
438,-1.610000000000051,0.1685855221261333,1.0,0.1504097686203467
439,-1.6000000000000512,0.1673187621544832,1.0,0.15046906523890277
440,-1.5900000000000514,0.166052002182833,1.0,0.15050355483608777
441,-1.5800000000000516,0.1647852422111828,1.0,0.15051250873221358
442,-1.5700000000000518,0.1635184822395326,1.0,0.15049518513152926
443,-1.560000000000052,0.1622517222678824,1.0,0.15045082913600596
444,-1.5500000000000522,0.1609849622962322,1.0,0.15037867277884873
445,-1.5400000000000524,0.159718202324582,1.0,0.15027793507951662
446,-1.5300000000000529,0.1584514423529318,1.0,0.15014782212217884
447,-1.5200000000000529,0.1571846823812816,1.0,0.1499875271596907
448,-1.510000000000053,0.1559179224096314,1.0,0.1497962307453524
449,-1.5000000000000533,0.1546511624379812,1.0,0.1495731008948993
450,-1.4900000000000535,0.1533844024663312,1.0,0.14931729328137508
451,-1.4800000000000535,0.1521176424946809,1.0,0.14902795146576553
452,-1.470000000000054,0.1508508825230307,1.0,0.14870420716651309
453,-1.460000000000054,0.1495841225513805,1.0,0.14834518057128487
454,-1.4500000000000544,0.1483173625797303,1.0,0.14794998069466525
455,-1.4400000000000546,0.1470506026080802,1.0,0.14751770578574205
456,-1.4300000000000548,0.1457838426364298,1.0,0.14704744378989526
457,-1.420000000000055,0.1445170826647798,1.0,0.14653827286945884
458,-1.4100000000000552,0.1432503226931294,1.0,0.14598926198831672
459,-1.4000000000000554,0.1419835627214794,1.0,0.14539947156592878
460,-1.3900000000000556,0.1407168027498291,1.0,0.14476795420673058
461,-1.3800000000000558,0.139450042778179,1.0,0.144093755511362
462,-1.370000000000056,0.1381832828065289,1.0,0.14337591497671004
463,-1.3600000000000565,0.1369165228348786,1.0,0.1426134669923381
464,-1.3500000000000565,0.1356497628632284,1.0,0.1418054419414977
465,-1.3400000000000567,0.1343830028915781,1.0,0.1409508674155998
466,-1.330000000000057,0.133116242919928,1.0,0.14004876955174714
467,-1.3200000000000571,0.1318494829482777,1.0,0.13909817450370804
468,-1.3100000000000571,0.1305827229766276,1.0,0.13809811005756625
469,-1.3000000000000576,0.1293159630049773,1.0,0.1370476074041573
470,-1.2900000000000578,0.1280492030333272,1.0,0.13594570308138404
471,-1.280000000000058,0.126782443061677,1.0,0.13479144110051847
472,-1.2700000000000582,0.1255156830900269,1.0,0.13358387527169138
473,-1.2600000000000584,0.1242489231183767,1.0,0.1323220717449293
474,-1.2500000000000586,0.1229821631467263,1.0,0.13100511178432478
475,-1.2400000000000588,0.1217154031750761,1.0,0.1296320947942168
476,-1.230000000000059,0.120448643203426,1.0,0.12820214161762192
477,-1.2200000000000593,0.1191818832317759,1.0,0.12671439812856647
478,-1.2100000000000597,0.1179151232601256,1.0,0.1251680391414587
479,-1.2000000000000597,0.1166483632884755,1.0,0.12356227266216117
480,-1.19000000000006,0.1153816033168254,1.0,0.12189634450699333
481,-1.18000000000006,0.114114843345175,1.0,0.12016954331748955
482,-1.1700000000000603,0.1128480833735248,1.0,0.11838120600035966
483,-1.1600000000000603,0.1115813234018747,1.0,0.11653072362367892
484,-1.1500000000000608,0.1103145634302245,1.0,0.1146175478019266
485,-1.140000000000061,0.1090478034585743,1.0,0.1126411976039816
486,-1.1300000000000612,0.1077810434869241,1.0,0.11060126701959933
487,-1.1200000000000614,0.1065142835152739,1.0,0.10849743302114312
488,-1.1100000000000616,0.1052475235436237,1.0,0.10632946425840581
489,-1.1000000000000618,0.1039807635719736,1.0,0.10409723042515105
490,-1.090000000000062,0.1027140036003232,1.0,0.10180071233644965
491,-1.0800000000000622,0.1014472436286731,1.0,0.09944001275592373
492,-1.0700000000000625,0.1001804836570229,1.0,0.09701536801149074
493,-1.060000000000063,0.0989137236853728,1.0,0.09452716043705178
494,-1.0500000000000629,0.0976469637137225,1.0,0.09197593167562883
495,-1.040000000000063,0.0963802037420723,1.0,0.08936239687656496
496,-1.0300000000000633,0.0951134437704221,1.0,0.08668745981540285
497,-1.0200000000000635,0.093846683798772,1.0,0.08395222895975325
498,-1.0100000000000635,0.0925799238271218,1.0,0.08115803449759054
499,-1.000000000000064,0.0913131638554716,1.0,0.07830644633580035
500,-0.9900000000000642,0.0900464038838213,1.0,0.07539929306610559
501,-0.9800000000000644,0.0887796439121712,1.0,0.07243868188246616
502,-0.9700000000000646,0.0875128839405209,1.0,0.06942701941837125
503,-0.9600000000000648,0.0862461239688708,1.0,0.06636703345375716
504,-0.950000000000065,0.0849793639972207,1.0,0.06326179541925671
505,-0.9400000000000652,0.0837126040255704,1.0,0.06011474359979466
506,-0.9300000000000654,0.0824458440539202,1.0,0.05692970690976312
507,-0.9200000000000657,0.0807317557308009,1.0,0.05371092907788423
508,-0.910000000000066,0.0782525133868162,1.0,0.05046309304100692
509,-0.9000000000000661,0.0757732710428314,1.0,0.04719134530230382
510,-0.8900000000000663,0.0732940286988466,1.0,0.043901319960383565
511,-0.8800000000000665,0.0691762639149143,1.0,0.040599162061674875
512,-0.8700000000000667,0.0639702999647881,1.0,0.037291549869105184
513,-0.8600000000000669,0.0563798734322029,1.0,0.03398571557584823
514,-0.8500000000000671,0.0476159571092148,1.0,0.030689463924206378
515,-0.8400000000000674,0.0389173007965904,1.0,0.027411188117277354
516,-0.8300000000000676,0.030218644483966,1.0,0.02415988233605056
517,-0.8200000000000678,0.021649701161415,1.0,0.020945150098451836
518,-0.810000000000068,0.0139911775915732,1.0,0.017777207621620446
519,-0.8000000000000682,0.0124780650863544,1.0,0.014666881276821624
520,-0.7900000000000684,0.0108413284843069,1.0,0.011625598161001838
521,-0.7800000000000686,0.009223295820317,1.0,0.008665368753799372
522,-0.7700000000000689,0.0075891366068581,1.0,0.005798760588208735
523,-0.7600000000000691,0.0059941477833219,1.0,0.0030388618421430397
524,-0.7500000000000693,0.0045726600340004,1.0,0.0003992337624817381
525,-0.7400000000000695,0.0028738548676414,1.0,-0.0021061491309489954
526,-0.7300000000000697,0.0011227430577134,1.0,-0.004462972040096003
527,-0.7200000000000699,4.603492491042366e-05,1.0,-0.006656666942023538
528,-0.7100000000000701,2.301746245527189e-05,1.0,-0.008672514390802157
529,-0.7000000000000703,1.2786300130861286e-16,1.0,-0.010495760530602128
530,-0.6900000000000706,-2.3017462455012286e-05,1.0,-0.012111749493325698
531,-0.6800000000000708,-4.603492491015631e-05,1.0,-0.013506070999567663
532,-0.670000000000071,-6.905238736529258e-05,1.0,-0.014664722561237898
533,-0.6600000000000712,-1.2078120320673874e-05,1.0,-0.015574285200166531
534,-0.6500000000000714,0.0012451208986706,1.0,-0.01622211105577797
535,-0.6400000000000716,0.0031986262207816,1.0,-0.016596520667241103
536,-0.6300000000000718,0.0055882603863392,1.0,-0.016687007097339786
537,-0.620000000000072,0.0054455980630045,1.0,-0.01648444343799718
538,-0.6100000000000723,0.003092283234072,1.0,-0.01598128962764697
539,-0.6000000000000725,0.0048324209993509,1.0,-0.015171793950078945
540,-0.5900000000000727,0.0095913502899871,1.0,-0.014052184108577817
541,-0.5800000000000729,0.016287659580229,1.0,-0.012620842415883118
542,-0.5700000000000731,0.0229267989834315,1.0,-0.010878459447691094
543,-0.5600000000000733,0.0280351435903417,1.0,-0.00882816051041015
544,-0.5500000000000735,0.0318857100812242,1.0,-0.006475599502120143
545,-0.5400000000000738,0.0357362765721066,1.0,-0.0038290152197148772
546,-0.530000000000074,0.0390372288107821,1.0,-0.0008992458931367731
547,-0.5200000000000742,0.0413666886812278,1.0,0.002300301297145291
548,-0.5100000000000744,0.0436961485516736,1.0,0.0057537277640612675
549,-0.5000000000000746,0.0462542447972723,1.0,0.009442768781166516
550,-0.4900000000000748,0.0488500968939313,1.0,0.013346965625279684
551,-0.480000000000075,0.0514459489905902,1.0,0.017443882179759288
552,-0.4700000000000752,0.0540418010872491,1.0,0.021709362038861153
553,-0.4600000000000754,0.0560878522283766,1.0,0.02611782071372684
554,-0.4500000000000757,0.0580722545713673,1.0,0.03064256628588664
555,-0.4400000000000759,0.060056656914358,1.0,0.03525614085591638
556,-0.4300000000000761,0.0620410592573489,1.0,0.03993067444934824
557,-0.4200000000000763,0.0640254616003396,1.0,0.04463824270572936
558,-0.4100000000000765,0.0660479547341927,1.0,0.04935121970381521
559,-0.4000000000000767,0.068142980022026,1.0,0.0540426176568316
560,-0.3900000000000769,0.0702380053098592,1.0,0.058686405914883166
561,-0.3800000000000771,0.0723330305976924,1.0,0.0632578026863717
562,-0.3700000000000774,0.0744280558855256,1.0,0.06773353407213367
563,-0.3600000000000776,0.0765230811733589,1.0,0.07209205632196412
564,-0.3500000000000778,0.0786181064611921,1.0,0.07631373859806866
565,-0.340000000000078,0.0807131317490253,1.0,0.0803810048920266
566,-0.3300000000000782,0.0828081570368585,1.0,0.08427843502747728
567,-0.3200000000000784,0.0849031823246917,1.0,0.08799282583814716
568,-0.3100000000000786,0.086998207612525,1.0,0.09151321460204
569,-0.3000000000000788,0.0890932329003581,1.0,0.09483086761410293
570,-0.2900000000000791,0.0911882581881914,1.0,0.09793923738187048
571,-0.2800000000000793,0.0932832834760246,1.0,0.10083389233410903
572,-0.2700000000000795,0.0953783087638578,1.0,0.1035124231540538
573,-0.2600000000000797,0.097473334051691,1.0,0.105974329906483
574,-0.2500000000000799,0.0995683593395243,1.0,0.10822089404646323
575,-0.2400000000000801,0.1016633846273575,1.0,0.11025503920423431
576,-0.2300000000000803,0.1037584099151907,1.0,0.1120811843627056
577,-0.2200000000000805,0.1058534352030239,1.0,0.11370509270729114
578,-0.2100000000000808,0.1079484604908572,1.0,0.11513371905559752
579,-0.200000000000081,0.1100434857786904,1.0,0.11637505838671768
580,-0.1900000000000812,0.1121385110665236,1.0,0.11743799760291701
581,-0.1800000000000814,0.1142335363543568,1.0,0.11833217228292268
582,-0.1700000000000816,0.11632856164219,1.0,0.1190678298351197
583,-0.1600000000000818,0.1184235869300233,1.0,0.11965570013685801
584,-0.150000000000082,0.1195749923809243,1.0,0.12010687445641385
585,-0.1400000000000822,0.1204647207446225,1.0,0.12043269319846121
586,-0.1300000000000825,0.1218291778637901,1.0,0.12064464279204777
587,-0.1200000000000827,0.1239055881339835,1.0,0.1207542618508795
588,-0.1100000000000829,0.1259819984041772,1.0,0.12077305657702961
589,-0.1000000000000831,0.1280584086743706,1.0,0.12071242524853945
590,-0.0900000000000833,0.1301348189445641,1.0,0.12058359152595485
591,-0.0800000000000835,0.1323071167920222,1.0,0.12039754622975611
592,-0.0700000000000837,0.1347524192172319,1.0,0.12016499717718755
593,-0.0600000000000839,0.1371977216424415,1.0,0.11989632662044859
594,-0.0500000000000842,0.1396843220753632,1.0,0.11960155579622485
595,-0.0400000000000844,0.1422030490464775,1.0,0.11929031607686717
596,-0.0300000000000846,0.1447217760175918,1.0,0.11897182620423218
597,-0.0200000000000848,0.1472405029887061,1.0,0.11865487508652243
598,-0.010000000000085,0.1497592299598204,1.0,0.11834780964490707
599,-8.526512829121202e-14,0.1522779569309348,1.0,0.11805852720891565
600,0.0099999999999145,0.154833775129046,1.0,0.11779447197641674
601,0.0199999999999143,0.1575166852935635,1.0,0.11756263507446284
602,0.029999999999914,0.160199595458081,1.0,0.11736955778044994
603,0.0399999999999138,0.1628825056225985,1.0,0.11722133748825628
604,0.0499999999999136,0.1655654157871159,1.0,0.11712363603055068
605,0.0599999999999134,0.1682483259516335,1.0,0.11708168999582075
606,0.0699999999999132,0.170931236116151,1.0,0.11710032270632768
607,0.079999999999913,0.1736141462806685,1.0,0.11718395755079915
608,0.0899999999999128,0.176297056445186,1.0,0.1173366323928529
609,0.0999999999999126,0.1789799666097035,1.0,0.11756201480264619
610,0.1099999999999123,0.1816628767742211,1.0,0.11786341788481926
611,0.1199999999999121,0.1843457869387385,1.0,0.11824381650029331
612,0.1299999999999119,0.187028697103256,1.0,0.11870586370274258
613,0.1399999999999117,0.1897116072677735,1.0,0.11925190723246523
614,0.1499999999999115,0.192394517432291,1.0,0.11988400593090848
615,0.1599999999999113,0.1950774275968085,1.0,0.12060394595817543
616,0.1699999999999111,0.197760337761326,1.0,0.12141325671344881
617,0.1799999999999109,0.2002104089933426,1.0,0.12231322637445272
618,0.1899999999999106,0.2026054714669565,1.0,0.12330491698680619
619,0.1999999999999104,0.2050005339405705,1.0,0.12438917904748947
620,0.2099999999999102,0.2073955964141845,1.0,0.12556666553866463
621,0.21999999999991,0.2097906588877986,1.0,0.1268378453788615
622,0.2299999999999098,0.2121857213614126,1.0,0.12820301626808434
623,0.2399999999999096,0.2145807838350266,1.0,0.12966231691181804
624,0.2499999999999094,0.2169758463086406,1.0,0.1312157386163019
625,0.2599999999999092,0.2193709087822546,1.0,0.1328631362538055
626,0.269999999999909,0.2217659712558687,1.0,0.13460423860217477
627,0.2799999999999087,0.2241610337294826,1.0,0.13643865806755956
628,0.2899999999999085,0.2265560962030968,1.0,0.1383658998031922
629,0.2999999999999083,0.2289511586767107,1.0,0.1403853702403188
630,0.3099999999999081,0.2313462211503247,1.0,0.1424963850500539
631,0.3199999999999079,0.2337412836239388,1.0,0.14469817655701853
632,0.3299999999999077,0.2361363460975528,1.0,0.14698990062726172
633,0.3399999999999075,0.2385314085711667,1.0,0.14937064305415765
634,0.3499999999999073,0.2409264710447807,1.0,0.15183942546680856
635,0.359999999999907,0.243321533518395,1.0,0.15439521078598042
636,0.3699999999999068,0.245716595992009,1.0,0.1570369082528341
637,0.3799999999999066,0.2481116584656228,1.0,0.15976337805569427
638,0.3899999999999064,0.250506720939237,1.0,0.1625734355798804
639,0.3999999999999062,0.2529017834128509,1.0,0.16546585530524036
640,0.409999999999906,0.2552968458864649,1.0,0.16843937437548614
641,0.4199999999999058,0.257691908360079,1.0,0.17149269586279192
642,0.4299999999999055,0.2600869708336931,1.0,0.1746244917503594
643,0.4399999999999053,0.2624820333073072,1.0,0.17783340565485017
644,0.4499999999999051,0.264877095780921,1.0,0.18111805530969685
645,0.4599999999999049,0.2672721582545352,1.0,0.1844770348293989
646,0.4699999999999047,0.2696672207281492,1.0,0.18790891677395896
647,0.4799999999999045,0.2720622832017632,1.0,0.19141225403164783
648,0.4899999999999043,0.2744573456753771,1.0,0.19498558153732795
649,0.4999999999999041,0.2768524081489911,1.0,0.19862741784258084
650,0.5099999999999039,0.2792474706226052,1.0,0.20233626655292658
651,0.5199999999999037,0.2816425330962193,1.0,0.20611061764647695
652,0.5299999999999034,0.2840375955698333,1.0,0.2099489486874194
653,0.5399999999999032,0.2864326580434473,1.0,0.21384972594682483
654,0.549999999999903,0.2888277205170612,1.0,0.21781140544237923
655,0.5599999999999028,0.2912227829906752,1.0,0.22183243390777457
656,0.5699999999999026,0.2936178454642894,1.0,0.22591124970166712
657,0.5799999999999024,0.2960129079379034,1.0,0.23004628366529742
658,0.5899999999999022,0.2984079704115175,1.0,0.234235959937097
659,0.599999999999902,0.3008030328851314,1.0,0.23847869673185654
660,0.6099999999999017,0.3031980953587455,1.0,0.24277290709133165
661,0.6199999999999015,0.3055931578323594,1.0,0.24711699961245914
662,0.6299999999999013,0.3079882203059734,1.0,0.25150937915872856
663,0.6399999999999011,0.3103832827795874,1.0,0.2559484475596212
664,0.6499999999999009,0.3127783452532015,1.0,0.2604326043024445
665,0.6599999999999007,0.3151734077268154,1.0,0.26496024722033495
666,0.6699999999999005,0.3175684702004294,1.0,0.26952977317967003
667,0.6799999999999002,0.3199635326740434,1.0,0.27413957876963907
668,0.6899999999999,0.3223585951476576,1.0,0.27878806099624137
669,0.6999999999998998,0.3247536576212716,1.0,0.28347361798255527
670,0.7099999999998996,0.3271487200948857,1.0,0.28819464967669567
671,0.7199999999998994,0.3295437825684996,1.0,0.2929495585684965
672,0.7299999999998992,0.3319388450421136,1.0,0.29773675041560294
673,0.739999999999899,0.3343339075157277,1.0,0.3025546349793056
674,0.7499999999998987,0.3367289699893416,1.0,0.30740162677017085
675,0.7599999999998985,0.3391240324629556,1.0,0.31227614580320967
676,0.7699999999998983,0.3415190949365697,1.0,0.3171766183620873
677,0.7799999999998981,0.3439141574101838,1.0,0.32210147777164294
678,0.7899999999998979,0.3463092198837978,1.0,0.32704916517775917
679,0.7999999999998977,0.3487042823574119,1.0,0.3320181303334607
680,0.8099999999998975,0.351099344831026,1.0,0.3370068323899236
681,0.8199999999998973,0.3534944073046399,1.0,0.3420137406909616
682,0.829999999999897,0.3558894697782539,1.0,0.3470373355694057
683,0.8399999999998968,0.3582845322518679,1.0,0.35207610914370946
684,0.8499999999998966,0.3606795947254819,1.0,0.3571285661130025
685,0.8599999999998964,0.363074657199096,1.0,0.36219322454877956
686,0.8699999999998962,0.3654697196727101,1.0,0.3672686166813304
687,0.879999999999896,0.3678647821463241,1.0,0.37235328967900666
688,0.8899999999998958,0.3702598446199379,1.0,0.37744580641839104
689,0.8999999999998956,0.3726163497810857,1.0,0.382544746243443
690,0.9099999999998952,0.3743602657120698,1.0,0.38764870571169985
691,0.9199999999998952,0.3761041816430538,1.0,0.3927562993256487
692,0.9299999999998948,0.3778480975740379,1.0,0.3978661602474089
693,0.9399999999998948,0.3795920135050218,1.0,0.40297694099493536
694,0.9499999999998944,0.3813359294360058,1.0,0.40808731411799404
695,0.9599999999998944,0.3830798453669898,1.0,0.4131959728522553
696,0.969999999999894,0.3848237612979738,1.0,0.41830163174990453
697,0.9799999999998938,0.386579374011214,1.0,0.42340302728528884
698,0.9899999999998936,0.3883364663527466,1.0,0.4284989184341809
699,0.9999999999998934,0.3900935586942792,1.0,0.4335880872253763
700,1.0099999999998932,0.3918506510358119,1.0,0.438669339263417
701,1.019999999999893,0.3936077433773444,1.0,0.4437415042213724
702,1.0299999999998928,0.3953648357188769,1.0,0.4488034363026959
703,1.0399999999998926,0.3971219280604093,1.0,0.4538540146713185
704,1.0499999999998924,0.3988790204019419,1.0,0.4588921438492426
705,1.059999999999892,0.4006361127434744,1.0,0.4639167540810214
706,1.069999999999892,0.402393205085007,1.0,0.46892680166463785
707,1.0799999999998915,0.4041502974265397,1.0,0.47392126924840305
708,1.0899999999998915,0.4059073897680721,1.0,0.47889916609362304
709,1.0999999999998913,0.4076644821096049,1.0,0.4838595283028903
710,1.109999999999891,0.4094215744511374,1.0,0.4888014190139805
711,1.1199999999998909,0.4111786667926698,1.0,0.49372392855942837
712,1.1299999999998906,0.4129357591342023,1.0,0.49862617459198183
713,1.1399999999998904,0.414692851475735,1.0,0.5035073021762204
714,1.1499999999998902,0.4164499438172676,1.0,0.5083664838467393
715,1.15999999999989,0.4182070361588002,1.0,0.5132029196333662
716,1.1699999999998898,0.4199641285003327,1.0,0.5180158370540048
717,1.1799999999998896,0.4217212208418653,1.0,0.522804491075741
718,1.1899999999998894,0.4234783131833979,1.0,0.5275681640449578
719,1.1999999999998892,0.4252354055249304,1.0,0.5323061655872585
720,1.209999999999889,0.4269924978664631,1.0,0.5370178324780629
721,1.2199999999998887,0.4287495902079956,1.0,0.541702528484818
722,1.2299999999998883,0.4305066825495282,1.0,0.5463596441817937
723,1.2399999999998883,0.432247194964602,1.0,0.5509885967385056
724,1.249999999999888,0.433986033712595,1.0,0.5555888296828292
725,1.259999999999888,0.435724872460588,1.0,0.5601598126399201
726,1.2699999999998877,0.437546692432052,1.0,0.5647010410480812
727,1.2799999999998877,0.4396335619775237,1.0,0.5692120358527337
728,1.2899999999998872,0.4417204315229954,1.0,0.573692343179685
729,1.299999999999887,0.443807301068467,1.0,0.5781415339888824
730,1.3099999999998868,0.4458941706139388,1.0,0.58255920370987
731,1.3199999999998866,0.4479810401594103,1.0,0.5869449718601468
732,1.3299999999998864,0.4500679097048819,1.0,0.5912984816476511
733,1.3399999999998862,0.4521547792503536,1.0,0.5956193995585646
734,1.349999999999886,0.4542416487958252,1.0,0.5999074149316423
735,1.3599999999998855,0.4563285183412972,1.0,0.6041622395202507
736,1.3699999999998855,0.4584153878867688,1.0,0.6083836070432772
737,1.379999999999885,0.4605022574322402,1.0,0.6125712727260725
738,1.389999999999885,0.462589126977712,1.0,0.61672501283254
739,1.399999999999885,0.4646759965231837,1.0,0.6208446241894803
740,1.409999999999885,0.4667628660686554,1.0,0.6249299237042649
741,1.4199999999998845,0.4688497356141268,1.0,0.6289807478768824
742,1.4299999999998845,0.4709366051595988,1.0,0.6329969523073697
743,1.439999999999884,0.4730234747050701,1.0,0.6369784111996057
744,1.4499999999998838,0.4751103442505421,1.0,0.640925016862416
745,1.4599999999998836,0.4771972137960135,1.0,0.6448366792088912
746,1.4699999999998834,0.4792840833414853,1.0,0.6487133252547954
747,1.4799999999998832,0.4813709528869569,1.0,0.6525548986168924
748,1.489999999999883,0.4834578224324287,1.0,0.6563613590119866
749,1.4999999999998828,0.4855446919779005,1.0,0.6601326817574373
750,1.5099999999998823,0.4876315615233719,1.0,0.6638688572738577
751,1.5199999999998823,0.4897184310688437,1.0,0.6675698905906786
752,1.529999999999882,0.4918053006143153,1.0,0.6712358008552156
753,1.539999999999882,0.4938921701597871,1.0,0.6748666208458389
754,1.5499999999998817,0.4959790397052586,1.0,0.6784623964898088
755,1.5599999999998817,0.4980659092507304,1.0,0.6820231863862991
756,1.5699999999998813,0.5001527787962019,1.0,0.6855490613350907
757,1.579999999999881,0.5022396483416737,1.0,0.6890401038713996
758,1.5899999999998808,0.5043265178871453,1.0,0.6924964078072329
759,1.5999999999998806,0.5064133874326169,1.0,0.6959180777796715
760,1.6099999999998804,0.5085002569780889,1.0,0.6993052288064143
761,1.6199999999998802,0.5105871265235603,1.0,0.702657985848903
762,1.62999999999988,0.5126739960690322,1.0,0.7059764833833028
763,1.6399999999998798,0.5147608656145037,1.0,0.7092608649795958
764,1.6499999999998796,0.5168477351599755,1.0,0.7125112828890086
765,1.6599999999998791,0.518934604705447,1.0,0.7157278976399619
766,1.6699999999998791,0.5210214742509185,1.0,0.7189108776427128
767,1.679999999999879,0.5231083437963904,1.0,0.72206039880283
768,1.6899999999998787,0.5251952133418623,1.0,0.7251766441436198
769,1.6999999999998785,0.5272820828873338,1.0,0.7282598034375833
770,1.7099999999998785,0.5293689524328056,1.0,0.7313100728469952
771,1.719999999999878,0.531455821978277,1.0,0.7343276545736332
772,1.729999999999878,0.5335426915237483,1.0,0.7373127565177013
773,1.7399999999998776,0.5356295610692205,1.0,0.7402655919459485
774,1.7499999999998774,0.5377164306146922,1.0,0.743186379168982
775,1.7599999999998772,0.539803300160164,1.0,0.7460753412277467
776,1.769999999999877,0.541890169705635,1.0,0.7489327055891348
777,1.7799999999998768,0.5439770392511072,1.0,0.7517587038506715
778,1.7899999999998766,0.5460639087965783,1.0,0.7545535714542109
779,1.7999999999998764,0.5481507783420504,1.0,0.7573175474085605
780,1.809999999999876,0.550237647887522,1.0,0.7600508740209493
781,1.819999999999876,0.5523245174329936,1.0,0.762753796637234
782,1.829999999999876,0.5544113869784654,1.0,0.7654265633907356
783,1.8399999999998755,0.556498256523937,1.0,0.7680694249595903
784,1.8499999999998755,0.5585851260694088,1.0,0.7706826343324812
785,1.859999999999875,0.56067199561488,1.0,0.7732664465826262
786,1.8699999999998749,0.5627588651603521,1.0,0.7758211186498759
787,1.8799999999998749,0.5648457347058237,1.0,0.7783469091307795
788,1.8899999999998744,0.5669326042512955,1.0,0.7808440780764679
789,1.8999999999998745,0.5690194737967673,1.0,0.7833128867981975
790,1.909999999999874,0.5711063433422385,1.0,0.7857535976804033
791,1.9199999999998736,0.5731932128877103,1.0,0.7881664740010909
792,1.9299999999998736,0.5752800824331822,1.0,0.7905517797594132
793,1.9399999999998732,0.5773669519786537,1.0,0.7929097795102586
794,1.9499999999998727,0.5794538215241254,1.0,0.7952407382056902
795,1.959999999999873,0.5815406910695972,1.0,0.7975449210430652
796,1.9699999999998727,0.5836275606150689,1.0,0.7998225933196607
797,1.9799999999998723,0.5857144301605405,1.0,0.8020740202936506
798,1.9899999999998723,0.5878012997060119,1.0,0.8042994670512471
799,1.999999999999872,0.5898881692514836,1.0,0.8064991983798553
800,-1.9900000000000428,0.0249020940589383,2.0,-0.030265854607633237
801,-1.980000000000043,0.0248495911907337,2.0,-0.029349030568718307
802,-1.9700000000000435,0.0247970883225291,2.0,-0.02842337297577218
803,-1.9600000000000437,0.0247445854543246,2.0,-0.027488900977129714
804,-1.950000000000044,0.02469208258612,2.0,-0.02654564000834781
805,-1.940000000000044,0.0246395797179155,2.0,-0.025593622127330032
806,-1.930000000000044,0.0245831985226258,2.0,-0.02463288636339097
807,-1.9200000000000443,0.0244426414633996,2.0,-0.023663479080734146
808,-1.9100000000000448,0.0243020844041735,2.0,-0.022685454356861524
809,-1.9000000000000448,0.0241615273449474,2.0,-0.0216988743764005
810,-1.890000000000045,0.0240209702857212,2.0,-0.02070380984089047
811,-1.8800000000000447,0.0238804132264951,2.0,-0.01970034039505171
812,-1.8700000000000452,0.023739856167269,2.0,-0.018688555070086606
813,-1.8600000000000456,0.0235992991080428,2.0,-0.017668552744571894
814,-1.8500000000000456,0.0234587420488168,2.0,-0.01664044262350835
815,-1.840000000000046,0.0233181849895906,2.0,-0.015604344736114396
816,-1.8300000000000465,0.0231776279303644,2.0,-0.014560390452950324
817,-1.8200000000000465,0.0230370708711384,2.0,-0.013508723022979669
818,-1.810000000000047,0.0228965138119123,2.0,-0.012449498131180875
819,-1.800000000000047,0.0227559567526861,2.0,-0.01138288447733334
820,-1.790000000000047,0.02261539969346,2.0,-0.010309064376605994
821,-1.780000000000047,0.0224748426342338,2.0,-0.009228234382599404
822,-1.7700000000000475,0.0223342855750077,2.0,-0.008140605933480628
823,-1.7600000000000475,0.0221937285157815,2.0,-0.007046406021876611
824,-1.750000000000048,0.0220531714565554,2.0,-0.005945877889184667
825,-1.7400000000000482,0.0219126143973294,2.0,-0.004839281744972628
826,-1.7300000000000484,0.0217720573381032,2.0,-0.0037268955121366326
827,-1.7200000000000486,0.021631500278877,2.0,-0.00260901559850349
828,-1.7100000000000488,0.0214909432196509,2.0,-0.001485957695540678
829,-1.700000000000049,0.0213503861604248,2.0,-0.00035805760486927674
830,-1.6900000000000492,0.0212098291011986,2.0,0.0007743279067559402
831,-1.6800000000000497,0.0210692720419725,2.0,0.001910820223318857
832,-1.6700000000000497,0.0209287149827464,2.0,0.0030510179656018308
833,-1.66000000000005,0.0207881579235203,2.0,0.004194496046769255
834,-1.65000000000005,0.0206476008642942,2.0,0.005340804696830534
835,-1.6400000000000503,0.020507043805068,2.0,0.006489468455341164
836,-1.6300000000000503,0.0203664867458418,2.0,0.007639985131722058
837,-1.6200000000000507,0.0202259296866157,2.0,0.008791824732602802
838,-1.610000000000051,0.0200853726273896,2.0,0.009944428355608735
839,-1.6000000000000512,0.0199448155681634,2.0,0.011097207049046716
840,-1.5900000000000514,0.0198042585089373,2.0,0.012249540636976848
841,-1.5800000000000516,0.0196637014497112,2.0,0.01340077650919803
842,-1.5700000000000518,0.0195231443904851,2.0,0.014550228375720207
843,-1.560000000000052,0.0193825873312589,2.0,0.015697174985345844
844,-1.5500000000000522,0.0192420302720328,2.0,0.01684085880805071
845,-1.5400000000000524,0.0191014732128067,2.0,0.017980484680919052
846,-1.5300000000000529,0.0189609161535805,2.0,0.019115218417468813
847,-1.5200000000000529,0.0188203590943544,2.0,0.020244185380298246
848,-1.510000000000053,0.0186798020351283,2.0,0.021366469017084555
849,-1.5000000000000533,0.0185392449759021,2.0,0.02248110936008845
850,-1.4900000000000535,0.018398687916676,2.0,0.02358710148945709
851,-1.4800000000000535,0.0182581308574499,2.0,0.024683393960770524
852,-1.470000000000054,0.0181175737982238,2.0,0.025768887197453693
853,-1.460000000000054,0.0179770167389977,2.0,0.026842431848891592
854,-1.4500000000000544,0.0178364596797715,2.0,0.02790282711529714
855,-1.4400000000000546,0.0176959026205453,2.0,0.028948819040673503
856,-1.4300000000000548,0.0175553455613193,2.0,0.029979098775493377
857,-1.420000000000055,0.0174147885020932,2.0,0.030992300811085824
858,-1.4100000000000552,0.017274231442867,2.0,0.0319870011881069
859,-1.4000000000000554,0.0171336743836409,2.0,0.03296171568194574
860,-1.3900000000000556,0.0169931173244148,2.0,0.033914897968426304
861,-1.3800000000000558,0.0171433211919733,2.0,0.03484493777379096
862,-1.370000000000056,0.0173457482596067,2.0,0.0357501590136433
863,-1.3600000000000565,0.0175481753272403,2.0,0.036628817926322256
864,-1.3500000000000565,0.0177506023948737,2.0,0.03747910120713591
865,-1.3400000000000567,0.0179530294625073,2.0,0.03829912415093303
866,-1.330000000000057,0.0181554565301407,2.0,0.03908692881174178
867,-1.3200000000000571,0.0183578835977743,2.0,0.03984048218965184
868,-1.3100000000000571,0.0185603106654077,2.0,0.04055767445676958
869,-1.3000000000000576,0.0187627377330412,2.0,0.04123631723602766
870,-1.2900000000000578,0.0189651648006748,2.0,0.04187414194886642
871,-1.280000000000058,0.0191675918683082,2.0,0.04246879825043023
872,-1.2700000000000582,0.0193700189359417,2.0,0.04301785257396627
873,-1.2600000000000584,0.0195724460035752,2.0,0.04351878680965829
874,-1.2500000000000586,0.0197748730712087,2.0,0.04396899714728246
875,-1.2400000000000588,0.0198995598261855,2.0,0.04436579311689398
876,-1.230000000000059,0.0198749731047338,2.0,0.044706396867425086
877,-1.2200000000000593,0.0198503863832822,2.0,0.044987942729674026
878,-1.2100000000000597,0.0198257996618306,2.0,0.04520747711792111
879,-1.2000000000000597,0.0198012129403789,2.0,0.045361958833481895
880,-1.19000000000006,0.0197766262189273,2.0,0.04544825984414358
881,-1.18000000000006,0.0197520394974756,2.0,0.045463166625933984
882,-1.1700000000000603,0.0197274527760239,2.0,0.04540338216831828
883,-1.1600000000000603,0.0197028660545723,2.0,0.04526552876116275
884,-1.1500000000000608,0.0196782793331207,2.0,0.04504615170203149
885,-1.140000000000061,0.019653692611669,2.0,0.04474172408620038
886,-1.1300000000000612,0.0196291058902174,2.0,0.04434865286973098
887,-1.1200000000000614,0.0196045191687657,2.0,0.04386328642888149
888,-1.1100000000000616,0.019579932447314,2.0,0.04328192387778686
889,-1.1000000000000618,0.0195553457258624,2.0,0.04260082645184358
890,-1.090000000000062,0.0195307590044107,2.0,0.04181623131762967
891,-1.0800000000000622,0.019506172282959,2.0,0.040924368232928214
892,-1.0700000000000625,0.0194815855615074,2.0,0.03992147955394645
893,-1.060000000000063,0.0194569988400558,2.0,0.038803844172962745
894,-1.0500000000000629,0.0194324121186041,2.0,0.03756780607031319
895,-1.040000000000063,0.0194078253971524,2.0,0.036209808282062834
896,-1.0300000000000633,0.0193832386757008,2.0,0.03472643322130765
897,-1.0200000000000635,0.0193586519542492,2.0,0.03311445044935408
898,-1.0100000000000635,0.0193340652327975,2.0,0.03137087317574987
899,-1.000000000000064,0.0193094785113459,2.0,0.02949302497582219
900,-0.9900000000000642,0.0192848917898942,2.0,0.027478618453512512
901,-0.9800000000000644,0.0192603050684425,2.0,0.025325847847590687
902,-0.9700000000000646,0.0192357183469909,2.0,0.023033497881711967
903,-0.9600000000000648,0.0192111316255393,2.0,0.020601071492293163
904,-0.950000000000065,0.0191865449040876,2.0,0.01802893942942559
905,-0.9400000000000652,0.0191619581826359,2.0,0.015318515107541899
906,-0.9300000000000654,0.0191373714611843,2.0,0.012472458471217494
907,-0.9200000000000657,0.0191127847397326,2.0,0.00949491301591921
908,-0.910000000000066,0.019055231342953,2.0,0.0063917804310011225
909,-0.9000000000000661,0.0188010270388643,2.0,0.00317103756418082
910,-0.8900000000000663,0.0185575531145935,2.0,-0.00015689952662177673
911,-0.8800000000000665,0.0183140791903227,2.0,-0.003578759865034175
912,-0.8700000000000667,0.0180706052660518,2.0,-0.007077946217720155
913,-0.8600000000000669,0.017827131341781,2.0,-0.010634005327452062
914,-0.8500000000000671,0.0175836574175102,2.0,-0.014222038916371273
915,-0.8400000000000674,0.0173401834932394,2.0,-0.01781205778676777
916,-0.8300000000000676,0.0170967095689686,2.0,-0.021368285999131608
917,-0.8200000000000678,0.0168532356446977,2.0,-0.024848428761146703
918,-0.810000000000068,0.0166097617204269,2.0,-0.02820292687596901
919,-0.8000000000000682,0.0163662877961561,2.0,-0.03137423298940784
920,-0.7900000000000684,0.0161228138718852,2.0,-0.03429616105872962
921,-0.7800000000000686,0.0158793399476145,2.0,-0.0368933809453799
922,-0.7700000000000689,0.0156358660233436,2.0,-0.039081155016970646
923,-0.7600000000000691,0.0153923920990728,2.0,-0.040765442745598304
924,-0.7500000000000693,0.015148918174802,2.0,-0.04184353110405244
925,-0.7400000000000695,0.0149054442505312,2.0,-0.042205380083756086
926,-0.7300000000000697,0.0146619703262603,2.0,-0.041735898584543484
927,-0.7200000000000699,0.0143931387868622,2.0,-0.04031837794114088
928,-0.7100000000000701,0.0140606601996004,2.0,-0.03783929664942501
929,-0.7000000000000703,0.0137281816123385,2.0,-0.034194655345224784
930,-0.6900000000000706,0.0133957030250766,2.0,-0.029297888941390408
931,-0.6800000000000708,0.0130632244378148,2.0,-0.023089218175315247
932,-0.670000000000071,0.0127307458505529,2.0,-0.015546039201033809
933,-0.6600000000000712,0.012398267263291,2.0,-0.006693618254716096
934,-0.6500000000000714,0.0120657886760292,2.0,0.003385003026632188
935,-0.6400000000000716,0.0117333100887673,2.0,0.014541305846569706
936,-0.6300000000000718,0.0114008315015054,2.0,0.026557387248677147
937,-0.620000000000072,0.0110683529142436,2.0,0.039147362172993215
938,-0.6100000000000723,0.0107358743269817,2.0,0.051965174151505186
939,-0.6000000000000725,0.0104033957397198,2.0,0.06461915067306236
940,-0.5900000000000727,0.010070917152458,2.0,0.07669262339653293
941,-0.5800000000000729,0.0097384385651961,2.0,0.0877688686916736
942,-0.5700000000000731,0.0094059599779342,2.0,0.09745777139205532
943,-0.5600000000000733,0.0090734813906723,2.0,0.10542120576367849
944,-0.5500000000000735,0.0087410028034104,2.0,0.11139427742453349
945,-0.5400000000000738,0.0084085242161486,2.0,0.11520023237549505
946,-0.530000000000074,0.0080760456288867,2.0,0.11675782997023883
947,-0.5200000000000742,0.0077463579929012,2.0,0.11608104801842638
948,-0.5100000000000744,0.0074497439602326,2.0,0.11327191783939103
949,-0.5000000000000746,0.0071531299275639,2.0,0.10850793762154415
950,-0.4900000000000748,0.0068565158948954,2.0,0.10202584519546637
951,-0.480000000000075,0.0065599018622267,2.0,0.0941035821844125
952,-0.4700000000000752,0.0062632878295581,2.0,0.08504212257317634
953,-0.4600000000000754,0.0059666737968895,2.0,0.07514854656093412
954,-0.4500000000000757,0.0056700597642209,2.0,0.06472137975032399
955,-0.4400000000000759,0.0053734457315523,2.0,0.05403883792468035
956,-0.4300000000000761,0.0050768316988836,2.0,0.043350256590329275
957,-0.4200000000000763,0.004780217666215,2.0,0.03287067086816545
958,-0.4100000000000765,0.0044836036335464,2.0,0.02277826556644574
959,-0.4000000000000767,0.0041869896008778,2.0,0.013214248227206418
960,-0.3900000000000769,0.0038903755682092,2.0,0.004284610209849195
961,-0.3800000000000771,0.0035937615355406,2.0,-0.003936776342634058
962,-0.3700000000000774,0.0033148713728513,2.0,-0.011404240037314571
963,-0.3600000000000776,0.0030684407784782,2.0,-0.018096010472304806
964,-0.3500000000000778,0.0028220101841052,2.0,-0.024009884939960074
965,-0.340000000000078,0.0025755795897322,2.0,-0.029159113713488314
966,-0.3300000000000782,0.0023291489953592,2.0,-0.03356866800370849
967,-0.3200000000000784,0.0020827184009862,2.0,-0.037271980573753076
968,-0.3100000000000786,0.0018362878066131,2.0,-0.04030819138480624
969,-0.3000000000000788,0.0015898572122401,2.0,-0.0427198893025055
970,-0.2900000000000791,0.0013434266178671,2.0,-0.04455131390764009
971,-0.2800000000000793,0.001096996023494,2.0,-0.04584696610646002
972,-0.2700000000000795,0.000850565429121,2.0,-0.04665056964590652
973,-0.2600000000000797,0.000604134834748,2.0,-0.04700432516851084
974,-0.2500000000000799,0.0003577042403749,2.0,-0.04694840189161246
975,-0.2400000000000801,0.0001112736460019,2.0,-0.04652061766484679
976,-0.2300000000000803,-0.000135156948371,2.0,-0.0457562648176479
977,-0.2200000000000805,-0.0003815875427441,2.0,-0.04468804602273558
978,-0.2100000000000808,-0.0006280181371171,2.0,-0.04334609085394578
979,-0.200000000000081,-8.194053078587966e-15,2.0,-0.041758029520503524
980,-0.1900000000000812,0.0012090659831183,2.0,-0.03994910528928883
981,-0.1800000000000814,0.0024181319662448,2.0,-0.03794231134129212
982,-0.1700000000000816,0.0036071376346176,2.0,-0.03575854129131303
983,-0.1600000000000818,0.0047908542833548,2.0,-0.033416745407915116
984,-0.150000000000082,0.0060748383274759,2.0,-0.030934086794794258
985,-0.1400000000000822,0.0073049261076896,2.0,-0.028326093527815496
986,-0.1300000000000825,0.008372085068993,2.0,-0.025606804071071184
987,-0.1200000000000827,0.0094392440302964,2.0,-0.022788904298207426
988,-0.1100000000000829,0.0102435817614797,2.0,-0.019883855188873527
989,-0.1000000000000831,0.0103154572874017,2.0,-0.016902010810648425
990,-0.0900000000000833,0.010456536177684,2.0,-0.013852726580257059
991,-0.0800000000000835,0.0105976150679663,2.0,-0.010744458061550553
992,-0.0700000000000837,0.0119486965306695,2.0,-0.007584850731192544
993,-0.0600000000000839,0.0137539216080112,2.0,-0.004380821249502779
994,-0.0500000000000842,0.0155591466853529,2.0,-0.0011386308315427898
995,-0.0400000000000844,0.0173643717626946,2.0,0.0021360486638647242
996,-0.0300000000000846,0.0191695968400363,2.0,0.0054380753113710545
997,-0.0200000000000848,0.0209748219173781,2.0,0.008762783765238343
998,-0.010000000000085,0.0227800469947198,2.0,0.01210593740618802
999,-8.526512829121202e-14,0.0245852720720615,2.0,0.015463685456326419
1000,0.0099999999999145,0.0263904971494032,2.0,0.01883252456837434
1001,0.0199999999999143,0.0281957222267449,2.0,0.022209264435399563
1002,0.029999999999914,0.0300009473040866,2.0,0.025590997006800825
1003,0.0399999999999138,0.0318061723814283,2.0,0.02897506893445016
1004,0.0499999999999136,0.0336113974587701,2.0,0.03235905690900474
1005,0.0599999999999134,0.0354166225361117,2.0,0.035740745580088565
1006,0.0699999999999132,0.0372218476134535,2.0,0.03911810778516869
1007,0.079999999999913,0.0390270726907952,2.0,0.04248928684042149
1008,0.0899999999999128,0.0409552202497887,2.0,0.045852580672818506
1009,0.0999999999999126,0.0432785301823307,2.0,0.049206427596098994
1010,0.1099999999999123,0.0456018401148728,2.0,0.05254939355444616
1011,0.1199999999999121,0.0478121882123748,2.0,0.055880160676654154
1012,0.1299999999999119,0.0496339922605566,2.0,0.05919751700060188
1013,0.1399999999999117,0.0511340951360936,2.0,0.06250034724303749
1014,0.1499999999999115,0.0526710560108419,2.0,0.06578762450326553
1015,0.1599999999999113,0.0546993711941826,2.0,0.06905840280142102
1016,0.1699999999999111,0.0567276863775234,2.0,0.07231181036280147
1017,0.1799999999999109,0.0587560015608641,2.0,0.0755470435693164
1018,0.1899999999999106,0.0607843167442048,2.0,0.07876336150765076
1019,0.1999999999999104,0.0628126319275455,2.0,0.08196008105133931
1020,0.2099999999999102,0.0648384393168495,2.0,0.08513657242070254
1021,0.21999999999991,0.0667704650866258,2.0,0.08829225517059865
1022,0.2299999999999098,0.068702490856402,2.0,0.09142659456130924
1023,0.2399999999999096,0.0706345166261782,2.0,0.09453909827262273
1024,0.2499999999999094,0.0725665423959544,2.0,0.09762931342542788
1025,0.2599999999999092,0.0744985681657308,2.0,0.10069682387890755
1026,0.269999999999909,0.0764305939355069,2.0,0.10374124777478463
1027,0.2799999999999087,0.0783626197052832,2.0,0.10676223530308049
1028,0.2899999999999085,0.080651393491806,2.0,0.10975946666652495
1029,0.2999999999999083,0.0832575514521229,2.0,0.11273265022314691
1030,0.3099999999999081,0.0858637094124399,2.0,0.11568152078872287
1031,0.3199999999999079,0.088469867372757,2.0,0.11860583808265857
1032,0.3299999999999077,0.0910760253330739,2.0,0.12150538530260066
1033,0.3399999999999075,0.0936821832933909,2.0,0.12437996781460703
1034,0.3499999999999073,0.0962883412537079,2.0,0.1272294119470643
1035,0.359999999999907,0.0988944992140247,2.0,0.13005356387778486
1036,0.3699999999999068,0.1015006571743418,2.0,0.13285228860480675
1037,0.3799999999999066,0.1041068151346588,2.0,0.13562546899241687
1038,0.3899999999999064,0.1067129730949757,2.0,0.13837300488479337
1039,0.3999999999999062,0.1093191310552927,2.0,0.14109481228047707
1040,0.409999999999906,0.1118459030899258,2.0,0.14379082256157555
1041,0.4199999999999058,0.1143238903706757,2.0,0.1464609817722664
1042,0.4299999999999055,0.1168018776514256,2.0,0.14910524994172464
1043,0.4399999999999053,0.1192798649321754,2.0,0.15172360044713068
1044,0.4499999999999051,0.1217582621796431,2.0,0.15431601941287668
1045,0.4599999999999049,0.124241382823946,2.0,0.1568825051425009
1046,0.4699999999999047,0.1267245034682489,2.0,0.15942306758026792
1047,0.4799999999999045,0.1292076241125514,2.0,0.16193772779963275
1048,0.4899999999999043,0.1316688001824458,2.0,0.164426517516148
1049,0.4999999999999041,0.1340926537274342,2.0,0.1668894786226276
1050,0.5099999999999039,0.1364381826270392,2.0,0.16932666274463629
1051,0.5199999999999037,0.1387837115266439,2.0,0.17173813081458064
1052,0.5299999999999034,0.1411292404262487,2.0,0.17412395266288574
1053,0.5399999999999032,0.1434747693258535,2.0,0.17648420662490186
1054,0.549999999999903,0.1458202982254584,2.0,0.17881897916234998
1055,0.5599999999999028,0.1481658271250631,2.0,0.18112836449825204
1056,0.5699999999999026,0.1505113560246677,2.0,0.1834124642644148
1057,0.5799999999999024,0.1528277386622634,2.0,0.18567138716064455
1058,0.5899999999999022,0.1551211417022902,2.0,0.18790524862497168
1059,0.599999999999902,0.1574145447423172,2.0,0.19011417051424642
1060,0.6099999999999017,0.1597079477823439,2.0,0.19229828079454617
1061,0.6199999999999015,0.1620013508223708,2.0,0.19445771324090216
1062,0.6299999999999013,0.1642947538623977,2.0,0.1965926071459126
1063,0.6399999999999011,0.1665881569024245,2.0,0.1987031070368585
1064,0.6499999999999009,0.1688815599424513,2.0,0.20078936240099135
1065,0.6599999999999007,0.1716192357651739,2.0,0.2028515274186947
1066,0.6699999999999005,0.1745761225187529,2.0,0.20488976070425546
1067,0.6799999999999002,0.1775330092723321,2.0,0.2069042250540231
1068,0.6899999999999,0.1805317290189592,2.0,0.20889508720174105
1069,0.6999999999998998,0.1836884672497247,2.0,0.21086251758087357
1070,0.7099999999998996,0.1868452054804902,2.0,0.21280669009376477
1071,0.7199999999998994,0.1900019437112556,2.0,0.2147277818874739
1072,0.7299999999998992,0.193158681942021,2.0,0.2166259731361614
1073,0.739999999999899,0.1963154201727865,2.0,0.21850144682989328
1074,0.7499999999998987,0.1994721584035521,2.0,0.2203543885697567
1075,0.7599999999998985,0.2026288966343174,2.0,0.22218498636916958
1076,0.7699999999998983,0.2057856348650829,2.0,0.2239934304612922
1077,0.7799999999998981,0.2089423730958485,2.0,0.22577991311243628
1078,0.7899999999998979,0.2120991113266139,2.0,0.2275446284413813
1079,0.7999999999998977,0.2152558495573793,2.0,0.2292877722445054
1080,0.8099999999998975,0.2184125877881448,2.0,0.2310095418266426
1081,0.8199999999998973,0.2215693260189102,2.0,0.23271013583757366
1082,0.829999999999897,0.2247260642496755,2.0,0.23438975411406782
1083,0.8399999999998968,0.227882802480441,2.0,0.23604859752738336
1084,0.8499999999998966,0.2310395407112066,2.0,0.2376868678361399
1085,0.8599999999998964,0.2341951103947374,2.0,0.23930476754446883
1086,0.8699999999998962,0.2373498837704744,2.0,0.2409024997653634
1087,0.879999999999896,0.2405046571462116,2.0,0.24248026808912
1088,0.8899999999998958,0.2436594305219487,2.0,0.2440382764567948
1089,0.8999999999998956,0.2468142038976858,2.0,0.24557672903857003
1090,0.9099999999998952,0.2499689772734229,2.0,0.24709583011694453
1091,0.9199999999998952,0.2530087635864059,2.0,0.248595783974645
1092,0.9299999999998948,0.256046615959226,2.0,0.25007679478716693
1093,0.9399999999998948,0.2590844683320463,2.0,0.2515390665198446
1094,0.9499999999998944,0.2621223207048666,2.0,0.25298280282935054
1095,0.9599999999998944,0.2651601730776868,2.0,0.25440820696952826
1096,0.969999999999894,0.2681980254505071,2.0,0.25581548170145363
1097,0.9799999999998938,0.2712358778233273,2.0,0.2572048292076274
1098,0.9899999999998936,0.2742737301961476,2.0,0.2585764510101962
1099,0.9999999999998934,0.2773115825689678,2.0,0.2599305478931001
1100,1.0099999999998932,0.2802223055735408,2.0,0.2612673198280462
1101,1.019999999999893,0.2825009667362396,2.0,0.2625869659042055
1102,1.0299999999998928,0.2847482205609106,2.0,0.26388968426153114
1103,1.0399999999998926,0.2867715442751303,2.0,0.2651756720275984
1104,1.0499999999998924,0.2887948679893502,2.0,0.26644512525786623
1105,1.059999999999892,0.2908181917035703,2.0,0.2676982388792537
1106,1.069999999999892,0.2928415154177902,2.0,0.26893520663694237
1107,1.0799999999998915,0.2948648391320102,2.0,0.2701562210442962
1108,1.0899999999998915,0.2968881628462304,2.0,0.2713614733358068
1109,1.0999999999998913,0.2989114865604503,2.0,0.27255115342296476
1110,1.109999999999891,0.3009348102746703,2.0,0.273725449852963
1111,1.1199999999998909,0.3029581339888905,2.0,0.27488454977013493
1112,1.1299999999998906,0.3049814577031101,2.0,0.27602863888004014
1113,1.1399999999998904,0.3070047814173303,2.0,0.27715790141609675
1114,1.1499999999998902,0.3090281051315502,2.0,0.2782725201086806
1115,1.15999999999989,0.3110514288457702,2.0,0.27937267615659483
1116,1.1699999999998898,0.3130747525599903,2.0,0.2804585492008262
1117,1.1799999999998896,0.3150980762742102,2.0,0.2815303173005019
1118,1.1899999999998894,0.3169401224199535,2.0,0.2825881569109644
1119,1.1999999999998892,0.3187749262883452,2.0,0.28363224286388006
1120,1.209999999999889,0.320609730156737,2.0,0.28466274834930516
1121,1.2199999999998887,0.3224445340251288,2.0,0.28567984489962417
1122,1.2299999999998883,0.3242793378935204,2.0,0.28668370237529434
1123,1.2399999999998883,0.326114141761912,2.0,0.28767448895231135
1124,1.249999999999888,0.3279489456303038,2.0,0.28865237111132896
1125,1.259999999999888,0.3297837494986953,2.0,0.28961751362836224
1126,1.2699999999998877,0.331618553367087,2.0,0.29057007956700226
1127,1.2799999999998877,0.3334533572354788,2.0,0.29151023027207634
1128,1.2899999999998872,0.3352881611038705,2.0,0.292438125364692
1129,1.299999999999887,0.3371229649722623,2.0,0.29335392273859506
1130,1.3099999999998868,0.338957768840654,2.0,0.29425777855778357
1131,1.3199999999998866,0.3407925727090456,2.0,0.2951498472553227
1132,1.3299999999998864,0.3426273396665996,2.0,0.29603028153329186
1133,1.3399999999998862,0.3444611373185353,2.0,0.296899232363819
1134,1.349999999999886,0.3462949349704708,2.0,0.2977568489911402
1135,1.3599999999998855,0.3481287326224065,2.0,0.2986032789346373
1136,1.3699999999998855,0.349962530274342,2.0,0.29943866799279967
1137,1.379999999999885,0.3517963279262777,2.0,0.3002631602480615
1138,1.389999999999885,0.3536301255782133,2.0,0.30107689807246946
1139,1.399999999999885,0.355463923230149,2.0,0.30188002213413134
1140,1.409999999999885,0.3572977208820845,2.0,0.30267267140440696
1141,1.4199999999998845,0.3591315185340201,2.0,0.30345498316579256
1142,1.4299999999998845,0.3609653161859558,2.0,0.3042270930204635
1143,1.439999999999884,0.3627838803115588,2.0,0.30498913489943025
1144,1.4499999999998838,0.364580339493965,2.0,0.3057412410722773
1145,1.4599999999998836,0.3663767986763709,2.0,0.3064835421574404
1146,1.4699999999998834,0.3681732578587768,2.0,0.3072161671329921
1147,1.4799999999998832,0.3699697170411831,2.0,0.3079392433479005
1148,1.489999999999883,0.3717661762235891,2.0,0.3086528965337299
1149,1.4999999999998828,0.3735626354059953,2.0,0.3093572508167508
1150,1.5099999999998823,0.3755274757030882,2.0,0.3100524287304289
1151,1.5199999999998823,0.3778054718381625,2.0,0.3107385512282691
1152,1.529999999999882,0.380083467973237,2.0,0.3114157376969803
1153,1.539999999999882,0.3823614641083117,2.0,0.31208410596994146
1154,1.5499999999998817,0.3846394602433863,2.0,0.3127437723409395
1155,1.5599999999998817,0.3869174563784608,2.0,0.3133948515781562
1156,1.5699999999998813,0.3891954525135354,2.0,0.3140374569383829
1157,1.579999999999881,0.3914734486486098,2.0,0.3146717001814395
1158,1.5899999999998808,0.3937514447836845,2.0,0.31529769158477583
1159,1.5999999999998806,0.3960294409187591,2.0,0.31591553995823934
1160,1.6099999999998804,0.3984457531802519,2.0,0.3165253526589848
1161,1.6199999999998802,0.4010726197862333,2.0,0.3171272356065142
1162,1.62999999999988,0.4036994863922147,2.0,0.3177212932978233
1163,1.6399999999998798,0.4063263529981963,2.0,0.31830762882264213
1164,1.6499999999998796,0.4089532196041777,2.0,0.3188863438787559
1165,1.6599999999998791,0.4115800862101592,2.0,0.31945753878738287
1166,1.6699999999998791,0.4142069528161406,2.0,0.32002131250860827
1167,1.679999999999879,0.416833819422122,2.0,0.3205777626568474
1168,1.6899999999998787,0.4194606860281034,2.0,0.32112698551633495
1169,1.6999999999998785,0.4220875526340851,2.0,0.32166907605662426
1170,1.7099999999998785,0.4247144192400663,2.0,0.3222041279480867
1171,1.719999999999878,0.4273412858460476,2.0,0.3227322335773974
1172,1.729999999999878,0.4299681524520292,2.0,0.3232534840630029
1173,1.7399999999998776,0.4325950190580104,2.0,0.3237679692705556
1174,1.7499999999998774,0.4352218856639921,2.0,0.32427577782830885
1175,1.7599999999998772,0.4378487522699735,2.0,0.3247769971424637
1176,1.769999999999877,0.4404756188759549,2.0,0.3252717134124584
1177,1.7799999999998768,0.4431024854819364,2.0,0.3257600116461954
1178,1.7899999999998766,0.4457293520879178,2.0,0.32624197567519536
1179,1.7999999999998764,0.4483562186938991,2.0,0.32671768816967517
1180,1.809999999999876,0.4509830852998804,2.0,0.32718723065353983
1181,1.819999999999876,0.4536099519058622,2.0,0.32765068351928966
1182,1.829999999999876,0.4562368185118434,2.0,0.32810812604282413
1183,1.8399999999998755,0.4588636851178249,2.0,0.3285596363981543
1184,1.8499999999998755,0.4614905517238066,2.0,0.32900529167200465
1185,1.859999999999875,0.4641174183297879,2.0,0.3294451678783081
1186,1.8699999999998749,0.466744284935769,2.0,0.3298793399725869
1187,1.8799999999998749,0.4693711515417507,2.0,0.3303078818662186
1188,1.8899999999998744,0.4719980181477321,2.0,0.3307308664405796
1189,1.8999999999998745,0.4746248847537132,2.0,0.33114836556106536
1190,1.909999999999874,0.477251751359695,2.0,0.3315604500909861
1191,1.9199999999998736,0.4798786179656763,2.0,0.33196718990533297
1192,1.9299999999998736,0.4825054845716578,2.0,0.3323686539044107
1193,1.9399999999998732,0.4851323511776392,2.0,0.33276491002734093
1194,1.9499999999998727,0.4877592177836209,2.0,0.3331560252654266
1195,1.959999999999873,0.4903860843896021,2.0,0.33354206567538264
1196,1.9699999999998727,0.4930129509955838,2.0,0.3339230963924232
1197,1.9799999999998723,0.495639817601565,2.0,0.3342991816432151
1198,1.9899999999998723,0.4982666842075464,2.0,0.3346703847586866
1199,1.999999999999872,0.5008935508135277,2.0,0.3350367681866942
1200,-1.9900000000000428,0.5080074940474011,3.0,0.42644498661650665
1201,-1.980000000000043,0.5075772356924803,3.0,0.4257304817211344
1202,-1.9700000000000435,0.5070727044978424,3.0,0.42500415567263783
1203,-1.9600000000000437,0.5065681733032047,3.0,0.4242657749137408
1204,-1.950000000000044,0.5060636421085664,3.0,0.4235151001203474
1205,-1.940000000000044,0.5055591109139286,3.0,0.42275188602765523
1206,-1.930000000000044,0.5050545797192908,3.0,0.42197588125024377
1207,-1.9200000000000443,0.5040525158960134,3.0,0.42118682809593
1208,-1.9100000000000448,0.5015900083095599,3.0,0.420384462373153
1209,-1.9000000000000448,0.4982916931510429,3.0,0.4195685131916644
1210,-1.890000000000045,0.4953666855433163,3.0,0.418738702756273
1211,-1.8800000000000447,0.4924416779355902,3.0,0.4178947461534008
1212,-1.8700000000000452,0.4895166703278635,3.0,0.4170363511301902
1213,-1.8600000000000456,0.486591662720137,3.0,0.41616321786589805
1214,-1.8500000000000456,0.4836666551124103,3.0,0.41527503873530663
1215,-1.840000000000046,0.4807363132028012,3.0,0.4143714980638661
1216,-1.8300000000000465,0.4777700573933122,3.0,0.41345227187428907
1217,-1.8200000000000465,0.474803801583823,3.0,0.41251702762429443
1218,-1.810000000000047,0.4718375457743339,3.0,0.41156542393520457
1219,-1.800000000000047,0.4688712899648447,3.0,0.4105971103110838
1220,-1.790000000000047,0.4659050341553558,3.0,0.4096117268481045
1221,-1.780000000000047,0.4629387783458665,3.0,0.4086089039338185
1222,-1.7700000000000475,0.4599725225363772,3.0,0.40758826193600917
1223,-1.7600000000000475,0.4570062667268882,3.0,0.4065494108807853
1224,-1.750000000000048,0.4540317613727732,3.0,0.4054919501195929
1225,-1.7400000000000482,0.4510283660394901,3.0,0.40441546798479006
1226,-1.7300000000000484,0.4480249707062068,3.0,0.4033195414334579
1227,-1.7200000000000486,0.4450215753729237,3.0,0.4022037356790918
1228,-1.7100000000000488,0.4420181800396407,3.0,0.40106760381083906
1229,-1.700000000000049,0.4390147847063573,3.0,0.3999106863999376
1230,-1.6900000000000492,0.4360113893730738,3.0,0.3987325110930178
1231,-1.6800000000000497,0.4330079940397909,3.0,0.3975325921919409
1232,-1.6700000000000497,0.4300045987065076,3.0,0.39631043021984086
1233,-1.66000000000005,0.4270012033732245,3.0,0.3950655114730697
1234,-1.65000000000005,0.4239978080399409,3.0,0.3937973075587363
1235,-1.6400000000000503,0.4209944127066581,3.0,0.39250527491756376
1236,-1.6300000000000503,0.4179910173733749,3.0,0.3911888543318045
1237,-1.6200000000000507,0.4149876220400921,3.0,0.3898474704179792
1238,-1.610000000000051,0.4119842267068086,3.0,0.3884805311042361
1239,-1.6000000000000512,0.4089808313735253,3.0,0.3870874270921663
1240,-1.5900000000000514,0.4059774360402421,3.0,0.38566753130295334
1241,-1.5800000000000516,0.4029740407069592,3.0,0.38422019830778137
1242,-1.5700000000000518,0.3999706453736757,3.0,0.38274476374249095
1243,-1.560000000000052,0.3969672500403924,3.0,0.38124054370653937
1244,-1.5500000000000522,0.3939638547071091,3.0,0.3797068341463892
1245,-1.5400000000000524,0.3909604593738258,3.0,0.3781429102235543
1246,-1.5300000000000529,0.3879570640405428,3.0,0.37654802566762285
1247,-1.5200000000000529,0.3849536687072595,3.0,0.37492141211469643
1248,-1.510000000000053,0.3819502733739767,3.0,0.37326227843181675
1249,-1.5000000000000533,0.3789468780406935,3.0,0.3715698100281026
1250,-1.4900000000000535,0.3759434827074103,3.0,0.3698431681534836
1251,-1.4800000000000535,0.3729400873741267,3.0,0.36808148918612454
1252,-1.470000000000054,0.3699366920408439,3.0,0.36628388390982125
1253,-1.460000000000054,0.3669332967075606,3.0,0.3644494367829294
1254,-1.4500000000000544,0.3639299013742772,3.0,0.3625772052006323
1255,-1.4400000000000546,0.3609265060409942,3.0,0.36066621875267996
1256,-1.4300000000000548,0.3579231107077109,3.0,0.35871547847906393
1257,-1.420000000000055,0.3549197153744277,3.0,0.3567239561264984
1258,-1.4100000000000552,0.3519163200411445,3.0,0.3546905934089971
1259,-1.4000000000000554,0.3489129247078615,3.0,0.35261430127633053
1260,-1.3900000000000556,0.3459095293745781,3.0,0.3504939591946943
1261,-1.3800000000000558,0.342906134041295,3.0,0.3483284144445255
1262,-1.370000000000056,0.3399027387080117,3.0,0.34611648144108664
1263,-1.3600000000000565,0.3368993433747283,3.0,0.3438569410842011
1264,-1.3500000000000565,0.3338959480414453,3.0,0.341548540144363
1265,-1.3400000000000567,0.3308925527081624,3.0,0.33918999069340605
1266,-1.330000000000057,0.3278891573748788,3.0,0.33677996958895823
1267,-1.3200000000000571,0.3248857620415954,3.0,0.33431711802309283
1268,-1.3100000000000571,0.3218823667083125,3.0,0.33180004114689454
1269,-1.3000000000000576,0.3187305543973875,3.0,0.3292273077841253
1270,-1.2900000000000578,0.3152686809648236,3.0,0.32659745024878495
1271,-1.280000000000058,0.3118068075322604,3.0,0.3239089642831871
1272,-1.2700000000000582,0.3083449340996971,3.0,0.3211603091351681
1273,-1.2600000000000584,0.3048830606671333,3.0,0.3183499077952934
1274,-1.2500000000000586,0.3014211872345699,3.0,0.31547614741740737
1275,-1.2400000000000588,0.2979593138020067,3.0,0.31253737994863734
1276,-1.230000000000059,0.2944974403694429,3.0,0.3095319229980397
1277,-1.2200000000000593,0.291091135549757,3.0,0.3064580609764847
1278,-1.2100000000000597,0.2879968048110072,3.0,0.30331404654417204
1279,-1.2000000000000597,0.2849024740722576,3.0,0.30009810240638424
1280,-1.19000000000006,0.2818081433335078,3.0,0.29680842350275516
1281,-1.18000000000006,0.278713812594758,3.0,0.2934431796405379
1282,-1.1700000000000603,0.2756194818560082,3.0,0.29000051862811316
1283,-1.1600000000000603,0.2725251511172585,3.0,0.2864785699713919
1284,-1.1500000000000608,0.269253180729619,3.0,0.28287544920287033
1285,-1.140000000000061,0.2652828846930176,3.0,0.27918926292098983
1286,-1.1300000000000612,0.2613125886564161,3.0,0.27541811462621163
1287,-1.1200000000000614,0.2573422926198149,3.0,0.2715601114499525
1288,-1.1100000000000616,0.2533719965832134,3.0,0.2676133718833088
1289,-1.1000000000000618,0.2494017005466121,3.0,0.263576034624503
1290,-1.090000000000062,0.2454314045100108,3.0,0.25944626867729204
1291,-1.0800000000000622,0.2414611084734094,3.0,0.25522228484736964
1292,-1.0700000000000625,0.2374908124368081,3.0,0.2509023488002308
1293,-1.060000000000063,0.2335205164002066,3.0,0.24648479586223357
1294,-1.0500000000000629,0.2295502203636052,3.0,0.24196804776691516
1295,-1.040000000000063,0.225579924327004,3.0,0.23735063157122768
1296,-1.0300000000000633,0.2216096282904024,3.0,0.2326312009915403
1297,-1.0200000000000635,0.2176393322538011,3.0,0.22780856043732603
1298,-1.0100000000000635,0.2136690362172,3.0,0.22288169205177152
1299,-1.000000000000064,0.2096987401805984,3.0,0.2178497861035437
1300,-0.9900000000000642,0.2057284441439971,3.0,0.21271227511308904
1301,-0.9800000000000644,0.2017581481073955,3.0,0.20746887214073295
1302,-0.9700000000000646,0.1977878520707944,3.0,0.20211961371308987
1303,-0.9600000000000648,0.193817556034193,3.0,0.1966649079197283
1304,-0.950000000000065,0.1898472599975917,3.0,0.19110558827451293
1305,-0.9400000000000652,0.1858769639609902,3.0,0.18544297400669185
1306,-0.9300000000000654,0.1819066679243888,3.0,0.17967893752682776
1307,-0.9200000000000657,0.1779363718877875,3.0,0.17381597990360492
1308,-0.910000000000066,0.1739660758511862,3.0,0.1678573152911234
1309,-0.9000000000000661,0.1699957798145847,3.0,0.16180696536452382
1310,-0.8900000000000663,0.1660254837779835,3.0,0.1556698649570595
1311,-0.8800000000000665,0.162055187741382,3.0,0.14945198024668338
1312,-0.8700000000000667,0.1580848917047806,3.0,0.14316044101782446
1313,-0.8600000000000669,0.1543114813861821,3.0,0.13680368872749793
1314,-0.8500000000000671,0.1505741250209569,3.0,0.13039164233740638
1315,-0.8400000000000674,0.1468367686557312,3.0,0.12393588413820635
1316,-0.8300000000000676,0.1430597963755091,3.0,0.11744986809069612
1317,-0.8200000000000678,0.1391408331705779,3.0,0.11094915354147698
1318,-0.810000000000068,0.1352218699656467,3.0,0.10445166753452051
1319,-0.8000000000000682,0.1313029067607158,3.0,0.09797799932589012
1320,-0.7900000000000684,0.1273839435557845,3.0,0.09155173109785437
1321,-0.7800000000000686,0.1234649803508534,3.0,0.08519980922636021
1322,-0.7700000000000689,0.1195460171459223,3.0,0.078952960723484
1323,-0.7600000000000691,0.1156270539409911,3.0,0.07284615955723377
1324,-0.7500000000000693,0.11170809073606,3.0,0.06691914729069152
1325,-0.7400000000000695,0.1077891275311286,3.0,0.061217011639762176
1326,-0.7300000000000697,0.1038701643261974,3.0,0.055790824753606166
1327,-0.7200000000000699,0.0999512011212662,3.0,0.05069833971420377
1328,-0.7100000000000701,0.0960322379163351,3.0,0.04600473809592417
1329,-0.7000000000000703,0.0921132747114038,3.0,0.04178341219323777
1330,-0.6900000000000706,0.0881943115064726,3.0,0.038116750933190426
1331,-0.6800000000000708,0.0842753483015416,3.0,0.0350968760022172
1332,-0.670000000000071,0.0803563850966105,3.0,0.03282624080119704
1333,-0.6600000000000712,0.0764577351869972,3.0,0.03141795471920829
1334,-0.6500000000000714,0.0730450060663259,3.0,0.03099562268138293
1335,-0.6400000000000716,0.0696322769456545,3.0,0.03169238741532376
1336,-0.6300000000000718,0.0662195478249833,3.0,0.033648721107962395
1337,-0.620000000000072,0.0628068187043119,3.0,0.037008326881908804
1338,-0.6100000000000723,0.0593940895836405,3.0,0.041911276563967634
1339,-0.6000000000000725,0.0559813604629691,3.0,0.048483239547802266
1340,-0.5900000000000727,0.052568631342298,3.0,0.056819382514070364
1341,-0.5800000000000729,0.0491559022216266,3.0,0.06696131776672602
1342,-0.5700000000000731,0.0457570308754672,3.0,0.07886548908664921
1343,-0.5600000000000733,0.0432032449607321,3.0,0.09236183083474428
1344,-0.5500000000000735,0.0406494590459969,3.0,0.10710272481926808
1345,-0.5400000000000738,0.0380956731312619,3.0,0.12250456462187523
1346,-0.530000000000074,0.0355418872165268,3.0,0.13768794004683887
1347,-0.5200000000000742,0.0329881013017919,3.0,0.15142776800003593
1348,-0.5100000000000744,0.0304343153870568,3.0,0.16213165804046892
1349,-0.5000000000000746,0.0278805294723217,3.0,0.16787335800827896
1350,-0.4900000000000748,0.0253267435575865,3.0,0.1665178813486427
1351,-0.480000000000075,0.0227729576428515,3.0,0.15598323208127635
1352,-0.4700000000000752,0.0202191717281162,3.0,0.13468029549193924
1353,-0.4600000000000754,0.0176653858133812,3.0,0.10213255576164651
1354,-0.4500000000000757,0.0151115998986461,3.0,0.05966605729309297
1355,-0.4400000000000759,0.0125578139839109,3.0,0.010876920115534865
1356,-0.4300000000000761,0.0100040280691759,3.0,-0.038553904786171864
1357,-0.4200000000000763,0.0074502421544408,3.0,-0.08198027509377438
1358,-0.4100000000000765,0.0048964562397058,3.0,-0.11358227116741003
1359,-0.4000000000000767,0.0035888825432339,3.0,-0.1299914955292857
1360,-0.3900000000000769,0.0022563176504766,3.0,-0.13092074277214108
1361,-0.3800000000000771,0.0004739671582739,3.0,-0.11863310902631129
1362,-0.3700000000000774,-0.0013083833339286,3.0,-0.09676418298074059
1363,-0.3600000000000776,-0.0020738309916973,3.0,-0.06916174453304962
1364,-0.3500000000000778,-2.630440454609491e-14,3.0,-0.039123996036331876
1365,-0.340000000000078,0.0048237198853082,3.0,-0.009081752914782571
1366,-0.3300000000000782,0.0108790249479034,3.0,0.019405795666811936
1367,-0.3200000000000784,0.0224220327415129,3.0,0.04549755355099194
1368,-0.3100000000000786,0.0339403646030808,3.0,0.06887209755041424
1369,-0.3000000000000788,0.0454066873958647,3.0,0.08954542759738812
1370,-0.2900000000000791,0.0568730101886487,3.0,0.1077283375596232
1371,-0.2800000000000793,0.0723473106813906,3.0,0.12372583333656781
1372,-0.2700000000000795,0.0892986329637443,3.0,0.1378719123939282
1373,-0.2600000000000797,0.1075251690706023,3.0,0.1504906731495316
1374,-0.2500000000000799,0.1269961408837987,3.0,0.16187550013453936
1375,-0.2400000000000801,0.1464671126969956,3.0,0.17227988601326402
1376,-0.2300000000000803,0.1659380845101922,3.0,0.18191530575322867
1377,-0.2200000000000805,0.1823194730373582,3.0,0.19095307676922785
1378,-0.2100000000000808,0.1978621691084992,3.0,0.19952825248015227
1379,-0.200000000000081,0.2130030368252178,3.0,0.20774435910765707
1380,-0.1900000000000812,0.2274160538770772,3.0,0.21567828272964887
1381,-0.1800000000000814,0.2360818395785268,3.0,0.22338492581631403
1382,-0.1700000000000816,0.2377776465139069,3.0,0.23090144232731624
1383,-0.1600000000000818,0.239473453449287,3.0,0.23825097242897778
1384,-0.150000000000082,0.2411692603846671,3.0,0.2454458618019858
1385,-0.1400000000000822,0.2428650673200471,3.0,0.2524903854894125
1386,-0.1300000000000825,0.2445608742554274,3.0,0.25938301417095894
1387,-0.1200000000000827,0.2462993813593654,3.0,0.2661182688307951
1388,-0.1100000000000829,0.2471130643672885,3.0,0.27268821225944223
1389,-0.1000000000000831,0.2477281795367987,3.0,0.27908362515550383
1390,-0.0900000000000833,0.2483432947063092,3.0,0.28529491217821357
1391,-0.0800000000000835,0.2489584098758196,3.0,0.2913127799500128
1392,-0.0700000000000837,0.24957352504533,3.0,0.2971287251849655
1393,-0.0600000000000839,0.2501886402148405,3.0,0.30273536710379284
1394,-0.0500000000000842,0.2546856663184419,3.0,0.3081266542684472
1395,-0.0400000000000844,0.2621864726878155,3.0,0.3132979720498471
1396,-0.0300000000000846,0.2696872790571895,3.0,0.31824617321794474
1397,-0.0200000000000848,0.2756141696617679,3.0,0.322969550674943
1398,-0.010000000000085,0.2782038499917931,3.0,0.32746776818163204
1399,-8.526512829121202e-14,0.2807935303218187,3.0,0.3317417620778396
1400,0.0099999999999145,0.2833832106518439,3.0,0.33579362448044026
1401,0.0199999999999143,0.2854913333823568,3.0,0.3396264762533069
1402,0.029999999999914,0.2859714086042301,3.0,0.34324433617007094
1403,0.0399999999999138,0.2886543783738502,3.0,0.34665199111208483
1404,0.0499999999999136,0.291723391320547,3.0,0.34985487083501826
1405,0.0599999999999134,0.2966948275316496,3.0,0.3528589297695152
1406,0.0699999999999132,0.3038614680671454,3.0,0.35567053746478355
1407,0.079999999999913,0.3077463845606873,3.0,0.3582963786095762
1408,0.0899999999999128,0.3115736555307637,3.0,0.3607433630450366
1409,0.0999999999999126,0.3154009265008402,3.0,0.36301854579261317
1410,0.1099999999999123,0.3192281974709166,3.0,0.3651290568347027
1411,0.1199999999999121,0.3227371748938764,3.0,0.36708204018549706
1412,0.1299999999999119,0.3258145664518028,3.0,0.36888460165722925
1413,0.1399999999999117,0.3288674666859105,3.0,0.37054376464772576
1414,0.1499999999999115,0.3319203669200175,3.0,0.3720664332364811
1415,0.1599999999999113,0.3349732671541249,3.0,0.37345936186817286
1416,0.1699999999999111,0.3380261673882323,3.0,0.37472913091635396
1417,0.1799999999999109,0.3410790676223398,3.0,0.3758821274493489
1418,0.1899999999999106,0.3441319678564473,3.0,0.37692453056004316
1419,0.1999999999999104,0.3471848680905545,3.0,0.37786230066712045
1420,0.2099999999999102,0.3497925044005319,3.0,0.3787011722444734
1421,0.21999999999991,0.3507604940646134,3.0,0.37944664948558876
1422,0.2299999999999098,0.3538596747641036,3.0,0.3801040044591222
1423,0.2399999999999096,0.3570449572670788,3.0,0.3806782773594358
1424,0.2499999999999094,0.3602302397700544,3.0,0.38117427850083846
1425,0.2599999999999092,0.3634155222730295,3.0,0.3815965917461305
1426,0.269999999999909,0.3659766903805083,3.0,0.38194957909862215
1427,0.2799999999999087,0.3673043244004718,3.0,0.3822373862219152
1428,0.2899999999999085,0.368631958420435,3.0,0.38246394868350514
1429,0.2999999999999083,0.3699595924403984,3.0,0.38263299874675544
1430,0.3099999999999081,0.3699235871638926,3.0,0.3827480725611954
1431,0.3199999999999079,0.3713834659438108,3.0,0.38281251762361723
1432,0.3299999999999077,0.3751145131348188,3.0,0.3828295004023087
1433,0.3399999999999075,0.3788455603258259,3.0,0.3828020140341739
1434,0.3499999999999073,0.3825766075168335,3.0,0.38273288601972827
1435,0.359999999999907,0.3863076547078411,3.0,0.38262478585418613
1436,0.3699999999999068,0.3886551029650391,3.0,0.3824802325443253
1437,0.3799999999999066,0.3877304646852906,3.0,0.3823016019707088
1438,0.3899999999999064,0.386805826405542,3.0,0.38209113406332074
1439,0.3999999999999062,0.3858811881257937,3.0,0.38185093976594897
1440,0.409999999999906,0.3849565498460455,3.0,0.3815830077708086
1441,0.4199999999999058,0.3840319115662965,3.0,0.38128921101014274
1442,0.4299999999999055,0.3831072732865483,3.0,0.38097131289593505
1443,0.4399999999999053,0.3821826350067996,3.0,0.3806309733025617
1444,0.4499999999999051,0.3812579967270516,3.0,0.380269754290268
1445,0.4599999999999049,0.3808082854708562,3.0,0.3798891255698982
1446,0.4699999999999047,0.3813934577053666,3.0,0.37949046971135575
1447,0.4799999999999045,0.3811205262207049,3.0,0.3790750870999635
1448,0.4899999999999043,0.3808475947360432,3.0,0.37864420064620363
1449,0.4999999999999041,0.3805746632513814,3.0,0.3781989602553779
1450,0.5099999999999039,0.3803017317667195,3.0,0.37774044706451587
1451,0.5199999999999037,0.3800288002820577,3.0,0.377269677454449
1452,0.5299999999999034,0.3797558687973962,3.0,0.3767876068453908
1453,0.5399999999999032,0.3794829373127342,3.0,0.3762951332846265
1454,0.549999999999903,0.3793242509505248,3.0,0.3757931008350677
1455,0.5599999999999028,0.3795519591739451,3.0,0.37528230277346786
1456,0.5699999999999026,0.3797796673973652,3.0,0.37476348460706943
1457,0.5799999999999024,0.3800073756207852,3.0,0.37423734691734356
1458,0.5899999999999022,0.3802350838442052,3.0,0.3737045480393301
1459,0.599999999999902,0.380462792067625,3.0,0.3731657065848819
1460,0.6099999999999017,0.3806905002910453,3.0,0.37262140381790254
1461,0.6199999999999015,0.3809182085144652,3.0,0.3720721858893791
1462,0.6299999999999013,0.3811459167378855,3.0,0.3715185659397761
1463,0.6399999999999011,0.3813736249613056,3.0,0.37096102607602743
1464,0.6499999999999009,0.3816013331847255,3.0,0.37040001923010935
1465,0.6599999999999007,0.3818102037066662,3.0,0.36983597090583975
1466,0.6699999999999005,0.3819937252033394,3.0,0.3692692808202811
1467,0.6799999999999002,0.3821772467000131,3.0,0.3687003244458049
1468,0.6899999999999,0.3823607681966867,3.0,0.36812945445859435
1469,0.6999999999998998,0.3824412959688784,3.0,0.3675570020990672
1470,0.7099999999998996,0.382433886736124,3.0,0.36698327844942596
1471,0.7199999999998994,0.3835751516402118,3.0,0.3664085756332638
1472,0.7299999999998992,0.386173291629091,3.0,0.3658331679418964
1473,0.739999999999899,0.3886660247889858,3.0,0.365257312891835
1474,0.7499999999998987,0.3910392750549787,3.0,0.3646812522175707
1475,0.7599999999998985,0.3932974913630145,3.0,0.3641052128036048
1476,0.7699999999998983,0.3955557076710504,3.0,0.3635294075594412
1477,0.7799999999998981,0.3978139239790866,3.0,0.3629540362410401
1478,0.7899999999998979,0.4000721402871224,3.0,0.362379286222029
1479,0.7999999999998977,0.4023303565951586,3.0,0.3618053332177721
1480,0.8099999999998975,0.4045885729031947,3.0,0.36123234196522286
1481,0.8199999999998973,0.4068467892112304,3.0,0.36066046686130104
1482,0.829999999999897,0.4091050055192666,3.0,0.360089852562374
1483,0.8399999999998968,0.4113632218273026,3.0,0.35952063454726974
1484,0.8499999999998966,0.4136214381353389,3.0,0.35895293964609737
1485,0.8599999999998964,0.4162238992041254,3.0,0.3583868865370113
1486,0.8699999999998962,0.419549514132053,3.0,0.3578225862129259
1487,0.879999999999896,0.4228751290599798,3.0,0.3572601424200624
1488,0.8899999999998958,0.426200743987907,3.0,0.35669965207009424
1489,0.8999999999998956,0.429526358915834,3.0,0.3561412056275451
1490,0.9099999999998952,0.4328519738437614,3.0,0.3555848874739878
1491,0.9199999999998952,0.4361775887716883,3.0,0.3550307762505076
1492,0.9299999999998948,0.4395032036996155,3.0,0.35447894517978157
1493,0.9399999999998948,0.4428288186275426,3.0,0.35392946236905964
1494,0.9499999999998944,0.4461544335554698,3.0,0.35338239109523567
1495,0.9599999999998944,0.4494800484833967,3.0,0.35283779007313787
1496,0.969999999999894,0.452805663411324,3.0,0.3522957137080753
1497,0.9799999999998938,0.456131278339251,3.0,0.35175621233363746
1498,0.9899999999998936,0.4594568932671783,3.0,0.3512193324356527
1499,0.9999999999998934,0.4627825081951056,3.0,0.3506851168631749
1500,1.0099999999998932,0.4661081231230323,3.0,0.35015360502730175
1501,1.019999999999893,0.4693131272041575,3.0,0.3496248330885805
1502,1.0299999999998928,0.4724128003413755,3.0,0.3490988341337026
1503,1.0399999999998926,0.4755124734785936,3.0,0.3485756383421539
1504,1.0499999999998924,0.478612146615812,3.0,0.3480552731434379
1505,1.059999999999892,0.4817118197530301,3.0,0.3475377633654461
1506,1.069999999999892,0.4848114928902479,3.0,0.34702313137452256
1507,1.0799999999998915,0.4879111660274665,3.0,0.3465113972077299
1508,1.0899999999998915,0.4910108391646845,3.0,0.34600257869778367
1509,1.0999999999998913,0.4941105123019026,3.0,0.3454966915911124
1510,1.109999999999891,0.4972101854391209,3.0,0.3449937496594458
1511,1.1199999999998909,0.5008774127466503,3.0,0.3444937648053284
1512,1.1299999999998906,0.5008812520989543,3.0,0.34399674716192136
1513,1.1399999999998904,0.5007735585986758,3.0,0.34350270518743115
1514,1.1499999999998902,0.5006658650983968,3.0,0.3430116457544867
1515,1.15999999999989,0.5005581715981182,3.0,0.3425235742347631
1516,1.1699999999998898,0.5004504780978396,3.0,0.34203849457913393
1517,1.1799999999998896,0.5003427845975608,3.0,0.3415564093936076
1518,1.1899999999998894,0.5002350910972816,3.0,0.3410773200113034
1519,1.1999999999998892,0.5001273975970031,3.0,0.34060122656068903
1520,1.209999999999889,0.5000197040967244,3.0,0.3401281280302983
1521,1.2199999999998887,0.4999120105964453,3.0,0.33965802233013104
1522,1.2299999999998883,0.4998043170961668,3.0,0.3391909063499251
1523,1.2399999999998883,0.4996966235958878,3.0,0.3387267760144741
1524,1.249999999999888,0.499100698927597,3.0,0.33826562633616397
1525,1.259999999999888,0.4984898750096285,3.0,0.337807451464876
1526,1.2699999999998877,0.4978790510916597,3.0,0.33735224473541103
1527,1.2799999999998877,0.4972682271736916,3.0,0.3368999987125651
1528,1.2899999999998872,0.4966574032557228,3.0,0.3364507052339901
1529,1.299999999999887,0.4960465793377543,3.0,0.33600435545095686
1530,1.3099999999998868,0.4954357554197857,3.0,0.3355609398671375
1531,1.3199999999998866,0.4948249315018175,3.0,0.3351204483755106
1532,1.3299999999998864,0.494214107583849,3.0,0.33468287029349136
1533,1.3399999999998862,0.4936032836658802,3.0,0.33424819439638076
1534,1.349999999999886,0.4929924597479116,3.0,0.3338164089492184
1535,1.3599999999998855,0.4919950502943315,3.0,0.33338750173713017
1536,1.3699999999998855,0.4905544486015779,3.0,0.3329614600942397
1537,1.379999999999885,0.4891138469088239,3.0,0.33253827093122285
1538,1.389999999999885,0.48767324521607,3.0,0.332117920761576
1539,1.399999999999885,0.4862876440689889,3.0,0.33170039572665544
1540,1.409999999999885,0.4849482652931822,3.0,0.3312856816195574
1541,1.4199999999998845,0.4836088865173748,3.0,0.3308737639078955
1542,1.4299999999998845,0.4822695077415676,3.0,0.3304646277555222
1543,1.439999999999884,0.4809301289657607,3.0,0.3300582580432582
1544,1.4499999999998838,0.4795907501899535,3.0,0.3296546393886679
1545,1.4599999999998836,0.4782513714141465,3.0,0.32925375616493174
1546,1.4699999999998834,0.4769119926383394,3.0,0.3288555925188567
1547,1.4799999999998832,0.4755726138625324,3.0,0.32846013238806926
1548,1.489999999999883,0.4742332350867252,3.0,0.3280673595174247
1549,1.4999999999998828,0.4728938563109182,3.0,0.32767725747466875
1550,1.5099999999998823,0.4719842164577514,3.0,0.3272898096653961
1551,1.5199999999998823,0.4735375387074804,3.0,0.32690499934732337
1552,1.529999999999882,0.4750908609572097,3.0,0.3265228096439203
1553,1.539999999999882,0.4766441832069397,3.0,0.3261432235574187
1554,1.5499999999998817,0.478197505456669,3.0,0.32576622398123806
1555,1.5599999999998817,0.4797508277063988,3.0,0.32539179371183996
1556,1.5699999999998813,0.4813041499561279,3.0,0.3250199154600491
1557,1.579999999999881,0.4828574722058573,3.0,0.32465057186185825
1558,1.5899999999998808,0.4844107944555869,3.0,0.3242837454887391
1559,1.5999999999998806,0.4859641167053163,3.0,0.3239194188574831
1560,1.6099999999998804,0.4875174389550462,3.0,0.3235575744395933
1561,1.6199999999998802,0.4890707612047751,3.0,0.32319819467024136
1562,1.62999999999988,0.490624083454505,3.0,0.32284126195681206
1563,1.6399999999998798,0.4921774057042343,3.0,0.32248675868705545
1564,1.6499999999998796,0.4937307279539637,3.0,0.3221346672368572
1565,1.6599999999998791,0.4952840502036932,3.0,0.32178496997764405
1566,1.6699999999998791,0.4968373724534223,3.0,0.32143764928344415
1567,1.679999999999879,0.4987130680516553,3.0,0.3210926875376142
1568,1.6899999999998787,0.5007635282703304,3.0,0.32075006713924425
1569,1.6999999999998785,0.5028139884890054,3.0,0.32040977050925606
1570,1.7099999999998785,0.5043832619853336,3.0,0.320071780096209
1571,1.719999999999878,0.5058963905511471,3.0,0.3197360783818218
1572,1.729999999999878,0.5074095191169607,3.0,0.31940264788622336
1573,1.7399999999998776,0.5088648320262065,3.0,0.3190714711729459
1574,1.7499999999998774,0.5101200679286052,3.0,0.3187425308536653
1575,1.7599999999998772,0.5113753038310034,3.0,0.3184158095927045
1576,1.769999999999877,0.5126305397334021,3.0,0.3180912901113053
1577,1.7799999999998768,0.513885775635801,3.0,0.3177689551916814
1578,1.7899999999998766,0.5151410115381992,3.0,0.31744878768085544
1579,1.7999999999998764,0.5163962474405975,3.0,0.31713077049429766
1580,1.809999999999876,0.5176514833429963,3.0,0.3168148866193662
1581,1.819999999999876,0.5189067192453947,3.0,0.3165011191185582
1582,1.829999999999876,0.520161955147793,3.0,0.31618945113258395
1583,1.8399999999998755,0.5214171910501917,3.0,0.31587986588326616
1584,1.8499999999998755,0.5226724269525899,3.0,0.31557234667627143
1585,1.859999999999875,0.5239276628549889,3.0,0.31526687690368477
1586,1.8699999999998749,0.5251828987573869,3.0,0.3149634400464285
1587,1.8799999999998749,0.5264381346597855,3.0,0.3146620196765349
1588,1.8899999999998744,0.527693370562184,3.0,0.314362599459276
1589,1.8999999999998745,0.5289486064645824,3.0,0.3140651631551589
1590,1.909999999999874,0.5302038423669808,3.0,0.3137696946217893
1591,1.9199999999998736,0.5314590782693795,3.0,0.31347617781560894
1592,1.9299999999998736,0.532714314171778,3.0,0.3131845967935161
1593,1.9399999999998732,0.5339695500741762,3.0,0.31289493571436566
1594,1.9499999999998727,0.5352247859765749,3.0,0.31260717884036116
1595,1.959999999999873,0.5364800218789731,3.0,0.3123213105383403
1596,1.9699999999998727,0.537735257781372,3.0,0.3120373152809556
1597,1.9799999999998723,0.5389904936837703,3.0,0.3117551776477608
1598,1.9899999999998723,0.5402457295861688,3.0,0.3114748823261986
1599,1.999999999999872,0.5415009654885675,3.0,0.3111964141125013
1600,-1.9900000000000428,0.3758968111149919,4.0,0.38954644626335805
1601,-1.980000000000043,0.3730012384090522,4.0,0.38570851376658477
1602,-1.9700000000000435,0.3701056657031124,4.0,0.38189093668118157
1603,-1.9600000000000437,0.3672100929971726,4.0,0.37809509868000885
1604,-1.950000000000044,0.3643145202912324,4.0,0.3743223920158522
1605,-1.940000000000044,0.3614189475852916,4.0,0.3705742162984613
1606,-1.930000000000044,0.3585233748793525,4.0,0.3668519772409735
1607,-1.9200000000000443,0.3556278021734116,4.0,0.36315708537811214
1608,-1.9100000000000448,0.3527322294674714,4.0,0.3594909547586816
1609,-1.9000000000000448,0.3498366567615321,4.0,0.35585500161500533
1610,-1.890000000000045,0.3469410840555927,4.0,0.352250643012072
1611,-1.8800000000000447,0.3440455113496524,4.0,0.3486792954792645
1612,-1.8700000000000452,0.3411499386437122,4.0,0.3451423736276475
1613,-1.8600000000000456,0.3382543659377726,4.0,0.34164128875587013
1614,-1.8500000000000456,0.3353587932318329,4.0,0.3381774474478239
1615,-1.840000000000046,0.3324632205258926,4.0,0.33475225016525606
1616,-1.8300000000000465,0.3295676478199524,4.0,0.3313670898385872
1617,-1.8200000000000465,0.3266720751140129,4.0,0.32802335045922
1618,-1.810000000000047,0.3237765024080729,4.0,0.32472240567666416
1619,-1.800000000000047,0.3208809297021329,4.0,0.3214656174037858
1620,-1.790000000000047,0.3179853569961936,4.0,0.3182543344335226
1621,-1.780000000000047,0.3150897842902528,4.0,0.3150898910703579
1622,-1.7700000000000475,0.3121942115843132,4.0,0.3119736057798417
1623,-1.7600000000000475,0.3092986388783733,4.0,0.3089067798593921
1624,-1.750000000000048,0.306403066172433,4.0,0.30589069613356346
1625,-1.7400000000000482,0.3035074934664935,4.0,0.30292661767689333
1626,-1.7300000000000484,0.3006119207605531,4.0,0.3000157865673694
1627,-1.7200000000000486,0.297716348054614,4.0,0.2971594226734657
1628,-1.7100000000000488,0.2948207753486735,4.0,0.29435872247759276
1629,-1.700000000000049,0.291925202642734,4.0,0.29161485793870695
1630,-1.6900000000000492,0.2890296299367934,4.0,0.2889289753966969
1631,-1.6800000000000497,0.2861340572308547,4.0,0.2863021945210417
1632,-1.6700000000000497,0.2832384845249134,4.0,0.283735607306107
1633,-1.66000000000005,0.2803429118189741,4.0,0.28123027711529885
1634,-1.65000000000005,0.2774473391130341,4.0,0.27878723777616143
1635,-1.6400000000000503,0.2745517664070944,4.0,0.27640749272834164
1636,-1.6300000000000503,0.2716561937011539,4.0,0.2740920142262089
1637,-1.6200000000000507,0.2687606209952137,4.0,0.2718417425977641
1638,-1.610000000000051,0.2658650482892746,4.0,0.2696575855612957
1639,-1.6000000000000512,0.2629694755833342,4.0,0.26754041760113156
1640,-1.5900000000000514,0.2600739028773938,4.0,0.26549107940363076
1641,-1.5800000000000516,0.2571783301714549,4.0,0.2635103773544543
1642,-1.5700000000000518,0.2542827574655139,4.0,0.2615990830979776
1643,-1.560000000000052,0.2513871847595748,4.0,0.25975793315957124
1644,-1.5500000000000522,0.2485771613058333,4.0,0.25798762863134356
1645,-1.5400000000000524,0.2459372686036521,4.0,0.2562888349217902
1646,-1.5300000000000529,0.2432973759014713,4.0,0.2546621815696735
1647,-1.5200000000000529,0.2406574831992896,4.0,0.25310826212232856
1648,-1.510000000000053,0.2380175904971075,4.0,0.25162763407847344
1649,-1.5000000000000533,0.2353776977949266,4.0,0.2502208188954839
1650,-1.4900000000000535,0.2327378050927451,4.0,0.24888830206099521
1651,-1.4800000000000535,0.2300979123905639,4.0,0.24763053322858916
1652,-1.470000000000054,0.2274580196883826,4.0,0.24644792641722868
1653,-1.460000000000054,0.2248181269862009,4.0,0.24534086027402083
1654,-1.4500000000000544,0.2221782342840197,4.0,0.24430967839981008
1655,-1.4400000000000546,0.219538341581839,4.0,0.24335468973702076
1656,-1.4300000000000548,0.2168984488796574,4.0,0.24247616901911087
1657,-1.420000000000055,0.2142585561774761,4.0,0.24167435728093328
1658,-1.4100000000000552,0.2116186634752942,4.0,0.2409494624292402
1659,-1.4000000000000554,0.2089787707731129,4.0,0.24030165987252325
1660,-1.3900000000000556,0.2063388780709317,4.0,0.23973109320933345
1661,-1.3800000000000558,0.2036989853687495,4.0,0.23923787497418111
1662,-1.370000000000056,0.2010590926665687,4.0,0.23882208744008823
1663,-1.3600000000000565,0.198419199964387,4.0,0.23848378347682592
1664,-1.3500000000000565,0.1957793072622062,4.0,0.23822298746385145
1665,-1.3400000000000567,0.1931394145600251,4.0,0.23803969625693647
1666,-1.330000000000057,0.1904995218578432,4.0,0.23793388020745848
1667,-1.3200000000000571,0.1878596291556626,4.0,0.23790548423332666
1668,-1.3100000000000571,0.1852809240809346,4.0,0.23795442894049895
1669,-1.3000000000000576,0.1827485569677681,4.0,0.23808061179406576
1670,-1.2900000000000578,0.1802161898546009,4.0,0.23828390833787683
1671,-1.280000000000058,0.1776838227414336,4.0,0.23856417346172232
1672,-1.2700000000000582,0.1751514556282661,4.0,0.23892124271511386
1673,-1.2600000000000584,0.1738946871111112,4.0,0.23935493366676364
1674,-1.2500000000000586,0.1736829005571963,4.0,0.23986504730894195
1675,-1.2400000000000588,0.17347111400328,4.0,0.24045136950598553
1676,-1.230000000000059,0.1732593274493637,4.0,0.2411136724863638
1677,-1.2200000000000593,0.1730475408954475,4.0,0.24185171637788086
1678,-1.2100000000000597,0.1728357543415304,4.0,0.24266525078579343
1679,-1.2000000000000597,0.172623967787614,4.0,0.2435540164139153
1680,-1.19000000000006,0.1724121812336981,4.0,0.24451774672909818
1681,-1.18000000000006,0.1722003946797816,4.0,0.24555616966992241
1682,-1.1700000000000603,0.1719886081258657,4.0,0.24666900940094902
1683,-1.1600000000000603,0.1717768215719496,4.0,0.24785598811455029
1684,-1.1500000000000608,0.1715650350180326,4.0,0.24911682788313702
1685,-1.140000000000061,0.1713532484641177,4.0,0.2504512525656139
1686,-1.1300000000000612,0.171141461910201,4.0,0.2518589897731061
1687,-1.1200000000000614,0.1709296753562846,4.0,0.25333977290051796
1688,-1.1100000000000616,0.1707178888023683,4.0,0.25489334323231233
1689,-1.1000000000000618,0.170506102248452,4.0,0.2565194521331446
1690,-1.090000000000062,0.1702943156945356,4.0,0.25821786333671654
1691,-1.0800000000000622,0.1700825291406187,4.0,0.25998835534952763
1692,-1.0700000000000625,0.169870742586703,4.0,0.2618307239902254
1693,-1.060000000000063,0.1696589560327867,4.0,0.2637447850901192
1694,-1.0500000000000629,0.1694471694788707,4.0,0.26573037738632493
1695,-1.040000000000063,0.169235382924954,4.0,0.2677873656460868
1696,-1.0300000000000633,0.1695239799563797,4.0,0.26991564406939267
1697,-1.0200000000000635,0.1756111928965906,4.0,0.2721151400272835
1698,-1.0100000000000635,0.1853960647608517,4.0,0.27438581820560004
1699,-1.000000000000064,0.1951809366251108,4.0,0.27672768523869884
1700,-0.9900000000000642,0.205528447744976,4.0,0.27914079493535393
1701,-0.9800000000000644,0.216128667516867,4.0,0.28162525422014223
1702,-0.9700000000000646,0.226728887288759,4.0,0.28418122993871414
1703,-0.9600000000000648,0.2373291070606505,4.0,0.28680895670510276
1704,-0.950000000000065,0.2479293268325411,4.0,0.28950874600446147
1705,-0.9400000000000652,0.2585295466044325,4.0,0.29228099680613
1706,-0.9300000000000654,0.2691297663763239,4.0,0.2951262079906429
1707,-0.9200000000000657,0.2797299861482153,4.0,0.2980449929512525
1708,-0.910000000000066,0.2903302059201068,4.0,0.3010380967966535
1709,-0.9000000000000661,0.3009304256919984,4.0,0.30410641665789623
1710,-0.8900000000000663,0.3128892462600312,4.0,0.30725102568977214
1711,-0.8800000000000665,0.3249509656478038,4.0,0.31047320145576063
1712,-0.8700000000000667,0.3360165010579614,4.0,0.31377445949602495
1713,-0.8600000000000669,0.3460897455369024,4.0,0.31715659299915067
1714,-0.8500000000000671,0.3561629900158438,4.0,0.3206217196282896
1715,-0.8400000000000674,0.3662362344947846,4.0,0.3241723366871983
1716,-0.8300000000000676,0.3763094789737257,4.0,0.3278113859446257
1717,-0.8200000000000678,0.386382723452667,4.0,0.33154232955591606
1718,-0.810000000000068,0.3964559679316092,4.0,0.3353692386122739
1719,-0.8000000000000682,0.4052569766520749,4.0,0.3392968958868081
1720,-0.7900000000000684,0.4100390207644377,4.0,0.3433309142975742
1721,-0.7800000000000686,0.4148210648767986,4.0,0.34747787242251876
1722,-0.7700000000000689,0.4198245034759218,4.0,0.3517454680119596
1723,-0.7600000000000691,0.4259481748735302,4.0,0.3561426897594913
1724,-0.7500000000000693,0.4320718462711402,4.0,0.3606800064905253
1725,-0.7400000000000695,0.4381955176687503,4.0,0.3653695712514475
1726,-0.7300000000000697,0.4443191890663606,4.0,0.3702254353330359
1727,-0.7200000000000699,0.4504428604639698,4.0,0.37526376379782495
1728,-0.7100000000000701,0.4565665318615798,4.0,0.38050303932322
1729,-0.7000000000000703,0.4626902032591906,4.0,0.38596423482122594
1730,-0.6900000000000706,0.4688138746568006,4.0,0.39167092707174295
1731,-0.6800000000000708,0.475092921151154,4.0,0.39764931332231973
1732,-0.670000000000071,0.4813826009518245,4.0,0.4039280804906547
1733,-0.6600000000000712,0.4876722807524951,4.0,0.41053806268863513
1734,-0.6500000000000714,0.4939619605531655,4.0,0.4175116083723268
1735,-0.6400000000000716,0.4993008194485401,4.0,0.42488156563385665
1736,-0.6300000000000718,0.5045288593831723,4.0,0.4326797865185987
1737,-0.620000000000072,0.5097568993178062,4.0,0.44093505404206473
1738,-0.6100000000000723,0.5149849392524389,4.0,0.44967035587619386
1739,-0.6000000000000725,0.5202129791870724,4.0,0.4588994748689686
1740,-0.5900000000000727,0.5254574137071899,4.0,0.46862294686617023
1741,-0.5800000000000729,0.5307181708056032,4.0,0.47882355584867675
1742,-0.5700000000000731,0.5359789279040155,4.0,0.48946169281275687
1743,-0.5600000000000733,0.5412396850024292,4.0,0.50047108292915
1744,-0.5500000000000735,0.5465004421008418,4.0,0.5117555529840484
1745,-0.5400000000000738,0.5517611991992553,4.0,0.5231876182167284
1746,-0.530000000000074,0.5570219562976685,4.0,0.534609654972744
1747,-0.5200000000000742,0.5598861559086754,4.0,0.5458382415249039
1748,-0.5100000000000744,0.5600690941861141,4.0,0.556671875380181
1749,-0.5000000000000746,0.5602520324635534,4.0,0.5669017490874898
1750,-0.4900000000000748,0.5604349707409901,4.0,0.576324689530803
1751,-0.480000000000075,0.5606179090184306,4.0,0.5847568834406183
1752,-0.4700000000000752,0.5608008472958685,4.0,0.5920467669788958
1753,-0.4600000000000754,0.5609837855733075,4.0,0.5980855329957093
1754,-0.4500000000000757,0.5611667238507466,4.0,0.6028140917889222
1755,-0.4400000000000759,0.561349662128184,4.0,0.6062259008336696
1756,-0.4300000000000761,0.5615326004056242,4.0,0.6083656956371064
1757,-0.4200000000000763,0.5617155386830618,4.0,0.6093246587710647
1758,-0.4100000000000765,0.5622564360882727,4.0,0.6092328704243062
1759,-0.4000000000000767,0.5632266610802806,4.0,0.6082499835785332
1760,-0.3900000000000769,0.5641968860722876,4.0,0.6065550132272911
1761,-0.3800000000000771,0.5651671110642951,4.0,0.6043359989642253
1762,-0.3700000000000774,0.5661373360563021,4.0,0.6017801590425298
1763,-0.3600000000000776,0.5671075610483075,4.0,0.5990650350356623
1764,-0.3500000000000778,0.5680777860403154,4.0,0.5963510301275045
1765,-0.340000000000078,0.5690480110323212,4.0,0.5937756518269822
1766,-0.3300000000000782,0.5700182360243293,4.0,0.5914496607643842
1767,-0.3200000000000784,0.5709650415670381,4.0,0.5894551925008378
1768,-0.3100000000000786,0.5716837151316404,4.0,0.587845767369576
1769,-0.3000000000000788,0.5720642774426712,4.0,0.5866479557722788
1770,-0.2900000000000791,0.5717363429290742,4.0,0.5858643483546395
1771,-0.2800000000000793,0.571824886044369,4.0,0.5854774114796538
1772,-0.2700000000000795,0.571913429159663,4.0,0.5854537959209403
1773,-0.2600000000000797,0.5720019722749571,4.0,0.5857487055167493
1774,-0.2500000000000799,0.572090515390251,4.0,0.5863100081667082
1775,-0.2400000000000801,0.5721790585055466,4.0,0.587081865610501
1776,-0.2300000000000803,0.5722676016208383,4.0,0.5880077536292256
1777,-0.2200000000000805,0.572356144736133,4.0,0.5890328278158711
1778,-0.2100000000000808,0.5724446878514283,4.0,0.5901056546502337
1779,-0.200000000000081,0.5725332309667219,4.0,0.5911793711977938
1780,-0.1900000000000812,0.5726217740820166,4.0,0.5922123609707814
1781,-0.1800000000000814,0.5726623829112774,4.0,0.593168542082291
1782,-0.1700000000000816,0.5725021837844713,4.0,0.5940173612415995
1783,-0.1600000000000818,0.5723419846576643,4.0,0.5947335775891099
1784,-0.150000000000082,0.5721817855308556,4.0,0.5952969073042599
1785,-0.1400000000000822,0.5720215864040487,4.0,0.595691585863723
1786,-0.1300000000000825,0.5718613872772413,4.0,0.5959058914261289
1787,-0.1200000000000827,0.5717011881504349,4.0,0.5959316609993934
1788,-0.1100000000000829,0.571540989023628,4.0,0.5957638212049742
1789,-0.1000000000000831,0.5713807898968205,4.0,0.5953999476367264
1790,-0.0900000000000833,0.571220590770012,4.0,0.594839860860505
1791,-0.0800000000000835,0.5710603916432049,4.0,0.5940852627525205
1792,-0.0700000000000837,0.5709001925163985,4.0,0.593139413835972
1793,-0.0600000000000839,0.5707399933895911,4.0,0.5920068502632627
1794,-0.0500000000000842,0.570261895793769,4.0,0.5906931378539232
1795,-0.0400000000000844,0.5697590053939707,4.0,0.5892046599262395
1796,-0.0300000000000846,0.569256114994172,4.0,0.5875484353852556
1797,-0.0200000000000848,0.5687532245943734,4.0,0.585731963521397
1798,-0.010000000000085,0.568250334194575,4.0,0.5837630921351346
1799,-8.526512829121202e-14,0.567080926773833,4.0,0.581649905863243
1800,0.0099999999999145,0.563556387391413,4.0,0.5794006318915316
1801,0.0199999999999143,0.5600318480089926,4.0,0.5770235605637148
1802,0.029999999999914,0.5565073086265719,4.0,0.574526978714377
1803,0.0399999999999138,0.5529827692441529,4.0,0.5719191138524508
1804,0.0499999999999136,0.5494582298617326,4.0,0.5692080875929424
1805,0.0599999999999134,0.5459336904793113,4.0,0.5664018769756864
1806,0.0699999999999132,0.5424091510968923,4.0,0.5635082825202044
1807,0.079999999999913,0.5388846117144714,4.0,0.5605349020466283
1808,0.0899999999999128,0.5353600723320521,4.0,0.5574891094463571
1809,0.0999999999999126,0.5318355329496315,4.0,0.5543780377155009
1810,0.1099999999999123,0.5283109935672117,4.0,0.5512085656721152
1811,0.1199999999999121,0.5249630681429134,4.0,0.5479873078677553
1812,0.1299999999999119,0.5221694698555599,4.0,0.5447206072776665
1813,0.1399999999999117,0.5194629980360513,4.0,0.5414145304145227
1814,0.1499999999999115,0.517350651015297,4.0,0.5380748645602723
1815,0.1599999999999113,0.51558406712999,4.0,0.5347071168512747
1816,0.1699999999999111,0.5148392501330972,4.0,0.5313165149852153
1817,0.1799999999999109,0.5151808501239434,4.0,0.5279080093456787
1818,0.1899999999999106,0.5162641882735977,4.0,0.5244862763629389
1819,0.1999999999999104,0.5176698702860267,4.0,0.5210557229484521
1820,0.2099999999999102,0.5174388181347326,4.0,0.5176204918565401
1821,0.21999999999991,0.5147523543088153,4.0,0.5141844678404534
1822,0.2299999999999098,0.5120658904828984,4.0,0.5107512844819164
1823,0.2399999999999096,0.5093794266569829,4.0,0.5073243315838112
1824,0.2499999999999094,0.5066929628310646,4.0,0.503906763025114
1825,0.2599999999999092,0.5040064990051479,4.0,0.5005015049858414
1826,0.269999999999909,0.5013200351792303,4.0,0.4971112644577396
1827,0.2799999999999087,0.4986335713533132,4.0,0.4937385379639017
1828,0.2899999999999085,0.4959471075273981,4.0,0.49038562041748196
1829,0.2999999999999083,0.4932606437014792,4.0,0.48705461405631595
1830,0.3099999999999081,0.4905741798755623,4.0,0.483747437396518
1831,0.3199999999999079,0.4878877160496455,4.0,0.4804658341540853
1832,0.3299999999999077,0.4852012522237276,4.0,0.47721138208918834
1833,0.3399999999999075,0.482514788397811,4.0,0.47398550173317133
1834,0.3499999999999073,0.4798283245718944,4.0,0.4707894649633366
1835,0.359999999999907,0.477141860745977,4.0,0.46762440339531575
1836,0.3699999999999068,0.4744553969200596,4.0,0.46449131656729353
1837,0.3799999999999066,0.471768933094142,4.0,0.4613910798944669
1838,0.3899999999999064,0.469082469268226,4.0,0.4583244523759595
1839,0.3999999999999062,0.466396005442309,4.0,0.45529208403994986
1840,0.409999999999906,0.4637095416163913,4.0,0.4522945231160012
1841,0.4199999999999058,0.4610230777904747,4.0,0.449332222926524
1842,0.4299999999999055,0.4583366139645579,4.0,0.4464055484919648
1843,0.4399999999999053,0.4556501501386402,4.0,0.44351478284671164
1844,0.4499999999999051,0.452963686312724,4.0,0.44066013306482993
1845,0.4599999999999049,0.4502772224868076,4.0,0.43784173599662496
1846,0.4699999999999047,0.4475907586608891,4.0,0.4350596637186844
1847,0.4799999999999045,0.4449042948349729,4.0,0.4323139287014725
1848,0.4899999999999043,0.4422178310090559,4.0,0.4296044886997865
1849,0.4999999999999041,0.4395313671831378,4.0,0.42693125137241356
1850,0.5099999999999039,0.4368449033572211,4.0,0.424294078638198
1851,0.5199999999999037,0.4341584395313052,4.0,0.4216927907764237
1852,0.5299999999999034,0.4314719757053866,4.0,0.419127170279994
1853,0.5399999999999032,0.4287855118794711,4.0,0.4165969654703049
1854,0.549999999999903,0.4260990480535528,4.0,0.41410189388303714
1855,0.5599999999999028,0.423412584227637,4.0,0.4116416454342933
1856,0.5699999999999026,0.4207261204017183,4.0,0.40921588537663633
1857,0.5799999999999024,0.4180396565758019,4.0,0.40682425705461756
1858,0.5899999999999022,0.4154599014119235,4.0,0.4044663844693529
1859,0.599999999999902,0.4128887996169517,4.0,0.4021418746616241
1860,0.6099999999999017,0.4103176978219787,4.0,0.3998503199228305
1861,0.6199999999999015,0.4077465960270073,4.0,0.3975912998429379
1862,0.6299999999999013,0.4051754942320366,4.0,0.39536438320435185
1863,0.6399999999999011,0.4026043924370652,4.0,0.3931691297303896
1864,0.6499999999999009,0.400033290642093,4.0,0.3910050916967552
1865,0.6599999999999007,0.3974621888471213,4.0,0.38887181541413146
1866,0.6699999999999005,0.3948910870521498,4.0,0.38676884258970096
1867,0.6799999999999002,0.3923199852571778,4.0,0.3846957115750844
1868,0.6899999999999,0.3887320871512997,4.0,0.3826519585078851
1869,0.6999999999998998,0.3842587315396181,4.0,0.380637118353691
1870,0.7099999999998996,0.379785375927938,4.0,0.3786507258550654
1871,0.7199999999998994,0.3753120203162575,4.0,0.3766923163937523
1872,0.7299999999998992,0.3708386647045775,4.0,0.3747614267719945
1873,0.739999999999899,0.3663653090928959,4.0,0.3728575959185557
1874,0.7499999999998987,0.3618919534812165,4.0,0.37098036552474517
1875,0.7599999999998985,0.3574185978695353,4.0,0.3691292806154433
1876,0.7699999999998983,0.352945242257855,4.0,0.3673038900598403
1877,0.7799999999998981,0.3484718866461756,4.0,0.3655037470263382
1878,0.7899999999998979,0.343998531034495,4.0,0.36372840938578777
1879,0.7999999999998977,0.3395251754228135,4.0,0.3619774400669917
1880,0.8099999999998975,0.3350518198111336,4.0,0.3602504073681544
1881,0.8199999999998973,0.3305784641994536,4.0,0.3585468852277298
1882,0.829999999999897,0.3261051085877713,4.0,0.35686645345790385
1883,0.8399999999998968,0.3216317529760926,4.0,0.3552086979437284
1884,0.8499999999998966,0.3171583973644112,4.0,0.35357321081072957
1885,0.8599999999998964,0.3126850417527309,4.0,0.35195959056362863
1886,0.8699999999998962,0.3082116861410512,4.0,0.35036744219862825
1887,0.879999999999896,0.3037383305293712,4.0,0.3487963772915475
1888,0.8899999999998958,0.2992649749176896,4.0,0.34724601406393724
1889,0.8999999999998956,0.2947916193060099,4.0,0.34571597742915444
1890,0.9099999999998952,0.2903182636943301,4.0,0.3442058990202252
1891,0.9199999999998952,0.285844908082647,4.0,0.3427154172012048
1892,0.9299999999998948,0.2813715524709682,4.0,0.34124417706361293
1893,0.9399999999998948,0.2768981968592873,4.0,0.33979183040940325
1894,0.9499999999998944,0.2724248412476063,4.0,0.33835803572182377
1895,0.9599999999998944,0.2679514856359258,4.0,0.3369424581254119
1896,0.969999999999894,0.263478130024246,4.0,0.3355447693362848
1897,0.9799999999998938,0.2590047744125648,4.0,0.33416464760378384
1898,0.9899999999998936,0.2545314188008852,4.0,0.3328017776444565
1899,0.9999999999998934,0.2500580631892042,4.0,0.33145585056927857
1900,1.0099999999998932,0.2455847075775241,4.0,0.330126563804943
1901,1.019999999999893,0.2411113519658436,4.0,0.3288136210099855
1902,1.0299999999998928,0.2366379963541629,4.0,0.3275167319864353
1903,1.0399999999998926,0.2321646407424818,4.0,0.326235612587642
1904,1.0499999999998924,0.2276912851308032,4.0,0.3249699846228578
1905,1.059999999999892,0.2232179295191219,4.0,0.3237195757591154
1906,1.069999999999892,0.2187445739074426,4.0,0.322484119420886
1907,1.0799999999998915,0.2142712182957619,4.0,0.32126335468796885
1908,1.0899999999998915,0.2097978626840803,4.0,0.32005702619201043
1909,1.0999999999998913,0.2053245070724018,4.0,0.3188648840120277
1910,1.109999999999891,0.2008511514607202,4.0,0.3176866835692639
1911,1.1199999999998909,0.1963777958490392,4.0,0.3165221855216838
1912,1.1299999999998906,0.1919044402373587,4.0,0.3153711556583742
1913,1.1399999999998904,0.1874310846256787,4.0,0.3142333647940989
1914,1.1499999999998902,0.1829577290139971,4.0,0.31310858866423175
1915,1.15999999999989,0.1784843734023174,4.0,0.31199660782025224
1916,1.1699999999998898,0.1740110177906371,4.0,0.31089720752599825
1917,1.1799999999998896,0.169537662178956,4.0,0.30981017765481156
1918,1.1899999999998894,0.1650643065672753,4.0,0.30873531258773085
1919,1.1999999999998892,0.1605909509555954,4.0,0.30767241111284754
1920,1.209999999999889,0.1561175953439141,4.0,0.3066212763259272
1921,1.2199999999998887,0.1516442397322342,4.0,0.3055817155323996
1922,1.2299999999998883,0.147170884120553,4.0,0.30455354015078684
1923,1.2399999999998883,0.1426975285088736,4.0,0.30353656561764497
1924,1.249999999999888,0.138224172897192,4.0,0.3025306112940771
1925,1.259999999999888,0.1337508172855141,4.0,0.3015355003738626
1926,1.2699999999998877,0.1292774616738321,4.0,0.30055105979324276
1927,1.2799999999998877,0.1248041060621507,4.0,0.2995771201424003
1928,1.2899999999998872,0.1203307504504721,4.0,0.298613515578651
1929,1.299999999999887,0.1158573948387901,4.0,0.2976600837413627
1930,1.3099999999998868,0.1113840392271107,4.0,0.2967166656686288
1931,1.3199999999998866,0.1069106836154296,4.0,0.29578310571567956
1932,1.3299999999998864,0.1024373280037497,4.0,0.29485925147505454
1933,1.3399999999998862,0.0979639723920696,4.0,0.29394495369852314
1934,1.349999999999886,0.0934906167803893,4.0,0.2930400662207444
1935,1.3599999999998855,0.0890172611687084,4.0,0.2921444458846647
1936,1.3699999999998855,0.084543905557027,4.0,0.29125795246863223
1937,1.379999999999885,0.0800705499453476,4.0,0.29038044861521867
1938,1.389999999999885,0.075597194333666,4.0,0.2895117997617242
1939,1.399999999999885,0.0711238387219868,4.0,0.288651874072353
1940,1.409999999999885,0.0666504831103065,4.0,0.2878005423720261
1941,1.4199999999998845,0.062177127498626,4.0,0.28695767808182043
1942,1.4299999999998845,0.0577037718869451,4.0,0.2861231571560003
1943,1.439999999999884,0.0532304162752644,4.0,0.2852968580206145
1944,1.4499999999998838,0.0487570606635838,4.0,0.28447866151364143
1945,1.4599999999998836,0.0442837050519023,4.0,0.2836684508266406
1946,1.4699999999998834,0.0398103494402222,4.0,0.28286611144789325
1947,1.4799999999998832,0.035336993828543,4.0,0.28207153110699384
1948,1.489999999999883,0.0308636382168631,4.0,0.2812845997208711
1949,1.4999999999998828,0.0263902826051813,4.0,0.2805052093411995
1950,1.5099999999998823,0.0219169269935023,4.0,0.27973325410318184
1951,1.5199999999998823,0.0191455463748094,4.0,0.2789686301756596
1952,1.529999999999882,0.0180819049095412,4.0,0.278211235712533
1953,1.539999999999882,0.0170182634442756,4.0,0.27746097080545307
1954,1.5499999999998817,0.01595462197901,4.0,0.2767177374377582
1955,1.5599999999998817,0.0148909805137442,4.0,0.2759814394396251
1956,1.5699999999998813,0.013827339048476,4.0,0.27525198244440435
1957,1.579999999999881,0.0127636975832102,4.0,0.274529273846111
1958,1.5899999999998808,0.0117000561179435,4.0,0.27381322275804215
1959,1.5999999999998806,0.0106364146526779,4.0,0.27310373997249066
1960,1.6099999999998804,0.0095727731874099,4.0,0.27240073792153163
1961,1.6199999999998802,0.0085091317221436,4.0,0.27170413063884763
1962,1.62999999999988,0.0074454902568778,4.0,0.2710138337225681
1963,1.6399999999998798,0.0063818487916107,4.0,0.2703297642991
1964,1.6499999999998796,0.0053182073263445,4.0,0.26965184098791584
1965,1.6599999999998791,0.0042545658610778,4.0,0.26897998386728106
1966,1.6699999999998791,0.0031909243958115,4.0,0.2683141144408849
1967,1.679999999999879,0.0021272829305444,4.0,0.26765415560536726
1968,1.6899999999998787,0.0010636414652771,4.0,0.26700003161869573
1969,1.6999999999998785,1.1535200938525136e-14,4.0,0.2663516680693892
1970,1.7099999999998785,-0.0008428943731297,4.0,0.26570899184654784
1971,1.719999999999878,0.0011403872679095,4.0,0.2650719311106823
1972,1.729999999999878,0.0031236689089496,4.0,0.2644404152653069
1973,1.7399999999998776,0.0051069505499904,4.0,0.2638143749292831
1974,1.7499999999998774,0.0070902321910297,4.0,0.2631937419098916
1975,1.7599999999998772,0.00907351383207,4.0,0.26257844917660733
1976,1.769999999999877,0.01105679547311,4.0,0.26196843083556476
1977,1.7799999999998768,0.0130400771141509,4.0,0.2613636221046886
1978,1.7899999999998766,0.0150233587551894,4.0,0.260763959289472
1979,1.7999999999998764,0.0170066403962314,4.0,0.2601693797593876
1980,1.809999999999876,0.0189899220372694,4.0,0.25957982192490625
1981,1.819999999999876,0.0209732036783117,4.0,0.2589952252151143
1982,1.829999999999876,0.0229564853193508,4.0,0.2584155300559071
1983,1.8399999999998755,0.0249397669603909,4.0,0.2578406778487416
1984,1.8499999999998755,0.0269230486014291,4.0,0.25727061094993675
1985,1.859999999999875,0.0289063302424699,4.0,0.25670527265050125
1986,1.8699999999998749,0.0308896118835085,4.0,0.2561446071564787
1987,1.8799999999998749,0.0328728935245508,4.0,0.255588559569788
1988,1.8899999999998744,0.0348561751655903,4.0,0.25503707586955293
1989,1.8999999999998745,0.0368394568066296,4.0,0.25449010289390145
1990,1.909999999999874,0.0388227384476695,4.0,0.2539475883222229
1991,1.9199999999998736,0.0408060200887111,4.0,0.2534094806578711
1992,1.9299999999998736,0.0427893017297502,4.0,0.2528757292113007
1993,1.9399999999998732,0.0447725833707901,4.0,0.2523462840836199
1994,1.9499999999998727,0.0467558650118302,4.0,0.25182109615055553
1995,1.959999999999873,0.0487391466528687,4.0,0.25130011704681093
1996,1.9699999999998727,0.0507224282939096,4.0,0.2507832991508134
1997,1.9799999999998723,0.0527057099349494,4.0,0.2502705955698308
1998,1.9899999999998723,0.0546889915759923,4.0,0.249761960125457
1999,1.999999999999872,0.0566722732170311,4.0,0.24925734733944616
2000,-1.9900000000000428,0.9367486655011515,5.0,0.9538929630676052
2001,-1.980000000000043,0.937734736843677,5.0,0.9534912980160857
2002,-1.9700000000000435,0.9387208081862028,5.0,0.9530968254309897
2003,-1.9600000000000437,0.9397068795287282,5.0,0.9527101045598689
2004,-1.950000000000044,0.940692950871254,5.0,0.9523317208167282
2005,-1.940000000000044,0.9416790222137792,5.0,0.951962286859702
2006,-1.930000000000044,0.9426650935563052,5.0,0.9516024437048819
2007,-1.9200000000000443,0.9436511648988308,5.0,0.9512528618764764
2008,-1.9100000000000448,0.9446372362413564,5.0,0.9509142425932959
2009,-1.9000000000000448,0.9454715244468852,5.0,0.9505873189913875
2010,-1.890000000000045,0.9455897505944536,5.0,0.9502728573824043
2011,-1.8800000000000447,0.9457079767420222,5.0,0.9499716585470446
2012,-1.8700000000000452,0.9458262028895906,5.0,0.9496845590625935
2013,-1.8600000000000456,0.9459444290371593,5.0,0.9494124326632606
2014,-1.8500000000000456,0.9460626551847277,5.0,0.9491561916316227
2015,-1.840000000000046,0.9461808813322958,5.0,0.9489167882190227
2016,-1.8300000000000465,0.9462991074798642,5.0,0.9486952160922811
2017,-1.8200000000000465,0.9464173336274329,5.0,0.9484925118034951
2018,-1.810000000000047,0.9465355597750011,5.0,0.9483097562790513
2019,-1.800000000000047,0.9466537859225695,5.0,0.9481480763232337
2020,-1.790000000000047,0.9467720120701382,5.0,0.9480086461309926
2021,-1.780000000000047,0.9471898950008064,5.0,0.9478926888034782
2022,-1.7700000000000475,0.9476151496205572,5.0,0.9478014778589148
2023,-1.7600000000000475,0.948040404240308,5.0,0.9477363387301858
2024,-1.750000000000048,0.948465658860059,5.0,0.9476986502391869
2025,-1.7400000000000482,0.9488909134798096,5.0,0.9476898460365114
2026,-1.7300000000000484,0.9493161680995604,5.0,0.9477114159933719
2027,-1.7200000000000486,0.9497414227193114,5.0,0.9477649075308211
2028,-1.7100000000000488,0.950166677339062,5.0,0.9478519268692563
2029,-1.700000000000049,0.9505919319588128,5.0,0.9479741401789116
2030,-1.6900000000000492,0.951017186578564,5.0,0.9481332746094904
2031,-1.6800000000000497,0.9514424411983148,5.0,0.9483311191742766
2032,-1.6700000000000497,0.9518676958180652,5.0,0.9485695254609336
2033,-1.66000000000005,0.9522929504378164,5.0,0.9488504081377718
2034,-1.65000000000005,0.9527182050575672,5.0,0.9491757452204651
2035,-1.6400000000000503,0.953143459677318,5.0,0.9495475780600348
2036,-1.6300000000000503,0.9535687142970688,5.0,0.9499680110083556
2037,-1.6200000000000507,0.9539939689168198,5.0,0.9504392107124465
2038,-1.610000000000051,0.9544192235365708,5.0,0.9509634049833692
2039,-1.6000000000000512,0.9548444781563212,5.0,0.9515428811796559
2040,-1.5900000000000514,0.9552697327760722,5.0,0.952179984038782
2041,-1.5800000000000516,0.9556949873958231,5.0,0.952877112883314
2042,-1.5700000000000518,0.9561200966281485,5.0,0.9536367181209672
2043,-1.560000000000052,0.956796562492608,5.0,0.9544612969499077
2044,-1.5500000000000522,0.9576639602396898,5.0,0.9553533881722558
2045,-1.5400000000000524,0.958310392431434,5.0,0.9563155660099405
2046,-1.5300000000000529,0.958806075482333,5.0,0.9573504328078128
2047,-1.5200000000000529,0.9593017585332316,5.0,0.9584606104994093
2048,-1.510000000000053,0.9597974415841304,5.0,0.9596487307010069
2049,-1.5000000000000533,0.9602931246350296,5.0,0.9609174232898031
2050,-1.4900000000000535,0.9607888076859284,5.0,0.9622693033123703
2051,-1.4800000000000535,0.9612844907368272,5.0,0.9637069560602293
2052,-1.470000000000054,0.9617801737877264,5.0,0.9652329201407266
2053,-1.460000000000054,0.962275856838625,5.0,0.9668496683638326
2054,-1.4500000000000544,0.962771539889524,5.0,0.9685595862593714
2055,-1.4400000000000546,0.963267222940423,5.0,0.9703649480352081
2056,-1.4300000000000548,0.9637629059913216,5.0,0.9722678897856359
2057,-1.420000000000055,0.9642585890422208,5.0,0.9742703797614807
2058,-1.4100000000000552,0.9647171849431252,5.0,0.9763741855201478
2059,-1.4000000000000554,0.964932291759894,5.0,0.9785808377860943
2060,-1.3900000000000556,0.9651473985766628,5.0,0.9808915908711818
2061,-1.3800000000000558,0.9653616130625294,5.0,0.9833073795314785
2062,-1.370000000000056,0.9655747178241496,5.0,0.9858287721738141
2063,-1.3600000000000565,0.9657878225857705,5.0,0.9884559203734274
2064,-1.3500000000000565,0.9660009273473904,5.0,0.9911885047251284
2065,-1.3400000000000567,0.9662140321090108,5.0,0.994025677126382
2066,-1.330000000000057,0.9664271368706314,5.0,0.9969659996834099
2067,-1.3200000000000571,0.966640241632252,5.0,1.0000073805425649
2068,-1.3100000000000571,0.9668533463938722,5.0,1.0031470070804422
2069,-1.3000000000000576,0.9670664511554928,5.0,1.0063812770385547
2070,-1.2900000000000578,0.9672795559171132,5.0,1.0097057283627326
2071,-1.280000000000058,0.9674926606787334,5.0,1.0131149687034697
2072,-1.2700000000000582,0.9677057654403538,5.0,1.0166026057502313
2073,-1.2600000000000584,0.9679188702019742,5.0,1.0201611798077994
2074,-1.2500000000000586,0.9681319749635948,5.0,1.0237821002720005
2075,-1.2400000000000588,0.968345079725215,5.0,1.0274555879197145
2076,-1.230000000000059,0.9685581844868354,5.0,1.0311706251855504
2077,-1.2200000000000593,0.9687712892484558,5.0,1.034914916844329
2078,-1.2100000000000597,0.9689843940100764,5.0,1.0386748637410268
2079,-1.2000000000000597,0.9691974987716964,5.0,1.0424355523919802
2080,-1.19000000000006,0.9694106035333172,5.0,1.0461807634042222
2081,-1.18000000000006,0.9696237082949376,5.0,1.0498930017030945
2082,-1.1700000000000603,0.9698368130565578,5.0,1.053553551499517
2083,-1.1600000000000603,0.9700499178181784,5.0,1.0571425587452865
2084,-1.1500000000000608,0.9702630225797986,5.0,1.0606391434963023
2085,-1.140000000000061,0.970476127341419,5.0,1.0640215441118805
2086,-1.1300000000000612,0.9707461996665336,5.0,1.0672672945506962
2087,-1.1200000000000614,0.9712911614613028,5.0,1.0703534351756345
2088,-1.1100000000000616,0.971836123256072,5.0,1.0732567564563658
2089,-1.1000000000000618,0.972381085050841,5.0,1.0759540737775362
2090,-1.090000000000062,0.97292604684561,5.0,1.0784225302539614
2091,-1.0800000000000622,0.9733997232851976,5.0,1.0806399230687829
2092,-1.0700000000000625,0.973548440865482,5.0,1.0825850474473986
2093,-1.060000000000063,0.97369388528048,5.0,1.0842380510328364
2094,-1.0500000000000629,0.9738393296954784,5.0,1.085580790220263
2095,-1.040000000000063,0.9739847741104768,5.0,1.0865971790266966
2096,-1.0300000000000633,0.974130218525475,5.0,1.0872735204019952
2097,-1.0200000000000635,0.974275662940473,5.0,1.0875988096045828
2098,-1.0100000000000635,0.9744211073554712,5.0,1.0875649994290495
2099,-1.000000000000064,0.9745665517704696,5.0,1.087167217717692
2100,-0.9900000000000642,0.974711996185468,5.0,1.0864039287195828
2101,-0.9800000000000644,0.9749656545165272,5.0,1.0852770314512723
2102,-0.9700000000000646,0.9756393188821362,5.0,1.083791890201556
2103,-0.9600000000000648,0.976312983247745,5.0,1.0819572946165628
2104,-0.950000000000065,0.9769866476133536,5.0,1.0797853492833123
2105,-0.9400000000000652,0.9776603119789624,5.0,1.0772912952653306
2106,-0.9300000000000654,0.9783339763445712,5.0,1.0744932684919783
2107,-0.9200000000000657,0.97900764071018,5.0,1.0714120021275195
2108,-0.910000000000066,0.9796813050757888,5.0,1.0680704819257325
2109,-0.9000000000000661,0.9803549694413976,5.0,1.0644935650151675
2110,-0.8900000000000663,0.9810286338070062,5.0,1.0607075734945508
2111,-0.8800000000000665,0.9817022981726152,5.0,1.0567398746186343
2112,-0.8700000000000667,0.982375962538224,5.0,1.0526184592288956
2113,-0.8600000000000669,0.9830496269038328,5.0,1.0483715294709444
2114,-0.8500000000000671,0.9837232912694416,5.0,1.0440271058086885
2115,-0.8400000000000674,0.9843969556350504,5.0,1.0396126619817323
2116,-0.8300000000000676,0.9850706200006591,5.0,1.035154794956156
2117,-0.8200000000000678,0.9857442843662678,5.0,1.0306789351920609
2118,-0.810000000000068,0.9864179487318766,5.0,1.0262091007918976
2119,-0.8000000000000682,0.9870916130974856,5.0,1.0217676973889658
2120,-0.7900000000000684,0.9877652774630944,5.0,1.0173753640578471
2121,-0.7800000000000686,0.9884389418287032,5.0,1.0130508641328164
2122,-0.7700000000000689,0.9891126061943116,5.0,1.0088110186431472
2123,-0.7600000000000691,0.9897862705599204,5.0,1.004670679135098
2124,-0.7500000000000693,0.9904599349255294,5.0,1.000642735953142
2125,-0.7400000000000695,0.9911335992911382,5.0,0.9967381575890353
2126,-0.7300000000000697,0.991807263656747,5.0,0.9929660564579823
2127,-0.7200000000000699,0.9924809280223555,5.0,0.9893337764012944
2128,-0.7100000000000701,0.9931545923879646,5.0,0.9858469973152572
2129,-0.7000000000000703,0.993852221238162,5.0,0.9825098525356315
2130,-0.6900000000000706,0.9945257641574216,5.0,0.9793250549357528
2131,-0.6800000000000708,0.9951993070766812,5.0,0.97629402809483
2132,-0.670000000000071,0.9958728499959408,5.0,0.973417039335752
2133,-0.6600000000000712,0.9965463929152004,5.0,0.9706933318958951
2134,-0.6500000000000714,0.99721993583446,5.0,0.9681212539610903
2135,-0.6400000000000716,0.9978258380938156,5.0,0.9656983827468498
2136,-0.6300000000000718,0.9983693785703598,5.0,0.9634216422405377
2137,-0.620000000000072,0.998912919046904,5.0,0.961287413615041
2138,-0.6100000000000723,0.9994564595234482,5.0,0.9592916376833576
2139,-0.6000000000000725,0.9999999999999925,5.0,0.9574299090815823
2140,-0.5900000000000727,0.9999560664362308,5.0,0.955697562144443
2141,-0.5800000000000729,0.9983304004922332,5.0,0.9540897486739588
2142,-0.5700000000000731,0.9967047345482354,5.0,0.9526015080004466
2143,-0.5600000000000733,0.9950790686042376,5.0,0.9512278298993508
2144,-0.5500000000000735,0.99345340266024,5.0,0.9499637110612367
2145,-0.5400000000000738,0.991827736716242,5.0,0.9488042059198677
2146,-0.530000000000074,0.9902020707722444,5.0,0.9477444727285941
2147,-0.5200000000000742,0.9885764048282466,5.0,0.9467798158415972
2148,-0.5100000000000744,0.9869507388842488,5.0,0.9459057252061107
2149,-0.5000000000000746,0.9853817065068626,5.0,0.9451179141048535
2150,-0.4900000000000748,0.9838661821572152,5.0,0.9444123562019521
2151,-0.480000000000075,0.9823506578075676,5.0,0.9437853229334174
2152,-0.4700000000000752,0.9808351334579202,5.0,0.9432334222304171
2153,-0.4600000000000754,0.9793196091082726,5.0,0.9427536394444791
2154,-0.4500000000000757,0.977804084758625,5.0,0.9423433811146441
2155,-0.4400000000000759,0.9762885604089776,5.0,0.942000521804573
2156,-0.4300000000000761,0.9747730360593304,5.0,0.9417234535225495
2157,-0.4200000000000763,0.9732575117096828,5.0,0.9415111360217336
2158,-0.4100000000000765,0.9717419873600353,5.0,0.9413631442372631
2159,-0.4000000000000767,0.9702264630103878,5.0,0.941279705716183
2160,-0.3900000000000769,0.9687109386607404,5.0,0.9412617152526426
2161,-0.3800000000000771,0.9671954143110928,5.0,0.9413107045920156
2162,-0.3700000000000774,0.9656798899614452,5.0,0.9414287295882269
2163,-0.3600000000000776,0.964164365611798,5.0,0.9416181115649168
2164,-0.3500000000000778,0.9626488412621504,5.0,0.9418809271852718
2165,-0.340000000000078,0.9611333169125028,5.0,0.9422180709337655
2166,-0.3300000000000782,0.9596177925628556,5.0,0.9426275986064931
2167,-0.3200000000000784,0.958102268213208,5.0,0.9431018709052414
2168,-0.3100000000000786,0.9565867438635604,5.0,0.9436227108234891
2169,-0.3000000000000788,0.9550712195139128,5.0,0.9441533080226969
2170,-0.2900000000000791,0.9530102611787736,5.0,0.9446248809576829
2171,-0.2800000000000793,0.950021179346714,5.0,0.9449151115559693
2172,-0.2700000000000795,0.946868668405172,5.0,0.94481423873288
2173,-0.2600000000000797,0.9437161574636304,5.0,0.9439741097267361
2174,-0.2500000000000799,0.9405636465220886,5.0,0.9418374580445971
2175,-0.2400000000000801,0.9374111355805466,5.0,0.9375540220502648
2176,-0.2300000000000803,0.9342586246390048,5.0,0.9299159742953443
2177,-0.2200000000000805,0.9311061136974628,5.0,0.9173985278712703
2178,-0.2100000000000808,0.9279536027559208,5.0,0.8984669285706242
2179,-0.200000000000081,0.9248010918143792,5.0,0.8723347142154306
2180,-0.1900000000000812,0.9216485808728372,5.0,0.84013675611336
2181,-0.1800000000000814,0.9184960699312952,5.0,0.8058547199720492
2182,-0.1700000000000816,0.9153435589897536,5.0,0.7757566199199569
2183,-0.1600000000000818,0.9121910480482116,5.0,0.755835070169167
2184,-0.150000000000082,0.9090385371066696,5.0,0.7488557469948217
2185,-0.1400000000000822,0.905886026165128,5.0,0.7534707125639956
2186,-0.1300000000000825,0.902733515223586,5.0,0.7657859953921168
2187,-0.1200000000000827,0.8996404033248395,5.0,0.7816053181818826
2188,-0.1100000000000829,0.8965634316589547,5.0,0.7977913519312869
2189,-0.1000000000000831,0.89348645999307,5.0,0.812542012566237
2190,-0.0900000000000833,0.8904094883271853,5.0,0.8250933959824015
2191,-0.0800000000000835,0.8873325166613006,5.0,0.83531122736056
2192,-0.0700000000000837,0.8842555449954159,5.0,0.8433737385931878
2193,-0.0600000000000839,0.8811785733295314,5.0,0.8495777016461655
2194,-0.0500000000000842,0.8781016016636465,5.0,0.8542373635143145
2195,-0.0400000000000844,0.8750246299977616,5.0,0.857639615431895
2196,-0.0300000000000846,0.871947658331877,5.0,0.8600289196142359
2197,-0.0200000000000848,0.8688706866659924,5.0,0.8616062663409211
2198,-0.010000000000085,0.8657937150001076,5.0,0.8625338219652415
2199,-8.526512829121202e-14,0.8627167433342232,5.0,0.8629412207849917
2200,0.0099999999999145,0.8596397716683384,5.0,0.8629317205679313
2201,0.0199999999999143,0.8565628000024538,5.0,0.8625875579068691
2202,0.029999999999914,0.8534858283365688,5.0,0.8619743525190687
2203,0.0399999999999138,0.8504088566706842,5.0,0.8611446231257982
2204,0.0499999999999136,0.8473318850047996,5.0,0.8601405498435749
2205,0.0599999999999134,0.8442549133389148,5.0,0.8589961278576473
2206,0.0699999999999132,0.8411779416730302,5.0,0.8577388423132409
2207,0.079999999999913,0.8381009700071456,5.0,0.8563909722014306
2208,0.0899999999999128,0.8350239983412608,5.0,0.8549706089730867
2209,0.0999999999999126,0.8321890612506241,5.0,0.853492456457717
2210,0.1099999999999123,0.8300458852040196,5.0,0.8519684630618876
2211,0.1199999999999121,0.8283013246595643,5.0,0.8504083249665118
2212,0.1299999999999119,0.8265567641151089,5.0,0.8488198896230618
2213,0.1399999999999117,0.8248493977687016,5.0,0.8472094817062751
2214,0.1499999999999115,0.8233248334099005,5.0,0.8455821683092113
2215,0.1599999999999113,0.8218002690510992,5.0,0.8439419761450253
2216,0.1699999999999111,0.8202757046922978,5.0,0.8422920705146874
2217,0.1799999999999109,0.8187511403334967,5.0,0.8406349035534592
2218,0.1899999999999106,0.8172265759746953,5.0,0.8389723375857806
2219,0.1999999999999104,0.8157020116158941,5.0,0.837305748152116
2220,0.2099999999999102,0.814177447257093,5.0,0.8356361103136098
2221,0.21999999999991,0.8126528828982916,5.0,0.8339640711109102
2222,0.2299999999999098,0.8111283185394904,5.0,0.8322900104933074
2223,0.2399999999999096,0.8096037541806891,5.0,0.8306140926001351
2224,0.2499999999999094,0.8080791898218878,5.0,0.8289363089364774
2225,0.2599999999999092,0.8065546254630865,5.0,0.8272565147163728
2226,0.269999999999909,0.8050300611042853,5.0,0.8255744594318174
2227,0.2799999999999087,0.8036390831440768,5.0,0.8238898125323492
2228,0.2899999999999085,0.8024191933784472,5.0,0.822202184958512
2229,0.2999999999999083,0.8011993036128177,5.0,0.8205111471561319
2230,0.3099999999999081,0.7999794138471881,5.0,0.8188162441018239
2231,0.3199999999999079,0.7987595240815585,5.0,0.8171170077896057
2232,0.3299999999999077,0.7975396343159289,5.0,0.8154129675608236
2233,0.3399999999999075,0.7963197445502993,5.0,0.8137036586025295
2234,0.3499999999999073,0.7950998547846699,5.0,0.8119886288910898
2235,0.359999999999907,0.7938799650190407,5.0,0.8102674448167481
2236,0.3699999999999068,0.7926600752534109,5.0,0.8085396956899022
2237,0.3799999999999066,0.7914401854877813,5.0,0.8068049973000581
2238,0.3899999999999064,0.7902202957221518,5.0,0.8050629946729945
2239,0.3999999999999062,0.7890004059565222,5.0,0.8033133641499842
2240,0.409999999999906,0.7877805161908927,5.0,0.8015558148943813
2241,0.4199999999999058,0.7865606264252633,5.0,0.7997900899150947
2242,0.4299999999999055,0.7853407366596336,5.0,0.798015966682993
2243,0.4399999999999053,0.7841208468940042,5.0,0.7962332574048094
2244,0.4499999999999051,0.7829009571283748,5.0,0.7944418090093498
2245,0.4599999999999049,0.7817470933803423,5.0,0.7926415028925023
2246,0.4699999999999047,0.7806170156715622,5.0,0.7908322544605099
2247,0.4799999999999045,0.7794869379627818,5.0,0.7890140125049756
2248,0.4899999999999043,0.7783568602540019,5.0,0.7871867584380374
2249,0.4999999999999041,0.7772267825452214,5.0,0.7853505054118496
2250,0.5099999999999039,0.7760967048364412,5.0,0.7835052973429147
2251,0.5199999999999037,0.774966627127661,5.0,0.7816512078587616
2252,0.5299999999999034,0.7738365494188808,5.0,0.7797883391819056
2253,0.5399999999999032,0.7727064717101007,5.0,0.7779168209638628
2254,0.549999999999903,0.7715763940013206,5.0,0.7760368090801976
2255,0.5599999999999028,0.77044631629254,5.0,0.7741484843960407
2256,0.5699999999999026,0.7693162385837596,5.0,0.7722520515102534
2257,0.5799999999999024,0.7681486797530617,5.0,0.7703477374853307
2258,0.5899999999999022,0.7664942588727812,5.0,0.7684357905692394
2259,0.599999999999902,0.7648398379925008,5.0,0.766516478914622
2260,0.6099999999999017,0.7631854171122208,5.0,0.7645900893001635
2261,0.6199999999999015,0.7615309962319403,5.0,0.762656925858354
2262,0.6299999999999013,0.7598570576592426,5.0,0.7607173088134438
2263,0.6399999999999011,0.7571574624600182,5.0,0.7587715732329596
2264,0.6499999999999009,0.7544578672607939,5.0,0.7568200677958244
2265,0.6599999999999007,0.7517582720615698,5.0,0.7548631535798149
2266,0.6699999999999005,0.7490586768623452,5.0,0.7529012028708211
2267,0.6799999999999002,0.7463590816631208,5.0,0.7509345979961388
2268,0.6899999999999,0.7436594864638963,5.0,0.7489637301838099
2269,0.6999999999998998,0.7409598912646717,5.0,0.746988998449823
2270,0.7099999999998996,0.7382602960654474,5.0,0.7450108085148079
2271,0.7199999999998994,0.735398289599837,5.0,0.7430295717516853
2272,0.7299999999998992,0.7325198566007314,5.0,0.7410457041655719
2273,0.739999999999899,0.7296414236016262,5.0,0.7390596254070805
2274,0.7499999999998987,0.7267629906025207,5.0,0.737071757820016
2275,0.7599999999998985,0.7238845576034153,5.0,0.7350825255243163
2276,0.7699999999998983,0.7210061246043096,5.0,0.7330923535349563
2277,0.7799999999998981,0.7181276916052044,5.0,0.7311016669173905
2278,0.7899999999998979,0.7152492586060988,5.0,0.7291108899799928
2279,0.7999999999998977,0.7123708256069933,5.0,0.7271204455038102
2280,0.8099999999998975,0.7094923926078881,5.0,0.7251307540098431
2281,0.8199999999998973,0.7066139596087827,5.0,0.7231422330639327
2282,0.829999999999897,0.7037355266096773,5.0,0.7211552966192355
2283,0.8399999999998968,0.7008570936105715,5.0,0.7191703543961439
2284,0.8499999999998966,0.6979786606114659,5.0,0.7171878112994231
2285,0.8599999999998964,0.6951002276123605,5.0,0.7152080668722262
2286,0.8699999999998962,0.6922217946132553,5.0,0.71323151478656
2287,0.879999999999896,0.6893433616141501,5.0,0.711258542369685
2288,0.8899999999998958,0.6864649286150444,5.0,0.7092895301658585
2289,0.8999999999998956,0.683586495615939,5.0,0.7073248515327457
2290,0.9099999999998952,0.6807080626168333,5.0,0.7053648722717547
2291,0.9199999999998952,0.677829629617728,5.0,0.703409950291497
2292,0.9299999999998948,0.6749511966186227,5.0,0.7014604353035083
2293,0.9399999999998948,0.6720727636195172,5.0,0.699516668549311
2294,0.9499999999998944,0.6691943306204118,5.0,0.6975789825578675
2295,0.9599999999998944,0.6663158976213064,5.0,0.6956477009324201
2296,0.969999999999894,0.6634374646222009,5.0,0.6937231381656829
2297,0.9799999999998938,0.660826822024485,5.0,0.691805599482333
2298,0.9899999999998936,0.6582697769716477,5.0,0.6898953807077062
2299,0.9999999999998934,0.6557127319188103,5.0,0.687992768161608
2300,1.0099999999998932,0.6531556868659737,5.0,0.6860980385761184
2301,1.019999999999893,0.6505986418131363,5.0,0.6842114590362737
2302,1.0299999999998928,0.648041596760299,5.0,0.6823332869424992
2303,1.0399999999998926,0.6454845517074622,5.0,0.6804637699936804
2304,1.0499999999998924,0.642927506654625,5.0,0.678603146189739
2305,1.059999999999892,0.6403704616017878,5.0,0.6767516438526248
2306,1.069999999999892,0.6378134165489505,5.0,0.6749094816646168
2307,1.0799999999998915,0.6352563714961135,5.0,0.6730768687228614
2308,1.0899999999998915,0.6326993264432763,5.0,0.6712540046090866
2309,1.0999999999998913,0.6301422813904394,5.0,0.6694410794734509
2310,1.109999999999891,0.6275852363376019,5.0,0.6676382741315199
2311,1.1199999999998909,0.625028191284765,5.0,0.6658457601733726
2312,1.1299999999998906,0.6224711462319279,5.0,0.6640637000838865
2313,1.1399999999998904,0.6200592713621177,5.0,0.6622922473732621
2314,1.1499999999998902,0.6176726485017646,5.0,0.6605315467168891
2315,1.15999999999989,0.6152860256414123,5.0,0.6587817341036863
2316,1.1699999999998898,0.6128994027810594,5.0,0.6570429369920757
2317,1.1799999999998896,0.6105127799207064,5.0,0.6553152744727877
2318,1.1899999999998894,0.6081261570603538,5.0,0.6535988574377288
2319,1.1999999999998892,0.6057395342000009,5.0,0.6518937887541755
2320,1.209999999999889,0.6033529113396479,5.0,0.6502001634435884
2321,1.2199999999998887,0.6009662884792949,5.0,0.6485180688643829
2322,1.2299999999998883,0.5985796656189423,5.0,0.6468475848980244
2323,1.2399999999998883,0.5961930427585889,5.0,0.6451887841378363
2324,1.249999999999888,0.5938064198982365,5.0,0.6435417320799659
2325,1.259999999999888,0.5914197970378835,5.0,0.6419064873159664
2326,1.2699999999998877,0.5890331741775306,5.0,0.6402831017264905
2327,1.2799999999998877,0.5866465513171775,5.0,0.6386716206756288
2328,1.2899999999998872,0.5842599284568248,5.0,0.6370720832054474
2329,1.299999999999887,0.5818733055964719,5.0,0.6354845222303138
2330,1.3099999999998868,0.579486682736119,5.0,0.6339089647306299
2331,1.3199999999998866,0.5771000598757663,5.0,0.6323454319456132
2332,1.3299999999998864,0.574713437015413,5.0,0.6307939395648027
2333,1.3399999999998862,0.5723268141550606,5.0,0.6292544979179788
2334,1.349999999999886,0.5699401912947077,5.0,0.6277271121632342
2335,1.3599999999998855,0.5675535684343546,5.0,0.6262117824729214
2336,1.3699999999998855,0.565166945574002,5.0,0.6247085042172675
2337,1.379999999999885,0.5627803227136491,5.0,0.6232172681454285
2338,1.389999999999885,0.5603936998532962,5.0,0.6217380605638086
2339,1.399999999999885,0.5580070769929435,5.0,0.6202708635114679
2340,1.409999999999885,0.5556204541325905,5.0,0.6188156549324688
2341,1.4199999999998845,0.5532338312722375,5.0,0.6173724088450343
2342,1.4299999999998845,0.5508472084118846,5.0,0.6159410955073978
2343,1.439999999999884,0.548460585551532,5.0,0.614521681580245
2344,1.4499999999998838,0.546073962691179,5.0,0.613114130285665
2345,1.4599999999998836,0.5436873398308258,5.0,0.6117184015625406
2346,1.4699999999998834,0.5413007169704731,5.0,0.610334452218317
2347,1.4799999999998832,0.5389140941101204,5.0,0.6089622360771066
2348,1.489999999999883,0.5365274712497676,5.0,0.6076017041240899
2349,1.4999999999998828,0.5341408483894147,5.0,0.6062528046462022
2350,1.5099999999998823,0.5317542255290618,5.0,0.6049154833690761
2351,1.5199999999998823,0.5293676026687087,5.0,0.6035896835902466
2352,1.529999999999882,0.526980979808356,5.0,0.6022753463086222
2353,1.539999999999882,0.524594356948003,5.0,0.6009724103502259
2354,1.5499999999998817,0.5222077340876503,5.0,0.5996808124902366
2355,1.5599999999998817,0.5198211112272976,5.0,0.5984004875713478
2356,1.5699999999998813,0.5174344883669445,5.0,0.5971313686184772
2357,1.579999999999881,0.5150478655065915,5.0,0.5958733869498682
2358,1.5899999999998808,0.512661242646239,5.0,0.5946264722846187
2359,1.5999999999998806,0.5102746197858858,5.0,0.5933905528466896
2360,1.6099999999998804,0.5078879969255329,5.0,0.5921655554654393
2361,1.6199999999998802,0.5055013740651803,5.0,0.5909514056727394
2362,1.62999999999988,0.5031147512048272,5.0,0.5897480277967289
2363,1.6399999999998798,0.5007281283444746,5.0,0.5885553450522645
2364,1.6499999999998796,0.4983415054841219,5.0,0.5873732796281325
2365,1.6599999999998791,0.4959548826237683,5.0,0.5862017527710851
2366,1.6699999999998791,0.4935682597634153,5.0,0.5850406848667606
2367,1.679999999999879,0.4911816369030629,5.0,0.5838899955175685
2368,1.6899999999998787,0.4887950140427098,5.0,0.5827496036175921
2369,1.6999999999998785,0.4864083911823568,5.0,0.5816194274245908
2370,1.7099999999998785,0.4840217683220043,5.0,0.5804993846291627
2371,1.719999999999878,0.4816351454616513,5.0,0.5793893924211444
2372,1.729999999999878,0.4792485226012984,5.0,0.5782893675533152
2373,1.7399999999998776,0.4768618997409455,5.0,0.5771992264024761
2374,1.7499999999998774,0.4744752768805928,5.0,0.5761188850279769
2375,1.7599999999998772,0.47208865402024,5.0,0.5750482592277607
2376,1.769999999999877,0.4697020311598868,5.0,0.5739872645919922
2377,1.7799999999998768,0.4673154082995339,5.0,0.5729358165543501
2378,1.7899999999998766,0.4649287854391814,5.0,0.5718938304410323
2379,1.7999999999998764,0.4625421625788284,5.0,0.570861221517569
2380,1.809999999999876,0.4601555397184755,5.0,0.5698379050334857
2381,1.819999999999876,0.457768916858123,5.0,0.5688237962649012
2382,1.829999999999876,0.4553822939977699,5.0,0.5678188105551123
2383,1.8399999999998755,0.452995671137417,5.0,0.5668228633532403
2384,1.8499999999998755,0.4506090482770644,5.0,0.5658358702509968
2385,1.859999999999875,0.4482224254167112,5.0,0.5648577470176321
2386,1.8699999999998749,0.4458358025563584,5.0,0.5638884096331278
2387,1.8799999999998749,0.4434491796960051,5.0,0.5629277743196918
2388,1.8899999999998744,0.4410625568356522,5.0,0.5619757575716183
2389,1.8999999999998745,0.4386759339752997,5.0,0.5610322761835654
2390,1.909999999999874,0.4362893111149466,5.0,0.5600972472773081
2391,1.9199999999998736,0.4339026882545939,5.0,0.5591705883270207
2392,1.9299999999998736,0.431516065394241,5.0,0.5582522171831457
2393,1.9399999999998732,0.4291294425338884,5.0,0.5573420520948957
2394,1.9499999999998727,0.4267428196735353,5.0,0.5564400117314404
2395,1.959999999999873,0.4243561968131828,5.0,0.5555460152018323
2396,1.9699999999998727,0.4219695739528296,5.0,0.5546599820737136
2397,1.9799999999998723,0.4195829510924767,5.0,0.5537818323908529
2398,1.9899999999998723,0.4171963282321239,5.0,0.552911486689561
2399,1.999999999999872,0.4148097053717712,5.0,0.5520488660140205
2400,-1.9900000000000428,0.7921407442770911,6.0,0.8913586341366734
2401,-1.980000000000043,0.7952235760661767,6.0,0.8918378161307846
2402,-1.9700000000000435,0.7983064078552616,6.0,0.8923265524289298
2403,-1.9600000000000437,0.801389239644347,6.0,0.8928250693428631
2404,-1.950000000000044,0.8044720714334327,6.0,0.8933335990457631
2405,-1.940000000000044,0.8075549032225178,6.0,0.8938523797111766
2406,-1.930000000000044,0.8106377350116031,6.0,0.8943816556524458
2407,-1.9200000000000443,0.8137205668006886,6.0,0.8949216774622348
2408,-1.9100000000000448,0.8168033985897737,6.0,0.8954727021517113
2409,-1.9000000000000448,0.819886230378859,6.0,0.8960349932888869
2410,-1.890000000000045,0.8229690621679442,6.0,0.8966088211355515
2411,-1.8800000000000447,0.8260518939570295,6.0,0.8971944627821705
2412,-1.8700000000000452,0.8291347257461149,6.0,0.8977922022800175
2413,-1.8600000000000456,0.8322175575352,6.0,0.8984023307697572
2414,-1.8500000000000456,0.8366447315618404,6.0,0.8990251466055561
2415,-1.840000000000046,0.8414071012739954,6.0,0.8996609554737319
2416,-1.8300000000000465,0.8461694709861504,6.0,0.9003100705048035
2417,-1.8200000000000465,0.8509318406983053,6.0,0.9009728123776878
2418,-1.810000000000047,0.8556942104104603,6.0,0.9016495094146438
2419,-1.800000000000047,0.8604565801226155,6.0,0.9023404976654051
2420,-1.790000000000047,0.8652189498347702,6.0,0.9030461209787719
2421,-1.780000000000047,0.8699813195469256,6.0,0.9037667310597334
2422,-1.7700000000000475,0.8747436892590805,6.0,0.9045026875099992
2423,-1.7600000000000475,0.8795060589712356,6.0,0.9052543578495746
2424,-1.750000000000048,0.8842684286833906,6.0,0.9060221175167711
2425,-1.7400000000000482,0.8890307983955456,6.0,0.9068063498437693
2426,-1.7300000000000484,0.8937931681077006,6.0,0.9076074460045556
2427,-1.7200000000000486,0.8985555378198555,6.0,0.9084258049317204
2428,-1.7100000000000488,0.9033179075320106,6.0,0.909261833198268
2429,-1.700000000000049,0.9080802772441656,6.0,0.9101159448601831
2430,-1.6900000000000492,0.9128082474837308,6.0,0.9109885612551065
2431,-1.6800000000000497,0.9171171075930412,6.0,0.9118801107520128
2432,-1.6700000000000497,0.920901438460444,6.0,0.9127910284462992
2433,-1.66000000000005,0.9246857693278474,6.0,0.9137217557941858
2434,-1.65000000000005,0.92847010019525,6.0,0.9146727401797695
2435,-1.6400000000000503,0.9322544310626534,6.0,0.915644434407496
2436,-1.6300000000000503,0.9360387619300564,6.0,0.9166372961121799
2437,-1.6200000000000507,0.9398230927974596,6.0,0.9176517870780725
2438,-1.610000000000051,0.9436074236648628,6.0,0.9186883724577884
2439,-1.6000000000000512,0.9471718655489784,6.0,0.9197475198812067
2440,-1.5900000000000514,0.9506887473201742,6.0,0.9208296984437637
2441,-1.5800000000000516,0.9537450671743358,6.0,0.921935377562839
2442,-1.5700000000000518,0.9568013870284978,6.0,0.9230650256902583
2443,-1.560000000000052,0.9598577068826596,6.0,0.9242191088682696
2444,-1.5500000000000522,0.9629140267368216,6.0,0.9253980891157846
2445,-1.5400000000000524,0.9659703465909836,6.0,0.926602422631172
2446,-1.5300000000000529,0.9686670608664326,6.0,0.9278325577975609
2447,-1.5200000000000529,0.9701437517954854,6.0,0.9290889329764705
2448,-1.510000000000053,0.9714933859502318,6.0,0.9303719740757102
2449,-1.5000000000000533,0.9728880724140064,6.0,0.9316820918779913
2450,-1.4900000000000535,0.9744431500994069,6.0,0.9330196791176496
2451,-1.4800000000000535,0.9759583232639544,6.0,0.9343851072944421
2452,-1.470000000000054,0.9771216307375832,6.0,0.9357787232157165
2453,-1.460000000000054,0.978102196729888,6.0,0.937200845261576
2454,-1.4500000000000544,0.9790827627221926,6.0,0.9386517593721786
2455,-1.4400000000000546,0.9805035801485424,6.0,0.9401317147624129
2456,-1.4300000000000548,0.9822484864331028,6.0,0.9416409193771518
2457,-1.420000000000055,0.9839933927176632,6.0,0.9431795351106477
2458,-1.4100000000000552,0.9857382990022234,6.0,0.9447476728268636
2459,-1.4000000000000554,0.9874832052867836,6.0,0.9463453872343827
2460,-1.3900000000000556,0.9892281115713442,6.0,0.947972671690712
2461,-1.3800000000000558,0.9909730178559044,6.0,0.9496294530373242
2462,-1.370000000000056,0.9926491564072956,6.0,0.9513155865997449
2463,-1.3600000000000565,0.9942068691914274,6.0,0.9530308515278118
2464,-1.3500000000000565,0.9957645819755592,6.0,0.9547749467014534
2465,-1.3400000000000567,0.9973222947596913,6.0,0.956547487488898
2466,-1.330000000000057,0.9988800075438228,6.0,0.9583480037193725
2467,-1.3200000000000571,1.0000249068634384,6.0,0.9601759393236029
2468,-1.3100000000000571,1.0000124534317192,6.0,0.9620306542059329
2469,-1.3000000000000576,1.0,6.0,0.9639114290449148
2470,-1.2900000000000578,0.9999875465682808,6.0,0.9658174738788695
2471,-1.280000000000058,0.9999750931365612,6.0,0.9677479415234355
2472,-1.2700000000000582,0.999962639704842,6.0,0.969701947094398
2473,-1.2600000000000584,0.9999501862731228,6.0,0.9716785951762459
2474,-1.2500000000000586,0.9999377328414036,6.0,0.9736770164903134
2475,-1.2400000000000588,0.9999252794096845,6.0,0.9756964162812917
2476,-1.230000000000059,0.9999128259779652,6.0,0.9777361370620259
2477,-1.2200000000000593,0.999900372546246,6.0,0.9797957388374228
2478,-1.2100000000000597,0.9998879191145268,6.0,0.9818751004701041
2479,-1.2000000000000597,0.999948714885084,6.0,0.983974546450784
2480,-1.19000000000006,1.0001276607275214,6.0,0.9860950039864889
2481,-1.18000000000006,0.9995018256452278,6.0,0.9882381960022787
2482,-1.1700000000000603,0.9988234192716288,6.0,0.9904068763354862
2483,-1.1600000000000603,0.9975867084965157,6.0,0.9926051140345608
2484,-1.1500000000000608,0.9963499977214026,6.0,0.994838634176847
2485,-1.140000000000061,0.9951132869462896,6.0,0.9971152228690798
2486,-1.1300000000000612,0.9938765761711764,6.0,0.9994452039095308
2487,-1.1200000000000614,0.9926398653960634,6.0,1.0018419937058478
2488,-1.1100000000000616,0.9915442956427476,6.0,1.0043227390731042
2489,-1.1000000000000618,0.9905824573744086,6.0,1.0069090389306228
2490,-1.090000000000062,0.9896206191060696,6.0,1.0096277448883937
2491,-1.0800000000000622,0.9886587808377308,6.0,1.0125118261541877
2492,-1.0700000000000625,0.987696942569392,6.0,1.015601269543823
2493,-1.060000000000063,0.986735104301053,6.0,1.0189439634765183
2494,-1.0500000000000629,0.985773266032714,6.0,1.0225964827199414
2495,-1.040000000000063,0.9848114277643752,6.0,1.0266246443305964
2496,-1.0300000000000633,0.9838495894960364,6.0,1.0311036395211928
2497,-1.0200000000000635,0.9828877512276974,6.0,1.0361174546457848
2498,-1.0100000000000635,0.9819259129593586,6.0,1.0417571698640629
2499,-1.000000000000064,0.9806810248197432,6.0,1.0481175596495007
2500,-0.9900000000000642,0.9789314160352376,6.0,1.0552912125151064
2501,-0.9800000000000644,0.977181807250732,6.0,1.0633591469111623
2502,-0.9700000000000646,0.9754321984662264,6.0,1.0723766603849567
2503,-0.9600000000000648,0.9732653256400796,6.0,1.0823529936956047
2504,-0.950000000000065,0.9707527392381118,6.0,1.0932234915942263
2505,-0.9400000000000652,0.9686559414433352,6.0,1.1048136020733088
2506,-0.9300000000000654,0.9666865106749007,6.0,1.1167957478141928
2507,-0.9200000000000657,0.9647170799064664,6.0,1.1286434218677481
2508,-0.910000000000066,0.962747649138032,6.0,1.1395922698608885
2509,-0.9000000000000661,0.9616841005063408,6.0,1.1486251247215282
2510,-0.8900000000000663,0.9606352405463606,6.0,1.154504821824309
2511,-0.8800000000000665,0.9595863805863803,6.0,1.1558801537849623
2512,-0.8700000000000667,0.9585374102142316,6.0,1.1514792540550538
2513,-0.8600000000000669,0.9574076123862204,6.0,1.1403757654087243
2514,-0.8500000000000671,0.9562778145582094,6.0,1.122271059819843
2515,-0.8400000000000674,0.955148016730198,6.0,1.0977006793822952
2516,-0.8300000000000676,0.9533019314148724,6.0,1.0680732285044248
2517,-0.8200000000000678,0.9511481130297896,6.0,1.0354992292694518
2518,-0.810000000000068,0.9489942946447066,6.0,1.002447078213211
2519,-0.8000000000000682,0.9468404762596238,6.0,0.9713293643813622
2520,-0.7900000000000684,0.9446866578745412,6.0,0.9441393473884886
2521,-0.7800000000000686,0.9425328394894582,6.0,0.9222224070344874
2522,-0.7700000000000689,0.9404148694032646,6.0,0.9062085204347207
2523,-0.7600000000000691,0.9382115697772376,6.0,0.8960811104728044
2524,-0.7500000000000693,0.9355338541209682,6.0,0.891331072706942
2525,-0.7400000000000695,0.9348028946330884,6.0,0.8911416330909414
2526,-0.7300000000000697,0.9351266842183124,6.0,0.8945612572312577
2527,-0.7200000000000699,0.9349077158648924,6.0,0.9006391751875913
2528,-0.7100000000000701,0.9346887475114724,6.0,0.9085147114016875
2529,-0.7000000000000703,0.9344697791580524,6.0,0.9174637798975658
2530,-0.6900000000000706,0.9342508108046323,6.0,0.9269124232510682
2531,-0.6800000000000708,0.9340318424512124,6.0,0.9364289168253144
2532,-0.670000000000071,0.9338128740977923,6.0,0.9457045052617894
2533,-0.6600000000000712,0.9335939057443724,6.0,0.9545300881351617
2534,-0.6500000000000714,0.933374937390952,6.0,0.9627733849616718
2535,-0.6400000000000716,0.933155969037532,6.0,0.9703589029737081
2536,-0.6300000000000718,0.932937000684112,6.0,0.9772515487017814
2537,-0.620000000000072,0.9330095563071504,6.0,0.9834438645297487
2538,-0.6100000000000723,0.9325581713208853,6.0,0.9889464539946353
2539,-0.6000000000000725,0.9320458723795316,6.0,0.9937810160937189
2540,-0.5900000000000727,0.931533573438178,6.0,0.9979754138654621
2541,-0.5800000000000729,0.931021274496824,6.0,1.0015602751472144
2542,-0.5700000000000731,0.9303792760488548,6.0,1.0045667171938781
2543,-0.5600000000000733,0.9294450434255548,6.0,1.00702487812679
2544,-0.5500000000000735,0.9285108108022544,6.0,1.008963016941623
2545,-0.5400000000000738,0.9275765781789544,6.0,1.0104070073511098
2546,-0.530000000000074,0.9266423455556542,6.0,1.0113800999029123
2547,-0.5200000000000742,0.925708112932354,6.0,1.0119028638042997
2548,-0.5100000000000744,0.9247738803090538,6.0,1.0119932472006188
2549,-0.5000000000000746,0.9237986245442288,6.0,1.011666714587042
2550,-0.4900000000000748,0.9228054994853152,6.0,1.0109364344979217
2551,-0.480000000000075,0.9218123744264012,6.0,1.0098135011330092
2552,-0.4700000000000752,0.9207855774171578,6.0,1.0083071813115394
2553,-0.4600000000000754,0.919579998466362,6.0,1.0064251839755969
2554,-0.4500000000000757,0.9183744195155664,6.0,1.00417395405636
2555,-0.4400000000000759,0.9171688405647708,6.0,1.0015589963713682
2556,-0.4300000000000761,0.9159632616139748,6.0,0.9985852387212105
2557,-0.4200000000000763,0.9147576826631793,6.0,0.9952574467994876
2558,-0.4100000000000765,0.9139276313991777,6.0,0.9915807071590115
2559,-0.4000000000000767,0.9137686370528412,6.0,0.987560998479273
2560,-0.3900000000000769,0.9136096427065048,6.0,0.9832058758949059
2561,-0.3800000000000771,0.9134506483601686,6.0,0.9785252982459431
2562,-0.3700000000000774,0.9132916540138324,6.0,0.9735326337646661
2563,-0.3600000000000776,0.913132659667496,6.0,0.968245885700932
2564,-0.3500000000000778,0.9129736653211596,6.0,0.9626891851554481
2565,-0.340000000000078,0.9128146709748234,6.0,0.9568946027946403
2566,-0.3300000000000782,0.9126553733963156,6.0,0.9509043319669394
2567,-0.3200000000000784,0.9124175097397276,6.0,0.9447732889690084
2568,-0.3100000000000786,0.9121796460831392,6.0,0.9385721544391575
2569,-0.3000000000000788,0.9119417824265508,6.0,0.9323908297442959
2570,-0.2900000000000791,0.9117039187699622,6.0,0.9263421796695177
2571,-0.2800000000000793,0.911466055113374,6.0,0.9205657339843414
2572,-0.2700000000000795,0.9112281914567856,6.0,0.915230645799552
2573,-0.2600000000000797,0.910990327800197,6.0,0.9105365080371108
2574,-0.2500000000000799,0.9107524641436086,6.0,0.9067093437064825
2575,-0.2400000000000801,0.9105235790006284,6.0,0.9039877279988795
2576,-0.2300000000000803,0.9104233269199218,6.0,0.9025897267109955
2577,-0.2200000000000805,0.9103230748392152,6.0,0.9026437975933416
2578,-0.2100000000000808,0.9102228227585084,6.0,0.904054343616935
2579,-0.200000000000081,0.9101225706778018,6.0,0.9062552649073259
2580,-0.1900000000000812,0.9100223185970951,6.0,0.9077932718065076
2581,-0.1800000000000814,0.9099220665163888,6.0,0.9057285546085054
2582,-0.1700000000000816,0.909821814435682,6.0,0.8951124245003408
2583,-0.1600000000000818,0.9097215623549756,6.0,0.8696483405502885
2584,-0.150000000000082,0.909621310274269,6.0,0.8259979802671714
2585,-0.1400000000000822,0.9095152938217588,6.0,0.772740016853685
2586,-0.1300000000000825,0.909263800472694,6.0,0.7341215434962581
2587,-0.1200000000000827,0.9090123071236292,6.0,0.7325949505852906
2588,-0.1100000000000829,0.9087608137745644,6.0,0.7662095533577192
2589,-0.1000000000000831,0.9085093204254998,6.0,0.8141294516252287
2590,-0.0900000000000833,0.908257827076435,6.0,0.8573435742450798
2591,-0.0800000000000835,0.9081113514884652,6.0,0.8875232788990806
2592,-0.0700000000000837,0.908089366356704,6.0,0.904377186180614
2593,-0.0600000000000839,0.9080673812249428,6.0,0.9109741940693196
2594,-0.0500000000000842,0.9078986246530338,6.0,0.9108817345930862
2595,-0.0400000000000844,0.9074885776489592,6.0,0.9070340225173786
2596,-0.0300000000000846,0.9070785306448848,6.0,0.9015035673325926
2597,-0.0200000000000848,0.90666848364081,6.0,0.8956163980804492
2598,-0.010000000000085,0.9062584366367356,6.0,0.8901482869931805
2599,-8.526512829121202e-14,0.9058483896326612,6.0,0.8855037882342868
2600,0.0099999999999145,0.9054383426285868,6.0,0.8818523329355401
2601,0.0199999999999143,0.905028295624512,6.0,0.8792226814158721
2602,0.029999999999914,0.9046182486204376,6.0,0.8775647820053613
2603,0.0399999999999138,0.9041361102909312,6.0,0.8767885248013182
2604,0.0499999999999136,0.9035185090880062,6.0,0.8767870602798815
2605,0.0599999999999134,0.9029009078850811,6.0,0.877450230853599
2606,0.0699999999999132,0.9022833066821564,6.0,0.8786718821564706
2607,0.079999999999913,0.9016657054792316,6.0,0.8803535044760503
2608,0.0899999999999128,0.9010481042763068,6.0,0.8824057469264357
2609,0.0999999999999126,0.9004305030733818,6.0,0.8847487481639591
2610,0.1099999999999123,0.8998129018704568,6.0,0.887311845208932
2611,0.1199999999999121,0.899195300667532,6.0,0.8900329844701798
2612,0.1299999999999119,0.8985776994646071,6.0,0.8928580152442281
2613,0.1399999999999117,0.8979600982616822,6.0,0.8957399611434657
2614,0.1499999999999115,0.8973424970587573,6.0,0.8986383164108522
2615,0.1599999999999113,0.8967248958558324,6.0,0.901518387412252
2616,0.1699999999999111,0.8961072946529075,6.0,0.9043506857025887
2617,0.1799999999999109,0.8954896934499826,6.0,0.9071103723930386
2618,0.1899999999999106,0.8948720922470578,6.0,0.9097767507855788
2619,0.1999999999999104,0.8942544910441329,6.0,0.912332803458059
2620,0.2099999999999102,0.8936368898412079,6.0,0.9147647700952817
2621,0.21999999999991,0.8930192886382831,6.0,0.9170617627936808
2622,0.2299999999999098,0.8924461852468716,6.0,0.9192154160375183
2623,0.2399999999999096,0.8922279128191317,6.0,0.9212195689356337
2624,0.2499999999999094,0.8920096403913919,6.0,0.9230699775882205
2625,0.2599999999999092,0.8917913679636522,6.0,0.9247640556323694
2626,0.269999999999909,0.8915730955359124,6.0,0.9263006411181957
2627,0.2799999999999087,0.8913548231081725,6.0,0.9276797879216709
2628,0.2899999999999085,0.8911365506804326,6.0,0.9289025799295624
2629,0.2999999999999083,0.8909182782526928,6.0,0.9299709662539023
2630,0.3099999999999081,0.890700005824953,6.0,0.9308876157601482
2631,0.3199999999999079,0.8904817333972131,6.0,0.9316557892312926
2632,0.3299999999999077,0.8902634609694734,6.0,0.9322792275425805
2633,0.3399999999999075,0.8900451885417336,6.0,0.9327620542881754
2634,0.3499999999999073,0.8898269161139938,6.0,0.9331086913804733
2635,0.359999999999907,0.889608643686254,6.0,0.9333237862320818
2636,0.3699999999999068,0.8893903712585141,6.0,0.9334121492268427
2637,0.3799999999999066,0.8891720988307744,6.0,0.9333787002865598
2638,0.3899999999999064,0.8889538264030346,6.0,0.9332284234416851
2639,0.3999999999999062,0.8887355539752948,6.0,0.9329663284146715
2640,0.409999999999906,0.8885172815475548,6.0,0.932597418322188
2641,0.4199999999999058,0.8882990091198151,6.0,0.93212666269545
2642,0.4299999999999055,0.8880807366920752,6.0,0.9315589751054816
2643,0.4399999999999053,0.8878624642643353,6.0,0.9308991947615778
2644,0.4499999999999051,0.8876441918365957,6.0,0.9301520715261832
2645,0.4599999999999049,0.8874259194088558,6.0,0.9293222538577143
2646,0.4699999999999047,0.8872076469811161,6.0,0.9284142792546477
2647,0.4799999999999045,0.8869893745533762,6.0,0.9274325668296517
2648,0.4899999999999043,0.8867711021256364,6.0,0.9263814116919948
2649,0.4999999999999041,0.8865528296978966,6.0,0.9252649808603145
2650,0.5099999999999039,0.8863345572701568,6.0,0.9240873104664645
2651,0.5199999999999037,0.8861162848424169,6.0,0.9228523040450877
2652,0.5299999999999034,0.8858980124146771,6.0,0.9215637317331463
2653,0.5399999999999032,0.8856797399869373,6.0,0.9202252302293952
2654,0.549999999999903,0.8854614675591974,6.0,0.9188403033860658
2655,0.5599999999999028,0.8852431951314578,6.0,0.9174123233242537
2656,0.5699999999999026,0.8850249227037179,6.0,0.9159445319810283
2657,0.5799999999999024,0.884806650275978,6.0,0.9144400430104348
2658,0.5899999999999022,0.8845883778482382,6.0,0.9129018439726464
2659,0.599999999999902,0.8843701054204984,6.0,0.9113327987558039
2660,0.6099999999999017,0.8841518329927586,6.0,0.9097356501838143
2661,0.6199999999999015,0.8839335605650189,6.0,0.90811302277076
2662,0.6299999999999013,0.883715288137279,6.0,0.9064674255888072
2663,0.6399999999999011,0.8834970157095392,6.0,0.9048012552217582
2664,0.6499999999999009,0.8832787432817993,6.0,0.903116798780782
2665,0.6599999999999007,0.8830604708540596,6.0,0.9014162369625893
2666,0.6699999999999005,0.8828421984263197,6.0,0.8997016471333787
2667,0.6799999999999002,0.88262392599858,6.0,0.8979750064245017
2668,0.6899999999999,0.8824056535708401,6.0,0.8962381948279389
2669,0.6999999999998998,0.8821873811431004,6.0,0.8944929982814964
2670,0.7099999999998996,0.8819691087153605,6.0,0.8927411117351521
2671,0.7199999999998994,0.8817508362876206,6.0,0.8909841421912318
2672,0.7299999999998992,0.8815325638598809,6.0,0.8892236117121716
2673,0.739999999999899,0.8813142914321411,6.0,0.8874609603905277
2674,0.7499999999998987,0.8810960190044013,6.0,0.8856975492766284
2675,0.7599999999998985,0.8808777465766615,6.0,0.8839346632599331
2676,0.7699999999998983,0.8806594741489217,6.0,0.8821735139007101
2677,0.7799999999998981,0.8804412017211818,6.0,0.8804152422091189
2678,0.7899999999998979,0.8802229292934419,6.0,0.878660921369206
2679,0.7999999999998977,0.8799976058348342,6.0,0.8769115594056835
2680,0.8099999999998975,0.8797093028729479,6.0,0.8751681017917055
2681,0.8199999999998973,0.8794209999110616,6.0,0.8734314339961123
2682,0.829999999999897,0.8791326969491754,6.0,0.8717023839689249
2683,0.8399999999998968,0.8788443939872892,6.0,0.8699817245640704
2684,0.8499999999998966,0.878556091025403,6.0,0.8682701758985693
2685,0.8599999999998964,0.878307638249122,6.0,0.8665684076476058
2686,0.8699999999998962,0.8781301776204485,6.0,0.8648770412751001
2687,0.879999999999896,0.8779527169917749,6.0,0.8631966521995694
2688,0.8899999999998958,0.8777752563631014,6.0,0.8615277718952375
2689,0.8999999999998956,0.8775977957344279,6.0,0.8598708899285076
2690,0.9099999999998952,0.8774203351057542,6.0,0.8582264559300372
2691,0.9199999999998952,0.8772428744770807,6.0,0.8565948815028223
2692,0.9299999999998948,0.8770654138484072,6.0,0.8549765420667833
2693,0.9399999999998948,0.8768879532197337,6.0,0.8533717786404886
2694,0.9499999999998944,0.8767104925910602,6.0,0.8517808995607431
2695,0.9599999999998944,0.8765330319623865,6.0,0.8502041821408689
2696,0.969999999999894,0.8763555713337131,6.0,0.8486418742686027
2697,0.9799999999998938,0.8761781107050395,6.0,0.8470941959445925
2698,0.9899999999998936,0.876000650076366,6.0,0.8455613407625802
2699,0.9999999999998934,0.8760985458240247,6.0,0.8440434773323915
2700,1.0099999999998932,0.8768253823483592,6.0,0.8425407506469295
2701,1.019999999999893,0.8773969540215895,6.0,0.841053283394413
2702,1.0299999999998928,0.8779685256948198,6.0,0.8395811772171405
2703,1.0399999999998926,0.8785400973680499,6.0,0.8381245139181009
2704,1.0499999999998924,0.8791116690412804,6.0,0.8366833566167803
2705,1.059999999999892,0.8796832407145104,6.0,0.8352577508555299
2706,1.069999999999892,0.8802548123877407,6.0,0.8338477256578989
2707,1.0799999999998915,0.880826384060971,6.0,0.8324532945403167
2708,1.0899999999998915,0.8813715221616872,6.0,0.8310744564785492
2709,1.0999999999998913,0.881817875102558,6.0,0.8297111968303295
2710,1.109999999999891,0.8822642280434289,6.0,0.8283634882155781
2711,1.1199999999998909,0.8827105809842997,6.0,0.8270312913556169
2712,1.1299999999998906,0.8831569339251704,6.0,0.8257145558727658
2713,1.1399999999998904,0.8836032868660412,6.0,0.8244132210517086
2714,1.1499999999998902,0.884049639806912,6.0,0.8231272165639912
2715,1.15999999999989,0.8844959927477828,6.0,0.821856463156998
2716,1.1699999999998898,0.8849423456886536,6.0,0.8206008733087302
2717,1.1799999999998896,0.8852904080101461,6.0,0.8193603518496919
2718,1.1899999999998894,0.8856156031616023,6.0,0.8181347965531588
2719,1.1999999999998892,0.8859407983130583,6.0,0.8169240986950749
2720,1.209999999999889,0.8862659934645144,6.0,0.8157281435848069
2721,1.2199999999998887,0.8865911886159704,6.0,0.8145468110679402
2722,1.2299999999998883,0.8869163837674265,6.0,0.8133799760022854
2723,1.2399999999998883,0.8872415789188826,6.0,0.8122275087082175
2724,1.249999999999888,0.8875715761382185,6.0,0.8110892753944557
2725,1.259999999999888,0.8879206867773224,6.0,0.8099651385603439
2726,1.2699999999998877,0.8882697974164265,6.0,0.8088549573756647
2727,1.2799999999998877,0.8886189080555302,6.0,0.807758588038997
2728,1.2899999999998872,0.8889680186946344,6.0,0.8066758841155784
2729,1.299999999999887,0.8893171293337383,6.0,0.8056066968556048
2730,1.3099999999998868,0.8896662399728423,6.0,0.8045508754938898
2731,1.3199999999998866,0.8900153506119463,6.0,0.8035082675317292
2732,1.3299999999998864,0.8903644612510503,6.0,0.8024787190018365
2733,1.3399999999998862,0.8907135718901542,6.0,0.80146207471714
2734,1.349999999999886,0.8913563850483545,6.0,0.800458178504236
2735,1.3599999999998855,0.8921908894013884,6.0,0.7994668734222264
2736,1.3699999999998855,0.8929901879833723,6.0,0.7984880019676854
2737,1.379999999999885,0.8912394493876555,6.0,0.797521406266422
2738,1.389999999999885,0.8894887107919385,6.0,0.7965669282527181
2739,1.399999999999885,0.8883452298381443,6.0,0.7956244098366652
2740,1.409999999999885,0.8872133943436445,6.0,0.7946936930602151
2741,1.4199999999998845,0.886081558849145,6.0,0.7937746202425262
2742,1.4299999999998845,0.8849497233546451,6.0,0.79286703411516
2743,1.439999999999884,0.8838175305296935,6.0,0.7919707779476611
2744,1.4499999999998838,0.8826113319754848,6.0,0.7910856956640369
2745,1.4599999999998836,0.8814051334212758,6.0,0.7902116319506093
2746,1.4699999999998834,0.880198934867067,6.0,0.7893484323557239
2747,1.4799999999998832,0.8789927363128585,6.0,0.7884959433817367
2748,1.489999999999883,0.8780635175009556,6.0,0.7876540125697229
2749,1.4999999999998828,0.8774882731170252,6.0,0.7868224885772929
2750,1.5099999999998823,0.8769130287330946,6.0,0.7860012212499182
2751,1.5199999999998823,0.8763377843491642,6.0,0.7851900616861118
2752,1.529999999999882,0.8757625399652338,6.0,0.7843888622968335
2753,1.539999999999882,0.8751872955813033,6.0,0.7835974768594345
2754,1.5499999999998817,0.8746120511973728,6.0,0.7828157605664686
2755,1.5599999999998817,0.8740467333632613,6.0,0.7820435700696634
2756,1.5699999999998813,0.8737149002331103,6.0,0.7812807635193366
2757,1.579999999999881,0.8732820765343394,6.0,0.7805272005995363
2758,1.5899999999998808,0.8721447029448873,6.0,0.7797827425591517
2759,1.5999999999998806,0.8717619142583569,6.0,0.7790472522392459
2760,1.6099999999998804,0.8713791255718267,6.0,0.7783205940968403
2761,1.6199999999998802,0.8709963368852962,6.0,0.7776026342253728
2762,1.62999999999988,0.870613548198766,6.0,0.7768932403720337
2763,1.6399999999998798,0.8698904969969478,6.0,0.7761922819521826
2764,1.6499999999998796,0.8689205340236887,6.0,0.77549963006103
2765,1.6599999999998791,0.8671563887422697,6.0,0.7748151574827643
2766,1.6699999999998791,0.8653922434608505,6.0,0.7741387386972857
2767,1.679999999999879,0.8636280981794315,6.0,0.7734702498847211
2768,1.6899999999998787,0.8618639528980125,6.0,0.7728095689278481
2769,1.6999999999998785,0.8600998076165934,6.0,0.7721565754125927
2770,1.7099999999998785,0.8583356623351743,6.0,0.7715111506267236
2771,1.719999999999878,0.8565715170537554,6.0,0.7708731775568703
2772,1.729999999999878,0.854807371772336,6.0,0.7702425408839902
2773,1.7399999999998776,0.8530432264909171,6.0,0.7696191269773962
2774,1.7499999999998774,0.851279081209498,6.0,0.7690028238874517
2775,1.7599999999998772,0.8500243595653371,6.0,0.7683935213370342
2776,1.769999999999877,0.8489403117639832,6.0,0.767791110711867
2777,1.7799999999998768,0.8478562639626297,6.0,0.767195485049798
2778,1.7899999999998766,0.846772216161276,6.0,0.7666065390291277
2779,1.7999999999998764,0.8456881683599221,6.0,0.7660241689560505
2780,1.809999999999876,0.8446041205585684,6.0,0.7654482727512967
2781,1.819999999999876,0.8435200727572146,6.0,0.7648787499360349
2782,1.829999999999876,0.8424360249558608,6.0,0.7643155016171115
2783,1.8399999999998755,0.8413519771545069,6.0,0.7637584304716889
2784,1.8499999999998755,0.8402679293531534,6.0,0.7632074407313303
2785,1.859999999999875,0.8391838815517997,6.0,0.7626624381656053
2786,1.8699999999998749,0.8380998337504458,6.0,0.7621233300652519
2787,1.8799999999998749,0.8370157859490921,6.0,0.7615900252249502
2788,1.8899999999998744,0.8359317381477384,6.0,0.7610624339257601
2789,1.8999999999998745,0.8348476903463847,6.0,0.7605404679172513
2790,1.909999999999874,0.8337636425450309,6.0,0.7600240403993799
2791,1.9199999999998736,0.832679594743677,6.0,0.7595130660041443
2792,1.9299999999998736,0.8318428209957056,6.0,0.7590074607770496
2793,1.9399999999998732,0.8310343927933234,6.0,0.7585071421584272
2794,1.9499999999998727,0.8302259645909413,6.0,0.7580120289646255
2795,1.959999999999873,0.8294175363885593,6.0,0.7575220413691122
2796,1.9699999999998727,0.8286091081861772,6.0,0.7570371008835057
2797,1.9799999999998723,0.8278006799837953,6.0,0.7565571303385723
2798,1.9899999999998723,0.8269922517814132,6.0,0.7560820538651966
2799,1.999999999999872,0.8261838235790311,6.0,0.7556117968753641
2800,-1.9900000000000428,0.4555815063923829,7.0,0.42697336782784834
2801,-1.980000000000043,0.452206981387198,7.0,0.4246961689054037
2802,-1.9700000000000435,0.4488324563820141,7.0,0.4223941135627826
2803,-1.9600000000000437,0.4454579313768292,7.0,0.42006720403129083
2804,-1.950000000000044,0.4420834063716452,7.0,0.41771545768116686
2805,-1.940000000000044,0.4387088813664609,7.0,0.4153389076315587
2806,-1.930000000000044,0.4353343563612764,7.0,0.41293760336251506
2807,-1.9200000000000443,0.431959831356092,7.0,0.41051161132731095
2808,-1.9100000000000448,0.4285853063509079,7.0,0.4080610155632664
2809,-1.9000000000000448,0.4252107813457231,7.0,0.40558591829907237
2810,-1.890000000000045,0.4218362563405389,7.0,0.40308644055647486
2811,-1.8800000000000447,0.4184617313353546,7.0,0.40056272274403015
2812,-1.8700000000000452,0.41508720633017,7.0,0.39801492524044085
2813,-1.8600000000000456,0.4117126813249856,7.0,0.39544322896484146
2814,-1.8500000000000456,0.4083381563198013,7.0,0.39284783593123335
2815,-1.840000000000046,0.404963631314617,7.0,0.3902289697840637
2816,-1.8300000000000465,0.4015891063094328,7.0,0.38758687631179856
2817,-1.8200000000000465,0.3982145813042484,7.0,0.38492182393513596
2818,-1.810000000000047,0.3948400562990637,7.0,0.3822341041663491
2819,-1.800000000000047,0.39146553129388,7.0,0.3795240320360392
2820,-1.790000000000047,0.388091006288695,7.0,0.37679194648343683
2821,-1.780000000000047,0.3847164812835106,7.0,0.37403821070617865
2822,-1.7700000000000475,0.3813419562783267,7.0,0.3712632124653322
2823,-1.7600000000000475,0.3779674312731417,7.0,0.3684673643412709
2824,-1.750000000000048,0.3745929062679574,7.0,0.3656511039358332
2825,-1.7400000000000482,0.3712183812627732,7.0,0.3628148940160259
2826,-1.7300000000000484,0.3678438562575887,7.0,0.35995922259442403
2827,-1.7200000000000486,0.3644693312524045,7.0,0.35708460294120853
2828,-1.7100000000000488,0.3611235563275679,7.0,0.3541915735227217
2829,-1.700000000000049,0.357969237928016,7.0,0.3512806978612352
2830,-1.6900000000000492,0.3548149195284645,7.0,0.3483525643105498
2831,-1.6800000000000497,0.351660601128913,7.0,0.34540778574193126
2832,-1.6700000000000497,0.3485062827293612,7.0,0.34244699913479176
2833,-1.66000000000005,0.3453519643298094,7.0,0.339470865066471
2834,-1.65000000000005,0.3421976459302576,7.0,0.33648006709538525
2835,-1.6400000000000503,0.3390433275307062,7.0,0.333475311031787
2836,-1.6300000000000503,0.3358890091311544,7.0,0.3304573240903396
2837,-1.6200000000000507,0.3327346907316028,7.0,0.3274268539186756
2838,-1.610000000000051,0.3295803723320508,7.0,0.32438466749614653
2839,-1.6000000000000512,0.326426053932499,7.0,0.321331549896936
2840,-1.5900000000000514,0.3232717355329474,7.0,0.31826830291176544
2841,-1.5800000000000516,0.3201174171333958,7.0,0.3151957435224458
2842,-1.5700000000000518,0.3169630987338437,7.0,0.3121147022235877
2843,-1.560000000000052,0.3138087803342923,7.0,0.30902602118582784
2844,-1.5500000000000522,0.3106544619347406,7.0,0.30593055225502613
2845,-1.5400000000000524,0.3075001435351895,7.0,0.30282915478192957
2846,-1.5300000000000529,0.304345825135637,7.0,0.29972269327693446
2847,-1.5200000000000529,0.3011915067360855,7.0,0.29661203488461946
2848,-1.510000000000053,0.2980371883365337,7.0,0.29349804667287077
2849,-1.5000000000000533,0.2948828699369824,7.0,0.2903815927314791
2850,-1.4900000000000535,0.2917285515374302,7.0,0.287263531075242
2851,-1.4800000000000535,0.2885742331378791,7.0,0.2841447103466854
2852,-1.470000000000054,0.2854199147383269,7.0,0.2810259663136779
2853,-1.460000000000054,0.2822655963387755,7.0,0.2779081181573385
2854,-1.4500000000000544,0.2791112779392234,7.0,0.2747919645458129
2855,-1.4400000000000546,0.2759569595396716,7.0,0.2716782794896971
2856,-1.4300000000000548,0.2728026411401205,7.0,0.26856780797513513
2857,-1.420000000000055,0.2696477915632198,7.0,0.2654612613709397
2858,-1.4100000000000552,0.2664925189803684,7.0,0.2623593126064958
2859,-1.4000000000000554,0.263337246397518,7.0,0.25926259111775307
2860,-1.3900000000000556,0.2601819738146666,7.0,0.2561716775593357
2861,-1.3800000000000558,0.2570267012318163,7.0,0.25308709828172454
2862,-1.370000000000056,0.2538714286489652,7.0,0.25000931957375905
2863,-1.3600000000000565,0.2507161560661144,7.0,0.24693874167230342
2864,-1.3500000000000565,0.2475608834832635,7.0,0.24387569254313715
2865,-1.3400000000000567,0.2444056109004128,7.0,0.24082042143990476
2866,-1.330000000000057,0.241250338317562,7.0,0.23777309225165028
2867,-1.3200000000000571,0.2380950657347111,7.0,0.23473377665419143
2868,-1.3100000000000571,0.2349397931518601,7.0,0.23170244708666024
2869,-1.3000000000000576,0.2317845205690093,7.0,0.22867896958238187
2870,-1.2900000000000578,0.2286292479861581,7.0,0.22566309649317545
2871,-1.280000000000058,0.2254739754033074,7.0,0.22265445915887094
2872,-1.2700000000000582,0.2223187028204568,7.0,0.21965256058988383
2873,-1.2600000000000584,0.2191634302376062,7.0,0.21665676825100924
2874,-1.2500000000000586,0.216008157654755,7.0,0.21366630706021592
2875,-1.2400000000000588,0.2128528850719038,7.0,0.2106802527485107
2876,-1.230000000000059,0.2096976124890532,7.0,0.20769752576746006
2877,-1.2200000000000593,0.2065423399062024,7.0,0.20471688598186716
2878,-1.2100000000000597,0.2033870673233519,7.0,0.20173692844885938
2879,-1.2000000000000597,0.2002317947405007,7.0,0.19875608066450834
2880,-1.19000000000006,0.1970765221576498,7.0,0.19577260175900937
2881,-1.18000000000006,0.1939212495747991,7.0,0.19278458424637926
2882,-1.1700000000000603,0.1907659769919479,7.0,0.18978995909074356
2883,-1.1600000000000603,0.1876107044090972,7.0,0.18678650504633978
2884,-1.1500000000000608,0.1844554318262464,7.0,0.18377186347188953
2885,-1.140000000000061,0.1820330078929184,7.0,0.180743560124024
2886,-1.1300000000000612,0.1797224005613945,7.0,0.17769903581372318
2887,-1.1200000000000614,0.1774117932298698,7.0,0.17463568828259377
2888,-1.1100000000000616,0.1751011858983458,7.0,0.17155092824466775
2889,-1.1000000000000618,0.1727905785668214,7.0,0.16844225327158122
2890,-1.090000000000062,0.1704799712352973,7.0,0.16530734410702302
2891,-1.0800000000000622,0.1681693639037728,7.0,0.16214418911846037
2892,-1.0700000000000625,0.1658587565722485,7.0,0.1589512439730932
2893,-1.060000000000063,0.163548149240724,7.0,0.15572763530568645
2894,-1.0500000000000629,0.1612375419091995,7.0,0.15247341916898133
2895,-1.040000000000063,0.1589269345776752,7.0,0.14918990744593494
2896,-1.0300000000000633,0.1566163272461509,7.0,0.14588007813703427
2897,-1.0200000000000635,0.1543057199146267,7.0,0.1425490884035831
2898,-1.0100000000000635,0.1519951125831025,7.0,0.1392049121561034
2899,-1.000000000000064,0.1496845052515781,7.0,0.13585912618950874
2900,-0.9900000000000642,0.1473738979200536,7.0,0.1325278691137501
2901,-0.9800000000000644,0.1450632905885294,7.0,0.1292329931938373
2902,-0.9700000000000646,0.1427526832570052,7.0,0.12600341623604971
2903,-0.9600000000000648,0.1404420759254806,7.0,0.12287665078806385
2904,-0.950000000000065,0.1381314685939563,7.0,0.11990042691535333
2905,-0.9400000000000652,0.1358208612624317,7.0,0.1171342079845007
2906,-0.9300000000000654,0.1331814592575718,7.0,0.11465018452321224
2907,-0.9200000000000657,0.1296370999286768,7.0,0.11253295147551524
2908,-0.910000000000066,0.1260927405997824,7.0,0.11087642508870012
2909,-0.9000000000000661,0.1225483812708878,7.0,0.10977549511007831
2910,-0.8900000000000663,0.119004021941993,7.0,0.10930828840630405
2911,-0.8800000000000665,0.1154596626130986,7.0,0.1095027283056376
2912,-0.8700000000000667,0.1119153032842043,7.0,0.11027884087975275
2913,-0.8600000000000669,0.1083709439553094,7.0,0.11135803865581097
2914,-0.8500000000000671,0.1048265846264151,7.0,0.1121378344294376
2915,-0.8400000000000674,0.1012822252975203,7.0,0.11155607982137512
2916,-0.8300000000000676,0.0977378659686258,7.0,0.10802766236808806
2917,-0.8200000000000678,0.0941935066397311,7.0,0.09962919342809287
2918,-0.810000000000068,0.0906625443053594,7.0,0.08477020265875321
2919,-0.8000000000000682,0.0871617413599937,7.0,0.063441786021625
2920,-0.7900000000000684,0.0836609384146279,7.0,0.03857114409367632
2921,-0.7800000000000686,0.0801601354692618,7.0,0.016218759145794962
2922,-0.7700000000000689,0.0766593325238963,7.0,0.0033151067282385783
2923,-0.7600000000000691,0.0731585295785305,7.0,0.003466780419921336
2924,-0.7500000000000693,0.0696577266331644,7.0,0.014140437307255192
2925,-0.7400000000000695,0.0661569236877988,7.0,0.02833987534160579
2926,-0.7300000000000697,0.0626561207424327,7.0,0.03926310479622545
2927,-0.7200000000000699,0.0613266630003145,7.0,0.04346772448400996
2928,-0.7100000000000701,0.0605276405491225,7.0,0.04084240310215299
2929,-0.7000000000000703,0.0597286180979305,7.0,0.03303706718229836
2930,-0.6900000000000706,0.0589295956467384,7.0,0.022093792944088964
2931,-0.6800000000000708,0.0581305731955464,7.0,0.009762165027066734
2932,-0.670000000000071,0.0573315507443545,7.0,-0.002693786440121927
2933,-0.6600000000000712,0.0565325282931624,7.0,-0.014460708528057219
2934,-0.6500000000000714,0.0557335058419704,7.0,-0.025071084229152413
2935,-0.6400000000000716,0.0550841466651958,7.0,-0.03429718910587333
2936,-0.6300000000000718,0.0546120562212904,7.0,-0.042065999175881136
2937,-0.620000000000072,0.0542142100664727,7.0,-0.04839774277816722
2938,-0.6100000000000723,0.0541027033726024,7.0,-0.0533642642741876
2939,-0.6000000000000725,0.0539911966787321,7.0,-0.05706213261201992
2940,-0.5900000000000727,0.0538796899848619,7.0,-0.0595960367636558
2941,-0.5800000000000729,0.0537662948393879,7.0,-0.061069059514917166
2942,-0.5700000000000731,0.0536425810860171,7.0,-0.06157740271171359
2943,-0.5600000000000733,0.0535188673326464,7.0,-0.06120790962302988
2944,-0.5500000000000735,0.0533951535792759,7.0,-0.060037290377099393
2945,-0.5400000000000738,0.0532714398259051,7.0,-0.05813234395753577
2946,-0.530000000000074,0.0531138201987261,7.0,-0.05555073008025479
2947,-0.5200000000000742,0.0528579015596515,7.0,-0.05234201462455848
2948,-0.5100000000000744,0.0526019829205771,7.0,-0.048548822004980126
2949,-0.5000000000000746,0.0523460642815023,7.0,-0.04420799742448535
2950,-0.4900000000000748,0.0520901456424278,7.0,-0.03935172536577
2951,-0.480000000000075,0.0518342270033532,7.0,-0.03400857733043964
2952,-0.4700000000000752,0.0515783083642786,7.0,-0.028204477890903308
2953,-0.4600000000000754,0.051322389725204,7.0,-0.02196358757729515
2954,-0.4500000000000757,0.0510664710861294,7.0,-0.01530910654372168
2955,-0.4400000000000759,0.0508105524470549,7.0,-0.008264005957670104
2956,-0.4300000000000761,0.0505546338079802,7.0,-0.0008516956234549359
2957,-0.4200000000000763,0.0502987151689056,7.0,0.006903362933825746
2958,-0.4100000000000765,0.0500427965298311,7.0,0.014975088519469057
2959,-0.4000000000000767,0.0497868778907564,7.0,0.02333524827089153
2960,-0.3900000000000769,0.0495309592516819,7.0,0.03195295301419935
2961,-0.3800000000000771,0.0492750406126072,7.0,0.0407941723788974
2962,-0.3700000000000774,0.0493959647935645,7.0,0.04982126356595933
2963,-0.3600000000000776,0.0496061450555114,7.0,0.05899250975547051
2964,-0.3500000000000778,0.0498163253174583,7.0,0.06826166694701055
2965,-0.340000000000078,0.0500265055794054,7.0,0.07757752166829027
2966,-0.3300000000000782,0.0502366858413523,7.0,0.08688346657884907
2967,-0.3200000000000784,0.0504468661032992,7.0,0.09611710663453087
2968,-0.3100000000000786,0.0506570463652461,7.0,0.10520991523380499
2969,-0.3000000000000788,0.0508672266271931,7.0,0.11408696765501523
2970,-0.2900000000000791,0.0510774068891401,7.0,0.12266678804349046
2971,-0.2800000000000793,0.0510830739101775,7.0,0.13086135601266277
2972,-0.2700000000000795,0.0510027892346778,7.0,0.1385763291799647
2973,-0.2600000000000797,0.0509225045591778,7.0,0.14571154799357844
2974,-0.2500000000000799,0.0508422198836778,7.0,0.1521618980106179
2975,-0.2400000000000801,0.0507619352081778,7.0,0.15781861097139768
2976,-0.2300000000000803,0.0506816505326779,7.0,0.16257108782290833
2977,-0.2200000000000805,0.050601365857178,7.0,0.16630932226952128
2978,-0.2100000000000808,0.0504728500487356,7.0,0.168926990459748
2979,-0.200000000000081,0.0503243535783523,7.0,0.17032524944358746
2980,-0.1900000000000812,0.0501758571079691,7.0,0.17041725336112953
2981,-0.1800000000000814,0.0500273606375857,7.0,0.16913335267617746
2982,-0.1700000000000816,0.0498788641672025,7.0,0.1664268905541003
2983,-0.1600000000000818,0.0500717199861485,7.0,0.16228045547324071
2984,-0.150000000000082,0.0504698660663967,7.0,0.15671239429398284
2985,-0.1400000000000822,0.0508680121466451,7.0,0.14978333717916645
2986,-0.1300000000000825,0.0512661582268934,7.0,0.14160243187210658
2987,-0.1200000000000827,0.0516643043071417,7.0,0.13233291914736572
2988,-0.1100000000000829,0.0520624503873901,7.0,0.12219658467089556
2989,-0.1000000000000831,0.0524605964676385,7.0,0.1114764712192524
2990,-0.0900000000000833,0.0528587425478867,7.0,0.10051701076555883
2991,-0.0800000000000835,0.053256888628135,7.0,0.08972044295192597
2992,-0.0700000000000837,0.0536550347083833,7.0,0.07953807608528816
2993,-0.0600000000000839,0.0540531807886316,7.0,0.0704547393059727
2994,-0.0500000000000842,0.0544513268688799,7.0,0.0629648676305054
2995,-0.0400000000000844,0.0548494729491281,7.0,0.057539304083561546
2996,-0.0300000000000846,0.0552476190293764,7.0,0.05458331501456623
2997,-0.0200000000000848,0.0556216673341098,7.0,0.05438854835315777
2998,-0.010000000000085,0.0559364932478945,7.0,0.057084443107426615
2999,-8.526512829121202e-14,0.0562513191616788,7.0,0.06259721795585783
3000,0.0099999999999145,0.0565661450754633,7.0,0.07062597986982234
3001,0.0199999999999143,0.0568809709892478,7.0,0.0806446454475669
3002,0.029999999999914,0.0571957969030322,7.0,0.09193471543079594
3003,0.0399999999999138,0.0575106228168166,7.0,0.10364791887168774
3004,0.0499999999999136,0.0578254487306011,7.0,0.11489085215969935
3005,0.0599999999999134,0.0581402746443856,7.0,0.12481812005508808
3006,0.0699999999999132,0.0584551005581701,7.0,0.13271807596031446
3007,0.079999999999913,0.0587699264719545,7.0,0.13807694040857274
3008,0.0899999999999128,0.0590847523857391,7.0,0.14061228149688657
3009,0.0999999999999126,0.0593995782995234,7.0,0.14027381237924316
3010,0.1099999999999123,0.059714404213308,7.0,0.13721603087073025
3011,0.1199999999999121,0.0600292301270924,7.0,0.13175167700212018
3012,0.1299999999999119,0.0607550100317109,7.0,0.12429657872121525
3013,0.1399999999999117,0.0618780652150731,7.0,0.11531546544800239
3014,0.1499999999999115,0.0630011203984356,7.0,0.10527567828206381
3015,0.1599999999999113,0.0641241755817978,7.0,0.09461249038430819
3016,0.1699999999999111,0.0653325552857889,7.0,0.0837068584555231
3017,0.1799999999999109,0.0666647752404856,7.0,0.07287435601296761
3018,0.1899999999999106,0.067996995195182,7.0,0.06236291205763751
3019,0.1999999999999104,0.069329215149879,7.0,0.052356654055424924
3020,0.2099999999999102,0.0706614351045752,7.0,0.042983373275539465
3021,0.21999999999991,0.0719936550592719,7.0,0.034323630381748266
3022,0.2299999999999098,0.0733258750139686,7.0,0.02642009554462215
3023,0.2399999999999096,0.077342180586675,7.0,0.01928624331442584
3024,0.2499999999999094,0.0821770266282658,7.0,0.012913938909131
3025,0.2599999999999092,0.0861554359847433,7.0,0.0072797472650488835
3026,0.269999999999909,0.0873484248801501,7.0,0.0023499831644676517
3027,0.2799999999999087,0.0886461687363496,7.0,-0.0019153755588172507
3028,0.2899999999999085,0.0836236715265589,7.0,-0.00555974407444403
3029,0.2999999999999083,0.0766764940437859,7.0,-0.008627779217206638
3030,0.3099999999999081,0.0697293165610122,7.0,-0.011163855791681604
3031,0.3199999999999079,0.0627821390782386,7.0,-0.01321102703480422
3032,0.3299999999999077,0.0558349615954657,7.0,-0.014810350220987473
3033,0.3399999999999075,0.0488877841126924,7.0,-0.016000482014484233
3034,0.3499999999999073,0.0433867930749746,7.0,-0.016817469070913253
3035,0.359999999999907,0.0432224421640619,7.0,-0.01729467689830452
3036,0.3699999999999068,0.043075796516878,7.0,-0.01746281411976615
3037,0.3799999999999066,0.0429291508696945,7.0,-0.01735002038152135
3038,0.3899999999999064,0.0426525138474312,7.0,-0.016981994695265467
3039,0.3999999999999062,0.0422505085067161,7.0,-0.016382147478222527
3040,0.409999999999906,0.0418485031660017,7.0,-0.015571764398497223
3041,0.4199999999999058,0.0413394223879276,7.0,-0.014570173720672576
3042,0.4299999999999055,0.0407540518289348,7.0,-0.013394911479806253
3043,0.4399999999999053,0.0401686812699414,7.0,-0.012061880729255112
3044,0.4499999999999051,0.0395833107109483,7.0,-0.010585502492523833
3045,0.4599999999999049,0.0389979401519556,7.0,-0.008978857040699657
3046,0.4699999999999047,0.0387768165536101,7.0,-0.007253814819186828
3047,0.4799999999999045,0.0393664034727937,7.0,-0.005421156837933777
3048,0.4899999999999043,0.0399559903919772,7.0,-0.003490684675370914
3049,0.4999999999999041,0.0405455773111607,7.0,-0.0014713204700912707
3050,0.5099999999999039,0.0411351642303443,7.0,0.0006288025831364372
3051,0.5199999999999037,0.0417247511495279,7.0,0.0028022586323108046
3052,0.5299999999999034,0.0423143380687114,7.0,0.005042255819063917
3053,0.5399999999999032,0.042903924987895,7.0,0.0073425705255442805
3054,0.549999999999903,0.0434935119070786,7.0,0.00969748856902554
3055,0.5599999999999028,0.0442166137413693,7.0,0.012101752717468738
3056,0.5699999999999026,0.045102199944313,7.0,0.014550515929766814
3057,0.5799999999999024,0.0459877861472566,7.0,0.017039299760467544
3058,0.5899999999999022,0.0468733723502004,7.0,0.01956395740772216
3059,0.599999999999902,0.047758958553144,7.0,0.022120640923301765
3060,0.6099999999999017,0.0486445447560878,7.0,0.024705772143409604
3061,0.6199999999999015,0.0497519945267926,7.0,0.02731601693779354
3062,0.6299999999999013,0.0503251567945773,7.0,0.029948262411731742
3063,0.6399999999999011,0.0497836351468807,7.0,0.03259959673047413
3064,0.6499999999999009,0.0488893254199329,7.0,0.03526729126837416
3065,0.6599999999999007,0.0479950156929853,7.0,0.037948784815247404
3066,0.6699999999999005,0.0471007059660375,7.0,0.040641669600322755
3067,0.6799999999999002,0.0462063962390897,7.0,0.04334367891964955
3068,0.6899999999999,0.0453120865121422,7.0,0.04605267617601634
3069,0.6999999999998998,0.0444177767851944,7.0,0.048766645161474165
3070,0.7099999999998996,0.0435234670582468,7.0,0.051483681431558244
3071,0.7199999999998994,0.0426291573312991,7.0,0.05420198463741498
3072,0.7299999999998992,0.0417348476043513,7.0,0.05691985169743518
3073,0.739999999999899,0.0408405378774037,7.0,0.05963567070373502
3074,0.7499999999998987,0.0399462281504558,7.0,0.06234791547118422
3075,0.7599999999998985,0.0390519184235082,7.0,0.06505514064763407
3076,0.7699999999998983,0.0381576086965605,7.0,0.06775597731383237
3077,0.7799999999998981,0.0372632989696129,7.0,0.07044912901017729
3078,0.7899999999998979,0.0363689892426649,7.0,0.07313336813524014
3079,0.7999999999998977,0.0354746795157175,7.0,0.07580753266781544
3080,0.8099999999998975,0.0345803697887696,7.0,0.07847052317035426
3081,0.8199999999998973,0.033686060061822,7.0,0.0811213000369964
3082,0.829999999999897,0.0327917503348742,7.0,0.0837588809541735
3083,0.8399999999998968,0.0321563976730385,7.0,0.08638233854594433
3084,0.8499999999998966,0.0316854131217793,7.0,0.08899079817991451
3085,0.8599999999998964,0.0312144285705201,7.0,0.09158343591283104
3086,0.8699999999998962,0.0307434440192609,7.0,0.09415947655782052
3087,0.879999999999896,0.0302724594680018,7.0,0.0967181918577121
3088,0.8899999999998958,0.0298014749167426,7.0,0.09925889875112102
3089,0.8999999999998956,0.0293304903654835,7.0,0.1017809577198379
3090,0.9099999999998952,0.0288595058142242,7.0,0.10428377120779544
3091,0.9199999999998952,0.0283885212629651,7.0,0.10676678210331085
3092,0.9299999999998948,0.0279175367117059,7.0,0.10922947227757435
3093,0.9399999999998948,0.0274465521604468,7.0,0.11167136117347354
3094,0.9499999999998944,0.0269755676091875,7.0,0.11409200443976932
3095,0.9599999999998944,0.0265045830579284,7.0,0.11649099260647992
3096,0.969999999999894,0.026033598506669,7.0,0.11886794979802111
3097,0.9799999999998938,0.0255626139554099,7.0,0.1212225324812642
3098,0.9899999999998936,0.0250916294041508,7.0,0.1235544282461755
3099,0.9999999999998934,0.0247144339942313,7.0,0.1258633546171486
3100,1.0099999999998932,0.0245569859426791,7.0,0.12814905789349978
3101,1.019999999999893,0.0243995378911268,7.0,0.13041131201791298
3102,1.0299999999998928,0.0242420898395746,7.0,0.13264991747186766
3103,1.0399999999998926,0.0229646594654626,7.0,0.13486470019729344
3104,1.0499999999998924,0.0215293682488722,7.0,0.13705551054388676
3105,1.059999999999892,0.0200940770322816,7.0,0.13922222224162623
3106,1.069999999999892,0.0186587858156908,7.0,0.14136473139817204
3107,1.0799999999998915,0.0172234945991002,7.0,0.1434829555208885
3108,1.0899999999998915,0.0157882033825094,7.0,0.1455768325633037
3109,1.0999999999998913,0.0143529121659192,7.0,0.14764631999587283
3110,1.109999999999891,0.0129176209493283,7.0,0.14969139390092565
3111,1.1199999999998909,0.011482329732738,7.0,0.15171204809170452
3112,1.1299999999998906,0.0100470385161472,7.0,0.15370829325540925
3113,1.1399999999998904,0.0086117472995567,7.0,0.15568015612016162
3114,1.1499999999998902,0.0071764560829662,7.0,0.1576276786457828
3115,1.15999999999989,0.0057411648663754,7.0,0.15955091723828616
3116,1.1699999999998898,0.0043058736497852,7.0,0.1614499419879505
3117,1.1799999999998896,0.0028705824331946,7.0,0.16332483593082167
3118,1.1899999999998894,0.0014352912166036,7.0,0.16517569433348556
3119,1.1999999999998892,1.3448942436087632e-14,7.0,0.16700262400089635
3120,1.209999999999889,-0.0006969535003461,7.0,0.16880574260705866
3121,1.2199999999998887,-0.0006080186460344,7.0,0.17058517804830617
3122,1.2299999999998883,0.0007338516332482,7.0,0.17234106781890762
3123,1.2399999999998883,0.0020757219125313,7.0,0.17407355840871885
3124,1.249999999999888,0.003417592191814,7.0,0.17578280472254323
3125,1.259999999999888,0.0047594624710968,7.0,0.177468969520877
3126,1.2699999999998877,0.0061013327503797,7.0,0.1791322228816742
3127,1.2799999999998877,0.0074432030296622,7.0,0.1807727416827578
3128,1.2899999999998872,0.0087850733089449,7.0,0.18239070910447183
3129,1.299999999999887,0.0101269435882279,7.0,0.18398631415217248
3130,1.3099999999998868,0.011468813867511,7.0,0.18555975119813373
3131,1.3199999999998866,0.0128106841467936,7.0,0.1871112195424202
3132,1.3299999999998864,0.0140092144702452,7.0,0.1886409229922918
3133,1.3399999999998862,0.0149846857280045,7.0,0.19014906945967874
3134,1.349999999999886,0.0159601569857635,7.0,0.1916358705762614
3135,1.3599999999998855,0.0169356282435226,7.0,0.1931015413256912
3136,1.3699999999998855,0.0179110995012817,7.0,0.19454629969247747
3137,1.379999999999885,0.0188865707590408,7.0,0.19597036632706497
3138,1.389999999999885,0.0198620420168002,7.0,0.19737396422662454
3139,1.399999999999885,0.0208375132745594,7.0,0.19875731843108485
3140,1.409999999999885,0.0218129845323184,7.0,0.2001206557339203
3141,1.4199999999998845,0.0227884557900778,7.0,0.20146420440724042
3142,1.4299999999998845,0.023763927047837,7.0,0.2027881939406893
3143,1.439999999999884,0.0247393983055962,7.0,0.20409285479370437
3144,1.4499999999998838,0.0257148695633554,7.0,0.20537841816067476
3145,1.4599999999998836,0.0266903408211143,7.0,0.2066451157485347
3146,1.4699999999998834,0.0276658120788735,7.0,0.20789317956635883
3147,1.4799999999998832,0.0286412833366328,7.0,0.20912284172650758
3148,1.489999999999883,0.029616754594392,7.0,0.21033433425689643
3149,1.4999999999998828,0.0305922258521509,7.0,0.21152788892396626
3150,1.5099999999998823,0.0315676971099103,7.0,0.21270373706593554
3151,1.5199999999998823,0.0325431683676694,7.0,0.21386210943593234
3152,1.529999999999882,0.0335186396254286,7.0,0.21500323605460764
3153,1.539999999999882,0.0344941108831879,7.0,0.21612734607184345
3154,1.5499999999998817,0.0354695821409469,7.0,0.2172346676371787
3155,1.5599999999998817,0.0364450533987062,7.0,0.2183254277785904
3156,1.5699999999998813,0.0375753537404571,7.0,0.21939985228926406
3157,1.579999999999881,0.0391947038969895,7.0,0.22045816562201445
3158,1.5899999999998808,0.0408140540535217,7.0,0.2215005907910214
3159,1.5999999999998806,0.042433404210054,7.0,0.22252734928054466
3160,1.6099999999998804,0.0440527543665863,7.0,0.2235386609603173
3161,1.6199999999998802,0.0456721045231192,7.0,0.22453474400729598
3162,1.62999999999988,0.0472914546796515,7.0,0.22551581483348582
3163,1.6399999999998798,0.048910804836184,7.0,0.22648208801954545
3164,1.6499999999998796,0.0505301549927162,7.0,0.22743377625389902
3165,1.6599999999998791,0.0522124467590013,7.0,0.22837109027709349
3166,1.6699999999998791,0.0542279242057254,7.0,0.22929423883113922
3167,1.679999999999879,0.0562434016524488,7.0,0.23020342861358728
3168,1.6899999999998787,0.0582588790991724,7.0,0.2310988642361077
3169,1.6999999999998785,0.0602743565458956,7.0,0.23198074818734185
3170,1.7099999999998785,0.0630735918019197,7.0,0.23284928079980263
3171,1.719999999999878,0.0664903894152497,7.0,0.23370466022061587
3172,1.729999999999878,0.0699071870285798,7.0,0.2345470823858995
3173,1.7399999999998776,0.0785206700231265,7.0,0.23537674099858352
3174,1.7499999999998774,0.0879074527285121,7.0,0.23619382750948678
3175,1.7599999999998772,0.0972942354338972,7.0,0.23699853110146823
3176,1.769999999999877,0.1066810181392823,7.0,0.23779103867648205
3177,1.7799999999998768,0.1160678008446671,7.0,0.2385715348453753
3178,1.7899999999998766,0.125454583550053,7.0,0.2393402019202651
3179,1.7999999999998764,0.133939245601016,7.0,0.24009721990935037
3180,1.809999999999876,0.1423164316896496,7.0,0.24084276651401096
3181,1.819999999999876,0.150693617778283,7.0,0.2415770171280559
3182,1.829999999999876,0.1590708038669163,7.0,0.24230014483899492
3183,1.8399999999998755,0.16744798995555,7.0,0.24301232043119936
3184,1.8499999999998755,0.1758251760441835,7.0,0.24371371239084194
3185,1.859999999999875,0.1842023621328178,7.0,0.24440448691249375
3186,1.8699999999998749,0.1925795482214514,7.0,0.24508480790727571
3187,1.8799999999998749,0.2006014363316813,7.0,0.245754837012453
3188,1.8899999999998744,0.2082590360949554,7.0,0.24641473360238703
3189,1.8999999999998745,0.2159166358582297,7.0,0.24706465480073725
3190,1.909999999999874,0.2235742356215045,7.0,0.2477047554938272
3191,1.9199999999998736,0.2312318353847791,7.0,0.2483351883451002
3192,1.9299999999998736,0.2388894351480546,7.0,0.24895610381056785
3193,1.9399999999998732,0.2465470349113283,7.0,0.24956765015518503
3194,1.9499999999998727,0.2542046346746037,7.0,0.25016997347008013
3195,1.959999999999873,0.2618622344378778,7.0,0.25076321769055837
3196,1.9699999999998727,0.2695198342011535,7.0,0.2513475246148317
3197,1.9799999999998723,0.2771774339644277,7.0,0.25192303392339704
3198,1.9899999999998723,0.2848350337277025,7.0,0.25248988319901045
3199,1.999999999999872,0.2924926334909775,7.0,0.253048207947206
3200,-1.9900000000000428,0.5936534877179976,8.0,0.6446377325510787
3201,-1.980000000000043,0.5913654045578142,8.0,0.6398351413030512
3202,-1.9700000000000435,0.5890773213976304,8.0,0.6350061675256883
3203,-1.9600000000000437,0.5867892382374461,8.0,0.630154151111817
3204,-1.950000000000044,0.5843594953063669,8.0,0.6252825761466965
3205,-1.940000000000044,0.581351196044097,8.0,0.6203950659142917
3206,-1.930000000000044,0.5783428967818274,8.0,0.6154953769889846
3207,-1.9200000000000443,0.5753345975195582,8.0,0.6105873923934574
3208,-1.9100000000000448,0.5723262982572881,8.0,0.6056751138094847
3209,-1.9000000000000448,0.5693179989950181,8.0,0.6007626528348232
3210,-1.890000000000045,0.5663096997327491,8.0,0.5958542212863445
3211,-1.8800000000000447,0.563301400470479,8.0,0.5909541205568112
3212,-1.8700000000000452,0.5602931012082101,8.0,0.586066730040317
3213,-1.8600000000000456,0.5572848019459395,8.0,0.5811964946491737
3214,-1.8500000000000456,0.5542765026836701,8.0,0.5763479114529397
3215,-1.840000000000046,0.5512682034214009,8.0,0.5715255154782021
3216,-1.8300000000000465,0.5482599041591311,8.0,0.5667338647155075
3217,-1.8200000000000465,0.5452516048968621,8.0,0.56197752438745
3218,-1.810000000000047,0.5422433056345918,8.0,0.5572610505391462
3219,-1.800000000000047,0.5392350063723226,8.0,0.5525889730191528
3220,-1.790000000000047,0.5362267071100529,8.0,0.5479657779251041
3221,-1.780000000000047,0.5332184078477828,8.0,0.5433958895938988
3222,-1.7700000000000475,0.5302101085855134,8.0,0.5388836522210719
3223,-1.7600000000000475,0.527201809323244,8.0,0.5344333111978639
3224,-1.750000000000048,0.5241935100609744,8.0,0.5300489942574919
3225,-1.7400000000000482,0.5211852107987054,8.0,0.5257346925240389
3226,-1.7300000000000484,0.5181769115364357,8.0,0.5214942415582543
3227,-1.7200000000000486,0.5151686122741654,8.0,0.5173313024943116
3228,-1.7100000000000488,0.5121603130118958,8.0,0.5132493433601887
3229,-1.700000000000049,0.5091520137496264,8.0,0.5092516206718255
3230,-1.6900000000000492,0.506143714487357,8.0,0.5053411613875859
3231,-1.6800000000000497,0.5031354152250869,8.0,0.5015207453048255
3232,-1.6700000000000497,0.5001271159628173,8.0,0.4977928879746288
3233,-1.66000000000005,0.4971188167005478,8.0,0.4941598242040421
3234,-1.65000000000005,0.4941105174382783,8.0,0.4906234922074861
3235,-1.6400000000000503,0.4911022181760084,8.0,0.4871855184606449
3236,-1.6300000000000503,0.4880939189137389,8.0,0.48384720330094294
3237,-1.6200000000000507,0.4850856196514695,8.0,0.48060950730902935
3238,-1.610000000000051,0.4820773203891997,8.0,0.47747303849543676
3239,-1.6000000000000512,0.4790690211269301,8.0,0.47443804030605813
3240,-1.5900000000000514,0.4760607218646605,8.0,0.47150438044922216
3241,-1.5800000000000516,0.4730524226023909,8.0,0.46867154053627263
3242,-1.5700000000000518,0.4700441233401214,8.0,0.46593860651662955
3243,-1.560000000000052,0.4670358240778519,8.0,0.4633042598775616
3244,-1.5500000000000522,0.4640275248155814,8.0,0.4607667695683981
3245,-1.5400000000000524,0.4610192255533125,8.0,0.4583239845988347
3246,-1.5300000000000529,0.4580109262910426,8.0,0.45597332725138295
3247,-1.5200000000000529,0.4550026270287733,8.0,0.453711786839127
3248,-1.510000000000053,0.4519943277665034,8.0,0.4515359139317969
3249,-1.5000000000000533,0.4489860285042337,8.0,0.4494418149659842
3250,-1.4900000000000535,0.4459777292419644,8.0,0.4474251471492103
3251,-1.4800000000000535,0.4429694299796948,8.0,0.4454811135627076
3252,-1.470000000000054,0.4399611307174247,8.0,0.4436044583644001
3253,-1.460000000000054,0.436952831455155,8.0,0.44178946199184693
3254,-1.4500000000000544,0.4339445321928858,8.0,0.4400299362652056
3255,-1.4400000000000546,0.4309362329306156,8.0,0.43831921929278206
3256,-1.4300000000000548,0.4260518559537173,8.0,0.4366501700869857
3257,-1.420000000000055,0.4210639338192422,8.0,0.4350151628068335
3258,-1.4100000000000552,0.4157493139074261,8.0,0.43340608055524016
3259,-1.4000000000000554,0.4104346939956099,8.0,0.4318143086758094
3260,-1.3900000000000556,0.4051200740837947,8.0,0.4302307275155887
3261,-1.3800000000000558,0.3998054541719782,8.0,0.42864570464827706
3262,-1.370000000000056,0.3944908342601623,8.0,0.42704908658799257
3263,-1.3600000000000565,0.3891762143483465,8.0,0.4254301900683544
3264,-1.3500000000000565,0.3838615944365307,8.0,0.42377779301730967
3265,-1.3400000000000567,0.3785469745247145,8.0,0.42208012542693185
3266,-1.330000000000057,0.3732323546128988,8.0,0.4203248604022423
3267,-1.3200000000000571,0.3679177347010826,8.0,0.41849910577714544
3268,-1.3100000000000571,0.3626031147892665,8.0,0.41658939681287666
3269,-1.3000000000000576,0.3578439928952738,8.0,0.4145816906497805
3270,-1.2900000000000578,0.3541058103310482,8.0,0.41246136337251593
3271,-1.280000000000058,0.350367627766822,8.0,0.41021321077895034
3272,-1.2700000000000582,0.3466294452025957,8.0,0.4078214542223931
3273,-1.2600000000000584,0.3428912626383698,8.0,0.4052697532354442
3274,-1.2500000000000586,0.339153080074144,8.0,0.40254122705353046
3275,-1.2400000000000588,0.3354148975099177,8.0,0.399618487651443
3276,-1.230000000000059,0.3316767149456919,8.0,0.39648368750379603
3277,-1.2200000000000593,0.3279385323814662,8.0,0.39311858600038163
3278,-1.2100000000000597,0.32420034981724,8.0,0.3895046393138843
3279,-1.2000000000000597,0.3204621672530139,8.0,0.38562311955834605
3280,-1.19000000000006,0.3167239846887876,8.0,0.38145527032577503
3281,-1.18000000000006,0.3129858021245619,8.0,0.37698250718448395
3282,-1.1700000000000603,0.3092476195603365,8.0,0.3721866735126857
3283,-1.1600000000000603,0.3055094369961099,8.0,0.36705036417863396
3284,-1.1500000000000608,0.3017712544318841,8.0,0.3615573321273836
3285,-1.140000000000061,0.2980330718676584,8.0,0.3556929959656381
3286,-1.1300000000000612,0.2942948893034321,8.0,0.34944507022923693
3287,-1.1200000000000614,0.2905567067392063,8.0,0.3428043442525869
3288,-1.1100000000000616,0.28681852417498,8.0,0.3357656405026309
3289,-1.1000000000000618,0.2830803416107543,8.0,0.3283289889128901
3290,-1.090000000000062,0.2793421590465282,8.0,0.3205010600635375
3291,-1.0800000000000622,0.2756039764823023,8.0,0.31229690666073906
3292,-1.0700000000000625,0.271865793918076,8.0,0.3037420688201881
3293,-1.060000000000063,0.2681276113538501,8.0,0.29487510229240543
3294,-1.0500000000000629,0.2643894287896242,8.0,0.2857505861795883
3295,-1.040000000000063,0.2606512462253981,8.0,0.2764426504662581
3296,-1.0300000000000633,0.2569130636611724,8.0,0.267049019816082
3297,-1.0200000000000635,0.2531748810969464,8.0,0.25769547293668643
3298,-1.0100000000000635,0.2494366985327203,8.0,0.2485404209325629
3299,-1.000000000000064,0.2456985159684945,8.0,0.23977893604468187
3300,-0.9900000000000642,0.2419603334042685,8.0,0.23164488947409798
3301,-0.9800000000000644,0.2392760146432615,8.0,0.22440870104073882
3302,-0.9700000000000646,0.2366144217481648,8.0,0.21836634195020924
3303,-0.9600000000000648,0.2339528288530685,8.0,0.2138125162206381
3304,-0.950000000000065,0.2312912359579718,8.0,0.21098765231004557
3305,-0.9400000000000652,0.2286296430628755,8.0,0.20998598929747792
3306,-0.9300000000000654,0.2259680501677791,8.0,0.21061488804807002
3307,-0.9200000000000657,0.2233064572726822,8.0,0.21221202291719413
3308,-0.910000000000066,0.2206448643775854,8.0,0.21346851803141687
3309,-0.9000000000000661,0.2179832714824893,8.0,0.21237481288065457
3310,-0.8900000000000663,0.2153216785873927,8.0,0.20646973560609563
3311,-0.8800000000000665,0.2126600856922962,8.0,0.19354604465230313
3312,-0.8700000000000667,0.2099984927971999,8.0,0.1727605809499232
3313,-0.8600000000000669,0.2073368999021029,8.0,0.14576965222222607
3314,-0.8500000000000671,0.2046753070070066,8.0,0.11730683262850704
3315,-0.8400000000000674,0.2042327565912918,8.0,0.09471569045859102
3316,-0.8300000000000676,0.2043354316872592,8.0,0.0861936040343358
3317,-0.8200000000000678,0.2044381067832259,8.0,0.0977900685709268
3318,-0.810000000000068,0.2045407818791927,8.0,0.13001279737802143
3319,-0.8000000000000682,0.2046434569751594,8.0,0.17632190507776027
3320,-0.7900000000000684,0.2047461320711263,8.0,0.22565918899037463
3321,-0.7800000000000686,0.2048488071670935,8.0,0.26769293459352006
3322,-0.7700000000000689,0.2049514822630604,8.0,0.2966390269453879
3323,-0.7600000000000691,0.2050541573590274,8.0,0.3115570235969735
3324,-0.7500000000000693,0.2051568324549941,8.0,0.3145009507109551
3325,-0.7400000000000695,0.2052595075509613,8.0,0.3085796697803081
3326,-0.7300000000000697,0.2053621826469278,8.0,0.29678901966897614
3327,-0.7200000000000699,0.2054648577428948,8.0,0.2815461596922302
3328,-0.7100000000000701,0.2055675328388621,8.0,0.2646183825609239
3329,-0.7000000000000703,0.2056702079348284,8.0,0.24721355640431816
3330,-0.6900000000000706,0.2048988208586334,8.0,0.23011081286843096
3331,-0.6800000000000708,0.2031909485124871,8.0,0.21378158756472415
3332,-0.670000000000071,0.2007858506927696,8.0,0.1984861077572055
3333,-0.6600000000000712,0.1983807528730528,8.0,0.18434479991512787
3334,-0.6500000000000714,0.1959756550533354,8.0,0.17138884088023731
3335,-0.6400000000000716,0.193570557233618,8.0,0.1595948614293758
3336,-0.6300000000000718,0.1911654594139006,8.0,0.14890819250483278
3337,-0.620000000000072,0.1887603615941834,8.0,0.1392580853721509
3338,-0.6100000000000723,0.1863552637744658,8.0,0.13056743395719478
3339,-0.6000000000000725,0.1839501659547489,8.0,0.12275879760799649
3340,-0.5900000000000727,0.1820714386183507,8.0,0.11575797363672807
3341,-0.5800000000000729,0.1810132259208358,8.0,0.10949597301354046
3342,-0.5700000000000731,0.1799550132233214,8.0,0.10390997431072303
3343,-0.5600000000000733,0.1792614617294135,8.0,0.09894363891159762
3344,-0.5500000000000735,0.1789369801747082,8.0,0.09454703961712077
3345,-0.5400000000000738,0.1786124986200032,8.0,0.09067636649160705
3346,-0.530000000000074,0.1782880170652982,8.0,0.08729351472073596
3347,-0.5200000000000742,0.1779635355105928,8.0,0.08436562003394345
3348,-0.5100000000000744,0.1776390539558877,8.0,0.08186458139439111
3349,-0.5000000000000746,0.1773145724011826,8.0,0.07976659375993424
3350,-0.4900000000000748,0.1769900908464772,8.0,0.07805170276929331
3351,-0.480000000000075,0.1766656092917719,8.0,0.07670338618678073
3352,-0.4700000000000752,0.176201584137177,8.0,0.07570816248762396
3353,-0.4600000000000754,0.1751505863100974,8.0,0.07505522417286246
3354,-0.4500000000000757,0.174099588483018,8.0,0.07473609165727214
3355,-0.4400000000000759,0.1730485906559385,8.0,0.07474428246603954
3356,-0.4300000000000761,0.1719975928288591,8.0,0.07507498973080169
3357,-0.4200000000000763,0.1709465950017794,8.0,0.07572476340804402
3358,-0.4100000000000765,0.1698955971747001,8.0,0.07669118712933203
3359,-0.4000000000000767,0.1688445993476204,8.0,0.07797254305397298
3360,-0.3900000000000769,0.1677936015205405,8.0,0.07956745648508547
3361,-0.3800000000000771,0.1667426036934613,8.0,0.08147451131485997
3362,-0.3700000000000774,0.1656916058663819,8.0,0.08369182660060444
3363,-0.3600000000000776,0.1646406080393021,8.0,0.08621658379325745
3364,-0.3500000000000778,0.1635896102122228,8.0,0.08904449344304531
3365,-0.340000000000078,0.1625386123851429,8.0,0.09216918974873463
3366,-0.3300000000000782,0.1614876145580633,8.0,0.09558154132465557
3367,-0.3200000000000784,0.1604366167309843,8.0,0.09926886734716735
3368,-0.3100000000000786,0.159385618903904,8.0,0.10321405022490478
3369,-0.3000000000000788,0.1583346210768249,8.0,0.10739453964232036
3370,-0.2900000000000791,0.1572836232497454,8.0,0.11178124889605072
3371,-0.2800000000000793,0.1562326254226655,8.0,0.11633735362202804
3372,-0.2700000000000795,0.1551816275955865,8.0,0.12101701610384473
3373,-0.2600000000000797,0.1541306297685068,8.0,0.12576407614756208
3374,-0.2500000000000799,0.1530796319414272,8.0,0.13051077263530583
3375,-0.2400000000000801,0.1520286341143478,8.0,0.13517658857814194
3376,-0.2300000000000803,0.1509776362872683,8.0,0.13966734631276506
3377,-0.2200000000000805,0.1499266384601885,8.0,0.14387471678918448
3378,-0.2100000000000808,0.148875640633109,8.0,0.14767634429307142
3379,-0.200000000000081,0.146445732253182,8.0,0.15093681967434228
3380,-0.1900000000000812,0.1413467635785135,8.0,0.15350975254838517
3381,-0.1800000000000814,0.1362477949038455,8.0,0.15524118431234965
3382,-0.1700000000000816,0.1311488262291773,8.0,0.15597453521558033
3383,-0.1600000000000818,0.1260498575545086,8.0,0.1555571760812739
3384,-0.150000000000082,0.1209508888798403,8.0,0.1538485485170363
3385,-0.1400000000000822,0.115851920205172,8.0,0.1507295264625606
3386,-0.1300000000000825,0.1107529515305037,8.0,0.14611243346247235
3387,-0.1200000000000827,0.1056539828558351,8.0,0.13995084317859802
3388,-0.1100000000000829,0.1005550141811669,8.0,0.13224805697678052
3389,-0.1000000000000831,0.0954560455064988,8.0,0.12306304734693548
3390,-0.0900000000000833,0.0903570768318299,8.0,0.11251274925441276
3391,-0.0800000000000835,0.0852581081571614,8.0,0.10076991067390796
3392,-0.0700000000000837,0.0801168212913041,8.0,0.08805625849412786
3393,-0.0600000000000839,0.0745216574697072,8.0,0.07463140884940427
3394,-0.0500000000000842,0.0686502457517107,8.0,0.060778610363135206
3395,-0.0400000000000844,0.0624662365786935,8.0,0.04678889892543943
3396,-0.0300000000000846,0.0553625844918161,8.0,0.032945443814418406
3397,-0.0200000000000848,0.0482589324049392,8.0,0.01950973469907146
3398,-0.010000000000085,0.0411552803180621,8.0,0.006710844772891075
3399,-8.526512829121202e-14,0.0340516282311846,8.0,-0.005261576095422289
3400,0.0099999999999145,0.0269479761443074,8.0,-0.016260529147937783
3401,0.0199999999999143,0.0198443240574305,8.0,-0.02618156991667704
3402,0.029999999999914,0.0127406719705532,8.0,-0.034960167744460854
3403,0.0399999999999138,0.005637019883676,8.0,-0.04256743334254044
3404,0.0499999999999136,-9.889449314370995e-15,8.0,-0.049005088029977814
3405,0.0599999999999134,0.0013762060871996,8.0,-0.05430039348883022
3406,0.0699999999999132,0.002752412174409,8.0,-0.05850154626758799
3407,0.079999999999913,0.0041286182616187,8.0,-0.06167381502154889
3408,0.0899999999999128,0.0055048243488285,8.0,-0.06389649399307144
3409,0.0999999999999126,0.006881030436038,8.0,-0.06526058238364273
3410,0.1099999999999123,0.0082572365232474,8.0,-0.06586698395108853
3411,0.1199999999999121,0.0096719494806719,8.0,-0.06582495560022819
3412,0.1299999999999119,0.0111284728034448,8.0,-0.06525051587557115
3413,0.1399999999999117,0.0125430604610885,8.0,-0.06426455059491316
3414,0.1499999999999115,0.0139398954066784,8.0,-0.0629904186146164
3415,0.1599999999999113,0.0153367303522686,8.0,-0.061550958975791
3416,0.1699999999999111,0.0167335652978586,8.0,-0.060064921123116885
3417,0.1799999999999109,0.0185118541111034,8.0,-0.05864296799621471
3418,0.1899999999999106,0.0203658583527825,8.0,-0.05738351928672883
3419,0.1999999999999104,0.0210062193671082,8.0,-0.05636878909053388
3420,0.2099999999999102,0.0206312396796768,8.0,-0.05566141062586558
3421,0.21999999999991,0.0202562599922456,8.0,-0.05530201915895925
3422,0.2299999999999098,0.0199881224354745,8.0,-0.05530808166543314
3423,0.2399999999999096,0.0203671687294311,8.0,-0.05567412913364199
3424,0.2499999999999094,0.0207462150233879,8.0,-0.05637338673219934
3425,0.2599999999999092,0.0211252613173451,8.0,-0.05736063661364991
3426,0.269999999999909,0.0215043076113021,8.0,-0.05857601597722652
3427,0.2799999999999087,0.0218833539052591,8.0,-0.059949370377510226
3428,0.2899999999999085,0.022262400199216,8.0,-0.06140475891217006
3429,0.2999999999999083,0.0226414464931731,8.0,-0.06286474095774167
3430,0.3099999999999081,0.0226200952222584,8.0,-0.06425415021734164
3431,0.3199999999999079,0.0212193316771599,8.0,-0.06550316180848673
3432,0.3299999999999077,0.0198185681320616,8.0,-0.06654956213368911
3433,0.3399999999999075,0.0184178045869631,8.0,-0.06734022318192094
3434,0.3499999999999073,0.0170170410418646,8.0,-0.06783185260450836
3435,0.359999999999907,0.0156227062879386,8.0,-0.06799113471856802
3436,0.3699999999999068,0.0142329418061136,8.0,-0.06779439709048739
3437,0.3799999999999066,0.0128431773242889,8.0,-0.06722693742841696
3438,0.3899999999999064,0.0113338965853455,8.0,-0.06628213238409093
3439,0.3999999999999062,0.0091408297120257,8.0,-0.06496042953143534
3440,0.409999999999906,0.0073819621868119,8.0,-0.06326830110848965
3441,0.4199999999999058,0.0056230946615983,8.0,-0.06121721644000708
3442,0.4299999999999055,0.0038642271363848,8.0,-0.05882267122872105
3443,0.4399999999999053,0.0023119616308843,8.0,-0.05610329689963963
3444,0.4499999999999051,0.0024507345935574,8.0,-0.053080061910816774
3445,0.4599999999999049,0.0025895075562303,8.0,-0.04977556896563682
3446,0.4699999999999047,0.0025998227557855,8.0,-0.046213446745815866
3447,0.4799999999999045,0.0016649084999916,8.0,-0.04241783147994114
3448,0.4899999999999043,0.0018195640971795,8.0,-0.038412931792336936
3449,0.4999999999999041,0.0019742196943676,8.0,-0.034222669377203176
3450,0.5099999999999039,0.0021288752915557,8.0,-0.02987038776659048
3451,0.5199999999999037,0.0025912205642225,8.0,-0.025378621564555892
3452,0.5299999999999034,0.0039060951937423,8.0,-0.020768918842068804
3453,0.5399999999999032,0.005220969823262,8.0,-0.016061709826094884
3454,0.549999999999903,0.006535844452782,8.0,-0.011276215510914126
3455,0.5599999999999028,0.0078507190823016,8.0,-0.0064303903351671556
3456,0.5699999999999026,0.0091655937118211,8.0,-0.0015408935855839687
3457,0.5799999999999024,0.0104804683413411,8.0,0.0033769153028769612
3458,0.5899999999999022,0.0117953429708608,8.0,0.00830896188632873
3459,0.599999999999902,0.0131102176003807,8.0,0.013242426150597356
3460,0.6099999999999017,0.0144250922299002,8.0,0.018165699654676983
3461,0.6199999999999015,0.0157399668594201,8.0,0.023068333354293685
3462,0.6299999999999013,0.0169481736318164,8.0,0.027940978677444772
3463,0.6399999999999011,0.01730260687171,8.0,0.032775324049120966
3464,0.6499999999999009,0.0176570401116037,8.0,0.03756402871817302
3465,0.6599999999999007,0.0179095894229181,8.0,0.04230065542631886
3466,0.6699999999999005,0.0180999849320567,8.0,0.04697960317803657
3467,0.6799999999999002,0.0182903804411952,8.0,0.05159604112014547
3468,0.6899999999999,0.0184807759503346,8.0,0.05614584432039298
3469,0.6999999999998998,0.018671171459473,8.0,0.06062553204391298
3470,0.7099999999998996,0.0188615669686121,8.0,0.06503220896323078
3471,0.7199999999998994,0.0190519624777512,8.0,0.06936350959946626
3472,0.7299999999998992,0.0192423579868898,8.0,0.07361754617728615
3473,0.739999999999899,0.0194327534960286,8.0,0.07779285998162447
3474,0.7499999999998987,0.0196231490051674,8.0,0.08188837622789698
3475,0.7599999999998985,0.0198135445143064,8.0,0.08590336239707974
3476,0.7699999999998983,0.0200039400234449,8.0,0.08983738994044539
3477,0.7799999999998981,0.020190531426427,8.0,0.09369029922392413
3478,0.7899999999998979,0.020064145106493,8.0,0.09746216755710407
3479,0.7999999999998977,0.0199377587865593,8.0,0.10115328013519846
3480,0.8099999999998975,0.0198113724666249,8.0,0.10476410371229435
3481,0.8199999999998973,0.0196849861466911,8.0,0.10829526281966882
3482,0.829999999999897,0.0195585998267573,8.0,0.11174751834270763
3483,0.8399999999998968,0.0194322135068236,8.0,0.11512174827303144
3484,0.8499999999998966,0.0193058271868895,8.0,0.11841893045807073
3485,0.8599999999998964,0.0191794408669556,8.0,0.12164012717774164
3486,0.8699999999998962,0.0204617666755594,8.0,0.12478647138660973
3487,0.879999999999896,0.0219718391968087,8.0,0.12785915446944254
3488,0.8899999999998958,0.0234819117180584,8.0,0.13085941536803686
3489,0.8999999999998956,0.0249919842393076,8.0,0.13378853094733315
3490,0.9099999999998952,0.0265020567605573,8.0,0.13664780747887265
3491,0.9199999999998952,0.0280121292818067,8.0,0.1394385731295043
3492,0.9299999999998948,0.0295222018030564,8.0,0.14216217135266745
3493,0.9399999999998948,0.0310322743243059,8.0,0.14481995508860185
3494,0.9499999999998944,0.0325423468455556,8.0,0.14741328168831727
3495,0.9599999999998944,0.0324361039232501,8.0,0.1499435084841075
3496,0.969999999999894,0.0307127215371377,8.0,0.15241198893677482
3497,0.9799999999998938,0.0289893391510264,8.0,0.15482006929657355
3498,0.9899999999998936,0.0272659567649142,8.0,0.157169085721149
3499,0.9999999999998934,0.0255425743788021,8.0,0.1594603617995131
3500,1.0099999999998932,0.0237247902438949,8.0,0.1616952064363313
3501,1.019999999999893,0.0212241183168205,8.0,0.16387491205558116
3502,1.0299999999998928,0.0187234463897457,8.0,0.16600075308694612
3503,1.0399999999998926,0.0162227744626711,8.0,0.1680739847022301
3504,1.0499999999998924,0.0144849909092196,8.0,0.17009584177259449
3505,1.059999999999892,0.0133949886820398,8.0,0.1720675380205905
3506,1.069999999999892,0.0123049864548602,8.0,0.17399026534378928
3507,1.0799999999998915,0.0112149842276802,8.0,0.17586519328940564
3508,1.0899999999998915,0.010124982000501,8.0,0.1776934686615412
3509,1.0999999999998913,0.0090349797733207,8.0,0.17947621524475144
3510,1.109999999999891,0.0079449775461414,8.0,0.1812145336294525
3511,1.1199999999998909,0.0068549753189614,8.0,0.18290950112630985
3512,1.1299999999998906,0.0057649730917818,8.0,0.18456217175820003
3513,1.1399999999998904,0.0046749708646021,8.0,0.18617357631961678
3514,1.1499999999998902,0.003584968637422,8.0,0.18774472249457122
3515,1.15999999999989,0.0028036331378225,8.0,0.18927659502501545
3516,1.1699999999998898,0.0020478792165632,8.0,0.1907701559227579
3517,1.1799999999998896,0.0012921252953044,8.0,0.19222634471863378
3518,1.1899999999998894,0.0010780984493609,8.0,0.19364607874341358
3519,1.1999999999998892,0.0009531356462023,8.0,0.19503025343555744
3520,1.209999999999889,0.0008281728430432,8.0,0.19637974267150812
3521,1.2199999999998887,0.0007032100398843,8.0,0.19769539911470363
3522,1.2299999999998883,0.0012300038650069,8.0,0.19897805457993098
3523,1.2399999999998883,0.0021340636840769,8.0,0.20022852041006198
3524,1.249999999999888,0.0030381235031469,8.0,0.20144758786252437
3525,1.259999999999888,0.0039421833222173,8.0,0.20263602850322132
3526,1.2699999999998877,0.0048462431412875,8.0,0.2037945946058406
3527,1.2799999999998877,0.0057503029603575,8.0,0.20492401955477826
3528,1.2899999999998872,0.0066543627794279,8.0,0.20602501825010247
3529,1.299999999999887,0.0075584225984979,8.0,0.20709828751317672
3530,1.3099999999998868,0.0084624824175683,8.0,0.20814450649174002
3531,1.3199999999998866,0.0093665422366384,8.0,0.20916433706339657
3532,1.3299999999998864,0.0102706020557088,8.0,0.210158424236591
3533,1.3399999999998862,0.0111746618747789,8.0,0.21112739654828638
3534,1.349999999999886,0.0120787216938486,8.0,0.21207186645764678
3535,1.3599999999998855,0.012982781512919,8.0,0.21299243073514587
3536,1.3699999999998855,0.0138868413319893,8.0,0.213889670846588
3537,1.379999999999885,0.0148223214956992,8.0,0.21476415333161233
3538,1.389999999999885,0.0158791463343477,8.0,0.21561643017632767
3539,1.399999999999885,0.0169359711729963,8.0,0.21644703917975866
3540,1.409999999999885,0.0179927960116448,8.0,0.21725650431387267
3541,1.4199999999998845,0.0190496208502934,8.0,0.21804533607697224
3542,1.4299999999998845,0.0201064456889418,8.0,0.21881403184029868
3543,1.439999999999884,0.0211332968137803,8.0,0.21956307618772491
3544,1.4499999999998838,0.0219125895080333,8.0,0.22029294124844023
3545,1.4599999999998836,0.0226918822022861,8.0,0.2210040870225831
3546,1.4699999999998834,0.0246384168870009,8.0,0.22169696169976646
3547,1.4799999999998832,0.026634008920938,8.0,0.22237200197049709
3548,1.489999999999883,0.0286296009548747,8.0,0.2230296333305001
3549,1.4999999999998828,0.030625192988812,8.0,0.22367027037796142
3550,1.5099999999998823,0.0326207850227489,8.0,0.22429431710374423
3551,1.5199999999998823,0.0346163770566862,8.0,0.2249021671746179
3552,1.529999999999882,0.0366119690906229,8.0,0.2254942042095927
3553,1.539999999999882,0.0386075611245601,8.0,0.22607080204940616
3554,1.5499999999998817,0.0406031531584972,8.0,0.22663232501927344
3555,1.5599999999998817,0.0425987451924339,8.0,0.22717912818498154
3556,1.5699999999998813,0.0445943372263712,8.0,0.22771155760243242
3557,1.579999999999881,0.0465899292603085,8.0,0.22822995056074538
3558,1.5899999999998808,0.0485855212942452,8.0,0.22873463581901526
3559,1.5999999999998806,0.0505811133281823,8.0,0.2292259338368658
3560,1.6099999999998804,0.0525767053621194,8.0,0.2297041569988853
3561,1.6199999999998802,0.0545722973960562,8.0,0.23016960983309379
3562,1.62999999999988,0.0565678894299934,8.0,0.2306225892235468
3563,1.6399999999998798,0.0585634814639305,8.0,0.2310633846171982
3564,1.6499999999998796,0.0605590734978673,8.0,0.23149227822515672
3565,1.6599999999998791,0.0625546655318046,8.0,0.23190954521845952
3566,1.6699999999998791,0.0645502575657417,8.0,0.2323154539184744
3567,1.679999999999879,0.0665458495996786,8.0,0.23271026598207226
3568,1.6899999999998787,0.0685414416336161,8.0,0.23309423658168368
3569,1.6999999999998785,0.0705370336675526,8.0,0.23346761458036958
3570,1.7099999999998785,0.07253262570149,8.0,0.2338306427020201
3571,1.719999999999878,0.0745282177354268,8.0,0.23418355769681043
3572,1.729999999999878,0.0765238097693639,8.0,0.23452659050203284
3573,1.7399999999998776,0.0785194018033007,8.0,0.23485996639841586
3574,1.7499999999998774,0.080514993837238,8.0,0.2351839051620578
3575,1.7599999999998772,0.0825105858711752,8.0,0.23549862121208373
3576,1.769999999999877,0.0845061779051119,8.0,0.23580432375413485
3577,1.7799999999998768,0.0865017699390491,8.0,0.23610121691981148
3578,1.7899999999998766,0.0884973619729855,8.0,0.23638949990217245
3579,1.7999999999998764,0.0904929540069229,8.0,0.2366693670873978
3580,1.809999999999876,0.0924885460408602,8.0,0.2369410081827198
3581,1.819999999999876,0.0944841380747974,8.0,0.23720460834072854
3582,1.829999999999876,0.0964797301087345,8.0,0.23746034828014834
3583,1.8399999999998755,0.0984753221426708,8.0,0.23770840440318755
3584,1.8499999999998755,0.1004709141766082,8.0,0.2379489489095522
3585,1.859999999999875,0.102466506210545,8.0,0.23818214990722406
3586,1.8699999999998749,0.1044620982444824,8.0,0.23840817152009172
3587,1.8799999999998749,0.1064576902784193,8.0,0.23862717399252054
3588,1.8899999999998744,0.1084532823123561,8.0,0.2388393137909587
3589,1.8999999999998745,0.1104488743462933,8.0,0.23904474370265474
3590,1.909999999999874,0.1124444663802304,8.0,0.23924361293157265
3591,1.9199999999998736,0.1144400584141676,8.0,0.23943606719159222
3592,1.9299999999998736,0.1164356504481045,8.0,0.2396222487970598
3593,1.9399999999998732,0.1184312424820414,8.0,0.2398022967507821
3594,1.9499999999998727,0.1204268345159784,8.0,0.2399763468295248
3595,1.959999999999873,0.1224224265499161,8.0,0.24014453166709412
3596,1.9699999999998727,0.1244180185838528,8.0,0.24030698083507776
3597,1.9799999999998723,0.1264136106177901,8.0,0.2404638209212993
3598,1.9899999999998723,0.1284092026517271,8.0,0.24061517560607162
3599,1.999999999999872,0.1304047946856638,8.0,0.2407611657362941
3600,-1.9900000000000428,0.3719332794542073,9.0,0.529811660344611
3601,-1.980000000000043,0.3697761763419945,9.0,0.5138370049832903
3602,-1.9700000000000435,0.3676190732297822,9.0,0.49834052790969474
3603,-1.9600000000000437,0.3654619701175686,9.0,0.4833447452633551
3604,-1.950000000000044,0.3633048670053565,9.0,0.4688695734372949
3605,-1.940000000000044,0.3611477638931435,9.0,0.45493225925286784
3606,-1.930000000000044,0.3589906607809309,9.0,0.44154734039791116
3607,-1.9200000000000443,0.3568335576687184,9.0,0.42872663496777796
3608,-1.9100000000000448,0.3546764545565061,9.0,0.4164792584417698
3609,-1.9000000000000448,0.3525193514442932,9.0,0.4048116660104785
3610,-1.890000000000045,0.3503622483320801,9.0,0.39372771784752797
3611,-1.8800000000000447,0.3482051452198677,9.0,0.38322876469247513
3612,-1.8700000000000452,0.346048042107655,9.0,0.3733137509764902
3613,-1.8600000000000456,0.3438909389954422,9.0,0.36397933267189864
3614,-1.8500000000000456,0.3417338358832295,9.0,0.3552200070711203
3615,-1.840000000000046,0.3395767327710171,9.0,0.3470282517890827
3616,-1.8300000000000465,0.3374196296588043,9.0,0.3393946704236381
3617,-1.8200000000000465,0.3352625265465915,9.0,0.3323081424890896
3618,-1.810000000000047,0.333105423434379,9.0,0.3257559754468069
3619,-1.800000000000047,0.3309483203221659,9.0,0.31972405688362865
3620,-1.790000000000047,0.3287912172099536,9.0,0.31419700512375215
3621,-1.780000000000047,0.326634114097741,9.0,0.30915831679514805
3622,-1.7700000000000475,0.3244770109855282,9.0,0.30459051010068716
3623,-1.7600000000000475,0.3223199078733156,9.0,0.3004752627620823
3624,-1.750000000000048,0.3201628047611025,9.0,0.2967935438077574
3625,-1.7400000000000482,0.3180057016488899,9.0,0.2935257385615177
3626,-1.7300000000000484,0.3158485985366773,9.0,0.2906517663559563
3627,-1.7200000000000486,0.3140470428469445,9.0,0.2881511906426327
3628,-1.7100000000000488,0.3127056021346531,9.0,0.2860033213003145
3629,-1.700000000000049,0.3113641614223632,9.0,0.28418730905391293
3630,-1.6900000000000492,0.3100227207100717,9.0,0.28268223201139253
3631,-1.6800000000000497,0.3086812799977801,9.0,0.28146717440524155
3632,-1.6700000000000497,0.3073398392854898,9.0,0.2805212976908204
3633,-1.66000000000005,0.3059983985731989,9.0,0.2798239042075598
3634,-1.65000000000005,0.3046569578609076,9.0,0.27935449365228016
3635,-1.6400000000000503,0.3033155171486166,9.0,0.2790928126483859
3636,-1.6300000000000503,0.3019740764363258,9.0,0.2790188977217644
3637,-1.6200000000000507,0.3006326357240346,9.0,0.27911311201531125
3638,-1.610000000000051,0.2992911950117436,9.0,0.2793561760902246
3639,-1.6000000000000512,0.2979497542994526,9.0,0.2797291931747401
3640,-1.5900000000000514,0.2966083135871617,9.0,0.2802136692307096
3641,-1.5800000000000516,0.2952668728748705,9.0,0.2807915282163013
3642,-1.5700000000000518,0.2939254321625797,9.0,0.28144512292989093
3643,-1.560000000000052,0.2925839914502886,9.0,0.28215724182661095
3644,-1.5500000000000522,0.2912425507379979,9.0,0.2829111122058531
3645,-1.5400000000000524,0.2899011100257072,9.0,0.2836904001757573
3646,-1.5300000000000529,0.2885596693134158,9.0,0.2844792078102721
3647,-1.5200000000000529,0.2872182286011248,9.0,0.2852620679262165
3648,-1.510000000000053,0.2858767878888342,9.0,0.28602393692283423
3649,-1.5000000000000533,0.2845353471765426,9.0,0.28675018614525966
3650,-1.4900000000000535,0.2831939064642523,9.0,0.2874265922570995
3651,-1.4800000000000535,0.281852465751961,9.0,0.2880393271369
3652,-1.470000000000054,0.2805110250396703,9.0,0.2885749478497052
3653,-1.460000000000054,0.2791695843273791,9.0,0.2890203872895354
3654,-1.4500000000000544,0.2778281436150882,9.0,0.28936294614276886
3655,-1.4400000000000546,0.2764867029027972,9.0,0.2895902868877524
3656,-1.4300000000000548,0.2751452621905061,9.0,0.2896904306243423
3657,-1.420000000000055,0.2738038214782155,9.0,0.2896517576206124
3658,-1.4100000000000552,0.2724623807659242,9.0,0.2894630125750276
3659,-1.4000000000000554,0.2711209400536333,9.0,0.2891133157238379
3660,-1.3900000000000556,0.2697794993413421,9.0,0.28859218107841933
3661,-1.3800000000000558,0.2684380586290513,9.0,0.2878895432594708
3662,-1.370000000000056,0.2670966179167604,9.0,0.28699579460862956
3663,-1.3600000000000565,0.2657551772044696,9.0,0.28590183450805523
3664,-1.3500000000000565,0.2644137364921783,9.0,0.2845991331305736
3665,-1.3400000000000567,0.2630722957798874,9.0,0.2830798121836155
3666,-1.330000000000057,0.2617308550675967,9.0,0.28133674560722743
3667,-1.3200000000000571,0.2603894143553053,9.0,0.2793636836487775
3668,-1.3100000000000571,0.2590479736430143,9.0,0.2771554042752098
3669,-1.3000000000000576,0.2577065329307235,9.0,0.2747078965099955
3670,-1.2900000000000578,0.2563650922184325,9.0,0.2720185810103551
3671,-1.280000000000058,0.2550236515061418,9.0,0.26908657404641434
3672,-1.2700000000000582,0.2536822107938505,9.0,0.2659130020245145
3673,-1.2600000000000584,0.2520066684306661,9.0,0.262501374827328
3674,-1.2500000000000586,0.2500163280262755,9.0,0.25885802753462617
3675,-1.2400000000000588,0.2480259876218846,9.0,0.25499264153800333
3676,-1.230000000000059,0.2460356472174938,9.0,0.2509188576394106
3677,-1.2200000000000593,0.2440453068131032,9.0,0.2466549953383939
3678,-1.2100000000000597,0.2420549664087122,9.0,0.24222489396779862
3679,-1.2000000000000597,0.2400646260043215,9.0,0.23765889223148082
3680,-1.19000000000006,0.2380742855999305,9.0,0.23299496226463676
3681,-1.18000000000006,0.2360839451955398,9.0,0.2282800111695089
3682,-1.1700000000000603,0.2340936047911493,9.0,0.22357135455449334
3683,-1.1600000000000603,0.2321032643867583,9.0,0.2189383485044361
3684,-1.1500000000000608,0.2301129239823674,9.0,0.2144641310504837
3685,-1.140000000000061,0.2281225835779768,9.0,0.21024735884762175
3686,-1.1300000000000612,0.226132243173586,9.0,0.20640370853884055
3687,-1.1200000000000614,0.2241419027691952,9.0,0.2030667121359805
3688,-1.1100000000000616,0.2221515623648045,9.0,0.20038716183396488
3689,-1.1000000000000618,0.2201612219604134,9.0,0.1985297825710891
3690,-1.090000000000062,0.2181708815560228,9.0,0.1976650472974426
3691,-1.0800000000000622,0.216180541151632,9.0,0.19795283491055574
3692,-1.0700000000000625,0.2141902007472412,9.0,0.1995131471403906
3693,-1.060000000000063,0.2121998603428506,9.0,0.2023776674335696
3694,-1.0500000000000629,0.2102095199384597,9.0,0.20641562606938707
3695,-1.040000000000063,0.2082191795340691,9.0,0.21123054178097958
3696,-1.0300000000000633,0.2062288391296781,9.0,0.2160347930417693
3697,-1.0200000000000635,0.2042384987252872,9.0,0.21953083544611737
3698,-1.0100000000000635,0.2022481583208966,9.0,0.21986098111543959
3699,-1.000000000000064,0.2002578179165056,9.0,0.21471822445719413
3700,-0.9900000000000642,0.198267477512115,9.0,0.2017053072320333
3701,-0.9800000000000644,0.1962472927647603,9.0,0.17895132016744036
3702,-0.9700000000000646,0.1939866559442488,9.0,0.14585300088922165
3703,-0.9600000000000648,0.1917260191237369,9.0,0.10369116200794316
3704,-0.950000000000065,0.1894653823032253,9.0,0.055891683880722534
3705,-0.9400000000000652,0.1872047454827137,9.0,0.007846832299348983
3706,-0.9300000000000654,0.184944108662202,9.0,-0.03367729025213948
3707,-0.9200000000000657,0.1826834718416902,9.0,-0.061586888817616633
3708,-0.910000000000066,0.1804654904297903,9.0,-0.07010702563409091
3709,-0.9000000000000661,0.1782774335135064,9.0,-0.05689210335244941
3710,-0.8900000000000663,0.1760893765972224,9.0,-0.024602892927030634
3711,-0.8800000000000665,0.1739013196809385,9.0,0.01955222676862489
3712,-0.8700000000000667,0.1717697777351201,9.0,0.06659510406563253
3713,-0.8600000000000669,0.1697331465176908,9.0,0.10907849799102803
3714,-0.8500000000000671,0.1676965153002614,9.0,0.14283295171796279
3715,-0.8400000000000674,0.1656598840828323,9.0,0.16678284432017457
3716,-0.8300000000000676,0.1636232528654032,9.0,0.18180941268043174
3717,-0.8200000000000678,0.161586621647974,9.0,0.1896291090576251
3718,-0.810000000000068,0.1595499904305448,9.0,0.19207184044318487
3719,-0.8000000000000682,0.1575133592131158,9.0,0.19073798419862442
3720,-0.7900000000000684,0.1554767279956864,9.0,0.1868930459157739
3721,-0.7800000000000686,0.1534400967782573,9.0,0.18147860587434944
3722,-0.7700000000000689,0.151403465560828,9.0,0.17516657776299482
3723,-0.7600000000000691,0.1497781106768425,9.0,0.1684209433289165
3724,-0.7500000000000693,0.1482883078145642,9.0,0.1615524714462088
3725,-0.7400000000000695,0.1467985049522852,9.0,0.15476235557561113
3726,-0.7300000000000697,0.1453087020900068,9.0,0.14817510709775736
3727,-0.7200000000000699,0.1438188992277281,9.0,0.14186252652852338
3728,-0.7100000000000701,0.1423290963654498,9.0,0.13586079324460204
3729,-0.7000000000000703,0.1408392935031713,9.0,0.13018246260139474
3730,-0.6900000000000706,0.1393494906408925,9.0,0.1248247884139361
3731,-0.6800000000000708,0.1378596877786141,9.0,0.11977543729698069
3732,-0.670000000000071,0.1363698849163354,9.0,0.11501637284075214
3733,-0.6600000000000712,0.1348800820540568,9.0,0.11052646645362771
3734,-0.6500000000000714,0.1333902791917783,9.0,0.10628322854957742
3735,-0.6400000000000716,0.1319004763294999,9.0,0.10226393612874327
3736,-0.6300000000000718,0.1304106734672213,9.0,0.09844634921492844
3737,-0.620000000000072,0.1289208706049429,9.0,0.09480914977812248
3738,-0.6100000000000723,0.1274310677426641,9.0,0.09133219561421536
3739,-0.6000000000000725,0.1259412648803856,9.0,0.08799665298845562
3740,-0.5900000000000727,0.1244514620181071,9.0,0.0847850519456716
3741,-0.5800000000000729,0.1229616591558283,9.0,0.08168129440571699
3742,-0.5700000000000731,0.12147185629355,9.0,0.07867063563924963
3743,-0.5600000000000733,0.1199820534312714,9.0,0.07573965315809454
3744,-0.5500000000000735,0.1184922505689928,9.0,0.07287621255091448
3745,-0.5400000000000738,0.1170024477067141,9.0,0.07006943671922229
3746,-0.530000000000074,0.1155126448444357,9.0,0.06730968288325014
3747,-0.5200000000000742,0.1140228419821573,9.0,0.06458853032767156
3748,-0.5100000000000744,0.1125330391198786,9.0,0.06189878093201028
3749,-0.5000000000000746,0.1110432362576001,9.0,0.059234473932159644
3750,-0.4900000000000748,0.1095534333953214,9.0,0.0565909159845974
3751,-0.480000000000075,0.1073619197674813,9.0,0.05396472738067187
3752,-0.4700000000000752,0.1049296765406391,9.0,0.05135390513282094
3753,-0.4600000000000754,0.1024974333137968,9.0,0.0487579035893765
3754,-0.4500000000000757,0.1000651900869548,9.0,0.04617773320038377
3755,-0.4400000000000759,0.0976329468601125,9.0,0.04361607802924644
3756,-0.4300000000000761,0.0952007036332702,9.0,0.041077432561666856
3757,-0.4200000000000763,0.0927684604064281,9.0,0.03856825828166657
3758,-0.4100000000000765,0.0903362171795858,9.0,0.0360971603387925
3759,-0.4000000000000767,0.0879039739527437,9.0,0.03367508439017689
3760,-0.3900000000000769,0.0854717307259015,9.0,0.03131553332718947
3761,-0.3800000000000771,0.0830394874990592,9.0,0.029034803039276556
3762,-0.3700000000000774,0.0806072442722172,9.0,0.026852235562790656
3763,-0.3600000000000776,0.0781750010453749,9.0,0.02479048682658722
3764,-0.3500000000000778,0.0757427578185327,9.0,0.022875804630353803
3765,-0.340000000000078,0.0733105145916906,9.0,0.021138310335825496
3766,-0.3300000000000782,0.0708782713648483,9.0,0.01961227483396841
3767,-0.3200000000000784,0.0684460281380061,9.0,0.01833637543971252
3768,-0.3100000000000786,0.0660137849111639,9.0,0.01735391515940393
3769,-0.3000000000000788,0.0635815416843217,9.0,0.01671297888834581
3770,-0.2900000000000791,0.0611492984574795,9.0,0.016466492028032815
3771,-0.2800000000000793,0.0587170552306373,9.0,0.016672135121646885
3772,-0.2700000000000795,0.0562848120037952,9.0,0.01739205256093396
3773,-0.2600000000000797,0.053852568776953,9.0,0.018692273146883633
3774,-0.2500000000000799,0.0514203255501106,9.0,0.02064173392188878
3775,-0.2400000000000801,0.0489880823232685,9.0,0.02331076451447293
3776,-0.2300000000000803,0.0465558390964263,9.0,0.026768845167872563
3777,-0.2200000000000805,0.0441235958695842,9.0,0.031081395303182636
3778,-0.2100000000000808,0.0416913526427421,9.0,0.03630527857646977
3779,-0.200000000000081,0.0392591094158998,9.0,0.04248262341910568
3780,-0.1900000000000812,0.0368268661890576,9.0,0.04963245596174185
3781,-0.1800000000000814,0.0351204278391598,9.0,0.05773953175914037
3782,-0.1700000000000816,0.0338202726773783,9.0,0.0667396526230561
3783,-0.1600000000000818,0.0325201175155968,9.0,0.07650070757635913
3784,-0.150000000000082,0.0312199623538154,9.0,0.08679876955825107
3785,-0.1400000000000822,0.0299198071920338,9.0,0.09728898015684448
3786,-0.1300000000000825,0.0286196520302525,9.0,0.10747197099903676
3787,-0.1200000000000827,0.0273194968684709,9.0,0.11665872990792649
3788,-0.1100000000000829,0.0260193417066896,9.0,0.12394093697930418
3789,-0.1000000000000831,0.0247191865449079,9.0,0.12818088951980477
3790,-0.0900000000000833,0.0234190313831266,9.0,0.12804583038503067
3791,-0.0800000000000835,0.0221188762213451,9.0,0.12212419156314148
3792,-0.0700000000000837,0.0208187210595637,9.0,0.10916833038161265
3793,-0.0600000000000839,0.0196224876496047,9.0,0.08849144778249587
3794,-0.0500000000000842,0.0192971129973343,9.0,0.060478567769416035
3795,-0.0400000000000844,0.018971738345064,9.0,0.02704220575694752
3796,-0.0300000000000846,0.0186463636927937,9.0,-0.00827738542615499
3797,-0.0200000000000848,0.0183209890405231,9.0,-0.04084440333192934
3798,-0.010000000000085,0.0181186729931749,9.0,-0.0660663692325864
3799,-8.526512829121202e-14,0.0185823964599102,9.0,-0.08067621153353363
3800,0.0099999999999145,0.0190461199266456,9.0,-0.0835252017727216
3801,0.0199999999999143,0.0195183877894217,9.0,-0.07556484431043882
3802,0.029999999999914,0.0203123619632932,9.0,-0.059196477367749675
3803,0.0399999999999138,0.0211063361371649,9.0,-0.0374249078689743
3804,0.0499999999999136,0.0219003103110365,9.0,-0.013168962121290841
3805,0.0599999999999134,0.0226942844849082,9.0,0.011139352983455485
3806,0.0699999999999132,0.0234882586587798,9.0,0.033700244846084436
3807,0.079999999999913,0.0242822328326515,9.0,0.05332883048273451
3808,0.0899999999999128,0.0250762070065232,9.0,0.06936016166908723
3809,0.0999999999999126,0.0258701811803948,9.0,0.08153213742514985
3810,0.1099999999999123,0.0266641553542664,9.0,0.08987497499161068
3811,0.1199999999999121,0.0273217363974807,9.0,0.09461839832901996
3812,0.1299999999999119,0.0269650814466726,9.0,0.09611846402672769
3813,0.1399999999999117,0.0266084264958644,9.0,0.09480201756126903
3814,0.1499999999999115,0.0262517715450563,9.0,0.0911256584301182
3815,0.1599999999999113,0.0258951165942481,9.0,0.0855462067640472
3816,0.1699999999999111,0.02553846164344,9.0,0.078500165195776
3817,0.1799999999999109,0.0251818066926318,9.0,0.070390185819175
3818,0.1899999999999106,0.0248251517418236,9.0,0.061576963650085144
3819,0.1999999999999104,0.0244684967910156,9.0,0.05237527999692703
3820,0.2099999999999102,0.0239477008537137,9.0,0.04305314353741171
3821,0.21999999999991,0.0234127457562339,9.0,0.033833156373417814
3822,0.2299999999999098,0.0228777906587541,9.0,0.024895388022168185
3823,0.2399999999999096,0.0223428355612744,9.0,0.01638118148496853
3824,0.2499999999999094,0.0218078804637946,9.0,0.008397443793831462
3825,0.2599999999999092,0.0212929613110968,9.0,0.0010210870314653782
3826,0.269999999999909,0.020788575826865,9.0,-0.005696617296464564
3827,0.2799999999999087,0.0202841903426331,9.0,-0.011725928401769656
3828,0.2899999999999085,0.0197798048584012,9.0,-0.01705486658413734
3829,0.2999999999999083,0.0192754193741693,9.0,-0.021685832853968103
3830,0.3099999999999081,0.0187710338899374,9.0,-0.025632633283163994
3831,0.3199999999999079,0.0182666484057055,9.0,-0.02891790065254275
3832,0.3299999999999077,0.0175369839624135,9.0,-0.03157089130265216
3833,0.3399999999999075,0.0163994901047461,9.0,-0.03362562657423833
3834,0.3499999999999073,0.0152619962470787,9.0,-0.035119344105212676
3835,0.359999999999907,0.0141245023894114,9.0,-0.036091223157655825
3836,0.3699999999999068,0.012987008531744,9.0,-0.03658134903559991
3837,0.3799999999999066,0.0118495146740767,9.0,-0.036629883752999595
3838,0.3899999999999064,0.0105835741813113,9.0,-0.0362764128745796
3839,0.3999999999999062,0.0092643382890047,9.0,-0.0355594415040178
3840,0.409999999999906,0.0079451023966982,9.0,-0.03451601548637437
3841,0.4199999999999058,0.0066258665043916,9.0,-0.03318144686963336
3842,0.4299999999999055,0.005306630612085,9.0,-0.03158912544429201
3843,0.4399999999999053,0.0044202850202906,9.0,-0.02977040070525989
3844,0.4499999999999051,0.0035770990292851,9.0,-0.027754520841964732
3845,0.4599999999999049,0.0027339130382796,9.0,-0.02556861736363359
3846,0.4699999999999047,0.001890727047274,9.0,-0.023237725721640016
3847,0.4799999999999045,0.0013159634660306,9.0,-0.020784833819367545
3848,0.4899999999999043,0.0010437605181352,9.0,-0.018230951624490184
3849,0.4999999999999041,0.00077155757024,9.0,-0.015595196241220147
3850,0.5099999999999039,0.0005772271491775,9.0,-0.012894887782276347
3851,0.5199999999999037,0.0004349530907714,9.0,-0.010145652221760353
3852,0.5299999999999034,0.0002926790323655,9.0,-0.007361528128452431
3853,0.5399999999999032,0.0001504049739596,9.0,-0.004555074790154127
3854,0.549999999999903,8.130915553584296e-06,9.0,-0.0017374797574408265
3855,0.5599999999999028,-1.9152472318500766e-05,9.0,0.0010813357280863686
3856,0.5699999999999026,-1.4364354238821277e-05,9.0,0.0038926145895252094
3857,0.5799999999999024,-9.57623615928948e-06,9.0,0.0066886659172296446
3858,0.5899999999999022,-4.788118079670803e-06,9.0,0.009462771727957148
3859,0.599999999999902,-8.687828856876688e-17,9.0,0.01220909888242452
3860,0.6099999999999017,4.788118079583924e-06,9.0,0.014922616394001255
3861,0.6199999999999015,9.576236159185224e-06,9.0,0.01759901822522171
3862,0.6299999999999013,1.4364354238795212e-05,9.0,0.02023465156103236
3863,0.6399999999999011,1.9152472318413888e-05,9.0,0.022826450463625327
3864,0.6499999999999009,2.394059039808469e-05,9.0,0.025371874749790402
3865,0.6599999999999007,5.53595773223533e-05,9.0,0.027868853884387784
3866,0.6699999999999005,0.0003361346443383,9.0,0.030315735650138134
3867,0.6799999999999002,0.0006169097113543,9.0,0.03271123933178298
3868,0.6899999999999,0.0008976847783702,9.0,0.03505441313977519
3869,0.6999999999998998,0.0011784598453862,9.0,0.03734459559310888
3870,0.7099999999998996,0.0014592349124022,9.0,0.03958138058117522
3871,0.7199999999998994,0.0017400099794182,9.0,0.04176458582932584
3872,0.7299999999998992,0.0018523105451209,9.0,0.04389422450101022
3873,0.739999999999899,0.0017992619194518,9.0,0.04597047968006712
3874,0.7499999999998987,0.0017451891383129,9.0,0.04799368148918457
3875,0.7599999999998985,0.0016911163571741,9.0,0.04996428661416778
3876,0.7699999999998983,0.0016370435760352,9.0,0.051882860017854054
3877,0.7799999999998981,0.0015829707948964,9.0,0.05375005864206156
3878,0.7899999999998979,0.0015288980137576,9.0,0.05556661691039549
3879,0.7999999999998977,0.0014748252326188,9.0,0.05733333385890967
3880,0.8099999999998975,0.0014207524514799,9.0,0.05905106173535421
3881,0.8199999999998973,0.001366679670341,9.0,0.06072069592089353
3882,0.829999999999897,0.0013126068892022,9.0,0.06234316604062466
3883,0.8399999999998968,0.0012585341080633,9.0,0.063919428141011
3884,0.8499999999998966,0.0012044613269245,9.0,0.06545045782332709
3885,0.8599999999998964,0.001718308560883,9.0,0.06693724423247367
3886,0.8699999999998962,0.0022441628741861,9.0,0.06838078480998747
3887,0.879999999999896,0.0027700171874891,9.0,0.06978208072884545
3888,0.8899999999998958,0.0032958715007921,9.0,0.0711421329357067
3889,0.8999999999998956,0.0038301318279056,9.0,0.07246193873358733
3890,0.9099999999998952,0.0047442078342507,9.0,0.07374248884472454
3891,0.9199999999998952,0.0056582838405957,9.0,0.07498476489948613
3892,0.9299999999998948,0.0065723598469409,9.0,0.07618973730277581
3893,0.9399999999998948,0.0074864358532859,9.0,0.077358363434426
3894,0.9499999999998944,0.008400511859631,9.0,0.07849158614463723
3895,0.9599999999998944,0.0093145878659761,9.0,0.07959033250965834
3896,0.969999999999894,0.0102286638723212,9.0,0.08065551281662216
3897,0.9799999999998938,0.0111427398786663,9.0,0.0816880197497991
3898,0.9899999999998936,0.0120568158850114,9.0,0.0826887277535582
3899,0.9999999999998934,0.0129708918913564,9.0,0.08365849255001853
3900,1.0099999999998932,0.0138849678977015,9.0,0.08459815079180753
3901,1.019999999999893,0.0147990439040465,9.0,0.08550851983253381
3902,1.0299999999998928,0.0157131199103917,9.0,0.08639039759949722
3903,1.0399999999998926,0.0166271959167368,9.0,0.08724456255495497
3904,1.0499999999998924,0.0175412719230818,9.0,0.08807177373375488
3905,1.059999999999892,0.0184553479294269,9.0,0.0888727708466035
3906,1.069999999999892,0.019369423935772,9.0,0.08964827443942944
3907,1.0799999999998915,0.020283499942117,9.0,0.09039898610044164
3908,1.0899999999998915,0.0211975759484622,9.0,0.09112558870745183
3909,1.0999999999998913,0.0221116519548073,9.0,0.0918287467089066
3910,1.109999999999891,0.0230257279611524,9.0,0.09250910643288857
3911,1.1199999999998909,0.0239398039674975,9.0,0.09316729641899096
3912,1.1299999999998906,0.0248538799738425,9.0,0.0938039277686394
3913,1.1399999999998904,0.0257679559801876,9.0,0.0944195945099493
3914,1.1499999999998902,0.0266820319865328,9.0,0.09501487397371369
3915,1.15999999999989,0.0275961079928778,9.0,0.09559032717754529
3916,1.1699999999998898,0.0281389904846763,9.0,0.0961464992155739
3917,1.1799999999998896,0.0283643004404937,9.0,0.09668391965146043
3918,1.1899999999998894,0.0285896103963113,9.0,0.09720310291276038
3919,1.1999999999998892,0.0288149203521288,9.0,0.097704548684974
3920,1.209999999999889,0.0297824079321808,9.0,0.09818874230381676
3921,1.2199999999998887,0.0310200273972178,9.0,0.09865615514449094
3922,1.2299999999998883,0.0322576468622548,9.0,0.09910724500689147
3923,1.2399999999998883,0.033495266327292,9.0,0.09954245649586668
3924,1.249999999999888,0.0347328857923289,9.0,0.0999622213957786
3925,1.259999999999888,0.035970505257366,9.0,0.10036695903875012
3926,1.2699999999998877,0.0372081247224031,9.0,0.10075707666608032
3927,1.2799999999998877,0.0384457441874401,9.0,0.1011329697824303
3928,1.2899999999998872,0.0396833636524772,9.0,0.10149502250243567
3929,1.299999999999887,0.0409209831175142,9.0,0.10184360788950661
3930,1.3099999999998868,0.0421586025825513,9.0,0.10217908828662864
3931,1.3199999999998866,0.0433962220475884,9.0,0.10250181563902142
3932,1.3299999999998864,0.0446338415126254,9.0,0.10281213180859852
3933,1.3399999999998862,0.0458714609776625,9.0,0.10311036888016571
3934,1.349999999999886,0.0471090804426995,9.0,0.10339684945937705
3935,1.3599999999998855,0.0483466999077366,9.0,0.1036718869624697
3936,1.3699999999998855,0.0495843193727737,9.0,0.10393578589784074
3937,1.379999999999885,0.0508219388378107,9.0,0.1041888421395505
3938,1.389999999999885,0.0528881219684128,9.0,0.10443134319284504
3939,1.399999999999885,0.055547476068775,9.0,0.10466356845182832
3940,1.409999999999885,0.0582068301691372,9.0,0.10488578944940688
3941,1.4199999999998845,0.0608439339378942,9.0,0.1050982700996617
3942,1.4299999999998845,0.0633177957347497,9.0,0.10530126693278366
3943,1.439999999999884,0.0657916575316051,9.0,0.10549502932274776
3944,1.4499999999998838,0.0682655193284607,9.0,0.10567979970789086
3945,1.4599999999998836,0.0707393811253162,9.0,0.10585581380455057
3946,1.4699999999998834,0.0732132429221717,9.0,0.10602330081395522
3947,1.4799999999998832,0.0771725737320837,9.0,0.10618248362253015
3948,1.489999999999883,0.0819690253242173,9.0,0.10633357899579693
3949,1.4999999999998828,0.0865891627634937,9.0,0.10647679776604582
3950,1.5099999999998823,0.0879088447562002,9.0,0.10661234501395497
3951,1.5199999999998823,0.0889739400754209,9.0,0.10674042024433376
3952,1.529999999999882,0.0900390353946419,9.0,0.10686121755615668
3953,1.539999999999882,0.0911041307138627,9.0,0.10697492580706632
3954,1.5499999999998817,0.0921692260330835,9.0,0.10708172877250954
3955,1.5599999999998817,0.0935660861045745,9.0,0.1071818052996737
3956,1.5699999999998813,0.0953425161598848,9.0,0.10727532945638564
3957,1.579999999999881,0.097118946215195,9.0,0.1073624706751287
3958,1.5899999999998808,0.0991112067444279,9.0,0.10744339389234538
3959,1.5999999999998806,0.1011865956356409,9.0,0.10751825968315869
3960,1.6099999999998804,0.1032619845268537,9.0,0.10758722439168225
3961,1.6199999999998802,0.1053472091751763,9.0,0.10765044025704502
3962,1.62999999999988,0.1074865373078717,9.0,0.10770805553528645
3963,1.6399999999998798,0.1097170176347433,9.0,0.10776021461724872
3964,1.6499999999998796,0.112024149525321,9.0,0.10780705814260784
3965,1.6599999999998791,0.1140351986950593,9.0,0.10784872311016472
3966,1.6699999999998791,0.1158475955602112,9.0,0.10788534298452877
3967,1.679999999999879,0.1176599924253634,9.0,0.10791704779931494
3968,1.6899999999998787,0.1194723892905157,9.0,0.10794396425697045
3969,1.6999999999998785,0.1212847861556676,9.0,0.10796621582534578
3970,1.7099999999998785,0.1230971830208196,9.0,0.10798392283112375
3971,1.719999999999878,0.1249095798859717,9.0,0.1079972025502096
3972,1.729999999999878,0.1267219767511238,9.0,0.10800616929519714
3973,1.7399999999998776,0.1285343736162759,9.0,0.10801093449999345
3974,1.7499999999998774,0.1303467704814279,9.0,0.10801160680171482
3975,1.7599999999998772,0.1321591673465801,9.0,0.10800829211994316
3976,1.769999999999877,0.1339715642117321,9.0,0.10800109373343597
3977,1.7799999999998768,0.1357839610768842,9.0,0.10799011235436895
3978,1.7899999999998766,0.1375963579420362,9.0,0.10797544620021064
3979,1.7999999999998764,0.1394087548071883,9.0,0.10795719106329614
3980,1.809999999999876,0.1412211516723405,9.0,0.10793544037819212
3981,1.819999999999876,0.1430335485374925,9.0,0.10791028528691994
3982,1.829999999999876,0.1448459454026446,9.0,0.10788181470211639
3983,1.8399999999998755,0.1466583422677968,9.0,0.10785011536820109
3984,1.8499999999998755,0.1484707391329488,9.0,0.10781527192062071
3985,1.859999999999875,0.1502831359981008,9.0,0.10777736694322955
3986,1.8699999999998749,0.152095532863253,9.0,0.10773648102388808
3987,1.8799999999998749,0.1539079297284049,9.0,0.1076926928083135
3988,1.8899999999998744,0.155720326593557,9.0,0.10764607905227194
3989,1.8999999999998745,0.1575327234587091,9.0,0.10759671467214611
3990,1.909999999999874,0.1593451203238612,9.0,0.10754467279395065
3991,1.9199999999998736,0.1609620124866365,9.0,0.10749002480082842
3992,1.9299999999998736,0.1624055602765144,9.0,0.10743284037911048
3993,1.9399999999998732,0.1640805794723277,9.0,0.10737318756295008
3994,1.9499999999998727,0.165755598668141,9.0,0.10731113277761854
3995,1.959999999999873,0.1674306178639543,9.0,0.10724674088147376
3996,1.9699999999998727,0.1691056370597675,9.0,0.10718007520667105
3997,1.9799999999998723,0.1707806562555809,9.0,0.10711119759864979
3998,1.9899999999998723,0.172455675451394,9.0,0.10704016845443322
3999,1.999999999999872,0.1741306946472075,9.0,0.10696704675979
