,x1,y,rep,ymodel
0,-1.9900000000000428,0.9980461639754472,0.0,1.0635938785398222
1,-1.980000000000043,0.9980382240685262,0.0,1.0635035482449169
2,-1.9700000000000435,0.9980300878708876,0.0,1.0634130321646995
3,-1.9600000000000437,0.9980217561644296,0.0,1.063322327362677
4,-1.950000000000044,0.9980132299132622,0.0,1.0632314308289867
5,-1.940000000000044,0.9980045102693466,0.0,1.0631403394790535
6,-1.930000000000044,0.9979955985780676,0.0,1.0630490501522385
7,-1.9200000000000443,0.9979864963837264,0.0,1.0629575596104732
8,-1.9100000000000448,0.9979772054349294,0.0,1.062865864536889
9,-1.9000000000000448,0.9979677276898596,0.0,1.062773961534429
10,-1.890000000000045,0.9979580653214128,0.0,1.0626818471244552
11,-1.8800000000000447,0.9979482207221771,0.0,1.062589517745348
12,-1.8700000000000452,0.9979381965092364,0.0,1.0624969697510918
13,-1.8600000000000456,0.9979279955287784,0.0,1.0624041994098568
14,-1.8500000000000456,0.99791762086049,0.0,1.0623112029025708
15,-1.840000000000046,0.9979070758217125,0.0,1.0622179763214858
16,-1.8300000000000465,0.9978963639713408,0.0,1.0621245156687373
17,-1.8200000000000465,0.9978854891134482,0.0,1.0620308168548955
18,-1.810000000000047,0.9978744553006068,0.0,1.0619368756975165
19,-1.800000000000047,0.9978632668368924,0.0,1.0618426879196834
20,-1.790000000000047,0.9978519282805496,0.0,1.061748249148548
21,-1.780000000000047,0.9978404444462948,0.0,1.0616535549138644
22,-1.7700000000000475,0.9978288204072387,0.0,1.0615586006465263
23,-1.7600000000000475,0.997817061496414,0.0,1.0614633816770978
24,-1.750000000000048,0.99780517330788,0.0,1.0613678932343433
25,-1.7400000000000482,0.997793161697396,0.0,1.0612721304437636
26,-1.7300000000000484,0.9977810327826389,0.0,1.0611760883261216
27,-1.7200000000000486,0.997768792942954,0.0,1.0610797617959828
28,-1.7100000000000488,0.9977564488186226,0.0,1.060983145660247
29,-1.700000000000049,0.9977440073096304,0.0,1.0608862346166907
30,-1.6900000000000492,0.9977314755739276,0.0,1.0607890232525103
31,-1.6800000000000497,0.9977188610251664,0.0,1.0606915060428734
32,-1.6700000000000497,0.997706171329908,0.0,1.0605936773494735
33,-1.66000000000005,0.9976934144042916,0.0,1.0604955314190962
34,-1.65000000000005,0.9976805984101536,0.0,1.0603970623821903
35,-1.6400000000000503,0.997667731750598,0.0,1.0602982642514498
36,-1.6300000000000503,0.9976548230650116,0.0,1.060199130920408
37,-1.6200000000000507,0.9976418812235208,0.0,1.060099656162043
38,-1.610000000000051,0.9976289153208924,0.0,1.0599998336273961
39,-1.6000000000000512,0.9976159346698784,0.0,1.0598996568442045
40,-1.5900000000000514,0.9976029487940088,0.0,1.0597991192155487
41,-1.5800000000000516,0.9975899674198384,0.0,1.0596982140185223
42,-1.5700000000000518,0.9975770004686508,0.0,1.0595969344029121
43,-1.560000000000052,0.9975640580476344,0.0,1.0594952733899035
44,-1.5500000000000522,0.9975511504405336,0.0,1.0593932238708055
45,-1.5400000000000524,0.9975382880977948,0.0,1.0592907786057975
46,-1.5300000000000529,0.997525481626212,0.0,1.0591879302227007
47,-1.5200000000000529,0.9975127417780952,0.0,1.059084671215776
48,-1.510000000000053,0.9975000794399728,0.0,1.0589809939445431
49,-1.5000000000000533,0.9974875056208472,0.0,1.058876890632637
50,-1.4900000000000535,0.9974750314400236,0.0,1.0587723533666868
51,-1.4800000000000535,0.9974626681145298,0.0,1.0586673740952286
52,-1.470000000000054,0.9974504269461506,0.0,1.0585619446276515
53,-1.460000000000054,0.9974383193080965,0.0,1.0584560566331767
54,-1.4500000000000544,0.997426356631328,0.0,1.0583497016398768
55,-1.4400000000000546,0.9974145503905636,0.0,1.0582428710337277
56,-1.4300000000000548,0.997402912089988,0.0,1.058135556057701
57,-1.420000000000055,0.9973914532486884,0.0,1.0580277478109017
58,-1.4100000000000552,0.9973801853858406,0.0,1.0579194372477436
59,-1.4000000000000554,0.9973691200056668,0.0,1.057810615177173
60,-1.3900000000000556,0.997358268582192,0.0,1.0577012722619337
61,-1.3800000000000558,0.9973476425438134,0.0,1.0575913990178873
62,-1.370000000000056,0.9973372532577144,0.0,1.0574809858133771
63,-1.3600000000000565,0.9973271120141344,0.0,1.0573700228686438
64,-1.3500000000000565,0.9973172300105198,0.0,1.057258500255299
65,-1.3400000000000567,0.9973076183355732,0.0,1.0571464078958492
66,-1.330000000000057,0.9972982879532176,0.0,1.0570337355632788
67,-1.3200000000000571,0.9972892496864942,0.0,1.0569204728806894
68,-1.3100000000000571,0.9972805142014058,0.0,1.056806609321004
69,-1.3000000000000576,0.997272091990724,0.0,1.0566921342067266
70,-1.2900000000000578,0.9972639933577702,0.0,1.0565770367097724
71,-1.280000000000058,0.9972562284001844,0.0,1.0564613058513597
72,-1.2700000000000582,0.9972488069936948,0.0,1.0563449305019696
73,-1.2600000000000584,0.9972417387758968,0.0,1.0562278993813772
74,-1.2500000000000586,0.997235033130054,0.0,1.0561102010587502
75,-1.2400000000000588,0.9972286991689367,0.0,1.0559918239528236
76,-1.230000000000059,0.9972227457187028,0.0,1.055872756332147
77,-1.2200000000000593,0.9972171813028402,0.0,1.0557529863154083
78,-1.2100000000000597,0.9972120141261862,0.0,1.055632501871835
79,-1.2000000000000597,0.9972072520590376,0.0,1.0555112908216768
80,-1.19000000000006,0.9972029026213728,0.0,1.0553893408367674
81,-1.18000000000006,0.9971989729672122,0.0,1.0552666394411678
82,-1.1700000000000603,0.9971954698691392,0.0,1.0551431740119002
83,-1.1600000000000603,0.9971923997030177,0.0,1.0550189317797583
84,-1.1500000000000608,0.9971897684329398,0.0,1.0548938998302153
85,-1.140000000000061,0.9971875815964456,0.0,1.0547680651044118
86,-1.1300000000000612,0.9971858442900642,0.0,1.0546414144002412
87,-1.1200000000000614,0.9971845611552264,0.0,1.0545139343735217
88,-1.1100000000000616,0.9971837363646122,0.0,1.054385611539266
89,-1.1000000000000618,0.9971833736089932,0.0,1.0542564322730408
90,-1.090000000000062,0.9971834760846467,0.0,1.0541263828124274
91,-1.0800000000000622,0.9971840464814152,0.0,1.0539954492585721
92,-1.0700000000000625,0.997185086971492,0.0,1.0538636175778446
93,-1.060000000000063,0.9971865991990216,0.0,1.0537308736035855
94,-1.0500000000000629,0.997188584270602,0.0,1.0535972030379612
95,-1.040000000000063,0.9971910427467796,0.0,1.0534625914539164
96,-1.0300000000000633,0.9971939746346312,0.0,1.0533270242972308
97,-1.0200000000000635,0.9971973793815176,0.0,1.0531904868886768
98,-1.0100000000000635,0.9972012558701014,0.0,1.0530529644262834
99,-1.000000000000064,0.9972056024147096,0.0,1.0529144419877012
100,-0.9900000000000642,0.9972104167591144,0.0,1.0527749045326784
101,-0.9800000000000644,0.9972156960757986,0.0,1.0526343369056328
102,-0.9700000000000646,0.9972214369667628,0.0,1.052492723838341
103,-0.9600000000000648,0.997227635465906,0.0,1.0523500499527247
104,-0.950000000000065,0.9972342870430136,0.0,1.0522062997637487
105,-0.9400000000000652,0.9972413866093492,0.0,1.0520614576824245
106,-0.9300000000000654,0.9972489285248388,0.0,1.0519155080189213
107,-0.9200000000000657,0.9972569066068124,0.0,1.0517684349857823
108,-0.910000000000066,0.9972653141402388,0.0,1.0516202227012497
109,-0.9000000000000661,0.99727414388937,0.0,1.0514708551926948
110,-0.8900000000000663,0.9972833881106904,0.0,1.0513203164001548
111,-0.8800000000000665,0.9972930385670336,0.0,1.051168590179978
112,-0.8700000000000667,0.9973030865427088,0.0,1.0510156603085696
113,-0.8600000000000669,0.99731352285946,0.0,1.0508615104862444
114,-0.8500000000000671,0.997324337893052,0.0,1.0507061243411864
115,-0.8400000000000674,0.99733552159027,0.0,1.050549485433506
116,-0.8300000000000676,0.9973470634860844,0.0,1.0503915772594055
117,-0.8200000000000678,0.997358952720744,0.0,1.0502323832554386
118,-0.810000000000068,0.9973711780565276,0.0,1.0500718868028769
119,-0.8000000000000682,0.9973837278939006,0.0,1.0499100712321705
120,-0.7900000000000684,0.9973965902868022,0.0,1.0497469198275071
121,-0.7800000000000686,0.9974097529568112,0.0,1.0495824158314673
122,-0.7700000000000689,0.9974232033059344,0.0,1.0494165424497728
123,-0.7600000000000691,0.9974369284277874,0.0,1.0492492828561275
124,-0.7500000000000693,0.9974509151169416,0.0,1.04908062019715
125,-0.7400000000000695,0.9974651498762556,0.0,1.0489105375973917
126,-0.7300000000000697,0.9974796189220164,0.0,1.0487390181644438
127,-0.7200000000000699,0.9974943081867697,0.0,1.0485660449941263
128,-0.7100000000000701,0.9975092033197338,0.0,1.0483916011757615
129,-0.7000000000000703,0.9975242896847588,0.0,1.048215669797522
130,-0.6900000000000706,0.997539552355808,0.0,1.0480382339518601
131,-0.6800000000000708,0.9975549761100112,0.0,1.0478592767410089
132,-0.670000000000071,0.9975705454183658,0.0,1.0476787812825528
133,-0.6600000000000712,0.9975862444342332,0.0,1.0474967307150693
134,-0.6500000000000714,0.9976020569798092,0.0,1.047313108203834
135,-0.6400000000000716,0.9976179665308134,0.0,1.0471278969465894
136,-0.6300000000000718,0.9976339561996902,0.0,1.0469410801793677
137,-0.620000000000072,0.9976500087176632,0.0,1.0467526411823755
138,-0.6100000000000723,0.9976661064160413,0.0,1.0465625632859255
139,-0.6000000000000725,0.9976822312072224,0.0,1.04637082987642
140,-0.5900000000000727,0.9976983645658966,0.0,1.0461774244023745
141,-0.5800000000000729,0.99771448751099,0.0,1.0459823303804887
142,-0.5700000000000731,0.9977305805889546,0.0,1.0457855314017488
143,-0.5600000000000733,0.9977466238590468,0.0,1.045587011137566
144,-0.5500000000000735,0.997762596881294,0.0,1.0453867533459444
145,-0.5400000000000738,0.9977784787078958,0.0,1.045184741877674
146,-0.530000000000074,0.9977942478788606,0.0,1.0449809606825433
147,-0.5200000000000742,0.9978098824227356,0.0,1.0447753938155693
148,-0.5100000000000744,0.997825359863338,0.0,1.0445680254432441
149,-0.5000000000000746,0.9978406572334672,0.0,1.0443588398497825
150,-0.4900000000000748,0.9978557510966408,0.0,1.04414782144338
151,-0.480000000000075,0.9978706175779728,0.0,1.0439349547624666
152,-0.4700000000000752,0.9978852324053996,0.0,1.043720224481959
153,-0.4600000000000754,0.997899570962552,0.0,1.0435036154194985
154,-0.4500000000000757,0.997913608354674,0.0,1.043285112541679
155,-0.4400000000000759,0.9979273194891178,0.0,1.0430647009702556
156,-0.4300000000000761,0.9979406791720768,0.0,1.0428423659883284
157,-0.4200000000000763,0.9979536622233668,0.0,1.0426180930464999
158,-0.4100000000000765,0.9979662436112496,0.0,1.0423918677689998
159,-0.4000000000000767,0.9979783986094768,0.0,1.042163675959772
160,-0.3900000000000769,0.9979901029789524,0.0,1.0419335036085222
161,-0.3800000000000771,0.9980013331766436,0.0,1.041701336896714
162,-0.3700000000000774,0.9980120665946332,0.0,1.041467162203519
163,-0.3600000000000776,0.998022281832467,0.0,1.041230966111712
164,-0.3500000000000778,0.9980319590062406,0.0,1.0409927354134993
165,-0.340000000000078,0.9980410800981486,0.0,1.0407524571162894
166,-0.3300000000000782,0.998049629350488,0.0,1.0405101184483916
167,-0.3200000000000784,0.9980575937083352,0.0,1.040265706864639
168,-0.3100000000000786,0.9980649633152872,0.0,1.0400192100519392
169,-0.3000000000000788,0.9980717320667112,0.0,1.0397706159347333
170,-0.2900000000000791,0.9980778982248524,0.0,1.0395199126803774
171,-0.2800000000000793,0.9980834650998212,0.0,1.0392670887044277
172,-0.2700000000000795,0.9980884417998572,0.0,1.039012132675831
173,-0.2600000000000797,0.9980928440532147,0.0,1.0387550335220164
174,-0.2500000000000799,0.9980966951024712,0.0,1.0384957804338832
175,-0.2400000000000801,0.9981000266698348,0.0,1.0382343628706832
176,-0.2300000000000803,0.998102879989038,0.0,1.0379707705647883
177,-0.2200000000000805,0.9981053068954764,0.0,1.0377049935263463
178,-0.2100000000000808,0.998107370961275,0.0,1.037437022047815
179,-0.200000000000081,0.9981091486558522,0.0,1.0371668467083806
180,-0.1900000000000812,0.9981107305052268,0.0,1.0368944583782382
181,-0.1800000000000814,0.9981122222148444,0.0,1.03661984822276
182,-0.1700000000000816,0.9981137457111762,0.0,1.0363430077065159
183,-0.1600000000000818,0.9981154400470856,0.0,1.0360639285971676
184,-0.150000000000082,0.9981174621053336,0.0,1.0357826029692248
185,-0.1400000000000822,0.9981199870242772,0.0,1.035499023207655
186,-0.1300000000000825,0.9981232082606092,0.0,1.035213182011356
187,-0.1200000000000827,0.9981273371968904,0.0,1.034925072396478
188,-0.1100000000000829,0.9981326021979104,0.0,1.034634687699599
189,-0.1000000000000831,0.998139247020852,0.0,1.034342021580751
190,-0.0900000000000833,0.9981475284912924,0.0,1.0340470680262892
191,-0.0800000000000835,0.9981577133715376,0.0,1.033749821351613
192,-0.0700000000000837,0.998170074370788,0.0,1.0334502762037239
193,-0.0600000000000839,0.9981848852788364,0.0,1.0331484275636296
194,-0.0500000000000842,0.9982024152464304,0.0,1.032844270748589
195,-0.0400000000000844,0.9982229222852482,0.0,1.032537801414194
196,-0.0300000000000846,0.9982466461167084,0.0,1.0322290155562899
197,-0.0200000000000848,0.9982738005584546,0.0,1.0319179095127347
198,-0.010000000000085,0.9983045656960708,0.0,1.0316044799649942
199,-8.526512829121202e-14,0.9983390801401558,0.0,1.0312887239395723
200,0.0099999999999145,0.9983774337095416,0.0,1.0309706388092756
201,0.0199999999999143,0.9984196609044412,0.0,1.030650222294317
202,0.029999999999914,0.998465735533786,0.0,1.0303274724632483
203,0.0399999999999138,0.99851556683562,0.0,1.030002387733732
204,0.0499999999999136,0.998568997377293,0.0,1.0296749668731493
205,0.0599999999999134,0.9986258029451864,0.0,1.0293452089990365
206,0.0699999999999132,0.998685694536706,0.0,1.0290131135793668
207,0.079999999999913,0.9987483224577184,0.0,1.0286786804326602
208,0.0899999999999128,0.9988132824158228,0.0,1.0283419097279365
209,0.0999999999999126,0.998880123393844,0.0,1.0280028019845031
210,0.1099999999999123,0.998948356998088,0.0,1.0276613580715854
211,0.1199999999999121,0.999017467909782,0.0,1.0273175792077947
212,0.1299999999999119,0.9990869250303264,0.0,1.0269714669604406
213,0.1399999999999117,0.9991561929026238,0.0,1.0266230232446867
214,0.1499999999999115,0.999224743009318,0.0,1.0262722503225494
215,0.1599999999999113,0.9992920645886506,0.0,1.0259191508017484
216,0.1699999999999111,0.999357674661948,0.0,1.025563727634402
217,0.1799999999999109,0.9994211270247316,0.0,1.0252059841155767
218,0.1899999999999106,0.9994820200079236,0.0,1.0248459238816872
219,0.1999999999999104,0.9995400028604576,0.0,1.0244835509087553
220,0.2099999999999102,0.9995947806371092,0.0,1.0241188695105286
221,0.21999999999991,0.9996461174968554,0.0,1.0237518843364513
222,0.2299999999999098,0.9996938383332328,0.0,1.0233826003695101
223,0.2399999999999096,0.999737828677746,0.0,1.0230110229239382
224,0.2499999999999094,0.9997780328504858,0.0,1.022637157642792
225,0.2599999999999092,0.9998144503870698,0.0,1.0222610104953986
226,0.269999999999909,0.9998471308513344,0.0,1.0218825877746796
227,0.2799999999999087,0.9998761672448884,0.0,1.0215018960943516
228,0.2899999999999085,0.9999016883355673,0.0,1.0211189423860105
229,0.2999999999999083,0.9999238503281394,0.0,1.0207337338960984
230,0.3099999999999081,0.9999428283708862,0.0,1.0203462781827601
231,0.3199999999999079,0.9999588084122718,0.0,1.0199565831125905
232,0.3299999999999077,0.999971979881893,0.0,1.0195646568572765
233,0.3399999999999075,0.9999825295693462,0.0,1.0191705078901403
234,0.3499999999999073,0.999990636925014,0.0,1.01877414498258
235,0.359999999999907,0.9999964708291084,0.0,1.0183755772004222
236,0.3699999999999068,1.0000001876970537,0.0,1.0179748139001756
237,0.3799999999999066,1.0000019306400316,0.0,1.0175718647252083
238,0.3899999999999064,1.000001829305529,0.0,1.0171667396018313
239,0.3999999999999062,0.999999999999999,0.0,1.0167594487353113
240,0.409999999999906,0.9999965457433764,0.0,1.0163500026057999
241,0.4199999999999058,0.9999915560027248,0.0,1.0159384119641979
242,0.4299999999999055,0.9999851059656782,0.0,1.015524687827948
243,0.4399999999999053,0.9999772553093548,0.0,1.0151088414767588
244,0.4499999999999051,0.9999680464775242,0.0,1.0146908844482794
245,0.4599999999999049,0.9999575024995072,0.0,1.0142708285337037
246,0.4699999999999047,0.9999456243851575,0.0,1.0138486857733313
247,0.4799999999999045,0.9999323881286728,0.0,1.013424468452073
248,0.4899999999999043,0.9999177413568748,0.0,1.0129981890949142
249,0.4999999999999041,0.9999015996595896,0.0,1.0125698604623343
250,0.5099999999999039,0.9998838426304976,0.0,1.0121394955456866
251,0.5199999999999037,0.9998643096200568,0.0,1.011707107562544
252,0.5299999999999034,0.9998427951604284,0.0,1.0112727099520153
253,0.5399999999999032,0.9998190439759108,0.0,1.0108363163700314
254,0.549999999999903,0.9997927454538078,0.0,1.010397940684604
255,0.5599999999999028,0.9997635274303815,0.0,1.0099575969710732
256,0.5699999999999026,0.9997309491504356,0.0,1.009515299507324
257,0.5799999999999024,0.9996944932888978,0.0,1.0090710627690007
258,0.5899999999999022,0.9996535569776948,0.0,1.008624901424702
259,0.599999999999902,0.9996074418597596,0.0,1.008176830331172
260,0.6099999999999017,0.99955534329286,0.0,1.007726864528486
261,0.6199999999999015,0.9994963389479348,0.0,1.0072750192352338
262,0.6299999999999013,0.9994293771876674,0.0,1.0068213098437055
263,0.6399999999999011,0.9993532657666636,0.0,1.00636575191508
264,0.6499999999999009,0.9992666615564222,0.0,1.005908361174622
265,0.6599999999999007,0.9991680621527128,0.0,1.0054491535068901
266,0.6699999999999005,0.9990558003512447,0.0,1.0049881449509523
267,0.6799999999999002,0.9989280425566556,0.0,1.0045253516956256
268,0.6899999999999,0.9987827921958156,0.0,1.0040607900747245
269,0.6999999999998998,0.998617899118424,0.0,1.0035944765623341
270,0.7099999999998996,0.9984310757737456,0.0,1.0031264277681098
271,0.7199999999998994,0.9982199206537136,0.0,1.002656660432591
272,0.7299999999998992,0.997981949107648,0.0,1.002185191422557
273,0.739999999999899,0.9977146311966504,0.0,1.001712037726399
274,0.7499999999998987,0.99741543581145,0.0,1.0012372164495318
275,0.7599999999998985,0.997081879873515,0.0,1.0007607448098368
276,0.7699999999998983,0.996711581115648,0.0,1.0002826401331384
277,0.7799999999998981,0.996302312718938,0.0,0.9998029198487229
278,0.7899999999998979,0.9958520579722338,0.0,0.9993216014848919
279,0.7999999999998977,0.9953590631046412,0.0,0.9988387026645555
280,0.8099999999998975,0.9948218864968934,0.0,0.9983542411008779
281,0.8199999999998973,0.9942394425788196,0.0,0.9978682345929508
282,0.829999999999897,0.9936110388502896,0.0,0.9973807010215272
283,0.8399999999998968,0.9929364046174658,0.0,0.9968916583447928
284,0.8499999999998966,0.9922157102224416,0.0,0.9964011245941886
285,0.8599999999998964,0.9914495757771022,0.0,0.9959091178702835
286,0.8699999999998962,0.9906390687052924,0.0,0.995415656338695
287,0.879999999999896,0.9897856897572532,0.0,0.9949207582260633
288,0.8899999999998958,0.9888913475798708,0.0,0.9944244418160747
289,0.8999999999998956,0.9879583223847314,0.0,0.9939267254455427
290,0.9099999999998952,0.9869892197208886,0.0,0.9934276275005405
291,0.9199999999998952,0.9859869157921672,0.0,0.9929271664125858
292,0.9299999999998948,0.9849544961216156,0.0,0.9924253606548888
293,0.9399999999998948,0.9838951896267738,0.0,0.9919222287386465
294,0.9499999999998944,0.9828123003080966,0.0,0.991417789209401
295,0.9599999999998944,0.9817091387617176,0.0,0.9909120606434525
296,0.969999999999894,0.980588955612528,0.0,0.9904050616443283
297,0.9799999999998938,0.9794548787410898,0.0,0.9898968108393141
298,0.9899999999998936,0.9783098558730936,0.0,0.9893873268760365
299,0.9999999999998934,0.9771566037418044,0.0,0.9888766284191128
300,1.0099999999998932,0.9759975646518034,0.0,0.9883647341468509
301,1.019999999999893,0.9748348708934176,0.0,0.9878516627480141
302,1.0299999999998928,0.9736703171040558,0.0,0.9873374329186408
303,1.0399999999998926,0.9725053403620834,0.0,0.9868220633589272
304,1.0499999999998924,0.97134100754162,0.0,0.9863055727701636
305,1.059999999999892,0.9701780092578016,0.0,0.9857879798517335
306,1.069999999999892,0.9690166595918224,0.0,0.98526930329817
307,1.0799999999998915,0.9678569006998948,0.0,0.9847495617962712
308,1.0899999999998915,0.9666983113738624,0.0,0.9842287740222726
309,1.0999999999998913,0.9655401186257866,0.0,0.9837069586390793
310,1.109999999999891,0.9643812114059124,0.0,0.9831841342935527
311,1.1199999999998909,0.9632201556246164,0.0,0.9826603196138606
312,1.1299999999998906,0.9620552097264596,0.0,0.9821355332068774
313,1.1399999999998904,0.9608843401514718,0.0,0.9816097936556449
314,1.1499999999998902,0.9597052361095224,0.0,0.9810831195168904
315,1.15999999999989,0.9585153231835905,0.0,0.9805555293185959
316,1.1699999999998898,0.9573117753634406,0.0,0.9800270415576285
317,1.1799999999998896,0.9560915251902826,0.0,0.9794976746974189
318,1.1899999999998894,0.9548512717639578,0.0,0.9789674471657024
319,1.1999999999998892,0.9535874864262406,0.0,0.978436377352304
320,1.209999999999889,0.952296415986878,0.0,0.9779044836069863
321,1.2199999999998887,0.9509740834032684,0.0,0.9773717842373403
322,1.2299999999998883,0.949616285860892,0.0,0.9768382975067379
323,1.2399999999998883,0.9482185902305912,0.0,0.9763040416323256
324,1.249999999999888,0.94677632590168,0.0,0.9757690347830789
325,1.259999999999888,0.9452845750077123,0.0,0.9752332950778969
326,1.2699999999998877,0.9437381600758696,0.0,0.9746968405837536
327,1.2799999999998877,0.9421316291425093,0.0,0.974159689313894
328,1.2899999999998872,0.9404592383877832,0.0,0.9736218592260781
329,1.299999999999887,0.93871493235265,0.0,0.9730833682208738
330,1.3099999999998868,0.9368923218133958,0.0,0.9725442341399951
331,1.3199999999998866,0.9349846594033044,0.0,0.9720044747646841
332,1.3299999999998864,0.932984813089752,0.0,0.9714641078141418
333,1.3399999999998862,0.9308852376392488,0.0,0.9709231509440012
334,1.349999999999886,0.9286779442343324,0.0,0.9703816217448399
335,1.3599999999998855,0.9263544684463866,0.0,0.9698395377407434
336,1.3699999999998855,0.923905836819162,0.0,0.969296916387903
337,1.379999999999885,0.92132253238087,0.0,0.9687537750732591
338,1.389999999999885,0.9185944594801166,0.0,0.9682101311131829
339,1.399999999999885,0.9157109084346664,0.0,0.9676660017521976
340,1.409999999999885,0.912660520594024,0.0,0.9671214041617405
341,1.4199999999998845,0.9094312545490304,0.0,0.9665763554389603
342,1.4299999999998845,0.9060103543757448,0.0,0.9660308726055554
343,1.439999999999884,0.9023843209781484,0.0,0.9654849726066432
344,1.4499999999998838,0.8985388877953217,0.0,0.9649386723096745
345,1.4599999999998836,0.8944590023635106,0.0,0.9643919885033707
346,1.4699999999998834,0.8901288154703757,0.0,0.9638449378967073
347,1.4799999999998832,0.8855316799044779,0.0,0.9632975371179228
348,1.489999999999883,0.8806501610822461,0.0,0.962749802713566
349,1.4999999999998828,0.875466062118852,0.0,0.9622017511475702
350,1.5099999999998823,0.8699604661868766,0.0,0.961653398800366
351,1.5199999999998823,0.8641137992612744,0.0,0.9611047619680175
352,1.529999999999882,0.8579059165603026,0.0,0.9605558568613928
353,1.539999999999882,0.8513162161337464,0.0,0.9600066996053658
354,1.5499999999998817,0.844323783090654,0.0,0.959457306238042
355,1.5599999999998817,0.8369075678623323,0.0,0.9589076927100155
356,1.5699999999998813,0.8290466016216097,0.0,0.9583578748836529
357,1.579999999999881,0.820720251482686,0.0,0.9578078685324055
358,1.5899999999998808,0.8119085173433751,0.0,0.9572576893401441
359,1.5999999999998806,0.8025923711630051,0.0,0.956707352900524
360,1.6099999999998804,0.7927541380630097,0.0,0.9561568747163712
361,1.6199999999998802,0.7823779168766887,0.0,0.9556062701990979
362,1.62999999999988,0.7714500356649694,0.0,0.9550555546681334
363,1.6399999999998798,0.759959535291357,0.0,0.9545047433503892
364,1.6499999999998796,0.7478986714834391,0.0,0.9539538513797372
365,1.6599999999998791,0.7352634230146474,0.0,0.9534028937965162
366,1.6699999999998791,0.7220539908779265,0.0,0.95285188554706
367,1.679999999999879,0.7082752707949621,0.0,0.9523008414832379
368,1.6899999999998787,0.6939372793482459,0.0,0.9517497763620312
369,1.6999999999998785,0.67905551269603,0.0,0.9511987048451155
370,1.7099999999998785,0.6636512164873799,0.0,0.9506476414984703
371,1.719999999999878,0.6477515464604306,0.0,0.9500966007920045
372,1.729999999999878,0.6313896014428534,0.0,0.9495455970992043
373,1.7399999999998776,0.6146043141454843,0.0,0.9489946446967952
374,1.7499999999998774,0.5974401901915369,0.0,0.9484437577644221
375,1.7599999999998772,0.5799468920598507,0.0,0.947892950384352
376,1.769999999999877,0.5621786717060767,0.0,0.9473422365411842
377,1.7799999999998768,0.544193663103593,0.0,0.9467916301215885
378,1.7899999999998766,0.5260530532735089,0.0,0.9462411449140475
379,1.7999999999998764,0.5078201569747931,0.0,0.945690794608626
380,1.809999999999876,0.4895594255551362,0.0,0.9451405927967449
381,1.819999999999876,0.4713354240674005,0.0,0.9445905529709792
382,1.829999999999876,0.4532118123293799,0.0,0.9440406885248654
383,1.8399999999998755,0.4352503650247163,0.0,0.9434910127527245
384,1.8499999999998755,0.4175100632866228,0.0,0.9429415388494983
385,1.859999999999875,0.4000462857358864,0.0,0.9423922799105992
386,1.8699999999998749,0.3829101210732155,0.0,0.9418432489317766
387,1.8799999999998749,0.3661478175640844,0.0,0.9412944588089897
388,1.8899999999998744,0.3498003776502124,0.0,0.9407459223382998
389,1.8999999999998745,0.3339032990012929,0.0,0.9401976522157679
390,1.909999999999874,0.3184864570370029,0.0,0.9396496610373727
391,1.9199999999998736,0.3035741186470641,0.0,0.9391019612989315
392,1.9299999999998736,0.2891850727348263,0.0,0.9385545653960401
393,1.9399999999998732,0.2753328603983243,0.0,0.9380074856240175
394,1.9499999999998727,0.262026086018752,0.0,0.9374607341778682
395,1.959999999999873,0.2492687901354987,0.0,0.9369143231522483
396,1.9699999999998727,0.2370608655709791,0.0,0.9363682645414487
397,1.9799999999998723,0.2253984996146864,0.0,0.9358225702393829
398,1.9899999999998723,0.2142746269612079,0.0,0.9352772520395878
399,1.999999999999872,0.2036793803096176,0.0,0.9347323216352353
400,-1.9900000000000428,0.9905960365618393,1.0,1.0888571928457524
401,-1.980000000000043,0.9903702288349484,1.0,1.0873885706144306
402,-1.9700000000000435,0.9901372944957412,1.0,1.085864004612402
403,-1.9600000000000437,0.989896820812443,1.0,1.0842818227298747
404,-1.950000000000044,0.9896483691554112,1.0,1.082640305363561
405,-1.940000000000044,0.989391473293883,1.0,1.080937684256507
406,-1.930000000000044,0.989125637548976,1.0,1.079172141330852
407,-1.9200000000000443,0.9888503347889,1.0,1.0773418075160646
408,-1.9100000000000448,0.9885650042509448,1.0,1.0754447615755527
409,-1.9000000000000448,0.9882690491732964,1.0,1.0734790289349245
410,-1.890000000000045,0.9879618342180452,1.0,1.0714425805155625
411,-1.8800000000000447,0.987642682664902,1.0,1.0693333315776488
412,-1.8700000000000452,0.9873108733530868,1.0,1.0671491405772446
413,-1.8600000000000456,0.986965637346608,1.0,1.0648878080425856
414,-1.8500000000000456,0.9866061542956504,1.0,1.0625470754753203
415,-1.840000000000046,0.9862315484640516,1.0,1.0601246242830644
416,-1.8300000000000465,0.985840884389806,1.0,1.0576180747503454
417,-1.8200000000000465,0.9854331621422078,1.0,1.0550249850557611
418,-1.810000000000047,0.9850073121355514,1.0,1.0523428503439878
419,-1.800000000000047,0.9845621894552524,1.0,1.049569101862183
420,-1.790000000000047,0.9840965676478068,1.0,1.0467011061712796
421,-1.780000000000047,0.9836091319210898,1.0,1.0437361644437089
422,-1.7700000000000475,0.9830984716961362,1.0,1.0406715118602314
423,-1.7600000000000475,0.9825630724456542,1.0,1.037504317119737
424,-1.750000000000048,0.9820013067481111,1.0,1.03423168207722
425,-1.7400000000000482,0.9814114244792224,1.0,1.030850641526506
426,-1.7300000000000484,0.9807915420550962,1.0,1.0273581631458086
427,-1.7200000000000486,0.9801396306330676,1.0,1.0237511476258208
428,-1.7100000000000488,0.9794535031674364,1.0,1.020026429001724
429,-1.700000000000049,0.978730800207875,1.0,1.0161807752123462
430,-1.6900000000000492,0.9779689743182496,1.0,1.012210888911588
431,-1.6800000000000497,0.9771652729830562,1.0,1.0081134085593195
432,-1.6700000000000497,0.9763167198577004,1.0,1.0038849098210434
433,-1.66000000000005,0.9754200942075968,1.0,0.999521907307903
434,-1.65000000000005,0.9744719083697656,1.0,0.9950208566909414
435,-1.6400000000000503,0.9734683830595244,1.0,0.9903781572259533
436,-1.6300000000000503,0.9724054203344284,1.0,0.9855901547278004
437,-1.6200000000000507,0.9712785740183664,1.0,0.9806531450356264
438,-1.610000000000051,0.9700830173813252,1.0,0.9755633780130379
439,-1.6000000000000512,0.9688135078657544,1.0,0.9703170621299971
440,-1.5900000000000514,0.9674643486498404,1.0,0.9649103696757685
441,-1.5800000000000516,0.9660293468428348,1.0,0.9593394426549322
442,-1.5700000000000518,0.9645017681197052,1.0,0.9536003994209598
443,-1.560000000000052,0.9628742876241932,1.0,0.9476893421043012
444,-1.5500000000000522,0.9611389370035968,1.0,0.9416023648940988
445,-1.5400000000000524,0.9592870474888956,1.0,0.9353355632346722
446,-1.5300000000000529,0.957309189004288,1.0,0.9288850439995332
447,-1.5200000000000529,0.955195105385914,1.0,0.9222469367069341
448,-1.510000000000053,0.9529336459164356,1.0,0.9154174058416855
449,-1.5000000000000533,0.9505126935470508,1.0,0.908392664348091
450,-1.4900000000000535,0.9479190903893616,1.0,0.901168988358191
451,-1.4800000000000535,0.945138561324953,1.0,0.8937427332180256
452,-1.470000000000054,0.9421556369100256,1.0,0.8861103508720656
453,-1.460000000000054,0.9389535771558029,1.0,0.878268408662235
454,-1.4500000000000544,0.9355142982521898,1.0,0.8702136095928679
455,-1.4400000000000546,0.9318183048808798,1.0,0.8619428141063006
456,-1.4300000000000548,0.9278446314408992,1.0,0.8534530634054214
457,-1.420000000000055,0.9235707962864148,1.0,0.8447416043492203
458,-1.4100000000000552,0.9189727739492116,1.0,0.8358059159349083
459,-1.4000000000000554,0.914024991272674,1.0,0.826643737365432
460,-1.3900000000000556,0.9087003543936004,1.0,0.8172530976839153
461,-1.3800000000000558,0.902970314528765,1.0,0.8076323469365939
462,-1.370000000000056,0.8968049814889912,1.0,0.7977801888029905
463,-1.3600000000000565,0.890173294662807,1.0,0.7876957146063527
464,-1.3500000000000565,0.883043261762776,1.0,0.7773784385885846
465,-1.3400000000000567,0.8753822757571504,1.0,0.7668283343021601
466,-1.330000000000057,0.8671575199346006,1.0,0.7560458719367545
467,-1.3200000000000571,0.8583364697641223,1.0,0.7450320563608254
468,-1.3100000000000571,0.8488874979003868,1.0,0.7337884656182954
469,-1.3000000000000576,0.8387805851445712,1.0,0.7223172895782874
470,-1.2900000000000578,0.8279881352459953,1.0,0.7106213683919486
471,-1.280000000000058,0.8164858850532121,1.0,0.6987042303655295
472,-1.2700000000000582,0.8042538937648318,1.0,0.686570128813799
473,-1.2600000000000584,0.7912775861497586,1.0,0.6742240774135746
474,-1.2500000000000586,0.777548815094567,1.0,0.6616718835347626
475,-1.2400000000000588,0.763066899437194,1.0,0.6489201789871495
476,-1.230000000000059,0.7478395847462249,1.0,0.6359764475867251
477,-1.2200000000000593,0.7318838686673518,1.0,0.6228490489170709
478,-1.2100000000000597,0.7152266299071849,1.0,0.6095472376410868
479,-1.2000000000000597,0.697905001970924,1.0,0.5960811777077463
480,-1.19000000000006,0.6799664402063007,1.0,0.5824619507993574
481,-1.18000000000006,0.6614684437917014,1.0,0.5687015583787616
482,-1.1700000000000603,0.6424779126027665,1.0,0.5548129167244575
483,-1.1600000000000603,0.6230701411859351,1.0,0.5408098443861714
484,-1.1500000000000608,0.6033274764286232,1.0,0.52670704155492
485,-1.140000000000061,0.5833376894990929,1.0,0.5125200609207122
486,-1.1300000000000612,0.563192133606038,1.0,0.4982652696878797
487,-1.1200000000000614,0.54298377468926,1.0,0.4839598025320838
488,-1.1100000000000616,0.5228051905015597,1.0,0.46962150541333875
489,-1.1000000000000618,0.5027466337945066,1.0,0.4552688703039735
490,-1.090000000000062,0.4828942476418168,1.0,0.4409209610469952
491,-1.0800000000000622,0.4633285064856208,1.0,0.4265973307255197
492,-1.0700000000000625,0.4441229372020606,1.0,0.41231793109393045
493,-1.060000000000063,0.4253431527055793,1.0,0.3981030147919069
494,-1.0500000000000629,0.4070462087377462,1.0,0.38397303122844034
495,-1.040000000000063,0.3892802746057371,1.0,0.3699485171793993
496,-1.0300000000000633,0.372084592293385,1.0,0.35604998328382526
497,-1.0200000000000635,0.3554896864522843,1.0,0.3422977977459117
498,-1.0100000000000635,0.3395177805333288,1.0,0.3287120686468242
499,-1.000000000000064,0.3241833714402702,1.0,0.3153125263390421
500,-0.9900000000000642,0.3094939158952736,1.0,0.3021184074325019
501,-0.9800000000000644,0.2954505853141393,1.0,0.2891483418842478
502,-0.9700000000000646,0.2820490514574247,1.0,0.2764202446704184
503,-0.9600000000000648,0.2692802715842157,1.0,0.2639512134514696
504,-0.950000000000065,0.2571312485630654,1.0,0.25175743353993435
505,-0.9400000000000652,0.2455857478441381,1.0,0.23985409134757693
506,-0.9300000000000654,0.2346249590027627,1.0,0.2282552973293002
507,-0.9200000000000657,0.2242280945228171,1.0,0.21697401925958457
508,-0.910000000000066,0.2143729225231781,1.0,0.2060220264791697
509,-0.9000000000000661,0.2050362332598552,1.0,0.19540984554134702
510,-0.8900000000000663,0.1961942415398278,1.0,0.18514672747504354
511,-0.8800000000000665,0.187822928772887,1.0,0.17524062667220353
512,-0.8700000000000667,0.1798983293903455,1.0,0.1656981912058938
513,-0.8600000000000669,0.1723967668983209,1.0,0.15652476419856012
514,-0.8500000000000671,0.165295045020911,1.0,0.1477243956916468
515,-0.8400000000000674,0.1585705993225843,1.0,0.13929986432216315
516,-0.8300000000000676,0.1522016144594904,1.0,0.13125270799145966
517,-0.8200000000000678,0.1461671118597595,1.0,0.12358326261812727
518,-0.810000000000068,0.1404470122216852,1.0,0.11629070800116567
519,-0.8000000000000682,0.1350221767816081,1.0,0.10937311978094716
520,-0.7900000000000684,0.1298744308655688,1.0,0.10282752647273695
521,-0.7800000000000686,0.1249865728171585,1.0,0.09664997055853011
522,-0.7700000000000689,0.1203423709991476,1.0,0.090835572655074
523,-0.7600000000000691,0.1159265512042118,1.0,0.08537859782604645
524,-0.7500000000000693,0.1117247764829718,1.0,0.0802725231710634
525,-0.7400000000000695,0.107723621105871,1.0,0.07551010590005079
526,-0.7300000000000697,0.1039105401178036,1.0,0.07108345118508841
527,-0.7200000000000699,0.1002738357186743,1.0,0.06698407916983803
528,-0.7100000000000701,0.0968026215065458,1.0,0.06320299060611455
529,-0.7000000000000703,0.0934867854496694,1.0,0.059730730675413124
530,-0.6900000000000706,0.0903169523066886,1.0,0.056557450637959285
531,-0.6800000000000708,0.087284446087732,1.0,0.053672967031308444
532,-0.670000000000071,0.0843812530404409,1.0,0.051066818213236984
533,-0.6600000000000712,0.0815999855518199,1.0,0.04872831810868414
534,-0.6500000000000714,0.0789338472770837,1.0,0.046646607077172934
535,-0.6400000000000716,0.0763765997386175,1.0,0.04481069986528417
536,-0.6300000000000718,0.0739225305802168,1.0,0.04320953064834091
537,-0.620000000000072,0.0715664236126768,1.0,0.04183199519698009
538,-0.6100000000000723,0.06930353074548,1.0,0.040666990228077037
539,-0.6000000000000725,0.0671295458650055,1.0,0.03970345001649927
540,-0.5900000000000727,0.065040580691661,1.0,0.03893038035499864
541,-0.5800000000000729,0.0630331426261808,1.0,0.0383368899552949
542,-0.5700000000000731,0.0611041145786879,1.0,0.03791221938485423
543,-0.5600000000000733,0.0592507367627848,1.0,0.037645767632032756
544,-0.5500000000000735,0.05747059043078,1.0,0.037527116387981466
545,-0.5400000000000738,0.0557615835251306,1.0,0.037546052127828314
546,-0.530000000000074,0.0541219382252706,1.0,0.03769258606693149
547,-0.5200000000000742,0.0525501803781714,1.0,0.03795697206105808
548,-0.5100000000000744,0.051045130815197,1.0,0.03832972251272785
549,-0.5000000000000746,0.0496058985769083,1.0,0.03880162234013838
550,-0.4900000000000748,0.0482318760911435,1.0,0.039363741060320104
551,-0.480000000000075,0.0469227363773834,1.0,0.040007443034730764
552,-0.4700000000000752,0.045678432381211,1.0,0.040724395923450854
553,-0.4600000000000754,0.04449919857522,1.0,0.04150657739354469
554,-0.4500000000000757,0.043385554994933,1.0,0.04234628012791723
555,-0.4400000000000759,0.0423383139072983,1.0,0.043236115183015615
556,-0.4300000000000761,0.0413585893309524,1.0,0.04416901374680731
557,-0.4200000000000763,0.0404478096360793,1.0,0.045138227352406496
558,-0.4100000000000765,0.0396077334396176,1.0,0.0461373266072534
559,-0.4000000000000767,0.0388404689684828,1.0,0.0471601985026463
560,-0.3900000000000769,0.0381484969757069,1.0,0.04820104237340362
561,-0.3800000000000771,0.0375346971441271,1.0,0.049254364582277894
562,-0.3700000000000774,0.0370023776765911,1.0,0.05031497200820495
563,-0.3600000000000776,0.0365553074218009,1.0,0.051377964421378014
564,-0.3500000000000778,0.0361977493857058,1.0,0.05243872583131388
565,-0.340000000000078,0.0359344937882506,1.0,0.05349291489641182
566,-0.3300000000000782,0.0357708878978925,1.0,0.054536454484894234
567,-0.3200000000000784,0.0357128586637759,1.0,0.05556552047744927
568,-0.3100000000000786,0.0357669226249647,1.0,0.05657652990129635
569,-0.3000000000000788,0.03594017568069,1.0,0.057566128483876725
570,-0.2900000000000791,0.036240253059084,1.0,0.05853117771188602
571,-0.2800000000000793,0.0366752472792131,1.0,0.059468741478096734
572,-0.2700000000000795,0.0372535691899538,1.0,0.060376072394376375
573,-0.2600000000000797,0.0379837345097646,1.0,0.061250597844680385
574,-0.2500000000000799,0.038874056009161,1.0,0.062089905846684924
575,-0.2400000000000801,0.039932220004852,1.0,0.0628917307852594
576,-0.2300000000000803,0.041164725707527,1.0,0.06365393907534203
577,-0.2200000000000805,0.0425761678436582,1.0,0.06437451480607845
578,-0.2100000000000808,0.0441683477221229,1.0,0.06505154541250233
579,-0.200000000000081,0.0459392068002553,1.0,0.06568320741568033
580,-0.1900000000000812,0.0478815917280011,1.0,0.06626775226730626
581,-0.1800000000000814,0.0499818834596094,1.0,0.0668034923303006
582,-0.1700000000000816,0.0522185581855251,1.0,0.06728878702323593
583,-0.1600000000000818,0.0545607959672521,1.0,0.06772202915347456
584,-0.150000000000082,0.056967311080621,1.0,0.06810163146194113
585,-0.1400000000000822,0.0593856356048409,1.0,0.06842601340159128
586,-0.1300000000000825,0.0617521253548154,1.0,0.0686935881720482
587,-0.1200000000000827,0.0639929501540451,1.0,0.0689027500347522
588,-0.1100000000000829,0.066026257668093,1.0,0.06905186193645335
589,-0.1000000000000831,0.0677655558588947,1.0,0.06913924347427684
590,-0.0900000000000833,0.0691241616751911,1.0,0.06916315924307825
591,-0.0800000000000835,0.070020354605794,1.0,0.06912180761575266
592,-0.0700000000000837,0.0703827080460633,1.0,0.06901331001988237
593,-0.0600000000000839,0.070154999175042,1.0,0.06883570079003727
594,-0.0500000000000842,0.0693001457890647,1.0,0.06858691769467318
595,-0.0400000000000844,0.0678027771812584,1.0,0.0682647932604895
596,-0.0300000000000846,0.0656702715748892,1.0,0.06786704704601082
597,-0.0200000000000848,0.0629323207304193,1.0,0.06739127905085848
598,-0.010000000000085,0.0596392532209011,1.0,0.0668349644886533
599,-8.526512829121202e-14,0.0558594282268274,1.0,0.06619545020090148
600,0.0099999999999145,0.0516760052775982,1.0,0.06546995304788282
601,0.0199999999999143,0.0471833366706758,1.0,0.06465556068213532
602,0.029999999999914,0.0424831644396595,1.0,0.06374923519242849
603,0.0399999999999138,0.0376807676111191,1.0,0.06274782020341074
604,0.0499999999999136,0.0328812050634106,1.0,0.06164805213097174
605,0.0599999999999134,0.0281858092389012,1.0,0.060446576428816026
606,0.0699999999999132,0.0236890585797664,1.0,0.059139969821413584
607,0.079999999999913,0.0194758469644633,1.0,0.057724769706481285
608,0.0899999999999128,0.0156189761855729,1.0,0.056197512131378684
609,0.0999999999999126,0.0121765185359474,1.0,0.054554780007900885
610,0.1099999999999123,0.0091887454959342,1.0,0.052793263535462674
611,0.1199999999999121,0.006674828722786,1.0,0.05090983516122182
612,0.1299999999999119,0.004630450383322,1.0,0.048901641825922236
613,0.1399999999999117,0.0030281999111672,1.0,0.04676621773614005
614,0.1499999999999115,0.0018222471827156,1.0,0.044501621478416645
615,0.1599999999999113,0.0009570232612455,1.0,0.04210660196107165
616,0.1699999999999111,0.0003776838460281,1.0,0.03958079844918308
617,0.1799999999999109,3.96197141067544e-05,1.0,0.03692498086230522
618,0.1899999999999106,-8.449275576123498e-05,1.0,0.03414133754857951
619,0.1999999999999104,-1.4553763858232857e-15,1.0,0.03123381894849323
620,0.2099999999999102,0.000312547398345,1.0,0.028208546930619305
621,0.21999999999991,0.0008973579658482,1.0,0.02507430113042911
622,0.2299999999999098,0.0018170716189264,1.0,0.021843095354589028
623,0.2399999999999096,0.0031363998948523,1.0,0.018530859017071515
624,0.2499999999999094,0.0048981048070102,1.0,0.015158240618650797
625,0.2599999999999092,0.0071043384146227,1.0,0.011751552402795722
626,0.269999999999909,0.0097186747810337,1.0,0.008343877400752668
627,0.2799999999999087,0.0126900793892845,1.0,0.0049763619188439205
628,0.2899999999999085,0.0159837260021479,1.0,0.0016997178040865813
629,0.2999999999999083,0.0196027960098416,1.0,-0.0014240409433865179
630,0.3099999999999081,0.0235967109576592,1.0,-0.004319604209126332
631,0.3199999999999079,0.0280604441093354,1.0,-0.006896095927972514
632,0.3299999999999077,0.0331312176719894,1.0,-0.009044518845848996
633,0.3399999999999075,0.0389863495938248,1.0,-0.010634920179131167
634,0.3499999999999073,0.0458431574243187,1.0,-0.011513310330571314
635,0.359999999999907,0.0539600074824141,1.0,-0.011498407060270211
636,0.3699999999999068,0.0636366242163937,1.0,-0.010378337808927853
637,0.3799999999999066,0.0752112015089493,1.0,-0.007907520270372654
638,0.3899999999999064,0.0890514997502565,1.0,-0.0038040638381330325
639,0.3999999999999062,0.1055371039826923,1.0,0.002251800005505972
640,0.409999999999906,0.1250307227276403,1.0,0.010617537173600677
641,0.4199999999999058,0.1478382416211635,1.0,0.02168540204894598
642,0.4299999999999055,0.1741603895595141,1.0,0.035875542203314265
643,0.4399999999999053,0.2040428942676485,1.0,0.053623609712551125
644,0.4499999999999051,0.2373356089971443,1.0,0.07536125579276876
645,0.4599999999999049,0.2736723671499947,1.0,0.10148806849798613
646,0.4699999999999047,0.3124806355752059,1.0,0.13233422295247738
647,0.4799999999999045,0.3530232904888731,1.0,0.16811459170209658
648,0.4899999999999043,0.3944661261460008,1.0,0.20887744401416836
649,0.4999999999999041,0.4359575571620667,1.0,0.2544539726130401
650,0.5099999999999039,0.4767044118318644,1.0,0.30441801983804917
651,0.5199999999999037,0.5160304782170849,1.0,0.3580672334595498
652,0.5299999999999034,0.553410776415661,1.0,0.414435898497412
653,0.5399999999999032,0.5884814158766146,1.0,0.4723448441636525
654,0.549999999999903,0.6210299216677779,1.0,0.5304856223867683
655,0.5599999999999028,0.6509731245284699,1.0,0.587527038522217
656,0.5699999999999026,0.6783294986033128,1.0,0.6422256333231363
657,0.5799999999999024,0.703191226904846,1.0,0.6935206679199623
658,0.5899999999999022,0.7256992776822129,1.0,0.7405989437143835
659,0.599999999999902,0.7460230272244733,1.0,0.7829231864565471
660,0.6099999999999017,0.7643447272842852,1.0,0.8202263144945742
661,0.6199999999999015,0.78084839121303,1.0,0.852479920498748
662,0.6299999999999013,0.795712345552351,1.0,0.879847667702152
663,0.6399999999999011,0.8091046230851656,1.0,0.9026335791300799
664,0.6499999999999009,0.821180442274361,1.0,0.921232707759036
665,0.6599999999999007,0.8320811460551338,1.0,0.9360887175714641
666,0.6699999999999005,0.8419341122873939,1.0,0.9476603315628095
667,0.6799999999999002,0.850853274659754,1.0,0.9563967695119304
668,0.6899999999999,0.8589399970958214,1.0,0.9627212159935098
669,0.6999999999998998,0.8662841255037779,1.0,0.9670208698506011
670,0.7099999999998996,0.8729651005997724,1.0,0.9696420325706763
671,0.7199999999998994,0.8790530584121855,1.0,0.9708888236358943
672,0.7299999999998992,0.8846098748655147,1.0,0.9710243428652124
673,0.739999999999899,0.8896901309641359,1.0,0.9702733558276447
674,0.7499999999998987,0.8943419882851219,1.0,0.9688258164210513
675,0.7599999999998985,0.8986079728315689,1.0,0.9668407418955994
676,0.7699999999998983,0.9025256703273324,1.0,0.9644501151375041
677,0.7799999999998981,0.9061283388489256,1.0,0.9617626094946322
678,0.7899999999998979,0.9094454460602402,1.0,0.9588670186473539
679,0.7999999999998977,0.9125031387701604,1.0,0.9558353346882991
680,0.8099999999998975,0.915324652430002,1.0,0.9527254579738741
681,0.8199999999998973,0.9179306677647008,1.0,0.9495835478291709
682,0.829999999999897,0.9203396211434416,1.0,0.9464460381444729
683,0.8399999999998968,0.9225679746402072,1.0,0.943341349610586
684,0.8499999999998966,0.9246304510727568,1.0,0.9402913332574867
685,0.8599999999998964,0.926540238675034,1.0,0.9373124798516174
686,0.8699999999998962,0.9283091694718651,1.0,0.9344169278045453
687,0.879999999999896,0.9299478748945418,1.0,0.9316132993862628
688,0.8899999999998958,0.9314659217036212,1.0,0.928907391769429
689,0.8999999999998956,0.932871930869344,1.0,0.9263027461028094
690,0.9099999999998952,0.9341736816966754,1.0,0.9238011146294517
691,0.9199999999998952,0.9353782031663632,1.0,0.9214028429403119
692,0.9299999999998948,0.9364918541904322,1.0,0.919107181838095
693,0.9399999999998948,0.9375203942451524,1.0,0.9169125409916236
694,0.9499999999998944,0.9384690456419876,1.0,0.91481669457738
695,0.9599999999998944,0.9393425485229698,1.0,0.9128169474087344
696,0.969999999999894,0.9401452095174962,1.0,0.9109102686153892
697,0.9799999999998938,0.9408809448692476,1.0,0.9090933987245366
698,0.9899999999998936,0.941553318731795,1.0,0.9073629349808036
699,0.9999999999998934,0.9421655772368884,1.0,0.9057153988957528
700,1.0099999999998932,0.9427206788581632,1.0,0.9041472893142055
701,1.019999999999893,0.943221321523148,1.0,0.9026551237012923
702,1.0299999999998928,0.943669966866346,1.0,0.901235469871529
703,1.0399999999998926,0.9440688619644024,1.0,0.8998849699826547
704,1.0499999999998924,0.9444200588497664,1.0,0.8986003582882537
705,1.059999999999892,0.94472543206076,1.0,0.8973784738724194
706,1.069999999999892,0.9449866944527612,1.0,0.8962162693668755
707,1.0799999999998915,0.9452054114664968,1.0,0.8951108164677427
708,1.0899999999998915,0.9453830140246258,1.0,0.8940593089185527
709,1.0999999999998913,0.9455208102063312,1.0,0.893059063502463
710,1.109999999999891,0.9456199958310636,1.0,0.8921075194851226
711,1.1199999999998909,0.9456816640664866,1.0,0.891202236866387
712,1.1299999999998906,0.9457068141617482,1.0,0.8903408937308306
713,1.1399999999998904,0.9456963593951327,1.0,0.8895212829310706
714,1.1499999999998902,0.9456511343146826,1.0,0.8887413082921461
715,1.15999999999989,0.9455719013413156,1.0,0.887998980487747
716,1.1699999999998898,0.9454593567960996,1.0,0.8872924127084673
717,1.1799999999998896,0.9453141364065176,1.0,0.8866198162172971
718,1.1899999999998894,0.945136820340642,1.0,0.8859794958671859
719,1.1999999999998892,0.9449279378129714,1.0,0.8853698456389542
720,1.209999999999889,0.944687971301214,1.0,0.8847893442443615
721,1.2199999999998887,0.9444173604093844,1.0,0.8842365508282399
722,1.2299999999998883,0.9441165054091653,1.0,0.8837101007947945
723,1.2399999999998883,0.9437857704884944,1.0,0.8832087017760735
724,1.249999999999888,0.9434254867337007,1.0,0.8827311297549296
725,1.259999999999888,0.9430359548691882,1.0,0.8822762253502606
726,1.2699999999998877,0.942617447776612,1.0,0.881842890268709
727,1.2799999999998877,0.9421702128136528,1.0,0.8814300839241859
728,1.2899999999998872,0.9416944739508474,1.0,0.8810368202243792
729,1.299999999999887,0.941190433743467,1.0,0.8806621645216993
730,1.3099999999998868,0.9406582751540884,1.0,0.8803052307248558
731,1.3199999999998866,0.940098163240292,1.0,0.8799651785662839
732,1.3299999999998864,0.9395102467208062,1.0,0.8796412110199868
733,1.3399999999998862,0.9388946594324072,1.0,0.8793325718638765
734,1.349999999999886,0.9382515216889284,1.0,0.8790385433804145
735,1.3599999999998855,0.9375809415528832,1.0,0.8787584441891944
736,1.3699999999998855,0.9368830160293798,1.0,0.87849162720507
737,1.379999999999885,0.9361578321912716,1.0,0.8782374777154521
738,1.389999999999885,0.9354054682437734,1.0,0.8779954115705259
739,1.399999999999885,0.9346259945361308,1.0,0.877764873480254
740,1.409999999999885,0.9338194745273096,1.0,0.8775453354122588
741,1.4199999999998845,0.9329859657120966,1.0,0.8773362950848475
742,1.4299999999998845,0.932125520513474,1.0,0.8771372745497076
743,1.439999999999884,0.9312381871466052,1.0,0.8769478188590168
744,1.4499999999998838,0.9303240104593122,1.0,0.8767674948119699
745,1.4599999999998836,0.9293830327534456,1.0,0.8765958897759664
746,1.4699999999998834,0.928415294591148,1.0,0.8764326105779545
747,1.4799999999998832,0.9274208355895822,1.0,0.8762772824616606
748,1.489999999999883,0.9263996952073236,1.0,0.8761295481066774
749,1.4999999999998828,0.9253519135252266,1.0,0.8759890667056041
750,1.5099999999998823,0.9242775320242336,1.0,0.8758555130956632
751,1.5199999999998823,0.9231765943622382,1.0,0.8757285769414146
752,1.529999999999882,0.922049147151775,1.0,0.8756079619654039
753,1.539999999999882,0.9208952407399849,1.0,0.8754933852237657
754,1.5499999999998817,0.9197149299919688,1.0,0.8753845764239826
755,1.5599999999998817,0.9185082750783276,1.0,0.875281277282188
756,1.5699999999998813,0.917275342267353,1.0,0.8751832409175416
757,1.579999999999881,0.9160162047220198,1.0,0.8750902312813852
758,1.5899999999998808,0.9147309433015908,1.0,0.8750020226190073
759,1.5999999999998806,0.9134196473673296,1.0,0.8749183989620071
760,1.6099999999998804,0.9120824155914622,1.0,0.8748391536493557
761,1.6199999999998802,0.9107193567682046,1.0,0.8747640888753848
762,1.62999999999988,0.909330590625312,1.0,0.8746930152630409
763,1.6399999999998798,0.907916248634252,1.0,0.8746257514608617
764,1.6499999999998796,0.9064764748167564,1.0,0.874562123762202
765,1.6599999999998791,0.9050114265451122,1.0,0.8745019657453716
766,1.6699999999998791,0.9035212753332118,1.0,0.8744451179333981
767,1.679999999999879,0.90200620761498,1.0,0.8743914274722226
768,1.6899999999998787,0.9004664255064264,1.0,0.8743407478262258
769,1.6999999999998785,0.8989021475472,1.0,0.8742929384900272
770,1.7099999999998785,0.8973136094171339,1.0,0.8742478647155898
771,1.719999999999878,0.8957010646229014,1.0,0.8742053972537139
772,1.729999999999878,0.8940647851495468,1.0,0.874165412109065
773,1.7399999999998776,0.8924050620712914,1.0,0.8741277903079314
774,1.7499999999998774,0.8907222061156946,1.0,0.8740924176779664
775,1.7599999999998772,0.8890165481749248,1.0,0.8740591846392133
776,1.769999999999877,0.8872884397576141,1.0,0.8740279860057437
777,1.7799999999998768,0.8855382533745074,1.0,0.8739987207973078
778,1.7899999999998766,0.8837663828509006,1.0,0.8739712920604142
779,1.7999999999998764,0.8819732435586873,1.0,0.8739456066982892
780,1.809999999999876,0.880159272560689,1.0,0.8739215753092202
781,1.819999999999876,0.8783249286598908,1.0,0.8738991120328012
782,1.829999999999876,0.8764706923461605,1.0,0.8738781344036337
783,1.8399999999998755,0.8745970656331099,1.0,0.8738585632120681
784,1.8499999999998755,0.8727045717778547,1.0,0.8738403223715908
785,1.859999999999875,0.8707937548766491,1.0,0.8738233387924862
786,1.8699999999998749,0.8688651793296424,1.0,0.8738075422614333
787,1.8799999999998749,0.8669194291683863,1.0,0.8737928653267055
788,1.8899999999998744,0.8649571072401859,1.0,0.8737792431886753
789,1.8999999999998745,0.8629788342439425,1.0,0.8737666135953313
790,1.909999999999874,0.8609852476128061,1.0,0.8737549167425431
791,1.9199999999998736,0.8589770002397102,1.0,0.8737440951788172
792,1.9299999999998736,0.8569547590427258,1.0,0.8737340937143077
793,1.9399999999998732,0.8549192033681347,1.0,0.8737248593338597
794,1.9499999999998727,0.8528710232301848,1.0,0.873716341113871
795,1.959999999999873,0.8508109173876557,1.0,0.873708490142778
796,1.9699999999998727,0.8487395912585977,1.0,0.8737012594449749
797,1.9799999999998723,0.8466577546759606,1.0,0.8736946039079968
798,1.9899999999998723,0.8445661194882339,1.0,0.8736884802127943
799,1.999999999999872,0.8424653970106972,1.0,0.8736828467669493
800,-1.9900000000000428,0.4077496231564559,2.0,0.5141442460788871
801,-1.980000000000043,0.4029902362328101,2.0,0.49614732077937734
802,-1.9700000000000435,0.3974573249398386,2.0,0.4784384130142643
803,-1.9600000000000437,0.391176273114565,2.0,0.4610355903096596
804,-1.950000000000044,0.3841789539914277,2.0,0.44395560873146983
805,-1.940000000000044,0.3765032894894435,2.0,0.42721383650653977
806,-1.930000000000044,0.3681927209583091,2.0,0.41082419215080473
807,-1.9200000000000443,0.3592956009356782,2.0,0.39479909756155923
808,-1.9100000000000448,0.3498645170014192,2.0,0.3791494462463044
809,-1.9000000000000448,0.3399555603523804,2.0,0.3638845865824098
810,-1.890000000000045,0.3296275531685533,2.0,0.34901231973778013
811,-1.8800000000000447,0.3189412500783702,2.0,0.33453891163999333
812,-1.8700000000000452,0.3079585299273772,2.0,0.320469118165808
813,-1.8600000000000456,0.2967415944900262,2.0,0.30680622253903844
814,-1.8500000000000456,0.2853521906441533,2.0,0.29355208377569775
815,-1.840000000000046,0.2738508717985607,2.0,0.2807071949025835
816,-1.8300000000000465,0.2622963130222648,2.0,0.26827074959945435
817,-1.8200000000000465,0.2507446924188875,2.0,0.25624071587449665
818,-1.810000000000047,0.2392491489190384,2.0,0.2446139153758753
819,-1.800000000000047,0.2278593239635146,2.0,0.23338610696564752
820,-1.790000000000047,0.2166209916797844,2.0,0.22255207323262538
821,-1.780000000000047,0.2055757792793284,2.0,0.21210570869360096
822,-1.7700000000000475,0.1947609766786417,2.0,0.2020401085233996
823,-1.7600000000000475,0.1842094319031058,2.0,0.19234765675904483
824,-1.750000000000048,0.1739495267663723,2.0,0.18302011303759838
825,-1.7400000000000482,0.1640052256865642,2.0,0.17404869704697315
826,-1.7300000000000484,0.1543961893236934,2.0,0.16542416999060333
827,-1.7200000000000486,0.1451379439868159,2.0,0.15713691248706918
828,-1.7100000000000488,0.1362420974252602,2.0,0.14917699844198606
829,-1.700000000000049,0.1277165916298173,2.0,0.141534264539512
830,-1.6900000000000492,0.1195659835635647,2.0,0.1341983751029925
831,-1.6800000000000497,0.1117917452534395,2.0,0.12715888216747948
832,-1.6700000000000497,0.1043925753436424,2.0,0.12040528069024527
833,-1.66000000000005,0.0973647149887255,2.0,0.1139270588987388
834,-1.65000000000005,0.0907022618054907,2.0,0.10771374383855176
835,-1.6400000000000503,0.0843974764747333,2.0,0.10175494223720069
836,-1.6300000000000503,0.0784410774599045,2.0,0.09604037684328225
837,-1.6200000000000507,0.0728225201692051,2.0,0.09055991843545544
838,-1.610000000000051,0.0675302577136233,2.0,0.08530361372248094
839,-1.6000000000000512,0.0625519811923338,2.0,0.0802617093749634
840,-1.5900000000000514,0.0578748381571353,2.0,0.07542467244237445
841,-1.5800000000000516,0.0534856285596993,2.0,0.07078320741616229
842,-1.5700000000000518,0.0493709780620117,2.0,0.06632827020211976
843,-1.560000000000052,0.045517489086351,2.0,0.0620510792634751
844,-1.5500000000000522,0.0419118703939353,2.0,0.05794312419104992
845,-1.5400000000000524,0.0385410463110964,2.0,0.05399617194903567
846,-1.5300000000000529,0.0353922469710995,2.0,0.05020227103500305
847,-1.5200000000000529,0.0324530811135685,2.0,0.04655375378128021
848,-1.510000000000053,0.0297115930887575,2.0,0.04304323701217176
849,-1.5000000000000533,0.0271563057589221,2.0,0.03966362125818236
850,-1.4900000000000535,0.0247762509829914,2.0,0.036408088714662196
851,-1.4800000000000535,0.0225609893229874,2.0,0.033270100118474845
852,-1.470000000000054,0.0205006205305526,2.0,0.03024339070259769
853,-1.460000000000054,0.0185857862681899,2.0,0.027321965375190403
854,-1.4500000000000544,0.0168076664002528,2.0,0.02450009325676081
855,-1.4400000000000546,0.0151579700602046,2.0,0.021772301696732787
856,-1.4300000000000548,0.0136289225688698,2.0,0.019133369879023934
857,-1.420000000000055,0.0122132491479166,2.0,0.016578322115292712
858,-1.4100000000000552,0.0109041562471712,2.0,0.014102420914265022
859,-1.4000000000000554,0.0096953111860646,2.0,0.011701159906090027
860,-1.3900000000000556,0.0085808207003114,2.0,0.009370256691947946
861,-1.3800000000000558,0.007555208885764,2.0,0.007105645681161628
862,-1.370000000000056,0.0066133949426988,2.0,0.004903470970813621
863,-1.3600000000000565,0.0057506710455719,2.0,0.0027600793163320447
864,-1.3500000000000565,0.0049626805951405,2.0,0.0006720132356038251
865,-1.3400000000000567,0.0042453970512279,2.0,-0.0013639957160483762
866,-1.330000000000057,0.0035951034945553,2.0,-0.0033510334673519434
867,-1.3200000000000571,0.0030083730241719,2.0,-0.005292009720441614
868,-1.3100000000000571,0.0024820500622469,2.0,-0.007189663983074164
869,-1.3000000000000576,0.0020132326094677,2.0,-0.009046571321742742
870,-1.2900000000000578,0.0015992554712708,2.0,-0.010865147816368914
871,-1.280000000000058,0.0012376744568032,2.0,-0.012647655699465831
872,-1.2700000000000582,0.0009262515382375,2.0,-0.014396208164455814
873,-1.2600000000000584,0.000662940947173,2.0,-0.01611277382931873
874,-1.2500000000000586,0.0004458761768463,2.0,-0.017799180842861046
875,-1.2400000000000588,0.0002733578532212,2.0,-0.019457120621730484
876,-1.230000000000059,0.0001438424343294,2.0,-0.02108815120686498
877,-1.2200000000000593,5.593169513843065e-05,2.0,-0.022693700228344965
878,-1.2100000000000597,8.362954383393104e-06,2.0,-0.024275067467705906
879,-1.2000000000000597,0.0,2.0,-0.025833427006604275
880,-1.19000000000006,2.9824670770185585e-05,2.0,-0.027369828950388923
881,-1.18000000000006,9.692905338349608e-05,2.0,-0.02888520071462694
882,-1.1700000000000603,0.0002005082561419,2.0,-0.030380347861936753
883,-1.1600000000000603,0.0003398537228871,2.0,-0.031855954475677545
884,-1.1500000000000608,0.0005143470532686,2.0,-0.03331258305610021
885,-1.140000000000061,0.0007234542981214,2.0,-0.034750673923521325
886,-1.1300000000000612,0.0009667207014049,2.0,-0.03617054411196815
887,-1.1200000000000614,0.0012437658627824,2.0,-0.037572385735545624
888,-1.1100000000000616,0.0015542792974724,2.0,-0.03895626380857521
889,-1.1000000000000618,0.0018980163723995,2.0,-0.04032211349934204
890,-1.090000000000062,0.0022747945998868,2.0,-0.04166973679608868
891,-1.0800000000000622,0.0026844902721508,2.0,-0.04299879856281373
892,-1.0700000000000625,0.0031270354216302,2.0,-0.044308821961444936
893,-1.060000000000063,0.0036024150937073,2.0,-0.045599183216146505
894,-1.0500000000000629,0.0041106649196587,2.0,-0.046869105695013166
895,-1.040000000000063,0.0046518689786821,2.0,-0.04811765328416494
896,-1.0300000000000633,0.0052261579386085,2.0,-0.0493437230295042
897,-1.0200000000000635,0.0058337074654427,2.0,-0.05054603702216278
898,-1.0100000000000635,0.0064747368921724,2.0,-0.051723133505130796
899,-1.000000000000064,0.0071495081374139,2.0,-0.0528733571808425
900,-0.9900000000000642,0.0078583248644109,2.0,-0.05399484870282237
901,-0.9800000000000644,0.0086015318707392,2.0,-0.05508553333903827
902,-0.9700000000000646,0.0093795146988116,2.0,-0.05614310880064217
903,-0.9600000000000648,0.01019269945698,2.0,-0.05716503223755429
904,-0.950000000000065,0.0110415528407232,2.0,-0.05814850641221941
905,-0.9400000000000652,0.0119265823431244,2.0,-0.059090465075133776
906,-0.9300000000000654,0.0128483366436345,2.0,-0.059987557580878904
907,-0.9200000000000657,0.0138074061639789,2.0,-0.06083613280176187
908,-0.910000000000066,0.0148044237800475,2.0,-0.06163222241831035
909,-0.9000000000000661,0.0158400656786999,2.0,-0.06237152369225131
910,-0.8900000000000663,0.0169150523486025,2.0,-0.06304938185879383
911,-0.8800000000000665,0.0180301496945309,2.0,-0.06366077231159185
912,-0.8700000000000667,0.0191861702649133,2.0,-0.06420028279619557
913,-0.8600000000000669,0.02038397458279,2.0,-0.06466209587670846
914,-0.8500000000000671,0.0216244725707168,2.0,-0.06503997199609887
915,-0.8400000000000674,0.022908625060422,2.0,-0.0653272335136566
916,-0.8300000000000676,0.0242374453781179,2.0,-0.06551675017350142
917,-0.8200000000000678,0.0256120009962457,2.0,-0.06560092653588821
918,-0.810000000000068,0.027033415241936,2.0,-0.06557169198791223
919,-0.8000000000000682,0.0285028690515678,2.0,-0.0654204940413393
920,-0.7900000000000684,0.0300216027593716,2.0,-0.06513829572135144
921,-0.7800000000000686,0.0315909179059556,2.0,-0.06471557794909041
922,-0.7700000000000689,0.0332121790498576,2.0,-0.06414234792015987
923,-0.7600000000000691,0.0348868155616371,2.0,-0.06340815457711918
924,-0.7500000000000693,0.0366163233755537,2.0,-0.06250211236158736
925,-0.7400000000000695,0.0384022666684488,2.0,-0.061412934505002285
926,-0.7300000000000697,0.040246279429031,2.0,-0.06012897716901813
927,-0.7200000000000699,0.0421500668732841,2.0,-0.0586382957684957
928,-0.7100000000000701,0.044115406653242,2.0,-0.05692871479220691
929,-0.7000000000000703,0.0461441497968357,2.0,-0.05498791236794587
930,-0.6900000000000706,0.0482382213060691,2.0,-0.052803520688092936
931,-0.6800000000000708,0.0503996203294519,2.0,-0.050363243207091526
932,-0.670000000000071,0.052630419812629,2.0,-0.04765498923250173
933,-0.6600000000000712,0.0549327655186456,2.0,-0.044667026146507714
934,-0.6500000000000714,0.0573088742966061,2.0,-0.041388149007941216
935,-0.6400000000000716,0.0597610314649183,2.0,-0.03780786669301722
936,-0.6300000000000718,0.0622915871633131,2.0,-0.03391660303873372
937,-0.620000000000072,0.0649029515168401,2.0,-0.029705910666112223
938,-0.6100000000000723,0.0675975884456572,2.0,-0.025168694299771026
939,-0.6000000000000725,0.0703780079472614,2.0,-0.020299439494147316
940,-0.5900000000000727,0.073246756673525,2.0,-0.015094441764027728
941,-0.5800000000000729,0.0762064066242624,2.0,-0.00955203024714077
942,-0.5700000000000731,0.0792595417827968,2.0,-0.003672779257795783
943,-0.5600000000000733,0.0824087425278852,2.0,0.002540299512159837
944,-0.5500000000000735,0.0856565676711378,2.0,0.009081591757836032
945,-0.5400000000000738,0.0890055339904151,2.0,0.015942749974159346
946,-0.530000000000074,0.0924580931581738,2.0,0.023112604914759773
947,-0.5200000000000742,0.096016605999805,2.0,0.03057712581283596
948,-0.5100000000000744,0.0996833140609538,2.0,0.03831943498293838
949,-0.5000000000000746,0.1034603085145824,2.0,0.04631988091943186
950,-0.4900000000000748,0.1073494964980168,2.0,0.05455617213906001
951,-0.480000000000075,0.111352565036727,2.0,0.06300357185564598
952,-0.4700000000000752,0.115470942784332,2.0,0.07163515122955401
953,-0.4600000000000754,0.1197057598859962,2.0,0.08042209653318158
954,-0.4500000000000757,0.1240578063534021,2.0,0.08933406326241233
955,-0.4400000000000759,0.1285274894217799,2.0,0.09833956815237621
956,-0.4300000000000761,0.1331147904408645,2.0,0.10740640836433929
957,-0.4200000000000763,0.1378192219293355,2.0,0.11650209591629297
958,-0.4100000000000765,0.1426397854936102,2.0,0.12559429481573062
959,-0.4000000000000767,0.1475749313736688,2.0,0.13465124835927078
960,-0.3900000000000769,0.1526225204280405,2.0,0.143642184683669
961,-0.3800000000000771,0.1577797894040983,2.0,0.1525376898343733
962,-0.3700000000000774,0.1630433203558797,2.0,0.16131003926942467
963,-0.3600000000000776,0.1684090150673272,2.0,0.16993348071647973
964,-0.3500000000000778,0.1738720753124013,2.0,0.17838446350969037
965,-0.340000000000078,0.1794269897337609,2.0,0.18664181180720027
966,-0.3300000000000782,0.1850675280481946,2.0,0.1946868412932095
967,-0.3200000000000784,0.1907867431901113,2.0,0.20250342098348809
968,-0.3100000000000786,0.1965769818853936,2.0,0.21007798348837486
969,-0.3000000000000788,0.2024299040089201,2.0,0.21739948848113233
970,-0.2900000000000791,0.2083365109229824,2.0,0.2244593451412254
971,-0.2800000000000793,0.2142871828243895,2.0,0.2312512999890564
972,-0.2700000000000795,0.2202717249496097,2.0,0.23777129682260417
973,-0.2600000000000797,0.2262794223046583,2.0,0.24401731544694735
974,-0.2500000000000799,0.2322991024048282,2.0,0.24998919560675958
975,-0.2400000000000801,0.2383192053339189,2.0,0.2556884520474675
976,-0.2300000000000803,0.2443278602687744,2.0,0.2611180860016302
977,-0.2200000000000805,0.2503129674673746,2.0,0.2662823976787508
978,-0.2100000000000808,0.2562622845921482,2.0,0.2711868035782799
979,-0.200000000000081,0.2621635161382419,2.0,0.2758376616882068
980,-0.1900000000000812,0.2680044046624246,2.0,0.28024210690752616
981,-0.1800000000000814,0.2737728224641786,2.0,0.284407898363589
982,-0.1700000000000816,0.2794568623576975,2.0,0.28834327970024126
983,-0.1600000000000818,0.285044926192104,2.0,0.29205685289807226
984,-0.150000000000082,0.2905258098265794,2.0,0.29555746575664205
985,-0.1400000000000822,0.2958887833454936,2.0,0.29885411281825763
986,-0.1300000000000825,0.3011236654034739,2.0,0.3019558492385712
987,-0.1200000000000827,0.3062208907183529,2.0,0.30487171690366743
988,-0.1100000000000829,0.311171569877073,2.0,0.3076106819477516
989,-0.1000000000000831,0.3159675407814193,2.0,0.310181582731059
990,-0.0900000000000833,0.3206014112321892,2.0,0.31259308728511437
991,-0.0800000000000835,0.3250665923271112,2.0,0.31485365921342134
992,-0.0700000000000837,0.3293573225246349,2.0,0.3169715310422011
993,-0.0600000000000839,0.3334686823980562,2.0,0.3189546840409079
994,-0.0500000000000842,0.3373966002678381,2.0,0.32081083356974877
995,-0.0400000000000844,0.34113784905089,2.0,0.32254741905611517
996,-0.0300000000000846,0.3446900348005026,2.0,0.3241715977492045
997,-0.0200000000000848,0.3480515775273746,2.0,0.32569024144849307
998,-0.010000000000085,0.351221684988693,2.0,0.32710993544398914
999,-8.526512829121202e-14,0.3542003202076157,2.0,0.32843697894180723
1000,0.0099999999999145,0.3569881635394332,2.0,0.3296773862754003
1001,0.0199999999999143,0.3595865701334,2.0,0.3308368882188964
1002,0.029999999999914,0.3619975236517909,2.0,0.3319209327228081
1003,0.0399999999999138,0.3642235871015371,2.0,0.3329346843824062
1004,0.0499999999999136,0.3662678516107284,2.0,0.3338830219238631
1005,0.0599999999999134,0.3681338839445307,2.0,0.3347705329514488
1006,0.0699999999999132,0.3698256735050189,2.0,0.3356015051391593
1007,0.079999999999913,0.3713475794996053,2.0,0.3363799129706898
1008,0.0899999999999128,0.3727042788955254,2.0,0.33710939903096293
1009,0.0999999999999126,0.3739007157057891,2.0,0.3377932487288468
1010,0.1099999999999123,0.3749420520772166,2.0,0.3384343571823506
1011,0.1199999999999121,0.3758336215758066,2.0,0.33903518682249467
1012,0.1299999999999119,0.3765808849904953,2.0,0.33959771406804323
1013,0.1399999999999117,0.3771893889048798,2.0,0.3401233631878909
1014,0.1499999999999115,0.377664727219007,2.0,0.3406129251982563
1015,0.1599999999999113,0.3780125057407725,2.0,0.34106645933450386
1016,0.1699999999999111,0.3782383099096053,2.0,0.3414831742879058
1017,0.1799999999999109,0.3783476756643753,2.0,0.3418612860001027
1018,0.1899999999999106,0.3783460634230381,2.0,0.34219784835434314
1019,0.1999999999999104,0.378238835103572,2.0,0.3424885525816639
1020,0.2099999999999102,0.3780312340839906,2.0,0.34272749059691127
1021,0.21999999999991,0.3777283679735348,2.0,0.34290687677361953
1022,0.2299999999999098,0.377335194047016,2.0,0.34301672183257137
1023,0.2399999999999096,0.3768565071794357,2.0,0.34304445152573115
1024,0.2499999999999094,0.3762969301077983,2.0,0.342974461613304
1025,0.2599999999999092,0.3756609058409983,2.0,0.342787599232886
1026,0.269999999999909,0.374952692036336,2.0,0.34246055914953727
1027,0.2799999999999087,0.374176357161901,2.0,0.3419651816238406
1028,0.2899999999999085,0.3733357782674671,2.0,0.3412676369506208
1029,0.2999999999999083,0.3724346401919587,2.0,0.34032748058631174
1030,0.3099999999999081,0.3714764360427839,2.0,0.33909656319602105
1031,0.3199999999999079,0.370464468790709,2.0,0.33751778386339465
1032,0.3299999999999077,0.3694018538333811,2.0,0.33552368581280395
1033,0.3399999999999075,0.3682915223905768,2.0,0.3330349191751021
1034,0.3499999999999073,0.3671362256045736,2.0,0.3299586473074922
1035,0.359999999999907,0.3659385392295251,2.0,0.3261870754742287
1036,0.3699999999999068,0.3647008688040363,2.0,0.32159647700151134
1037,0.3799999999999066,0.3634254552113287,2.0,0.31604746419378377
1038,0.3899999999999064,0.3621143805410967,2.0,0.3093879543315812
1039,0.3999999999999062,0.3607695741765523,2.0,0.3014616118302319
1040,0.409999999999906,0.359392819038901,2.0,0.2921270806898046
1041,0.4199999999999058,0.3579857579298004,2.0,0.2812981745423817
1042,0.4299999999999055,0.35654989991996,2.0,0.2690245180175729
1043,0.4399999999999053,0.3550866267391245,2.0,0.2556498691881065
1044,0.4499999999999051,0.3535971991291287,2.0,0.24211745985442565
1045,0.4599999999999049,0.3520827631275699,2.0,0.2305407258368047
1046,0.4699999999999047,0.3505443562549363,2.0,0.22518812688056913
1047,0.4799999999999045,0.348982913582782,2.0,0.23382701854629398
1048,0.4899999999999043,0.3473992736647539,2.0,0.2682017020104356
1049,0.4999999999999041,0.3457941843160388,2.0,0.3393338860478834
1050,0.5099999999999039,0.3441683082300596,2.0,0.4424393208115334
1051,0.5199999999999037,0.3425222284241799,2.0,0.5431256585237981
1052,0.5299999999999034,0.3408564535086171,2.0,0.5967094643440342
1053,0.5399999999999032,0.3391714227749634,2.0,0.5876715138212755
1054,0.549999999999903,0.3374675111025201,2.0,0.53474263604642
1055,0.5599999999999028,0.3357450336822402,2.0,0.4662160723160419
1056,0.5699999999999026,0.3340042505593421,2.0,0.4020947117612412
1057,0.5799999999999024,0.3322453709967899,2.0,0.3512435941949793
1058,0.5899999999999022,0.3304685576626671,2.0,0.3151191964780722
1059,0.599999999999902,0.3286739306452232,2.0,0.29175386182790186
1060,0.6099999999999017,0.326861571299917,2.0,0.2781972200424241
1061,0.6199999999999015,0.325031525933207,2.0,0.271640506909556
1062,0.6299999999999013,0.3231838093281444,2.0,0.2697972625138162
1063,0.6399999999999011,0.3213184081170684,2.0,0.27094700156083285
1064,0.6499999999999009,0.3194352840067888,2.0,0.27385571271506587
1065,0.6599999999999007,0.3175343768617469,2.0,0.27766855424128706
1066,0.6699999999999005,0.3156156076506076,2.0,0.28181117819052603
1067,0.6799999999999002,0.3136788812617211,2.0,0.2859101553100224
1068,0.6899999999999,0.3117240891927629,2.0,0.2897327493701952
1069,0.6999999999998998,0.3097511121197705,2.0,0.2931429447736395
1070,0.7099999999998996,0.3077598223506266,2.0,0.2960700600124832
1071,0.7199999999998994,0.3057500861678645,2.0,0.29848669387691873
1072,0.7299999999998992,0.3037217660654884,2.0,0.3003934159561299
1073,0.739999999999899,0.3016747228843065,2.0,0.30180825079938467
1074,0.7499999999998987,0.2996088178500328,2.0,0.3027595308164036
1075,0.7599999999998985,0.2975239145182451,2.0,0.30328109688515775
1076,0.7699999999998983,0.2954198806300186,2.0,0.30340912414673266
1077,0.7799999999998981,0.2932965898818663,2.0,0.30318006599405317
1078,0.7899999999998979,0.2911539236133795,2.0,0.3026293625776529
1079,0.7999999999998977,0.2889917724157491,2.0,0.3017906681641505
1080,0.8099999999998975,0.2868100376641195,2.0,0.3006954272981843
1081,0.8199999999998973,0.2846086329765318,2.0,0.2993726824356564
1082,0.829999999999897,0.2823874856019803,2.0,0.2978490323712533
1083,0.8399999999998968,0.2801465377399285,2.0,0.2961486862248947
1084,0.8499999999998966,0.2778857477934002,2.0,0.2942935753872894
1085,0.8599999999998964,0.2756050915575911,2.0,0.2923034980341656
1086,0.8699999999998962,0.2733045633457526,2.0,0.290196279258862
1087,0.879999999999896,0.2709841770538982,2.0,0.28798793569494047
1088,0.8899999999998958,0.268643967165744,2.0,0.2856928375036554
1089,0.8999999999998956,0.266283989699086,2.0,0.28332386334058657
1090,0.9099999999998952,0.263904323094674,2.0,0.2808925457773542
1091,0.9199999999998952,0.2615050690484865,2.0,0.27840920590640517
1092,0.9299999999998948,0.2590863532881471,2.0,0.27588307668641476
1093,0.9399999999998948,0.2566483262940997,2.0,0.273322415123128
1094,0.9499999999998944,0.2541911639659963,2.0,0.27073460371653396
1095,0.9599999999998944,0.2517150682346527,2.0,0.26812624180352024
1096,0.969999999999894,0.2492202676197784,2.0,0.26550322752999184
1097,0.9799999999998938,0.246707017733603,2.0,0.2628708312287491
1098,0.9899999999998936,0.244175601730373,2.0,0.260233760980713
1099,0.9999999999998934,0.241626330701649,2.0,0.25759622111228214
1100,1.0099999999998932,0.239059544017195,2.0,0.2549619643410292
1101,1.019999999999893,0.236475609611205,2.0,0.252334338232579
1102,1.0299999999998928,0.233874924213525,2.0,0.24971632657819243
1103,1.0399999999998926,0.2312579135254702,2.0,0.2471105862484107
1104,1.0499999999998924,0.2286250323397956,2.0,0.2445194800251874
1105,1.059999999999892,0.2259767646043192,2.0,0.24194510586449033
1106,1.069999999999892,0.2233136234286887,2.0,0.2393893229941736
1107,1.0799999999998915,0.2206361510337444,2.0,0.2368537752083213
1108,1.0899999999998915,0.2179449186429444,2.0,0.23433991167941437
1109,1.0999999999998913,0.215240526315299,2.0,0.23184900557351668
1110,1.109999999999891,0.2125236027193094,2.0,0.2293821707210728
1111,1.1199999999998909,0.2097948048474014,2.0,0.22694037656667193
1112,1.1299999999998906,0.2070548176704236,2.0,0.22452446159498138
1113,1.1399999999998904,0.2043043537318047,2.0,0.22213514540680235
1114,1.1499999999998902,0.2015441526810566,2.0,0.2197730395985189
1115,1.15999999999989,0.1987749807463825,2.0,0.21743865757992198
1116,1.1699999999998898,0.1959976301462585,2.0,0.21513242344919659
1117,1.1799999999998896,0.1932129184399447,2.0,0.21285468002960217
1118,1.1899999999998894,0.1904216878170356,2.0,0.2106056961597739
1119,1.1999999999998892,0.1876248043262816,2.0,0.2083856733185316
1120,1.209999999999889,0.1848231570440595,2.0,0.20619475165534465
1121,1.2199999999998887,0.1820176571830563,2.0,0.2040330154890643
1122,1.2299999999998883,0.1792092371418789,2.0,0.20190049833006077
1123,1.2399999999998883,0.1763988494965188,2.0,0.1997971874743285
1124,1.249999999999888,0.1735874659347788,2.0,0.19772302821238075
1125,1.259999999999888,0.1707760761349863,2.0,0.19567792769073403
1126,1.2699999999998877,0.167965686590553,2.0,0.19366175845936578
1127,1.2799999999998877,0.1651573193821277,2.0,0.1916743617346974
1128,1.2899999999998872,0.1623520108993779,2.0,0.18971555040427596
1129,1.299999999999887,0.1595508105146252,2.0,0.18778511179638896
1130,1.3099999999998868,0.1567547792108454,2.0,0.18588281023527523
1131,1.3199999999998866,0.153964988166759,2.0,0.1840083894003365
1132,1.3299999999998864,0.1511825173020115,2.0,0.18216157450579087
1133,1.3399999999998862,0.1484084537856806,2.0,0.18034207431547528
1134,1.349999999999886,0.1456438905115937,2.0,0.178549583006005
1135,1.3599999999998855,0.1428899245441713,2.0,0.17678378189015348
1136,1.3699999999998855,0.1401476555387845,2.0,0.1750443410111778
1137,1.379999999999885,0.1374181841407808,2.0,0.17333092061775698
1138,1.389999999999885,0.1347026103676189,2.0,0.17164317252834926
1139,1.399999999999885,0.1320020319786947,2.0,0.16998074139293784
1140,1.409999999999885,0.1293175428376824,2.0,0.16834326585947273
1141,1.4199999999998845,0.1266502312723577,2.0,0.16673037965165646
1142,1.4299999999998845,0.1240011784370298,2.0,0.16514171256419635
1143,1.439999999999884,0.1213714566828732,2.0,0.1635768913811409
1144,1.4499999999998838,0.1187621279415182,2.0,0.1620355407224816
1145,1.4599999999998836,0.1161742421273947,2.0,0.16051728382380281
1146,1.4699999999998834,0.1136088355643647,2.0,0.15902174325342833
1147,1.4799999999998832,0.1110669294422271,2.0,0.15754854157115858
1148,1.489999999999883,0.1085495283086906,2.0,0.15609730193244598
1149,1.4999999999998828,0.1060576186023963,2.0,0.15466764864156388
1150,1.5099999999998823,0.1035921672325313,2.0,0.15325920765710146
1151,1.5199999999998823,0.1011541202104875,2.0,0.151871607052893
1152,1.529999999999882,0.0987444013389362,2.0,0.15050447743729534
1153,1.539999999999882,0.0963639109635321,2.0,0.14915745233353886
1154,1.5499999999998817,0.0940135247923232,2.0,0.14783016852371839
1155,1.5599999999998817,0.0916940927877252,2.0,0.14652226635881235
1156,1.5699999999998813,0.089406438135722,2.0,0.1452333900370058
1157,1.579999999999881,0.0871513562966751,2.0,0.1439631878524207
1158,1.5899999999998808,0.0849296141418839,2.0,0.14271131241626647
1159,1.5999999999998806,0.0827419491797132,2.0,0.14147742085227313
1160,1.6099999999998804,0.0805890688747799,2.0,0.1402611749681899
1161,1.6199999999998802,0.0784716500633679,2.0,0.13906224140499987
1162,1.62999999999988,0.0763903384678368,2.0,0.1378802917654229
1163,1.6399999999998798,0.0743457483124492,2.0,0.13671500272318407
1164,1.6499999999998796,0.0723384620425958,2.0,0.13556605611443043
1165,1.6599999999998791,0.0703690301490266,2.0,0.1344331390126056
1166,1.6699999999998791,0.0684379710982458,2.0,0.13331594378801026
1167,1.679999999999879,0.0665457713698039,2.0,0.13221416815320824
1168,1.6899999999998787,0.0646928856007941,2.0,0.13112751519535812
1169,1.6999999999998785,0.0628797368374047,2.0,0.13005569339650552
1170,1.7099999999998785,0.0611067168929545,2.0,0.1289984166427805
1171,1.719999999999878,0.0593741868113983,2.0,0.1279554042234215
1172,1.729999999999878,0.057682477434853,2.0,0.12692638082045396
1173,1.7399999999998776,0.0560318900732877,2.0,0.1259110764898311
1174,1.7499999999998774,0.0544226972741008,2.0,0.1249092266347806
1175,1.7599999999998772,0.0528551436889102,2.0,0.12392057197204759
1176,1.769999999999877,0.0513294470345143,2.0,0.12294485849169956
1177,1.7799999999998768,0.0498457991446016,2.0,0.12198183741109532
1178,1.7899999999998766,0.0484043671084651,2.0,0.12103126512359486
1179,1.7999999999998764,0.0470052944926395,2.0,0.12009290314254335
1180,1.809999999999876,0.0456487026411038,2.0,0.11916651804103116
1181,1.819999999999876,0.0443346920494031,2.0,0.11825188138789239
1182,1.829999999999876,0.0430633438078127,2.0,0.11734876968037379
1183,1.8399999999998755,0.0418347211084594,2.0,0.11645696427388605
1184,1.8499999999998755,0.040648870811101,2.0,0.11557625130920252
1185,1.859999999999875,0.039505825062142,2.0,0.11470642163746612
1186,1.8699999999998749,0.0384056029613078,2.0,0.11384727074331634
1187,1.8799999999998749,0.0373482122703089,2.0,0.11299859866644496
1188,1.8899999999998744,0.0363336511577561,2.0,0.11216020992185824
1189,1.8999999999998745,0.0353619099745327,2.0,0.11133191341909805
1190,1.909999999999874,0.0344329730538131,2.0,0.11051352238066067
1191,1.9199999999998736,0.0335468205299211,2.0,0.10970485425983585
1192,1.9299999999998736,0.0327034301702363,2.0,0.10890573065816471
1193,1.9399999999998732,0.0319027792144115,2.0,0.1081159772427002
1194,1.9499999999998727,0.0311448462152133,2.0,0.10733542366324315
1195,1.959999999999873,0.0304296128753749,2.0,0.10656390346970582
1196,1.9699999999998727,0.0297570658749377,2.0,0.10580125402975005
1197,1.9799999999998723,0.0291271986836429,2.0,0.10504731644682132
1198,1.9899999999998723,0.0285400133530423,2.0,0.10430193547870474
1199,1.999999999999872,0.0279955222830813,2.0,0.10356495945670537
1200,-1.9900000000000428,0.1352901999091971,3.0,0.08007836962187706
1201,-1.980000000000043,0.1391949460791268,3.0,0.08651128689816366
1202,-1.9700000000000435,0.1431936091339674,3.0,0.09303673427722083
1203,-1.9600000000000437,0.1472873186353239,3.0,0.09964822325136564
1204,-1.950000000000044,0.1514771227520903,3.0,0.10633910456042274
1205,-1.940000000000044,0.1557639783215559,3.0,0.11310259136109246
1206,-1.930000000000044,0.1601487402267323,3.0,0.11993178288689112
1207,-1.9200000000000443,0.1646321500882456,3.0,0.12681968843009278
1208,-1.9100000000000448,0.1692148242782836,3.0,0.13375925147482232
1209,-1.9000000000000448,0.1738972412745334,3.0,0.14074337381026075
1210,-1.890000000000045,0.1786797283837715,3.0,0.14776493945481312
1211,-1.8800000000000447,0.1835624478774971,3.0,0.1548168382260454
1212,-1.8700000000000452,0.1885453825954257,3.0,0.16189198879708197
1213,-1.8600000000000456,0.1936283210878411,3.0,0.16898336108797216
1214,-1.8500000000000456,0.1988108423825508,3.0,0.17608399784994255
1215,-1.840000000000046,0.2040923004781096,3.0,0.1831870353114851
1216,-1.8300000000000465,0.2094718086808601,3.0,0.19028572276746764
1217,-1.8200000000000465,0.2149482239191658,3.0,0.19737344100580914
1218,-1.810000000000047,0.2205201311833256,3.0,0.20444371948042403
1219,-1.800000000000047,0.2261858282546746,3.0,0.21149025215385345
1220,-1.790000000000047,0.2319433109003887,3.0,0.21850691194804783
1221,-1.780000000000047,0.237790258722656,3.0,0.22548776375687296
1222,-1.7700000000000475,0.2437240218608839,3.0,0.23242707598884027
1223,-1.7600000000000475,0.2497416087532104,3.0,0.23931933062313468
1224,-1.750000000000048,0.2558396751689095,3.0,0.24615923177597523
1225,-1.7400000000000482,0.2620145147251417,3.0,0.25294171278759253
1226,-1.7300000000000484,0.2682620511005367,3.0,0.259661941852407
1227,-1.7200000000000486,0.2745778321533128,3.0,0.26631532622633947
1228,-1.7100000000000488,0.2809570261433285,3.0,0.2728975150553631
1229,-1.700000000000049,0.2873944202451882,3.0,0.2794044008784664
1230,-1.6900000000000492,0.2938844215235392,3.0,0.285832119865996
1231,-1.6800000000000497,0.3004210605216322,3.0,0.29217705086097845
1232,-1.6700000000000497,0.306997997590956,3.0,0.29843581329637614
1233,-1.66000000000005,0.3136085320623986,3.0,0.30460526406545463
1234,-1.65000000000005,0.3202456143293319,3.0,0.3106824934254779
1235,-1.6400000000000503,0.3269018608803868,3.0,0.3166648200169186
1236,-1.6300000000000503,0.333569572284037,3.0,0.32254978508134685
1237,-1.6200000000000507,0.3402407540909308,3.0,0.328335145961148
1238,-1.610000000000051,0.346907140581622,3.0,0.3340188689634604
1239,-1.6000000000000512,0.3535602212495057,3.0,0.339599121669079
1240,-1.5900000000000514,0.3601912698707798,3.0,0.3450742647649011
1241,-1.5800000000000516,0.3667913759767964,3.0,0.35044284347565047
1242,-1.5700000000000518,0.3733514785089259,3.0,0.3557035786673532
1243,-1.560000000000052,0.3798624014042299,3.0,0.36085535769138155
1244,-1.5500000000000522,0.3863148908306233,3.0,0.36589722503390826
1245,-1.5400000000000524,0.3926996537647954,3.0,0.3708283728314507
1246,-1.5300000000000529,0.3990073975857625,3.0,0.375648131308856
1247,-1.5200000000000529,0.405228870339494,3.0,0.3803559591916678
1248,-1.510000000000053,0.411354901319602,3.0,0.3849514341404312
1249,-1.5000000000000533,0.4173764416027255,3.0,0.389434243250106
1250,-1.4900000000000535,0.4232846041763772,3.0,0.3938041736535149
1251,-1.4800000000000535,0.4290707033020202,3.0,0.3980611032635927
1252,-1.470000000000054,0.4347262927656639,3.0,0.4022049916852858
1253,-1.460000000000054,0.4402432026834306,3.0,0.40623587132417577
1254,-1.4500000000000544,0.4456135745485453,3.0,0.41015383871541455
1255,-1.4400000000000546,0.4508298942302948,3.0,0.413959046093287
1256,-1.4300000000000548,0.4558850226621477,3.0,0.41765169321873913
1257,-1.420000000000055,0.4607722239872125,3.0,0.421232019479523
1258,-1.4100000000000552,0.4654851909617327,3.0,0.42470029627517875
1259,-1.4000000000000554,0.470018067451524,3.0,0.4280568196969898
1260,-1.3900000000000556,0.4743654678930815,3.0,0.431301903511227
1261,-1.3800000000000558,0.4785224936263055,3.0,0.43443587245249
1262,-1.370000000000056,0.4824847460428711,3.0,0.43745905583274725
1263,-1.3600000000000565,0.4862483365291232,3.0,0.44037178147076345
1264,-1.3500000000000565,0.489809893217312,3.0,0.443174369945963
1265,-1.3400000000000567,0.4931665645909205,3.0,0.44586712918044735
1266,-1.330000000000057,0.4963160200205651,3.0,0.44845034935280353
1267,-1.3200000000000571,0.4992564473348295,3.0,0.45092429814753393
1268,-1.3100000000000571,0.5019865475553187,3.0,0.45328921634438823
1269,-1.3000000000000576,0.5045055269473527,3.0,0.45554531375256174
1270,-1.2900000000000578,0.506813086556546,3.0,0.45769276549566495
1271,-1.280000000000058,0.5089094094175904,3.0,0.45973170865447593
1272,-1.2700000000000582,0.5107951456332476,3.0,0.4616622392758688
1273,-1.2600000000000584,0.5124713955316925,3.0,0.46348440975781585
1274,-1.2500000000000586,0.5139396911159191,3.0,0.4651982266220556
1275,-1.2400000000000588,0.5152019760224554,3.0,0.46680364868786767
1276,-1.230000000000059,0.516260584207052,3.0,0.4683005856623504
1277,-1.2200000000000593,0.5171182175731824,3.0,0.469688897164633
1278,-1.2100000000000597,0.5177779227544914,3.0,0.47096839220355696
1279,-1.2000000000000597,0.5182430672564025,3.0,0.47213882913047817
1280,-1.19000000000006,0.5185173151538697,3.0,0.4731999160909136
1281,-1.18000000000006,0.5186046025323895,3.0,0.4741513120007367
1282,-1.1700000000000603,0.518509112848868,3.0,0.47499262807449566
1283,-1.1600000000000603,0.518235252376902,3.0,0.47572342993501127
1284,-1.1500000000000608,0.5177876258886108,3.0,0.4763432403347688
1285,-1.140000000000061,0.5171710127117011,3.0,0.47685154252052153
1286,-1.1300000000000612,0.5163903432876881,3.0,0.47724778427297915
1287,-1.1200000000000614,0.5154506763430237,3.0,0.47753138265328143
1288,-1.1100000000000616,0.5143571767720483,3.0,0.47770172948708195
1289,-1.1000000000000618,0.513115094317276,3.0,0.4777581976153155
1290,-1.090000000000062,0.5117297431196304,3.0,0.4777001479380148
1291,-1.0800000000000622,0.5102064821991993,3.0,0.47752693727365675
1292,-1.0700000000000625,0.5085506969151912,3.0,0.47723792705141327
1293,-1.060000000000063,0.506767781442596,3.0,0.4768324928471054
1294,-1.0500000000000629,0.504863122293164,3.0,0.4763100347655761
1295,-1.040000000000063,0.5028420828977254,3.0,0.4756699886624242
1296,-1.0300000000000633,0.500709989259311,3.0,0.4749118381865054
1297,-1.0200000000000635,0.4984721166772774,3.0,0.47403512761127115
1298,-1.0100000000000635,0.496133677536155,3.0,0.47303947540779556
1299,-1.000000000000064,0.4936998101460816,3.0,0.47192458849536184
1300,-0.9900000000000642,0.4911755686160581,3.0,0.4706902770867546
1301,-0.9800000000000644,0.4885659137361997,3.0,0.46933647002519063
1302,-0.9700000000000646,0.4858757048409509,3.0,0.46786323048835543
1303,-0.9600000000000648,0.4831096926214899,3.0,0.46627077191267696
1304,-0.950000000000065,0.4802725128525476,3.0,0.4645594739682765
1305,-0.9400000000000652,0.4773686809965853,3.0,0.4627298983925779
1306,-0.9300000000000654,0.4744025876461599,3.0,0.4607828044690588
1307,-0.9200000000000657,0.4713784947641073,3.0,0.4587191639179327
1308,-0.910000000000066,0.468300532680068,3.0,0.4565401749485995
1309,-0.9000000000000661,0.4651726978015053,3.0,0.4542472752104524
1310,-0.8900000000000663,0.461998850997085,3.0,0.4518421533702197
1311,-0.8800000000000665,0.4587827166103772,3.0,0.44932675904134045
1312,-0.8700000000000667,0.4555278820625236,3.0,0.44670331079509845
1313,-0.8600000000000669,0.4522377980028463,3.0,0.44397430199501564
1314,-0.8500000000000671,0.4489157789675005,3.0,0.4411425042161986
1315,-0.8400000000000674,0.4455650045072806,3.0,0.4382109680402157
1316,-0.8300000000000676,0.4421885207468354,3.0,0.435183021053818
1317,-0.8200000000000678,0.4387892423389606,3.0,0.4320622629260735
1318,-0.810000000000068,0.4353699547788942,3.0,0.42885255749251294
1319,-0.8000000000000682,0.4319333170453155,3.0,0.42555802183552893
1320,-0.7900000000000684,0.4284818645359056,3.0,0.4221830124158127
1321,-0.7800000000000686,0.4250180122672623,3.0,0.41873210837800234
1322,-0.7700000000000689,0.4215440583101312,3.0,0.4152100922225157
1323,-0.7600000000000691,0.4180621874330805,3.0,0.41162192810203474
1324,-0.7500000000000693,0.4145744749284437,3.0,0.4079727380624355
1325,-0.7400000000000695,0.4110828905968376,3.0,0.40426777660144547
1326,-0.7300000000000697,0.4075893028673895,3.0,0.40051240396124976
1327,-0.7200000000000699,0.4040954830323751,3.0,0.3967120586015841
1328,-0.7100000000000701,0.400603109576747,3.0,0.3928722293158552
1329,-0.7000000000000703,0.3971137725837688,3.0,0.3889984274536103
1330,-0.6900000000000706,0.3936289781999227,3.0,0.3850961596980424
1331,-0.6800000000000708,0.3901501531428566,3.0,0.3811709018178735
1332,-0.670000000000071,0.3866786492377836,3.0,0.37722807377027184
1333,-0.6600000000000712,0.3832157479685401,3.0,0.37327301647770883
1334,-0.6500000000000714,0.3797626650305697,3.0,0.3693109705394967
1335,-0.6400000000000716,0.3763205548742808,3.0,0.3653470570713564
1336,-0.6300000000000718,0.3728905152277382,3.0,0.3613862607970504
1337,-0.620000000000072,0.3694735915886827,3.0,0.35743341544817564
1338,-0.6100000000000723,0.3660707816766376,3.0,0.3534931914646054
1339,-0.6000000000000725,0.3626830398363487,3.0,0.34957008593149386
1340,-0.5900000000000727,0.3593112813845712,3.0,0.34566841464105014
1341,-0.5800000000000729,0.3559563868925894,3.0,0.3417923061299369
1342,-0.5700000000000731,0.3526192063975545,3.0,0.33794569751664805
1343,-0.5600000000000733,0.3493005635358048,3.0,0.3341323319475486
1344,-0.5500000000000735,0.3460012595919807,3.0,0.3303557574547708
1345,-0.5400000000000738,0.3427220774577609,3.0,0.3266193270326338
1346,-0.530000000000074,0.3394637854945023,3.0,0.3229261997501785
1347,-0.5200000000000742,0.3362271412939897,3.0,0.31927934273405467
1348,-0.5100000000000744,0.3330128953318858,3.0,0.315681533876524
1349,-0.5000000000000746,0.3298217945082221,3.0,0.3121353651459789
1350,-0.4900000000000748,0.3266545855695872,3.0,0.30864324640057
1351,-0.480000000000075,0.3235120184074395,3.0,0.30520740962785514
1352,-0.4700000000000752,0.3203948492269858,3.0,0.3018299135538362
1353,-0.4600000000000754,0.3173038435811314,3.0,0.298512648582502
1354,-0.4500000000000757,0.3142397792634135,3.0,0.2952573420416264
1355,-0.4400000000000759,0.3112034490545199,3.0,0.29206556372187903
1356,-0.4300000000000761,0.3081956633158479,3.0,0.28893873170432927
1357,-0.4200000000000763,0.3052172524244266,3.0,0.2858781184764178
1358,-0.4100000000000765,0.302269069042521,3.0,0.2828848573387957
1359,-0.4000000000000767,0.2993519902156867,3.0,0.2799599491055479
1360,-0.3900000000000769,0.2964669192928198,3.0,0.27710426909871977
1361,-0.3800000000000771,0.2936147876612944,3.0,0.27431857443529756
1362,-0.3700000000000774,0.2907965562909419,3.0,0.27160351160127166
1363,-0.3600000000000776,0.2880132170799213,3.0,0.2689596243036205
1364,-0.3500000000000778,0.2852657939961109,3.0,0.26638736158732595
1365,-0.340000000000078,0.2825553440076186,3.0,0.2638870862011749
1366,-0.3300000000000782,0.2798829577960047,3.0,0.2614590831933495
1367,-0.3200000000000784,0.2772497602465144,3.0,0.2591035687157775
1368,-0.3100000000000786,0.2746569107095721,3.0,0.25682069901503457
1369,-0.3000000000000788,0.2721056030285155,3.0,0.25461057958727845
1370,-0.2900000000000791,0.2695970653288346,3.0,0.2524732744752264
1371,-0.2800000000000793,0.2671325595649991,3.0,0.2504088156865344
1372,-0.2700000000000795,0.2647133808215564,3.0,0.24841721271500414
1373,-0.2600000000000797,0.2623408563657768,3.0,0.24649846214875054
1374,-0.2500000000000799,0.2600163444503435,3.0,0.24465255735267416
1375,-0.2400000000000801,0.2577412328649532,3.0,0.24287949821622015
1376,-0.2300000000000803,0.2555169372370282,3.0,0.24117930096129478
1377,-0.2200000000000805,0.2533448990825577,3.0,0.23955200800928853
1378,-0.2100000000000808,0.2512265836088427,3.0,0.23799769791026895
1379,-0.200000000000081,0.2491634772724603,3.0,0.23651649534143881
1380,-0.1900000000000812,0.2471570850960106,3.0,0.23510858118582748
1381,-0.1800000000000814,0.2452089277489513,3.0,0.23377420270575883
1382,-0.1700000000000816,0.2433205383981393,3.0,0.2325136838288048
1383,-0.1600000000000818,0.2414934593353631,3.0,0.23132743556662116
1384,-0.150000000000082,0.2397292383892832,3.0,0.23021596658910232
1385,-0.1400000000000822,0.2380294251312092,3.0,0.22917989397761096
1386,-0.1300000000000825,0.2363955668842197,3.0,0.22821995418147464
1387,-0.1200000000000827,0.2348292045469057,3.0,0.2273370142013669
1388,-0.1100000000000829,0.2333318682439554,3.0,0.22653208302141795
1389,-0.1000000000000831,0.2319050728172742,3.0,0.22580632330877295
1390,-0.0900000000000833,0.2305503131726571,3.0,0.2251610633945799
1391,-0.0800000000000835,0.229269059499233,3.0,0.2245978095438102
1392,-0.0700000000000837,0.2280627523805888,3.0,0.22411825851262704
1393,-0.0600000000000839,0.2269327978191297,3.0,0.22372431038083518
1394,-0.0500000000000842,0.2258805621978665,3.0,0.22341808163294594
1395,-0.0400000000000844,0.2249073672071039,3.0,0.22320191844410958
1396,-0.0300000000000846,0.2240144847667912,3.0,0.2230784101061053
1397,-0.0200000000000848,0.2232031319794934,3.0,0.22305040250323288
1398,-0.010000000000085,0.2224744661526859,3.0,0.22312101151758756
1399,-8.526512829121202e-14,0.2218295799337849,3.0,0.22329363620723225
1400,0.0099999999999145,0.2212694966054393,3.0,0.223571971558286
1401,0.0199999999999143,0.2207951655932097,3.0,0.22396002056203135
1402,0.029999999999914,0.2204074582416111,3.0,0.22446210530969007
1403,0.0399999999999138,0.2201071639180532,3.0,0.22508287672917263
1404,0.0499999999999136,0.2198949865071026,3.0,0.22582732250815737
1405,0.0599999999999134,0.2197715413589971,3.0,0.22670077265412253
1406,0.0699999999999132,0.2197373527570096,3.0,0.22770890203142524
1407,0.079999999999913,0.2197928519665355,3.0,0.2288577290840165
1408,0.0899999999999128,0.2199383759263857,3.0,0.2301536097938904
1409,0.0999999999999126,0.2201741666366836,3.0,0.23160322573121364
1410,0.1099999999999123,0.2205003712909693,3.0,0.23321356480936778
1411,0.1199999999999121,0.220917043189527,3.0,0.23499189304806867
1412,0.1299999999999119,0.2214241434586733,3.0,0.23694571524247918
1413,0.1399999999999117,0.222021543585727,3.0,0.23908272189523863
1414,0.1499999999999115,0.2227090287616157,3.0,0.24141071903257016
1415,0.1599999999999113,0.2234863020037645,3.0,0.24393753651012914
1416,0.1699999999999111,0.2243529890098645,3.0,0.24667090899799216
1417,0.1799999999999109,0.2253086436703292,3.0,0.24961832184636173
1418,0.1899999999999106,0.2263527541426748,3.0,0.2527868112367735
1419,0.1999999999999104,0.2274847493667135,3.0,0.2561827040919601
1420,0.2099999999999102,0.22870400587455,3.0,0.25981127771191403
1421,0.21999999999991,0.2300098547262171,3.0,0.2636763114445434
1422,0.2299999999999098,0.2314015883795753,3.0,0.26777949214411423
1423,0.2399999999999096,0.2328784672841721,3.0,0.27211962080767016
1424,0.2499999999999094,0.2344397259729506,3.0,0.2766915485665038
1425,0.2599999999999092,0.2360845784145391,3.0,0.2814847451127164
1426,0.269999999999909,0.2378122223832262,3.0,0.2864813709865037
1427,0.2799999999999087,0.2396218426042976,3.0,0.29165368741006714
1428,0.2899999999999085,0.2415126124408006,3.0,0.2969605967923712
1429,0.2999999999999083,0.2434836939040715,3.0,0.302343073032228
1430,0.3099999999999081,0.2455342357958355,3.0,0.30771823543006255
1431,0.3199999999999079,0.2476633698250763,3.0,0.31297189114653884
1432,0.3299999999999077,0.2498702045881655,3.0,0.3179496172461482
1433,0.3399999999999075,0.2521538173561956,3.0,0.3224470723766939
1434,0.3499999999999073,0.2545132436791972,3.0,0.3262016115119642
1435,0.359999999999907,0.256947464891488,3.0,0.32889019042241235
1436,0.3699999999999068,0.2594553936849515,3.0,0.3301444640596448
1437,0.3799999999999066,0.2620358580053418,3.0,0.32960563992149194
1438,0.3899999999999064,0.2646875836179991,3.0,0.32706357909920747
1439,0.3999999999999062,0.2674091757799856,3.0,0.32276170383463376
1440,0.409999999999906,0.2701991005413192,3.0,0.3179933184585092
1441,0.4199999999999058,0.2730556662738559,3.0,0.3160837581654406
1442,0.4299999999999055,0.2759770060859653,3.0,0.32340521529668476
1443,0.4399999999999053,0.2789610618200767,3.0,0.3484411227390694
1444,0.4499999999999051,0.2820055703409345,3.0,0.3945840251858057
1445,0.4599999999999049,0.2851080528009086,3.0,0.4473021492885546
1446,0.4699999999999047,0.2882658075100609,3.0,0.4752361749836604
1447,0.4799999999999045,0.2914759069405793,3.0,0.45777187952079157
1448,0.4899999999999043,0.294735199256625,3.0,0.403279634164291
1449,0.4999999999999041,0.2980403145846262,3.0,0.33531015459412494
1450,0.5099999999999039,0.301387676029954,3.0,0.2734419056809554
1451,0.5199999999999037,0.3047735152130499,3.0,0.22711172804406607
1452,0.5299999999999034,0.3081938918520657,3.0,0.19802785125282785
1453,0.5399999999999032,0.311644716675207,3.0,0.1840406388200958
1454,0.549999999999903,0.3151217767193134,3.0,0.1817677532010951
1455,0.5599999999999028,0.3186207618790496,3.0,0.18788402784043357
1456,0.5699999999999026,0.3221372914301767,3.0,0.19960138773997346
1457,0.5799999999999024,0.3256669391742754,3.0,0.21476169794367572
1458,0.5899999999999022,0.3292052558523176,3.0,0.2317759662470233
1459,0.599999999999902,0.3327477875571855,3.0,0.24951845201296943
1460,0.6099999999999017,0.3362900890408422,3.0,0.2672202557465646
1461,0.6199999999999015,0.3398277310547228,3.0,0.28437788982668344
1462,0.6299999999999013,0.3433563011715624,3.0,0.3006801473336316
1463,0.6399999999999011,0.3468713978954165,3.0,0.3159519362320089
1464,0.6499999999999009,0.3503686182538272,3.0,0.3301122946672921
1465,0.6599999999999007,0.3538435394587923,3.0,0.3431436461861683
1466,0.6699999999999005,0.3572916955956735,3.0,0.3550696766544739
1467,0.6799999999999002,0.3607085506309793,3.0,0.36593967409877914
1468,0.6899999999999,0.3640894692976089,3.0,0.3758176276893574
1469,0.6999999999998998,0.3674296876072659,3.0,0.3847747796145526
1470,0.7099999999998996,0.3707242848403887,3.0,0.3928846493884776
1471,0.7199999999998994,0.3739681588724644,3.0,0.40021980672728613
1472,0.7299999999998992,0.3771560066104026,3.0,0.406849865711017
1473,0.739999999999899,0.3802823111425392,3.0,0.4128403204905477
1474,0.7499999999998987,0.3833413369598697,3.0,0.4182519517907374
1475,0.7599999999998985,0.3863271343002256,3.0,0.4231406129655632
1476,0.7699999999998983,0.389233553317616,3.0,0.42755726176517933
1477,0.7799999999998981,0.3920542684035676,3.0,0.4315481450682329
1478,0.7899999999998979,0.3947828126045781,3.0,0.4351550730314064
1479,0.7999999999998977,0.3974126217060555,3.0,0.43841573971345554
1480,0.8099999999998975,0.399937087204023,3.0,0.4413640616744385
1481,0.8199999999998973,0.4023496170741915,3.0,0.4440305161030733
1482,0.829999999999897,0.4046437029836692,3.0,0.44644246696460776
1483,0.8399999999998968,0.4068129923816865,3.0,0.4486244724051089
1484,0.8499999999998966,0.4088513637558626,3.0,0.450598569849822
1485,0.8599999999998964,0.4107530032528732,3.0,0.45238453735799766
1486,0.8699999999998962,0.412512480834952,3.0,0.45400013117334026
1487,0.879999999999896,0.4141248241750682,3.0,0.455461300270209
1488,0.8899999999998958,0.4155855885784137,3.0,0.45678237920418624
1489,0.8999999999998956,0.416890921350374,3.0,0.45797626084608944
1490,0.9099999999998952,0.4180376192041691,3.0,0.45905455069083173
1491,0.9199999999998952,0.4190231775074522,3.0,0.4600277044422532
1492,0.9299999999998948,0.4198458303967942,3.0,0.46090515052036785
1493,0.9399999999998948,0.4205045810355081,3.0,0.46169539904466
1494,0.9499999999998944,0.4209992215435026,3.0,0.4624061387337489
1495,0.9599999999998944,0.4213303423816764,3.0,0.46304432303980086
1496,0.969999999999894,0.4214993312186936,3.0,0.46361624671304585
1497,0.9799999999998938,0.421508361540432,3.0,0.4641276138725754
1498,0.9899999999998936,0.4213603714739109,3.0,0.4645835985470761
1499,0.9999999999998934,0.4210590334862087,3.0,0.46498889854483894
1500,1.0099999999998932,0.4206087157786347,3.0,0.46534778341694877
1501,1.019999999999893,0.4200144363271649,3.0,0.46566413719112437
1502,1.0299999999998928,0.419281810618627,3.0,0.46594149647591443
1503,1.0399999999998926,0.4184169941996635,3.0,0.4661830844654561
1504,1.0499999999998924,0.4174266211911345,3.0,0.46639184131308464
1505,1.059999999999892,0.4163177399276328,3.0,0.4665704512871788
1506,1.069999999999892,0.4150977468606756,3.0,0.4667213670739979
1507,1.0799999999998915,0.4137743198191378,3.0,0.46684683154932777
1508,1.0899999999998915,0.412355351653915,3.0,0.466948897302872
1509,1.0999999999998913,0.4108488852101072,3.0,0.46702944416594516
1510,1.109999999999891,0.4092630504721387,3.0,0.46709019496364024
1511,1.1199999999998909,0.4076060046196418,3.0,0.46713272968676867
1512,1.1299999999998906,0.4058858756180413,3.0,0.46715849825613986
1513,1.1399999999998904,0.4041107098511122,3.0,0.4671688320316966
1514,1.1499999999998902,0.402288424186745,3.0,0.4671649542014418
1515,1.15999999999989,0.400426762754193,3.0,0.4671479891695779
1516,1.1699999999998898,0.3985332586041724,3.0,0.46711897104964484
1517,1.1799999999998896,0.3966152003239019,3.0,0.4670788513564365
1518,1.1899999999998894,0.3946796035889938,3.0,0.4670285059798867
1519,1.1999999999998892,0.392733187554923,3.0,0.4669687415148006
1520,1.209999999999889,0.3907823559216397,3.0,0.46690030101207725
1521,1.2199999999998887,0.3888331824480862,3.0,0.46682386920982205
1522,1.2299999999998883,0.3868914006471531,3.0,0.4667400772963257
1523,1.2399999999998883,0.3849623973561095,3.0,0.46664950725124726
1524,1.249999999999888,0.3830512098530031,3.0,0.46655269580631026
1525,1.259999999999888,0.3811625261733459,3.0,0.46645013806241664
1526,1.2699999999998877,0.379300688274794,3.0,0.4663422907961342
1527,1.2799999999998877,0.3774696976972208,3.0,0.46622957548507044
1528,1.2899999999998872,0.3756732233727546,3.0,0.46611238107853176
1529,1.299999999999887,0.3739146112518323,3.0,0.46599106653715194
1530,1.3099999999998868,0.3721968954278317,3.0,0.46586596316273293
1531,1.3199999999998866,0.3705228104620487,3.0,0.4657373767373914
1532,1.3299999999998864,0.3688948046327614,3.0,0.46560558948916775
1533,1.3399999999998862,0.36731505385542,3.0,0.4654708618995444
1534,1.349999999999886,0.3657854760451617,3.0,0.465333434366811
1535,1.3599999999998855,0.3643077457171819,3.0,0.46519352873782166
1536,1.3699999999998855,0.3628833086449172,3.0,0.4650513497194977
1537,1.379999999999885,0.3615133964186807,3.0,0.46490708618033333
1538,1.389999999999885,0.3601990407703914,3.0,0.4647609123511829
1539,1.399999999999885,0.3589410875505285,3.0,0.4646129889337459
1540,1.409999999999885,0.3577402102630636,3.0,0.4644634641243829
1541,1.4199999999998845,0.3565969230821133,3.0,0.4643124745601796
1542,1.4299999999998845,0.3555115932902226,3.0,0.464160146193579
1543,1.439999999999884,0.3544844530927118,3.0,0.4640065951012942
1544,1.4499999999998838,0.3535156107758344,3.0,0.46385192823274113
1545,1.4599999999998836,0.3526050611873973,3.0,0.46369624410274346
1546,1.4699999999998834,0.351752695529204,3.0,0.4635396334328702
1547,1.4799999999998832,0.3509583104584787,3.0,0.46338217974536855
1548,1.489999999999883,0.3502216165035069,3.0,0.4632239599133427
1549,1.4999999999998828,0.3495422458044794,3.0,0.4630650446704985
1550,1.5099999999998823,0.3489197591959152,3.0,0.46290549908351336
1551,1.5199999999998823,0.3483536526513484,3.0,0.46274538298983203
1552,1.529999999999882,0.3478433631143374,3.0,0.4625847514034626
1553,1.539999999999882,0.3473882737430923,3.0,0.4624236548911371
1554,1.5499999999998817,0.3469877185975514,3.0,0.46226213992101595
1555,1.5599999999998817,0.3466409868005137,3.0,0.4621002491859429
1556,1.5699999999998813,0.3463473262048316,3.0,0.4619380219030936
1557,1.579999999999881,0.3461059466006981,3.0,0.46177549409173146
1558,1.5899999999998808,0.3459160224971594,3.0,0.4616126988306377
1559,1.5999999999998806,0.3457766955130887,3.0,0.4614496664966736
1560,1.6099999999998804,0.3456870764134455,3.0,0.46128642498582634
1561,1.6199999999998802,0.3456462468267485,3.0,0.46112299991796785
1562,1.62999999999988,0.345653260680562,3.0,0.46095941482649855
1563,1.6399999999998798,0.3457071453918405,3.0,0.4607956913339284
1564,1.6499999999998796,0.3458069028497098,3.0,0.4606318493143952
1565,1.6599999999998791,0.3459515102283834,3.0,0.46046790704403395
1566,1.6699999999998791,0.3461399206686592,3.0,0.46030388134005307
1567,1.679999999999879,0.3463710638666692,3.0,0.4601397876893037
1568,1.6899999999998787,0.3466438466093747,3.0,0.4599756403670891
1569,1.6999999999998785,0.3469571532963265,3.0,0.4598114525468805
1570,1.7099999999998785,0.3473098464883312,3.0,0.4596472364015964
1571,1.719999999999878,0.3477007675234781,3.0,0.4594830031970177
1572,1.729999999999878,0.3481287372418142,3.0,0.4593187633778997
1573,1.7399999999998776,0.3485925568601774,3.0,0.4591545266472967
1574,1.7499999999998774,0.3490910090385352,3.0,0.45899030203956254
1575,1.7599999999998772,0.3496228591795908,3.0,0.4588260979874871
1576,1.769999999999877,0.3501868570028122,3.0,0.4586619223839746
1577,1.7799999999998768,0.3507817384335842,3.0,0.45849778263864965
1578,1.7899999999998766,0.3514062278474889,3.0,0.45833368572975575
1579,1.7999999999998764,0.3520590407080988,3.0,0.4581696382516774
1580,1.809999999999876,0.3527388866355225,3.0,0.45800564645839975
1581,1.819999999999876,0.3534444729401624,3.0,0.45784171630319975
1582,1.829999999999876,0.354174508654154,3.0,0.45767785347483747
1583,1.8399999999998755,0.3549277090893123,3.0,0.4575140634305031
1584,1.8499999999998755,0.355702800946725,3.0,0.45735035142575764
1585,1.859999999999875,0.3564985279989514,3.0,0.4571867225416852
1586,1.8699999999998749,0.3573136573605322,3.0,0.4570231817094648
1587,1.8799999999998749,0.3581469863571541,3.0,0.4568597337325542
1588,1.8899999999998744,0.3589973499974278,3.0,0.45669638330666157
1589,1.8999999999998745,0.3598636290448342,3.0,0.4565331350376786
1590,1.909999999999874,0.3607447586796051,3.0,0.45636999345772195
1591,1.9199999999998736,0.3616397377331152,3.0,0.45620696303943736
1592,1.9299999999998736,0.3625476384690206,3.0,0.45604404820869454
1593,1.9399999999998732,0.3634676168770154,3.0,0.45588125335580487
1594,1.9499999999998727,0.3643989234365782,3.0,0.4557185828453744
1595,1.959999999999873,0.3653409142995888,3.0,0.4555560410249057
1596,1.9699999999998727,0.3662930628321879,3.0,0.45539363223224855
1597,1.9799999999998723,0.3672549714478444,3.0,0.4552313608019973
1598,1.9899999999998723,0.3682263836562325,3.0,0.45506923107091596
1599,1.999999999999872,0.3692071962449109,3.0,0.4549072473824874
1600,-1.9900000000000428,0.1457985250825663,4.0,-0.07731500000332615
1601,-1.980000000000043,0.1484211590705914,4.0,-0.06377394054310222
1602,-1.9700000000000435,0.1511106155798599,4.0,-0.05023771763710191
1603,-1.9600000000000437,0.1538694326742568,4.0,-0.03672345709143094
1604,-1.950000000000044,0.1567000849088759,4.0,-0.023248131734488534
1605,-1.940000000000044,0.1596049634795543,4.0,-0.00982847299254606
1606,-1.930000000000044,0.1625863550042534,4.0,0.0035191152395943
1607,-1.9200000000000443,0.1656464189488431,4.0,0.016778639504178832
1608,-1.9100000000000448,0.1687871637417651,4.0,0.029934595587236854
1609,-1.9000000000000448,0.1720104216606896,4.0,0.0429720424213722
1610,-1.890000000000045,0.1753178226196891,4.0,0.05587667036429792
1611,-1.8800000000000447,0.1787107670374269,4.0,0.06863486323003737
1612,-1.8700000000000452,0.1821903980247635,4.0,0.08123375355689993
1613,-1.8600000000000456,0.1857575731929945,4.0,0.09366127071061461
1614,-1.8500000000000456,0.1894128364502182,4.0,0.10590618153940738
1615,-1.840000000000046,0.1931563902209367,4.0,0.11795812341730749
1616,-1.8300000000000465,0.1969880685905672,4.0,0.12980762962960835
1617,-1.8200000000000465,0.2009073119388715,4.0,0.14144614716750747
1618,-1.810000000000047,0.2049131436810849,4.0,0.15286604710494592
1619,-1.800000000000047,0.2090041497788115,4.0,0.16406062782748462
1620,-1.790000000000047,0.2131784617107205,4.0,0.17502411146898092
1621,-1.780000000000047,0.2174337436017128,4.0,0.1857516339855862
1622,-1.7700000000000475,0.2217671841950257,4.0,0.1962392293573268
1623,-1.7600000000000475,0.2261754943116347,4.0,0.20648380845490566
1624,-1.750000000000048,0.2306549103732218,4.0,0.21648313314342885
1625,-1.7400000000000482,0.2352012044680069,4.0,0.22623578621590149
1626,-1.7300000000000484,0.2398097013133991,4.0,0.2357411377582693
1627,-1.7200000000000486,0.2444753023178782,4.0,0.244999308545599
1628,-1.7100000000000488,0.2491925167706829,4.0,0.2540111310567724
1629,-1.700000000000049,0.2539554999972839,4.0,0.2627781086742265
1630,-1.6900000000000492,0.2587580981183655,4.0,0.2713023736071739
1631,-1.6800000000000497,0.2635938988483894,4.0,0.2795866440428173
1632,-1.6700000000000497,0.2684562875758081,4.0,0.2876341809917296
1633,-1.66000000000005,0.2733385077898929,4.0,0.2954487452520902
1634,-1.65000000000005,0.2782337247677572,4.0,0.30303455487416214
1635,-1.6400000000000503,0.2831350913174353,4.0,0.3103962434622174
1636,-1.6300000000000503,0.2880358142949992,4.0,0.3175388196072309
1637,-1.6200000000000507,0.2929292205800473,4.0,0.3244676277006723
1638,-1.610000000000051,0.2978088212062774,4.0,0.33118831033849466
1639,-1.6000000000000512,0.302668372401729,4.0,0.33770677248534403
1640,-1.5900000000000514,0.3075019323936239,4.0,0.3440291475326011
1641,-1.5800000000000516,0.3123039129702305,4.0,0.35016176535030774
1642,-1.5700000000000518,0.3170691249598867,4.0,0.35611112240258597
1643,-1.560000000000052,0.3217928169767465,4.0,0.36188385396881484
1644,-1.5500000000000522,0.3264707069850452,4.0,0.36748670848869897
1645,-1.5400000000000524,0.3310990064394344,4.0,0.3729265240282312
1646,-1.5300000000000529,0.3356744369596013,4.0,0.3782102068454855
1647,-1.5200000000000529,0.3401942396851486,4.0,0.38334471201978904
1648,-1.510000000000053,0.3446561776251911,4.0,0.38833702609516885
1649,-1.5000000000000533,0.3490585314613945,4.0,0.3931941516786151
1650,-1.4900000000000535,0.3534000893801093,4.0,0.3979230939255879
1651,-1.4800000000000535,0.357680131597196,4.0,0.4025308488389832
1652,-1.470000000000054,0.3618984102981438,4.0,0.4070243933033171
1653,-1.460000000000054,0.3660551257473826,4.0,0.41141067677287774
1654,-1.4500000000000544,0.3701508993266122,4.0,0.41569661453089757
1655,-1.4400000000000546,0.3741867442456962,4.0,0.4198890824361058
1656,-1.4300000000000548,0.3781640346346806,4.0,0.42399491307324344
1657,-1.420000000000055,0.3820844736757417,4.0,0.428020893224942
1658,-1.4100000000000552,0.3859500613730728,4.0,0.43197376258369363
1659,-1.4000000000000554,0.3897630624905692,4.0,0.4358602136242916
1660,-1.3900000000000556,0.3935259751149442,4.0,0.43968689255878507
1661,-1.3800000000000558,0.3972415002285159,4.0,0.4434604012977665
1662,-1.370000000000056,0.4009125126037043,4.0,0.4471873003432159
1663,-1.3600000000000565,0.4045420332622947,4.0,0.4508741125392365
1664,-1.3500000000000565,0.4081332036780857,4.0,0.4545273276075346
1665,-1.3400000000000567,0.4116892618427896,4.0,0.4581534073941917
1666,-1.330000000000057,0.4152135202625384,4.0,0.4617587917530991
1667,-1.3200000000000571,0.4187093459064079,4.0,0.46534990498890233
1668,-1.3100000000000571,0.4221801420890269,4.0,0.4689331627784067
1669,-1.3000000000000576,0.4256293322364255,4.0,0.47251497948363097
1670,-1.2900000000000578,0.4290603454574285,4.0,0.47610177576179
1671,-1.280000000000058,0.4324766038216915,4.0,0.4796999863670013
1672,-1.2700000000000582,0.4358815112294243,4.0,0.4833160680249256
1673,-1.2600000000000584,0.4392784437463087,4.0,0.48695650724427914
1674,-1.2500000000000586,0.4426707412696976,4.0,0.490627827907478
1675,-1.2400000000000588,0.446061700388169,4.0,0.49433659845573436
1676,-1.230000000000059,0.4494545682955383,4.0,0.49808943845076037
1677,-1.2200000000000593,0.4528525376219437,4.0,0.5018930242545117
1678,-1.2100000000000597,0.4562587420482313,4.0,0.5057540935188727
1679,-1.2000000000000597,0.4596762525751791,4.0,0.5096794481169362
1680,-1.19000000000006,0.463108074325762,4.0,0.513675955074678
1681,-1.18000000000006,0.4665571437664183,4.0,0.5177505449739322
1682,-1.1700000000000603,0.470026326241828,4.0,0.5219102071917735
1683,-1.1600000000000603,0.4735184137268743,4.0,0.5261619812144925
1684,-1.1500000000000608,0.4770361227090062,4.0,0.5305129431123838
1685,-1.140000000000061,0.4805820921240304,4.0,0.5349701860802241
1686,-1.1300000000000612,0.4841588812782648,4.0,0.5395407937324365
1687,-1.1200000000000614,0.4877689676998791,4.0,0.5442318045859441
1688,-1.1100000000000616,0.491414744872029,4.0,0.5490501658612252
1689,-1.1000000000000618,0.4950985198099845,4.0,0.5540026743763632
1690,-1.090000000000062,0.4988225104537649,4.0,0.5590959018927695
1691,-1.0800000000000622,0.5025888428567936,4.0,0.5643361017878146
1692,-1.0700000000000625,0.5063995481597006,4.0,0.5697290933723723
1693,-1.060000000000063,0.5102565593466278,4.0,0.5752801195355556
1694,-1.0500000000000629,0.5141617077891418,4.0,0.5809936726829039
1695,-1.040000000000063,0.5181167195902018,4.0,0.5868732831411543
1696,-1.0300000000000633,0.5221232117474562,4.0,0.5929212633436989
1697,-1.0200000000000635,0.5261826881615269,4.0,0.5991384002090449
1698,-1.0100000000000635,0.5302965355208266,4.0,0.6055235872209278
1699,-1.000000000000064,0.5344660190998701,4.0,0.6120733868796392
1700,-0.9900000000000642,0.538692278512974,4.0,0.6187815135218362
1701,-0.9800000000000644,0.5429763234696913,4.0,0.6256382261527951
1702,-0.9700000000000646,0.5473190295822717,4.0,0.6326296211209269
1703,-0.9600000000000648,0.5517211342788757,4.0,0.6397368155007565
1704,-0.950000000000065,0.556183232879139,4.0,0.6469350143700394
1705,-0.9400000000000652,0.5607057748909693,4.0,0.6541924593593443
1706,-0.9300000000000654,0.5652890605890473,4.0,0.6614692627104497
1707,-0.9200000000000657,0.5699332379363816,4.0,0.6687161416500319
1708,-0.910000000000066,0.5746382999102669,4.0,0.6758730835270157
1709,-0.9000000000000661,0.5794040822930788,4.0,0.6828679946096693
1710,-0.8900000000000663,0.5842302619863495,4.0,0.6896154168554638
1711,-0.8800000000000665,0.5891163559034212,4.0,0.6960154399755488
1712,-0.8700000000000667,0.5940617204915634,4.0,0.7019529937652844
1713,-0.8600000000000669,0.5990655519286651,4.0,0.7072977812675789
1714,-0.8500000000000671,0.6041268870324723,4.0,0.7119052099849019
1715,-0.8400000000000674,0.6092446049117433,4.0,0.7156187979670079
1716,-0.8300000000000676,0.6144174293787262,4.0,0.7182746728462976
1717,-0.8200000000000678,0.6196439321311183,4.0,0.7197089363340491
1718,-0.810000000000068,0.6249225366992155,4.0,0.7197688118671872
1719,-0.8000000000000682,0.6302515231406177,4.0,0.7183285810893946
1720,-0.7900000000000684,0.6356290334508096,4.0,0.7153112553788366
1721,-0.7800000000000686,0.6410530776435445,4.0,0.71071656848645
1722,-0.7700000000000689,0.6465215404406294,4.0,0.7046549846750179
1723,-0.7600000000000691,0.6520321884968008,4.0,0.6973857012703885
1724,-0.7500000000000693,0.6575826780723859,4.0,0.6893538264961288
1725,-0.7400000000000695,0.6631705630547992,4.0,0.6812180448577468
1726,-0.7300000000000697,0.6687933032200203,4.0,0.6738558356709687
1727,-0.7200000000000699,0.6744482726175295,4.0,0.6683305207300583
1728,-0.7100000000000701,0.6801327679569922,4.0,0.6658061572745777
1729,-0.7000000000000703,0.6858440168726693,4.0,0.6674058951217359
1730,-0.6900000000000706,0.6915791859422024,4.0,0.6740279500741356
1731,-0.6800000000000708,0.697335388340288,4.0,0.6861563877567921
1732,-0.670000000000071,0.7031096910147645,4.0,0.7037205215163703
1733,-0.6600000000000712,0.7088991212827503,4.0,0.7260539777870113
1734,-0.6500000000000714,0.7147006727575104,4.0,0.7519770571657273
1735,-0.6400000000000716,0.7205113105324285,4.0,0.779983676381071
1736,-0.6300000000000718,0.7263279755664788,4.0,0.8084782015982871
1737,-0.620000000000072,0.7321475882355268,4.0,0.8359963664756092
1738,-0.6100000000000723,0.7379670510351904,4.0,0.8613609036099256
1739,-0.6000000000000725,0.7437832504433304,4.0,0.8837534690105563
1740,-0.5900000000000727,0.7495930579730495,4.0,0.902712638579652
1741,-0.5800000000000729,0.7553933304698054,4.0,0.9180829456737499
1742,-0.5700000000000731,0.7611809097283567,4.0,0.929941699851701
1743,-0.5600000000000733,0.766952621526314,4.0,0.9385240099842347
1744,-0.5500000000000735,0.7727052741905214,4.0,0.9441578715299984
1745,-0.5400000000000738,0.7784356568299633,4.0,0.9472139823751934
1746,-0.530000000000074,0.7841405373839136,4.0,0.9480703342815961
1747,-0.5200000000000742,0.7898166606463028,4.0,0.9470893434744863
1748,-0.5100000000000744,0.7954607464364161,4.0,0.9446045798487495
1749,-0.5000000000000746,0.8010694880917502,4.0,0.9409143065694259
1750,-0.4900000000000748,0.8066395514609559,4.0,0.9362795465017892
1751,-0.480000000000075,0.8121675745730248,4.0,0.9309249629971831
1752,-0.4700000000000752,0.8176501681531072,4.0,0.9250413482569019
1753,-0.4600000000000754,0.8230839171455304,4.0,0.9187889104297458
1754,-0.4500000000000757,0.8284653833905717,4.0,0.9123008420748541
1755,-0.4400000000000759,0.8337911095835343,4.0,0.9056868557627035
1756,-0.4300000000000761,0.8390576246226044,4.0,0.8990365088044591
1757,-0.4200000000000763,0.8442614504262288,4.0,0.8924222273963538
1758,-0.4100000000000765,0.8493991102715176,4.0,0.8859019957591561
1759,-0.4000000000000767,0.8544671386729392,4.0,0.8795217090768984
1760,-0.3900000000000769,0.8594620927858777,4.0,0.8733172078664906
1761,-0.3800000000000771,0.8643805652830754,4.0,0.8673160210661279
1762,-0.3700000000000774,0.8692191986144331,4.0,0.8615388490962682
1763,-0.3600000000000776,0.8739747005228984,4.0,0.8560008187001623
1764,-0.3500000000000778,0.8786438606522615,4.0,0.8507125399774238
1765,-0.340000000000078,0.8832235680476197,4.0,0.8456809936120764
1766,-0.3300000000000782,0.8877108293171184,4.0,0.8409102734408525
1767,-0.3200000000000784,0.8921027871954406,4.0,0.8364022065550206
1768,-0.3100000000000786,0.8963967392263631,4.0,0.8321568702796337
1769,-0.3000000000000788,0.9005901562645349,4.0,0.8281730227351216
1770,-0.2900000000000791,0.9046807004861644,4.0,0.8244484613070469
1771,-0.2800000000000793,0.9086662425952252,4.0,0.8209803212448811
1772,-0.2700000000000795,0.9125448779164398,4.0,0.8177653247735326
1773,-0.2600000000000797,0.9163149410788404,4.0,0.8147999895143342
1774,-0.2500000000000799,0.9199750190139954,4.0,0.8120808036519012
1775,-0.2400000000000801,0.92352396202062,4.0,0.8096043741243274
1776,-0.2300000000000803,0.9269608926815572,4.0,0.807367553131212
1777,-0.2200000000000805,0.9302852124591036,4.0,0.8053675474227303
1778,-0.2100000000000808,0.93349660583917,4.0,0.803602014130935
1779,-0.200000000000081,0.9365950419425036,4.0,0.8020691463110381
1780,-0.1900000000000812,0.9395807735706808,4.0,0.8007677508567378
1781,-0.1800000000000814,0.9424543337043132,4.0,0.799697321022452
1782,-0.1700000000000816,0.9452165295194076,4.0,0.7988581054104607
1783,-0.1600000000000818,0.9478684340336302,4.0,0.7982511749471038
1784,-0.150000000000082,0.9504113755361118,4.0,0.7978784890641968
1785,-0.1400000000000822,0.9528469249912368,4.0,0.7977429620042785
1786,-0.1300000000000825,0.9551768816377476,4.0,0.7978485298647563
1787,-0.1200000000000827,0.9574032570288364,4.0,0.7982002186684372
1788,-0.1100000000000829,0.9595282577762976,4.0,0.7988042133756916
1789,-0.1000000000000831,0.9615542672722076,4.0,0.7996679273128763
1790,-0.0900000000000833,0.963483826665136,4.0,0.8008000709544794
1791,-0.0800000000000835,0.9653196153648852,4.0,0.8022107183298378
1792,-0.0700000000000837,0.9670644313408768,4.0,0.8039113684901787
1793,-0.0600000000000839,0.968721171465136,4.0,0.805914998423406
1794,-0.0500000000000842,0.9702928121323208,4.0,0.8082361024912711
1795,-0.0400000000000844,0.9717823903671928,4.0,0.8108907118310147
1796,-0.0300000000000846,0.973192985605327,4.0,0.8138963851540665
1797,-0.0200000000000848,0.974527702306572,4.0,0.8172721599352795
1798,-0.010000000000085,0.9757896535337192,4.0,0.8210384500791292
1799,-8.526512829121202e-14,0.976981945601804,4.0,0.8252168727654277
1800,0.0099999999999145,0.9781076638771986,4.0,0.8298299833603451
1801,0.0199999999999143,0.9791698597808152,4.0,0.8349008931565214
1802,0.029999999999914,0.9801715390268472,4.0,0.8404527405316617
1803,0.0399999999999138,0.9811156511080068,4.0,0.8465079823152001
1804,0.0499999999999136,0.98200508002049,4.0,0.8530874693793687
1805,0.0599999999999134,0.9828426362071718,4.0,0.8602092696437417
1806,0.0699999999999132,0.9836310496859232,4.0,0.8678872039976454
1807,0.079999999999913,0.9843729643214896,4.0,0.8761290675241064
1808,0.0899999999999128,0.9850709331939622,4.0,0.8849345213384083
1809,0.0999999999999126,0.9857274150143676,4.0,0.8942926605740649
1810,0.1099999999999123,0.986344771537855,4.0,0.904179292062668
1811,0.1199999999999121,0.9869252659270586,4.0,0.9145539901765811
1812,0.1299999999999119,0.9874710620217204,4.0,0.9253570381586393
1813,0.1399999999999117,0.9879842244749786,4.0,0.9365063994673458
1814,0.1499999999999115,0.9884667197209742,4.0,0.9478948910692514
1815,0.1599999999999113,0.9889204177417664,4.0,0.9593877385258274
1816,0.1699999999999111,0.9893470946030825,4.0,0.9708206722681508
1817,0.1799999999999109,0.9897484357273209,4.0,0.9819986711573986
1818,0.1899999999999106,0.9901260398678344,4.0,0.9926953774521127
1819,0.1999999999999104,0.990481423740328,4.0,1.0026531129938747
1820,0.2099999999999102,0.990816027255102,4.0,1.0115833496486923
1821,0.21999999999991,0.9911312192780528,4.0,1.0191674691264108
1822,0.2299999999999098,0.9914283038293636,4.0,1.0250577355549106
1823,0.2399999999999096,0.9917085266076912,4.0,1.0288786443599567
1824,0.2499999999999094,0.991973081705607,4.0,1.0302292396902208
1825,0.2599999999999092,0.9922231183606136,4.0,1.0286876309865405
1826,0.269999999999909,0.9924597475668202,4.0,1.0238197877045363
1827,0.2799999999999087,0.992684048356883,4.0,1.0151957233911686
1828,0.2899999999999085,0.9928970735535578,4.0,1.0024173376547914
1829,0.2999999999999083,0.9930998547863452,4.0,0.9851633789523379
1830,0.3099999999999081,0.9932934065721792,4.0,0.9632581369875661
1831,0.3199999999999079,0.993478729270535,4.0,0.9367715742342573
1832,0.3299999999999077,0.993656810743066,4.0,0.906159883236871
1833,0.3399999999999075,0.99382862657606,4.0,0.8724573566370623
1834,0.3499999999999073,0.9939951387604882,4.0,0.8375329518145983
1835,0.359999999999907,0.9941572927689104,4.0,0.8044245516095001
1836,0.3699999999999068,0.9943160130203998,4.0,0.777745046891143
1837,0.3799999999999066,0.9944721967830132,4.0,0.7640696085436103
1838,0.3899999999999064,0.9946267066268644,4.0,0.7719596551688626
1839,0.3999999999999062,0.9947803616076452,4.0,0.8107542585852748
1840,0.409999999999906,0.9949339274280852,4.0,0.8867927360509766
1841,0.4199999999999058,0.9950881058902892,4.0,0.9969520486885189
1842,0.4299999999999055,0.995243524011588,4.0,1.1240156882852537
1843,0.4399999999999053,0.9954007232265528,4.0,1.2414620825593228
1844,0.4499999999999051,0.9955601491340276,4.0,1.326719919703332
1845,0.4599999999999049,0.995722142266548,4.0,1.3706237494425464
1846,0.4699999999999047,0.9958869303568394,4.0,1.3763411128334941
1847,0.4799999999999045,0.9960546225497282,4.0,1.3531045373930035
1848,0.4899999999999043,0.9962252059564016,4.0,1.3110870332226268
1849,0.4999999999999041,0.9963985448717064,4.0,1.2589473630457655
1850,0.5099999999999039,0.9965743828760456,4.0,1.203140203571809
1851,0.5199999999999037,0.9967523479251308,4.0,1.1480303460793446
1852,0.5299999999999034,0.9969319603988857,4.0,1.096289943754276
1853,0.5399999999999032,0.9971126439421828,4.0,1.049344042226408
1854,0.549999999999903,0.9972937387929978,4.0,1.0077658137491246
1855,0.5599999999999028,0.9974745171666728,4.0,0.9715878240883308
1856,0.5699999999999026,0.9976542001569766,4.0,0.9405278828128414
1857,0.5799999999999024,0.997831975533275,4.0,0.9141424607098855
1858,0.5899999999999022,0.9980070157646448,4.0,0.891924836105012
1859,0.599999999999902,0.9981784955901142,4.0,0.8733640416000354
1860,0.6099999999999017,0.9983456084806732,4.0,0.8579775410850052
1861,0.6199999999999015,0.9985075814015512,4.0,0.8453271425132591
1862,0.6299999999999013,0.9986636873779252,4.0,0.8350247173262634
1863,0.6399999999999011,0.9988132554866276,4.0,0.826732062332327
1864,0.6499999999999009,0.998955678031638,4.0,0.8201576552682956
1865,0.6599999999999007,0.99909041480239,4.0,0.8150519856109711
1866,0.6699999999999005,0.999216994451338,4.0,0.8112024462826771
1867,0.6799999999999002,0.9993350131521272,4.0,0.8084283328644243
1868,0.6899999999999,0.9994441308050578,4.0,0.8065762279231858
1869,0.6999999999998998,0.99954406513782,4.0,0.8055158884015392
1870,0.7099999999998996,0.999634584104664,4.0,0.8051366630131633
1871,0.7199999999998994,0.999715497016904,4.0,0.8053444177151369
1872,0.7299999999998992,0.9997866448446384,4.0,0.806058923681369
1873,0.739999999999899,0.9998478901181512,4.0,0.8072116532040102
1874,0.7499999999998987,0.999899106832876,4.0,0.8087439281014814
1875,0.7599999999998985,0.9999401707294088,4.0,0.8106053685949537
1876,0.7699999999998983,0.999970950284622,4.0,0.8127525959234508
1877,0.7799999999998981,0.999991298715156,4.0,0.8151481478864725
1878,0.7899999999998979,1.000001047262517,4.0,0.8177595723187165
1879,0.7999999999998977,0.9999999999999984,4.0,0.8205586688579358
1880,0.8099999999998975,0.9999879303742188,4.0,0.823520854115839
1881,0.8199999999998973,0.9999645796650874,4.0,0.826624629470717
1882,0.829999999999897,0.9999296575133072,4.0,0.829851134198079
1883,0.8399999999998968,0.999882844619364,4.0,0.8331837695999488
1884,0.8499999999998966,0.9998237976580852,4.0,0.8366078822530985
1885,0.8599999999998964,0.999752156375424,4.0,0.8401104965403543
1886,0.8699999999998962,0.999667552738794,4.0,0.8436800883214016
1887,0.879999999999896,0.999569621901908,4.0,0.847306392997663
1888,0.8899999999998958,0.9994580146263904,4.0,0.8509802423792976
1889,0.8999999999998956,0.9993324106855672,4.0,0.8546934257136014
1890,0.9099999999998952,0.9991925326736184,4.0,0.858438571018426
1891,0.9199999999998952,0.999038159569458,4.0,0.8622090435113596
1892,0.9299999999998948,0.9988691393717268,4.0,0.8659988584596957
1893,0.9399999999998948,0.9986854001380768,4.0,0.8698026062178085
1894,0.9499999999998944,0.9984869588318586,4.0,0.8736153875840774
1895,0.9599999999998944,0.9982739274991134,4.0,0.8774327579123996
1896,0.969999999999894,0.9980465164585692,4.0,0.8812506786648119
1897,0.9799999999998938,0.9978050343719688,4.0,0.8850654753008455
1898,0.9899999999998936,0.9975498852532712,4.0,0.8888738005733979
1899,0.9999999999998934,0.9972815626545088,4.0,0.8926726024462612
1900,1.0099999999998932,0.9970006414171316,4.0,0.896459095969913
1901,1.019999999999893,0.996707767488786,4.0,0.9002307385539368
1902,1.0299999999998928,0.9964036463704684,4.0,0.9039852081598037
1903,1.0399999999998926,0.996089030777482,4.0,0.9077203840094367
1904,1.0499999999998924,0.995764708074066,4.0,0.911434329465439
1905,1.059999999999892,0.99543148798418,4.0,0.9151252767897449
1906,1.069999999999892,0.9950901909997044,4.0,0.9187916135305008
1907,1.0799999999998915,0.9947416378128254,4.0,0.9224318703233809
1908,1.0899999999998915,0.9943866400011898,4.0,0.9260447099243787
1909,1.0999999999998913,0.994025992100472,4.0,0.9296289173173078
1910,1.109999999999891,0.993660465115058,4.0,0.9331833907614699
1911,1.1199999999998909,0.9932908014472126,4.0,0.9367071336638999
1912,1.1299999999998906,0.9929177111699524,4.0,0.9401992471766971
1913,1.1399999999998904,0.9925418695289524,4.0,0.9436589234337631
1914,1.1499999999998902,0.992163915533018,4.0,0.9470854393529508
1915,1.15999999999989,0.9917844514790944,4.0,0.9504781509397461
1916,1.1699999999998898,0.9914040432542758,4.0,0.9538364880371498
1917,1.1799999999998896,0.9910232212614946,4.0,0.9571599494738322
1918,1.1899999999998894,0.9906424818253804,4.0,0.9604480985689312
1919,1.1999999999998892,0.990262288948266,4.0,0.9637005589572949
1920,1.209999999999889,0.9898830763018964,4.0,0.9669170107036236
1921,1.2199999999998887,0.9895052493567932,4.0,0.9700971866779772
1922,1.2299999999998883,0.9891291875675274,4.0,0.9732408691685513
1923,1.2399999999998883,0.9887552465476308,4.0,0.9763478867105989
1924,1.249999999999888,0.9883837601821616,4.0,0.9794181111129215
1925,1.259999999999888,0.9880150426387,4.0,0.9824514546655662
1926,1.2699999999998877,0.9876493902487598,4.0,0.9854478675142717
1927,1.2799999999998877,0.9872870832411568,4.0,0.988407335188824
1928,1.2899999999998872,0.9869283873169288,4.0,0.9913298762739479
1929,1.299999999999887,0.9865735550619836,4.0,0.9942155402125428
1930,1.3099999999998868,0.9862228271989536,4.0,0.9970644052321741
1931,1.3199999999998866,0.985876433683842,4.0,0.9998765763866334
1932,1.3299999999998864,0.9855345946561636,4.0,1.0026521837051992
1933,1.3399999999998862,0.9851975212534936,4.0,1.005391380442915
1934,1.349999999999886,0.984865416302806,4.0,1.0080943414258292
1935,1.3599999999998855,0.9845384749018148,4.0,1.0107612614856496
1936,1.3699999999998855,0.984216884903832,4.0,1.0133923539787664
1937,1.379999999999885,0.983900827319524,4.0,1.0159878493849486
1938,1.389999999999885,0.983590476648457,4.0,1.0185479939814686
1939,1.399999999999885,0.9832860011525664,4.0,1.021073048588614
1940,1.409999999999885,0.9829875630827128,4.0,1.0235632873829452
1941,1.4199999999998845,0.9826953188683458,4.0,1.026018996774806
1942,1.4299999999998845,0.9824094192790772,4.0,1.0284404743468771
1943,1.439999999999884,0.9821300095656628,4.0,1.0308280278507584
1944,1.4499999999998838,0.9818572295865856,4.0,1.0331819742587125
1945,1.4599999999998836,0.9815912139251264,4.0,1.0355026388678954
1946,1.4699999999998834,0.9813320920005542,4.0,1.0377903544545382
1947,1.4799999999998832,0.9810799881758868,4.0,1.0400454604756852
1948,1.489999999999883,0.980835021863558,4.0,1.0422683023161832
1949,1.4999999999998828,0.9805973076293528,4.0,1.0444592305787912
1950,1.5099999999998823,0.980366955294089,4.0,1.0466186004153273
1951,1.5199999999998823,0.980144070031782,4.0,1.048746770896892
1952,1.529999999999882,0.9799287524624288,4.0,1.0508441044213086
1953,1.539999999999882,0.9797210987370668,4.0,1.052910966155978
1954,1.5499999999998817,0.9795212006124454,4.0,1.05494772351445
1955,1.5599999999998817,0.9793291455124392,4.0,1.0569547456650814
1956,1.5699999999998813,0.9791450165732762,4.0,1.0589324030702136
1957,1.579999999999881,0.978968892669698,4.0,1.0608810670543831
1958,1.5899999999998808,0.9788008484193472,4.0,1.0628011094001393
1959,1.5999999999998806,0.9786409541629336,4.0,1.064692901970094
1960,1.6099999999998804,0.9784892759180948,4.0,1.0665568163539099
1961,1.6199999999998802,0.9783458753052864,4.0,1.0683932235389604
1962,1.62999999999988,0.978210809444544,4.0,1.0702024936034802
1963,1.6399999999998798,0.978084130822482,4.0,1.0719849954310454
1964,1.6499999999998796,0.97796588712947,4.0,1.0737410964453014
1965,1.6599999999998791,0.977856121067528,4.0,1.0754711623638764
1966,1.6699999999998791,0.9777548701300566,4.0,1.0771755569704948
1967,1.679999999999879,0.9776621663551288,4.0,1.0788546419043115
1968,1.6899999999998787,0.9775780360546196,4.0,1.0805087764655708
1969,1.6999999999998785,0.9775024995220024,4.0,1.0821383174367003
1970,1.7099999999998785,0.97743557072213,4.0,1.0837436189180147
1971,1.719999999999878,0.977377256966767,4.0,1.0853250321772183
1972,1.729999999999878,0.9773275585800392,4.0,1.086882905511963
1973,1.7399999999998776,0.977286468558279,4.0,1.0884175841247117
1974,1.7499999999998774,0.977253972229019,4.0,1.0899294100092367
1975,1.7599999999998772,0.977230046914058,4.0,1.0914187218480766
1976,1.769999999999877,0.9772146616016424,4.0,1.0928858549203269
1977,1.7799999999998768,0.9772077766328372,4.0,1.0943311410191654
1978,1.7899999999998766,0.9772093434071089,4.0,1.0957549083785416
1979,1.7999999999998764,0.9772193041120396,4.0,1.0971574816084833
1980,1.809999999999876,0.9772375914818816,4.0,1.0985391816385033
1981,1.819999999999876,0.9772641285894116,4.0,1.0999003256686193
1982,1.829999999999876,0.97729882867521,4.0,1.1012412271275152
1983,1.8399999999998755,0.9773415950181124,4.0,1.1025621956373948
1984,1.8499999999998755,0.9773923208501278,4.0,1.103863536985119
1985,1.859999999999875,0.9774508893186528,4.0,1.105145553099216
1986,1.8699999999998749,0.9775171734982656,4.0,1.106408542032379
1987,1.8799999999998749,0.9775910364538531,4.0,1.1076527979491122
1988,1.8899999999998744,0.9776723313562328,4.0,1.1088786111181543
1989,1.8999999999998745,0.9777609016508596,4.0,1.1100862679093846
1990,1.909999999999874,0.9778565812796114,4.0,1.1112760507948787
1991,1.9199999999998736,0.9779591949550612,4.0,1.1124482383538443
1992,1.9299999999998736,0.9780685584860808,4.0,1.1136031052811506
1993,1.9399999999998732,0.9781844791530668,4.0,1.1147409223991882
1994,1.9499999999998727,0.9783067561305592,4.0,1.1158619566728316
1995,1.959999999999873,0.9784351809545412,4.0,1.1169664712272465
1996,1.9699999999998727,0.978569538031265,4.0,1.1180547253683444
1997,1.9799999999998723,0.9787096051840526,4.0,1.1191269746056627
1998,1.9899999999998723,0.9788551542341748,4.0,1.1201834706774842
1999,1.999999999999872,0.9790059516116244,4.0,1.121224461578008
2000,-1.9900000000000428,0.0969356505997326,5.0,0.027912623520447044
2001,-1.980000000000043,0.098797968390625,5.0,0.03864743505713066
2002,-1.9700000000000435,0.1006878209921766,5.0,0.049276646025171365
2003,-1.9600000000000437,0.1026049544345243,5.0,0.059793816720243476
2004,-1.950000000000044,0.1045490856968713,5.0,0.07019265014317402
2005,-1.940000000000044,0.106519902639066,5.0,0.08046700832552466
2006,-1.930000000000044,0.1085170640046929,5.0,0.09061092799697068
2007,-1.9200000000000443,0.1105401994973255,5.0,0.10061863549762573
2008,-1.9100000000000448,0.1125889099312971,5.0,0.1104845608449083
2009,-1.9000000000000448,0.1146627674580147,5.0,0.12020335087197026
2010,-1.890000000000045,0.1167613158685183,5.0,0.1297698813630573
2011,-1.8800000000000447,0.1188840709726501,5.0,0.13917926812022083
2012,-1.8700000000000452,0.1210305210548175,5.0,0.14842687690549844
2013,-1.8600000000000456,0.1232001274059864,5.0,0.15750833221286073
2014,-1.8500000000000456,0.1253923249311649,5.0,0.16641952483466815
2015,-1.840000000000046,0.1276065228312514,5.0,0.17515661819800266
2016,-1.8300000000000465,0.1298421053577445,5.0,0.18371605345689462
2017,-1.8200000000000465,0.1320984326384457,5.0,0.19209455333684305
2018,-1.810000000000047,0.134374841571893,5.0,0.20028912473825966
2019,-1.800000000000047,0.1366706467879156,5.0,0.20829706011510765
2020,-1.790000000000047,0.1389851416713317,5.0,0.2161159376541787
2021,-1.780000000000047,0.1413175994454765,5.0,0.22374362028890926
2022,-1.7700000000000475,0.1436672743119162,5.0,0.23117825358933033
2023,-1.7600000000000475,0.1460334026424004,5.0,0.2384182625766184
2024,-1.750000000000048,0.1484152042188122,5.0,0.24546234751664933
2025,-1.7400000000000482,0.1508118835166223,5.0,0.25230947875201587
2026,-1.7300000000000484,0.1532226310271128,5.0,0.2589588906360132
2027,-1.7200000000000486,0.1556466246134173,5.0,0.26541007463520394
2028,-1.7100000000000488,0.1580830308952728,5.0,0.2716627716693741
2029,-1.700000000000049,0.1605310066571943,5.0,0.27771696375887955
2030,-1.6900000000000492,0.1629897002747107,5.0,0.2835728650498019
2031,-1.6800000000000497,0.1654582531531767,5.0,0.2892309122868343
2032,-1.6700000000000497,0.1679358011736605,5.0,0.29469175480261767
2033,-1.66000000000005,0.1704214761403783,5.0,0.29995624409030824
2034,-1.65000000000005,0.1729144072241671,5.0,0.30502542302363633
2035,-1.6400000000000503,0.1754137223965489,5.0,0.30990051478558667
2036,-1.6300000000000503,0.1779185498490093,5.0,0.3145829115633363
2037,-1.6200000000000507,0.1804280193922567,5.0,0.31907416306307984
2038,-1.610000000000051,0.1829412638303441,5.0,0.32337596489417714
2039,-1.6000000000000512,0.1854574203047439,5.0,0.32749014686753675
2040,-1.5900000000000514,0.1879756316036396,5.0,0.3314186612485104
2041,-1.5800000000000516,0.190495047431942,5.0,0.33516357099984195
2042,-1.5700000000000518,0.1930148256377878,5.0,0.3387270380454047
2043,-1.560000000000052,0.1955341333915288,5.0,0.3421113115807018
2044,-1.5500000000000522,0.1980521483135286,5.0,0.3453187164513979
2045,-1.5400000000000524,0.2005680595473572,5.0,0.34835164161653615
2046,-1.5300000000000529,0.2030810687753178,5.0,0.3512125287086212
2047,-1.5200000000000529,0.205590391173513,5.0,0.35390386069844115
2048,-1.510000000000053,0.208095256304037,5.0,0.35642815066836153
2049,-1.5000000000000533,0.2105949089421609,5.0,0.3587879306939015
2050,-1.4900000000000535,0.2130886098367408,5.0,0.3609857408296382
2051,-1.4800000000000535,0.2155756364023887,5.0,0.3630241181919886
2052,-1.470000000000054,0.2180552833422715,5.0,0.3649055861280659
2053,-1.460000000000054,0.2205268632007326,5.0,0.36663264345668745
2054,-1.4500000000000544,0.2229897068452173,5.0,0.3682077537646688
2055,-1.4400000000000546,0.2254431638773072,5.0,0.3696333347387786
2056,-1.4300000000000548,0.2278866029729326,5.0,0.37091174751113437
2057,-1.420000000000055,0.2303194121521176,5.0,0.3720452859933718
2058,-1.4100000000000552,0.2327409989788662,5.0,0.3730361661726233
2059,-1.4000000000000554,0.2351507906920496,5.0,0.37388651534017225
2060,-1.3900000000000556,0.2375482342683628,5.0,0.3745983612215823
2061,-1.3800000000000558,0.2399327964186487,5.0,0.3751736209751842
2062,-1.370000000000056,0.2423039635190597,5.0,0.37561409002395807
2063,-1.3600000000000565,0.244661241478727,5.0,0.37592143068414247
2064,-1.3500000000000565,0.2470041555457412,5.0,0.3760971605523449
2065,-1.3400000000000567,0.2493322500533894,5.0,0.37614264061146735
2066,-1.330000000000057,0.2516450881087422,5.0,0.3760590630145545
2067,-1.3200000000000571,0.2539422512257554,5.0,0.3758474385046435
2068,-1.3100000000000571,0.2562233389051667,5.0,0.37550858342800314
2069,-1.3000000000000576,0.2584879681635368,5.0,0.3750431062978184
2070,-1.2900000000000578,0.2607357730138379,5.0,0.3744513938655657
2071,-1.280000000000058,0.262966403900049,5.0,0.3737335966581386
2072,-1.2700000000000582,0.265179527088264,5.0,0.37288961394041453
2073,-1.2600000000000584,0.2673748240168108,5.0,0.37191907806566626
2074,-1.2500000000000586,0.2695519906079379,5.0,0.37082133818020085
2075,-1.2400000000000588,0.2717107365436007,5.0,0.3695954432543271
2076,-1.230000000000059,0.2738507845078946,5.0,0.36824012441952303
2077,-1.2200000000000593,0.2759718693986709,5.0,0.36675377660208996
2078,-1.2100000000000597,0.2780737375108757,5.0,0.36513443945726787
2079,-1.2000000000000597,0.2801561456941112,5.0,0.3633797776254928
2080,-1.19000000000006,0.2822188604869495,5.0,0.361487060355244
2081,-1.18000000000006,0.2842616572304671,5.0,0.3594531405658136
2082,-1.1700000000000603,0.2862843191635063,5.0,0.3572744334598166
2083,-1.1600000000000603,0.2882866365021277,5.0,0.35494689484109404
2084,-1.1500000000000608,0.2902684055057435,5.0,0.35246599935079287
2085,-1.140000000000061,0.2922294275324193,5.0,0.34982671890552725
2086,-1.1300000000000612,0.2941695080858586,5.0,0.3470235017095254
2087,-1.1200000000000614,0.2960884558566184,5.0,0.34405025232129965
2088,-1.1100000000000616,0.2979860817601585,5.0,0.3409003133889852
2089,-1.1000000000000618,0.2998621979743944,5.0,0.3375664498323923
2090,-1.090000000000062,0.301716616979531,5.0,0.3340408364502887
2091,-1.0800000000000622,0.3035491506030689,5.0,0.3303150501759363
2092,-1.0700000000000625,0.3053596090730366,5.0,0.326380068501438
2093,-1.060000000000063,0.3071478000827101,5.0,0.3222262759523029
2094,-1.0500000000000629,0.3089135278703038,5.0,0.3178434809302792
2095,-1.040000000000063,0.3106565923174272,5.0,0.31322094576894943
2096,-1.0300000000000633,0.3123767880704549,5.0,0.3083474334793515
2097,-1.0200000000000635,0.3140739036893708,5.0,0.3032112754204449
2098,-1.0100000000000635,0.3157477208291699,5.0,0.29780046503235946
2099,-1.000000000000064,0.3173980134594748,5.0,0.29210278384162586
2100,-0.9900000000000642,0.319024547128751,5.0,0.2861059672110434
2101,-0.9800000000000644,0.3206270782803147,5.0,0.27979791878669746
2102,-0.9700000000000646,0.3222053536282715,5.0,0.27316698431385233
2103,-0.9600000000000648,0.3237591096026934,5.0,0.2662022974709001
2104,-0.950000000000065,0.3252880718745787,5.0,0.2588942126169567
2105,-0.9400000000000652,0.3267919549726819,5.0,0.25123484186125705
2106,-0.9300000000000654,0.3282704620060284,5.0,0.2432187166160571
2107,-0.9200000000000657,0.3297232845079017,5.0,0.23484359673113703
2108,-0.910000000000066,0.3311501024194075,5.0,0.22611145332007096
2109,-0.9000000000000661,0.3325505842333119,5.0,0.2170296542997749
2110,-0.8900000000000663,0.333924387321839,5.0,0.20761238420274508
2111,-0.8800000000000665,0.3352711584755213,5.0,0.1978823315816497
2112,-0.8700000000000667,0.3365905346840082,5.0,0.18787267772863783
2113,-0.8600000000000669,0.3378821441941113,5.0,0.17762941866459853
2114,-0.8500000000000671,0.3391456078852083,5.0,0.16721404730158176
2115,-0.8400000000000674,0.340380541007613,5.0,0.15670661283819437
2116,-0.8300000000000676,0.3415865553355787,5.0,0.14620915780333607
2117,-0.8200000000000678,0.3427632617933597,5.0,0.1358495070638795
2118,-0.810000000000068,0.3439102736201304,5.0,0.12578534407804096
2119,-0.8000000000000682,0.3450272101476855,5.0,0.11620845318203975
2120,-0.7900000000000684,0.3461137012735715,5.0,0.10734892691298803
2121,-0.7800000000000686,0.3471693927216743,5.0,0.09947902692761
2122,-0.7700000000000689,0.3481939521922034,5.0,0.09291623702053914
2123,-0.7600000000000691,0.3491870765132387,5.0,0.088024847071356
2124,-0.7500000000000693,0.3501484999165047,5.0,0.08521514832463144
2125,-0.7400000000000695,0.3510780035702912,5.0,0.08493899979431269
2126,-0.7300000000000697,0.3519754265121596,5.0,0.08768015513637833
2127,-0.7200000000000699,0.3528406781326846,5.0,0.0939373656710905
2128,-0.7100000000000701,0.3536737523681289,5.0,0.10419800851773663
2129,-0.7000000000000703,0.3544747437637511,5.0,0.1189000406035767
2130,-0.6900000000000706,0.3552438655691295,5.0,0.13838079425094404
2131,-0.6800000000000708,0.3559814700208487,5.0,0.16281297234241052
2132,-0.670000000000071,0.3566880709541655,5.0,0.19213162642157205
2133,-0.6600000000000712,0.3573643688615013,5.0,0.22596103478498264
2134,-0.6500000000000714,0.3580112784787232,5.0,0.26355651234266914
2135,-0.6400000000000716,0.3586299589267019,5.0,0.3037811937887537
2136,-0.6300000000000718,0.3592218463612488,5.0,0.3451383470803246
2137,-0.620000000000072,0.3597886889841958,5.0,0.38587238020697756
2138,-0.6100000000000723,0.3603325841361433,5.0,0.4241354944571266
2139,-0.6000000000000725,0.3608560170204127,5.0,0.4581958885512078
2140,-0.5900000000000727,0.361361900390029,5.0,0.486646107044619
2141,-0.5800000000000729,0.3618536142561247,5.0,0.5085655183819666
2142,-0.5700000000000731,0.3623350443367487,5.0,0.5236024874832141
2143,-0.5600000000000733,0.3628106175482528,5.0,0.5319647735879923
2144,-0.5500000000000735,0.3632853323343307,5.0,0.5343308534574167
2145,-0.5400000000000738,0.3637647810163172,5.0,0.5317109410147303
2146,-0.530000000000074,0.3642551606167591,5.0,0.5252907015444571
2147,-0.5200000000000742,0.3647632677393865,5.0,0.5162851647399813
2148,-0.5100000000000744,0.3652964720637683,5.0,0.5058201923339346
2149,-0.5000000000000746,0.3658626618118594,5.0,0.4948487759316596
2150,-0.4900000000000748,0.3664701531452661,5.0,0.48410207570283964
2151,-0.480000000000075,0.3671275538350924,5.0,0.47407099767596406
2152,-0.4700000000000752,0.3678435696909585,5.0,0.4650125149309095
2153,-0.4600000000000754,0.3686267401280733,5.0,0.45697476490699207
2154,-0.4500000000000757,0.3694850868872162,5.0,0.4498352989221603
2155,-0.4400000000000759,0.3704256573192485,5.0,0.4433472275125167
2156,-0.4300000000000761,0.3714539408552784,5.0,0.4371882857678976
2157,-0.4200000000000763,0.3725731344159605,5.0,0.4310081686239051
2158,-0.4100000000000765,0.3737832297703841,5.0,0.4244700616602736
2159,-0.4000000000000767,0.3750798935787559,5.0,0.4172832493508519
2160,-0.3900000000000769,0.3764531095962383,5.0,0.4092249943884041
2161,-0.3800000000000771,0.3778855531374265,5.0,0.4001513657319363
2162,-0.3700000000000774,0.3793506716993642,5.0,0.38999807951832083
2163,-0.3600000000000776,0.380810454518893,5.0,0.37877345215256464
2164,-0.3500000000000778,0.382212890503165,5.0,0.3665460979974341
2165,-0.340000000000078,0.3834891421209765,5.0,0.3534300240391042
2166,-0.3300000000000782,0.3845505072716141,5.0,0.33956938984554896
2167,-0.3200000000000784,0.3852853075742308,5.0,0.3251245866406366
2168,-0.3100000000000786,0.3855559358411715,5.0,0.31026062016588735
2169,-0.3000000000000788,0.3851964220536934,5.0,0.29513819124402374
2170,-0.2900000000000791,0.3840110355662931,5.0,0.27990742783792605
2171,-0.2800000000000793,0.3817746216537792,5.0,0.2647039494105427
2172,-0.2700000000000795,0.3782355477103385,5.0,0.24964681707338246
2173,-0.2600000000000797,0.3731222628850972,5.0,0.23483790204805577
2174,-0.2500000000000799,0.3661544876552178,5.0,0.22036224897529885
2175,-0.2400000000000801,0.3570598646303429,5.0,0.2062890853240172
2176,-0.2300000000000803,0.3455964376023377,5.0,0.19267320975876365
2177,-0.2200000000000805,0.3315805268760617,5.0,0.17955656693761407
2178,-0.2100000000000808,0.3149184325827611,5.0,0.16696987758524293
2179,-0.200000000000081,0.2956389980467381,5.0,0.15493423953281069
2180,-0.1900000000000812,0.273922570329597,5.0,0.1434626491514598
2181,-0.1800000000000814,0.2501205811578766,5.0,0.13256141574802072
2182,-0.1700000000000816,0.2247592409128568,5.0,0.12223145670061929
2183,-0.1600000000000818,0.1985212336754004,5.0,0.1124694707101382
2184,-0.150000000000082,0.1722014698510273,5.0,0.1032689923452898
2185,-0.1400000000000822,0.1466374526572655,5.0,0.09462133437449625
2186,-0.1300000000000825,0.1226216163551871,5.0,0.08651642609247845
2187,-0.1200000000000827,0.1008106974817882,5.0,0.07894355652573641
2188,-0.1100000000000829,0.0816525309002069,5.0,0.07189203136805919
2189,-0.1000000000000831,0.0653494351738942,5.0,0.06535175192069913
2190,-0.0900000000000833,0.0518675270476957,5.0,0.05931372324102093
2191,-0.0800000000000835,0.0409861513865734,5.0,0.05377049709409792
2192,-0.0700000000000837,0.0323689498465461,5.0,0.04871655302137945
2193,-0.0600000000000839,0.0256346417180085,5.0,0.04414861765403101
2194,-0.0500000000000842,0.020411666524935,5.0,0.04006591793523443
2195,-0.0400000000000844,0.0163709802605627,5.0,0.03647035761437254
2196,-0.0300000000000846,0.0132395091500435,5.0,0.03336659740175523
2197,-0.0200000000000848,0.0108004739772656,5.0,0.030762006297244106
2198,-0.010000000000085,0.0088867918615994,5.0,0.028666433041425597
2199,-8.526512829121202e-14,0.0073720305692942,5.0,0.02709171980778033
2200,0.0099999999999145,0.0061614745412037,5.0,0.02605084149712602
2201,0.0199999999999143,0.0051844411202214,5.0,0.025556498192577784
2202,0.029999999999914,0.0043881476101805,5.0,0.025618908476797046
2203,0.0399999999999138,0.0037330256556985,5.0,0.026242438066808003
2204,0.0499999999999136,0.0031892327765828,5.0,0.027420539580232054
2205,0.0599999999999134,0.0027340926994296,5.0,0.029128260501626244
2206,0.0699999999999132,0.0023502303442617,5.0,0.03131128076470374
2207,0.079999999999913,0.0020242155070039,5.0,0.033870051733880524
2208,0.0899999999999128,0.0017455748381598,5.0,0.036637111628487026
2209,0.0999999999999126,0.0015060691293148,5.0,0.039345049220573754
2210,0.1099999999999123,0.0012991615809611,5.0,0.04158191856319719
2211,0.1199999999999121,0.0011196238593858,5.0,0.04273033261162395
2212,0.1299999999999119,0.000963241997932,5.0,0.04188651374401263
2213,0.1399999999999117,0.0008265950669137,5.0,0.037757927401275614
2214,0.1499999999999115,0.0007068872393005,5.0,0.02854777405913607
2215,0.1599999999999113,0.0006018193291956,5.0,0.011865360420272537
2216,0.1699999999999111,0.0005094897406586,5.0,-0.015213292836765951
2217,0.1799999999999109,0.0004283175078949,5.0,-0.0556054853820652
2218,0.1899999999999106,0.0003569820665874,5.0,-0.11048189792610641
2219,0.1999999999999104,0.0002943758026291,5.0,-0.17518048625328161
2220,0.2099999999999102,0.0002395664410117,5.0,-0.2322833238825994
2221,0.21999999999991,0.0001917670774315,5.0,-0.2463631710755205
2222,0.2299999999999098,0.0001503121976122,5.0,-0.17661929357905004
2223,0.2399999999999096,0.0001146384301623,5.0,-0.021041519869531768
2224,0.2499999999999094,8.426907729829967e-05,5.0,0.15557097810055137
2225,0.2599999999999092,5.880169192146807e-05,5.0,0.2770342447514287
2226,0.269999999999909,3.789813926861543e-05,5.0,0.3190131031863861
2227,0.2799999999999087,2.127671103155182e-05,5.0,0.2991746226353803
2228,0.2899999999999085,8.705959843534586e-06,5.0,0.2439288864428311
2229,0.2999999999999083,0.0,5.0,0.17342340759229827
2230,0.3099999999999081,-4.9849181516375285e-06,5.0,0.10011551487555517
2231,0.3199999999999079,-6.352703303935966e-06,5.0,0.030995588652489012
2232,0.3299999999999077,-4.168690383933155e-06,5.0,-0.030264989159027877
2233,0.3399999999999075,1.540051732501852e-06,5.0,-0.08187935021392075
2234,0.3499999999999073,1.0785333575612886e-05,5.0,-0.1230926259657988
2235,0.359999999999907,2.361936869222056e-05,5.0,-0.1537070339876221
2236,0.3699999999999068,4.013722353692513e-05,5.0,-0.17383584866592047
2237,0.3799999999999066,6.048023729819216e-05,5.0,-0.18379232080435035
2238,0.3899999999999064,8.484048532341651e-05,5.0,-0.18405597111591698
2239,0.3999999999999062,0.0001134663938701,5.0,-0.1752801064077266
2240,0.409999999999906,0.0001466696538824,5.0,-0.1583161852177837
2241,0.4199999999999058,0.0001848336294968,5.0,-0.13423696426668724
2242,0.4299999999999055,0.0002284235155124,5.0,-0.10434427080339416
2243,0.4399999999999053,0.0002779985701018,5.0,-0.07015099060868675
2244,0.4499999999999051,0.0003342268382234,5.0,-0.03333177397991269
2245,0.4599999999999049,0.0003979028919984,5.0,0.004356693309708931
2246,0.4699999999999047,0.0004699692522682,5.0,0.041178110583183956
2247,0.4799999999999045,0.0005515423275278,5.0,0.0755281892789581
2248,0.4899999999999043,0.0006439439210075,5.0,0.10603919442869285
2249,0.4999999999999041,0.0007487396244297,5.0,0.13166220066238377
2250,0.5099999999999039,0.0008677857509523,5.0,0.15171647356541634
2251,0.5199999999999037,0.0010032868759037,5.0,0.16590194987562107
2252,0.5299999999999034,0.0011578665711448,5.0,0.17427728744714405
2253,0.5399999999999032,0.0013346545595966,5.0,0.17721076991152918
2254,0.549999999999903,0.0015373943060116,5.0,0.17531375959239726
2255,0.5599999999999028,0.0017705760258919,5.0,0.169366555523082
2256,0.5699999999999026,0.0020396012639754,5.0,0.16024511407442904
2257,0.5799999999999024,0.0023509865902,5.0,0.14885491752495375
2258,0.5899999999999022,0.0027126155966227,5.0,0.13607595750203696
2259,0.599999999999902,0.0031340502428061,5.0,0.12272071623049202
2260,0.6099999999999017,0.0036269146384343,5.0,0.10950535381505186
2261,0.6199999999999015,0.0042053664518193,5.0,0.0970330912722952
2262,0.6299999999999013,0.0048866730677037,5.0,0.08578799790732197
2263,0.6399999999999011,0.0056919110073752,5.0,0.07613699664904992
2264,0.6499999999999009,0.0066468073681218,5.0,0.06833782214366164
2265,0.6599999999999007,0.0077827402434656,5.0,0.0625508224427468
2266,0.6699999999999005,0.0091379099924012,5.0,0.058852801582144273
2267,0.6799999999999002,0.0107586831703784,5.0,0.05725147926086692
2268,0.6899999999999,0.0127010938730457,5.0,0.05769953191471708
2269,0.6999999999998998,0.015032460915467,5.0,0.06010753261858498
2270,0.7099999999998996,0.0178330415819798,5.0,0.06435540063969322
2271,0.7199999999998994,0.0211975924093609,5.0,0.07030219645161104
2272,0.7299999999998992,0.0252366453300081,5.0,0.07779425735662704
2273,0.739999999999899,0.0300772376085299,5.0,0.08667177188548902
2274,0.7499999999998987,0.035862765432089,5.0,0.09677394983735536
2275,0.7599999999998985,0.0427515790574563,5.0,0.10794297115272437
2276,0.7699999999998983,0.0509139236686217,5.0,0.12002690120900471
2277,0.7799999999998981,0.060526880284342,5.0,0.13288175088110818
2278,0.7899999999998979,0.0717670996433542,5.0,0.14637284293346065
2279,0.7999999999998977,0.0848013633250989,5.0,0.1603756262238304
2280,0.8099999999998975,0.0997753436150365,5.0,0.17477605851913783
2281,0.8199999999998973,0.1168013291202957,5.0,0.1894706590574914
2282,0.829999999999897,0.1359460653548557,5.0,0.20436631418160928
2283,0.8399999999998968,0.1572201321514729,5.0,0.2193799037604276
2284,0.8499999999998966,0.1805703450907875,5.0,0.2344378027478461
2285,0.8599999999998964,0.2058764602033151,5.0,0.24947530097082596
2286,0.8699999999998962,0.2329529772543277,5.0,0.26443597488116155
2287,0.879999999999896,0.2615561520689494,5.0,0.2792710373056521
2288,0.8899999999998958,0.2913955825651577,5.0,0.2939386849491282
2289,0.8999999999998956,0.3221490916816601,5.0,0.3084034583228985
2290,0.9099999999998952,0.3534792320260198,5.0,0.3226356246911055
2291,0.9199999999998952,0.3850496518377672,5.0,0.3366105913788806
2292,0.9299999999998948,0.4165397751135677,5.0,0.35030835422370216
2293,0.9399999999998948,0.4476566758337226,5.0,0.3637129839520785
2294,0.9499999999998944,0.4781435478336003,5.0,0.37681215172440047
2295,0.9599999999998944,0.5077846730457349,5.0,0.38959669392546903
2296,0.969999999999894,0.5364071892980722,5.0,0.4020602154146243
2297,0.9799999999998938,0.5638802158489815,5.0,0.41419872982820677
2298,0.9899999999998936,0.590112010723686,5.0,0.42601033509847286
2299,0.9999999999998934,0.6150458349659493,5.0,0.4374949220764714
2300,1.0099999999998932,0.6386551225343677,5.0,0.4486539139879829
2301,1.019999999999893,0.6609384375960875,5.0,0.45949003438420893
2302,1.0299999999998928,0.6819145728821135,5.0,0.47000710124979805
2303,1.0399999999998926,0.7016180233369519,5.0,0.4802098449824078
2304,1.0499999999998924,0.72009496922868,5.0,0.49010374804547296
2305,1.059999999999892,0.73739982594265,5.0,0.4996949042079963
2306,1.069999999999892,0.7535923631007866,5.0,0.5089898954129366
2307,1.0799999999998915,0.7687353602421738,5.0,0.5179956844520367
2308,1.0899999999998915,0.7828927459791086,5.0,0.5267195217646607
2309,1.0999999999998913,0.7961281582596745,5.0,0.5351688648171048
2310,1.109999999999891,0.8085038616143316,5.0,0.5433513086543503
2311,1.1199999999998909,0.820079960251039,5.0,0.5512745263459653
2312,1.1299999999998906,0.8309138515194588,5.0,0.5589462181707399
2313,1.1399999999998904,0.841059871142546,5.0,0.5663740684997087
2314,1.1499999999998902,0.8505690887621045,5.0,0.5735657094439317
2315,1.15999999999989,0.8594892191841406,5.0,0.5805286904319514
2316,1.1699999999998898,0.8678646209228043,5.0,0.5872704529719128
2317,1.1799999999998896,0.8757363590876106,5.0,0.593798309935509
2318,1.1899999999998894,0.8831423143084938,5.0,0.6001194287754028
2319,1.1999999999998892,0.8901173232841338,5.0,0.6062408181550469
2320,1.209999999999889,0.8966933397429745,5.0,0.6121693175303704
2321,1.2199999999998887,0.9028996072099222,5.0,0.6179115892771112
2322,1.2299999999998883,0.9087628370638492,5.0,0.6234741130061514
2323,1.2399999999998883,0.9143073870355144,5.0,0.6288631817525863
2324,1.249999999999888,0.9195554366079242,5.0,0.6340848997628293
2325,1.259999999999888,0.9245271568070303,5.0,0.6391451816383451
2326,1.2699999999998877,0.929240872665598,5.0,0.6440497526249835
2327,1.2799999999998877,0.9337132172535704,5.0,0.6488041498638523
2328,1.2899999999998872,0.9379592766322588,5.0,0.6534137244433256
2329,1.299999999999887,0.9419927254384076,5.0,0.6578836441128775
2330,1.3099999999998868,0.9458259530623108,5.0,0.6622188965378333
2331,1.3199999999998866,0.9494701805720488,5.0,0.6664242929904031
2332,1.3299999999998864,0.952935568669015,5.0,0.6705044723866495
2333,1.3399999999998862,0.9562313170512412,5.0,0.6744639055915684
2334,1.349999999999886,0.9593657556201192,5.0,0.6783068999254535
2335,1.3599999999998855,0.9623464280010258,5.0,0.6820376038142844
2336,1.3699999999998855,0.9651801678648728,5.0,0.6856600115353496
2337,1.379999999999885,0.967873168540789,5.0,0.6891779680165678
2338,1.389999999999885,0.9704310464032458,5.0,0.6925951736544265
2339,1.399999999999885,0.9728588985032224,5.0,0.6959151891210001
2340,1.409999999999885,0.9751613548942356,5.0,0.699141440135312
2341,1.4199999999998845,0.9773426260822488,5.0,0.7022772221785792
2342,1.4299999999998845,0.9794065460046092,5.0,0.7053257051364309
2343,1.439999999999884,0.981356610918362,5.0,0.7082899378544071
2344,1.4499999999998838,0.9831960145532004,5.0,0.7111728525957068
2345,1.4599999999998836,0.9849276798594097,5.0,0.7139772693925311
2346,1.4699999999998834,0.9865542876569594,5.0,0.7167059002843456
2347,1.4799999999998832,0.9880783024684578,5.0,0.7193613534381235
2348,1.489999999999883,0.9895019957963788,5.0,0.7219461371471092
2349,1.4999999999998828,0.9908274670837935,5.0,0.7244626637058513
2350,1.5099999999998823,0.992056662577866,5.0,0.7269132531603812
2351,1.5199999999998823,0.9931913922966896,5.0,0.7293001369332291
2352,1.529999999999882,0.9942333452825726,5.0,0.7316254613237861
2353,1.539999999999882,0.9951841033086446,5.0,0.7338912908851152
2354,1.5499999999998817,0.9960451531906273,5.0,0.7360996116788171
2355,1.5599999999998817,0.9968178978416594,5.0,0.7382523344100268
2356,1.5699999999998813,0.9975036661953128,5.0,0.7403512974449038
2357,1.579999999999881,0.998103722110066,5.0,0.74239826971329
2358,1.5899999999998808,0.998619272357744,5.0,0.744394953499415
2359,1.5999999999998806,0.99905147378847,5.0,0.7463429871236754
2360,1.6099999999998804,0.9994014397556128,5.0,0.7482439475186524
2361,1.6199999999998802,0.999670245875965,5.0,0.7500993527025989
2362,1.62999999999988,0.999858935192792,5.0,0.7519106641536751
2363,1.6399999999998798,0.99996852280258,5.0,0.7536792890882538
2364,1.6499999999998796,0.9999999999999998,5.0,0.7554065826465853
2365,1.6599999999998791,0.9999543379900396,5.0,0.757093849989112
2366,1.6699999999998791,0.9998324912110338,5.0,0.7587423483066951
2367,1.679999999999879,0.9996354003077482,5.0,0.7603532887479328
2368,1.6899999999998787,0.9993639947894686,5.0,0.7619278382667307
2369,1.6999999999998785,0.9990191954042617,5.0,0.7634671213932047
2370,1.7099999999998785,0.9986019162571866,5.0,0.7649722219308944
2371,1.719999999999878,0.9981130666971982,5.0,0.766444184583239
2372,1.729999999999878,0.9975535529947092,5.0,0.7678840165121386
2373,1.7399999999998776,0.9969242798293716,5.0,0.7692926888313606
2374,1.7499999999998774,0.9962261516054236,5.0,0.7706711380374532
2375,1.7599999999998772,0.9954600736100142,5.0,0.7720202673807572
2376,1.769999999999877,0.9946269530281672,5.0,0.7733409481789956
2377,1.7799999999998768,0.9937276998265396,5.0,0.7746340210758473
2378,1.7899999999998766,0.992763227516737,5.0,0.7759002972468128
2379,1.7999999999998764,0.9917344538077996,5.0,0.7771405595546054
2380,1.809999999999876,0.9906423011563598,5.0,0.7783555636562141
2381,1.819999999999876,0.9894876972221104,5.0,0.7795460390636877
2382,1.829999999999876,0.9882715752353898,5.0,0.780712690160612
2383,1.8399999999998755,0.9869948742830172,5.0,0.7818561971762015
2384,1.8499999999998755,0.985658539517862,5.0,0.7829772171188019
2385,1.859999999999875,0.9842635222972,5.0,0.78407638467056
2386,1.8699999999998749,0.9828107802543764,5.0,0.7851543130449314
2387,1.8799999999998749,0.9813012773079964,5.0,0.7862115948086315
2388,1.8899999999998744,0.9797359836124948,5.0,0.7872488026695583
2389,1.8999999999998745,0.9781158754537098,5.0,0.7882664902321636
2390,1.909999999999874,0.9764419350928488,5.0,0.7892651927216782
2391,1.9199999999998736,0.9747151505620618,5.0,0.7902454276785281
2392,1.9299999999998736,0.9729365154146734,5.0,0.7912076956242355
2393,1.9399999999998732,0.9711070284330529,5.0,0.7921524807000441
2394,1.9499999999998727,0.9692276932969224,5.0,0.7930802512794356
2395,1.959999999999873,0.9672995182149418,5.0,0.7939914605556562
2396,1.9699999999998727,0.9653235155222346,5.0,0.7948865471053514
2397,1.9799999999998723,0.9633007012465524,5.0,0.7957659354293227
2398,1.9899999999998723,0.9612320946456976,5.0,0.7966300364713916
2399,1.999999999999872,0.959118717718812,5.0,0.7974792481163172
2400,-1.9900000000000428,0.4698609942311562,6.0,0.4671911243745512
2401,-1.980000000000043,0.4716533536334765,6.0,0.4693906809023856
2402,-1.9700000000000435,0.4734274506434939,6.0,0.47158573196515524
2403,-1.9600000000000437,0.4751826232151498,6.0,0.4737757245033962
2404,-1.950000000000044,0.4769181073579983,6.0,0.47596001987624925
2405,-1.940000000000044,0.4786330318934516,6.0,0.4781378848230143
2406,-1.930000000000044,0.4803264131834228,6.0,0.48030848185276204
2407,-1.9200000000000443,0.4819971498499791,6.0,0.4824708590572943
2408,-1.9100000000000448,0.4836440175031441,6.0,0.48462393934734743
2409,-1.9000000000000448,0.4852656634919447,6.0,0.48676650911731795
2410,-1.890000000000045,0.4868606016911234,6.0,0.4888972063499663
2411,-1.8800000000000447,0.4884272073326791,6.0,0.4910145081796041
2412,-1.8700000000000452,0.4899637118875025,6.0,0.49311671794024625
2413,-1.8600000000000456,0.4914681979979125,6.0,0.4952019517341739
2414,-1.8500000000000456,0.4929385944569143,6.0,0.49726812456627695
2415,-1.840000000000046,0.4943726712244953,6.0,0.4993129361006261
2416,-1.8300000000000465,0.4957680344654382,6.0,0.5013338561077515
2417,-1.8200000000000465,0.4971221215869469,6.0,0.5033281096843282
2418,-1.810000000000047,0.498432196248095,6.0,0.5052926623411637
2419,-1.800000000000047,0.4996953433067894,6.0,0.5072242050707001
2420,-1.790000000000047,0.5009084636638292,6.0,0.5091191395214684
2421,-1.780000000000047,0.5020682689579149,6.0,0.5109735634240657
2422,-1.7700000000000475,0.5031712760603736,6.0,0.5127832564311483
2423,-1.7600000000000475,0.5042138013141938,6.0,0.5145436665524162
2424,-1.750000000000048,0.5051919544589875,6.0,0.5162498973844322
2425,-1.7400000000000482,0.5061016321820843,6.0,0.5178966963541936
2426,-1.7300000000000484,0.5069385112364809,6.0,0.5194784442141525
2427,-1.7200000000000486,0.5076980410692419,6.0,0.5209891460447829
2428,-1.7100000000000488,0.5083754359096495,6.0,0.5224224240380945
2429,-1.700000000000049,0.5089656662754721,6.0,0.5237715123514876
2430,-1.6900000000000492,0.5094634498687561,6.0,0.5250292543352938
2431,-1.6800000000000497,0.5098632418501826,6.0,0.5261881024488015
2432,-1.6700000000000497,0.5101592245040452,6.0,0.5272401211877905
2433,-1.66000000000005,0.5103452963351137,6.0,0.5281769933509524
2434,-1.65000000000005,0.5104150606749045,6.0,0.5289900299723412
2435,-1.6400000000000503,0.510361813919259,6.0,0.5296701842413588
2436,-1.6300000000000503,0.510178533572581,6.0,0.5302080697201021
2437,-1.6200000000000507,0.5098578663378008,6.0,0.5305939831493484
2438,-1.610000000000051,0.5093921165661633,6.0,0.5308179321083422
2439,-1.6000000000000512,0.5087732354683536,6.0,0.530869667759318
2440,-1.5900000000000514,0.5079928115892935,6.0,0.5307387228647108
2441,-1.5800000000000516,0.5070420631637392,6.0,0.5304144552129525
2442,-1.5700000000000518,0.5059118330990898,6.0,0.5298860965272991
2443,-1.560000000000052,0.5045925874751349,6.0,0.5291428068614141
2444,-1.5500000000000522,0.5030744186069546,6.0,0.528173734405458
2445,-1.5400000000000524,0.5013470538844778,6.0,0.5269680805378832
2446,-1.5300000000000529,0.4993998717767678,6.0,0.525515169861717
2447,-1.5200000000000529,0.497221926565316,6.0,0.5238045248610287
2448,-1.510000000000053,0.4948019835406735,6.0,0.521825944705028
2449,-1.5000000000000533,0.4921285665499154,6.0,0.5195695876156728
2450,-1.4900000000000535,0.4891900199048892,6.0,0.5170260561021156
2451,-1.4800000000000535,0.4859745867354387,6.0,0.5141864842542188
2452,-1.470000000000054,0.4824705058766443,6.0,0.5110426261807791
2453,-1.460000000000054,0.4786661292896585,6.0,0.5075869445790258
2454,-1.4500000000000544,0.4745500618040185,6.0,0.5038126983337472
2455,-1.4400000000000546,0.4701113246053277,6.0,0.499714027970485
2456,-1.4300000000000548,0.4653395433458095,6.0,0.49528603773090174
2457,-1.420000000000055,0.460225160998956,6.0,0.4905248730028996
2458,-1.4100000000000552,0.4547596745923364,6.0,0.48542779182628965
2459,-1.4000000000000554,0.4489358937248748,6.0,0.4799932292091607
2460,-1.3900000000000556,0.4427482173139575,6.0,0.47422085303256345
2461,-1.3800000000000558,0.4361929233541322,6.0,0.4681116103927789
2462,-1.370000000000056,0.4292684646626242,6.0,0.4616677633317632
2463,-1.3600000000000565,0.421975761730873,6.0,0.45489291303664864
2464,-1.3500000000000565,0.4143184820249894,6.0,0.44779201174702227
2465,-1.3400000000000567,0.4063032935439644,6.0,0.44037136179145125
2466,-1.330000000000057,0.3979400793408766,6.0,0.4326386013789721
2467,-1.3200000000000571,0.3892420992380515,6.0,0.42460267699247434
2468,-1.3100000000000571,0.3802260853104977,6.0,0.4162738024639688
2469,-1.3000000000000576,0.3709122590231739,6.0,0.40766340505080806
2470,-1.2900000000000578,0.3613242602693237,6.0,0.39878405907061115
2471,-1.280000000000058,0.3514889819557105,6.0,0.389649407884713
2472,-1.2700000000000582,0.3414363080863054,6.0,0.3802740752387247
2473,-1.2600000000000584,0.3311987582557719,6.0,0.3706735671684027
2474,-1.2500000000000586,0.3208110467133454,6.0,0.3608641658537594
2475,-1.2400000000000588,0.3103095692519478,6.0,0.350862816949495
2476,-1.230000000000059,0.2997318356423284,6.0,0.340687012031738
2477,-1.2200000000000593,0.2891158687251138,6.0,0.33035466787692147
2478,-1.2100000000000597,0.2784995932468802,6.0,0.31988400432725456
2479,-1.2000000000000597,0.2679202378786717,6.0,0.3092934224983591
2480,-1.19000000000006,0.2574137725643507,6.0,0.2986013850496201
2481,-1.18000000000006,0.2470144005707977,6.0,0.2878263001688336
2482,-1.1700000000000603,0.2367541206683395,6.0,0.2769864108234336
2483,-1.1600000000000603,0.226662370180793,6.0,0.2660996907051551
2484,-1.1500000000000608,0.2167657546782434,6.0,0.2551837481486144
2485,-1.140000000000061,0.2070878652901217,6.0,0.24425573914232054
2486,-1.1300000000000612,0.1976491803656968,6.0,0.23333229037901598
2487,-1.1200000000000614,0.1884670447678796,6.0,0.2224294331166238
2488,-1.1100000000000616,0.179555717593981,6.0,0.2115625484471364
2489,-1.1000000000000618,0.1709264775950104,6.0,0.2007463244037351
2490,-1.090000000000062,0.1625877749371324,6.0,0.18999472518098653
2491,-1.0800000000000622,0.1545454180722265,6.0,0.17932097260329918
2492,-1.0700000000000625,0.1468027851809973,6.0,0.1687375398562597
2493,-1.060000000000063,0.1393610507375794,6.0,0.15825615739673848
2494,-1.0500000000000629,0.1322194190498568,6.0,0.1478878308827493
2495,-1.040000000000063,0.1253753580143328,6.0,0.13764287091417482
2496,-1.0300000000000633,0.1188248276822975,6.0,0.1275309343512782
2497,-1.0200000000000635,0.11256249949343,6.0,0.11756107697951301
2498,-1.0100000000000635,0.1065819631519562,6.0,0.10774181731609232
2499,-1.000000000000064,0.1008759190807151,6.0,0.09808121140521808
2500,-0.9900000000000642,0.0954363551887582,6.0,0.08858693852383208
2501,-0.9800000000000644,0.0902547073377626,6.0,0.07926639781669942
2502,-0.9700000000000646,0.0853220034071453,6.0,0.07012681599717403
2503,-0.9600000000000648,0.0806289912550288,6.0,0.06117536638625785
2504,-0.950000000000065,0.0761662511700703,6.0,0.05241929971571446
2505,-0.9400000000000652,0.0719242936241981,6.0,0.04386608728878414
2506,-0.9300000000000654,0.0678936432833167,6.0,0.03552357727188951
2507,-0.9200000000000657,0.0640649103247645,6.0,0.027400165079412356
2508,-0.910000000000066,0.0604288501576608,6.0,0.019504979007137775
2509,-0.9000000000000661,0.0569764126544062,6.0,0.011848082462687445
2510,-0.8900000000000663,0.0536987819863401,6.0,0.004440694325957307
2511,-0.8800000000000665,0.0505874081203845,6.0,-0.002704570861219019
2512,-0.8700000000000667,0.0476340309820107,6.0,-0.009573441043419645
2513,-0.8600000000000669,0.0448306982276166,6.0,-0.01614970122446531
2514,-0.8500000000000671,0.0421697775002936,6.0,-0.02241488255093745
2515,-0.8400000000000674,0.0396439639701236,6.0,-0.028347924111828595
2516,-0.8300000000000676,0.0372462838861572,6.0,-0.03392480595224509
2517,-0.8200000000000678,0.0349700947940494,6.0,-0.0391181523396642
2518,-0.810000000000068,0.0328090830025745,6.0,-0.043896805212838015
2519,-0.8000000000000682,0.0307572588149533,6.0,-0.048225369128096475
2520,-0.7900000000000684,0.0288089499779615,6.0,-0.05206373108995306
2521,-0.7800000000000686,0.0269587937435761,6.0,-0.05536656167837004
2522,-0.7700000000000689,0.0252017278847502,6.0,-0.058082808225010496
2523,-0.7600000000000691,0.0235329809588321,6.0,-0.06015519693322053
2524,-0.7500000000000693,0.021948062069097,6.0,-0.06151976943552864
2525,-0.7400000000000695,0.0204427503366479,6.0,-0.062105491205617785
2526,-0.7300000000000697,0.0190130842613204,6.0,-0.06183398562335477
2527,-0.7200000000000699,0.0176553511208851,6.0,-0.0606194697852613
2528,-0.7100000000000701,0.0163660765324495,6.0,-0.05836899816911247
2529,-0.7000000000000703,0.015142014278194,6.0,-0.054983160158407526
2530,-0.6900000000000706,0.0139801364790736,6.0,-0.050357429606547634
2531,-0.6800000000000708,0.0128776241845853,6.0,-0.044384431397083444
2532,-0.670000000000071,0.0118318584338068,6.0,-0.036957472919834394
2533,-0.6600000000000712,0.0108404118324004,6.0,-0.027975787095886575
2534,-0.6500000000000714,0.0099010406818718,6.0,-0.017352043332194114
2535,-0.6400000000000716,0.0090116776908699,6.0,-0.005022790882934996
2536,-0.6300000000000718,0.0081704252934922,6.0,0.009037420721160639
2537,-0.620000000000072,0.0073755495962765,6.0,0.024797494794912483
2538,-0.6100000000000723,0.0066254749736497,6.0,0.04214621352170614
2539,-0.6000000000000725,0.0059187793309694,6.0,0.060863454656922354
2540,-0.5900000000000727,0.0052541900548495,6.0,0.08058685935130895
2541,-0.5800000000000729,0.004630580672128,6.0,0.10077605123903965
2542,-0.5700000000000731,0.0040469682416162,6.0,0.12067867651530033
2543,-0.5600000000000733,0.0035025115066103,6.0,0.13930541081775527
2544,-0.5500000000000735,0.0029965098411229,6.0,0.1554243017797393
2545,-0.5400000000000738,0.0025284030288918,6.0,0.16758748420011937
2546,-0.530000000000074,0.0020977719215741,6.0,0.17420385906327737
2547,-0.5200000000000742,0.0017043400312136,6.0,0.173667741870207
2548,-0.5100000000000744,0.0013479761222144,6.0,0.1645439978105903
2549,-0.5000000000000746,0.0010286978798579,6.0,0.14579462681120894
2550,-0.4900000000000748,0.0007466767460577,6.0,0.1170130825060472
2551,-0.480000000000075,0.0005022440288184,6.0,0.07861744626788317
2552,-0.4700000000000752,0.0002958984100565,6.0,0.0319505635314155
2553,-0.4600000000000754,0.0001283149973882,6.0,-0.020749450392982254
2554,-0.4500000000000757,3.560896194684512e-07,6.0,-0.07651290185277773
2555,-0.4400000000000759,-8.69161465702405e-05,6.0,-0.1319034891109885
2556,-0.4300000000000761,-0.0001322248593479,6.0,-0.18332496545367274
2557,-0.4200000000000763,-0.0001340612877999,6.0,-0.22730600612725174
2558,-0.4100000000000765,-9.06648232908764e-05,6.0,-0.2607191861407959
2559,-0.4000000000000767,-6.800806674321411e-16,6.0,-0.2809227240256889
2560,-0.3900000000000769,0.0001402699962514,6.0,-0.2858469305830698
2561,-0.3800000000000771,0.0003328137739289,6.0,-0.27407290737833856
2562,-0.3700000000000774,0.0005806666796004,6.0,-0.24496696758379707
2563,-0.3600000000000776,0.0008872708612576,6.0,-0.19893935386494907
2564,-0.3500000000000778,0.0012565211595722,6.0,-0.13787906751930434
2565,-0.340000000000078,0.0016928176302613,6.0,-0.06574488837714859
2566,-0.3300000000000782,0.0022011256019935,6.0,0.01088608274833678
2567,-0.3200000000000784,0.0027870442793864,6.0,0.08280361231624678
2568,-0.3100000000000786,0.0034568850050319,6.0,0.13938414146569994
2569,-0.3000000000000788,0.0042177603907433,6.0,0.17139430077994766
2570,-0.2900000000000791,0.0050776856050229,6.0,0.1745221331507517
2571,-0.2800000000000793,0.0060456931441857,6.0,0.15153202642100946
2572,-0.2700000000000795,0.0071319623942032,6.0,0.11129500307838713
2573,-0.2600000000000797,0.0083479651743614,6.0,0.06515587176189412
2574,-0.2500000000000799,0.009706628193984,6.0,0.022996273763248302
2575,-0.2400000000000801,0.0112225128839245,6.0,-0.008965029803038484
2576,-0.2300000000000803,0.0129120122975806,6.0,-0.028317619366564746
2577,-0.2200000000000805,0.0147935635978786,6.0,-0.03543190497967744
2578,-0.2100000000000808,0.0168878729134259,6.0,-0.03220913715932936
2579,-0.200000000000081,0.0192181468850012,6.0,-0.02110548657624817
2580,-0.1900000000000812,0.0218103218336978,6.0,-0.004535195687072661
2581,-0.1800000000000814,0.0246932769551691,6.0,0.015420746349804585
2582,-0.1700000000000816,0.0278990120928007,6.0,0.037110040403339276
2583,-0.1600000000000818,0.031462763355776,6.0,0.0592980186932269
2584,-0.150000000000082,0.0354230211818422,6.0,0.08110887636223897
2585,-0.1400000000000822,0.0398214057502818,6.0,0.1019530051843284
2586,-0.1300000000000825,0.0447023447424196,6.0,0.12145755449654601
2587,-0.1200000000000827,0.0501124897913226,6.0,0.13940740297379517
2588,-0.1100000000000829,0.0560998028413601,6.0,0.15569834995771048
2589,-0.1000000000000831,0.0627122452003062,6.0,0.17030175297953998
2590,-0.0900000000000833,0.0699960141304018,6.0,0.18323883214337905
2591,-0.0800000000000835,0.0779932982798685,6.0,0.19456267211264702
2592,-0.0700000000000837,0.0867395669390111,6.0,0.2043461366280517
2593,-0.0600000000000839,0.0962604691767636,6.0,0.21267422932942556
2594,-0.0500000000000842,0.1065684930615104,6.0,0.21963976916489186
2595,-0.0400000000000844,0.1176596123313203,6.0,0.2253415471290165
2596,-0.0300000000000846,0.1295102124868151,6.0,0.22988437673741358
2597,-0.0200000000000848,0.142074621934216,6.0,0.23338064321781482
2598,-0.010000000000085,0.1552835605002841,6.0,0.235953101910164
2599,-8.526512829121202e-14,0.1690437502818739,6.0,0.23773878194656847
2600,0.0099999999999145,0.1832388193126873,6.0,0.23889392251399685
2601,0.0199999999999143,0.1977314884774812,6.0,0.23959990855608373
2602,0.029999999999914,0.2123668970650737,6.0,0.24007017942923944
2603,0.0399999999999138,0.2269768216089736,6.0,0.24055805162061536
2604,0.0499999999999136,0.2413844935371636,6.0,0.24136531243392048
2605,0.0599999999999134,0.2554097232719341,6.0,0.24285128374456336
2606,0.0699999999999132,0.2688740758730106,6.0,0.24544178871751166
2607,0.079999999999913,0.2816058933328129,6.0,0.24963702623406137
2608,0.0899999999999128,0.293445002042065,6.0,0.2560166876477529
2609,0.0999999999999126,0.3042469721254308,6.0,0.26523962294102454
2610,0.1099999999999123,0.3138868109150389,6.0,0.278033821358376
2611,0.1199999999999121,0.3222619849871281,6.0,0.29517022388313346
2612,0.1299999999999119,0.3292946831654325,6.0,0.31741075151488585
2613,0.1399999999999117,0.3349332610956853,6.0,0.3454168770858544
2614,0.1499999999999115,0.3391528447135628,6.0,0.37960048847567174
2615,0.1599999999999113,0.3419551093218775,6.0,0.41989505776930525
2616,0.1699999999999111,0.3433672865050692,6.0,0.4654253478470676
2617,0.1799999999999109,0.3434404783771692,6.0,0.5140635872783987
2618,0.1899999999999106,0.342247376741777,6.0,0.5618872205413651
2619,0.1999999999999104,0.339879495576493,6.0,0.6026081718048796
2620,0.2099999999999102,0.3364440320346157,6.0,0.6271436492038032
2621,0.21999999999991,0.3320604765732216,6.0,0.6236979028902386
2622,0.2299999999999098,0.3268570978840504,6.0,0.5791872486121687
2623,0.2399999999999096,0.3209674321092344,6.0,0.48388158427886835
2624,0.2499999999999094,0.3145269061040792,6.0,0.34263773139222964
2625,0.2599999999999092,0.3076697187006898,6.0,0.19418934280297986
2626,0.269999999999909,0.3005260902505026,6.0,0.11879804920606267
2627,0.2799999999999087,0.2932199689309286,6.0,0.16782290798964386
2628,0.2899999999999085,0.2858672538768929,6.0,0.24129501732156877
2629,0.2999999999999083,0.2785745630358876,6.0,0.20492049468322063
2630,0.3099999999999081,0.2714385413561048,6.0,0.09848083850646168
2631,0.3199999999999079,0.264545676022972,6.0,0.03736072164765959
2632,0.3299999999999077,0.2579725627088959,6.0,0.06196124058627525
2633,0.3399999999999075,0.2517865517631005,6.0,0.13299895339459702
2634,0.3499999999999073,0.2460466962442561,6.0,0.20052642005383683
2635,0.359999999999907,0.2408049239012618,6.0,0.24385372361448776
2636,0.3699999999999068,0.2361073611017415,6.0,0.2652389085353386
2637,0.3799999999999066,0.2319957463917202,6.0,0.2734938285420817
2638,0.3899999999999064,0.2285088829071591,6.0,0.2759579923282599
2639,0.3999999999999062,0.2256840905054809,6.0,0.27704599724627965
2640,0.409999999999906,0.2235586288039856,6.0,0.27896288665309243
2641,0.4199999999999058,0.2221710701732206,6.0,0.2826073411996787
2642,0.4299999999999055,0.2215626062482411,6.0,0.28819629630138843
2643,0.4399999999999053,0.2217782719263442,6.0,0.2956258285341643
2644,0.4499999999999051,0.2228680663504574,6.0,0.30466228755363034
2645,0.4599999999999049,0.2248879401493506,6.0,0.3150375108801174
2646,0.4699999999999047,0.227900601149816,6.0,0.32649306791576416
2647,0.4799999999999045,0.2319760656620638,6.0,0.33879843835001944
2648,0.4899999999999043,0.237191848071362,6.0,0.3517563416326854
2649,0.4999999999999041,0.243632637164273,6.0,0.36520206320894544
2650,0.5099999999999039,0.2513892541433141,6.0,0.3790002534668183
2651,0.5199999999999037,0.2605566284444042,6.0,0.39304091931709584
2652,0.5299999999999034,0.2712304725057357,6.0,0.4072354224082407
2653,0.5399999999999032,0.2835023033348876,6.0,0.4215128361809738
2654,0.549999999999903,0.2974524765770447,6.0,0.4358167832789368
2655,0.5599999999999028,0.313141010373709,6.0,0.45010276390728376
2656,0.5699999999999026,0.3305962334504385,6.0,0.46433593636062753
2657,0.5799999999999024,0.3498017418155895,6.0,0.47848929267826656
2658,0.5899999999999022,0.3706828055875551,6.0,0.4925421693286823
2659,0.599999999999902,0.3930941717084289,6.0,0.5064790367263787
2660,0.6099999999999017,0.4168119832887704,6.0,0.5202885180235826
2661,0.6199999999999015,0.4415329775891804,6.0,0.5339625949010505
2662,0.6299999999999013,0.4668838569060682,6.0,0.5474959650229422
2663,0.6399999999999011,0.4924424511821492,6.0,0.5608855220121568
2664,0.6499999999999009,0.5177699880398712,6.0,0.5741299341264328
2665,0.6599999999999007,0.5424508665461868,6.0,0.5872293022926842
2666,0.6699999999999005,0.566133617018135,6.0,0.6001848818688217
2667,0.6799999999999002,0.5885652099527013,6.0,0.6129988555498948
2668,0.6899999999999,0.6096113319992899,6.0,0.6256741473207315
2669,0.6999999999998998,0.6292578968078104,6.0,0.6382142693736892
2670,0.7099999999998996,0.6475933799511949,6.0,0.650623195539503
2671,0.7199999999998994,0.6647763354062797,6.0,0.6629052560912563
2672,0.7299999999998992,0.6809960727999222,6.0,0.6750650498344869
2673,0.739999999999899,0.6964356134732684,6.0,0.6871073702391652
2674,0.7499999999998987,0.7112443119838712,6.0,0.6990371430412028
2675,0.7599999999998985,0.7255237751130591,6.0,0.7108593732754984
2676,0.7699999999998983,0.7393265778760445,6.0,0.7225791001256947
2677,0.7799999999998981,0.7526643010116845,6.0,0.734201358309962
2678,0.7899999999998979,0.7655202976485551,6.0,0.7457311449847404
2679,0.7999999999998977,0.7778631034468325,6.0,0.7571733913541706
2680,0.8099999999998975,0.7896577812643667,6.0,0.7685329383334533
2681,0.8199999999998973,0.8008739816647333,6.0,0.7798145157391337
2682,0.829999999999897,0.8114906410638331,6.0,0.7910227245760165
2683,0.8399999999998968,0.8214978915241011,6.0,0.8021620220650427
2684,0.8499999999998966,0.8308969919063142,6.0,0.8132367091141154
2685,0.8599999999998964,0.8396990586424112,6.0,0.8242509199782863
2686,0.8699999999998962,0.8479232160168481,6.0,0.8352086138901176
2687,0.879999999999896,0.8555945970207837,6.0,0.8461135684677743
2688,0.8899999999998958,0.8627424581900024,6.0,0.8569693747294272
2689,0.8999999999998956,0.8693985445995889,6.0,0.8677794335593104
2690,0.9099999999998952,0.8755957551306096,6.0,0.8785469534843998
2691,0.9199999999998952,0.8813671058830084,6.0,0.8892749496320275
2692,0.9299999999998948,0.8867449618377494,6.0,0.8999662437484564
2693,0.9399999999998948,0.8917604951823653,6.0,0.9106234651669872
2694,0.9499999999998944,0.8964433266749063,6.0,0.9212490526218057
2695,0.9599999999998944,0.9008213095717458,6.0,0.931845256810988
2696,0.969999999999894,0.9049204211295756,6.0,0.9424141436186035
2697,0.9799999999998938,0.9087647328196216,6.0,0.9529575979123104
2698,0.9899999999998936,0.9123764362488908,6.0,0.963477327838805
2699,0.9999999999998934,0.9157759069422278,6.0,0.9739748695453473
2700,1.0099999999998932,0.918981792458328,6.0,0.9844515922611945
2701,1.019999999999893,0.9220111148048912,6.0,0.9949087036781216
2702,1.0299999999998928,0.924879379868896,6.0,1.005347255574416
2703,1.0399999999998926,0.9276006887007232,6.0,1.015768149631622
2704,1.0499999999998924,0.9301878471007444,6.0,1.0261721433980335
2705,1.059999999999892,0.9326524711588876,6.0,1.0365598563573282
2706,1.069999999999892,0.935005087281397,6.0,1.0469317760649741
2707,1.0799999999998915,0.937255225878422,6.0,1.0572882643188948
2708,1.0899999999998915,0.9394115083403493,6.0,1.0676295633345732
2709,1.0999999999998913,0.9414817272464852,6.0,1.0779558018981459
2710,1.109999999999891,0.9434729199626832,6.0,1.0882670014741904
2711,1.1199999999998909,0.945391435922307,6.0,1.0985630822477257
2712,1.1299999999998906,0.9472429979683076,6.0,1.1088438690827012
2713,1.1399999999998904,0.949032758178736,6.0,1.1191090973814921
2714,1.1499999999998902,0.9507653486153196,6.0,1.1293584188322456
2715,1.15999999999989,0.9524449274333266,6.0,1.1395914070327875
2716,1.1699999999998898,0.9540752207771276,6.0,1.1498075629816251
2717,1.1799999999998896,0.955659560864103,6.0,1.1600063204281879
2718,1.1899999999998894,0.9572009206331548,6.0,1.1701870510757864
2719,1.1999999999998892,0.9587019453053311,6.0,1.1803490696321584
2720,1.209999999999889,0.9601649811745592,6.0,1.1904916387035087
2721,1.2199999999998887,0.9615921019173076,6.0,1.2006139735289847
2722,1.2299999999998883,0.9629851326819052,6.0,1.2107152465534023
2723,1.2399999999998883,0.9643456721916022,6.0,1.2207945918368464
2724,1.249999999999888,0.9656751130706328,6.0,1.2308511093003864
2725,1.259999999999888,0.9669746605795614,6.0,1.240883868807844
2726,1.2699999999998877,0.9682453499251346,6.0,1.2508919140839787
2727,1.2799999999998877,0.9694880622906816,6.0,1.260874266470012
2728,1.2899999999998872,0.970703539715712,6.0,1.2708299285177258
2729,1.299999999999887,0.9718923989376516,6.0,1.28075788742379
2730,1.3099999999998868,0.9730551442945344,6.0,1.2906571183062558
2731,1.3199999999998866,0.97419217977478,6.0,1.300526587325397
2732,1.3299999999998864,0.975303820288805,6.0,1.310365254651355
2733,1.3399999999998862,0.9763903022270732,6.0,1.320172077281216
2734,1.349999999999886,0.9774517933601036,6.0,1.3299460117083328
2735,1.3599999999998855,0.9784884021278724,6.0,1.3396860164468527
2736,1.3699999999998855,0.9795001863588676,6.0,1.349391054414537
2737,1.379999999999885,0.9804871614526908,6.0,1.3590600951771123
2738,1.389999999999885,0.9814493080544996,6.0,1.368692117057414
2739,1.399999999999885,0.9823865792446892,6.0,1.3782861091127425
2740,1.409999999999885,0.983298907262952,6.0,1.3878410729838737
2741,1.4199999999998845,0.984186209782244,6.0,1.3973560246192396
2742,1.4299999999998845,0.9850483957451396,6.0,1.40682999587786
2743,1.439999999999884,0.9858853707725744,6.0,1.4162620360146012
2744,1.4499999999998838,0.9866970421530384,6.0,1.4256512130514065
2745,1.4599999999998836,0.9874833234188464,6.0,1.434996615038174
2746,1.4699999999998834,0.988244138515164,6.0,1.4442973512069126
2747,1.4799999999998832,0.9889794255669816,6.0,1.4535525530228683
2748,1.489999999999883,0.9896891402491594,6.0,1.462761375136309
2749,1.4999999999998828,0.990373258764994,6.0,1.471922996238616
2750,1.5099999999998823,0.991031780439414,6.0,1.481036619826347
2751,1.5199999999998823,0.991664729933896,6.0,1.490101474876911
2752,1.529999999999882,0.9922721590913818,6.0,1.4991168164394637
2753,1.539999999999882,0.9928541484209048,6.0,1.5080819261446154
2754,1.5499999999998817,0.9934108082331612,6.0,1.516996112636478
2755,1.5599999999998817,0.993942279439884,6.0,1.5258587119306024
2756,1.5699999999998813,0.9944487340315212,6.0,1.5346690877012121
2757,1.579999999999881,0.9949303752493232,6.0,1.5434266315012177
2758,1.5899999999998808,0.9953874374694708,6.0,1.5521307629183019
2759,1.5999999999998806,0.9958201858182644,6.0,1.5607809296704442
2760,1.6099999999998804,0.996228915538617,6.0,1.5693766076440772
2761,1.6199999999998802,0.996613951129124,6.0,1.5779173008780902
2762,1.62999999999988,0.9969756452777544,6.0,1.5864025414967633
2763,1.6399999999998798,0.9973143776127724,6.0,1.5948318895946885
2764,1.6499999999998796,0.9976305532937788,6.0,1.6032049330766325
2765,1.6599999999998791,0.997924601465786,6.0,1.6115212874552414
2766,1.6699999999998791,0.9981969735990396,6.0,1.6197805956093736
2767,1.679999999999879,0.9984481417368046,6.0,1.6279825275058182
2768,1.6899999999998787,0.9986785966726746,6.0,1.6361267798870345
2769,1.6999999999998785,0.9988888460780432,6.0,1.6442130759274731
2770,1.7099999999998785,0.9990794125993144,6.0,1.6522411648609543
2771,1.719999999999878,0.9992508319432016,6.0,1.6602108215815123
2772,1.729999999999878,0.9994036509671016,6.0,1.6681218462200005
2773,1.7399999999998776,0.9995384257900972,6.0,1.6759740636986833
2774,1.7499999999998774,0.9996557199386206,6.0,1.6837673232659496
2775,1.7599999999998772,0.9997561025392664,6.0,1.6915014980131882
2776,1.769999999999877,0.999840146569672,6.0,1.6991764843757937
2777,1.7799999999998768,0.9999084271768472,6.0,1.7067922016201997
2778,1.7899999999998766,0.9999615200708216,6.0,1.7143485913186662
2779,1.7999999999998764,0.9999999999999988,6.0,1.7218456168136278
2780,1.809999999999876,1.0000244393132574,6.0,1.7292832626731216
2781,1.819999999999876,1.0000354066124886,6.0,1.7366615341389298
2782,1.829999999999876,1.0000334654980845,6.0,1.7439804565688248
2783,1.8399999999998755,1.0000191734087565,6.0,1.7512400748743642
2784,1.8499999999998755,0.9999930805560676,6.0,1.758440452955501
2785,1.859999999999875,0.99995572895316,6.0,1.765581673133257
2786,1.8699999999998749,0.9999076515363656,6.0,1.7726638355816104
2787,1.8799999999998749,0.9998493713777064,6.0,1.779687057759718
2788,1.8899999999998744,0.9997814009857,6.0,1.7866514738454253
2789,1.8999999999998745,0.9997042416914044,6.0,1.7935572341710861
2790,1.909999999999874,0.999618383116238,6.0,1.8004045046625239
2791,1.9199999999998736,0.9995243027178032,6.0,1.807193466282002
2792,1.9299999999998736,0.9994224654097033,6.0,1.8139243144759114
2793,1.9399999999998732,0.99931332325119,6.0,1.8205972586279404
2794,1.9499999999998727,0.999197315202374,6.0,1.8272125215183213
2795,1.959999999999873,0.9990748669406848,6.0,1.833770338789773
2796,1.9699999999998727,0.9989463907342864,6.0,1.840270958420683
2797,1.9799999999998723,0.9988122853681805,6.0,1.846714640206
2798,1.9899999999998723,0.9986729361188356,6.0,1.8531016552463062
2799,1.999999999999872,0.998528714773272,6.0,1.8594322854454428
2800,-1.9900000000000428,0.929568645410422,7.0,1.0267047347115155
2801,-1.980000000000043,0.9255037884157096,7.0,1.027172327561849
2802,-1.9700000000000435,0.9212787223081412,7.0,1.0269035789797425
2803,-1.9600000000000437,0.916891280534438,7.0,1.0259061944008843
2804,-1.950000000000044,0.9123396434523008,7.0,1.0241888482357497
2805,-1.940000000000044,0.907622374543574,7.0,1.0217611558735937
2806,-1.930000000000044,0.9027384563734724,7.0,1.0186336499547093
2807,-1.9200000000000443,0.8976873257949266,7.0,1.0148177611316815
2808,-1.9100000000000448,0.8924689078313709,7.0,1.0103258033898013
2809,-1.9000000000000448,0.8870836476044798,7.0,1.0051709638442134
2810,-1.890000000000045,0.8815325396072575,7.0,0.9993672967797647
2811,-1.8800000000000447,0.8758171535597443,7.0,0.9929297215522596
2812,-1.8700000000000452,0.8699396560273103,7.0,0.9858740238301271
2813,-1.8600000000000456,0.8639028269333378,7.0,0.9782168595266476
2814,-1.8500000000000456,0.8577100700628467,7.0,0.9699757606580397
2815,-1.840000000000046,0.8513654166352976,7.0,0.9611691422649632
2816,-1.8300000000000465,0.8448735210276411,7.0,0.9518163094571545
2817,-1.8200000000000465,0.8382396477568085,7.0,0.9419374635856078
2818,-1.810000000000047,0.831469648887869,7.0,0.9315537065159732
2819,-1.800000000000047,0.8245699311233827,7.0,0.9206870419723687
2820,-1.790000000000047,0.8175474119529592,7.0,0.9093603729435442
2821,-1.780000000000047,0.8104094644009873,7.0,0.8975974941934874
2822,-1.7700000000000475,0.8031638501043779,7.0,0.8854230789954995
2823,-1.7600000000000475,0.7958186406789655,7.0,0.8728626593109555
2824,-1.750000000000048,0.7883821275894658,7.0,0.8599425987588283
2825,-1.7400000000000482,0.7808627210182182,7.0,0.8466900578661591
2826,-1.7300000000000484,0.7732688385257314,7.0,0.833132951248597
2827,-1.7200000000000486,0.7656087846035172,7.0,0.8192998965388028
2828,-1.7100000000000488,0.7578906225280333,7.0,0.8052201550532282
2829,-1.700000000000049,0.7501220402249213,7.0,0.7909235643583737
2830,-1.6900000000000492,0.742310212136171,7.0,0.7764404630602235
2831,-1.6800000000000497,0.7344616593412915,7.0,0.7618016082890522
2832,-1.6700000000000497,0.7265821104099236,7.0,0.7470380864811933
2833,-1.66000000000005,0.7186763656522307,7.0,0.7321812181651829
2834,-1.65000000000005,0.7107481675811831,7.0,0.7172624575388193
2835,-1.6400000000000503,0.7028000805058336,7.0,0.7023132876744502
2836,-1.6300000000000503,0.6948333822371578,7.0,0.6873651122119343
2837,-1.6200000000000507,0.6868479709098846,7.0,0.6724491443936759
2838,-1.610000000000051,0.6788422899081565,7.0,0.6575962942668289
2839,-1.6000000000000512,0.6708132738336735,7.0,0.6428370548285104
2840,-1.5900000000000514,0.662756318375941,7.0,0.6282013878261132
2841,-1.5800000000000516,0.6546652768382354,7.0,0.6137186098527392
2842,-1.5700000000000518,0.6465324859409001,7.0,0.5994172793040893
2843,-1.560000000000052,0.638348823363794,7.0,0.5853250846944124
2844,-1.5500000000000522,0.6301037992967177,7.0,0.5714687347714706
2845,-1.5400000000000524,0.6217856840302782,7.0,0.5578738508294442
2846,-1.5300000000000529,0.6133816733248608,7.0,0.5445648615982083
2847,-1.5200000000000529,0.6048780929213872,7.0,0.531564901090449
2848,-1.510000000000053,0.5962606430781688,7.0,0.5188957098155251
2849,-1.5000000000000533,0.5875146834025704,7.0,0.5065775398202075
2850,-1.4900000000000535,0.5786255574600724,7.0,0.4946290640891679
2851,-1.4800000000000535,0.5695789556515052,7.0,0.48306729092790907
2852,-1.470000000000054,0.5603613136193402,7.0,0.4719074840525145
2853,-1.460000000000054,0.5509602419512624,7.0,0.4611630892170297
2854,-1.4500000000000544,0.5413649811834103,7.0,0.450845668312884
2855,-1.4400000000000546,0.5315668740781827,7.0,0.4409648419671749
2856,-1.4300000000000548,0.5215598449048239,7.0,0.43152824173949283
2857,-1.420000000000055,0.511340873067188,7.0,0.4225414730621758
2858,-1.4100000000000552,0.5009104460316839,7.0,0.4140080900791641
2859,-1.4000000000000554,0.490272974291057,7.0,0.40592958350795666
2860,-1.3900000000000556,0.479437149289294,7.0,0.39830538257293324
2861,-1.3800000000000558,0.468416224104549,7.0,0.39113287193427787
2862,-1.370000000000056,0.4572281965388465,7.0,0.3844074243643314
2863,-1.3600000000000565,0.4458958753851079,7.0,0.3781224497049189
2864,-1.3500000000000565,0.4344468132731956,7.0,0.37226946037924485
2865,-1.3400000000000567,0.4229130937764858,7.0,0.36683815343763687
2866,-1.330000000000057,0.4113309663772918,7.0,0.36181650879645344
2867,-1.3200000000000571,0.3997403302395556,7.0,0.35719090299496853
2868,-1.3100000000000571,0.3881840761030541,7.0,0.3529462374578761
2869,-1.3000000000000576,0.3767073043741527,7.0,0.34906607992411737
2870,-1.2900000000000578,0.3653564458666408,7.0,0.3455328173987935
2871,-1.280000000000058,0.3541783187944597,7.0,0.34232781871614204
2872,-1.2700000000000582,0.3432191607296246,7.0,0.33943160457883254
2873,-1.2600000000000584,0.3325236766716677,7.0,0.3368240227711354
2874,-1.2500000000000586,0.3221341437616193,7.0,0.3344844261375032
2875,-1.2400000000000588,0.3120896094924014,7.0,0.3323918508776711
2876,-1.230000000000059,0.302425213860491,7.0,0.3305251927355853
2877,-1.2200000000000593,0.2931716574330987,7.0,0.32886337875052035
2878,-1.2100000000000597,0.2843548276556307,7.0,0.32738553239002016
2879,-1.2000000000000597,0.2759955858720694,7.0,0.32607113008898886
2880,-1.19000000000006,0.2681097084034866,7.0,0.32490014746837464
2881,-1.18000000000006,0.260707967385613,7.0,0.32385319379030997
2882,-1.1700000000000603,0.253796331412001,7.0,0.3229116335130963
2883,-1.1600000000000603,0.2473762625875275,7.0,0.3220576941278817
2884,-1.1500000000000608,0.2414450853206581,7.0,0.3212745597781741
2885,-1.140000000000061,0.2359964028065924,7.0,0.3205464504735117
2886,-1.1300000000000612,0.2310205392665992,7.0,0.3198586870005516
2887,-1.1200000000000614,0.2265049891337381,7.0,0.31919774190132544
2888,-1.1100000000000616,0.2224348580367809,7.0,0.31855127712364745
2889,-1.1000000000000618,0.2187932842133345,7.0,0.3179081691486715
2890,-1.090000000000062,0.2155618325492217,7.0,0.3172585225632459
2891,-1.0800000000000622,0.2127208565654109,7.0,0.3165936731692161
2892,-1.0700000000000625,0.2102498262270079,7.0,0.315906181809136
2893,-1.060000000000063,0.2081276213882528,7.0,0.3151898201396495
2894,-1.0500000000000629,0.2063327920375401,7.0,0.31443954960318743
2895,-1.040000000000063,0.2048437873379285,7.0,0.31365149483876936
2896,-1.0300000000000633,0.2036391558686174,7.0,0.3128229127376479
2897,-1.0200000000000635,0.2026977195682487,7.0,0.31195215829295736
2898,-1.0100000000000635,0.2019987237650608,7.0,0.31103864831826505
2899,-1.000000000000064,0.201521965443076,7.0,0.31008282402138254
2900,-0.9900000000000642,0.2012479016111743,7.0,0.3090861133196456
2901,-0.9800000000000644,0.2011577393671901,7.0,0.30805089367346633
2902,-0.9700000000000646,0.2012335090168895,7.0,0.3069804560973095
2903,-0.9600000000000648,0.2014581214357474,7.0,0.3058789708818658
2904,-0.950000000000065,0.2018154107539807,7.0,0.3047514554269835
2905,-0.9400000000000652,0.2022901633963774,7.0,0.3036037444399327
2906,-0.9300000000000654,0.2028681345058837,7.0,0.30244246259398844
2907,-0.9200000000000657,0.2035360528082956,7.0,0.3012749995630115
2908,-0.910000000000066,0.2042816150190917,7.0,0.300109487141336
2909,-0.9000000000000661,0.2050934709383164,7.0,0.2989547779155391
2910,-0.8900000000000663,0.2059612004141243,7.0,0.29782042466362835
2911,-0.8800000000000665,0.2068752833722447,7.0,0.29671665930309565
2912,-0.8700000000000667,0.2078270641026344,7.0,0.29565436977432524
2913,-0.8600000000000669,0.2088087109645945,7.0,0.29464507270865065
2914,-0.8500000000000671,0.2098131726186555,7.0,0.2937008790663475
2915,-0.8400000000000674,0.2108341318205852,7.0,0.2928344491113903
2916,-0.8300000000000676,0.211865957723974,7.0,0.2920589320870987
2917,-0.8200000000000678,0.2129036575377314,7.0,0.29138788474069466
2918,-0.810000000000068,0.2139428282781335,7.0,0.2908351613899271
2919,-0.8000000000000682,0.2149796092462054,7.0,0.29041476651741316
2920,-0.7900000000000684,0.2160106357540482,7.0,0.29014065892588164
2921,-0.7800000000000686,0.217032994521274,7.0,0.29002649433682914
2922,-0.7700000000000689,0.2180441810674185,7.0,0.29008529107677705
2923,-0.7600000000000691,0.219042059339644,7.0,0.290329001379704
2924,-0.7500000000000693,0.2200248237381867,7.0,0.29076796920239134
2925,-0.7400000000000695,0.2209909636352786,7.0,0.2914102548781197
2926,-0.7300000000000697,0.2219392304265604,7.0,0.29226080830002643
2927,-0.7200000000000699,0.2228686071069632,7.0,0.29332047689751395
2928,-0.7100000000000701,0.2237782803249371,7.0,0.29458484420041525
2929,-0.7000000000000703,0.2246676148389819,7.0,0.29604291156720064
2930,-0.6900000000000706,0.2255361302777485,7.0,0.29767566247552457
2931,-0.6800000000000708,0.2263834800885957,7.0,0.29945458869387687
2932,-0.670000000000071,0.2272094325484903,7.0,0.3013403134328837
2933,-0.6600000000000712,0.228013853704637,7.0,0.30328151959468846
2934,-0.6500000000000714,0.2287966921094332,7.0,0.3052144797098644
2935,-0.6400000000000716,0.229557965214506,7.0,0.30706358052194743
2936,-0.6300000000000718,0.230297747291082,7.0,0.3087433229083057
2937,-0.620000000000072,0.2310161587481951,7.0,0.3101623282418567
2938,-0.6100000000000723,0.2317133567257983,7.0,0.311229853125557
2939,-0.6000000000000725,0.232389526846284,7.0,0.3118651525967074
2940,-0.5900000000000727,0.2330448760149376,7.0,0.31200968391294753
2941,-0.5800000000000729,0.2336796261671732,7.0,0.31164157561587486
2942,-0.5700000000000731,0.2342940088678112,7.0,0.3107910168885717
2943,-0.5600000000000733,0.2348882606750121,7.0,0.3095543504876969
2944,-0.5500000000000735,0.235462619188633,7.0,0.30810388089048363
2945,-0.5400000000000738,0.2360173197096558,7.0,0.3066900248597788
2946,-0.530000000000074,0.2365525924438536,7.0,0.305632735574653
2947,-0.5200000000000742,0.2370686601890216,7.0,0.30530031715062583
2948,-0.5100000000000744,0.2375657364508246,7.0,0.3060757640035327
2949,-0.5000000000000746,0.2380440239376318,7.0,0.3083132359860867
2950,-0.4900000000000748,0.2385037133896015,7.0,0.31228956271970915
2951,-0.480000000000075,0.2389449827017783,7.0,0.3181570159541285
2952,-0.4700000000000752,0.239367996305042,7.0,0.325903443073231
2953,-0.4600000000000754,0.2397729047724806,7.0,0.33532410397480683
2954,-0.4500000000000757,0.2401598446221012,7.0,0.34600662722522546
2955,-0.4400000000000759,0.2405289382898442,7.0,0.35732728017530996
2956,-0.4300000000000761,0.2408802942495622,7.0,0.36845432347450285
2957,-0.4200000000000763,0.2412140072590793,7.0,0.3783536383740733
2958,-0.4100000000000765,0.2415301587136003,7.0,0.385793948217643
2959,-0.4000000000000767,0.241828817089693,7.0,0.3893546181710868
2960,-0.3900000000000769,0.2421100384647471,7.0,0.3874493017463384
2961,-0.3800000000000771,0.2423738670983592,7.0,0.3783952219296711
2962,-0.3700000000000774,0.2426203360633991,7.0,0.36058187162199196
2963,-0.3600000000000776,0.2428494679156971,7.0,0.3328206035665116
2964,-0.3500000000000778,0.2430612753923016,7.0,0.2949659459307406
2965,-0.340000000000078,0.2432557621291532,7.0,0.24882694044936987
2966,-0.3300000000000782,0.2434329233897812,7.0,0.1991208052214604
2967,-0.3200000000000784,0.2435927467972997,7.0,0.1537153180879822
2968,-0.3100000000000786,0.2437352130625389,7.0,0.1220212312862525
2969,-0.3000000000000788,0.2438602967016311,7.0,0.11110635420867457
2970,-0.2900000000000791,0.2439679667367793,7.0,0.12140710073186899
2971,-0.2800000000000793,0.2440581873742728,7.0,0.145716554605333
2972,-0.2700000000000795,0.2441309186540954,7.0,0.1730499503851554
2973,-0.2600000000000797,0.2441861170657047,7.0,0.19432449309365243
2974,-0.2500000000000799,0.2442237361247443,7.0,0.20547225067451438
2975,-0.2400000000000801,0.2442437269056069,7.0,0.20692440753008445
2976,-0.2300000000000803,0.2442460385248795,7.0,0.20142311035741223
2977,-0.2200000000000805,0.2442306185708088,7.0,0.19212242382482628
2978,-0.2100000000000808,0.2441974134739948,7.0,0.18161772730434836
2979,-0.200000000000081,0.2441463688146011,7.0,0.17169487638363687
2980,-0.1900000000000812,0.2440774295614232,7.0,0.1634278918503468
2981,-0.1800000000000814,0.2439905402382317,7.0,0.15737517703515816
2982,-0.1700000000000816,0.2438856450128783,7.0,0.15376092593200547
2983,-0.1600000000000818,0.2437626877047431,7.0,0.1526089550189115
2984,-0.150000000000082,0.2436216117062041,7.0,0.15383049316933214
2985,-0.1400000000000822,0.2434623598139635,7.0,0.15727736388653948
2986,-0.1300000000000825,0.2432848739662213,7.0,0.16277205674828382
2987,-0.1200000000000827,0.2430890948819199,7.0,0.17012344109264377
2988,-0.1100000000000829,0.2428749615985351,7.0,0.1791340339460509
2989,-0.1000000000000831,0.2426424109052256,7.0,0.18960255749285296
2990,-0.0900000000000833,0.2423913766685301,7.0,0.20132404651673744
2991,-0.0800000000000835,0.2421217890482818,7.0,0.21408883007482302
2992,-0.0700000000000837,0.241833573601932,7.0,0.22768113952723884
2993,-0.0600000000000839,0.2415266502761306,7.0,0.24187775259174876
2994,-0.0500000000000842,0.2412009322851303,7.0,0.256446879668376
2995,-0.0400000000000844,0.2408563248764182,7.0,0.27114737752053364
2996,-0.0300000000000846,0.2404927239849325,7.0,0.2857283029114224
2997,-0.0200000000000848,0.2401100147782853,7.0,0.2999287761851133
2998,-0.010000000000085,0.2397080700966098,7.0,0.3134781023059282
2999,-8.526512829121202e-14,0.2392867487919698,7.0,0.3260960901196436
3000,0.0099999999999145,0.2388458939737404,7.0,0.33749351823704254
3001,0.0199999999999143,0.2383853311679624,7.0,0.3473727184025821
3002,0.029999999999914,0.2379048664004258,7.0,0.3554282860824966
3003,0.0399999999999138,0.2374042842151258,7.0,0.3613479858360879
3004,0.0499999999999136,0.2368833456417752,7.0,0.3648139994451944
3005,0.0599999999999134,0.2363417861282316,7.0,0.36550477273597665
3006,0.0699999999999132,0.2357793134560317,7.0,0.36309785910297854
3007,0.079999999999913,0.2351956056596629,7.0,0.3572743421551022
3008,0.0899999999999128,0.2345903089728073,7.0,0.34772565602016015
3009,0.0999999999999126,0.2339630358274695,7.0,0.33416391870591106
3010,0.1099999999999123,0.2333133629347228,7.0,0.31633725706553795
3011,0.1199999999999121,0.2326408294786843,7.0,0.2940520277813347
3012,0.1299999999999119,0.2319449354582812,7.0,0.26720430583351307
3013,0.1399999999999117,0.2312251402143864,7.0,0.23582346849783345
3014,0.1499999999999115,0.2304808611828904,7.0,0.20013105305169335
3015,0.1599999999999113,0.2297114729172892,7.0,0.16061815698730872
3016,0.1699999999999111,0.2289163064273034,7.0,0.11814426122112956
3017,0.1799999999999109,0.2280946488828932,7.0,0.07405918296501417
3018,0.1899999999999106,0.2272457437357462,7.0,0.030347391606143144
3019,0.1999999999999104,0.2263687913128176,7.0,-0.010211109755949297
3020,0.2099999999999102,0.2254629499387921,7.0,-0.043880635157509756
3021,0.21999999999991,0.2245273376462657,7.0,-0.06585816568572996
3022,0.2299999999999098,0.2235610345340473,7.0,-0.07034523572830187
3023,0.2399999999999096,0.2225630858350802,7.0,-0.051188144831283956
3024,0.2499999999999094,0.2215325057560936,7.0,-0.004139960178004116
3025,0.2599999999999092,0.2204682821510542,7.0,0.06670689599827719
3026,0.269999999999909,0.219369382089763,7.0,0.13413809795813642
3027,0.2799999999999087,0.218234758381412,7.0,0.12964800899426676
3028,0.2899999999999085,0.2170633571104761,7.0,0.011503209501348324
3029,0.2999999999999083,0.2158541262389069,7.0,0.19076797303396711
3030,0.3099999999999081,0.2146060253240428,7.0,0.7924993509510484
3031,0.3199999999999079,0.2133180363959159,7.0,1.0271340260869382
3032,0.3299999999999077,0.2119891760305433,7.0,0.7403382784575467
3033,0.3399999999999075,0.2106185086472499,7.0,0.4367468511915666
3034,0.3499999999999073,0.209205161047896,7.0,0.25901065628494163
3035,0.359999999999907,0.2077483382039125,7.0,0.17770968323556816
3036,0.3699999999999068,0.2062473402830406,7.0,0.1522128449320814
3037,0.3799999999999066,0.2047015808912863,7.0,0.1538599562388704
3038,0.3899999999999064,0.203110606486438,7.0,0.16598253845019276
3039,0.3999999999999062,0.2014741168968833,7.0,0.18008637928605628
3040,0.409999999999906,0.1997919868526033,7.0,0.19240082888891752
3041,0.4199999999999058,0.1980642884028631,7.0,0.2016173176568031
3042,0.4299999999999055,0.1962913140557199,7.0,0.20760286964618124
3043,0.4399999999999053,0.1944736004258035,7.0,0.21072372118036925
3044,0.4499999999999051,0.1926119521161865,7.0,0.21150943924610074
3045,0.4599999999999049,0.1907074654840405,7.0,0.21049636267840877
3046,0.4699999999999047,0.1887615518440223,7.0,0.20816208930859043
3047,0.4799999999999045,0.1867759595431939,7.0,0.20490459157063273
3048,0.4899999999999043,0.1847527941917723,7.0,0.20104208605744878
3049,0.4999999999999041,0.1826945361504335,7.0,0.19682160061401957
3050,0.5099999999999039,0.180604054153855,7.0,0.19243030790213342
3051,0.5199999999999037,0.1784846136909832,7.0,0.18800684576729035
3052,0.5299999999999034,0.1763398784690311,7.0,0.18365144779682865
3053,0.5399999999999032,0.1741739029713835,7.0,0.1794345042664974
3054,0.549999999999903,0.1719911138000404,7.0,0.17540355155278764
3055,0.5599999999999028,0.1697962772041411,7.0,0.1715888503342233
3056,0.5699999999999026,0.1675944499851769,7.0,0.16800776663949854
3057,0.5799999999999024,0.1653909108998427,7.0,0.16466817140417944
3058,0.5899999999999022,0.1631910698297905,7.0,0.16157105305824904
3059,0.599999999999902,0.1610003524387866,7.0,0.15871250875268664
3060,0.6099999999999017,0.1588240588756622,7.0,0.15608525042742305
3061,0.6199999999999015,0.1566671963736563,7.0,0.15367973525502956
3062,0.6299999999999013,0.1545342873769613,7.0,0.151485007206472
3063,0.6399999999999011,0.1524291570725377,7.0,0.1494893176917353
3064,0.6499999999999009,0.1503547068257662,7.0,0.14768057808019847
3065,0.6599999999999007,0.1483126828334889,7.0,0.14604668488561076
3066,0.6699999999999005,0.1463034520534796,7.0,0.14457574896685896
3067,0.6799999999999002,0.1443257998116676,7.0,0.14325625275076936
3068,0.6899999999999,0.1423767650573651,7.0,0.14207715379825528
3069,0.6999999999998998,0.1404515296751668,7.0,0.1410279486544317
3070,0.7099999999998996,0.1385433772855698,7.0,0.14009870755919557
3071,0.7199999999998994,0.1366437344233527,7.0,0.13928008801844752
3072,0.7299999999998992,0.1347423029040264,7.0,0.13856333326728854
3073,0.739999999999899,0.132827286812091,7.0,0.13794026015491406
3074,0.7499999999998987,0.1308857113070517,7.0,0.13740323983775066
3075,0.7599999999998985,0.128903823933947,7.0,0.13694517379834983
3076,0.7699999999998983,0.1268675630086738,7.0,0.13655946704842722
3077,0.7799999999998981,0.1247630725640385,7.0,0.1362399998753409
3078,0.7899999999998979,0.1225772398050227,7.0,0.13598109911433245
3079,0.7999999999998977,0.1202982293419514,7.0,0.1357775096450638
3080,0.8099999999998975,0.117915988713723,7.0,0.1356243665980341
3081,0.8199999999998973,0.1154227017066006,7.0,0.13551716859732907
3082,0.829999999999897,0.1128131693547446,7.0,0.1354517522481867
3083,0.8399999999998968,0.1100851028057057,7.0,0.13542426799074983
3084,0.8499999999998966,0.107239316958995,7.0,0.13543115737794026
3085,0.8599999999998964,0.1042798185135204,7.0,0.13546913178966752
3086,0.8699999999998962,0.1012137864839124,7.0,0.1355351525632483
3087,0.879999999999896,0.0980514472009834,7.0,0.13562641249765808
3088,0.8899999999998958,0.0948058492624631,7.0,0.13574031867446243
3089,0.8999999999998956,0.0914925469057159,7.0,0.13587447652902473
3090,0.9099999999998952,0.0881292029377926,7.0,0.13602667510055563
3091,0.9199999999998952,0.0847351247757322,7.0,0.13619487338734082
3092,0.9299999999998948,0.0813307493658121,7.0,0.1363771877335777
3093,0.9399999999998948,0.077937094729986,7.0,0.1365718801757095
3094,0.9499999999998944,0.0745751975111404,7.0,0.13677734767868022
3095,0.9599999999998944,0.0712655569664159,7.0,0.13699211219577062
3096,0.969999999999894,0.0680276061653049,7.0,0.1372148114892314
3097,0.9799999999998938,0.0648792304760652,7.0,0.13744419065279784
3098,0.9899999999998936,0.0618363516260818,7.0,0.13767909428101638
3099,0.9999999999998934,0.0589125926671728,7.0,0.13791845923417315
3100,1.0099999999998932,0.0561190351733958,7.0,0.13816130795138448
3101,1.019999999999893,0.0534640751965645,7.0,0.1384067422679948
3102,1.0299999999998928,0.0509533792693316,7.0,0.1386539376968269
3103,1.0399999999998926,0.0485899365093659,7.0,0.13890213813610044
3104,1.0499999999998924,0.0463741980761733,7.0,0.13915065096981946
3105,1.059999999999892,0.0443042912411049,7.0,0.1393988425292121
3106,1.069999999999892,0.0423762924216104,7.0,0.13964613388648509
3107,1.0799999999998915,0.0405845418429642,7.0,0.1398919969544732
3108,1.0899999999998915,0.0389219820349206,7.0,0.14013595086805736
3109,1.0999999999998913,0.0373805030478823,7.0,0.1403775586251862
3110,1.109999999999891,0.0359512789053494,7.0,0.14061642396728521
3111,1.1199999999998909,0.0346250821717556,7.0,0.1408521884804803
3112,1.1299999999998906,0.0333925663621703,7.0,0.14108452890065296
3113,1.1399999999998904,0.0322445090068086,7.0,0.14131315460679175
3114,1.1499999999998902,0.0311720112764689,7.0,0.14153780528838816
3115,1.15999999999989,0.030166652967772,7.0,0.14175824877380047
3116,1.1699999999998898,0.0292206041687164,7.0,0.14197427900765322
3117,1.1799999999998896,0.0283266969517088,7.0,0.14218571416624753
3118,1.1899999999998894,0.0274784619032477,7.0,0.14239239490094796
3119,1.1999999999998892,0.026670135183696,7.0,0.1425941827002592
3120,1.209999999999889,0.0258966421559319,7.0,0.14279095836208616
3121,1.2199999999998887,0.025153563508096,7.0,0.1429826205683803
3122,1.2299999999998883,0.0244370893292372,7.0,0.14316908455493593
3123,1.2399999999998883,0.0237439658932134,7.0,0.14335028086972898
3124,1.249999999999888,0.0230714390766425,7.0,0.1435261542136721
3125,1.259999999999888,0.0224171974761782,7.0,0.14369666235813197
3126,1.2699999999998877,0.0217793174719772,7.0,0.1438617751340215
3127,1.2799999999998877,0.0211562117572231,7.0,0.14402147348763022
3128,1.2899999999998872,0.0205465822450202,7.0,0.14417574859874444
3129,1.299999999999887,0.0199493777826484,7.0,0.14432460105692133
3130,1.3099999999998868,0.0193637567443237,7.0,0.1444680400921105
3131,1.3199999999998866,0.0187890543238256,7.0,0.14460608285605506
3132,1.3299999999998864,0.0182247541896609,7.0,0.1447387537511917
3133,1.3399999999998862,0.0176704640785949,7.0,0.14486608380398755
3134,1.349999999999886,0.0171258948700262,7.0,0.14498811007985515
3135,1.3599999999998855,0.0165908426876657,7.0,0.1451048751370115
3136,1.3699999999998855,0.0160651736030296,7.0,0.14521642651680094
3137,1.379999999999885,0.0155488105569744,7.0,0.14532281626819774
3138,1.389999999999885,0.0150417221632711,7.0,0.14542410050431215
3139,1.399999999999885,0.0145439131067279,7.0,0.14552033898891528
3140,1.409999999999885,0.0140554158942221,7.0,0.14561159475112154
3141,1.4199999999998845,0.0135762837582271,7.0,0.14569793372643422
3142,1.4299999999998845,0.0131065845481232,7.0,0.14577942442257014
3143,1.439999999999884,0.0126463954745704,7.0,0.14585613760845875
3144,1.4499999999998838,0.0121957985967912,7.0,0.14592814602507964
3145,1.4599999999998836,0.0117548769622931,7.0,0.14599552411666744
3146,1.4699999999998834,0.0113237113240553,7.0,0.14605834778112967
3147,1.4799999999998832,0.0109023773721796,7.0,0.1461166941384136
3148,1.489999999999883,0.0104909434261835,7.0,0.14617064131577337
3149,1.4999999999998828,0.0100894685410496,7.0,0.14622026824882708
3150,1.5099999999998823,0.0096980009854206,7.0,0.1462656544974795
3151,1.5199999999998823,0.009316577054331,7.0,0.1463068800757487
3152,1.529999999999882,0.0089452201819951,7.0,0.14634402529465892
3153,1.539999999999882,0.0085839403226663,7.0,0.14637717061735153
3154,1.5499999999998817,0.0082327335696884,7.0,0.14640639652567597
3155,1.5599999999998817,0.0078915819847007,7.0,0.14643178339752833
3156,1.5699999999998813,0.0075604536106755,7.0,0.14645341139425583
3157,1.579999999999881,0.0072393026441032,7.0,0.1464713603574783
3158,1.5899999999998808,0.0069280697432563,7.0,0.14648570971476751
3159,1.5999999999998806,0.006626682451085,7.0,0.146496538393557
3160,1.6099999999998804,0.0063350557129182,7.0,0.14650392474280416
3161,1.6199999999998802,0.006053092470773,7.0,0.1465079464618587
3162,1.62999999999988,0.0057806843176984,7.0,0.14650868053610994
3163,1.6399999999998798,0.0055177121971896,7.0,0.14650620317893157
3164,1.6499999999998796,0.0052640471342753,7.0,0.14650058977951355
3165,1.6599999999998791,0.0050195509864109,7.0,0.14649191485621288
3166,1.6699999999998791,0.0047840772037722,7.0,0.1464802520150106
3167,1.679999999999879,0.0045574715899373,7.0,0.14646567391276222
3168,1.6899999999998787,0.0043395730552468,7.0,0.14644825222490052
3169,1.6999999999998785,0.0041302143563577,7.0,0.14642805761726393
3170,1.7099999999998785,0.0039292228166207,7.0,0.14640515972180176
3171,1.719999999999878,0.0037364210229397,7.0,0.1463796271158354
3172,1.729999999999878,0.0035516274956938,7.0,0.14635152730465933
3173,1.7399999999998776,0.0033746573291335,7.0,0.14632092670720862
3174,1.7499999999998774,0.0032053228003873,7.0,0.14628789064459058
3175,1.7599999999998772,0.0030434339458634,7.0,0.14625248333125093
3176,1.769999999999877,0.0028887991043791,7.0,0.14621476786857615
3177,1.7799999999998768,0.0027412254268248,7.0,0.1461748062407645
3178,1.7899999999998766,0.0026005193525661,7.0,0.14613265931275263
3179,1.7999999999998764,0.0024664870531174,7.0,0.1460883868300665
3180,1.809999999999876,0.0023389348438826,7.0,0.14604204742041602
3181,1.819999999999876,0.0022176695649745,7.0,0.14599369859691272
3182,1.829999999999876,0.0021024989322779,7.0,0.14594339676274615
3183,1.8399999999998755,0.0019932318600426,7.0,0.14589119721721527
3184,1.8499999999998755,0.0018896787563717,7.0,0.14583715416297532
3185,1.859999999999875,0.0017916517930119,7.0,0.1457813207144113
3186,1.8699999999998749,0.0016989651508796,7.0,0.14572374890701142
3187,1.8799999999998749,0.0016114352427435,7.0,0.14566448970765022
3188,1.8899999999998744,0.0015288809144708,7.0,0.14560359302569964
3189,1.8999999999998745,0.0014511236262006,7.0,0.14554110772486356
3190,1.909999999999874,0.0013779876147604,7.0,0.1454770816356748
3191,1.9199999999998736,0.001309300038588,7.0,0.14541156156857787
3192,1.9299999999998736,0.0012448911063512,7.0,0.1453445933274987
3193,1.9399999999998732,0.0011845941903967,7.0,0.1452762217238988
3194,1.9499999999998727,0.0011282459260851,7.0,0.1452064905911834
3195,1.959999999999873,0.0010756862980028,7.0,0.14513544279945914
3196,1.9699999999998727,0.0010267587139713,7.0,0.14506312027057394
3197,1.9799999999998723,0.0009813100677075,7.0,0.14498956399337057
3198,1.9899999999998723,0.0009391907909248,7.0,0.1449148140391551
3199,1.999999999999872,0.0009002548956044,7.0,0.14483890957729081
3200,-1.9900000000000428,0.955880543278887,8.0,0.6784752895132186
3201,-1.980000000000043,0.9570815479080828,8.0,0.7022050352864243
3202,-1.9700000000000435,0.9582640305696648,8.0,0.7250630390637539
3203,-1.9600000000000437,0.9594280845839688,8.0,0.7470195127949283
3204,-1.950000000000044,0.9605738071387272,8.0,0.7680484596109387
3205,-1.940000000000044,0.9617012991446704,8.0,0.788127827059277
3206,-1.930000000000044,0.9628106650727424,8.0,0.8072396205403988
3207,-1.9200000000000443,0.9639020127723468,8.0,0.8253699764386847
3208,-1.9100000000000448,0.964975453270129,8.0,0.8425091953152716
3209,-1.9000000000000448,0.9660311005489168,8.0,0.8586517363664478
3210,-1.890000000000045,0.9670690713065436,8.0,0.8737961751203248
3211,-1.8800000000000447,0.9680894846944152,8.0,0.8879451270201979
3212,-1.8700000000000452,0.96909246203581,8.0,0.9011051401040037
3213,-1.8600000000000456,0.9700781265240396,8.0,0.9132865604201469
3214,-1.8500000000000456,0.9710466029007412,8.0,0.9245033741110593
3215,-1.840000000000046,0.9719980171147332,8.0,0.9347730302441823
3216,-1.8300000000000465,0.9729324959620044,8.0,0.9441162484788641
3217,-1.8200000000000465,0.9738501667075724,8.0,0.9525568155353249
3218,-1.810000000000047,0.9747511566901016,8.0,0.9601213741924264
3219,-1.800000000000047,0.9756355929103088,8.0,0.966839208201652
3220,-1.790000000000047,0.9765036016043548,8.0,0.9727420260859289
3221,-1.780000000000047,0.977355307803534,8.0,0.9778637463157371
3222,-1.7700000000000475,0.9781908348817258,8.0,0.9822402858437491
3223,-1.7600000000000475,0.9790103040921714,8.0,0.9859093534553125
3224,-1.750000000000048,0.9798138340952512,8.0,0.9889102488760959
3225,-1.7400000000000482,0.9806015404790122,8.0,0.9912836680889077
3226,-1.7300000000000484,0.981373535274266,8.0,0.9930715148651369
3227,-1.7200000000000486,0.9821299264660968,8.0,0.9943167181256127
3228,-1.7100000000000488,0.982870817503648,8.0,0.9950630544206983
3229,-1.700000000000049,0.9835963068100124,8.0,0.9953549745667651
3230,-1.6900000000000492,0.9843064872940126,8.0,0.9952374332992411
3231,-1.6800000000000497,0.985001445865552,8.0,0.9947557207014657
3232,-1.6700000000000497,0.9856812629561016,8.0,0.9939552941413018
3233,-1.66000000000005,0.9863460120456976,8.0,0.9928816094890999
3234,-1.65000000000005,0.9869957591976318,8.0,0.9915799504944564
3235,-1.6400000000000503,0.987630562601748,8.0,0.9900952553571801
3236,-1.6300000000000503,0.9882504721269534,8.0,0.9884719397308244
3237,-1.6200000000000507,0.988855528883218,8.0,0.9867537156354832
3238,-1.610000000000051,0.9894457647929258,8.0,0.9849834060208412
3239,-1.6000000000000512,0.99002120217101,8.0,0.9832027550015331
3240,-1.5900000000000514,0.9905818533128062,8.0,0.9814522340767114
3241,-1.5800000000000516,0.9911277200880309,8.0,0.9797708449372927
3242,-1.5700000000000518,0.9916587935386928,8.0,0.9781959197520925
3243,-1.560000000000052,0.9921750534781292,8.0,0.9767629201038703
3244,-1.5500000000000522,0.992676468087658,8.0,0.9755052360154027
3245,-1.5400000000000524,0.9931629935066244,8.0,0.9744539867624294
3246,-1.5300000000000529,0.993634573410822,8.0,0.9736378254137993
3247,-1.5200000000000529,0.9940911385734392,8.0,0.9730827492687342
3248,-1.510000000000053,0.9945326064017856,8.0,0.9728119185758223
3249,-1.5000000000000533,0.9949588804420932,8.0,0.9728454861162628
3250,-1.4900000000000535,0.9953698498436636,8.0,0.973200440411511
3251,-1.4800000000000535,0.9957653887725236,8.0,0.97389046546729
3252,-1.470000000000054,0.996145355763566,8.0,0.9749258200841218
3253,-1.460000000000054,0.9965095929988556,8.0,0.9763132398386144
3254,-1.4500000000000544,0.9968579254983824,8.0,0.9780558648572195
3255,-1.4400000000000546,0.9971901602080068,8.0,0.9801531964505682
3256,-1.4300000000000548,0.9975060849676726,8.0,0.9826010855367168
3257,-1.420000000000055,0.9978054673411124,8.0,0.9853917555407563
3258,-1.4100000000000552,0.9980880532862624,8.0,0.988513862103405
3259,-1.4000000000000554,0.9983535656433647,8.0,0.991952591452963
3260,-1.3900000000000556,0.9986017024153174,8.0,0.9956897986892225
3261,-1.3800000000000558,0.99883213481215,8.0,0.9997041864972387
3262,-1.370000000000056,0.9990445050286104,8.0,1.0039715239639757
3263,-1.3600000000000565,0.9992384237207156,8.0,1.008464904231211
3264,-1.3500000000000565,0.99941346714375,8.0,1.0131550387120674
3265,-1.3400000000000567,0.9995691739106614,8.0,1.0180105845625724
3266,-1.330000000000057,0.9997050413260944,8.0,1.0229985010768299
3267,-1.3200000000000571,0.999820521247542,8.0,1.028084429712122
3268,-1.3100000000000571,0.999915015421362,8.0,1.0332330915973886
3269,-1.3000000000000576,0.999987870237846,8.0,1.0384086956818237
3270,-1.2900000000000578,1.0000383708463538,8.0,1.043575350181348
3271,-1.280000000000058,1.0000657345689414,8.0,1.0486974697121574
3272,-1.2700000000000582,1.0000691035492937,8.0,1.053740170483808
3273,-1.2600000000000584,1.000047536573414,8.0,1.0586696461674168
3274,-1.2500000000000586,0.9999999999999988,8.0,1.0634535175512951
3275,-1.2400000000000588,0.999925357742179,8.0,1.0680611498265282
3276,-1.230000000000059,0.9998223602490908,8.0,1.0724639322756506
3277,-1.2200000000000593,0.999689632446226,8.0,1.076635516225405
3278,-1.2100000000000597,0.9995256606086016,8.0,1.080552008318977
3279,-1.2000000000000597,0.9993287781613952,8.0,1.0841921174094606
3280,-1.19000000000006,0.9990971504298576,8.0,1.0875372546200954
3281,-1.18000000000006,0.9988287583951344,8.0,1.090571587306359
3282,-1.1700000000000603,0.9985213815561624,8.0,1.0932820487450194
3283,-1.1600000000000603,0.9981725800512397,8.0,1.0956583063286567
3284,-1.1500000000000608,0.9977796762571242,8.0,1.0976926918338756
3285,-1.140000000000061,0.9973397361595194,8.0,1.0993800979405723
3286,-1.1300000000000612,0.9968495508771308,8.0,1.1007178456018536
3287,-1.1200000000000614,0.9963056188223298,8.0,1.1017055271022507
3288,-1.1100000000000616,0.9957041290945672,8.0,1.102344829706962
3289,-1.1000000000000618,0.9950409468269568,8.0,1.1026393447140912
3290,-1.090000000000062,0.9943116013400182,8.0,1.102594366497328
3291,-1.0800000000000622,0.9935112780963044,8.0,1.1022166857927014
3292,-1.0700000000000625,0.992634815591086,8.0,1.1015143810656332
3293,-1.060000000000063,0.9916767084512684,8.0,1.1004966113185608
3294,-1.0500000000000629,0.9906311181391932,8.0,1.0991734131884963
3295,-1.040000000000063,0.9894918927597012,8.0,1.0975555046589882
3296,-1.0300000000000633,0.9882525975351516,8.0,1.095654097189888
3297,-1.0200000000000635,0.986906557529038,8.0,1.09348071756586
3298,-1.0100000000000635,0.9854469141470468,8.0,1.091047040291616
3299,-1.000000000000064,0.9838666968056736,8.0,1.0883647309265636
3300,-0.9900000000000642,0.9821589109125454,8.0,1.0854453003586706
3301,-0.9800000000000644,0.980316642929296,8.0,1.0822999696694415
3302,-0.9700000000000646,0.9783331827693418,8.0,1.0789395449391772
3303,-0.9600000000000648,0.9762021631061716,8.0,1.0753743010827896
3304,-0.950000000000065,0.9739177143280576,8.0,1.0716138735890741
3305,-0.9400000000000652,0.9714746328799566,8.0,1.0676671568571277
3306,-0.9300000000000654,0.9688685596068336,8.0,1.0635422076795622
3307,-0.9200000000000657,0.9660961634991676,8.0,1.0592461523101115
3308,-0.910000000000066,0.9631553250087684,8.0,1.054785095471008
3309,-0.9000000000000661,0.9600453119427106,8.0,1.0501640296023038
3310,-0.8900000000000663,0.956766939967908,8.0,1.0453867426318266
3311,-0.8800000000000665,0.9533227090954276,8.0,1.0404557225542914
3312,-0.8700000000000667,0.9497169072915712,8.0,1.035372057157698
3313,-0.8600000000000669,0.9459556726980394,8.0,1.0301353273354312
3314,-0.8500000000000671,0.9420470069200584,8.0,1.0247434925894976
3315,-0.8400000000000674,0.9380007334916391,8.0,1.019192767587013
3316,-0.8300000000000676,0.933828397916478,8.0,1.0134774890097407
3317,-0.8200000000000678,0.9295431085006054,8.0,1.0075899724769364
3318,-0.810000000000068,0.9251593203534608,8.0,1.001520360079971
3319,-0.8000000000000682,0.9206925681915468,8.0,0.9952564601131365
3320,-0.7900000000000684,0.9161591566516084,8.0,0.988783582007368
3321,-0.7800000000000686,0.9115758194251724,8.0,0.9820843713809323
3322,-0.7700000000000689,0.9069593604154316,8.0,0.9751386526438071
3323,-0.7600000000000691,0.9023262911121672,8.0,0.967923289881598
3324,-0.7500000000000693,0.8976924783952634,8.0,0.9604120809668101
3325,-0.7400000000000695,0.8930728160305934,8.0,0.9525757051709712
3326,-0.7300000000000697,0.8884809313301484,8.0,0.9443817511329909
3327,-0.7200000000000699,0.88392893600662,8.0,0.9357948599748938
3328,-0.7100000000000701,0.8794272274064092,8.0,0.9267770276282441
3329,-0.7000000000000703,0.8749843433155198,8.0,0.9172881208227945
3330,-0.6900000000000706,0.8706068706459329,8.0,0.9072866721442392
3331,-0.6800000000000708,0.8662994057306499,8.0,0.8967310300477687
3332,-0.670000000000071,0.8620645618314191,8.0,0.8855809479786223
3333,-0.6600000000000712,0.8579030178786701,8.0,0.8737997001416721
3334,-0.6500000000000714,0.8538136014421523,8.0,0.8613568062068333
3335,-0.6400000000000716,0.8497933984460769,8.0,0.8482314283644496
3336,-0.6300000000000718,0.8458378821288708,8.0,0.8344164656466767
3337,-0.620000000000072,0.8419410541166109,8.0,0.8199233058621853
3338,-0.6100000000000723,0.838095591132158,8.0,0.8047870992322955
3339,-0.6000000000000725,0.834292991701824,8.0,0.7890722871874944
3340,-0.5900000000000727,0.8305237181599593,8.0,0.7728779580466152
3341,-0.5800000000000729,0.8267773302154703,8.0,0.7563424212157922
3342,-0.5700000000000731,0.823042607275657,8.0,0.7396462185636401
3343,-0.5600000000000733,0.8193076575812334,8.0,0.7230126651032226
3344,-0.5500000000000735,0.8155600129664565,8.0,0.7067049813084532
3345,-0.5400000000000738,0.8117867087073216,8.0,0.6910191982712361
3346,-0.530000000000074,0.807974348456443,8.0,0.676272322004915
3347,-0.5200000000000742,0.804109154690745,8.0,0.662785737037254
3348,-0.5100000000000744,0.8001770054278391,8.0,0.6508644608603069
3349,-0.5000000000000746,0.7961634582125584,8.0,0.6407735180140611
3350,-0.4900000000000748,0.7920537625515739,8.0,0.632713227442124
3351,-0.480000000000075,0.7878328620968263,8.0,0.6267954246684742
3352,-0.4700000000000752,0.7834853879625548,8.0,0.6230224599495411
3353,-0.4600000000000754,0.7789956446199356,8.0,0.6212702301950084
3354,-0.4500000000000757,0.7743475898604302,8.0,0.6212756843681437
3355,-0.4400000000000759,0.7695248103650859,8.0,0.6226285337301883
3356,-0.4300000000000761,0.7645104944722274,8.0,0.6247668004236532
3357,-0.4200000000000763,0.7592874038087105,8.0,0.6269769728658415
3358,-0.4100000000000765,0.7538378455477035,8.0,0.6284026260112573
3359,-0.4000000000000767,0.7481436471850315,8.0,0.6280712191436146
3360,-0.3900000000000769,0.7421861358917506,8.0,0.6249581819981139
3361,-0.3800000000000771,0.7359461247069127,8.0,0.6181204101952823
3362,-0.3700000000000774,0.7294039080842407,8.0,0.6069448949758168
3363,-0.3600000000000776,0.7225392696010795,8.0,0.5915601733195159
3364,-0.3500000000000778,0.7153315049766246,8.0,0.5734161117203426
3365,-0.340000000000078,0.7077594639258479,8.0,0.5558918485049501
3366,-0.3300000000000782,0.6998016147885769,8.0,0.544496017974766
3367,-0.3200000000000784,0.6914361363080577,8.0,0.5459049600084875
3368,-0.3100000000000786,0.6826410413717731,8.0,0.5652685167851162
3369,-0.3000000000000788,0.6733943379426923,8.0,0.6025556238923514
3370,-0.2900000000000791,0.6636742327643046,8.0,0.650621193532401
3371,-0.2800000000000793,0.6534593836672895,8.0,0.6975096937671319
3372,-0.2700000000000795,0.6427292063731443,8.0,0.7319358933841104
3373,-0.2600000000000797,0.6314642414954247,8.0,0.7477607705069773
3374,-0.2500000000000799,0.6196465868767607,8.0,0.7447386724835168
3375,-0.2400000000000801,0.6072603993422989,8.0,0.7264549225992128
3376,-0.2300000000000803,0.5942924682505986,8.0,0.6977812852780076
3377,-0.2200000000000805,0.5807328607199008,8.0,0.6632051185155106
3378,-0.2100000000000808,0.5665756349366499,8.0,0.6261606609007484
3379,-0.200000000000081,0.5518196133652228,8.0,0.5889842704598965
3380,-0.1900000000000812,0.5364692018695194,8.0,0.5531266548293486
3381,-0.1800000000000814,0.5205352337095044,8.0,0.519410464279653
3382,-0.1700000000000816,0.5040358092078193,8.0,0.4882471319228954
3383,-0.1600000000000818,0.4869970929095518,8.0,0.45979377280664224
3384,-0.150000000000082,0.4694540208583809,8.0,0.43405751617715704
3385,-0.1400000000000822,0.4514508620709853,8.0,0.41096114390627186
3386,-0.1300000000000825,0.4330415716246242,8.0,0.39038265678726086
3387,-0.1200000000000827,0.414289869488502,8.0,0.3721781587098293
3388,-0.1100000000000829,0.3952689810092535,8.0,0.3561944105341809
3389,-0.1000000000000831,0.3760609834370306,8.0,0.3422751292604132
3390,-0.0900000000000833,0.3567557193088533,8.0,0.33026357001344375
3391,-0.0800000000000835,0.3374492623707257,8.0,0.32000294747319596
3392,-0.0700000000000837,0.3182419543163123,8.0,0.31133564931902286
3393,-0.0600000000000839,0.299236068755258,8.0,0.3041018295643445
3394,-0.0500000000000842,0.2805331987450404,8.0,0.2981377508155778
3395,-0.0400000000000844,0.2622315008872334,8.0,0.293274111865609
3396,-0.0300000000000846,0.2444229567485276,8.0,0.28933451433211477
3397,-0.0200000000000848,0.2271908259540039,8.0,0.2861341681527245
3398,-0.010000000000085,0.2106074609848452,8.0,0.28347889907046575
3399,-8.526512829121202e-14,0.1947326302952444,8.0,0.28116449607618055
3400,0.0099999999999145,0.1796124557191059,8.0,0.27897642096976344
3401,0.0199999999999143,0.1652790170966841,8.0,0.27668989573743624
3402,0.029999999999914,0.1517506185901856,8.0,0.27407038756181656
3403,0.0399999999999138,0.139032655082485,8.0,0.27087452800551365
3404,0.0499999999999136,0.1271189705277657,8.0,0.2668515347886856
3405,0.0599999999999134,0.1159935684114087,8.0,0.2617452546117958
3406,0.0699999999999132,0.105632520197511,8.0,0.2552970170867909
3407,0.079999999999913,0.0960059206401316,8.0,0.24724958687336324
3408,0.0899999999999128,0.0870797565936248,8.0,0.23735262765320583
3409,0.0999999999999126,0.0788175843633011,8.0,0.22537025143927333
3410,0.1099999999999123,0.0711819448490633,8.0,0.21109142239511586
3411,0.1199999999999121,0.0641354809836159,8.0,0.19434421497468607
3412,0.1299999999999119,0.0576417541749898,8.0,0.17501518426962293
3413,0.1399999999999117,0.0516657826367427,8.0,0.15307537276713407
3414,0.1499999999999115,0.046174342899155,8.0,0.12861471427830715
3415,0.1599999999999113,0.0411360859668285,8.0,0.10188673594237041
3416,0.1699999999999111,0.0365215221369023,8.0,0.07336539232019611
3417,0.1799999999999109,0.032302924839755,8.0,0.04381540501059811
3418,0.1899999999999106,0.0284541958962908,8.0,0.0143762754598804
3419,0.1999999999999104,0.0249507243025827,8.0,-0.01334260075551717
3420,0.2099999999999102,0.0217692598688806,8.0,-0.0371646144336708
3421,0.21999999999991,0.0188878131765299,8.0,-0.05427095536821672
3422,0.2299999999999098,0.0162855852969335,8.0,-0.061213652134370036
3423,0.2399999999999096,0.0139429249665775,8.0,-0.05419368931292947
3424,0.2499999999999094,0.0118413074340624,8.0,-0.030077607044593727
3425,0.2599999999999092,0.0099633276903476,8.0,0.010653563031465415
3426,0.269999999999909,0.0082927007957709,8.0,0.05656320766492667
3427,0.2799999999999087,0.0068142630124292,8.0,0.07209632032905572
3428,0.2899999999999085,0.0055139689654908,8.0,0.0038149847796615974
3429,0.2999999999999083,0.0043788817142441,8.0,-0.02908082927278494
3430,0.3099999999999081,0.0033971541510614,8.0,0.4415466976926428
3431,0.3199999999999079,0.0025580014126397,8.0,0.8606817808296295
3432,0.3299999999999077,0.0018516649224944,8.0,0.6863458664904509
3433,0.3399999999999075,0.0012693692911129,8.0,0.2928100409632329
3434,0.3499999999999073,0.0008032736241371,8.0,0.039248925547290925
3435,0.359999999999907,0.0004464188911598,8.0,-0.08194770434020687
3436,0.3699999999999068,0.0001926729528755,8.0,-0.12230090692418605
3437,0.3799999999999066,3.667469058805799e-05,8.0,-0.12089354440083903
3438,0.3899999999999064,-2.622152354215531e-05,8.0,-0.10151534402189763
3439,0.3999999999999062,-5.212788171817838e-16,8.0,-0.07684878698101781
3440,0.409999999999906,0.0001119642492225,8.0,-0.05289125934143148
3441,0.4199999999999058,0.0003068562467361,8.0,-0.03205160202054435
3442,0.4299999999999055,0.0005823749679161,8.0,-0.014968463559168988
3443,0.4399999999999053,0.000936690720339,8.0,-0.0014815878902155245
3444,0.4499999999999051,0.0013684061381699,8.0,0.008879428374464171
3445,0.4599999999999049,0.0018765208372242,8.0,0.016661698393592085
3446,0.4699999999999047,0.0024603996805083,8.0,0.022385283238955004
3447,0.4799999999999045,0.0031197445150062,8.0,0.026503313509415097
3448,0.4899999999999043,0.0038545691540665,8.0,0.029392448083022757
3449,0.4999999999999041,0.0046651772932424,8.0,0.03135684303561188
3450,0.5099999999999039,0.005552142959892,8.0,0.032637337860917534
3451,0.5199999999999037,0.006516293009203,8.0,0.033421893420622906
3452,0.5299999999999034,0.0075586910943368,8.0,0.03385549701362538
3453,0.5399999999999032,0.0086806224603904,8.0,0.03404883548745747
3454,0.549999999999903,0.0098835788461773,8.0,0.034085562914647795
3455,0.5599999999999028,0.0111692427301521,8.0,0.03402822937031063
3456,0.5699999999999026,0.012539470132541,8.0,0.033923033280583825
3457,0.5799999999999024,0.0139962711891314,8.0,0.03380358497040884
3458,0.5899999999999022,0.0155417877457363,8.0,0.033693861347987804
3459,0.599999999999902,0.0171782672863188,8.0,0.033610510531091965
3460,0.6099999999999017,0.0189080325999253,8.0,0.033564640321182074
3461,0.6199999999999015,0.0207334467073547,8.0,0.0335632003305843
3462,0.6299999999999013,0.0226568727013664,8.0,0.03361004618052765
3463,0.6399999999999011,0.0246806282963835,8.0,0.03370675608905395
3464,0.6499999999999009,0.0268069350268439,8.0,0.03385325528992774
3465,0.6599999999999007,0.0290378621697776,8.0,0.034048291723270105
3466,0.6699999999999005,0.0313752655904051,8.0,0.03428979688311665
3467,0.6799999999999002,0.0338207218150655,8.0,0.03457515816677265
3468,0.6899999999999,0.0363754577216816,8.0,0.03490142315860298
3469,0.6999999999998998,0.0390402763050319,8.0,0.03526545166668846
3470,0.7099999999998996,0.0418154790258815,8.0,0.03566402774122003
3471,0.7199999999998994,0.0447007852955746,8.0,0.0360939411177927
3472,0.7299999999998992,0.0476952496891682,8.0,0.03655204537041143
3473,0.739999999999899,0.0507971775302657,8.0,0.037035298388627284
3474,0.7499999999998987,0.0540040395599276,8.0,0.037540789501588456
3475,0.7599999999998985,0.057312386500982,8.0,0.038065756573426195
3476,0.7699999999998983,0.0607177644675038,8.0,0.038607595623171766
3477,0.7799999999998981,0.0642146323551125,8.0,0.039163864926610344
3478,0.7899999999998979,0.0677962825861195,8.0,0.03973228509753901
3479,0.7999999999998977,0.0714547668754764,8.0,0.0403107362907825
3480,0.8099999999998975,0.0751808290247798,8.0,0.04089725339537289
3481,0.8199999999998973,0.0789638471318863,8.0,0.0414900198750029
3482,0.829999999999897,0.0827917880054923,8.0,0.04208736075018837
3483,0.8399999999998968,0.0866511769722262,8.0,0.04268773509118227
3484,0.8499999999998966,0.0905270866256365,8.0,0.04328972829463909
3485,0.8599999999998964,0.0944031483524399,8.0,0.04389204434309324
3486,0.8699999999998962,0.0982615906365944,8.0,0.04449349819004406
3487,0.879999999999896,0.1020833081386672,8.0,0.045093008370409325
3488,0.8899999999998958,0.1058479653297058,8.0,0.04568958990358171
3489,0.8999999999998956,0.1095341379835902,8.0,0.046282347531748334
3490,0.9099999999998952,0.1131194950677084,8.0,0.0468704693178182
3491,0.9199999999998952,0.1165810225017338,8.0,0.04745322061368961
3492,0.9299999999998948,0.1198952888807014,8.0,0.048029938399665906
3493,0.9399999999998948,0.1230387516071801,8.0,0.0486000259887878
3494,0.9499999999998944,0.1259880999991057,8.0,0.049162948084764846
3495,0.9599999999998944,0.1287206299114189,8.0,0.04971822617898547
3496,0.969999999999894,0.1312146423311805,8.0,0.05026543426987925
3497,0.9799999999998938,0.1334498563967022,8.0,0.05080419488677705
3498,0.9899999999998936,0.1354078254835083,8.0,0.051334175399878536
3499,0.9999999999998934,0.1370723435302947,8.0,0.05185508459795576
3500,1.0099999999998932,0.1384298277783115,8.0,0.052366669515758954
3501,1.019999999999893,0.1394696636848129,8.0,0.0528687124936683
3502,1.0299999999998928,0.1401844980377737,8.0,0.05336102845296569
3503,1.0399999999998926,0.1405704673032244,8.0,0.05384346237088438
3504,1.0499999999998924,0.1406273499941828,8.0,0.054315886940603415
3505,1.059999999999892,0.140358634328283,8.0,0.05477820040220947
3506,1.069999999999892,0.1397714955538406,8.0,0.05523032453171078
3507,1.0799999999998915,0.1388766809318725,8.0,0.05567220277600107
3508,1.0899999999998915,0.1376883042754499,8.0,0.056103798522621096
3509,1.0999999999998913,0.1362235559383895,8.0,0.05652509349403391
3510,1.109999999999891,0.1345023379578993,8.0,0.05693608625686491
3511,1.1199999999998909,0.1325468374302655,8.0,0.057336790837385535
3512,1.1299999999998906,0.1303810538936304,8.0,0.05772723543517368
3513,1.1399999999998904,0.1280302983091415,8.0,0.05810746122755358
3514,1.1499999999998902,0.125520682039164,8.0,0.0584775212580277
3515,1.15999999999989,0.1228786139688355,8.0,0.05883747940246931
3516,1.1699999999998898,0.1201303226447109,8.0,0.05918740940732757
3517,1.1799999999998896,0.1173014181373873,8.0,0.059527393994627004
3518,1.1899999999998894,0.1144165054715827,8.0,0.059857524028900336
3519,1.1999999999998892,0.1114988581539003,8.0,0.060177897741661136
3520,1.209999999999889,0.1085701568334031,8.0,0.06048862000930688
3521,1.2199999999998887,0.1056502947130956,8.0,0.06078980168075038
3522,1.2299999999998883,0.1027572482181654,8.0,0.0610815589513038
3523,1.2399999999998883,0.0999070087939377,8.0,0.061364012779658375
3524,1.249999999999888,0.0971135696647555,8.0,0.06163728834503799
3525,1.259999999999888,0.0943889599820521,8.0,0.061901514541838315
3526,1.2699999999998877,0.0917433180147792,8.0,0.062156823509230304
3527,1.2799999999998877,0.0891849948298655,8.0,0.06240335019348012
3528,1.2899999999998872,0.0867206801832824,8.0,0.06264123194080196
3529,1.299999999999887,0.0843555429840202,8.0,0.06287060811880281
3530,1.3099999999998868,0.0820933795895227,8.0,0.06309161976468333
3531,1.3199999999998866,0.0799367642337139,8.0,0.06330440925848187
3532,1.3299999999998864,0.077887196983309,8.0,0.06350912001980401
3533,1.3399999999998862,0.0759452456886747,8.0,0.0637058962265436
3534,1.349999999999886,0.0741106793860201,8.0,0.06389488255422728
3535,1.3599999999998855,0.0723825914815741,8.0,0.06407622393473426
3536,1.3699999999998855,0.070759511786008,8.0,0.06425006533314111
3537,1.379999999999885,0.0692395070633436,8.0,0.06441655154162275
3538,1.389999999999885,0.0678202702179631,8.0,0.06457582698934122
3539,1.399999999999885,0.0664991985785196,8.0,0.06472803556734275
3540,1.409999999999885,0.0652734619651756,8.0,0.06487332046755429
3541,1.4199999999998845,0.0641400613650569,8.0,0.06501182403500193
3542,1.4299999999998845,0.063095879108621,8.0,0.06514368763245855
3543,1.439999999999884,0.062137721453875,8.0,0.06526905151674076
3544,1.4499999999998838,0.0612623544611696,8.0,0.06538805472595262
3545,1.4599999999998836,0.0604665339912993,8.0,0.06550083497700222
3546,1.4699999999998834,0.0597470305939879,8.0,0.06560752857272628
3547,1.4799999999998832,0.0591006499804033,8.0,0.06570827031807988
3548,1.489999999999883,0.0585242496978207,8.0,0.06580319344476204
3549,1.4999999999998828,0.0580147525509324,8.0,0.06589242954380306
3550,1.5099999999998823,0.0575691572451653,8.0,0.06597610850556451
3551,1.5199999999998823,0.0571845466641662,8.0,0.06605435846670223
3552,1.529999999999882,0.0568580941370401,8.0,0.0661273057636416
3553,1.539999999999882,0.0565870680010678,8.0,0.06619507489214586
3554,1.5499999999998817,0.0563688347222328,8.0,0.06625778847254989
3555,1.5599999999998817,0.0562008607984329,8.0,0.06631556722032646
3556,1.5699999999998813,0.0560807136381698,8.0,0.06636852992159123
3557,1.579999999999881,0.0560060615801046,8.0,0.06641679341323507
3558,1.5899999999998808,0.0559746731955494,8.0,0.06646047256734074
3559,1.5999999999998806,0.0559844159960992,8.0,0.06649968027960815
3560,1.6099999999998804,0.0560332546516956,8.0,0.06653452746149667
3561,1.6199999999998802,0.0561192488099636,8.0,0.0665651230357972
3562,1.62999999999988,0.0562405505952949,8.0,0.06659157393542536
3563,1.6399999999998798,0.0563954018555058,8.0,0.06661398510513529
3564,1.6499999999998796,0.0565821312147206,8.0,0.06663245950600027
3565,1.6599999999998791,0.0567991509831737,8.0,0.06664709812237903
3566,1.6699999999998791,0.0570449539676886,8.0,0.06665799997121989
3567,1.679999999999879,0.0573181102205494,8.0,0.06666526211349078
3568,1.6899999999998787,0.0576172637591797,8.0,0.06666897966755965
3569,1.6999999999998785,0.0579411292843884,8.0,0.06666924582434734
3570,1.7099999999998785,0.0582884889208453,8.0,0.06666615186413151
3571,1.719999999999878,0.0586581889998526,8.0,0.06665978717480608
3572,1.729999999999878,0.0590491369012906,8.0,0.06665023927150071
3573,1.7399999999998776,0.0594602979688266,8.0,0.06663759381738943
3574,1.7499999999998774,0.0598906925100081,8.0,0.06662193464559645
3575,1.7599999999998772,0.0603393928906999,8.0,0.06660334378207798
3576,1.769999999999877,0.0608055207314241,8.0,0.0665819014693552
3577,1.7799999999998768,0.0612882442114977,8.0,0.0665576861910139
3578,1.7899999999998766,0.0617867754854106,8.0,0.06653077469687482
3579,1.7999999999998764,0.0623003682146236,8.0,0.06650124202873829
3580,1.809999999999876,0.0628283152168601,8.0,0.0664691615466206
3581,1.819999999999876,0.0633699462340252,8.0,0.06643460495542426
3582,1.829999999999876,0.0639246258190473,8.0,0.06639764233193687
3583,1.8399999999998755,0.064491751341248,8.0,0.06635834215211593
3584,1.8499999999998755,0.0650707511092275,8.0,0.06631677131859816
3585,1.859999999999875,0.065661082609734,8.0,0.06627299518835024
3586,1.8699999999998749,0.0662622308605522,8.0,0.06622707760044667
3587,1.8799999999998749,0.0668737068750559,8.0,0.06617908090388268
3588,1.8899999999998744,0.0674950462357564,8.0,0.06612906598540409
3589,1.8999999999998745,0.0681258077739072,8.0,0.0660770922973117
3590,1.909999999999874,0.0687655723519872,8.0,0.06602321788517097
3591,1.9199999999998736,0.0694139417456933,8.0,0.06596749941543686
3592,1.9299999999998736,0.0700705376219063,8.0,0.06590999220291349
3593,1.9399999999998732,0.0707350006089459,8.0,0.06585075023806702
3594,1.9499999999998727,0.0714069894553142,8.0,0.06578982621409575
3595,1.959999999999873,0.0720861802730214,8.0,0.06572727155382542
3596,1.9699999999998727,0.0727722658614937,8.0,0.0656631364363107
3597,1.9799999999998723,0.0734649551079881,8.0,0.06559746982319616
3598,1.9899999999998723,0.0741639724603794,8.0,0.06553031948475939
3599,1.999999999999872,0.0748690574681103,8.0,0.0654617320256808
3600,-1.9900000000000428,0.9247401827236328,9.0,1.0860231356418606
3601,-1.980000000000043,0.9237550914085192,9.0,1.0773270301597302
3602,-1.9700000000000435,0.9227314605000958,9.0,1.0683630392746006
3603,-1.9600000000000437,0.921667390759946,9.0,1.0591287392775566
3604,-1.950000000000044,0.9205609384098148,9.0,1.049622543019914
3605,-1.940000000000044,0.919410124407122,9.0,1.039843831414363
3606,-1.930000000000044,0.9182129459621122,9.0,1.0297930975535106
3607,-1.9200000000000443,0.91696739060581,9.0,1.0194721037755994
3608,-1.9100000000000448,0.9156714531417626,9.0,1.008884051798088
3609,-1.9000000000000448,0.9143231558363716,9.0,0.9980337657684799
3610,-1.890000000000045,0.9129205722211472,9.0,0.9869278877391613
3611,-1.8800000000000447,0.9114618548939114,9.0,0.975575084649992
3612,-1.8700000000000452,0.9099452677130224,9.0,0.9639862653904016
3613,-1.8600000000000456,0.908369222777002,9.0,0.9521748059050555
3614,-1.8500000000000456,0.9067323225692584,9.0,0.9401567795991235
3615,-1.840000000000046,0.9050334076215034,9.0,0.9279511894900915
3616,-1.8300000000000465,0.9032716100075636,9.0,0.9155801976470687
3617,-1.8200000000000465,0.9014464129193822,9.0,0.9030693464666597
3618,-1.810000000000047,0.8995577164972366,9.0,0.890447765276064
3619,-1.800000000000047,0.8976059099853844,9.0,0.8777483546587291
3620,-1.790000000000047,0.8955919501621413,9.0,0.8650079398071927
3621,-1.780000000000047,0.8935174458505724,9.0,0.8522673831764725
3622,-1.7700000000000475,0.8913847481545828,9.0,0.8395716458082091
3623,-1.7600000000000475,0.8891970458884123,9.0,0.8269697860031652
3624,-1.750000000000048,0.8869584654797936,9.0,0.8145148836325268
3625,-1.7400000000000482,0.884674174433103,9.0,0.8022638784002707
3626,-1.7300000000000484,0.8823504872435041,9.0,0.7902773109075679
3627,-1.7200000000000486,0.8799949724598138,9.0,0.7786189565298666
3628,-1.7100000000000488,0.8776165594035976,9.0,0.7673553439891447
3629,-1.700000000000049,0.8752256428620261,9.0,0.7565551531545688
3630,-1.6900000000000492,0.8728341838745469,9.0,0.7462884900634325
3631,-1.6800000000000497,0.8704558045152949,9.0,0.7366260413995045
3632,-1.6700000000000497,0.8681058743158718,9.0,0.7276381156138108
3633,-1.66000000000005,0.86580158565471,9.0,0.719393583367699
3634,-1.65000000000005,0.8635620150366419,9.0,0.7119587357887843
3635,-1.6400000000000503,0.8614081666800817,9.0,0.7053960848531897
3636,-1.6300000000000503,0.8593629942081032,9.0,0.6997631356777618
3637,-1.6200000000000507,0.8574513955062953,9.0,0.695111165218864
3638,-1.610000000000051,0.8557001749850416,9.0,0.6914840454153978
3639,-1.6000000000000512,0.8541379666077129,9.0,0.6889171507955896
3640,-1.5900000000000514,0.8527951101796842,9.0,0.6874363906713153
3641,-1.5800000000000516,0.8517034726115148,9.0,0.6870574040612166
3642,-1.5700000000000518,0.8508962052553153,9.0,0.6877849513489476
3643,-1.560000000000052,0.8504074280440822,9.0,0.689612530496361
3644,-1.5500000000000522,0.8502718311009925,9.0,0.6925222376663649
3645,-1.5400000000000524,0.8505241847639401,9.0,0.6964848827986349
3646,-1.5300000000000529,0.8511987495927956,9.0,0.7014603605824287
3647,-1.5200000000000529,0.8523285788680431,9.0,0.707398267021255
3648,-1.510000000000053,0.8539447073142084,9.0,0.7142387420395502
3649,-1.5000000000000533,0.8560752212797619,9.0,0.7219135099535579
3650,-1.4900000000000535,0.8587442074511981,9.0,0.7303470826281963
3651,-1.4800000000000535,0.8619705796182834,9.0,0.7394580851351144
3652,-1.470000000000054,0.8657667865758185,9.0,0.7491606609099892
3653,-1.460000000000054,0.8701374099141546,9.0,0.7593659127994628
3654,-1.4500000000000544,0.875077669764866,9.0,0.7699833378480916
3655,-1.4400000000000546,0.8805718717431869,9.0,0.7809222169302803
3656,-1.4300000000000548,0.8865918521494467,9.0,0.7920929250158008
3657,-1.420000000000055,0.8930955138391817,9.0,0.8034081335564126
3658,-1.4100000000000552,0.9000255939012646,9.0,0.8147838827730316
3659,-1.4000000000000554,0.9073088651921696,9.0,0.8261405081118018
3660,-1.3900000000000556,0.9148560396207612,9.0,0.8374034114777805
3661,-1.3800000000000558,0.9225626952255184,9.0,0.8485036737666409
3662,-1.370000000000056,0.9303115634405962,9.0,0.8593785104889188
3663,-1.3600000000000565,0.9379764501979194,9.0,0.8699715767788582
3664,-1.3500000000000565,0.9454278883388896,9.0,0.8802331317255677
3665,-1.3400000000000567,0.9525403138944034,9.0,0.890120074737224
3666,-1.330000000000057,0.9592001564972455,9.0,0.8995958685734688
3667,-1.3200000000000571,0.9653138303340796,9.0,0.908630364814984
3668,-1.3100000000000571,0.970814356451014,9.0,0.9171995479658349
3669,-1.3000000000000576,0.9756653911626046,9.0,0.9252852142029709
3670,-1.2900000000000578,0.979861848745072,9.0,0.9328746001068923
3671,-1.280000000000058,0.9834270108642912,9.0,0.9399599756389891
3672,-1.2700000000000582,0.9864067872406812,9.0,0.9465382142827158
3673,-1.2600000000000584,0.9888623590741038,9.0,0.9526103517386403
3674,-1.2500000000000586,0.9908626124350935,9.0,0.9581811429479812
3675,-1.2400000000000588,0.9924775425626194,9.0,0.9632586255930238
3676,-1.230000000000059,0.99377333163063,9.0,0.9678536966491866
3677,-1.2200000000000593,0.9948092834305156,9.0,0.9719797070911267
3678,-1.2100000000000597,0.9956364038227488,9.0,0.9756520785186962
3679,-1.2000000000000597,0.9962972117350962,9.0,0.9788879442893083
3680,-1.19000000000006,0.9968263303034506,9.0,0.9817058167313973
3681,-1.18000000000006,0.9972514772705836,9.0,0.9841252811697642
3682,-1.1700000000000603,0.9975945832535704,9.0,0.9861667168108756
3683,-1.1600000000000603,0.9978728722039952,9.0,0.9878510440022044
3684,-1.1500000000000608,0.9980998200806022,9.0,0.9891994969787531
3685,-1.140000000000061,0.9982859617937822,9.0,0.9902334209240412
3686,-1.1300000000000612,0.9984395475035528,9.0,0.9909740919837008
3687,-1.1200000000000614,0.9985670643306336,9.0,0.991442558759508
3688,-1.1100000000000616,0.9986736447354296,9.0,0.9916595037634045
3689,-1.1000000000000618,0.998763382777837,9.0,0.991645123309957
3690,-1.090000000000062,0.9988395770661032,9.0,0.9914190243587331
3691,-1.0800000000000622,0.998904916054436,9.0,0.9910001368745219
3692,-1.0700000000000625,0.998961618262986,9.0,0.9904066403444108
3693,-1.060000000000063,0.9990115373074429,9.0,0.9896559031696617
3694,-1.0500000000000629,0.9990562394333256,9.0,0.988764433732073
3695,-1.040000000000063,0.9990970595366456,9.0,0.9877478420154985
3696,-1.0300000000000633,0.9991351403613334,9.0,0.9866208107410457
3697,-1.0200000000000635,0.9991714586275724,9.0,0.98539707504786
3698,-1.0100000000000635,0.9992068411964682,9.0,0.9840894098197394
3699,-1.000000000000064,0.9992419739484036,9.0,0.9827096238209568
3700,-0.9900000000000642,0.999277405776893,9.0,0.9812685598630032
3701,-0.9800000000000644,0.9993135499070728,9.0,0.9797761002779637
3702,-0.9700000000000646,0.999350684569654,9.0,0.9782411770245528
3703,-0.9600000000000648,0.9993889548359406,9.0,0.9766717858002049
3704,-0.950000000000065,0.9994283771021248,9.0,0.9750750035775927
3705,-0.9400000000000652,0.9994688472812204,9.0,0.9734570090272531
3706,-0.9300000000000654,0.9995101532295764,9.0,0.9718231053300674
3707,-0.9200000000000657,0.999551991344995,9.0,0.9701777449246752
3708,-0.910000000000066,0.9995939866932952,9.0,0.9685245557758478
3709,-0.9000000000000661,0.9996357155294784,9.0,0.9668663687907522
3710,-0.8900000000000663,0.999676728751184,9.0,0.9652052460511511
3711,-0.8800000000000665,0.9997165747035998,9.0,0.9635425095711642
3712,-0.8700000000000667,0.999754819856636,9.0,0.9618787703325667
3713,-0.8600000000000669,0.9997910661670038,9.0,0.9602139573928847
3714,-0.8500000000000671,0.9998249643572726,9.0,0.9585473469062205
3715,-0.8400000000000674,0.999856222811683,9.0,0.9568775909430249
3716,-0.8300000000000676,0.9998846122267584,9.0,0.9552027460434438
3717,-0.8200000000000678,0.9999099665035224,9.0,0.9535203014898671
3718,-0.810000000000068,0.9999321805939608,9.0,0.9518272073385347
3719,-0.8000000000000682,0.9999512061117434,9.0,0.9501199023080998
3720,-0.7900000000000684,0.9999670455030082,9.0,0.948394341685778
3721,-0.7800000000000686,0.9999797454776144,9.0,0.9466460254799428
3722,-0.7700000000000689,0.9999893902592282,9.0,0.9448700271226858
3723,-0.7600000000000691,0.9999960950553672,9.0,0.9430610231079735
3724,-0.7500000000000693,0.9999999999999978,9.0,0.9412133240416826
3725,-0.7400000000000695,1.0000012646964975,9.0,0.9393209076800008
3726,-0.7300000000000697,1.000000063394623,9.0,0.9373774546435073
3727,-0.7200000000000699,0.9999965807720512,9.0,0.9353763876166699
3728,-0.7100000000000701,0.9999910082555076,9.0,0.9333109149772331
3729,-0.7000000000000703,0.9999835408027672,9.0,0.9311740799475918
3730,-0.6900000000000706,0.9999743740685209,9.0,0.9289588165206709
3731,-0.6800000000000708,0.9999637018884452,9.0,0.9266580135856946
3732,-0.670000000000071,0.999951714031756,9.0,0.9242645888628451
3733,-0.6600000000000712,0.9999385941893792,9.0,0.9217715744477648
3734,-0.6500000000000714,0.9999245181800503,9.0,0.9191722159628029
3735,-0.6400000000000716,0.9999096523686176,9.0,0.9164600875056863
3736,-0.6300000000000718,0.9998941522989296,9.0,0.9136292247689164
3737,-0.620000000000072,0.999878161547912,9.0,0.9106742788625173
3738,-0.6100000000000723,0.9998618108081794,9.0,0.9075906934922606
3739,-0.6000000000000725,0.999845217204498,9.0,0.9043749082038527
3740,-0.5900000000000727,0.9998284838453771,9.0,0.9010245903730003
3741,-0.5800000000000729,0.999811699605871,9.0,0.8975388984671977
3742,-0.5700000000000731,0.9997949391319984,9.0,0.8939187787844556
3743,-0.5600000000000733,0.9997782630516994,9.0,0.8901672973349553
3744,-0.5500000000000735,0.999761718372375,9.0,0.8862900077122035
3745,-0.5400000000000738,0.999745339041138,9.0,0.8822953546294042
3746,-0.530000000000074,0.9997291466411192,9.0,0.8781951111949131
3747,-0.5200000000000742,0.9997131511955684,9.0,0.8740048458821389
3748,-0.5100000000000744,0.999697352051058,9.0,0.8697444124276048
3749,-0.5000000000000746,0.9996817388117024,9.0,0.8654384524855859
3750,-0.4900000000000748,0.9996662922978076,9.0,0.861116896716655
3751,-0.480000000000075,0.9996509855045927,9.0,0.856815445062168
3752,-0.4700000000000752,0.9996357845393676,9.0,0.8525760012849063
3753,-0.4600000000000754,0.9996206495186356,9.0,0.8484470305492842
3754,-0.4500000000000757,0.9996055354098652,9.0,0.8444838021018733
3755,-0.4400000000000759,0.9995903928059454,9.0,0.8407484723797082
3756,-0.4300000000000761,0.9995751686235502,9.0,0.8373099577001475
3757,-0.4200000000000763,0.9995598067196232,9.0,0.8342435408808866
3758,-0.4100000000000765,0.9995442484229408,9.0,0.8316301537574466
3759,-0.4000000000000767,0.99952843298014,9.0,0.82955527889771
3760,-0.3900000000000769,0.9995122979176996,9.0,0.8281074203217146
3761,-0.3800000000000771,0.9994957793231108,9.0,0.827376106226207
3762,-0.3700000000000774,0.99947881204992,9.0,0.8274494079203165
3763,-0.3600000000000776,0.9994613298524196,9.0,0.8284109892485985
3764,-0.3500000000000778,0.99944326545661,9.0,0.8303367396778362
3765,-0.340000000000078,0.9994245505746122,9.0,0.8332910906087814
3766,-0.3300000000000782,0.9994051158700789,9.0,0.8373231653007788
3767,-0.3200000000000784,0.9993848908823088,9.0,0.8424629631206401
3768,-0.3100000000000786,0.9993638039167904,9.0,0.8487178219264766
3769,-0.3000000000000788,0.9993417819097958,9.0,0.8560694303780352
3770,-0.2900000000000791,0.9993187502744516,9.0,0.8644716669030884
3771,-0.2800000000000793,0.9992946327354512,9.0,0.8738495175960709
3772,-0.2700000000000795,0.9992693511592724,9.0,0.8840992685108292
3773,-0.2600000000000797,0.9992428253864168,9.0,0.8950900805882775
3774,-0.2500000000000799,0.9992149730718636,9.0,0.9066669454673688
3775,-0.2400000000000801,0.9991857095395494,9.0,0.9186549004993138
3776,-0.2300000000000803,0.9991549476563668,9.0,0.9308642675851289
3777,-0.2200000000000805,0.9991225977308033,9.0,0.9430965894967321
3778,-0.2100000000000808,0.9990885674410274,9.0,0.9551508825818507
3779,-0.200000000000081,0.9990527617968814,9.0,0.9668298137146871
3780,-0.1900000000000812,0.9990150831399104,9.0,0.9779454420802998
3781,-0.1800000000000814,0.9989754311852244,9.0,0.988324235680749
3782,-0.1700000000000816,0.9989337031086296,9.0,0.997811165820209
3783,-0.1600000000000818,0.998889793682088,9.0,1.0062727854308255
3784,-0.150000000000082,0.9988435954601672,9.0,1.013599294980867
3785,-0.1400000000000822,0.9987949990196736,9.0,1.0197056824024322
3786,-0.1300000000000825,0.9987438932541702,9.0,1.024532085587005
3787,-0.1200000000000827,0.998690165724502,9.0,1.0280435675580657
3788,-0.1100000000000829,0.9986337030658144,9.0,1.0302295203122558
3789,-0.1000000000000831,0.998574391450831,9.0,1.031102932039139
3790,-0.0900000000000833,0.9985121171083584,9.0,1.0306997747327504
3791,-0.0800000000000835,0.998446766895091,9.0,1.0290788066950423
3792,-0.0700000000000837,0.9983782289178464,9.0,1.0263221481858211
3793,-0.0600000000000839,0.9983063932023172,9.0,1.0225370873114465
3794,-0.0500000000000842,0.9982311524033456,9.0,1.0178597105458038
3795,-0.0400000000000844,0.9981524025506182,9.0,1.0124611193051176
3796,-0.0300000000000846,0.998070043822538,9.0,1.0065571558196622
3797,-0.0200000000000848,0.9979839813399504,9.0,1.000422628953108
3798,-0.010000000000085,0.9978941259703392,9.0,0.9944108082941793
3799,-8.526512829121202e-14,0.9978003951321884,9.0,0.9889780553676449
3800,0.0099999999999145,0.99770271358839,9.0,0.9847111862545329
3801,0.0199999999999143,0.997601014216982,9.0,0.9823504044706927
3802,0.029999999999914,0.9974952387470942,9.0,0.9827920180473864
3803,0.0399999999999138,0.9973853384478591,9.0,0.9870418606372006
3804,0.0499999999999136,0.9972712747582008,9.0,0.9960747756126644
3805,0.0599999999999134,0.9971530198458748,9.0,1.0105486504803343
3806,0.0699999999999132,0.9970305570849196,9.0,1.0303491932218598
3807,0.079999999999913,0.9969038814417716,9.0,1.0540411458432353
3808,0.0899999999999128,0.9967729997616892,9.0,1.078483707334089
3809,0.0999999999999126,0.9966379309487924,9.0,1.0990358985098567
3810,0.1099999999999123,0.9964987060349114,9.0,1.1106923855724422
3811,0.1199999999999121,0.9963553681344994,9.0,1.109967971047943
3812,0.1299999999999119,0.996207972285038,9.0,1.0966303405719877
3813,0.1399999999999117,0.9960565851745832,9.0,1.0741247079185507
3814,0.1499999999999115,0.9959012847603008,9.0,1.0481985775102285
3815,0.1599999999999113,0.9957421597839412,9.0,1.024487028259114
3816,0.1699999999999111,0.9955793091921488,9.0,1.0065768908940593
3817,0.1799999999999109,0.995412841471232,9.0,0.9955181942019379
3818,0.1899999999999106,0.9952428739074904,9.0,0.9905272040440976
3819,0.1999999999999104,0.9950695317853469,9.0,0.9900185135244507
3820,0.2099999999999102,0.9948929475363776,9.0,0.992362229919457
3821,0.21999999999991,0.9947132598528264,9.0,0.9962398837529549
3822,0.2299999999999098,0.9945306127793494,9.0,1.0007225904052965
3823,0.2399999999999096,0.994345154796571,9.0,1.0052222239858102
3824,0.2499999999999094,0.9941570379095814,9.0,1.0094123101678198
3825,0.2599999999999092,0.9939664167537612,9.0,1.0131641886374285
3826,0.269999999999909,0.9937734477293876,9.0,1.0165164176292079
3827,0.2799999999999087,0.9935782881753238,9.0,1.019687262854488
3828,0.2899999999999085,0.9933810955908396,9.0,1.0231449300639786
3829,0.2999999999999083,0.993182026913249,9.0,1.0277653938254783
3830,0.3099999999999081,0.992981237857645,9.0,1.035133714503855
3831,0.3199999999999079,0.992778882323614,9.0,1.0480775092308723
3832,0.3299999999999077,0.9925751118724352,9.0,1.071520216466968
3833,0.3399999999999075,0.9923700752769636,9.0,1.1135047564793912
3834,0.3499999999999073,0.9921639181451746,9.0,1.1849825036103279
3835,0.359999999999907,0.991956782617238,9.0,1.2925117282618601
3836,0.3699999999999068,0.9917488071349944,9.0,1.4087933670479893
3837,0.3799999999999066,0.9915401262818532,9.0,1.4094045225944092
3838,0.3899999999999064,0.9913308706903916,9.0,1.1748891550756932
3839,0.3999999999999062,0.9911211670143472,9.0,1.0358862990336675
3840,0.409999999999906,0.9909111379612126,9.0,0.3953364608157542
3841,0.4199999999999058,0.9907009023812968,9.0,0.5178369679804151
3842,0.4299999999999055,0.9904905754088688,9.0,0.807122593832479
3843,0.4399999999999053,0.990280268650845,9.0,0.9581894352899085
3844,0.4499999999999051,0.9900700904184344,9.0,1.0422236863095349
3845,0.4599999999999049,0.989860145997151,9.0,1.0880627821962896
3846,0.4699999999999047,0.9896505379506866,9.0,1.1069448357265856
3847,0.4799999999999045,0.9894413664542476,9.0,1.1075642885730113
3848,0.4899999999999043,0.9892327296531264,9.0,1.09752938045972
3849,0.4999999999999041,0.9890247240424572,9.0,1.0828880420771683
3850,0.5099999999999039,0.9888174448643094,9.0,1.0678994078632427
3851,0.5199999999999037,0.9886109865184848,9.0,1.0551854045958848
3852,0.5299999999999034,0.9884054429836006,9.0,1.0460781484268171
3853,0.5399999999999032,0.9882009082452454,9.0,1.0410024856493398
3854,0.549999999999903,0.9879974767281962,9.0,1.039807789621895
3855,0.5599999999999028,0.9877952437298748,9.0,1.0420203417807228
3856,0.5699999999999026,0.9875943058523866,9.0,1.0470186196959541
3857,0.5799999999999024,0.9873947614306312,9.0,1.0541460358846244
3858,0.5899999999999022,0.9871967109541108,9.0,1.0627777547420494
3859,0.599999999999902,0.9870002574801536,9.0,1.072356018980711
3860,0.6099999999999017,0.9868055070363588,9.0,1.0824050590285343
3861,0.6199999999999015,0.9866125690101168,9.0,1.092533494659444
3862,0.6299999999999013,0.9864215565230984,9.0,1.102429605306919
3863,0.6399999999999011,0.9862325867886036,9.0,1.111852978185883
3864,0.6499999999999009,0.9860457814496528,9.0,1.120624733806053
3865,0.6599999999999007,0.9858612668956556,9.0,1.1286176420844778
3866,0.6699999999999005,0.985679174555442,9.0,1.1357468599000762
3867,0.6799999999999002,0.985499641164352,9.0,1.1419616495326517
3868,0.6899999999999,0.9853228090029884,9.0,1.1472382087209334
3869,0.6999999999998998,0.9851488261051164,9.0,1.1515736087452895
3870,0.7099999999998996,0.9849778464320692,9.0,1.1549807636275855
3871,0.7199999999998994,0.9848100300108712,9.0,1.157484318638903
3872,0.7299999999998992,0.9846455430331444,9.0,1.1591173347679937
3873,0.739999999999899,0.9844845579116916,9.0,1.1599186477954146
3874,0.7499999999998987,0.984327253291497,9.0,1.159930789846895
3875,0.7599999999998985,0.9841738140117052,9.0,1.1591983738443645
3876,0.7699999999998983,0.9840244310149792,9.0,1.1577668547764286
3877,0.7799999999998981,0.9838793012004702,9.0,1.1556815948273917
3878,0.7899999999998979,0.9837386272164844,9.0,1.1529871714324387
3879,0.7999999999998977,0.9836026171887844,9.0,1.1497268779598977
3880,0.8099999999998975,0.9834714843803491,9.0,1.145942375887206
3881,0.8199999999998973,0.9833454467783066,9.0,1.1416734650962712
3882,0.829999999999897,0.9832247266037004,9.0,1.136957945392605
3883,0.8399999999998968,0.9831095497397028,9.0,1.131831547705843
3884,0.8499999999998966,0.9830001450739126,9.0,1.126327917815735
3885,0.8599999999998964,0.9828967437504286,9.0,1.120478639017401
3886,0.8699999999998962,0.9827995783275196,9.0,1.1143132830285145
3887,0.879999999999896,0.9827088818368994,9.0,1.1078594807674431
3888,0.8899999999998958,0.9826248867408848,9.0,1.1011430064965402
3889,0.8999999999998956,0.982547823784075,9.0,1.094187870314539
3890,0.9099999999998952,0.9824779207366476,9.0,1.0870164151668746
3891,0.9199999999998952,0.9824154010269236,9.0,1.0796494154818912
3892,0.9299999999998948,0.9823604822615528,9.0,1.0721061752819125
3893,0.9399999999998948,0.9823133746324668,9.0,1.064404624200493
3894,0.9499999999998944,0.9822742792107158,9.0,1.0565614102923877
3895,0.9599999999998944,0.9822433861283874,9.0,1.0485919888766233
3896,0.969999999999894,0.982220872651074,9.0,1.0405107069261064
3897,0.9799999999998938,0.9822069011447456,9.0,1.0323308827263935
3898,0.9899999999998936,0.982201616942469,9.0,1.024064880684472
3899,0.9999999999998934,0.9822051461181224,9.0,1.0157241812867663
3900,1.0099999999998932,0.9822175931761318,9.0,1.0073194462924864
3901,1.019999999999893,0.9822390386682603,9.0,0.9988605793105888
3902,1.0299999999998928,0.9822695367505914,9.0,0.9903567819517302
3903,1.0399999999998926,0.9823091126960612,9.0,0.9818166057747351
3904,1.0499999999998924,0.9823577603801424,9.0,0.973248000263956
3905,1.059999999999892,0.9824154397595364,9.0,0.9646583570818882
3906,1.069999999999892,0.9824820743659296,9.0,0.9560545508431083
3907,1.0799999999998915,0.982557548838946,9.0,0.9474429766522218
3908,1.0899999999998915,0.9826417065242936,9.0,0.9388295846418746
3909,1.0999999999998913,0.9827343471646816,9.0,0.9302199117375349
3910,1.109999999999891,0.9828352247122558,9.0,0.9216191108650664
3911,1.1199999999998909,0.9829440452919892,9.0,0.9130319778051065
3912,1.1299999999998906,0.9830604653455078,9.0,0.9044629758858845
3913,1.1399999999998904,0.9831840899841732,9.0,0.8959162586936255
3914,1.1499999999998902,0.9833144715787112,9.0,0.8873956909670725
3915,1.15999999999989,0.9834511086102216,9.0,0.8789048678304537
3916,1.1699999999998898,0.983593444803889,9.0,0.8704471325075857
3917,1.1799999999998896,0.9837408685620906,9.0,0.8620255926484061
3918,1.1899999999998894,0.9838927127078352,9.0,0.8536431353886257
3919,1.1999999999998892,0.98404825454251,9.0,0.8453024412532059
3920,1.209999999999889,0.984206716213851,9.0,0.8370059970049109
3921,1.2199999999998887,0.9843672653809068,9.0,0.8287561075305031
3922,1.2299999999998883,0.9845290161526896,9.0,0.8205549068489572
3923,1.2399999999998883,0.9846910302663756,9.0,0.8124043683186388
3924,1.249999999999888,0.984852318459534,9.0,0.8043063141134402
3925,1.259999999999888,0.9850118419792148,9.0,0.7962624240315205
3926,1.2699999999998877,0.9851685141591342,9.0,0.7882742436944281
3927,1.2799999999998877,0.9853212019849708,9.0,0.7803431921891102
3928,1.2899999999998872,0.985468727557341,9.0,0.7724705692003859
3929,1.299999999999887,0.9856098693526998,9.0,0.7646575616770332
3930,1.3099999999998868,0.9857433631745848,9.0,0.7569052500705932
3931,1.3199999999998866,0.9858679026816568,9.0,0.7492146141822877
3932,1.3299999999998864,0.9859821393751446,9.0,0.7415865386501953
3933,1.3399999999998862,0.9860846819268628,9.0,0.7340218181056328
3934,1.349999999999886,0.9861740947300496,9.0,0.7265211620251514
3935,1.3599999999998855,0.9862488955589538,9.0,0.7190851993018779
3936,1.3699999999998855,0.9863075522293248,9.0,0.711714482557833
3937,1.379999999999885,0.9863484781605032,9.0,0.70440949221674
3938,1.389999999999885,0.9863700267503872,9.0,0.697170640355026
3939,1.399999999999885,0.986370484486638,9.0,0.689998274347116
3940,1.409999999999885,0.9863480627304428,9.0,0.6828926803195465
3941,1.4199999999998845,0.986300888122201,9.0,0.6758540864271227
3942,1.4299999999998845,0.9862269915706596,9.0,0.668882665963188
3943,1.439999999999884,0.9861242957972108,9.0,0.6619785403148537
3944,1.4499999999998838,0.98599060141408,9.0,0.6551417817732296
3945,1.4599999999998836,0.985823571517652,9.0,0.6483724162076526
3946,1.4699999999998834,0.9856207147749012,9.0,0.6416704256122252
3947,1.4799999999998832,0.985379366970439,9.0,0.6350357505322218
3948,1.489999999999883,0.9850966709629004,9.0,0.6284682923773218
3949,1.4999999999998828,0.9847695549712218,9.0,0.62196791562795
3950,1.5099999999998823,0.9843947090731806,9.0,0.6155344499406347
3951,1.5199999999998823,0.9839685597502144,9.0,0.6091676921577159
3952,1.529999999999882,0.9834872422545416,9.0,0.6028674082263605
3953,1.539999999999882,0.982946570508334,9.0,0.5966333350314585
3954,1.5499999999998817,0.982342004172472,9.0,0.5904651821466742
3955,1.5599999999998817,0.9816686124477024,9.0,0.5843626335075083
3956,1.5699999999998813,0.9809210340982752,9.0,0.5783253490101253
3957,1.579999999999881,0.9800934331229388,9.0,0.5723529660392755
3958,1.5899999999998808,0.9791794494468165,9.0,0.566445100928571
3959,1.5999999999998806,0.9781721439771156,9.0,0.5606013503560142
3960,1.6099999999998804,0.97706393736294,9.0,0.554821292677689
3961,1.6199999999998802,0.9758465418316604,9.0,0.5491044892021514
3962,1.62999999999988,0.9745108855479372,9.0,0.5434504854080658
3963,1.6399999999998798,0.9730470290625474,9.0,0.5378588121074215
3964,1.6499999999998796,0.9714440735920028,9.0,0.5323289865565277
3965,1.6599999999998791,0.9696900611015716,9.0,0.5268605135169518
3966,1.6699999999998791,0.967771866458627,9.0,0.5214528862683288
3967,1.679999999999879,0.9656750822856855,9.0,0.5161055875750298
3968,1.6899999999998787,0.9633838975793062,9.0,0.5108180906084497
3969,1.6999999999998785,0.960880971679856,9.0,0.5055898598266854
3970,1.7099999999998785,0.9581473057867932,9.0,0.5004203518132461
3971,1.719999999999878,0.9551621149244368,9.0,0.4953090160764021
3972,1.729999999999878,0.951902704083782,9.0,0.49025529581070576
3973,1.7399999999998776,0.9483443532046848,9.0,0.4852586286221084
3974,1.7499999999998774,0.9444602167231458,9.0,0.4803184472181475
3975,1.7599999999998772,0.9402212445863664,9.0,0.47543418006449006
3976,1.769999999999877,0.9355961329176704,9.0,0.47060525200919157
3977,1.7799999999998768,0.9305513138615398,9.0,0.4658310848758865
3978,1.7899999999998766,0.925050995500846,9.0,0.46111109802714945
3979,1.7999999999998764,0.91905726403086,9.0,0.45644470889915706
3980,1.809999999999876,0.9125302614816604,9.0,0.4518313335088238
3981,1.819999999999876,0.9054284530484854,9.0,0.44727038693445603
3982,1.829999999999876,0.8977089983262139,9.0,0.44276128377099844
3983,1.8399999999998755,0.8893282402207962,9.0,0.4383034385608714
3984,1.8499999999998755,0.8802423237710091,9.0,0.4338962662013678
3985,1.859999999999875,0.8704079542913001,9.0,0.42953918232960325
3986,1.8699999999998749,0.8597832998897712,9.0,0.42523160368583507
3987,1.8799999999998749,0.8483290373272141,9.0,0.42097294845615796
3988,1.8899999999998744,0.8360095322690165,9.0,0.416762636595301
3989,1.8999999999998745,0.82279413530565,9.0,0.4126000901304441
3990,1.909999999999874,0.8086585639608808,9.0,0.4084847334467789
3991,1.9199999999998736,0.7935863288183947,9.0,0.4044159935556356
3992,1.9299999999998736,0.7775701497226389,9.0,0.4003933003458699
3993,1.9399999999998732,0.7606132968824791,9.0,0.39641608681925516
3994,1.9499999999998727,0.7427307829910893,9.0,0.39248378931055244
3995,1.959999999999873,0.7239503276470584,9.0,0.3885958476929263
3996,1.9699999999998727,0.7043130158237453,9.0,0.3847517055693552
3997,1.9799999999998723,0.683873578992977,9.0,0.3809508104506492
3998,1.9899999999998723,0.6627002413301207,9.0,0.3771926139206724
3999,1.999999999999872,0.640874094021989,9.0,0.37347657178933635
