,x1,y,rep,ymodel
0,-1.9999999999999984,0.0034001868839712,0.0,-0.019560535811824736
1,-1.9799999999999984,0.0034014272920896,0.0,-0.018656529959680437
2,-1.9599999999999984,0.0034026677002079,0.0,-0.017731768800902763
3,-1.9399999999999984,0.0034039081083263,0.0,-0.01678590669887258
4,-1.9199999999999984,0.0034051485164447,0.0,-0.015818596246753865
5,-1.899999999999998,0.003406388924563,0.0,-0.014829488446333638
6,-1.879999999999998,0.0034076293326814,0.0,-0.013818232896673492
7,-1.859999999999998,0.0034088697407998,0.0,-0.012784477992826379
8,-1.839999999999998,0.0034101101489181,0.0,-0.011727871134859777
9,-1.819999999999998,0.0034113505570366,0.0,-0.01064805894742555
10,-1.799999999999998,0.0034125909651549,0.0,-0.009544687510110943
11,-1.779999999999998,0.0034138313732732,0.0,-0.008417402598794803
12,-1.759999999999998,0.0034150717813916,0.0,-0.007265849938227022
13,-1.739999999999998,0.00341631218951,0.0,-0.006089675466036566
14,-1.719999999999998,0.0034175525976284,0.0,-0.004888525608363226
15,-1.699999999999998,0.0034187930057467,0.0,-0.0036620475672979533
16,-1.679999999999998,0.0034200334138651,0.0,-0.0024098896202989356
17,-1.659999999999998,0.0034212738219834,0.0,-0.001131701431733391
18,-1.639999999999998,0.0034225142301018,0.0,0.0001728656233133674
19,-1.619999999999998,0.0034237546382202,0.0,0.0015041581228510403
20,-1.599999999999998,0.0034249950463386,0.0,0.0028625202493194613
21,-1.579999999999998,0.0034262354544569,0.0,0.004248293428375946
22,-1.5599999999999978,0.0034274758625753,0.0,0.005661815955083117
23,-1.5399999999999978,0.0034287162706937,0.0,0.00710342260747529
24,-1.5199999999999978,0.003429956678812,0.0,0.008573444247511726
25,-1.4999999999999978,0.0034311970869304,0.0,0.010072207409447705
26,-1.4799999999999978,0.0034324374950488,0.0,0.011600033875696296
27,-1.4599999999999975,0.0034336779031672,0.0,0.013157240240283679
28,-1.4399999999999975,0.0034349183112855,0.0,0.014744137460033252
29,-1.4199999999999977,0.0033384958729553,0.0,0.016361030393663763
30,-1.3999999999999977,0.0030994305075011,0.0,0.01800821732901629
31,-1.3799999999999977,0.002860365142047,0.0,0.019685989498675872
32,-1.3599999999999977,0.0026212997765928,0.0,0.021394630584298337
33,-1.3399999999999976,0.0023822344111386,0.0,0.0231344162099948
34,-1.3199999999999976,0.0021431690456845,0.0,0.024905613425184273
35,-1.2999999999999976,0.0019041036802304,0.0,0.026708480177374525
36,-1.2799999999999976,0.0016650383147762,0.0,0.028543264775382212
37,-1.2599999999999976,0.0014259729493221,0.0,0.03041020534356283
38,-1.2399999999999975,0.0011869075838679,0.0,0.03230952926768111
39,-1.2199999999999975,0.0009478422184138,0.0,0.03424145263310707
40,-1.1999999999999975,0.0007087768529596,0.0,0.03620617965609212
41,-1.1799999999999975,0.0004697114875055,0.0,0.03820390210893352
42,-1.1599999999999977,0.0002306461220513,0.0,0.040234798739911745
43,-1.1399999999999977,0.0001044282739967,0.0,0.0422990346889413
44,-1.1199999999999974,5.221413699946877e-05,0.0,0.04439676089994626
45,-1.0999999999999974,2.1997458212885635e-15,0.0,0.04652811353104268
46,-1.0799999999999974,0.0004650269657651,0.0,0.04869321336367126
47,-1.0599999999999974,0.0010001512747502,0.0,0.05089216521189634
48,-1.0399999999999974,0.0015352755837353,0.0,0.05312505733315602
49,-1.0199999999999974,0.0045331448373588,0.0,0.05539196084181015
50,-0.9999999999999972,0.0089682420311233,0.0,0.05769292912690552
51,-0.9799999999999972,0.0134033392248879,0.0,0.060027997275640364
52,-0.9599999999999972,0.0165341212180885,0.0,0.06239718150406921
53,-0.9399999999999972,0.0194363819876216,0.0,0.06480047859665793
54,-0.9199999999999972,0.0223386427571548,0.0,0.06723786535635176
55,-0.8999999999999972,0.0270697967916116,0.0,0.06970929806687365
56,-0.8799999999999972,0.0321787761881173,0.0,0.07221471196902547
57,-0.8599999999999972,0.0372877555846229,0.0,0.07475402075280854
58,-0.8399999999999972,0.0423967349811286,0.0,0.07732711606722134
59,-0.8199999999999972,0.0475057143776343,0.0,0.07993386704963176
60,-0.7999999999999972,0.0526146937741399,0.0,0.08257411987665017
61,-0.7799999999999971,0.0577236731706456,0.0,0.08524769733845207
62,-0.7599999999999971,0.0628326525671513,0.0,0.08795439843852115
63,-0.7399999999999971,0.067941631963657,0.0,0.0906939980207846
64,-0.7199999999999971,0.0730506113601626,0.0,0.0934662464261247
65,-0.6999999999999971,0.0781595907566683,0.0,0.09627086918022977
66,-0.679999999999997,0.083268570153174,0.0,0.0991075667147427
67,-0.659999999999997,0.0883775495496797,0.0,0.101976014123631
68,-0.639999999999997,0.0934865289461854,0.0,0.10487586095666764
69,-0.619999999999997,0.098595508342691,0.0,0.1078067310518657
70,-0.599999999999997,0.1037044877391967,0.0,0.11076822240864873
71,-0.579999999999997,0.1086969514722888,0.0,0.11375990710347235
72,-0.559999999999997,0.1136310860956522,0.0,0.11678133124952984
73,-0.5399999999999969,0.1185652207190157,0.0,0.11983201500208195
74,-0.5199999999999969,0.1234993553423792,0.0,0.12291145261084901
75,-0.4999999999999969,0.1284334899657427,0.0,0.12601911252078646
76,-0.4799999999999969,0.1333676245891062,0.0,0.12915443752243821
77,-0.4599999999999968,0.1383017592124697,0.0,0.13231684495292617
78,-0.4399999999999968,0.1432358938358332,0.0,0.13550572694848168
79,-0.4199999999999968,0.1481700284591967,0.0,0.1387204507492696
80,-0.3999999999999968,0.1531041630825601,0.0,0.14196035905708393
81,-0.3799999999999968,0.1565298125291255,0.0,0.1452247704463145
82,-0.3599999999999967,0.1599099469149406,0.0,0.14851297982840073
83,-0.3399999999999967,0.1632900813007556,0.0,0.15182425896978863
84,-0.3199999999999967,0.1666702156865707,0.0,0.15515785706320992
85,-0.2999999999999967,0.1694456940656042,0.0,0.15851300135189222
86,-0.2799999999999967,0.1720627798676181,0.0,0.161888897806094
87,-0.2599999999999967,0.1746798656696318,0.0,0.16528473185115128
88,-0.2399999999999966,0.1772969514716458,0.0,0.16869966914599382
89,-0.2199999999999966,0.1799140372736595,0.0,0.17213285641087717
90,-0.1999999999999966,0.1825311230756732,0.0,0.1755834223028543
91,-0.1799999999999966,0.1851482088776871,0.0,0.1790504783372988
92,-0.1599999999999966,0.1877652946797009,0.0,0.18253311985357323
93,-0.1399999999999965,0.1903823804817147,0.0,0.18603042702272987
94,-0.1199999999999965,0.1929994662837286,0.0,0.18954146589493281
95,-0.0999999999999965,0.1956165520857423,0.0,0.19306528948408974
96,-0.0799999999999965,0.1982336378877562,0.0,0.19660093888700608
97,-0.0599999999999965,0.2008507236897699,0.0,0.2001474444341918
98,-0.0399999999999964,0.2034678094917837,0.0,0.20370382686929445
99,-0.0199999999999964,0.2060848952937976,0.0,0.2072690985539884
100,3.552713678800501e-15,0.2087019810958114,0.0,0.2108422646950026
101,0.0200000000000031,0.2113190668978251,0.0,0.21442232458987293
102,0.0400000000000035,0.2139361526998391,0.0,0.21800827288788294
103,0.060000000000004,0.2165532385018529,0.0,0.22159910086259005
104,0.0800000000000036,0.2191703243038666,0.0,0.22519379769226272
105,0.1000000000000032,0.2217874101058804,0.0,0.22879135174450632
106,0.1200000000000036,0.2244044959078943,0.0,0.23239075186133767
107,0.1400000000000041,0.2270215817099082,0.0,0.23599098864095036
108,0.1600000000000037,0.2296386675119219,0.0,0.2395910557124405
109,0.1800000000000032,0.2322557533139357,0.0,0.2431899509997788
110,0.2000000000000037,0.2348728391159495,0.0,0.2467866779713857
111,0.2200000000000042,0.2374899249179633,0.0,0.2503802468717194
112,0.2400000000000037,0.2401070107199772,0.0,0.25396967593139563
113,0.2600000000000033,0.2427240965219909,0.0,0.2575539925524523
114,0.2800000000000038,0.2453411823240048,0.0,0.2611322344655019
115,0.3000000000000042,0.2479582681260186,0.0,0.2647034508556603
116,0.3200000000000038,0.2505753539280325,0.0,0.26826670345429016
117,0.3400000000000034,0.2531924397300461,0.0,0.27182106759377517
118,0.3600000000000039,0.255934229124617,0.0,0.27536563322271246
119,0.3800000000000043,0.2586924234235962,0.0,0.2788995058791191
120,0.4000000000000039,0.2614506177225754,0.0,0.2824218076194424
121,0.4200000000000035,0.2642088120215543,0.0,0.2859316779013718
122,0.4400000000000039,0.2669670063205336,0.0,0.28942827441868435
123,0.4600000000000044,0.2697252006195128,0.0,0.2929107738865562
124,0.480000000000004,0.2724833949184918,0.0,0.2963783727760205
125,0.5000000000000036,0.275241589217471,0.0,0.29983028799646494
126,0.520000000000004,0.2779997835164502,0.0,0.3032657575252978
127,0.5400000000000045,0.2807579778154294,0.0,0.3066840409841348
128,0.560000000000004,0.2835161721144085,0.0,0.3100844201610909
129,0.5800000000000036,0.2864078229614903,0.0,0.31346619947896687
130,0.6000000000000041,0.2899719146581762,0.0,0.316828706409354
131,0.6200000000000045,0.2935360063548621,0.0,0.3201712918328724
132,0.6400000000000041,0.2971000980515481,0.0,0.3234933303459687
133,0.6600000000000037,0.3006641897482338,0.0,0.32679422051488904
134,0.6800000000000042,0.3042282814449197,0.0,0.3300733850776199
135,0.7000000000000046,0.3077923731416059,0.0,0.3333302710947711
136,0.7200000000000042,0.3113564648382916,0.0,0.33656435005052737
137,0.7400000000000038,0.3149205565349776,0.0,0.33977511790494813
138,0.7600000000000042,0.3184846482316635,0.0,0.342962095099032
139,0.7800000000000047,0.3220487399283495,0.0,0.34612482651408394
140,0.8000000000000043,0.3256128316250353,0.0,0.3492628813870401
141,0.8200000000000038,0.3291769233217211,0.0,0.35237585318350195
142,0.8400000000000043,0.332741015018407,0.0,0.3554633594303136
143,0.8600000000000048,0.3363051067150928,0.0,0.35852504150959713
144,0.8800000000000043,0.3398691984117787,0.0,0.3615605644162182
145,0.9000000000000039,0.3434332901084647,0.0,0.3645696164807021
146,0.9200000000000044,0.3469973818051508,0.0,0.3675519090596596
147,0.9400000000000048,0.3505614735018365,0.0,0.37050717619580514
148,0.9600000000000044,0.3541255651985224,0.0,0.3734351742496692
149,0.980000000000004,0.3576896568952081,0.0,0.37633568150510466
150,1.0000000000000044,0.3612537485918942,0.0,0.37920849775068327
151,1.020000000000005,0.3648178402885803,0.0,0.3820534438390655
152,1.0400000000000045,0.3683819319852659,0.0,0.38487036122640056
153,1.060000000000004,0.3724177879016289,0.0,0.3876591114937826
154,1.0800000000000043,0.3764697297983719,0.0,0.39041957585274745
155,1.100000000000005,0.3805216716951148,0.0,0.39315165463675095
156,1.1200000000000043,0.3845736135918578,0.0,0.39585526678051786
157,1.140000000000004,0.3886255554886007,0.0,0.39853034928909137
158,1.1600000000000046,0.3926774973853438,0.0,0.4011768566983502
159,1.180000000000005,0.3967294392820866,0.0,0.40379476052869695
160,1.2000000000000046,0.4007813811788296,0.0,0.4063840487335518
161,1.2200000000000042,0.4048333230755723,0.0,0.4089447251442106
162,1.2400000000000049,0.4088852649723156,0.0,0.4114768089125519
163,1.2600000000000051,0.4129372068690582,0.0,0.413980333953007
164,1.2800000000000047,0.4173208882198458,0.0,0.41645534838512116
165,1.3000000000000045,0.4225083999952609,0.0,0.41890191397796256
166,1.3200000000000047,0.4276959117706763,0.0,0.42132010559755606
167,1.3400000000000052,0.4328834235460916,0.0,0.42371001065843816
168,1.3600000000000048,0.4380709353215067,0.0,0.4260717285803546
169,1.3800000000000043,0.4432584470969217,0.0,0.42840537025104736
170,1.4000000000000048,0.4484459588723371,0.0,0.4307110574959974
171,1.4200000000000053,0.4530937271236777,0.0,0.43298892255592236
172,1.4400000000000048,0.45719945740089,0.0,0.43523910757274903
173,1.4600000000000044,0.4613051876781023,0.0,0.43746176408472315
174,1.4800000000000049,0.465410917955315,0.0,0.4396570525312341
175,1.500000000000005,0.4695166482325275,0.0,0.4418251417678848
176,1.520000000000005,0.4736223785097399,0.0,0.4439662085922617
177,1.5400000000000045,0.4777281087869522,0.0,0.4460804372808096
178,1.560000000000005,0.4818338390641651,0.0,0.4481680191371471
179,1.5800000000000054,0.4856741915585026,0.0,0.45022915205211944
180,1.600000000000005,0.4897239580539336,0.0,0.4522640400758197
181,1.6200000000000043,0.4940667328790062,0.0,0.4542728930017696
182,1.640000000000005,0.4984095077040787,0.0,0.45625592596340064
183,1.6600000000000057,0.5027522825291516,0.0,0.458213359042937
184,1.680000000000005,0.5070950573542241,0.0,0.46014541689273636
185,1.7000000000000046,0.5114378321792965,0.0,0.4620523283691159
186,1.720000000000005,0.5157806070043696,0.0,0.4639343261786399
187,1.7400000000000055,0.5201233818294423,0.0,0.46579164653683713
188,1.7600000000000051,0.5244661566545146,0.0,0.4676245288392602
189,1.7800000000000047,0.5288089314795873,0.0,0.4694332153447933
190,1.8000000000000052,0.5331517063046597,0.0,0.47121795087107615
191,1.8200000000000056,0.5374944811297324,0.0,0.4729789825018969
192,1.8400000000000047,0.541837255954805,0.0,0.4747165593063837
193,1.8600000000000048,0.5461800307798779,0.0,0.476430932069806
194,1.8800000000000048,0.5505228056049505,0.0,0.47812235303578204
195,1.9000000000000057,0.554865580430023,0.0,0.47979107565967166
196,1.9200000000000053,0.5592083552550956,0.0,0.48143735437292734
197,1.9400000000000048,0.5635511300801681,0.0,0.4830614443581569
198,1.9600000000000053,0.5678939049052406,0.0,0.48466360133464975
199,1.9800000000000055,0.5722366797303136,0.0,0.4862440813541052
200,-1.9999999999999984,0.9728819537572266,1.0,0.9689131798025097
201,-1.9799999999999984,0.971380115987868,1.0,0.9679573952660531
202,-1.9599999999999984,0.9698782782185088,1.0,0.9670223866686756
203,-1.9399999999999984,0.9683764404491496,1.0,0.966109237192789
204,-1.9199999999999984,0.9668746026797904,1.0,0.9652190328133414
205,-1.899999999999998,0.9653727649104312,1.0,0.9643528597273037
206,-1.879999999999998,0.9638709271410724,1.0,0.9635118016223874
207,-1.859999999999998,0.9623690893717136,1.0,0.9626969367860099
208,-1.839999999999998,0.960867251602354,1.0,0.9619093350566104
209,-1.819999999999998,0.9593654138329952,1.0,0.9611500546205886
210,-1.799999999999998,0.957863576063636,1.0,0.9604201386594173
211,-1.779999999999998,0.9563617382942776,1.0,0.9597206118528314
212,-1.759999999999998,0.9548599005249174,1.0,0.9590524767454566
213,-1.739999999999998,0.9533580627555588,1.0,0.9584167099857646
214,-1.719999999999998,0.9518562249862,1.0,0.9578142584478627
215,-1.699999999999998,0.9503543872168412,1.0,0.9572460352482989
216,-1.679999999999998,0.948852549447482,1.0,0.9567129156718062
217,-1.659999999999998,0.9473507116781228,1.0,0.9562157330217035
218,-1.639999999999998,0.9458488739087636,1.0,0.9557552744124768
219,-1.619999999999998,0.9446913793128142,1.0,0.9553322765239106
220,-1.599999999999998,0.9428693946020488,1.0,0.9549474213379657
221,-1.579999999999998,0.9408281309775072,1.0,0.9546013318814076
222,-1.5599999999999978,0.938786867352965,1.0,0.9542945679989366
223,-1.5399999999999978,0.9367456037284232,1.0,0.9540276221832642
224,-1.5199999999999978,0.9347043401038811,1.0,0.9538009154901417
225,-1.4999999999999978,0.9326630764793395,1.0,0.9536147935677911
226,-1.4799999999999978,0.9306218128547976,1.0,0.9534695228314577
227,-1.4599999999999975,0.928580549230256,1.0,0.9533652868148744
228,-1.4399999999999975,0.9265392856057144,1.0,0.9533021827312588
229,-1.4199999999999977,0.9244980219811716,1.0,0.9532802182770275
230,-1.3999999999999977,0.9224567583566304,1.0,0.953299308711679
231,-1.3799999999999977,0.9204154947320888,1.0,0.9533592742472038
232,-1.3599999999999977,0.9183742311075466,1.0,0.9534598377799529
233,-1.3399999999999976,0.9163329674830044,1.0,0.9536006229970393
234,-1.3199999999999976,0.9142917038584624,1.0,0.9537811528881049
235,-1.2999999999999976,0.912250440233921,1.0,0.9540008486915649
236,-1.2799999999999976,0.910209176609379,1.0,0.954259029302317
237,-1.2599999999999976,0.9081679129848372,1.0,0.954554911165274
238,-1.2399999999999975,0.9061266493602952,1.0,0.9548876086760282
239,-1.2199999999999975,0.9040853857357533,1.0,0.9552561351064366
240,-1.1999999999999975,0.905120952646787,1.0,0.955659404068982
241,-1.1799999999999975,0.9137146763187576,1.0,0.9560962315294202
242,-1.1599999999999977,0.9223083999907288,1.0,0.9565653383725282
243,-1.1399999999999977,0.9309021236626998,1.0,0.9570653535207501
244,-1.1199999999999974,0.9394958473346708,1.0,0.9575948176002692
245,-1.0999999999999974,0.9480895710066416,1.0,0.9581521871435759
246,-1.0799999999999974,0.9540941505308708,1.0,0.9587358393120293
247,-1.0599999999999974,0.9572107018466804,1.0,0.9593440771163073
248,-1.0399999999999974,0.9603272531624902,1.0,0.9599751351070929
249,-1.0199999999999974,0.9634438044782996,1.0,0.9606271855029468
250,-0.9999999999999972,0.9665603557941091,1.0,0.9612983447171572
251,-0.9799999999999972,0.9696769071099192,1.0,0.9619866802405467
252,-0.9599999999999972,0.9727934584257288,1.0,0.962690217832801
253,-0.9399999999999972,0.9756070651926442,1.0,0.9634069489710302
254,-0.9199999999999972,0.9753740517274536,1.0,0.9641348385009558
255,-0.8999999999999972,0.9751410382622634,1.0,0.9648718324334972
256,-0.8799999999999972,0.9749080247970728,1.0,0.9656158658276188
257,-0.8599999999999972,0.9746750113318824,1.0,0.9663648706991369
258,-0.8399999999999972,0.9744419978666922,1.0,0.9671167838948311
259,-0.8199999999999972,0.9742089844015016,1.0,0.9678695548716448
260,-0.7999999999999972,0.9739759709363112,1.0,0.9686211533220012
261,-0.7799999999999971,0.9737429574711206,1.0,0.9693695765882863
262,-0.7599999999999971,0.9735099440059304,1.0,0.9701128568123257
263,-0.7399999999999971,0.9736220446676708,1.0,0.9708490677691393
264,-0.7199999999999971,0.9739075741183446,1.0,0.9715763313383594
265,-0.6999999999999971,0.9741931035690184,1.0,0.9722928235713367
266,-0.679999999999997,0.9744786330196924,1.0,0.9729967803170754
267,-0.659999999999997,0.974764162470366,1.0,0.973686502375602
268,-0.639999999999997,0.9750496919210396,1.0,0.9743603601531345
269,-0.619999999999997,0.9753352213717138,1.0,0.9750167977993008
270,-0.599999999999997,0.9756207508223876,1.0,0.9756543368126407
271,-0.579999999999997,0.9759062802730614,1.0,0.9762715791065303
272,-0.559999999999997,0.976191809723735,1.0,0.9768672095334637
273,-0.5399999999999969,0.9790769753083044,1.0,0.977439997871171
274,-0.5199999999999969,0.9820341076803706,1.0,0.9779888002793035
275,-0.4999999999999969,0.9847210982060686,1.0,0.9785125602402823
276,-0.4799999999999969,0.9874080887317664,1.0,0.9790103090023371
277,-0.4599999999999968,0.9900950792574644,1.0,0.9794811655467092
278,-0.4399999999999968,0.9927820697831624,1.0,0.9799243361044243
279,-0.4199999999999968,0.99546906030886,1.0,0.980339113250933
280,-0.3999999999999968,0.9988506669145544,1.0,0.9807248746092613
281,-0.3799999999999968,0.9989142520444524,1.0,0.9810810811941147
282,-0.3599999999999967,0.99897783717435,1.0,0.9814072754306478
283,-0.3399999999999967,0.999041422304248,1.0,0.9817030788823667
284,-0.3199999999999967,0.9991050074341457,1.0,0.9819681897229117
285,-0.2999999999999967,0.9991657561860868,1.0,0.9822023799862887
286,-0.2799999999999967,0.9992144936277934,1.0,0.9824054926295621
287,-0.2599999999999967,0.999187825494916,1.0,0.9825774384410688
288,-0.2399999999999966,0.999161532813298,1.0,0.9827181928259853
289,-0.2199999999999966,0.99913524013168,1.0,0.9828277924995646
290,-0.1999999999999966,0.9991089474500618,1.0,0.9829063321166392
291,-0.1799999999999966,0.9990826547684436,1.0,0.9829539608640824
292,-0.1599999999999966,0.9990563620868256,1.0,0.982970879040924
293,-0.1399999999999965,0.9990300694052072,1.0,0.9829573346486878
294,-0.1199999999999965,0.9990037767235892,1.0,0.9829136200123999
295,-0.0999999999999965,0.9989774840419712,1.0,0.9828400684505407
296,-0.0799999999999965,0.998951191360353,1.0,0.9827370510100993
297,-0.0599999999999965,0.9989248986787348,1.0,0.9826049732807925
298,-0.0399999999999964,0.9988986059971168,1.0,0.9824442723005021
299,-0.0199999999999964,0.9988723133154987,1.0,0.9822554135620652
300,3.552713678800501e-15,0.9988460206338806,1.0,0.982038888129732
301,0.0200000000000031,0.9980421119313784,1.0,0.9817952098719008
302,0.0400000000000035,0.9954128437695662,1.0,0.9815249128151704
303,0.060000000000004,0.9933787310573434,1.0,0.9812285486232959
304,0.0800000000000036,0.9915062618199,1.0,0.9809066842033213
305,0.1000000000000032,0.9896337925824572,1.0,0.9805598994399742
306,0.1200000000000036,0.9877613233450132,1.0,0.980188785058351
307,0.1400000000000041,0.98588885410757,1.0,0.9797939406139958
308,0.1600000000000037,0.984016384870127,1.0,0.9793759726086597
309,0.1800000000000032,0.982143915632684,1.0,0.9789354927293309
310,0.2000000000000037,0.9802714463952404,1.0,0.9784731162075442
311,0.2200000000000042,0.9786359621846225,1.0,0.9779894602954784
312,0.2400000000000037,0.9771056786456094,1.0,0.9774851428549641
313,0.2600000000000033,0.9755753951065976,1.0,0.976960781055198
314,0.2800000000000038,0.9740451115675858,1.0,0.9764169901747363
315,0.3000000000000042,0.9725148280285733,1.0,0.9758543825031573
316,0.3200000000000038,0.9709845444895608,1.0,0.9752735663376885
317,0.3400000000000034,0.969915500324932,1.0,0.974675145070019
318,0.3600000000000039,0.9690104969998729,1.0,0.9740597163585314
319,0.3800000000000043,0.9681054936748132,1.0,0.9734278713811995
320,0.4000000000000039,0.9672004903497536,1.0,0.9727801941644739
321,0.4200000000000035,0.9662954870246944,1.0,0.9721172609835647
322,0.4400000000000039,0.9653904836996356,1.0,0.9714396398296579
323,0.4600000000000044,0.967164825329213,1.0,0.9707478899397205
324,0.480000000000004,0.9671022408916752,1.0,0.9700425613847197
325,0.5000000000000036,0.9642850185654508,1.0,0.9693241947122321
326,0.520000000000004,0.9614677962392258,1.0,0.96859332063959
327,0.5400000000000045,0.9586505739130012,1.0,0.9678504597938965
328,0.560000000000004,0.9558333515867762,1.0,0.9670961224954058
329,0.5800000000000036,0.9530161292605518,1.0,0.9663308085809615
330,0.6000000000000041,0.9501989069343272,1.0,0.9655550072643496
331,0.6200000000000045,0.9473816846081023,1.0,0.9647691970306104
332,0.6400000000000041,0.9445644622818774,1.0,0.9639738455615204
333,0.6600000000000037,0.9417472399556528,1.0,0.9631694096896274
334,0.6800000000000042,0.938930017629428,1.0,0.9623563353783836
335,0.7000000000000046,0.9361127953032028,1.0,0.9615350577260797
336,0.7200000000000042,0.9332955729769786,1.0,0.9607060009914322
337,0.7400000000000038,0.9304783506507538,1.0,0.9598695786388263
338,0.7600000000000042,0.927661128324529,1.0,0.9590261934013469
339,0.7800000000000047,0.924843905998304,1.0,0.9581762373598672
340,0.8000000000000043,0.9220266836720798,1.0,0.9573200920365821
341,0.8200000000000038,0.9192094613458548,1.0,0.9564581285015
342,0.8400000000000043,0.91639223901963,1.0,0.9555907074905048
343,0.8600000000000048,0.9135750166934054,1.0,0.9547181795337133
344,0.8800000000000043,0.9107577943671804,1.0,0.9538408850929464
345,0.9000000000000039,0.9079405720409558,1.0,0.9529591547072226
346,0.9200000000000044,0.9051233497147306,1.0,0.9520733091452692
347,0.9400000000000048,0.9023061273885066,1.0,0.9511836595641274
348,0.9600000000000044,0.8994889050622817,1.0,0.9502905076729959
349,0.980000000000004,0.8878057565662338,1.0,0.9493941459015333
350,1.0000000000000044,0.8735650332863645,1.0,0.9484948575718998
351,1.020000000000005,0.8593243100064938,1.0,0.9475929170738814
352,1.0400000000000045,0.8450835867266245,1.0,0.946688590042485
353,1.060000000000004,0.8308428634467551,1.0,0.945782133537463
354,1.0800000000000043,0.8166021401668857,1.0,0.9448737962242524
355,1.100000000000005,0.8023614168870155,1.0,0.9439638185558721
356,1.1200000000000043,0.7910897163410653,1.0,0.9430524329553566
357,1.140000000000004,0.7826951644366678,1.0,0.9421398639983414
358,1.1600000000000046,0.7743006125322699,1.0,0.9412263285954514
359,1.180000000000005,0.7659060606278724,1.0,0.9403120361741788
360,1.2000000000000046,0.7575115087234747,1.0,0.9393971888599566
361,1.2200000000000042,0.7491169568190774,1.0,0.9384819816561749
362,1.2400000000000049,0.74072240491468,1.0,0.9375666026228997
363,1.2600000000000051,0.7323278530102821,1.0,0.9366512330540815
364,1.2800000000000047,0.7239333011058846,1.0,0.9357360476530706
365,1.3000000000000045,0.7155387492014869,1.0,0.9348212147062572
366,1.3200000000000047,0.7071441972970888,1.0,0.9339068962546914
367,1.3400000000000052,0.6987496453926916,1.0,0.9329932482635441
368,1.3600000000000048,0.690053054329501,1.0,0.9320804207892852
369,1.3800000000000043,0.6795890473999094,1.0,0.9311685581444763
370,1.4000000000000048,0.669125040470317,1.0,0.9302577990600808
371,1.4200000000000053,0.658661033540726,1.0,0.9293482768452115
372,1.4400000000000048,0.6481970266111339,1.0,0.9284401195442407
373,1.4600000000000044,0.6377330196815427,1.0,0.9275334500912172
374,1.4800000000000049,0.6326867806879362,1.0,0.9266283864615347
375,1.500000000000005,0.6277335750252699,1.0,0.9257250418208073
376,1.520000000000005,0.6227803693626043,1.0,0.9248235246709221
377,1.5400000000000045,0.6178271636999385,1.0,0.9239239389932341
378,1.560000000000005,0.6128739580372731,1.0,0.9230263843888883
379,1.5800000000000054,0.6079207523746069,1.0,0.9221309562162482
380,1.600000000000005,0.6029675467119419,1.0,0.9212377457254238
381,1.6200000000000043,0.5980143410492769,1.0,0.9203468401898958
382,1.640000000000005,0.5930611353866106,1.0,0.9194583230352308
383,1.6600000000000057,0.5881079297239445,1.0,0.9185722739649005
384,1.680000000000005,0.5831547240612792,1.0,0.9176887690832027
385,1.7000000000000046,0.5782015183986131,1.0,0.9168078810153072
386,1.720000000000005,0.5732483127359472,1.0,0.9159296790244321
387,1.7400000000000055,0.5682951070732816,1.0,0.9150542291261781
388,1.7600000000000051,0.5633419014106158,1.0,0.9141815942000341
389,1.7800000000000047,0.5583886957479505,1.0,0.9133118340980826
390,1.8000000000000052,0.5534354900852848,1.0,0.9124450057509313
391,1.8200000000000056,0.5484822844226186,1.0,0.9115811632708968
392,1.8400000000000047,0.5435290787599534,1.0,0.9107203580524699
393,1.8600000000000048,0.5385758730972875,1.0,0.9098626388701008
394,1.8800000000000048,0.5336226674346217,1.0,0.9090080519733283
395,1.9000000000000057,0.528669461771956,1.0,0.9081566411792966
396,1.9200000000000053,0.5237162561092895,1.0,0.9073084479626888
397,1.9400000000000048,0.5187630504466247,1.0,0.9064635115431213
398,1.9600000000000053,0.5138026244656551,1.0,0.9056218689700307
399,1.9800000000000055,0.5088169650047454,1.0,0.9047835552050987
400,-1.9999999999999984,0.4474324861395036,2.0,0.4219241590127242
401,-1.9799999999999984,0.4519068110008987,2.0,0.42724578807006997
402,-1.9599999999999984,0.4563811358622937,2.0,0.4326441708144914
403,-1.9399999999999984,0.4608554607236887,2.0,0.43811710724280817
404,-1.9199999999999984,0.465329785585084,2.0,0.44366228666940816
405,-1.899999999999998,0.469804110446479,2.0,0.4492772908977562
406,-1.879999999999998,0.4742784353078738,2.0,0.45495959782254725
407,-1.859999999999998,0.4787527601692692,2.0,0.4607065854572928
408,-1.839999999999998,0.4832270850306639,2.0,0.4665155363790702
409,-1.819999999999998,0.4877014098920592,2.0,0.4723836425790409
410,-1.799999999999998,0.4921757347534543,2.0,0.47830801070420964
411,-1.779999999999998,0.4966500596148492,2.0,0.48428566767277803
412,-1.759999999999998,0.5011243844762441,2.0,0.490313566642395
413,-1.739999999999998,0.5055987093376392,2.0,0.4963885933076303
414,-1.719999999999998,0.5100730341990345,2.0,0.5025075725001755
415,-1.699999999999998,0.5145473590604295,2.0,0.5086672750626192
416,-1.679999999999998,0.5190216839218246,2.0,0.5148644249641783
417,-1.659999999999998,0.5234960087832191,2.0,0.5210957066245769
418,-1.639999999999998,0.5279703336446145,2.0,0.5273577724103122
419,-1.619999999999998,0.5324446585060096,2.0,0.5336472502659243
420,-1.599999999999998,0.5372125697614336,2.0,0.5399607514415844
421,-1.579999999999998,0.5420510634713872,2.0,0.5462948782773556
422,-1.5599999999999978,0.5468895571813417,2.0,0.5526462320038956
423,-1.5399999999999978,0.5517280508912958,2.0,0.5590114205191481
424,-1.5199999999999978,0.5565665446012503,2.0,0.5653870661007496
425,-1.4999999999999978,0.5614050383112049,2.0,0.5717698130143947
426,-1.4799999999999978,0.5662435320211593,2.0,0.5781563349793479
427,-1.4599999999999975,0.5710820257311133,2.0,0.5845433424535442
428,-1.4399999999999975,0.5759205194410677,2.0,0.5909275897023489
429,-1.4199999999999977,0.5807590131510219,2.0,0.5973058816169858
430,-1.3999999999999977,0.5855975068609767,2.0,0.6036750802508739
431,-1.3799999999999977,0.5904599854792393,2.0,0.6100321110446154
432,-1.3599999999999977,0.5956845309659754,2.0,0.6163739687130981
433,-1.3399999999999976,0.6009090764527107,2.0,0.6226977227710944
434,-1.3199999999999976,0.6065037424961737,2.0,0.6290005226768174
435,-1.2999999999999976,0.6132458397706622,2.0,0.6352796025760645
436,-1.2799999999999976,0.6199879370451512,2.0,0.6415322856328549
437,-1.2599999999999976,0.6267300343196394,2.0,0.6477559879357389
438,-1.2399999999999975,0.6334721315941283,2.0,0.6539482219722463
439,-1.2199999999999975,0.6402142288686168,2.0,0.6601065996671835
440,-1.1999999999999975,0.6469563261431053,2.0,0.6662288349836267
441,-1.1799999999999975,0.6536984234175939,2.0,0.6723127460885212
442,-1.1599999999999977,0.6604405206920827,2.0,0.6783562570876769
443,-1.1399999999999977,0.6671826179665713,2.0,0.6843573993376904
444,-1.1199999999999974,0.6739247152410596,2.0,0.6903143123448479
445,-1.0999999999999974,0.6806668125155484,2.0,0.6962252442634014
446,-1.0799999999999974,0.687408909790037,2.0,0.7020885520076952
447,-1.0599999999999974,0.6941510070645255,2.0,0.707902700994488
448,-1.0399999999999974,0.7008931043390142,2.0,0.7136662645334384
449,-1.0199999999999974,0.7083391594270564,2.0,0.7193779228850832
450,-0.9999999999999972,0.7175165941634992,2.0,0.725036462006782
451,-0.9799999999999972,0.7266940288999415,2.0,0.7306407720079673
452,-0.9599999999999972,0.7358714636363839,2.0,0.7361898453367066
453,-0.9399999999999972,0.7450488983728264,2.0,0.7416827747199983
454,-0.9199999999999972,0.7542263331092691,2.0,0.7471187508804411
455,-0.8999999999999972,0.7634037678457114,2.0,0.7524970600519152
456,-0.8799999999999972,0.7725812025821539,2.0,0.7578170813167577
457,-0.8599999999999972,0.7817586373185967,2.0,0.7630782837865517
458,-0.8399999999999972,0.790936072055039,2.0,0.7682802236481605
459,-0.8199999999999972,0.8001135067914814,2.0,0.7734225410960072
460,-0.7999999999999972,0.807969170707576,2.0,0.7785049571708456
461,-0.7799999999999971,0.8108887959357021,2.0,0.7835272705244216
462,-0.7599999999999971,0.813083983592753,2.0,0.7884893541284901
463,-0.7399999999999971,0.8152791712498034,2.0,0.7933911519456449
464,-0.7199999999999971,0.817474358906854,2.0,0.7982326755783873
465,-0.6999999999999971,0.8196695465639044,2.0,0.8030140009117352
466,-0.679999999999997,0.8218647342209554,2.0,0.8077352647636022
467,-0.659999999999997,0.8240599218780056,2.0,0.8123966615560281
468,-0.639999999999997,0.826255109535056,2.0,0.8169984400192205
469,-0.619999999999997,0.8284502971921064,2.0,0.8215408999392788
470,-0.599999999999997,0.8306454848491571,2.0,0.8260243889593522
471,-0.579999999999997,0.8333510988908475,2.0,0.8304492994429491
472,-0.559999999999997,0.8368227444832383,2.0,0.8348160654070644
473,-0.5399999999999969,0.8398246479720701,2.0,0.8391251595318214
474,-0.5199999999999969,0.8438561885735885,2.0,0.8433770902523727
475,-0.4999999999999969,0.8487720015812804,2.0,0.8475723989379145
476,-0.4799999999999969,0.8536878145889724,2.0,0.8517116571618255
477,-0.4599999999999968,0.8586036275966651,2.0,0.8557954640661498
478,-0.4399999999999968,0.863519440604357,2.0,0.8598244438229083
479,-0.4199999999999968,0.8679243084410204,2.0,0.8637992431940422
480,-0.3999999999999968,0.8713305967667153,2.0,0.8677205291911598
481,-0.3799999999999968,0.8747368850924105,2.0,0.8715889868356899
482,-0.3599999999999967,0.8781431734181058,2.0,0.8754053170195164
483,-0.3399999999999967,0.8815494617438009,2.0,0.8791702344656991
484,-0.3199999999999967,0.8849557500694956,2.0,0.8828844657884678
485,-0.2999999999999967,0.8883620383951909,2.0,0.8865487476512877
486,-0.2799999999999967,0.891768326720886,2.0,0.8901638250214803
487,-0.2599999999999967,0.8951746150465809,2.0,0.8937304495195737
488,-0.2399999999999966,0.8985809033722759,2.0,0.8972493778613249
489,-0.2199999999999966,0.9019871916979711,2.0,0.9007213703901336
490,-0.1999999999999966,0.9037261508095888,2.0,0.9041471896973816
491,-0.1799999999999966,0.9040438257783268,2.0,0.9075275993281062
492,-0.1599999999999966,0.9043615007470652,2.0,0.9108633625692693
493,-0.1399999999999965,0.9046791757158036,2.0,0.91415524131782
494,-0.1199999999999965,0.9049968506845418,2.0,0.9174039950256645
495,-0.0999999999999965,0.90531452565328,2.0,0.9206103797186151
496,-0.0799999999999965,0.9056322006220184,2.0,0.9237751470863729
497,-0.0599999999999965,0.905449691371168,2.0,0.9268990436405857
498,-0.0399999999999964,0.904591939995844,2.0,0.9299828099380298
499,-0.0199999999999964,0.90373418862052,2.0,0.9330271798659933
500,3.552713678800501e-15,0.902876437245196,2.0,0.9360328799869684
501,0.0200000000000031,0.903528025166152,2.0,0.9390006289398103
502,0.0400000000000035,0.9078554570124376,2.0,0.94193113689457
503,0.060000000000004,0.9121828888587228,2.0,0.9448251050582748
504,0.0800000000000036,0.9167008117392188,2.0,0.9476832252289982
505,0.1000000000000032,0.9214572785718416,2.0,0.9505061793956366
506,0.1200000000000036,0.9262137454044652,2.0,0.9532946393808834
507,0.1400000000000041,0.9309702122370884,2.0,0.9560492665249813
508,0.1600000000000037,0.9357266790697116,2.0,0.9587707114079094
509,0.1800000000000032,0.9400560543512176,2.0,0.9614596136077578
510,0.2000000000000037,0.9432333663242248,2.0,0.9641166014931188
511,0.2200000000000042,0.9464106782972316,2.0,0.9667422920474174
512,0.2400000000000037,0.9495879902702384,2.0,0.9693372907231903
513,0.2600000000000033,0.9527653022432456,2.0,0.9719021913244144
514,0.2800000000000038,0.9559426142162524,2.0,0.9744375759150559
515,0.3000000000000042,0.9557557808220424,2.0,0.9769440147521185
516,0.3200000000000038,0.9551136843883884,2.0,0.97942206624153
517,0.3400000000000034,0.9544715879547344,2.0,0.9818722769153048
518,0.3600000000000039,0.9512242299075024,2.0,0.9842951814284873
519,0.3800000000000043,0.9476027624019192,2.0,0.9866913025744659
520,0.4000000000000039,0.9589963682541282,2.0,0.9890611513173133
521,0.4200000000000035,0.970124619174874,2.0,0.991405226839891
522,0.4400000000000039,0.980975723837586,2.0,0.9937240166065167
523,0.4600000000000044,0.9918268285002974,2.0,0.9960179964390612
524,0.480000000000004,0.995199313037858,2.0,0.9982876306054138
525,0.5000000000000036,0.9964113122355592,2.0,1.0005333719193026
526,0.520000000000004,0.9971241576975388,2.0,1.0027556618505264
527,0.5400000000000045,0.9973302308416612,2.0,1.0049549306447068
528,0.560000000000004,0.9975363039857832,2.0,1.007131597451724
529,0.5800000000000036,0.9977423771299057,2.0,1.0092860704620465
530,0.6000000000000041,0.995259259860486,2.0,1.0114187470502203
531,0.6200000000000045,0.9923556332737824,2.0,1.0135300139248218
532,0.6400000000000041,0.989452006687079,2.0,1.0156202472842308
533,0.6600000000000037,0.9865483801003754,2.0,1.0176898129776142
534,0.6800000000000042,0.9840323555449068,2.0,1.0197390666705506
535,0.7000000000000046,0.9851733491511008,2.0,1.0217683540147702
536,0.7200000000000042,0.9863143427572948,2.0,1.0237780108215089
537,0.7400000000000038,0.9874553363634888,2.0,1.0257683632380192
538,0.7600000000000042,0.9885963299696828,2.0,1.027739727926799
539,0.7800000000000047,0.9897373235758772,2.0,1.0296924122471438
540,0.8000000000000043,0.9908783171820712,2.0,1.0316267144386393
541,0.8200000000000038,0.9918292315935936,2.0,1.0335429238062517
542,0.8400000000000043,0.99249717691633,2.0,1.035441320906682
543,0.8600000000000048,0.9931651222390668,2.0,1.0373221777356914
544,0.8800000000000043,0.9938330675618032,2.0,1.0391857579161066
545,0.9000000000000039,0.9945010128845396,2.0,1.0410323168862485
546,0.9200000000000044,0.9951689582072766,2.0,1.04286210208854
547,0.9400000000000048,0.995836903530013,2.0,1.0446753531580635
548,0.9600000000000044,0.9965048488527494,2.0,1.046472302110863
549,0.980000000000004,0.9971727941754858,2.0,1.0482531735317917
550,1.0000000000000044,0.9978407394982224,2.0,1.0500181847617214
551,1.020000000000005,0.9985086848209588,2.0,1.0517675460839553
552,1.0400000000000045,0.9991766301436954,2.0,1.0535014609096736
553,1.060000000000004,0.9998445754664318,2.0,1.0552201259622809
554,1.0800000000000043,1.0005125207891683,2.0,1.0569237314605098
555,1.100000000000005,0.999999999999992,2.0,1.0586124613001617
556,1.1200000000000043,0.993455456228141,2.0,1.0602864932343672
557,1.140000000000004,0.9869109124562898,2.0,1.0619459990522566
558,1.1600000000000046,0.9803663686844384,2.0,1.0635911447559425
559,1.180000000000005,0.9738218249125874,2.0,1.0652220907357226
560,1.2000000000000046,0.9672772811407364,2.0,1.0668389919434098
561,1.2200000000000042,0.9607327373688852,2.0,1.0684419980637208
562,1.2400000000000049,0.9545219586455244,2.0,1.0700312536836336
563,1.2600000000000051,0.9484263206869566,2.0,1.0716068984596612
564,1.2800000000000047,0.9423306827283896,2.0,1.073169067282961
565,1.3000000000000045,0.936235044769822,2.0,1.074717890442234
566,1.3200000000000047,0.9301394068112544,2.0,1.0762534937843486
567,1.3400000000000052,0.9240437688526868,2.0,1.0777759988726385
568,1.3600000000000048,0.9179481308941198,2.0,1.0792855231428335
569,1.3800000000000043,0.911852492935552,2.0,1.0807821800565682
570,1.4000000000000048,0.9057568549769848,2.0,1.082266079252437
571,1.4200000000000053,0.8996612170184171,2.0,1.0837373266945505
572,1.4400000000000048,0.8935655790598498,2.0,1.0851960248185573
573,1.4600000000000044,0.8874699411012824,2.0,1.0866422726751057
574,1.4800000000000049,0.8813743031427148,2.0,1.088076166070705
575,1.500000000000005,0.8752786651841473,2.0,1.0894977977059666
576,1.520000000000005,0.8691830272255802,2.0,1.0909072573111929
577,1.5400000000000045,0.8630873892670127,2.0,1.0923046317792973
578,1.560000000000005,0.8569917513084452,2.0,1.0936900052960254
579,1.5800000000000054,0.8508961133498775,2.0,1.095063459467468
580,1.600000000000005,0.8448004753913102,2.0,1.09642507344484
581,1.6200000000000043,0.8387048374327427,2.0,1.0977749240465138
582,1.640000000000005,0.8326091994741752,2.0,1.0991130858772948
583,1.6600000000000057,0.8265135615156076,2.0,1.1004396314449265
584,1.680000000000005,0.8204179235570401,2.0,1.1017546312738102
585,1.7000000000000046,0.8143222855984729,2.0,1.1030581540159439
586,1.720000000000005,0.8082266476399053,2.0,1.1043502665590572
587,1.7400000000000055,0.8021310096813379,2.0,1.1056310341319564
588,1.7600000000000051,0.7960353717227702,2.0,1.1069005204070599
589,1.7800000000000047,0.7899397337642033,2.0,1.1081587876001355
590,1.8000000000000052,0.7838440958056356,2.0,1.109405896567235
591,1.8200000000000056,0.777748457847068,2.0,1.110641906898828
592,1.8400000000000047,0.7716528198885009,2.0,1.1118668770111415
593,1.8600000000000048,0.765557181929933,2.0,1.1130808642347134
594,1.8800000000000048,0.7594615439713657,2.0,1.1142839249001597
595,1.9000000000000057,0.7533659060127983,2.0,1.1154761144211751
596,1.9200000000000053,0.7472492664991983,2.0,1.1166574873747699
597,1.9400000000000048,0.7409987190465622,2.0,1.1178280975787636
598,1.9600000000000053,0.734748171593926,2.0,1.1189879981665403
599,1.9800000000000055,0.7284976241412897,2.0,1.1201372416590933
600,-1.9999999999999984,0.9999610041871896,3.0,0.967428871450723
601,-1.9799999999999984,0.99996061480315,3.0,0.9675847139369682
602,-1.9599999999999984,0.9999602254191104,3.0,0.9677563440380998
603,-1.9399999999999984,0.9999598360350708,3.0,0.9679439468582693
604,-1.9199999999999984,0.9999594466510314,3.0,0.9681476960930782
605,-1.899999999999998,0.999959057266992,3.0,0.968367753187216
606,-1.879999999999998,0.9999586678829522,3.0,0.9686042664656387
607,-1.859999999999998,0.9999582784989128,3.0,0.9688573702385328
608,-1.839999999999998,0.9999578891148732,3.0,0.9691271838803863
609,-1.819999999999998,0.9999574997308336,3.0,0.9694138108835783
610,-1.799999999999998,0.999957110346794,3.0,0.9697173378870003
611,-1.779999999999998,0.9999567209627546,3.0,0.9700378336803178
612,-1.759999999999998,0.9999563315787148,3.0,0.9703753481845947
613,-1.739999999999998,0.9999559421946752,3.0,0.9707299114101098
614,-1.719999999999998,0.9999555528106356,3.0,0.9711015323923118
615,-1.699999999999998,0.9999551634265964,3.0,0.971490198106985
616,-1.679999999999998,0.9999547740425566,3.0,0.971895872365823
617,-1.659999999999998,0.999954384658517,3.0,0.9723184946937294
618,-1.639999999999998,0.9999539952744776,3.0,0.9727579791893207
619,-1.619999999999998,0.999953605890438,3.0,0.9732142133702141
620,-1.599999999999998,0.9999532165063983,3.0,0.9736870570048584
621,-1.579999999999998,0.9999528271223588,3.0,0.9741763409327792
622,-1.5599999999999978,0.9999524377383192,3.0,0.9746818658752787
623,-1.5399999999999978,0.9999520483542798,3.0,0.9752034012387636
624,-1.5199999999999978,0.99995165897024,3.0,0.9757406839130307
625,-1.4999999999999978,0.9999512695862004,3.0,0.9762934170669817
626,-1.4799999999999978,0.999950880202161,3.0,0.9768612689443907
627,-1.4599999999999975,0.9999504908181216,3.0,0.9774438716624888
628,-1.4399999999999975,0.9999500465383692,3.0,0.9780408200162714
629,-1.4199999999999977,0.9999494744327582,3.0,0.9786516702915751
630,-1.3999999999999977,0.9999489023271472,3.0,0.9792759390900988
631,-1.3799999999999977,0.999948330221536,3.0,0.9799131021696684
632,-1.3599999999999977,0.999947758115925,3.0,0.980562593303166
633,-1.3399999999999976,0.9999471860103138,3.0,0.9812238031596479
634,-1.3199999999999976,0.9999466139047029,3.0,0.9818960782112747
635,-1.2999999999999976,0.999940434200664,3.0,0.9825787196697601
636,-1.2799999999999976,0.9999310606865636,3.0,0.9832709824561219
637,-1.2599999999999976,0.9997078117576004,3.0,0.9839720742075636
638,-1.2399999999999975,0.998312836674942,3.0,0.9846811543253725
639,-1.2199999999999975,0.9969184424415676,3.0,0.9853973330677215
640,-1.1999999999999975,0.995524048208193,3.0,0.9861196706912854
641,-1.1799999999999975,0.9941296539748185,3.0,0.9868471766455523
642,-1.1599999999999977,0.992735259741444,3.0,0.9875788088236782
643,-1.1399999999999977,0.9916572780816032,3.0,0.9883134728736714
644,-1.1199999999999974,0.991245490710645,3.0,0.9890500215736107
645,-1.0999999999999974,0.9908337033396868,3.0,0.9897872542744928
646,-1.0799999999999974,0.9903473306666056,3.0,0.990523916414177
647,-1.0599999999999974,0.9898475807113128,3.0,0.9912586991057352
648,-1.0399999999999974,0.98934783075602,3.0,0.9919902388033341
649,-1.0199999999999974,0.9888480808007272,3.0,0.9927171170485882
650,-0.9999999999999972,0.9883483308454344,3.0,0.9934378603000679
651,-0.9799999999999972,0.9878485808901416,3.0,0.9941509398484251
652,-0.9599999999999972,0.9873488309348488,3.0,0.9948547718193135
653,-0.9399999999999972,0.9869186302799228,3.0,0.9955477172659895
654,-0.9199999999999972,0.986582950370155,3.0,0.996228082353183
655,-0.8999999999999972,0.986383239042876,3.0,0.9968941186334908
656,-0.8799999999999972,0.9862162524867198,3.0,0.997544023417219
657,-0.8599999999999972,0.986049265930564,3.0,0.9981759402362552
658,-0.8399999999999972,0.9858822793744078,3.0,0.9987879594021829
659,-0.8199999999999972,0.9857152928182517,3.0,0.9993781186585211
660,-0.7999999999999972,0.9855483062620954,3.0,0.9999444039265898
661,-0.7799999999999971,0.9853673874726256,3.0,1.000484750144166
662,-0.7599999999999971,0.985140641726848,3.0,1.000997042195748
663,-0.7399999999999971,0.9849138959810704,3.0,1.0014791159329144
664,-0.7199999999999971,0.9846871502352932,3.0,1.0019287592829522
665,-0.6999999999999971,0.9844604044895156,3.0,1.0023437134436297
666,-0.679999999999997,0.9842336587437382,3.0,1.0027216741617364
667,-0.659999999999997,0.9840069129979608,3.0,1.003060293092763
668,-0.639999999999997,0.9837801672521834,3.0,1.0033571792388973
669,-0.619999999999997,0.983553421506406,3.0,1.0036099004623418
670,-0.599999999999997,0.9833266757606284,3.0,1.0038159850708481
671,-0.579999999999997,0.9830999300148512,3.0,1.0039729234722596
672,-0.559999999999997,0.9828731842690736,3.0,1.0040781698948495
673,-0.5399999999999969,0.9826464385232964,3.0,1.0041291441702338
674,-0.5199999999999969,0.9824196927775188,3.0,1.0041232335757215
675,-0.4999999999999969,0.9820262905175492,3.0,1.0040577947330827
676,-0.4799999999999969,0.9813197814463872,3.0,1.0039301555608795
677,-0.4599999999999968,0.9808691318638112,3.0,1.0037376172777428
678,-0.4399999999999968,0.980590159553656,3.0,1.0034774564542526
679,-0.4199999999999968,0.9803111872435012,3.0,1.0031469271113973
680,-0.3999999999999968,0.9800942770460072,3.0,1.0027432628639854
681,-0.3799999999999968,0.9799871913897276,3.0,1.002263679107785
682,-0.3599999999999967,0.9796009105540804,3.0,1.0017053752496423
683,-0.3399999999999967,0.978603598020536,3.0,1.0010655369803338
684,-0.3199999999999967,0.9775358155813834,3.0,1.000341338590431
685,-0.2999999999999967,0.976464803991196,3.0,0.9995299453300279
686,-0.2799999999999967,0.9753619394821278,3.0,0.9986285158137613
687,-0.2599999999999967,0.9742590749730596,3.0,0.9976342044731441
688,-0.2399999999999966,0.9731562104639914,3.0,0.9965441640588459
689,-0.2199999999999966,0.972053345954923,3.0,0.9953555481961461
690,-0.1999999999999966,0.9709805634583762,3.0,0.9940655139973827
691,-0.1799999999999966,0.9699223225374798,3.0,0.9926712247357913
692,-0.1599999999999966,0.9688640816165832,3.0,0.9911698525856855
693,-0.1399999999999965,0.9678058406956864,3.0,0.9895585814344269
694,-0.1199999999999965,0.96674759977479,3.0,0.9878346097721139
695,-0.0999999999999965,0.9656893588538932,3.0,0.9859951536653321
696,-0.0799999999999965,0.9646311179329966,3.0,0.9840374498216429
697,-0.0599999999999965,0.9635728770121,3.0,0.9819587587517918
698,-0.0399999999999964,0.9625146360912036,3.0,0.9797563680367896
699,-0.0199999999999964,0.9614563951703068,3.0,0.9774275957071427
700,3.552713678800501e-15,0.9603981542494102,3.0,0.9749697937415074
701,0.0200000000000031,0.9587095856318956,3.0,0.9723803516919475
702,0.0400000000000035,0.9568462132324872,3.0,0.9696567004427612
703,0.060000000000004,0.9549828408330784,3.0,0.9667963161095018
704,0.0800000000000036,0.95311946843367,3.0,0.9637967240843566
705,0.1000000000000032,0.951256096034262,3.0,0.9606555032334476
706,0.1200000000000036,0.9493927236348532,3.0,0.9573702902508738
707,0.1400000000000041,0.947566607426614,3.0,0.9539387841734366
708,0.1600000000000037,0.9457836471642642,3.0,0.9503587510589535
709,0.1800000000000032,0.9440006869019142,3.0,0.9466280288298858
710,0.2000000000000037,0.9422177266395644,3.0,0.9427445322826745
711,0.2200000000000042,0.940434766377214,3.0,0.9387062582616976
712,0.2400000000000037,0.9386518061148642,3.0,0.9345112909951264
713,0.2600000000000033,0.9368688458525142,3.0,0.9301578075881952
714,0.2800000000000038,0.935085885590164,3.0,0.9256440836674731
715,0.3000000000000042,0.933302925327814,3.0,0.9209684991676943
716,0.3200000000000038,0.9315199650654642,3.0,0.9161295442505176
717,0.3400000000000034,0.9297370048031142,3.0,0.9111258253423408
718,0.3600000000000039,0.927954044540764,3.0,0.9059560712758847
719,0.3800000000000043,0.926171084278414,3.0,0.9006191395178366
720,0.4000000000000039,0.924388124016064,3.0,0.8951140224623169
721,0.4200000000000035,0.9226051637537144,3.0,0.8894398537673756
722,0.4400000000000039,0.920822203491364,3.0,0.8835959147091669
723,0.4600000000000044,0.9151418837417888,3.0,0.8775816405258815
724,0.480000000000004,0.906704609818532,3.0,0.8713966267209968
725,0.5000000000000036,0.8982673358952755,3.0,0.8650406352929657
726,0.520000000000004,0.8898300619720185,3.0,0.8585136008561056
727,0.5400000000000045,0.8813927880487615,3.0,0.8518156366152625
728,0.560000000000004,0.872955514125505,3.0,0.8449470401547733
729,0.5800000000000036,0.8645182402022485,3.0,0.8379082990004503
730,0.6000000000000041,0.8560809662789913,3.0,0.8307000959117378
731,0.6200000000000045,0.8476436923557342,3.0,0.8233233138599199
732,0.6400000000000041,0.8392064184324777,3.0,0.8157790406473056
733,0.6600000000000037,0.830769144509221,3.0,0.8080685731217396
734,0.6800000000000042,0.8223318705859641,3.0,0.800193420940608
735,0.7000000000000046,0.8138945966627071,3.0,0.7921553098387416
736,0.7200000000000042,0.8054573227394505,3.0,0.7839561843553479
737,0.7400000000000038,0.7970200488161938,3.0,0.7755982099762768
738,0.7600000000000042,0.7885827748929368,3.0,0.7670837746496403
739,0.7800000000000047,0.7801455009696798,3.0,0.7584154896350057
740,0.8000000000000043,0.7717082270464234,3.0,0.7495961896491312
741,0.8200000000000038,0.7632709531231666,3.0,0.7406289322744687
742,0.8400000000000043,0.7548336791999097,3.0,0.7315169966004463
743,0.8600000000000048,0.7459670883224176,3.0,0.7222638810718089
744,0.8800000000000043,0.7365080861661625,3.0,0.7128733005230605
745,0.9000000000000039,0.7273170626274554,3.0,0.7033491823832335
746,0.9200000000000044,0.7209806719392163,3.0,0.6936956620408162
747,0.9400000000000048,0.7120386746308721,3.0,0.6839170773645984
748,0.9600000000000044,0.7030966773225283,3.0,0.6740179623824286
749,0.980000000000004,0.6945418701537805,3.0,0.6640030401263329
750,1.0000000000000044,0.688020468916562,3.0,0.6538772146590495
751,1.020000000000005,0.6817147411239531,3.0,0.6436455623037067
752,1.0400000000000045,0.6754090133313446,3.0,0.63331332210505
753,1.060000000000004,0.6691032855387361,3.0,0.6228858855571854
754,1.0800000000000043,0.6627975577461271,3.0,0.6123687856392251
755,1.100000000000005,0.6564918299535183,3.0,0.6017676852063264
756,1.1200000000000043,0.6501861021609099,3.0,0.5910883647894133
757,1.140000000000004,0.6438803743683014,3.0,0.5803367098622028
758,1.1600000000000046,0.6375746465756925,3.0,0.5695186976390176
759,1.180000000000005,0.6312689187830837,3.0,0.5586403834711147
760,1.2000000000000046,0.6245273482120977,3.0,0.5477078869128924
761,1.2200000000000042,0.6177130304541352,3.0,0.5367273775322773
762,1.2400000000000049,0.6108987126961727,3.0,0.5257050605418143
763,1.2600000000000051,0.6040843949382102,3.0,0.5146471623284024
764,1.2800000000000047,0.5972700771802477,3.0,0.5035599159603109
765,1.3000000000000045,0.5904557594222855,3.0,0.4924495467499943
766,1.3200000000000047,0.5836414416643229,3.0,0.4813222579503219
767,1.3400000000000052,0.5768271239063605,3.0,0.47018421666018556
768,1.3600000000000048,0.5700128061483981,3.0,0.45904154001307784
769,1.3800000000000043,0.563198488390436,3.0,0.4479002817191419
770,1.4000000000000048,0.5563841706324733,3.0,0.4367664190275025
771,1.4200000000000053,0.5499316407095152,3.0,0.42564584017137547
772,1.4400000000000048,0.54349662239031,3.0,0.41454433235366533
773,1.4600000000000044,0.5376506719544527,3.0,0.4034675703255059
774,1.4800000000000049,0.531895518050361,3.0,0.3924211056045981
775,1.500000000000005,0.5262418130690083,3.0,0.38141035637430115
776,1.520000000000005,0.5208772339862556,3.0,0.37044059809833885
777,1.5400000000000045,0.5155126549035027,3.0,0.35951695487977536
778,1.560000000000005,0.51014807582075,3.0,0.3486443915866515
779,1.5800000000000054,0.5047834967379967,3.0,0.33782770676044777
780,1.600000000000005,0.499418917655244,3.0,0.3270715263174304
781,1.6200000000000043,0.4940543385724914,3.0,0.3163802980469848
782,1.640000000000005,0.4886897594897383,3.0,0.3057582869053406
783,1.6600000000000057,0.4833251804069854,3.0,0.29520957109766344
784,1.680000000000005,0.4779606013242327,3.0,0.2847380389364026
785,1.7000000000000046,0.4725960222414799,3.0,0.2743473864590668
786,1.720000000000005,0.4672314431587269,3.0,0.26404111578430384
787,1.7400000000000055,0.4618668640759737,3.0,0.2538225341812613
788,1.7600000000000051,0.4565022849932213,3.0,0.2436947538237721
789,1.7800000000000047,0.4511377059104685,3.0,0.23366069219793523
790,1.8000000000000052,0.4457731268277153,3.0,0.22372307312912018
791,1.8200000000000056,0.4404085477449623,3.0,0.2138844283923478
792,1.8400000000000047,0.4350439686622095,3.0,0.20414709986835997
793,1.8600000000000048,0.4296793895794569,3.0,0.19451324220647775
794,1.8800000000000048,0.4243148104967039,3.0,0.18498482595454643
795,1.9000000000000057,0.418950231413951,3.0,0.17556364111582068
796,1.9200000000000053,0.4135843967721049,3.0,0.16625130109260747
797,1.9400000000000048,0.4082122746226467,3.0,0.15704924697670816
798,1.9600000000000053,0.4028401524731888,3.0,0.1479587521472983
799,1.9800000000000055,0.3974680303237309,3.0,0.1389809271376825
800,-1.9999999999999984,0.9227958865656204,4.0,0.8884475026701097
801,-1.9799999999999984,0.9194414154703876,4.0,0.886932287571685
802,-1.9599999999999984,0.916086944375155,4.0,0.8854081726475229
803,-1.9399999999999984,0.9127324732799224,4.0,0.8838752687169064
804,-1.9199999999999984,0.9093780021846892,4.0,0.8823336913488189
805,-1.899999999999998,0.9060235310894568,4.0,0.8807835608625695
806,-1.879999999999998,0.902669059994224,4.0,0.8792250023211388
807,-1.859999999999998,0.8993145888989914,4.0,0.8776581455168636
808,-1.839999999999998,0.8959601178037584,4.0,0.8760831249490783
809,-1.819999999999998,0.8933100211015553,4.0,0.8745000797933019
810,-1.799999999999998,0.8929172178430977,4.0,0.8729091538615836
811,-1.779999999999998,0.89252441458464,4.0,0.8713104955535876
812,-1.759999999999998,0.8921316113261825,4.0,0.8697042577980153
813,-1.739999999999998,0.8917388080677249,4.0,0.8680905979839444
814,-1.719999999999998,0.8913460048092672,4.0,0.8664696778816692
815,-1.699999999999998,0.8909590481983818,4.0,0.8648416635526224
816,-1.679999999999998,0.8905858878839469,4.0,0.8632067252479597
817,-1.659999999999998,0.8902127275695118,4.0,0.8615650372953851
818,-1.639999999999998,0.8898395672550765,4.0,0.8599167779737987
819,-1.619999999999998,0.8882471001628083,4.0,0.8582621293753536
820,-1.599999999999998,0.886098114203309,4.0,0.8566012772545021
821,-1.579999999999998,0.8839491282438097,4.0,0.8549344108636326
822,-1.5599999999999978,0.8818001422843104,4.0,0.8532617227748888
823,-1.5399999999999978,0.8796511563248111,4.0,0.851583408687779
824,-1.5199999999999978,0.8775021703653116,4.0,0.8498996672221925
825,-1.4999999999999978,0.8753531844058123,4.0,0.848210699696449
826,-1.4799999999999978,0.8732041984463129,4.0,0.8465167098900168
827,-1.4599999999999975,0.8710552124868136,4.0,0.8448179037905579
828,-1.4399999999999975,0.868906226527314,4.0,0.8431144893249631
829,-1.4199999999999977,0.8667572405678149,4.0,0.841406676074071
830,-1.3999999999999977,0.8646082546083157,4.0,0.8396946749707664
831,-1.3799999999999977,0.8624592686488162,4.0,0.8379786979811998
832,-1.3599999999999977,0.8603102826893166,4.0,0.8362589577688717
833,-1.3399999999999976,0.8581612967298176,4.0,0.8345356673413583
834,-1.3199999999999976,0.856012310770318,4.0,0.8328090396794928
835,-1.2999999999999976,0.8538633248108187,4.0,0.8310792873488301
836,-1.2799999999999976,0.8517143388513195,4.0,0.8293466220932704
837,-1.2599999999999976,0.84956535289182,4.0,0.8276112544107418
838,-1.2399999999999975,0.8474163669323207,4.0,0.8258733931108841
839,-1.2199999999999975,0.8452673809728214,4.0,0.8241332448547161
840,-1.1999999999999975,0.843118395013322,4.0,0.8223910136763045
841,-1.1799999999999975,0.8409694090538226,4.0,0.8206469004865098
842,-1.1599999999999977,0.8388204230943233,4.0,0.8189011025589106
843,-1.1399999999999977,0.8366714371348238,4.0,0.8171538129980841
844,-1.1199999999999974,0.8345224511753246,4.0,0.8154052201904449
845,-1.0999999999999974,0.8323734652158251,4.0,0.813655507237918
846,-1.0799999999999974,0.8302244792563258,4.0,0.8119048513747703
847,-1.0599999999999974,0.8280754932968265,4.0,0.8101534233679802
848,-1.0399999999999974,0.8259265073373272,4.0,0.8084013869015974
849,-1.0199999999999974,0.8237775213778278,4.0,0.806648897945595
850,-0.9999999999999972,0.8216285354183285,4.0,0.8048961041097918
851,-0.9799999999999972,0.8194795494588292,4.0,0.8031431439834826
852,-0.9599999999999972,0.8173305634993296,4.0,0.8013901464614903
853,-0.9399999999999972,0.8154525256608973,4.0,0.7996372300574213
854,-0.9199999999999972,0.814126026852682,4.0,0.7978845022049781
855,-0.8999999999999972,0.8127995280444669,4.0,0.7961320585482634
856,-0.8799999999999972,0.8107311442968552,4.0,0.7943799822220756
857,-0.8599999999999972,0.8083401060463136,4.0,0.7926283431232878
858,-0.8399999999999972,0.8059490677957721,4.0,0.7908771971744678
859,-0.8199999999999972,0.8035580295452306,4.0,0.789126585580984
860,-0.7999999999999972,0.8012482447185765,4.0,0.7873765340829199
861,-0.7799999999999971,0.7990203617873283,4.0,0.7856270522032018
862,-0.7599999999999971,0.7967924788560801,4.0,0.783878132493423
863,-0.7399999999999971,0.7945645959248321,4.0,0.7821297497789327
864,-0.7199999999999971,0.7923367129935838,4.0,0.7803818604048377
865,-0.6999999999999971,0.790108830062336,4.0,0.7786344014846371
866,-0.679999999999997,0.7878809471310877,4.0,0.7768872901533067
867,-0.659999999999997,0.7856530641998398,4.0,0.7751404228267055
868,-0.639999999999997,0.7834251812685916,4.0,0.7733936744692738
869,-0.619999999999997,0.7811972983373435,4.0,0.7716468978720502
870,-0.599999999999997,0.7789694154060954,4.0,0.7698999229431159
871,-0.579999999999997,0.7767415324748473,4.0,0.7681525560126395
872,-0.559999999999997,0.7745136495435991,4.0,0.7664045791547596
873,-0.5399999999999969,0.7722857666123512,4.0,0.7646557495286074
874,-0.5199999999999969,0.7700578836811031,4.0,0.7629057987408263
875,-0.4999999999999969,0.7678300007498551,4.0,0.7611544322319979
876,-0.4799999999999969,0.7656021178186069,4.0,0.7594013286894269
877,-0.4599999999999968,0.7633742348873589,4.0,0.7576461394887891
878,-0.4399999999999968,0.7606180913556969,4.0,0.7558884881671696
879,-0.4199999999999968,0.7566433353051685,4.0,0.7541279699300503
880,-0.3999999999999968,0.7526685792546397,4.0,0.7523641511948325
881,-0.3799999999999968,0.7486938232041112,4.0,0.7505965691734794
882,-0.3599999999999967,0.7447190671535827,4.0,0.7488247314968838
883,-0.3399999999999967,0.7407443111030539,4.0,0.7470481158835447
884,-0.3199999999999967,0.7367695550525255,4.0,0.7452661698551362
885,-0.2999999999999967,0.7327947990019968,4.0,0.74347831050152
886,-0.2799999999999967,0.7288200429514682,4.0,0.7416839242977177
887,-0.2599999999999967,0.7248452869009397,4.0,0.7398823669753208
888,-0.2399999999999966,0.720870530850411,4.0,0.7380729634507487
889,-0.2199999999999966,0.7168957747998825,4.0,0.736255007812709
890,-0.1999999999999966,0.712921018749354,4.0,0.7344277633711245
891,-0.1799999999999966,0.7089462626988253,4.0,0.7325904627697037
892,-0.1599999999999966,0.7049715066482967,4.0,0.7307423081642305
893,-0.1399999999999965,0.7009967505977682,4.0,0.7288824714685228
894,-0.1199999999999965,0.6970219945472395,4.0,0.727010094669896
895,-0.0999999999999965,0.693047238496711,4.0,0.7251242902158065
896,-0.0799999999999965,0.6890724824461822,4.0,0.723224141473221
897,-0.0599999999999965,0.6850977263956538,4.0,0.7213087032620675
898,-0.0399999999999964,0.6811229703451254,4.0,0.7193770024639703
899,-0.0199999999999964,0.6771482142945966,4.0,0.717428038707265
900,3.552713678800501e-15,0.6731734582440679,4.0,0.7154607851291038
901,0.0200000000000031,0.6691987021935396,4.0,0.7134741892152442
902,0.0400000000000035,0.665223946143011,4.0,0.7114671737179039
903,0.060000000000004,0.6612491900924822,4.0,0.7094386376518294
904,0.0800000000000036,0.6574867329911454,4.0,0.7073874573685012
905,0.1000000000000032,0.656307873715049,4.0,0.705312487708145
906,0.1200000000000036,0.655129014438952,4.0,0.7032125632289874
907,0.1400000000000041,0.6539501551628553,4.0,0.7010864995129222
908,0.1600000000000037,0.6527712958867586,4.0,0.6989330945465213
909,0.1800000000000032,0.6515924366106622,4.0,0.6967511301760413
910,0.2000000000000037,0.6504135773345654,4.0,0.6945393736348439
911,0.2200000000000042,0.6480312640293308,4.0,0.6922965791413662
912,0.2400000000000037,0.6453928685020196,4.0,0.6900214895655354
913,0.2600000000000033,0.6427544729747086,4.0,0.6877128381612593
914,0.2800000000000038,0.6401160774473973,4.0,0.6853693503623817
915,0.3000000000000042,0.6380688157251696,4.0,0.6829897456392333
916,0.3200000000000038,0.6360390494038654,4.0,0.6805727394126884
917,0.3400000000000034,0.634009283082561,4.0,0.678117045022388
918,0.3600000000000039,0.6319795167612564,4.0,0.6756213757455853
919,0.3800000000000043,0.6301031379679428,4.0,0.6730844468628453
920,0.4000000000000039,0.6285385062584279,4.0,0.6705049777666345
921,0.4200000000000035,0.6269738745489131,4.0,0.6678816941086545
922,0.4400000000000039,0.6254092428393982,4.0,0.6652133299815799
923,0.4600000000000044,0.6238446111298832,4.0,0.6624986301307236
924,0.480000000000004,0.6222799794203685,4.0,0.6597363521909783
925,0.5000000000000036,0.6207153477108538,4.0,0.65692526894427
926,0.520000000000004,0.6191507160013389,4.0,0.6540641705926297
927,0.5400000000000045,0.6175860842918238,4.0,0.6511518670418892
928,0.560000000000004,0.616021452582309,4.0,0.64818719019092
929,0.5800000000000036,0.6144568208727943,4.0,0.6451689962212563
930,0.6000000000000041,0.6128921891632794,4.0,0.6420961678818977
931,0.6200000000000045,0.6113275574537643,4.0,0.6389676167640296
932,0.6400000000000041,0.6080543623554799,4.0,0.6357822855603871
933,0.6600000000000037,0.6076535188350962,4.0,0.632539150303962
934,0.6800000000000042,0.6075621597216524,4.0,0.6292372225807715
935,0.7000000000000046,0.6074708006082086,4.0,0.6258755517114026
936,0.7200000000000042,0.6073794414947647,4.0,0.6224532268960965
937,0.7400000000000038,0.6072880823813209,4.0,0.6189693793181594
938,0.7600000000000042,0.6074169373065939,4.0,0.6154231842005621
939,0.7800000000000047,0.6110468553320393,4.0,0.6118138628106343
940,0.8000000000000043,0.6153595825866135,4.0,0.6081406844078624
941,0.8200000000000038,0.6200281422308835,4.0,0.604402968129864
942,0.8400000000000043,0.6246967018751539,4.0,0.6006000848117344
943,0.8600000000000048,0.6293652615194246,4.0,0.5967314587340559
944,0.8800000000000043,0.634033821163695,4.0,0.592796569294983
945,0.9000000000000039,0.6387023808079653,4.0,0.5887949526019547
946,0.9200000000000044,0.6433709404522359,4.0,0.5847262029787128
947,0.9400000000000048,0.6480395000965062,4.0,0.5805899743834603
948,0.9600000000000044,0.6527080597407763,4.0,0.5763859817341517
949,0.980000000000004,0.6573766193850465,4.0,0.5721140021370678
950,1.0000000000000044,0.6620451790293171,4.0,0.5677738760150138
951,1.020000000000005,0.6652911373010885,4.0,0.5633655081316511
952,1.0400000000000045,0.6664097627170548,4.0,0.5588888685086886
953,1.060000000000004,0.6675283881330208,4.0,0.5543439932328322
954,1.0800000000000043,0.668647013548987,4.0,0.5497309851496458
955,1.100000000000005,0.669765638964953,4.0,0.5450500144416651
956,1.1200000000000043,0.6708842643809192,4.0,0.5403013190883658
957,1.140000000000004,0.6720028897968855,4.0,0.5354852052058092
958,1.1600000000000046,0.6731215152128514,4.0,0.5306020472640787
959,1.180000000000005,0.6736784073663673,4.0,0.5256522881808463
960,1.2000000000000046,0.6684667225972363,4.0,0.5206364392897166
961,1.2200000000000042,0.6632550378281052,4.0,0.5155550801822695
962,1.2400000000000049,0.6580433530589739,4.0,0.5104088584230264
963,1.2600000000000051,0.6528316682898424,4.0,0.5051984891368693
964,1.2800000000000047,0.6476199835207113,4.0,0.4999247544687688
965,1.3000000000000045,0.6424082987515802,4.0,0.4945885029159923
966,1.3200000000000047,0.637196613982449,4.0,0.48919064853331984
967,1.3400000000000052,0.6319849292133174,4.0,0.4837321700121211
968,1.3600000000000048,0.6267732444441866,4.0,0.47821410963451133
969,1.3800000000000043,0.6215615596750553,4.0,0.4726375721041606
970,1.4000000000000048,0.6166763098881626,4.0,0.4670037232556915
971,1.4200000000000053,0.6117959329153451,4.0,0.46131378864496764
972,1.4400000000000048,0.6069155559425281,4.0,0.455569052022949
973,1.4600000000000044,0.6020351789697109,4.0,0.4497708536961443
974,1.4800000000000049,0.5971548019968935,4.0,0.4439205887770838
975,1.500000000000005,0.5922744250240761,4.0,0.43801970532856827
976,1.520000000000005,0.5873767258050163,4.0,0.43206970240583226
977,1.5400000000000045,0.5824228937791609,4.0,0.4260721280010995
978,1.560000000000005,0.5774690617533051,4.0,0.42002857689534523
979,1.5800000000000054,0.5725152297274496,4.0,0.4139406884224235
980,1.600000000000005,0.5675613977015943,4.0,0.4078101441510099
981,1.6200000000000043,0.5626075656757383,4.0,0.401638665490129
982,1.640000000000005,0.557653733649883,4.0,0.3954280112243017
983,1.6600000000000057,0.5526999016240273,4.0,0.3891799749846089
984,1.680000000000005,0.5477460695981717,4.0,0.3828963826622091
985,1.7000000000000046,0.5427922375723165,4.0,0.37657908977104415
986,1.720000000000005,0.5378384055464606,4.0,0.370229978766675
987,1.7400000000000055,0.5328845735206051,4.0,0.36385095632832254
988,1.7600000000000051,0.5279307414947494,4.0,0.3574439506113253
989,1.7800000000000047,0.522976909468894,4.0,0.3510109084773286
990,1.8000000000000052,0.5180230774430383,4.0,0.34455379270957265
991,1.8200000000000056,0.5130692454171828,4.0,0.33807457922068596
992,1.8400000000000047,0.5081154133913273,4.0,0.33157525426038725
993,1.8600000000000048,0.503149418504634,4.0,0.3250578116304665
994,1.8800000000000048,0.4981630000314559,4.0,0.31852424991434763
995,1.9000000000000057,0.4931765815582783,4.0,0.31197656972843113
996,1.9200000000000053,0.4881901630851011,4.0,0.30541677100229186
997,1.9400000000000048,0.4832037446119233,4.0,0.298846850294624
998,1.9600000000000053,0.4782173261387455,4.0,0.29226879815165363
999,1.9800000000000055,0.4732309076655681,4.0,0.2856845965144947
1000,-1.9999999999999984,0.9666005168088998,5.0,1.0383715673362635
1001,-1.9799999999999984,0.9672250828177468,5.0,1.037677889786255
1002,-1.9599999999999984,0.9678496488265936,5.0,1.0369732950837869
1003,-1.9399999999999984,0.9684742148354408,5.0,1.0362576487026087
1004,-1.9199999999999984,0.9690987808442878,5.0,1.0355308178495877
1005,-1.899999999999998,0.969723346853135,5.0,1.0347926717350204
1006,-1.879999999999998,0.970347912861982,5.0,1.0340430818588089
1007,-1.859999999999998,0.9709724788708288,5.0,1.0332819223130967
1008,-1.839999999999998,0.971597044879676,5.0,1.0325090701019692
1009,-1.819999999999998,0.972221610888523,5.0,1.031724405478817
1010,-1.799999999999998,0.97284617689737,5.0,1.0309278123019578
1011,-1.779999999999998,0.9734707429062172,5.0,1.03011917840911
1012,-1.759999999999998,0.974095308915064,5.0,1.029298396011298
1013,-1.739999999999998,0.9747198749239112,5.0,1.02846536210676
1014,-1.719999999999998,0.975344440932758,5.0,1.0276199789154077
1015,-1.699999999999998,0.9759690069416052,5.0,1.0267621543343726
1016,-1.679999999999998,0.976593572950452,5.0,1.0258918024151418
1017,-1.659999999999998,0.9772181389592992,5.0,1.025008843862762
1018,-1.639999999999998,0.9778427049681464,5.0,1.0241132065575518
1019,-1.619999999999998,0.9784672709769932,5.0,1.0232048260997162
1020,-1.599999999999998,0.9789702426249628,5.0,1.0222836463772231
1021,-1.579999999999998,0.9793175670723748,5.0,1.021349620157233
1022,-1.5599999999999978,0.9789389534636588,5.0,1.020402709701317
1023,-1.5399999999999978,0.9781474959237004,5.0,1.0194428874046357
1024,-1.5199999999999978,0.9773560383837416,5.0,1.018470136459165
1025,-1.4999999999999978,0.9765645808437832,5.0,1.0174844515409749
1026,-1.4799999999999978,0.97584107930795,5.0,1.0164858395214724
1027,-1.4599999999999975,0.9752134767045608,5.0,1.0154743202024188
1028,-1.4399999999999975,0.9745858741011724,5.0,1.0144499270744072
1029,-1.4199999999999977,0.9739582714977832,5.0,1.013412708098382
1030,-1.3999999999999977,0.9733306688943943,5.0,1.0123627265096256
1031,-1.3799999999999977,0.9727030662910056,5.0,1.0113000616435106
1032,-1.3599999999999977,0.9720754636876168,5.0,1.0102248097821427
1033,-1.3399999999999976,0.971447861084228,5.0,1.0091370850208672
1034,-1.3199999999999976,0.9708202584808387,5.0,1.0080370201534123
1035,-1.2999999999999976,0.9701926558774502,5.0,1.0069247675742692
1036,-1.2799999999999976,0.9695650532740612,5.0,1.0058005001966805
1037,-1.2599999999999976,0.969354515273398,5.0,1.0046644123844135
1038,-1.2399999999999975,0.9705915664751984,5.0,1.0035167208952385
1039,-1.2199999999999975,0.9718286176769988,5.0,1.0023576658338111
1040,-1.1999999999999975,0.9730656688787992,5.0,1.0011875116113842
1041,-1.1799999999999975,0.9743027200805996,5.0,1.000006547909511
1042,-1.1599999999999977,0.9755397712824,5.0,0.9988150906446245
1043,-1.1399999999999977,0.9767768224842004,5.0,0.9976134829300751
1044,-1.1199999999999974,0.9780138736860008,5.0,0.9964020960319162
1045,-1.0999999999999974,0.9792509248878012,5.0,0.9951813303144024
1046,-1.0799999999999974,0.9804879760896016,5.0,0.9939516161708521
1047,-1.0599999999999974,0.981725027291402,5.0,0.9927134149351904
1048,-1.0399999999999974,0.9819303801101336,5.0,0.9914672197691434
1049,-1.0199999999999974,0.981851497427678,5.0,0.990213556519731
1050,-0.9999999999999972,0.981772614745222,5.0,0.988952984541335
1051,-0.9799999999999972,0.9816937320627666,5.0,0.9876860974762907
1052,-0.9599999999999972,0.9816148493803108,5.0,0.9864135239875873
1053,-0.9399999999999972,0.9818395251926056,5.0,0.9851359284369288
1054,-0.9199999999999972,0.9826640433933818,5.0,0.9838540115010563
1055,-0.8999999999999972,0.9828789013119448,5.0,0.9825685107189122
1056,-0.8799999999999972,0.9825427575529484,5.0,0.981280200961892
1057,-0.8599999999999972,0.982206613793952,5.0,0.9799898948191377
1058,-0.8399999999999972,0.981819076561651,5.0,0.978698442889526
1059,-0.8199999999999972,0.9804852678986944,5.0,0.9774067339717449
1060,-0.7999999999999972,0.979151459235738,5.0,0.9761156951436065
1061,-0.7799999999999971,0.9778176505727812,5.0,0.9748262917215345
1062,-0.7599999999999971,0.9764838419098248,5.0,0.973539527090987
1063,-0.7399999999999971,0.9758392788579668,5.0,0.9722564423984332
1064,-0.7199999999999971,0.9752198707113656,5.0,0.9709781160954136
1065,-0.6999999999999971,0.9749945167877626,5.0,0.9697056633251515
1066,-0.679999999999997,0.975147322942022,5.0,0.9684402351422101
1067,-0.659999999999997,0.9753001290962812,5.0,0.9671830175557299
1068,-0.639999999999997,0.975550285427976,5.0,0.9659352303869315
1069,-0.619999999999997,0.9760753491842208,5.0,0.9646981259317393
1070,-0.599999999999997,0.9766004129404652,5.0,0.9634729874196792
1071,-0.579999999999997,0.97712547669671,5.0,0.9622611272605235
1072,-0.559999999999997,0.9776612894090496,5.0,0.9610638850706152
1073,-0.5399999999999969,0.9789204748440908,5.0,0.9598826254713031
1074,-0.5199999999999969,0.9801937476833664,5.0,0.9587187356525544
1075,-0.4999999999999969,0.981274549326018,5.0,0.9575736226955096
1076,-0.4799999999999969,0.9815812828802284,5.0,0.9564487106485711
1077,-0.4599999999999968,0.9818880164344388,5.0,0.9553454373525427
1078,-0.4399999999999968,0.9821947499886492,5.0,0.9542652510113616
1079,-0.4199999999999968,0.9825014835428596,5.0,0.953209606506124
1080,-0.3999999999999968,0.98280821709707,5.0,0.952179961451358
1081,-0.3799999999999968,0.9831611531809769,5.0,0.9511777719938963
1082,-0.3599999999999967,0.9835698473773072,5.0,0.9502044883561769
1083,-0.3399999999999967,0.9839785415736376,5.0,0.9492615501274428
1084,-0.3199999999999967,0.984387235769968,5.0,0.9483503813080401
1085,-0.2999999999999967,0.9847959299662986,5.0,0.9474723851138593
1086,-0.2799999999999967,0.9852046241626292,5.0,0.9466289385499462
1087,-0.2599999999999967,0.9856133183589596,5.0,0.9458213867643717
1088,-0.2399999999999966,0.98602201255529,5.0,0.9450510371956258
1089,-0.2199999999999966,0.9864307067516204,5.0,0.9443191535290738
1090,-0.1999999999999966,0.986839400947951,5.0,0.9436269494803631
1091,-0.1799999999999966,0.9872480951442814,5.0,0.942975582426081
1092,-0.1599999999999966,0.987656789340612,5.0,0.942366146904454
1093,-0.1399999999999965,0.9880654835369423,5.0,0.9417996680113838
1094,-0.1199999999999965,0.988474177733273,5.0,0.9412770947196496
1095,-0.0999999999999965,0.9888828719296032,5.0,0.940799293151636
1096,-0.0799999999999965,0.9892915661259338,5.0,0.9403670398384392
1097,-0.0599999999999965,0.9897002603222642,5.0,0.9399810150006402
1098,-0.0399999999999964,0.9901089545185948,5.0,0.9396417958883843
1099,-0.0199999999999964,0.9905176487149252,5.0,0.9393498502206123
1100,3.552713678800501e-15,0.9909263429112556,5.0,0.9391055297653583
1101,0.0200000000000031,0.991335037107586,5.0,0.9389090641048663
1102,0.0400000000000035,0.9917437313039168,5.0,0.9387605546308919
1103,0.060000000000004,0.9921524255002472,5.0,0.9386599688168629
1104,0.0800000000000036,0.9925611196965776,5.0,0.9386071348145586
1105,0.1000000000000032,0.992969813892908,5.0,0.9386017364235715
1106,0.1200000000000036,0.9933785080892384,5.0,0.9386433084819823
1107,0.1400000000000041,0.9937872022855688,5.0,0.9387312327264095
1108,0.1600000000000037,0.9941958964818992,5.0,0.9388647341687901
1109,0.1800000000000032,0.99460459067823,5.0,0.9390428780359201
1110,0.2000000000000037,0.9950132848745604,5.0,0.939264567315881
1111,0.2200000000000042,0.9954219790708908,5.0,0.9395285409529783
1112,0.2400000000000037,0.9958306732672212,5.0,0.939833372729715
1113,0.2600000000000033,0.9962393674635516,5.0,0.9401774708705883
1114,0.2800000000000038,0.9965921935858312,5.0,0.9405590783981825
1115,0.3000000000000042,0.9969386105587092,5.0,0.9409762742670706
1116,0.3200000000000038,0.9972850275315877,5.0,0.9414269752955682
1117,0.3400000000000034,0.9976314445044656,5.0,0.9419089389093322
1118,0.3600000000000039,0.997977861477344,5.0,0.9424197667043186
1119,0.3800000000000043,0.9983242784502222,5.0,0.942956908829691
1120,0.4000000000000039,0.9986706954231004,5.0,0.9435176691840688
1121,0.4200000000000035,0.9990171123959788,5.0,0.9440992114110154
1122,0.4400000000000039,0.9992834249244776,5.0,0.944698565672105
1123,0.4600000000000044,0.9994137113018454,5.0,0.9453126361682724
1124,0.480000000000004,0.9995439976792132,5.0,0.9459382093726583
1125,0.5000000000000036,0.9996742840565808,5.0,0.9465719629308498
1126,0.520000000000004,0.9998045704339484,5.0,0.9472104751774839
1127,0.5400000000000045,0.9999348568113162,5.0,0.9478502352116813
1128,0.560000000000004,1.0000651431886838,5.0,0.9484876534678701
1129,0.5800000000000036,1.0001954295660516,5.0,0.9491190727133434
1130,0.6000000000000041,0.9998112356967432,5.0,0.9497407793994559
1131,0.6200000000000045,0.9986415655040464,5.0,0.9503490152897989
1132,0.6400000000000041,0.9974718953113496,5.0,0.9509399892860639
1133,0.6600000000000037,0.9963022251186526,5.0,0.9515098893706715
1134,0.6800000000000042,0.995132554925956,5.0,0.9520548945846183
1135,0.7000000000000046,0.993962884733259,5.0,0.9525711869594042
1136,0.7200000000000042,0.992793214540562,5.0,0.9530549633233365
1137,0.7400000000000038,0.9916235443478654,5.0,0.953502446904918
1138,0.7600000000000042,0.9901503150444636,5.0,0.9539098986593921
1139,0.7800000000000047,0.9884653723297636,5.0,0.9542736282487243
1140,0.8000000000000043,0.9859812541025346,5.0,0.954590004610328
1141,0.8200000000000038,0.9825294915232088,5.0,0.9548554660555133
1142,0.8400000000000043,0.9790064226760524,5.0,0.9550665298449068
1143,0.8600000000000048,0.9754833538288956,5.0,0.955219801194813
1144,0.8800000000000043,0.9723399451639834,5.0,0.9553119816755209
1145,0.9000000000000039,0.9696051166774092,5.0,0.9553398769698285
1146,0.9200000000000044,0.9668702881908348,5.0,0.9553004039673678
1147,0.9400000000000048,0.9641354597042604,5.0,0.9551905971776196
1148,0.9600000000000044,0.9614006312176864,5.0,0.9550076144516384
1149,0.980000000000004,0.958665802731112,5.0,0.954748742009377
1150,1.0000000000000044,0.9559309742445378,5.0,0.9544113987760361
1151,1.020000000000005,0.9531961457579634,5.0,0.9539931400369515
1152,1.0400000000000045,0.9504613172713892,5.0,0.9534916604261161
1153,1.060000000000004,0.9477264887848148,5.0,0.9529047962684749
1154,1.0800000000000043,0.9449916602982408,5.0,0.9522305273005742
1155,1.100000000000005,0.9422568318116664,5.0,0.9514669777979683
1156,1.1200000000000043,0.939309310005669,5.0,0.9506124171409736
1157,1.140000000000004,0.9352836206235294,5.0,0.9496652598529354
1158,1.1600000000000046,0.9312579312413896,5.0,0.9486240651471127
1159,1.180000000000005,0.92723224185925,5.0,0.9474875360196373
1160,1.2000000000000046,0.9232065524771104,5.0,0.9462545179267978
1161,1.2200000000000042,0.9191802075720772,5.0,0.9449239970851617
1162,1.2400000000000049,0.9140541218404415,5.0,0.9434950984328334
1163,1.2600000000000051,0.9089450379388244,5.0,0.9419670832895006
1164,1.2800000000000047,0.9039840793818265,5.0,0.9403393467518826
1165,1.3000000000000045,0.8990231208248282,5.0,0.9386114148598517
1166,1.3200000000000047,0.89406216226783,5.0,0.9367829415668487
1167,1.3400000000000052,0.8891012037108319,5.0,0.9348537055463646
1168,1.3600000000000048,0.8841402451538335,5.0,0.9328236068642175
1169,1.3800000000000043,0.8782031346322037,5.0,0.9306926635441939
1170,1.4000000000000048,0.8719283157342347,5.0,0.9284610080523825
1171,1.4200000000000053,0.8656534968362657,5.0,0.9261288837232284
1172,1.4400000000000048,0.8593786779382967,5.0,0.9236966411480425
1173,1.4600000000000044,0.853103859040328,5.0,0.9211647345444354
1174,1.4800000000000049,0.8468290401423589,5.0,0.9185337181229183
1175,1.500000000000005,0.8405542212443897,5.0,0.9158042424647805
1176,1.520000000000005,0.834279402346421,5.0,0.9129770509233117
1177,1.5400000000000045,0.8280045834484523,5.0,0.9100529760585037
1178,1.560000000000005,0.8217297645504831,5.0,0.9070329361135772
1179,1.5800000000000054,0.8154549456525141,5.0,0.9039179315400065
1180,1.600000000000005,0.8091801267545453,5.0,0.9007090415761998
1181,1.6200000000000043,0.8029053078565764,5.0,0.8974074208836063
1182,1.640000000000005,0.7966304889586073,5.0,0.8940142962428117
1183,1.6600000000000057,0.7903556700606383,5.0,0.8905309633110785
1184,1.680000000000005,0.7840808511626696,5.0,0.8869587834418562
1185,1.7000000000000046,0.7778060322647009,5.0,0.8832991805659836
1186,1.720000000000005,0.7715312133667316,5.0,0.8795536381336266
1187,1.7400000000000055,0.7652563944687625,5.0,0.8757236961154518
1188,1.7600000000000051,0.7589815755707938,5.0,0.8718109480610976
1189,1.7800000000000047,0.752706756672825,5.0,0.8678170382126886
1190,1.8000000000000052,0.746431937774856,5.0,0.8637436586709135
1191,1.8200000000000056,0.7401571188768868,5.0,0.8595925466110474
1192,1.8400000000000047,0.7338822999789182,5.0,0.855365481546257
1193,1.8600000000000048,0.7276074810809495,5.0,0.8510642826355352
1194,1.8800000000000048,0.7213326621829801,5.0,0.8466908060337184
1195,1.9000000000000057,0.7150460453989743,5.0,0.8422469422811438
1196,1.9200000000000053,0.7087261934914558,5.0,0.8377346137307256
1197,1.9400000000000048,0.7024063415839374,5.0,0.8331557720104221
1198,1.9600000000000053,0.6960864896764186,5.0,0.8285123955193456
1199,1.9800000000000055,0.6897666377689,5.0,0.8238064869560207
1200,-1.9999999999999984,3.2751131297530147e-15,6.0,0.004931012871362106
1201,-1.9799999999999984,0.0009475613368781,6.0,0.008359328657056894
1202,-1.9599999999999984,0.001895122673753,6.0,0.011844735291351577
1203,-1.9399999999999984,0.0028426840106278,6.0,0.01538775080683695
1204,-1.9199999999999984,0.0037833944651579,6.0,0.01898886152973478
1205,-1.899999999999998,0.0046367166358383,6.0,0.02264851922328258
1206,-1.879999999999998,0.0054900388065184,6.0,0.026367138109483976
1207,-1.859999999999998,0.0063433609771987,6.0,0.03014509177034158
1208,-1.839999999999998,0.0071966831478789,6.0,0.03398270993046716
1209,-1.819999999999998,0.0080500053185593,6.0,0.03788027512384748
1210,-1.799999999999998,0.0089033274892395,6.0,0.04183801924848661
1211,-1.779999999999998,0.0097566496599197,6.0,0.04585612001367764
1212,-1.759999999999998,0.0106099718305999,6.0,0.04993469728579199
1213,-1.739999999999998,0.0114632940012802,6.0,0.05407380933967591
1214,-1.719999999999998,0.0142948421515737,6.0,0.058273449024043605
1215,-1.699999999999998,0.0239652966473499,6.0,0.06253353985064274
1216,-1.679999999999998,0.0336357511431261,6.0,0.06685393201843538
1217,-1.659999999999998,0.0433062056389022,6.0,0.07123439838558886
1218,-1.639999999999998,0.0529766601346782,6.0,0.07567463040368994
1219,-1.619999999999998,0.0626471146304545,6.0,0.0801742340302967
1220,-1.599999999999998,0.0723175691262305,6.0,0.08473272563768659
1221,-1.579999999999998,0.081931054855206,6.0,0.08934952793747618
1222,-1.5599999999999978,0.0893172089394287,6.0,0.09402396594261199
1223,-1.5399999999999978,0.0967033630236512,6.0,0.0987552629901134
1224,-1.5199999999999978,0.1040895171078739,6.0,0.1035425368498059
1225,-1.4999999999999978,0.1114756711920964,6.0,0.10838479594615132
1226,-1.4799999999999978,0.118861825276319,6.0,0.1132809357220987
1227,-1.4599999999999975,0.1262479793605417,6.0,0.11822973517565828
1228,-1.4399999999999975,0.1336341334447643,6.0,0.12322985360157
1229,-1.4199999999999977,0.1410202875289869,6.0,0.12827982757203293
1230,-1.3999999999999977,0.1484064416132094,6.0,0.1333780681918853
1231,-1.3799999999999977,0.1557925956974321,6.0,0.13852285866489272
1232,-1.3599999999999977,0.1631787497816546,6.0,0.14371235220886552
1233,-1.3399999999999976,0.1705649038658773,6.0,0.14894457035815856
1234,-1.3199999999999976,0.1779510579500999,6.0,0.15421740169264442
1235,-1.2999999999999976,0.1853372120343226,6.0,0.15952860103252936
1236,-1.2799999999999976,0.1927233661185454,6.0,0.1648757891382714
1237,-1.2599999999999976,0.2001095202027678,6.0,0.1702564529544182
1238,-1.2399999999999975,0.2061878228644226,6.0,0.17566794643533112
1239,-1.2199999999999975,0.2110281211388832,6.0,0.18110749198946707
1240,-1.1999999999999975,0.2158684194133436,6.0,0.18657218257717423
1241,-1.1799999999999975,0.2207087176878042,6.0,0.19205898449474068
1242,-1.1599999999999977,0.2253331427549505,6.0,0.197564740874753
1243,-1.1399999999999977,0.2297166195901334,6.0,0.20308617592962352
1244,-1.1199999999999974,0.2341000964253167,6.0,0.20861989996146502
1245,-1.0999999999999974,0.2384835732604996,6.0,0.21416241515728973
1246,-1.0799999999999974,0.2443254851403725,6.0,0.2197101221838364
1247,-1.0599999999999974,0.2518140668221864,6.0,0.2252593275911548
1248,-1.0399999999999974,0.255898025989396,6.0,0.23080625202848187
1249,-1.0199999999999974,0.2592311449420427,6.0,0.23634703926988726
1250,-0.9999999999999972,0.2625642638946894,6.0,0.24187776604074634
1251,-0.9799999999999972,0.2658973828473361,6.0,0.24739445262931564
1252,-0.9599999999999972,0.2692305017999829,6.0,0.2528930742606065
1253,-0.9399999999999972,0.2725636207526294,6.0,0.25836957320241793
1254,-0.9199999999999972,0.2758967397052763,6.0,0.26381987156585474
1255,-0.8999999999999972,0.2792298586579229,6.0,0.2692398847549821
1256,-0.8799999999999972,0.2825629776105697,6.0,0.2746255355124975
1257,-0.8599999999999972,0.2858960965632165,6.0,0.2799727685004966
1258,-0.8399999999999972,0.2892292155158632,6.0,0.2852775653476338
1259,-0.8199999999999972,0.29256233446851,6.0,0.29053596008624405
1260,-0.7999999999999972,0.2958954534211567,6.0,0.295744054895393
1261,-0.7799999999999971,0.2992285723738036,6.0,0.3008980360583513
1262,-0.7599999999999971,0.3025616913264503,6.0,0.30599419003570966
1263,-0.7399999999999971,0.3058948102790971,6.0,0.31102891954826517
1264,-0.7199999999999971,0.3092279292317437,6.0,0.31599875955695816
1265,-0.6999999999999971,0.3125610481843904,6.0,0.32090039302052753
1266,-0.679999999999997,0.315894167137037,6.0,0.3257306663051847
1267,-0.659999999999997,0.319227286089684,6.0,0.33048660411451564
1268,-0.639999999999997,0.3225604050423307,6.0,0.33516542380199593
1269,-0.619999999999997,0.3258935239949773,6.0,0.339764548922981
1270,-0.599999999999997,0.329226642947624,6.0,0.344281621877826
1271,-0.579999999999997,0.3325597619002708,6.0,0.34871451549295396
1272,-0.559999999999997,0.3358928808529174,6.0,0.3530613433822756
1273,-0.5399999999999969,0.3392259998055644,6.0,0.3573204689274589
1274,-0.5199999999999969,0.3425591187582111,6.0,0.36149051271226734
1275,-0.4999999999999969,0.3458922377108579,6.0,0.3655703582436957
1276,-0.4799999999999969,0.3492253566635045,6.0,0.36955915579110443
1277,-0.4599999999999968,0.3525584756161513,6.0,0.37345632417425106
1278,-0.4399999999999968,0.3558915945687981,6.0,0.3772615503323222
1279,-0.4199999999999968,0.3592247135214446,6.0,0.38097478650912875
1280,-0.3999999999999968,0.3625578324740914,6.0,0.38459624489493954
1281,-0.3799999999999968,0.365890951426738,6.0,0.3881263895734544
1282,-0.3599999999999967,0.369224070379385,6.0,0.39156592563364195
1283,-0.3399999999999967,0.3725571893320317,6.0,0.3949157853211581
1284,-0.3199999999999967,0.3758903082846784,6.0,0.3981771111233363
1285,-0.2999999999999967,0.3792234272373253,6.0,0.4013512357059561
1286,-0.2799999999999967,0.382556546189972,6.0,0.4044396586496246
1287,-0.2599999999999967,0.3858896651426188,6.0,0.40744401996926327
1288,-0.2399999999999966,0.3892227840952654,6.0,0.4103660704422511
1289,-0.2199999999999966,0.392555903047912,6.0,0.4132076388196493
1290,-0.1999999999999966,0.3958052262519634,6.0,0.4159705960507129
1291,-0.1799999999999966,0.3985930647187345,6.0,0.4186568167136377
1292,-0.1599999999999966,0.4013809031855055,6.0,0.42126813791481993
1293,-0.1399999999999965,0.4041105634994354,6.0,0.42380631599425705
1294,-0.1199999999999965,0.405926338704255,6.0,0.4262729814550876
1295,-0.0999999999999965,0.4069744984366485,6.0,0.42866959261926746
1296,-0.0799999999999965,0.4075819654048835,6.0,0.43099738859714093
1297,-0.0599999999999965,0.4076818698716319,6.0,0.4332573422439204
1298,-0.0399999999999964,0.4077817743383801,6.0,0.43545011385800403
1299,-0.0199999999999964,0.4078816788051282,6.0,0.4375760064514706
1300,3.552713678800501e-15,0.4079815832718761,6.0,0.439634923488389
1301,0.0200000000000031,0.4080814877386244,6.0,0.4416263300379042
1302,0.0400000000000035,0.4081813922053725,6.0,0.4435492183224246
1303,0.060000000000004,0.4082812966721206,6.0,0.4454020786526724
1304,0.0800000000000036,0.4083812011388683,6.0,0.4471828767271574
1305,0.1000000000000032,0.4084811056056167,6.0,0.4488890382305485
1306,0.1200000000000036,0.4085810100723648,6.0,0.4505174415910007
1307,0.1400000000000041,0.4086809145391131,6.0,0.452064419649192
1308,0.1600000000000037,0.4087808190058611,6.0,0.4535257708514567
1309,0.1800000000000032,0.4088807234726092,6.0,0.45489678040708137
1310,0.2000000000000037,0.4089806279393575,6.0,0.4561722516483832
1311,0.2200000000000042,0.4090805324061053,6.0,0.4573465476060202
1312,0.2400000000000037,0.4091804368728532,6.0,0.4584136425671311
1313,0.2600000000000033,0.4092803413396017,6.0,0.45936718312786023
1314,0.2800000000000038,0.4093802458063496,6.0,0.4602005579933674
1315,0.3000000000000042,0.4094801502730976,6.0,0.460906975527064
1316,0.3200000000000038,0.4095800547398457,6.0,0.4614795478165942
1317,0.3400000000000034,0.4096799592065939,6.0,0.46191137981678104
1318,0.3600000000000039,0.4097798636733422,6.0,0.4621956619585655
1319,0.3800000000000043,0.4098797681400903,6.0,0.4623257644857966
1320,0.4000000000000039,0.4099796726068384,6.0,0.46229533170473774
1321,0.4200000000000035,0.4100795770735865,6.0,0.46209837430842643
1322,0.4400000000000039,0.4101794815403344,6.0,0.4617293579711141
1323,0.4600000000000044,0.4102793860070826,6.0,0.4611832864960613
1324,0.480000000000004,0.410379290473831,6.0,0.46045577793945486
1325,0.5000000000000036,0.4104791949405789,6.0,0.45954313231843485
1326,0.520000000000004,0.4105790994073271,6.0,0.45844238973442036
1327,0.5400000000000045,0.4106790038740752,6.0,0.45715137799486416
1328,0.560000000000004,0.4107789083408232,6.0,0.45566874908706834
1329,0.5800000000000036,0.4108788128075715,6.0,0.45399400413617086
1330,0.6000000000000041,0.4109787172743194,6.0,0.45212750675551905
1331,0.6200000000000045,0.4110786217410675,6.0,0.45007048496171453
1332,0.6400000000000041,0.4111785262078157,6.0,0.44782502207021163
1333,0.6600000000000037,0.4112784306745635,6.0,0.44539403720351123
1334,0.6800000000000042,0.411378335141312,6.0,0.4427812562275227
1335,0.7000000000000046,0.41147823960806,6.0,0.4399911740791488
1336,0.7200000000000042,0.411578144074808,6.0,0.43702900955804735
1337,0.7400000000000038,0.4116780485415562,6.0,0.43390065372789643
1338,0.7600000000000042,0.4117779530083043,6.0,0.4306126131089382
1339,0.7800000000000047,0.4118778574750527,6.0,0.4271719488468677
1340,0.8000000000000043,0.4119777619418006,6.0,0.42358621301700383
1341,0.8200000000000038,0.4120776664085487,6.0,0.4198633831714306
1342,0.8400000000000043,0.4121775708752969,6.0,0.4160117961651295
1343,0.8600000000000048,0.4122774753420449,6.0,0.412040082209764
1344,0.8800000000000043,0.4126511662023063,6.0,0.4079571000053491
1345,0.9000000000000039,0.4153239015468367,6.0,0.40377187369480155
1346,0.9200000000000044,0.4179966368913673,6.0,0.39949353227821943
1347,0.9400000000000048,0.4206693722358977,6.0,0.39513125201594584
1348,0.9600000000000044,0.4233421075804284,6.0,0.39069420224482654
1349,0.980000000000004,0.4260148429249586,6.0,0.38619149493275584
1350,1.0000000000000044,0.428687578269489,6.0,0.3816321382042557
1351,1.020000000000005,0.4313603136140197,6.0,0.37702499398557493
1352,1.0400000000000045,0.4340330489585501,6.0,0.3723787398423476
1353,1.060000000000004,0.4367057843030802,6.0,0.3677018350164844
1354,1.0800000000000043,0.439378519647611,6.0,0.36300249061172
1355,1.100000000000005,0.4420512549921416,6.0,0.358288643828802
1356,1.1200000000000043,0.4447239903366719,6.0,0.35356793611128867
1357,1.140000000000004,0.4473967256812024,6.0,0.34884769503070023
1358,1.1600000000000046,0.4500694610257327,6.0,0.3441349197147365
1359,1.180000000000005,0.4527421963702633,6.0,0.33943626960364315
1360,1.2000000000000046,0.4554149317147936,6.0,0.33475805630695576
1361,1.2200000000000042,0.4580876670593241,6.0,0.33010623832497643
1362,1.2400000000000049,0.4607604024038549,6.0,0.325486418395811
1363,1.2600000000000051,0.4634331377483854,6.0,0.3209038432289417
1364,1.2800000000000047,0.4661058730929157,6.0,0.3163634053895453
1365,1.3000000000000045,0.4687786084374462,6.0,0.31186964710355736
1366,1.3200000000000047,0.4714513437819766,6.0,0.30742676576130995
1367,1.3400000000000052,0.4741240791265071,6.0,0.30303862090702055
1368,1.3600000000000048,0.4767968144710375,6.0,0.2987087425120914
1369,1.3800000000000043,0.4794695498155683,6.0,0.2944403403417681
1370,1.4000000000000048,0.4821422851600982,6.0,0.29023631423686097
1371,1.4200000000000053,0.484815020504629,6.0,0.2860992651447989
1372,1.4400000000000048,0.4874877558491592,6.0,0.2820315067469375
1373,1.4600000000000044,0.4901604911936896,6.0,0.278035077541693
1374,1.4800000000000049,0.4928332265382203,6.0,0.2741117532555213
1375,1.500000000000005,0.4955059618827506,6.0,0.27026305946591106
1376,1.520000000000005,0.498178697227281,6.0,0.2664902843322798
1377,1.5400000000000045,0.5008514325718115,6.0,0.2627944913419296
1378,1.560000000000005,0.5035241679163424,6.0,0.25917653198890955
1379,1.5800000000000054,0.5061969032608727,6.0,0.2556370583137576
1380,1.600000000000005,0.5088696386054031,6.0,0.252176535241585
1381,1.6200000000000043,0.5115423739499337,6.0,0.24879525266483232
1382,1.640000000000005,0.5145262738075198,6.0,0.24549333722524713
1383,1.6600000000000057,0.5180367986341745,6.0,0.24227076375720136
1384,1.680000000000005,0.5215473234608291,6.0,0.23912736636142184
1385,1.7000000000000046,0.5250578482874836,6.0,0.23606284908451908
1386,1.720000000000005,0.5285683731141386,6.0,0.2330767961854429
1387,1.7400000000000055,0.5320788979407932,6.0,0.2301686819751268
1388,1.7600000000000051,0.5355894227674479,6.0,0.22733788022021617
1389,1.7800000000000047,0.5390999475941023,6.0,0.2245836731058251
1390,1.8000000000000052,0.5426104724207573,6.0,0.22190525975591624
1391,1.8200000000000056,0.5461209972474125,6.0,0.21930176431300086
1392,1.8400000000000047,0.5496315220740665,6.0,0.21677224358161373
1393,1.8600000000000048,0.5531420469007212,6.0,0.21431569424233132
1394,1.8800000000000048,0.5566525717273764,6.0,0.21193105964510023
1395,1.9000000000000057,0.5601630965540306,6.0,0.20961723619226902
1396,1.9200000000000053,0.5636736213806858,6.0,0.20737307932309684
1397,1.9400000000000048,0.56718414620734,6.0,0.20519740911258139
1398,1.9600000000000053,0.5706946710339951,6.0,0.20308901549830372
1399,1.9800000000000055,0.5742051958606499,6.0,0.20104666314962333
1400,-1.9999999999999984,0.4759441701438167,7.0,0.48752961217303603
1401,-1.9799999999999984,0.4706989637053739,7.0,0.4836273231493586
1402,-1.9599999999999984,0.465453757266931,7.0,0.47959014538564193
1403,-1.9399999999999984,0.4602085508284881,7.0,0.47541540035039365
1404,-1.9199999999999984,0.4549633443900452,7.0,0.47110053009845887
1405,-1.899999999999998,0.4497181379516026,7.0,0.4666431154061823
1406,-1.879999999999998,0.4444729315131593,7.0,0.4620408948206514
1407,-1.859999999999998,0.4392277250747171,7.0,0.4572917845832586
1408,-1.839999999999998,0.4339825186362744,7.0,0.452393899375377
1409,-1.819999999999998,0.4287373121978313,7.0,0.44734557382052886
1410,-1.799999999999998,0.4234921057593885,7.0,0.4421453846631303
1411,-1.779999999999998,0.418246899320946,7.0,0.43679217352883043
1412,-1.759999999999998,0.4130016928825027,7.0,0.43128507015571
1413,-1.739999999999998,0.4077564864440602,7.0,0.4256235159693498
1414,-1.719999999999998,0.4025112800056175,7.0,0.4198072878581917
1415,-1.699999999999998,0.3971836866286578,7.0,0.41383652198890386
1416,-1.679999999999998,0.3906432101943557,7.0,0.40771173748489553
1417,-1.659999999999998,0.3836192310639838,7.0,0.40143385977496865
1418,-1.639999999999998,0.3765952519336126,7.0,0.39500424340365886
1419,-1.619999999999998,0.3695712728032409,7.0,0.38842469408044505
1420,-1.599999999999998,0.3625472936728695,7.0,0.38169748973205775
1421,-1.579999999999998,0.3555233145424979,7.0,0.3748254003109524
1422,-1.5599999999999978,0.348499335412126,7.0,0.3678117061040386
1423,-1.5399999999999978,0.3414753562817544,7.0,0.36066021427932976
1424,-1.5199999999999978,0.3344513771513828,7.0,0.3533752734046921
1425,-1.4999999999999978,0.3274273980210114,7.0,0.3459617856726844
1426,-1.4799999999999978,0.3204034188906398,7.0,0.33842521656886765
1427,-1.4599999999999975,0.3133794397602681,7.0,0.3307716017282783
1428,-1.4399999999999975,0.3063554606298966,7.0,0.3230075507361272
1429,-1.4199999999999977,0.2993314814995248,7.0,0.3151402476444316
1430,-1.3999999999999977,0.2923075023691531,7.0,0.3071774479962321
1431,-1.3799999999999977,0.2845526157110671,7.0,0.29912747217328584
1432,-1.3599999999999977,0.2753887488095821,7.0,0.29099919491151577
1433,-1.3399999999999976,0.2662248819080978,7.0,0.282802030860844
1434,-1.3199999999999976,0.2570610150066127,7.0,0.2745459161019833
1435,-1.2999999999999976,0.2478971481051284,7.0,0.26624128557188576
1436,-1.2799999999999976,0.2387332812036435,7.0,0.2578990463912977
1437,-1.2599999999999976,0.2295694143021588,7.0,0.24953054713167813
1438,-1.2399999999999975,0.2204055474006741,7.0,0.24114754310382497
1439,-1.2199999999999975,0.2112416804991894,7.0,0.2327621577962591
1440,-1.1999999999999975,0.2020778135977045,7.0,0.22438684063685863
1441,-1.1799999999999975,0.19291394669622,7.0,0.21603432129568373
1442,-1.1599999999999977,0.1837500797947354,7.0,0.20771756078953382
1443,-1.1399999999999977,0.1746592485361755,7.0,0.199449699688789
1444,-1.1199999999999974,0.1673069307805731,7.0,0.1912440037638058
1445,-1.0999999999999974,0.159954613024971,7.0,0.18311380744090686
1446,-1.0799999999999974,0.1526022952693687,7.0,0.17507245546633604
1447,-1.0599999999999974,0.1452499775137666,7.0,0.1671332431999998
1448,-1.0399999999999974,0.1378976597581643,7.0,0.15930935597910506
1449,-1.0199999999999974,0.1305453420025622,7.0,0.15161380800481722
1450,-0.9999999999999972,0.12319302424696,7.0,0.1440593812127153
1451,-0.9799999999999972,0.1158407064913577,7.0,0.13665856459030012
1452,-0.9599999999999972,0.1084883887357556,7.0,0.1294234944022915
1453,-0.9399999999999972,0.1045411180821124,7.0,0.12236589577728321
1454,-0.9199999999999972,0.1012540895256979,7.0,0.11549702609790675
1455,-0.8999999999999972,0.097967060969283,7.0,0.10882762062145379
1456,-0.8799999999999972,0.0946800324128684,7.0,0.102367840739398
1457,-0.8599999999999972,0.0913930038564538,7.0,0.09612722526293
1458,-0.8399999999999972,0.088105975300039,7.0,0.09011464509793421
1459,-0.8199999999999972,0.0848189467436243,7.0,0.08433826164719016
1460,-0.7999999999999972,0.0818242015718405,7.0,0.0788054892503188
1461,-0.7799999999999971,0.078917150796152,7.0,0.07352296194335119
1462,-0.7599999999999971,0.0760101000204634,7.0,0.06849650478995249
1463,-0.7399999999999971,0.0731030492447749,7.0,0.06373111000531113
1464,-0.7199999999999971,0.0701959984690863,7.0,0.05923091806151694
1465,-0.6999999999999971,0.0672889476933978,7.0,0.05499920392976989
1466,-0.679999999999997,0.0643818969177093,7.0,0.05103836857983692
1467,-0.659999999999997,0.0614748461420207,7.0,0.047349935820643334
1468,-0.639999999999997,0.0585677953663323,7.0,0.04393455452753402
1469,-0.619999999999997,0.0556607445906437,7.0,0.040792006261487664
1470,-0.599999999999997,0.0527536938149551,7.0,0.03792121824327531
1471,-0.579999999999997,0.0498466430392667,7.0,0.035320281601336406
1472,-0.559999999999997,0.0443024548795939,7.0,0.03298647476611616
1473,-0.5399999999999969,0.0366001805401806,7.0,0.030916291836121115
1474,-0.5199999999999969,0.029182850737045,7.0,0.029105475692479215
1475,-0.4999999999999969,0.024341141283828,7.0,0.027549055590014214
1476,-0.4799999999999969,0.0209369421731244,7.0,0.02624138890455616
1477,-0.4599999999999968,0.0176005978283551,7.0,0.025176206669378393
1478,-0.4399999999999968,0.0154005230998104,7.0,0.024346662489352057
1479,-0.4199999999999968,0.0132004483712658,7.0,0.023745384380747674
1480,-0.3999999999999968,0.0110003736427212,7.0,0.02336452904876632
1481,-0.3799999999999968,0.0088002989141766,7.0,0.023195838084951667
1482,-0.3599999999999967,0.006600224185632,7.0,0.023230695543638612
1483,-0.3399999999999967,0.0044001494570874,7.0,0.023460186341445883
1484,-0.3199999999999967,0.0022000747285428,7.0,0.023875154917153342
1485,-0.2999999999999967,-1.785572005073802e-15,7.0,0.024466263591637345
1486,-0.2799999999999967,0.0007270771532522,7.0,0.025224050079002813
1487,-0.2599999999999967,0.0027502325104008,7.0,0.02613898362060175
1488,-0.2399999999999966,0.0053582011294196,7.0,0.027201519242864642
1489,-0.2199999999999966,0.0081730627056931,7.0,0.028402149677154848
1490,-0.1999999999999966,0.0109879242819665,7.0,0.0297314545243037
1491,-0.1799999999999966,0.01380278585824,7.0,0.031180146296963838
1492,-0.1599999999999966,0.0166176474345134,7.0,0.032739113028188674
1493,-0.1399999999999965,0.0216070932318258,7.0,0.034399457193287644
1494,-0.1199999999999965,0.0289593628197307,7.0,0.03615253075261296
1495,-0.0999999999999965,0.0371605662043946,7.0,0.03798996618401862
1496,-0.0799999999999965,0.0453617695890585,7.0,0.039903703433932305
1497,-0.0599999999999965,0.0458620325548841,7.0,0.04188601277398741
1498,-0.0399999999999964,0.0453373900823745,7.0,0.043929513604817505
1499,-0.0199999999999964,0.0448621110644637,7.0,0.046027189298938266
1500,3.552713678800501e-15,0.044386832046553,7.0,0.0481723982198422
1501,0.0200000000000031,0.0439115530286421,7.0,0.05035888109389931
1502,0.0400000000000035,0.0434362740107313,7.0,0.05258076494505359
1503,0.060000000000004,0.0429609949928205,7.0,0.05483256382937451
1504,0.0800000000000036,0.0428629449049829,7.0,0.05710917662734839
1505,0.1000000000000032,0.0452906620864108,7.0,0.05940588216645541
1506,0.1200000000000036,0.0477183792678389,7.0,0.061718331955461114
1507,0.1400000000000041,0.0501460964492671,7.0,0.06404254081531081
1508,0.1600000000000037,0.0549518531711734,7.0,0.06637487569010331
1509,0.1800000000000032,0.0602752350876048,7.0,0.0687120429158999
1510,0.2000000000000037,0.0655986170040366,7.0,0.07105107421567121
1511,0.2200000000000042,0.0709219989204684,7.0,0.07338931167618765
1512,0.2400000000000037,0.0762453808368999,7.0,0.07572439194763954
1513,0.2600000000000033,0.081261441276895,7.0,0.07805422988991317
1514,0.2800000000000038,0.0858902539617623,7.0,0.08037700187123192
1515,0.3000000000000042,0.0824543005657454,7.0,0.0826911289058422
1516,0.3200000000000038,0.0778178281585866,7.0,0.08499525979802164
1517,0.3400000000000034,0.0731813557514277,7.0,0.08728825444031746
1518,0.3600000000000039,0.0685448833442686,7.0,0.08956916739489545
1519,0.3800000000000043,0.0639084109371095,7.0,0.09183723186852877
1520,0.4000000000000039,0.0592719385299506,7.0,0.09409184417423312
1521,0.4200000000000035,0.0575790851415717,7.0,0.09633254875609787
1522,0.4400000000000039,0.057431892038739,7.0,0.09855902383854906
1523,0.4600000000000044,0.0572846989359063,7.0,0.10077106774721864
1524,0.480000000000004,0.0571375058330737,7.0,0.10296858593581257
1525,0.5000000000000036,0.056990312730241,7.0,0.10515157874189035
1526,0.520000000000004,0.0569979717365028,7.0,0.10732012988427103
1527,0.5400000000000045,0.0599115568716538,7.0,0.10947439570583188
1528,0.560000000000004,0.0636229717750263,7.0,0.11161459515770977
1529,0.5800000000000036,0.0673343866783988,7.0,0.11374100051429353
1530,0.6000000000000041,0.0710458015817715,7.0,0.1158539288028206
1531,0.6200000000000045,0.074757216485144,7.0,0.11795373392679256
1532,0.6400000000000041,0.0784686313885166,7.0,0.12004079945872023
1533,0.6600000000000037,0.082180046291889,7.0,0.12211553207479603
1534,0.6800000000000042,0.0858914611952616,7.0,0.12417835560190871
1535,0.7000000000000046,0.0899931009868297,7.0,0.1262297056458698
1536,0.7200000000000042,0.0951433487368479,7.0,0.12827002476871993
1537,0.7400000000000038,0.100293596486866,7.0,0.1302997581824995
1538,0.7600000000000042,0.1055721208972281,7.0,0.1323193499267541
1539,0.7800000000000047,0.1113222674057064,7.0,0.13432923949733444
1540,0.8000000000000043,0.1170724139141843,7.0,0.13632985889458873
1541,0.8200000000000038,0.1228225604226624,7.0,0.1383216300598606
1542,0.8400000000000043,0.1285727069311409,7.0,0.14030496267018483
1543,0.8600000000000048,0.134322853439619,7.0,0.14228025226223218
1544,0.8800000000000043,0.1400729999480972,7.0,0.1442478786577993
1545,0.9000000000000039,0.1458231464565751,7.0,0.14620820466449347
1546,0.9200000000000044,0.1515732929650534,7.0,0.148161575026647
1547,0.9400000000000048,0.1573234394735318,7.0,0.1501083156029222
1548,0.9600000000000044,0.1630735859820098,7.0,0.15204873274850533
1549,0.980000000000004,0.1688237324904878,7.0,0.1539831128812057
1550,1.0000000000000044,0.1745738789989662,7.0,0.15591172221218164
1551,1.020000000000005,0.1803240255074445,7.0,0.157834806623381
1552,1.0400000000000045,0.1860741720159226,7.0,0.15975259167511396
1553,1.060000000000004,0.1915691646466333,7.0,0.16166528272844394
1554,1.0800000000000043,0.1966821407195592,7.0,0.16357306516830744
1555,1.100000000000005,0.2017951850603882,7.0,0.16547610471443394
1556,1.1200000000000043,0.2069795455808268,7.0,0.1673745478082294
1557,1.140000000000004,0.2121639061012653,7.0,0.16926852206483564
1558,1.1600000000000046,0.2173192064133066,7.0,0.17115813678054065
1559,1.180000000000005,0.2224667498074612,7.0,0.17304348348662701
1560,1.2000000000000046,0.2276142932016152,7.0,0.17492463654160179
1561,1.2200000000000042,0.2327618365957694,7.0,0.17680165375453266
1562,1.2400000000000049,0.237909379989924,7.0,0.17867457703295278
1563,1.2600000000000051,0.2430569233840785,7.0,0.18054343304946396
1564,1.2800000000000047,0.2482044667782326,7.0,0.1824082339218036
1565,1.3000000000000045,0.2533520101723869,7.0,0.18426897790169924
1566,1.3200000000000047,0.2584995535665413,7.0,0.18612565006837045
1567,1.3400000000000052,0.2636470969606958,7.0,0.18797822302301093
1568,1.3600000000000048,0.26879464035485,7.0,0.18982665758102182
1569,1.3800000000000043,0.2739421837490042,7.0,0.19167090345917134
1570,1.4000000000000048,0.2790897271431587,7.0,0.19351089995521278
1571,1.4200000000000053,0.284237270537313,7.0,0.1953465766178181
1572,1.4400000000000048,0.2896414792556691,7.0,0.19717785390499273
1573,1.4600000000000044,0.2955453741788054,7.0,0.19900464382939118
1574,1.4800000000000049,0.301449269101942,7.0,0.20082685058920427
1575,1.500000000000005,0.3073531640250785,7.0,0.202644371183499
1576,1.520000000000005,0.3132570589482149,7.0,0.20445709601109213
1577,1.5400000000000045,0.3191609538713513,7.0,0.2062649094522063
1578,1.560000000000005,0.3250648487944877,7.0,0.2080676904323185
1579,1.5800000000000054,0.3309687437176241,7.0,0.2098653129677437
1580,1.600000000000005,0.3368726386407608,7.0,0.21165764669262174
1581,1.6200000000000043,0.3427765335638969,7.0,0.2134445573670871
1582,1.640000000000005,0.3486804284870333,7.0,0.2152259073664909
1583,1.6600000000000057,0.3545843234101701,7.0,0.21700155615163044
1584,1.680000000000005,0.3604882183333066,7.0,0.2187713607200271
1585,1.7000000000000046,0.3663921132564428,7.0,0.22053517603833755
1586,1.720000000000005,0.3722960081795795,7.0,0.22229285545605978
1587,1.7400000000000055,0.3781999031027158,7.0,0.22404425110073437
1588,1.7600000000000051,0.3841037980258521,7.0,0.22578921425488427
1589,1.7800000000000047,0.3900076929489885,7.0,0.22752759571497888
1590,1.8000000000000052,0.395911587872125,7.0,0.22925924613273088
1591,1.8200000000000056,0.4018154827952615,7.0,0.2309840163390669
1592,1.8400000000000047,0.4077193777183979,7.0,0.23270175765113627
1593,1.8600000000000048,0.4136232726415344,7.0,0.23441232216273236
1594,1.8800000000000048,0.4196247274075252,7.0,0.23611556301852613
1595,1.9000000000000057,0.4256558327369272,7.0,0.2378113346725153
1596,1.9200000000000053,0.4315466572562828,7.0,0.23949949313110871
1597,1.9400000000000048,0.4372749071089495,7.0,0.2411798961812659
1598,1.9600000000000053,0.4430031569616165,7.0,0.2428524036041231
1599,1.9800000000000055,0.4487314068142835,7.0,0.24451687737453565
1600,-1.9999999999999984,0.3867449173510671,8.0,0.36166173377059097
1601,-1.9799999999999984,0.3827167347425452,8.0,0.35995973899460015
1602,-1.9599999999999984,0.3788843434932172,8.0,0.3582336025345182
1603,-1.9399999999999984,0.3764375531487404,8.0,0.3564839096462767
1604,-1.9199999999999984,0.3739907628042647,8.0,0.3547113510564989
1605,-1.899999999999998,0.3715439724597884,8.0,0.35291673177287
1606,-1.879999999999998,0.3690971821153123,8.0,0.35110098041528515
1607,-1.859999999999998,0.3666503917708359,8.0,0.3492651590770377
1608,-1.839999999999998,0.3642036014263597,8.0,0.3474104737216179
1609,-1.819999999999998,0.3617568110818834,8.0,0.34553828511616297
1610,-1.799999999999998,0.3593100207374072,8.0,0.3436501202971276
1611,-1.779999999999998,0.3569004295760715,8.0,0.34174768455715665
1612,-1.759999999999998,0.3548741954529955,8.0,0.3398328739343396
1613,-1.739999999999998,0.3528479613299184,8.0,0.337907788175776
1614,-1.719999999999998,0.3508217272068419,8.0,0.3359747441365659
1615,-1.699999999999998,0.3487954930837651,8.0,0.33403628956267895
1616,-1.679999999999998,0.346769258960689,8.0,0.33209521719151414
1617,-1.659999999999998,0.3447430248376126,8.0,0.3301545790870016
1618,-1.639999999999998,0.3427167907145352,8.0,0.32821770110662796
1619,-1.619999999999998,0.340690556591459,8.0,0.32628819737545767
1620,-1.599999999999998,0.3386643224683823,8.0,0.32436998461677913
1621,-1.579999999999998,0.3366380883453059,8.0,0.3224672961600924
1622,-1.5599999999999978,0.3346118542222293,8.0,0.3205846954144336
1623,-1.5399999999999978,0.3325856200991517,8.0,0.31872708855810855
1624,-1.5199999999999978,0.3305593859760758,8.0,0.3168997361544329
1625,-1.4999999999999978,0.3285331518529992,8.0,0.31510826335661657
1626,-1.4799999999999978,0.3265069177299226,8.0,0.31335866831313225
1627,-1.4599999999999975,0.3244806836068457,8.0,0.31165732832732007
1628,-1.4399999999999975,0.3224544494837689,8.0,0.31001100326130104
1629,-1.4199999999999977,0.3204282153606927,8.0,0.308426835604091
1630,-1.3999999999999977,0.3184019812376156,8.0,0.3069123465468939
1631,-1.3799999999999977,0.316375747114539,8.0,0.3054754273246907
1632,-1.3599999999999977,0.3143495129914628,8.0,0.30412432499237574
1633,-1.3399999999999976,0.3123232788683855,8.0,0.3028676217059237
1634,-1.3199999999999976,0.3102970447453091,8.0,0.3017142064747815
1635,-1.2999999999999976,0.3082211987520771,8.0,0.30067323824152653
1636,-1.2799999999999976,0.3061175634966619,8.0,0.2997540990299601
1637,-1.2599999999999976,0.3040139282412462,8.0,0.2989663357848852
1638,-1.2399999999999975,0.3019102929858312,8.0,0.298319589408262
1639,-1.2199999999999975,0.2998066577304151,8.0,0.29782350938060603
1640,-1.1999999999999975,0.2977030224749996,8.0,0.2974876522478823
1641,-1.1799999999999975,0.2955993872195841,8.0,0.2973213621587388
1642,-1.1599999999999977,0.2934957519641685,8.0,0.2973336315624852
1643,-1.1399999999999977,0.2913921167087532,8.0,0.2975329401346476
1644,-1.1199999999999974,0.2892884814533376,8.0,0.2979270699967798
1645,-1.0999999999999974,0.2871848461979219,8.0,0.298522895355954
1646,-1.0799999999999974,0.2850812109425063,8.0,0.2993261448260111
1647,-1.0599999999999974,0.2829775756870913,8.0,0.30034113493002956
1648,-1.0399999999999974,0.2808739404316758,8.0,0.30157047364848444
1649,-1.0199999999999974,0.2787703051762599,8.0,0.3030147334014306
1650,-0.9999999999999972,0.2766666699208443,8.0,0.3046720935708452
1651,-0.9799999999999972,0.2745630346654288,8.0,0.30653795361954134
1652,-0.9599999999999972,0.2724593994100133,8.0,0.30860451908637754
1653,-0.9399999999999972,0.2703557641545979,8.0,0.3108603642743008
1654,-0.9199999999999972,0.2710915212794557,8.0,0.31328997733541897
1655,-0.8999999999999972,0.2719720550537444,8.0,0.3158732957254748
1656,-0.8799999999999972,0.2728525888280333,8.0,0.3185852426649675
1657,-0.8599999999999972,0.2737331226023224,8.0,0.32139527830111136
1658,-0.8399999999999972,0.2746136563766113,8.0,0.3242669826792708
1659,-0.8199999999999972,0.2799927454885359,8.0,0.32715769132984596
1660,-0.7999999999999972,0.2862763757689947,8.0,0.3300182081308815
1661,-0.7799999999999971,0.2925600060494536,8.0,0.33279262392953785
1662,-0.7599999999999971,0.2988436363299129,8.0,0.33541827293594995
1663,-0.7399999999999971,0.3051272666103715,8.0,0.33782586179981505
1664,-0.7199999999999971,0.3114108968908307,8.0,0.33993980811924895
1665,-0.6999999999999971,0.3176945271712893,8.0,0.34167882541063455
1666,-0.679999999999997,0.3128546863794664,8.0,0.3429567897206493
1667,-0.659999999999997,0.2966267944746293,8.0,0.3436839184843911
1668,-0.639999999999997,0.2803989025697924,8.0,0.34376828433140255
1669,-0.619999999999997,0.2673236472767619,8.0,0.34311767479203487
1670,-0.599999999999997,0.266688408444344,8.0,0.34164179289827995
1671,-0.579999999999997,0.2660531696119255,8.0,0.33925477341672666
1672,-0.559999999999997,0.2654179307795075,8.0,0.3358779652125112
1673,-0.5399999999999969,0.2647826919470892,8.0,0.3314429028855101
1674,-0.5199999999999969,0.2641474531146709,8.0,0.32589436188565934
1675,-0.4999999999999969,0.2635122142822529,8.0,0.3191933631080483
1676,-0.4799999999999969,0.2628769754498349,8.0,0.3113199685476751
1677,-0.4599999999999968,0.2622417366174165,8.0,0.30227569260784964
1678,-0.4399999999999968,0.261606497784998,8.0,0.2920853479912058
1679,-0.4199999999999968,0.2446463045532752,8.0,0.28079815431399857
1680,-0.3999999999999968,0.2269835278653353,8.0,0.2684879641634918
1681,-0.3799999999999968,0.2093207511773946,8.0,0.2552525059022464
1682,-0.3599999999999967,0.1916579744894543,8.0,0.24121160324363766
1683,-0.3399999999999967,0.1739951978015138,8.0,0.22650440381023945
1684,-0.3199999999999967,0.1563324211135736,8.0,0.21128572532271936
1685,-0.2999999999999967,0.1338508047074833,8.0,0.19572169986372376
1686,-0.2799999999999967,0.1099259402044464,8.0,0.1799849546692891
1687,-0.2599999999999967,0.090542314194567,8.0,0.16424960436571032
1688,-0.2399999999999966,0.0760472516419941,8.0,0.14868633964314437
1689,-0.2199999999999966,0.0706340631046804,8.0,0.133457880056763
1690,-0.1999999999999966,0.0739810986498959,8.0,0.11871501701456919
1691,-0.1799999999999966,0.0860163384929093,8.0,0.10459341343071156
1692,-0.1599999999999966,0.0984552521092943,8.0,0.09121125739289004
1693,-0.1399999999999965,0.1108941657256787,8.0,0.07866779732355353
1694,-0.1199999999999965,0.119771447436401,8.0,0.06704272324515116
1695,-0.0999999999999965,0.1275780813991683,8.0,0.056396308496963005
1696,-0.0799999999999965,0.1171936719844422,8.0,0.046770191592279776
1697,-0.0599999999999965,0.1040502009487899,8.0,0.03818865931896032
1698,-0.0399999999999964,0.0909067299131376,8.0,0.030660288111006448
1699,-0.0199999999999964,0.0777632588774853,8.0,0.02417980827094067
1700,3.552713678800501e-15,0.0650155660911961,8.0,0.018730071332724314
1701,0.0200000000000031,0.0585775173381916,8.0,0.014284021282431981
1702,0.0400000000000035,0.0496465689372157,8.0,0.010806592514905379
1703,0.060000000000004,0.0408761669354473,8.0,0.00825647899853707
1704,0.0800000000000036,0.0329842040533128,8.0,0.00658773858729559
1705,0.1000000000000032,0.0250922411711783,8.0,0.005751212878198679
1706,0.1200000000000036,0.0172002782890437,8.0,0.005695756133159535
1707,0.1400000000000041,0.009302868085492,8.0,0.006369276634621647
1708,0.1600000000000037,0.0013679619057495,8.0,0.0077196007466416305
1709,0.1800000000000032,-0.0030082927180188,8.0,0.00969517436220746
1710,0.2000000000000037,6.332160375340121e-15,8.0,0.012245618831353194
1711,0.2200000000000042,0.0030082927180316,8.0,0.015322159362929674
1712,0.2400000000000037,0.0060165854360567,8.0,0.018877943702047713
1713,0.2600000000000033,0.0090248781540819,8.0,0.022868267961592616
1714,0.2800000000000038,0.0146036001592663,8.0,0.027250725113024135
1715,0.3000000000000042,0.0216145913824622,8.0,0.03198529003359333
1716,0.3200000000000038,0.0286255826056584,8.0,0.037034353319482766
1717,0.3400000000000034,0.0356365738288543,8.0,0.04236271441378987
1718,0.3600000000000039,0.0426475650520505,8.0,0.04793754303307581
1719,0.3800000000000043,0.0496585562752469,8.0,0.0537283164460081
1720,0.4000000000000039,0.0566695474984427,8.0,0.05970673888124529
1721,0.4200000000000035,0.0636805387216386,8.0,0.06584664822367521
1722,0.4400000000000039,0.0706915299448346,8.0,0.07212391419348682
1723,0.4600000000000044,0.0777025211680308,8.0,0.07851633138080455
1724,0.480000000000004,0.0847135123912269,8.0,0.08500350981606827
1725,0.5000000000000036,0.0917245036144228,8.0,0.0915667651782374
1726,0.520000000000004,0.0987354948376189,8.0,0.09818901026434927
1727,0.5400000000000045,0.1057464860608153,8.0,0.10485464895096133
1728,0.560000000000004,0.1127574772840111,8.0,0.11154947355762852
1729,0.5800000000000036,0.1197684685072071,8.0,0.1182605662632895
1730,0.6000000000000041,0.1267794597304033,8.0,0.12497620501821824
1731,0.6200000000000045,0.1337904509535998,8.0,0.13168577422825464
1732,0.6400000000000041,0.1408014421767954,8.0,0.13837968035701656
1733,0.6600000000000037,0.1478124333999914,8.0,0.1450492724893627
1734,0.6800000000000042,0.1548234246231876,8.0,0.15168676782029752
1735,0.7000000000000046,0.1618344158463837,8.0,0.1582851819734223
1736,0.7200000000000042,0.1688454070695796,8.0,0.16483826400826448
1737,0.7400000000000038,0.1758563982927756,8.0,0.1713404359434034
1738,0.7600000000000042,0.1828673895159718,8.0,0.17778673659978675
1739,0.7800000000000047,0.1898783807391679,8.0,0.18417276955399223
1740,0.8000000000000043,0.1968893719623641,8.0,0.1904946549827706
1741,0.8200000000000038,0.2039003631855599,8.0,0.19674898517670117
1742,0.8400000000000043,0.210911354408756,8.0,0.20293278350107
1743,0.8600000000000048,0.2179223456319521,8.0,0.2090434665853164
1744,0.8800000000000043,0.2249333368551484,8.0,0.21507880952781563
1745,0.9000000000000039,0.2319443280783444,8.0,0.22103691390983252
1746,0.9200000000000044,0.2389553193015403,8.0,0.2269161784207241
1747,0.9400000000000048,0.2459663105247361,8.0,0.23271527190549288
1748,0.9600000000000044,0.2529773017479328,8.0,0.2384331086553546
1749,0.980000000000004,0.2575468190285622,8.0,0.24406882577176212
1750,1.0000000000000044,0.2618820983638206,8.0,0.24962176244422965
1751,1.020000000000005,0.2662173776990787,8.0,0.25509144099211306
1752,1.0400000000000045,0.2705526570343373,8.0,0.26047754953013547
1753,1.060000000000004,0.2748879363695954,8.0,0.2657799261268335
1754,1.0800000000000043,0.2792232157048535,8.0,0.2709985443341369
1755,1.100000000000005,0.2835584950401117,8.0,0.2761334999749692
1756,1.1200000000000043,0.2878937743753696,8.0,0.281184999084034
1757,1.140000000000004,0.2922290537106283,8.0,0.2861533469047925
1758,1.1600000000000046,0.2965643330458865,8.0,0.2910389378530525
1759,1.180000000000005,0.3008996123811451,8.0,0.2958422463645679
1760,1.2000000000000046,0.3052348917164029,8.0,0.30056381855059805
1761,1.2200000000000042,0.3095701710516612,8.0,0.3052042645914917
1762,1.2400000000000049,0.3139054503869196,8.0,0.30976425180407763
1763,1.2600000000000051,0.3182407297221778,8.0,0.31424449832395257
1764,1.2800000000000047,0.3225760090574359,8.0,0.31864576734869393
1765,1.3000000000000045,0.3269112883926939,8.0,0.32296886189259244
1766,1.3200000000000047,0.3312465677279522,8.0,0.3272146200077147
1767,1.3400000000000052,0.3355818470632104,8.0,0.3313839104300223
1768,1.3600000000000048,0.3399171263984687,8.0,0.33547762861284625
1769,1.3800000000000043,0.3442524057337269,8.0,0.33949669311333364
1770,1.4000000000000048,0.3485876850689848,8.0,0.3434420423005026
1771,1.4200000000000053,0.3529229644042435,8.0,0.3473146313563462
1772,1.4400000000000048,0.3572582437395016,8.0,0.3511154295439544
1773,1.4600000000000044,0.3615935230747595,8.0,0.35484541771897077
1774,1.4800000000000049,0.3659288024100177,8.0,0.3585055860628311
1775,1.500000000000005,0.3702640817452762,8.0,0.3620969320181691
1776,1.520000000000005,0.3745993610805342,8.0,0.36562045840857327
1777,1.5400000000000045,0.3789346404157923,8.0,0.3690771717264716
1778,1.560000000000005,0.3832699197510511,8.0,0.3724680805744167
1779,1.5800000000000054,0.3876051990863096,8.0,0.37579419424637794
1780,1.600000000000005,0.3919404784215673,8.0,0.3790565214368663
1781,1.6200000000000043,0.3973476361344987,8.0,0.3822560690668368
1782,1.640000000000005,0.4028673400994705,8.0,0.3853938412163046
1783,1.6600000000000057,0.4083870440644426,8.0,0.388470838154547
1784,1.680000000000005,0.4139067480294142,8.0,0.3914880554595764
1785,1.7000000000000046,0.4194264519943855,8.0,0.3944464832193304
1786,1.720000000000005,0.4249461559593577,8.0,0.39734710530770967
1787,1.7400000000000055,0.4304658599243293,8.0,0.40019089872921154
1788,1.7600000000000051,0.4359855638893009,8.0,0.4029788330264655
1789,1.7800000000000047,0.4415052678542727,8.0,0.4057118697454918
1790,1.8000000000000052,0.4470249718192441,8.0,0.4083909619539622
1791,1.8200000000000056,0.452544675784216,8.0,0.411017053808157
1792,1.8400000000000047,0.4580643797491878,8.0,0.4135910801646969
1793,1.8600000000000048,0.4635840837141594,8.0,0.41611396623346675
1794,1.8800000000000048,0.4691037876791311,8.0,0.41858662726846024
1795,1.9000000000000057,0.4746234916441031,8.0,0.42100996829355425
1796,1.9200000000000053,0.4801431956090745,8.0,0.42338488386048356
1797,1.9400000000000048,0.485662899574046,8.0,0.4257122578365114
1798,1.9600000000000053,0.4911826035390179,8.0,0.42799296321949853
1799,1.9800000000000055,0.4967023075039898,8.0,0.4302278619782811
1800,-1.9999999999999984,0.9012987170802343,9.0,0.9572436445220851
1801,-1.9799999999999984,0.903224116024046,9.0,0.9561245270002294
1802,-1.9599999999999984,0.9051495149678576,9.0,0.9549910542280835
1803,-1.9399999999999984,0.9070749139116692,9.0,0.9538437922425055
1804,-1.9199999999999984,0.909000312855481,9.0,0.9526833936518381
1805,-1.899999999999998,0.9109257117992928,9.0,0.9515106050178956
1806,-1.879999999999998,0.9128511107431042,9.0,0.9503262747240757
1807,-1.859999999999998,0.914776509686916,9.0,0.9491313613476033
1808,-1.839999999999998,0.9167019086307276,9.0,0.9479269425522395
1809,-1.819999999999998,0.9186273075745393,9.0,0.9467142245155395
1810,-1.799999999999998,0.920552706518351,9.0,0.9454945519018788
1811,-1.779999999999998,0.9223660572564584,9.0,0.9442694183888342
1812,-1.759999999999998,0.9240332282642924,9.0,0.9430404777500352
1813,-1.739999999999998,0.9257003992721266,9.0,0.9418095554921145
1814,-1.719999999999998,0.9273675702799608,9.0,0.9405786610368017
1815,-1.699999999999998,0.929034741287795,9.0,0.9393500004312955
1816,-1.679999999999998,0.930701912295629,9.0,0.9381259895607318
1817,-1.659999999999998,0.9323690833034632,9.0,0.9369092678255359
1818,-1.639999999999998,0.9338705753274752,9.0,0.9357027122336529
1819,-1.619999999999998,0.9351696743312222,9.0,0.9345094518427257
1820,-1.599999999999998,0.9364687733349694,9.0,0.933332882470126
1821,-1.579999999999998,0.9377678723387164,9.0,0.9321766815690389
1822,-1.5599999999999978,0.9390669713424636,9.0,0.9310448231463118
1823,-1.5399999999999978,0.9403660703462106,9.0,0.9299415925723055
1824,-1.5199999999999978,0.9416651693499576,9.0,0.9288716011041928
1825,-1.4999999999999978,0.9429642683537046,9.0,0.927839799911889
1826,-1.4799999999999978,0.944263367357452,9.0,0.9268514933597862
1827,-1.4599999999999975,0.945562466361199,9.0,0.9259123512575185
1828,-1.4399999999999975,0.946861565364946,9.0,0.9250284197489784
1829,-1.4199999999999977,0.9481606643686932,9.0,0.9242061304606138
1830,-1.3999999999999977,0.94945976337244,9.0,0.9234523074776739
1831,-1.3799999999999977,0.9507588623761872,9.0,0.9227741716606322
1832,-1.3599999999999977,0.9520579613799344,9.0,0.9221793417537096
1833,-1.3399999999999976,0.9533570603836816,9.0,0.9216758316737048
1834,-1.3199999999999976,0.9546561593874284,9.0,0.9212720433007546
1835,-1.2999999999999976,0.9559552583911756,9.0,0.9209767540241638
1836,-1.2799999999999976,0.9572543573949228,9.0,0.9207990982271612
1837,-1.2599999999999976,0.9585534563986698,9.0,0.9207485418260047
1838,-1.2399999999999975,0.9598525554024168,9.0,0.9208348489132167
1839,-1.2199999999999975,0.961151654406164,9.0,0.9210680394944473
1840,-1.1999999999999975,0.9624507534099112,9.0,0.9214583372566079
1841,-1.1799999999999975,0.963749852413658,9.0,0.9220161062652952
1842,-1.1599999999999977,0.9650489514174052,9.0,0.9227517754666139
1843,-1.1399999999999977,0.9663480504211522,9.0,0.9236757498676296
1844,-1.1199999999999974,0.9676471494248996,9.0,0.9247983072969922
1845,-1.0999999999999974,0.9689462484286464,9.0,0.9261294797097709
1846,-1.0799999999999974,0.9702453474323935,9.0,0.9276789181061127
1847,-1.0599999999999974,0.9715444464361406,9.0,0.9294557402905852
1848,-1.0399999999999974,0.9728435454398876,9.0,0.9314683609172103
1849,-1.0199999999999974,0.9741426444436349,9.0,0.9337243035537982
1850,-0.9999999999999972,0.975441743447382,9.0,0.9362299948677467
1851,-0.9799999999999972,0.9767408424511288,9.0,0.9389905414928527
1852,-0.9599999999999972,0.978039941454876,9.0,0.9420094906904679
1853,-0.9399999999999972,0.9793390404586232,9.0,0.9452885765737463
1854,-0.9199999999999972,0.9806381394623702,9.0,0.9488274544227057
1855,-0.8999999999999972,0.9819372384661172,9.0,0.9526234264774343
1856,-0.8799999999999972,0.9832363374698644,9.0,0.9566711635479589
1857,-0.8599999999999972,0.9845354364736116,9.0,0.9609624278051306
1858,-0.8399999999999972,0.9858345354773586,9.0,0.965485803191211
1859,-0.8199999999999972,0.9871336344811056,9.0,0.9702264409747683
1860,-0.7999999999999972,0.9884327334848528,9.0,0.9751658290237274
1861,-0.7799999999999971,0.9897318324886,9.0,0.9802815943228516
1862,-0.7599999999999971,0.9910309314923468,9.0,0.9855473490466273
1863,-0.7399999999999971,0.992046892673731,9.0,0.9909325910356233
1864,-0.7199999999999971,0.9928020668459706,9.0,0.9964026697286383
1865,-0.6999999999999971,0.9935572410182104,9.0,1.0019188283887996
1866,-0.679999999999997,0.99431241519045,9.0,1.0074383327498984
1867,-0.659999999999997,0.99506758936269,9.0,1.0129146949342327
1868,-0.639999999999997,0.9958227635349296,9.0,1.018297999612116
1869,-0.619999999999997,0.9965779377071696,9.0,1.0235353368734024
1870,-0.599999999999997,0.9973331118794092,9.0,1.028571343188034
1871,-0.579999999999997,0.998088286051649,9.0,1.0333488482132918
1872,-0.559999999999997,0.9988434602238886,9.0,1.0378096211719918
1873,-0.5399999999999969,0.9995986343961284,9.0,1.0418952062326758
1874,-0.5199999999999969,1.0000817159451196,9.0,1.0455478319608305
1875,-0.4999999999999969,0.9999999999999998,9.0,1.0487113756976238
1876,-0.4799999999999969,0.9993453818796576,9.0,1.0513323598931419
1877,-0.4599999999999968,0.9985825168678224,9.0,1.0533609542097666
1878,-0.4399999999999968,0.9978196518559872,9.0,1.0547519548408602
1879,-0.4199999999999968,0.9970567868441522,9.0,1.0554657111569758
1880,-0.3999999999999968,0.9962939218323172,9.0,1.055468969654683
1881,-0.3799999999999968,0.995531056820482,9.0,1.05473560635048
1882,-0.3599999999999967,0.9947681918086468,9.0,1.053247221283028
1883,-0.3399999999999967,0.9940053267968116,9.0,1.0509935726409951
1884,-0.3199999999999967,0.9936819288290089,9.0,1.0479728331238598
1885,-0.2999999999999967,0.9934693118455584,9.0,1.0441916572895655
1886,-0.2799999999999967,0.993256694862108,9.0,1.039665055582851
1887,-0.2599999999999967,0.9930440778786576,9.0,1.034416078131223
1888,-0.2399999999999966,0.9928314608952072,9.0,1.028475318839981
1889,-0.2199999999999966,0.9927115396841726,9.0,1.0218802573752077
1890,-0.1999999999999966,0.9922120684355225,9.0,1.014674462854951
1891,-0.1799999999999966,0.9909549407943016,9.0,1.0069066880738404
1892,-0.1599999999999966,0.9896978131530813,9.0,0.9986298865459606
1893,-0.1399999999999965,0.9877563541948104,9.0,0.9899001863614213
1894,-0.1199999999999965,0.9813364511520491,9.0,0.980775854749562
1895,-0.0999999999999965,0.9714494288533324,9.0,0.9713162854078043
1896,-0.0799999999999965,0.9615624065546154,9.0,0.9615810373064902
1897,-0.0599999999999965,0.953132438469247,9.0,0.9516289491413034
1898,-0.0399999999999964,0.9469718033407076,9.0,0.9415173482699877
1899,-0.0199999999999964,0.9384743798236784,9.0,0.9313013672582776
1900,3.552713678800501e-15,0.9294503498895008,9.0,0.9210333754732623
1901,0.0200000000000031,0.92118408225475,9.0,0.9107625278499079
1902,0.0400000000000035,0.913919097968816,9.0,0.900534428289443
1903,0.060000000000004,0.9066541136828824,9.0,0.8903909013079946
1904,0.0800000000000036,0.8989240508297472,9.0,0.8803698626304504
1905,0.1000000000000032,0.8911199519493639,9.0,0.8705052774264377
1906,0.1200000000000036,0.8833158530689803,9.0,0.8608271937543687
1907,0.1400000000000041,0.8755595690337008,9.0,0.8513618384098336
1908,0.1600000000000037,0.867816588963319,9.0,0.8421317626316944
1909,0.1800000000000032,0.8600736088929373,9.0,0.8331560258569957
1910,0.2000000000000037,0.8520397674178564,9.0,0.8244504067907784
1911,0.2200000000000042,0.8427847538739878,9.0,0.8160276323382913
1912,0.2400000000000037,0.8335297403301197,9.0,0.8078976163231525
1913,0.2600000000000033,0.8242747267862515,9.0,0.8000677012961251
1914,0.2800000000000038,0.8150197132423829,9.0,0.7925428980580453
1915,0.3000000000000042,0.8057646996985144,9.0,0.785326118730817
1916,0.3200000000000038,0.7965096861546462,9.0,0.778418400284148
1917,0.3400000000000034,0.7872546726107782,9.0,0.7718191163496805
1918,0.3600000000000039,0.7782650721585312,9.0,0.7655261759267059
1919,0.3800000000000043,0.7732084690790412,9.0,0.7595362082114333
1920,0.4000000000000039,0.7681518659995512,9.0,0.7538447332769894
1921,0.4200000000000035,0.7630952629200614,9.0,0.7484463187093576
1922,0.4400000000000039,0.7580386598405714,9.0,0.7433347225820757
1923,0.4600000000000044,0.7529820567610812,9.0,0.7385030233464852
1924,0.480000000000004,0.7479254536815916,9.0,0.7339437373405898
1925,0.5000000000000036,0.7428688506021016,9.0,0.7296489246924972
1926,0.520000000000004,0.7378122475226115,9.0,0.7256102844266328
1927,0.5400000000000045,0.7327556444431215,9.0,0.7218192395831019
1928,0.560000000000004,0.7287344998582602,9.0,0.718267013141532
1929,0.5800000000000036,0.7251833225120774,9.0,0.714944695507575
1930,0.6000000000000041,0.7212388193537876,9.0,0.7118433042784035
1931,0.6200000000000045,0.7171196270027164,9.0,0.7089538369572269
1932,0.6400000000000041,0.7130544606349667,9.0,0.7062673172390314
1933,0.6600000000000037,0.7091483260946293,9.0,0.7037748354425553
1934,0.6800000000000042,0.7052421915542915,9.0,0.7014675836182738
1935,0.7000000000000046,0.7013360570139539,9.0,0.6993368858197236
1936,0.7200000000000042,0.6974299224736162,9.0,0.697374223986201
1937,0.7400000000000038,0.6935237879332787,9.0,0.6955712598488712
1938,0.7600000000000042,0.6896176533929409,9.0,0.6939198532394626
1939,0.7800000000000047,0.6859535052506238,9.0,0.6924120771508306
1940,0.8000000000000043,0.6815295803488508,9.0,0.691040229871442
1941,0.8200000000000038,0.6769330102998483,9.0,0.6897968444909532
1942,0.8400000000000043,0.6723364402508455,9.0,0.688674696051232
1943,0.8600000000000048,0.6677398702018428,9.0,0.6876668065961223
1944,0.8800000000000043,0.6631433001528401,9.0,0.68676644835374
1945,0.9000000000000039,0.6585467301038375,9.0,0.6859671452668796
1946,0.9200000000000044,0.654113266357652,9.0,0.685262673070078
1947,0.9400000000000048,0.6511123670898971,9.0,0.6846470580958453
1948,0.9600000000000044,0.6481114678221421,9.0,0.6841145749774746
1949,0.980000000000004,0.6451105685543873,9.0,0.6836597434015763
1950,1.0000000000000044,0.6421096692866323,9.0,0.6832773240500041
1951,1.020000000000005,0.6391087700188772,9.0,0.6829623138581291
1952,1.0400000000000045,0.6361078707511224,9.0,0.6827099407044208
1953,1.060000000000004,0.6331069714833675,9.0,0.6825156576350148
1954,1.0800000000000043,0.6301060722156125,9.0,0.6823751367163668
1955,1.100000000000005,0.6271051729478574,9.0,0.6822842625991983
1956,1.1200000000000043,0.6241042736801027,9.0,0.6822391258677244
1957,1.140000000000004,0.6211033744123476,9.0,0.6822360162395957
1958,1.1600000000000046,0.6181024751445925,9.0,0.6822714156740869
1959,1.180000000000005,0.6151015758768377,9.0,0.6823419914387993
1960,1.2000000000000046,0.6121006766090827,9.0,0.6824445891784671
1961,1.2200000000000042,0.6090997773413278,9.0,0.6825762260234058
1962,1.2400000000000049,0.6060988780735729,9.0,0.6827340837696144
1963,1.2600000000000051,0.6030979788058178,9.0,0.6829155021575736
1964,1.2800000000000047,0.600097079538063,9.0,0.6831179722723054
1965,1.3000000000000045,0.5970961802703081,9.0,0.6833391300832659
1966,1.3200000000000047,0.5940952810025532,9.0,0.6835767501390668
1967,1.3400000000000052,0.591094381734798,9.0,0.6838287394288968
1968,1.3600000000000048,0.5880934824670432,9.0,0.6840931314197075
1969,1.3800000000000043,0.5845757337292999,9.0,0.6843680802758335
1970,1.4000000000000048,0.5806423569550989,9.0,0.6846518552655795
1971,1.4200000000000053,0.5767089801808976,9.0,0.684942835357495
1972,1.4400000000000048,0.5727756034066964,9.0,0.6852395040074895
1973,1.4600000000000044,0.5688422266324954,9.0,0.6855404441366013
1974,1.4800000000000049,0.564908849858294,9.0,0.6858443332981184
1975,1.500000000000005,0.5609754730840929,9.0,0.6861499390317951
1976,1.520000000000005,0.5570420963098917,9.0,0.6864561144021484
1977,1.5400000000000045,0.5531087195356904,9.0,0.686761793717171
1978,1.560000000000005,0.5491753427614895,9.0,0.6870659884233026
1979,1.5800000000000054,0.5452419659872881,9.0,0.6873677831721022
1980,1.600000000000005,0.541308589213087,9.0,0.6876663320537658
1981,1.6200000000000043,0.5373752124388859,9.0,0.6879608549924174
1982,1.640000000000005,0.5334418356646845,9.0,0.6882506342979527
1983,1.6600000000000057,0.5295084588904834,9.0,0.6885350113691359
1984,1.680000000000005,0.5255750821162822,9.0,0.6888133835426052
1985,1.7000000000000046,0.5216417053420812,9.0,0.6890852010824585
1986,1.720000000000005,0.5177083285678798,9.0,0.6893499643051285
1987,1.7400000000000055,0.5137749517936785,9.0,0.6896072208343285
1988,1.7600000000000051,0.5098415750194778,9.0,0.6898565629809492
1989,1.7800000000000047,0.5059081982452762,9.0,0.6900976252428915
1990,1.8000000000000052,0.5019748214710749,9.0,0.6903300819199583
1991,1.8200000000000056,0.4980414446968735,9.0,0.6905536448390565
1992,1.8400000000000047,0.4941080679226729,9.0,0.690768061185118
1993,1.8600000000000048,0.4901746911484715,9.0,0.6909731114332898
1994,1.8800000000000048,0.4862413143742703,9.0,0.6911686073781016
1995,1.9000000000000057,0.4823079376000693,9.0,0.6913543902554841
1996,1.9200000000000053,0.478374560825868,9.0,0.6915303289536461
1997,1.9400000000000048,0.474441184051667,9.0,0.6916963183090019
1998,1.9600000000000053,0.4705078072774658,9.0,0.6918522774834642
1999,1.9800000000000055,0.4665744305032643,9.0,0.6919981484195883
