,x1,y,rep,ymodel
0,-1.9999999999999984,0.0034001868839712,0.0,-0.0917081990875612
1,-1.9799999999999984,0.0034014272920896,0.0,-0.0896168716870338
2,-1.9599999999999984,0.0034026677002079,0.0,-0.08751292409293343
3,-1.9399999999999984,0.0034039081083263,0.0,-0.08539629549127789
4,-1.9199999999999984,0.0034051485164447,0.0,-0.08326692571419333
5,-1.899999999999998,0.003406388924563,0.0,-0.08112475527487084
6,-1.879999999999998,0.0034076293326814,0.0,-0.07896972540343655
7,-1.859999999999998,0.0034088697407998,0.0,-0.07680177808374072
8,-1.839999999999998,0.0034101101489181,0.0,-0.07462085609108357
9,-1.819999999999998,0.0034113505570366,0.0,-0.07242690303088098
10,-1.799999999999998,0.0034125909651549,0.0,-0.07021986337828401
11,-1.779999999999998,0.0034138313732732,0.0,-0.06799968251875813
12,-1.759999999999998,0.0034150717813916,0.0,-0.06576630678963291
13,-1.739999999999998,0.00341631218951,0.0,-0.06351968352262713
14,-1.719999999999998,0.0034175525976284,0.0,-0.06125976108735667
15,-1.699999999999998,0.0034187930057467,0.0,-0.058986488935831416
16,-1.679999999999998,0.0034200334138651,0.0,-0.05669981764794302
17,-1.659999999999998,0.0034212738219834,0.0,-0.05439969897795316
18,-1.639999999999998,0.0034225142301018,0.0,-0.052086085901976525
19,-1.619999999999998,0.0034237546382202,0.0,-0.0497589326664683
20,-1.599999999999998,0.0034249950463386,0.0,-0.047418194837708455
21,-1.579999999999998,0.0034262354544569,0.0,-0.04506382935229039
22,-1.5599999999999978,0.0034274758625753,0.0,-0.04269579456860381
23,-1.5399999999999978,0.0034287162706937,0.0,-0.04031405031931276
24,-1.5199999999999978,0.003429956678812,0.0,-0.037918557964821326
25,-1.4999999999999978,0.0034311970869304,0.0,-0.03550928044772303
26,-1.4799999999999978,0.0034324374950488,0.0,-0.033086182348222096
27,-1.4599999999999975,0.0034336779031672,0.0,-0.030649229940518774
28,-1.4399999999999975,0.0034349183112855,0.0,-0.02819839125014592
29,-1.4199999999999977,0.0033384958729553,0.0,-0.025733636112244995
30,-1.3999999999999977,0.0030994305075011,0.0,-0.0232549362307624
31,-1.3799999999999977,0.002860365142047,0.0,-0.020762265238552263
32,-1.3599999999999977,0.0026212997765928,0.0,-0.018255598758363606
33,-1.3399999999999976,0.0023822344111386,0.0,-0.01573491446469226
34,-1.3199999999999976,0.0021431690456845,0.0,-0.013200192146468587
35,-1.2999999999999976,0.0019041036802304,0.0,-0.010651413770563445
36,-1.2799999999999976,0.0016650383147762,0.0,-0.008088563546074096
37,-1.2599999999999976,0.0014259729493221,0.0,-0.005511627989364679
38,-1.2399999999999975,0.0011869075838679,0.0,-0.002920595989826441
39,-1.2199999999999975,0.0009478422184138,0.0,-0.0003154588763202848
40,-1.1999999999999975,0.0007087768529596,0.0,0.002303789515736357
41,-1.1799999999999975,0.0004697114875055,0.0,0.00493715277668004
42,-1.1599999999999977,0.0002306461220513,0.0,0.007584631854355817
43,-1.1399999999999977,0.0001044282739967,0.0,0.01024622498535907
44,-1.1199999999999974,5.221413699946877e-05,0.0,0.012921927625819452
45,-1.0999999999999974,2.1997458212885635e-15,0.0,0.015611732381776725
46,-1.0799999999999974,0.0004650269657651,0.0,0.01831562893920828
47,-1.0599999999999974,0.0010001512747502,0.0,0.021033603993763833
48,-1.0399999999999974,0.0015352755837353,0.0,0.023765641180273814
49,-1.0199999999999974,0.0045331448373588,0.0,0.026511721002094188
50,-0.9999999999999972,0.0089682420311233,0.0,0.0292718207603579
51,-0.9799999999999972,0.0134033392248879,0.0,0.032045914483206005
52,-0.9599999999999972,0.0165341212180885,0.0,0.03483397285507129
53,-0.9399999999999972,0.0194363819876216,0.0,0.03763596314609525
54,-0.9199999999999972,0.0223386427571548,0.0,0.04045184914175919
55,-0.8999999999999972,0.0270697967916116,0.0,0.043281591072816546
56,-0.8799999999999972,0.0321787761881173,0.0,0.04612514554560828
57,-0.8599999999999972,0.0372877555846229,0.0,0.04898246547286254
58,-0.8399999999999972,0.0423967349811286,0.0,0.051853500005065375
59,-0.8199999999999972,0.0475057143776343,0.0,0.054738194462502734
60,-0.7999999999999972,0.0526146937741399,0.0,0.0576364902680752
61,-0.7799999999999971,0.0577236731706456,0.0,0.06054832488098829
62,-0.7599999999999971,0.0628326525671513,0.0,0.06347363173142524
63,-0.7399999999999971,0.067941631963657,0.0,0.0664123401563109
64,-0.7199999999999971,0.0730506113601626,0.0,0.06936437533628095
65,-0.6999999999999971,0.0781595907566683,0.0,0.07232965823396707
66,-0.679999999999997,0.083268570153174,0.0,0.07530810553372101
67,-0.659999999999997,0.0883775495496797,0.0,0.07829962958289076
68,-0.639999999999997,0.0934865289461854,0.0,0.08130413833477562
69,-0.619999999999997,0.098595508342691,0.0,0.08432153529338006
70,-0.599999999999997,0.1037044877391967,0.0,0.08735171946009355
71,-0.579999999999997,0.1086969514722888,0.0,0.09039458528242388
72,-0.559999999999997,0.1136310860956522,0.0,0.0934500226049098
73,-0.5399999999999969,0.1185652207190157,0.0,0.09651791662234604
74,-0.5199999999999969,0.1234993553423792,0.0,0.09959814783544621
75,-0.4999999999999969,0.1284334899657427,0.0,0.10269059200908154
76,-0.4799999999999969,0.1333676245891062,0.0,0.10579512013322037
77,-0.4599999999999968,0.1383017592124697,0.0,0.10891159838670186
78,-0.4399999999999968,0.1432358938358332,0.0,0.11203988810397941
79,-0.4199999999999968,0.1481700284591967,0.0,0.11517984574495846
80,-0.3999999999999968,0.1531041630825601,0.0,0.11833132286806153
81,-0.3799999999999968,0.1565298125291255,0.0,0.12149416610665201
82,-0.3599999999999967,0.1599099469149406,0.0,0.12466821714893901
83,-0.3399999999999967,0.1632900813007556,0.0,0.12785331272149203
84,-0.3199999999999967,0.1666702156865707,0.0,0.13104928457648965
85,-0.2999999999999967,0.1694456940656042,0.0,0.13425595948281915
86,-0.2799999999999967,0.1720627798676181,0.0,0.13747315922114925
87,-0.2599999999999967,0.1746798656696318,0.0,0.14070070058308656
88,-0.2399999999999966,0.1772969514716458,0.0,0.14393839537453076
89,-0.2199999999999966,0.1799140372736595,0.0,0.1471860504233293
90,-0.1999999999999966,0.1825311230756732,0.0,0.15044346759133898
91,-0.1799999999999966,0.1851482088776871,0.0,0.15371044379098964
92,-0.1599999999999966,0.1877652946797009,0.0,0.15698677100643882
93,-0.1399999999999965,0.1903823804817147,0.0,0.16027223631940912
94,-0.1199999999999965,0.1929994662837286,0.0,0.16356662193978183
95,-0.0999999999999965,0.1956165520857423,0.0,0.166869705241026
96,-0.0799999999999965,0.1982336378877562,0.0,0.17018125880052307
97,-0.0599999999999965,0.2008507236897699,0.0,0.1735010504448523
98,-0.0399999999999964,0.2034678094917837,0.0,0.1768288433000848
99,-0.0199999999999964,0.2060848952937976,0.0,0.18016439584712934
100,3.552713678800501e-15,0.2087019810958114,0.0,0.18350746198216789
101,0.0200000000000031,0.2113190668978251,0.0,0.18685779108220363
102,0.0400000000000035,0.2139361526998391,0.0,0.1902151280757428
103,0.060000000000004,0.2165532385018529,0.0,0.19357921351861387
104,0.0800000000000036,0.2191703243038666,0.0,0.19694978367492694
105,0.1000000000000032,0.2217874101058804,0.0,0.20032657060316122
106,0.1200000000000036,0.2244044959078943,0.0,0.20370930224735617
107,0.1400000000000041,0.2270215817099082,0.0,0.20709770253338047
108,0.1600000000000037,0.2296386675119219,0.0,0.2104914914702307
109,0.1800000000000032,0.2322557533139357,0.0,0.21389038525631576
110,0.2000000000000037,0.2348728391159495,0.0,0.21729409639065544
111,0.2200000000000042,0.2374899249179633,0.0,0.2207023337889261
112,0.2400000000000037,0.2401070107199772,0.0,0.22411480290426555
113,0.2600000000000033,0.2427240965219909,0.0,0.22753120585274708
114,0.2800000000000038,0.2453411823240048,0.0,0.23095124154341076
115,0.3000000000000042,0.2479582681260186,0.0,0.2343746058127403
116,0.3200000000000038,0.2505753539280325,0.0,0.23780099156345944
117,0.3400000000000034,0.2531924397300461,0.0,0.2412300889075065
118,0.3600000000000039,0.255934229124617,0.0,0.2446615853130467
119,0.3800000000000043,0.2586924234235962,0.0,0.24809516575535748
120,0.4000000000000039,0.2614506177225754,0.0,0.2515305128714267
121,0.4200000000000035,0.2642088120215543,0.0,0.2549673071180831
122,0.4400000000000039,0.2669670063205336,0.0,0.2584052269334779
123,0.4600000000000044,0.2697252006195128,0.0,0.26184394890171764
124,0.480000000000004,0.2724833949184918,0.0,0.2652831479204527
125,0.5000000000000036,0.275241589217471,0.0,0.26872249737120585
126,0.520000000000004,0.2779997835164502,0.0,0.27216166929222685
127,0.5400000000000045,0.2807579778154294,0.0,0.2756003345536456
128,0.560000000000004,0.2835161721144085,0.0,0.2790381630346941
129,0.5800000000000036,0.2864078229614903,0.0,0.28247482380276223
130,0.6000000000000041,0.2899719146581762,0.0,0.2859099852940423
131,0.6200000000000045,0.2935360063548621,0.0,0.2893433154955144
132,0.6400000000000041,0.2971000980515481,0.0,0.2927744821280279
133,0.6600000000000037,0.3006641897482338,0.0,0.2962031528302171
134,0.6800000000000042,0.3042282814449197,0.0,0.2996289953429997
135,0.7000000000000046,0.3077923731416059,0.0,0.30305167769439467
136,0.7200000000000042,0.3113564648382916,0.0,0.3064708683844022
137,0.7400000000000038,0.3149205565349776,0.0,0.30988623656968384
138,0.7600000000000042,0.3184846482316635,0.0,0.31329745224777705
139,0.7800000000000047,0.3220487399283495,0.0,0.3167041864405928
140,0.8000000000000043,0.3256128316250353,0.0,0.32010611137692424
141,0.8200000000000038,0.3291769233217211,0.0,0.3235029006737229
142,0.8400000000000043,0.332741015018407,0.0,0.3268942295158769
143,0.8600000000000048,0.3363051067150928,0.0,0.3302797748342453
144,0.8800000000000043,0.3398691984117787,0.0,0.33365921548170074
145,0.9000000000000039,0.3434332901084647,0.0,0.33703223240693914
146,0.9200000000000044,0.3469973818051508,0.0,0.34039850882581624
147,0.9400000000000048,0.3505614735018365,0.0,0.3437577303899849
148,0.9600000000000044,0.3541255651985224,0.0,0.34710958535260295
149,0.980000000000004,0.3576896568952081,0.0,0.35045376473090195
150,1.0000000000000044,0.3612537485918942,0.0,0.3537899624653996
151,1.020000000000005,0.3648178402885803,0.0,0.3571178755755593
152,1.0400000000000045,0.3683819319852659,0.0,0.360437204311703
153,1.060000000000004,0.3724177879016289,0.0,0.3637476523029938
154,1.0800000000000043,0.3764697297983719,0.0,0.3670489267013122
155,1.100000000000005,0.3805216716951148,0.0,0.37034073832086645
156,1.1200000000000043,0.3845736135918578,0.0,0.3736228017733766
157,1.140000000000004,0.3886255554886007,0.0,0.3768948355986945
158,1.1600000000000046,0.3926774973853438,0.0,0.3801565623907238
159,1.180000000000005,0.3967294392820866,0.0,0.38340770891851705
160,1.2000000000000046,0.4007813811788296,0.0,0.38664800624244244
161,1.2200000000000042,0.4048333230755723,0.0,0.38987718982531727
162,1.2400000000000049,0.4088852649723156,0.0,0.3930949996384233
163,1.2600000000000051,0.4129372068690582,0.0,0.39630118026232164
164,1.2800000000000047,0.4173208882198458,0.0,0.39949548098240906
165,1.3000000000000045,0.4225083999952609,0.0,0.40267765587915527
166,1.3200000000000047,0.4276959117706763,0.0,0.40584746391298154
167,1.3400000000000052,0.4328834235460916,0.0,0.4090046690037471
168,1.3600000000000048,0.4380709353215067,0.0,0.4121490401048268
169,1.3800000000000043,0.4432584470969217,0.0,0.4152803512717641
170,1.4000000000000048,0.4484459588723371,0.0,0.4183983817255058
171,1.4200000000000053,0.4530937271236777,0.0,0.42150291591022715
172,1.4400000000000048,0.45719945740089,0.0,0.42459374354576895
173,1.4600000000000044,0.4613051876781023,0.0,0.4276706596747225
174,1.4800000000000049,0.465410917955315,0.0,0.43073346470419327
175,1.500000000000005,0.4695166482325275,0.0,0.4337819644423061
176,1.520000000000005,0.4736223785097399,0.0,0.43681597012950235
177,1.5400000000000045,0.4777281087869522,0.0,0.4398352984646995
178,1.560000000000005,0.4818338390641651,0.0,0.44283977162638855
179,1.5800000000000054,0.4856741915585026,0.0,0.4458292172887527
180,1.600000000000005,0.4897239580539336,0.0,0.44880346863289744
181,1.6200000000000043,0.4940667328790062,0.0,0.45176236435329087
182,1.640000000000005,0.4984095077040787,0.0,0.4547057486595145
183,1.6600000000000057,0.5027522825291516,0.0,0.4576334712734358
184,1.680000000000005,0.5070950573542241,0.0,0.4605453874219201
185,1.7000000000000046,0.5114378321792965,0.0,0.46344135782519746
186,1.720000000000005,0.5157806070043696,0.0,0.46632124868101055
187,1.7400000000000055,0.5201233818294423,0.0,0.4691849316446697
188,1.7600000000000051,0.5244661566545146,0.0,0.4720322838051536
189,1.7800000000000047,0.5288089314795873,0.0,0.4748631876573819
190,1.8000000000000052,0.5331517063046597,0.0,0.4776775310708028
191,1.8200000000000056,0.5374944811297324,0.0,0.48047520725443316
192,1.8400000000000047,0.541837255954805,0.0,0.4832561147184956
193,1.8600000000000048,0.5461800307798779,0.0,0.4860201572327907
194,1.8800000000000048,0.5505228056049505,0.0,0.48876724378195335
195,1.9000000000000057,0.554865580430023,0.0,0.4914972885177332
196,1.9200000000000053,0.5592083552550956,0.0,0.49421021070844795
197,1.9400000000000048,0.5635511300801681,0.0,0.49690593468575084
198,1.9600000000000053,0.5678939049052406,0.0,0.4995843897888568
199,1.9800000000000055,0.5722366797303136,0.0,0.5022455103063735
200,-1.9999999999999984,0.9728819537572266,1.0,0.9214028184594103
201,-1.9799999999999984,0.971380115987868,1.0,0.9218407827828079
202,-1.9599999999999984,0.9698782782185088,1.0,0.9222829337630405
203,-1.9399999999999984,0.9683764404491496,1.0,0.9227292951179453
204,-1.9199999999999984,0.9668746026797904,1.0,0.9231798899722892
205,-1.899999999999998,0.9653727649104312,1.0,0.9236347408281118
206,-1.879999999999998,0.9638709271410724,1.0,0.9240938695343557
207,-1.859999999999998,0.9623690893717136,1.0,0.9245572972557785
208,-1.839999999999998,0.960867251602354,1.0,0.9250250444411496
209,-1.819999999999998,0.9593654138329952,1.0,0.9254971307907283
210,-1.799999999999998,0.957863576063636,1.0,0.9259735752230249
211,-1.779999999999998,0.9563617382942776,1.0,0.9264543958408507
212,-1.759999999999998,0.9548599005249174,1.0,0.92693960989665
213,-1.739999999999998,0.9533580627555588,1.0,0.9274292337571322
214,-1.719999999999998,0.9518562249862,1.0,0.9279232828671953
215,-1.699999999999998,0.9503543872168412,1.0,0.9284217717131584
216,-1.679999999999998,0.948852549447482,1.0,0.9289247137853069
217,-1.659999999999998,0.9473507116781228,1.0,0.9294321215397554
218,-1.639999999999998,0.9458488739087636,1.0,0.9299440063596511
219,-1.619999999999998,0.9446913793128142,1.0,0.9304603785157175
220,-1.599999999999998,0.9428693946020488,1.0,0.9309812471261594
221,-1.579999999999998,0.9408281309775072,1.0,0.9315066201159448
222,-1.5599999999999978,0.938786867352965,1.0,0.9320365041754803
223,-1.5399999999999978,0.9367456037284232,1.0,0.9325709047186981
224,-1.5199999999999978,0.9347043401038811,1.0,0.9331098258405768
225,-1.4999999999999978,0.9326630764793395,1.0,0.9336532702741231
226,-1.4799999999999978,0.9306218128547976,1.0,0.9342012393468309
227,-1.4599999999999975,0.928580549230256,1.0,0.9347537329366564
228,-1.4399999999999975,0.9265392856057144,1.0,0.9353107494275286
229,-1.4199999999999977,0.9244980219811716,1.0,0.9358722856644313
230,-1.3999999999999977,0.9224567583566304,1.0,0.9364383369080962
231,-1.3799999999999977,0.9204154947320888,1.0,0.93700889678933
232,-1.3599999999999977,0.9183742311075466,1.0,0.9375839572630287
233,-1.3399999999999976,0.9163329674830044,1.0,0.9381635085619118
234,-1.3199999999999976,0.9142917038584624,1.0,0.9387475391500189
235,-1.2999999999999976,0.912250440233921,1.0,0.939336035676027
236,-1.2799999999999976,0.910209176609379,1.0,0.9399289829264197
237,-1.2599999999999976,0.9081679129848372,1.0,0.9405263637785752
238,-1.2399999999999975,0.9061266493602952,1.0,0.9411281591538199
239,-1.2199999999999975,0.9040853857357533,1.0,0.9417343479705043
240,-1.1999999999999975,0.905120952646787,1.0,0.9423449070971639
241,-1.1799999999999975,0.9137146763187576,1.0,0.9429598113058284
242,-1.1599999999999977,0.9223083999907288,1.0,0.9435790332255374
243,-1.1399999999999977,0.9309021236626998,1.0,0.9442025432961414
244,-1.1199999999999974,0.9394958473346708,1.0,0.9448303097224475
245,-1.0999999999999974,0.9480895710066416,1.0,0.9454622984287926
246,-1.0799999999999974,0.9540941505308708,1.0,0.9460984730141158
247,-1.0599999999999974,0.9572107018466804,1.0,0.9467387947076069
248,-1.0399999999999974,0.9603272531624902,1.0,0.9473832223250209
249,-1.0199999999999974,0.9634438044782996,1.0,0.9480317122257322
250,-0.9999999999999972,0.9665603557941091,1.0,0.9486842182706228
251,-0.9799999999999972,0.9696769071099192,1.0,0.9493406917808902
252,-0.9599999999999972,0.9727934584257288,1.0,0.9500010814978703
253,-0.9399999999999972,0.9756070651926442,1.0,0.9506653335439652
254,-0.9199999999999972,0.9753740517274536,1.0,0.9513333913847715
255,-0.8999999999999972,0.9751410382622634,1.0,0.952005195792514
256,-0.8799999999999972,0.9749080247970728,1.0,0.9526806848108795
257,-0.8599999999999972,0.9746750113318824,1.0,0.9533597937213516
258,-0.8399999999999972,0.9744419978666922,1.0,0.9540424550111548
259,-0.8199999999999972,0.9742089844015016,1.0,0.9547285983429123
260,-0.7999999999999972,0.9739759709363112,1.0,0.9554181505261186
261,-0.7799999999999971,0.9737429574711206,1.0,0.9561110354905413
262,-0.7599999999999971,0.9735099440059304,1.0,0.9568071742616586
263,-0.7399999999999971,0.9736220446676708,1.0,0.9575064849382366
264,-0.7199999999999971,0.9739075741183446,1.0,0.9582088826721633
265,-0.6999999999999971,0.9741931035690184,1.0,0.9589142796506454
266,-0.679999999999997,0.9744786330196924,1.0,0.9596225850808751
267,-0.659999999999997,0.974764162470366,1.0,0.9603337051772789
268,-0.639999999999997,0.9750496919210396,1.0,0.9610475431514591
269,-0.619999999999997,0.9753352213717138,1.0,0.9617639992049254
270,-0.599999999999997,0.9756207508223876,1.0,0.9624829705247371
271,-0.579999999999997,0.9759062802730614,1.0,0.9632043512821464
272,-0.559999999999997,0.976191809723735,1.0,0.9639280326343524
273,-0.5399999999999969,0.9790769753083044,1.0,0.9646539027294638
274,-0.5199999999999969,0.9820341076803706,1.0,0.9653818467147688
275,-0.4999999999999969,0.9847210982060686,1.0,0.9661117467484017
276,-0.4799999999999969,0.9874080887317664,1.0,0.9668434820145027
277,-0.4599999999999968,0.9900950792574644,1.0,0.96757692874195
278,-0.4399999999999968,0.9927820697831624,1.0,0.9683119602267554
279,-0.4199999999999968,0.99546906030886,1.0,0.9690484468581915
280,-0.3999999999999968,0.9988506669145544,1.0,0.9697862561487296
281,-0.3799999999999968,0.9989142520444524,1.0,0.970525252767855
282,-0.3599999999999967,0.99897783717435,1.0,0.9712652985798129
283,-0.3399999999999967,0.999041422304248,1.0,0.9720062526853548
284,-0.3199999999999967,0.9991050074341457,1.0,0.9727479714675165
285,-0.2999999999999967,0.9991657561860868,1.0,0.9734903086414848
286,-0.2799999999999967,0.9992144936277934,1.0,0.9742331153085757
287,-0.2599999999999967,0.999187825494916,1.0,0.9749762400143578
288,-0.2399999999999966,0.999161532813298,1.0,0.9757195288109335
289,-0.2199999999999966,0.99913524013168,1.0,0.9764628253233967
290,-0.1999999999999966,0.9991089474500618,1.0,0.9772059708204601
291,-0.1799999999999966,0.9990826547684436,1.0,0.9779488042892486
292,-0.1599999999999966,0.9990563620868256,1.0,0.9786911625142445
293,-0.1399999999999965,0.9990300694052072,1.0,0.9794328801603585
294,-0.1199999999999965,0.9990037767235892,1.0,0.9801737898600862
295,-0.0999999999999965,0.9989774840419712,1.0,0.9809137223047162
296,-0.0799999999999965,0.998951191360353,1.0,0.9816525063395216
297,-0.0599999999999965,0.9989248986787348,1.0,0.9823899690628846
298,-0.0399999999999964,0.9988986059971168,1.0,0.9831259359292686
299,-0.0199999999999964,0.9988723133154987,1.0,0.9838602308559636
300,3.552713678800501e-15,0.9988460206338806,1.0,0.9845926763334971
301,0.0200000000000031,0.9980421119313784,1.0,0.9853230935396218
302,0.0400000000000035,0.9954128437695662,1.0,0.9860513024567534
303,0.060000000000004,0.9933787310573434,1.0,0.9867771219927408
304,0.0800000000000036,0.9915062618199,1.0,0.9875003701048317
305,0.1000000000000032,0.9896337925824572,1.0,0.9882208639266923
306,0.1200000000000036,0.9877613233450132,1.0,0.9889384198983262
307,0.1400000000000041,0.98588885410757,1.0,0.9896528538987339
308,0.1600000000000037,0.984016384870127,1.0,0.990363981381138
309,0.1800000000000032,0.982143915632684,1.0,0.9910716175105985
310,0.2000000000000037,0.9802714463952404,1.0,0.9917755773038306
311,0.2200000000000042,0.9786359621846225,1.0,0.9924756757710285
312,0.2400000000000037,0.9771056786456094,1.0,0.9931717280594974
313,0.2600000000000033,0.9755753951065976,1.0,0.9938635495988783
314,0.2800000000000038,0.9740451115675858,1.0,0.9945509562477592
315,0.3000000000000042,0.9725148280285733,1.0,0.995233764441444
316,0.3200000000000038,0.9709845444895608,1.0,0.9959117913406597
317,0.3400000000000034,0.969915500324932,1.0,0.9965848549809677
318,0.3600000000000039,0.9690104969998729,1.0,0.9972527744226471
319,0.3800000000000043,0.9681054936748132,1.0,0.9979153699008105
320,0.4000000000000039,0.9672004903497536,1.0,0.9985724629755137
321,0.4200000000000035,0.9662954870246944,1.0,0.9992238766816155
322,0.4400000000000039,0.9653904836996356,1.0,0.9998694356781461
323,0.4600000000000044,0.967164825329213,1.0,1.000508966396936
324,0.480000000000004,0.9671022408916752,1.0,1.0011422971902626
325,0.5000000000000036,0.9642850185654508,1.0,1.001769258477273
326,0.520000000000004,0.9614677962392258,1.0,1.0023896828889363
327,0.5400000000000045,0.9586505739130012,1.0,1.0030034054112853
328,0.560000000000004,0.9558333515867762,1.0,1.0036102635267143
329,0.5800000000000036,0.9530161292605518,1.0,1.004210097353091
330,0.6000000000000041,0.9501989069343272,1.0,1.0048027497804584
331,0.6200000000000045,0.9473816846081023,1.0,1.0053880666050943
332,0.6400000000000041,0.9445644622818774,1.0,1.0059658966607137
333,0.6600000000000037,0.9417472399556528,1.0,1.0065360919465947
334,0.6800000000000042,0.938930017629428,1.0,1.0070985077524182
335,0.7000000000000046,0.9361127953032028,1.0,1.0076530027796238
336,0.7200000000000042,0.9332955729769786,1.0,1.0081994392590836
337,0.7400000000000038,0.9304783506507538,1.0,1.008737683064907
338,0.7600000000000042,0.927661128324529,1.0,1.0092676038242003
339,0.7800000000000047,0.924843905998304,1.0,1.009789075022611
340,0.8000000000000043,0.9220266836720798,1.0,1.0103019741054935
341,0.8200000000000038,0.9192094613458548,1.0,1.0108061825745487
342,0.8400000000000043,0.91639223901963,1.0,1.0113015860797951
343,0.8600000000000048,0.9135750166934054,1.0,1.0117880745067378
344,0.8800000000000043,0.9107577943671804,1.0,1.0122655420586193
345,0.9000000000000039,0.9079405720409558,1.0,1.0127338873336376
346,0.9200000000000044,0.9051233497147306,1.0,1.0131930133970346
347,0.9400000000000048,0.9023061273885066,1.0,1.0136428278479659
348,0.9600000000000044,0.8994889050622817,1.0,1.0140832428810718
349,0.980000000000004,0.8878057565662338,1.0,1.0145141753426872
350,1.0000000000000044,0.8735650332863645,1.0,1.0149355467816332
351,1.020000000000005,0.8593243100064938,1.0,1.0153472834945427
352,1.0400000000000045,0.8450835867266245,1.0,1.0157493165656903
353,1.060000000000004,0.8308428634467551,1.0,1.0161415819013067
354,1.0800000000000043,0.8166021401668857,1.0,1.0165240202583556
355,1.100000000000005,0.8023614168870155,1.0,1.016896577267785
356,1.1200000000000043,0.7910897163410653,1.0,1.0172592034522556
357,1.140000000000004,0.7826951644366678,1.0,1.0176118542383639
358,1.1600000000000046,0.7743006125322699,1.0,1.0179544899633979
359,1.180000000000005,0.7659060606278724,1.0,1.018287075876663
360,1.2000000000000046,0.7575115087234747,1.0,1.0186095821354209
361,1.2200000000000042,0.7491169568190774,1.0,1.018921983795513
362,1.2400000000000049,0.74072240491468,1.0,1.0192242607967286
363,1.2600000000000051,0.7323278530102821,1.0,1.0195163979429966
364,1.2800000000000047,0.7239333011058846,1.0,1.0197983848774894
365,1.3000000000000045,0.7155387492014869,1.0,1.0200702160527293
366,1.3200000000000047,0.7071441972970888,1.0,1.0203318906958012
367,1.3400000000000052,0.6987496453926916,1.0,1.0205834127687812
368,1.3600000000000048,0.690053054329501,1.0,1.0208247909244983
369,1.3800000000000043,0.6795890473999094,1.0,1.021056038457745
370,1.4000000000000048,0.669125040470317,1.0,1.0212771732520767
371,1.4200000000000053,0.658661033540726,1.0,1.0214882177223263
372,1.4400000000000048,0.6481970266111339,1.0,1.0216891987529788
373,1.4600000000000044,0.6377330196815427,1.0,1.0218801476325483
374,1.4800000000000049,0.6326867806879362,1.0,1.0220610999841118
375,1.500000000000005,0.6277335750252699,1.0,1.0222320956921473
376,1.520000000000005,0.6227803693626043,1.0,1.0223931788258422
377,1.5400000000000045,0.6178271636999385,1.0,1.022544397559025
378,1.560000000000005,0.6128739580372731,1.0,1.022685804086892
379,1.5800000000000054,0.6079207523746069,1.0,1.0228174545396924
380,1.600000000000005,0.6029675467119419,1.0,1.0229394088935373
381,1.6200000000000043,0.5980143410492769,1.0,1.0230517308785143
382,1.640000000000005,0.5930611353866106,1.0,1.0231544878842647
383,1.6600000000000057,0.5881079297239445,1.0,1.0232477508632114
384,1.680000000000005,0.5831547240612792,1.0,1.0233315942315995
385,1.7000000000000046,0.5782015183986131,1.0,1.023406095768531
386,1.720000000000005,0.5732483127359472,1.0,1.023471336513164
387,1.7400000000000055,0.5682951070732816,1.0,1.0235274006602522
388,1.7600000000000051,0.5633419014106158,1.0,1.023574375454192
389,1.7800000000000047,0.5583886957479505,1.0,1.023612351081758
390,1.8000000000000052,0.5534354900852848,1.0,1.0236414205636872
391,1.8200000000000056,0.5484822844226186,1.0,1.0236616796452849
392,1.8400000000000047,0.5435290787599534,1.0,1.0236732266862212
393,1.8600000000000048,0.5385758730972875,1.0,1.0236761625496738
394,1.8800000000000048,0.5336226674346217,1.0,1.0236705904909869
395,1.9000000000000057,0.528669461771956,1.0,1.0236566160459992
396,1.9200000000000053,0.5237162561092895,1.0,1.0236343469191995
397,1.9400000000000048,0.5187630504466247,1.0,1.0236038928718578
398,1.9600000000000053,0.5138026244656551,1.0,1.0235653656102852
399,1.9800000000000055,0.5088169650047454,1.0,1.0235188786743634
400,-1.9999999999999984,0.4474324861395036,2.0,0.5144039686320789
401,-1.9799999999999984,0.4519068110008987,2.0,0.5156792508161518
402,-1.9599999999999984,0.4563811358622937,2.0,0.5170393217407208
403,-1.9399999999999984,0.4608554607236887,2.0,0.5184856905295182
404,-1.9199999999999984,0.465329785585084,2.0,0.5200198510860689
405,-1.899999999999998,0.469804110446479,2.0,0.521643278447872
406,-1.879999999999998,0.4742784353078738,2.0,0.5233574248808044
407,-1.859999999999998,0.4787527601692692,2.0,0.525163715704853
408,-1.839999999999998,0.4832270850306639,2.0,0.5270635448430612
409,-1.819999999999998,0.4877014098920592,2.0,0.5290582700865618
410,-1.799999999999998,0.4921757347534543,2.0,0.5311492080697602
411,-1.779999999999998,0.4966500596148492,2.0,0.5333376289511595
412,-1.759999999999998,0.5011243844762441,2.0,0.5356247507970195
413,-1.739999999999998,0.5055987093376392,2.0,0.5380117336670047
414,-1.719999999999998,0.5100730341990345,2.0,0.5404996734032385
415,-1.699999999999998,0.5145473590604295,2.0,0.5430895951267767
416,-1.679999999999998,0.5190216839218246,2.0,0.5457824464484113
417,-1.659999999999998,0.5234960087832191,2.0,0.5485790904039908
418,-1.639999999999998,0.5279703336446145,2.0,0.5514802981280407
419,-1.619999999999998,0.5324446585060096,2.0,0.5544867412834493
420,-1.599999999999998,0.5372125697614336,2.0,0.557598984269299
421,-1.579999999999998,0.5420510634713872,2.0,0.5608174762336016
422,-1.5599999999999978,0.5468895571813417,2.0,0.5641425429226852
423,-1.5399999999999978,0.5517280508912958,2.0,0.5675743784042995
424,-1.5199999999999978,0.5565665446012503,2.0,0.571113036707044
425,-1.4999999999999978,0.5614050383112049,2.0,0.5747584234245273
426,-1.4799999999999978,0.5662435320211593,2.0,0.5785102873385833
427,-1.4599999999999975,0.5710820257311133,2.0,0.5823682121218752
428,-1.4399999999999975,0.5759205194410677,2.0,0.5863316081862129
429,-1.4199999999999977,0.5807590131510219,2.0,0.5903997047487752
430,-1.3999999999999977,0.5855975068609767,2.0,0.5945715421940571
431,-1.3799999999999977,0.5904599854792393,2.0,0.5988459648146136
432,-1.3599999999999977,0.5956845309659754,2.0,0.6032216140184004
433,-1.3399999999999976,0.6009090764527107,2.0,0.6076969220945725
434,-1.3199999999999976,0.6065037424961737,2.0,0.61227010663279
435,-1.2999999999999976,0.6132458397706622,2.0,0.6169391656932826
436,-1.2799999999999976,0.6199879370451512,2.0,0.6217018738259177
437,-1.2599999999999976,0.6267300343196394,2.0,0.6265557790361498
438,-1.2399999999999975,0.6334721315941283,2.0,0.6314982007938561
439,-1.2199999999999975,0.6402142288686168,2.0,0.6365262291775237
440,-1.1999999999999975,0.6469563261431053,2.0,0.6416367252409129
441,-1.1799999999999975,0.6536984234175939,2.0,0.64682632268213
442,-1.1599999999999977,0.6604405206920827,2.0,0.6520914308858934
443,-1.1399999999999977,0.6671826179665713,2.0,0.6574282393986774
444,-1.1199999999999974,0.6739247152410596,2.0,0.6628327238834096
445,-1.0999999999999974,0.6806668125155484,2.0,0.6683006535855401
446,-1.0799999999999974,0.687408909790037,2.0,0.6738276003257664
447,-1.0599999999999974,0.6941510070645255,2.0,0.6794089490166466
448,-1.0399999999999974,0.7008931043390142,2.0,0.6850399096810916
449,-1.0199999999999974,0.7083391594270564,2.0,0.6907155309305246
450,-0.9999999999999972,0.7175165941634992,2.0,0.6964307148397859
451,-0.9799999999999972,0.7266940288999415,2.0,0.7021802331349903
452,-0.9599999999999972,0.7358714636363839,2.0,0.7079587445900095
453,-0.9399999999999972,0.7450488983728264,2.0,0.7137608135074887
454,-0.9199999999999972,0.7542263331092691,2.0,0.7195809291418053
455,-0.8999999999999972,0.7634037678457114,2.0,0.725413525904629
456,-0.8799999999999972,0.7725812025821539,2.0,0.731253004179166
457,-0.8599999999999972,0.7817586373185967,2.0,0.7370937515571893
458,-0.8399999999999972,0.790936072055039,2.0,0.7429301643039421
459,-0.8199999999999972,0.8001135067914814,2.0,0.7487566688502119
460,-0.7999999999999972,0.807969170707576,2.0,0.7545677431085183
461,-0.7799999999999971,0.8108887959357021,2.0,0.760357937411575
462,-0.7599999999999971,0.813083983592753,2.0,0.7661218948759563
463,-0.7399999999999971,0.8152791712498034,2.0,0.7718543710021428
464,-0.7199999999999971,0.817474358906854,2.0,0.7775502523336932
465,-0.6999999999999971,0.8196695465639044,2.0,0.7832045740128457
466,-0.679999999999997,0.8218647342209554,2.0,0.7888125360871088
467,-0.659999999999997,0.8240599218780056,2.0,0.794369518440867
468,-0.639999999999997,0.826255109535056,2.0,0.7998710942472673
469,-0.619999999999997,0.8284502971921064,2.0,0.8053130418581012
470,-0.599999999999997,0.8306454848491571,2.0,0.810691355072565
471,-0.579999999999997,0.8333510988908475,2.0,0.8160022517490766
472,-0.559999999999997,0.8368227444832383,2.0,0.821242180747277
473,-0.5399999999999969,0.8398246479720701,2.0,0.8264078272094093
474,-0.5199999999999969,0.8438561885735885,2.0,0.8314961162110686
475,-0.4999999999999969,0.8487720015812804,2.0,0.8365042148304067
476,-0.4799999999999969,0.8536878145889724,2.0,0.8414295327020078
477,-0.4599999999999968,0.8586036275966651,2.0,0.8462697211365326
478,-0.4399999999999968,0.863519440604357,2.0,0.851022670899753
479,-0.4199999999999968,0.8679243084410204,2.0,0.8556865087546217
480,-0.3999999999999968,0.8713305967667153,2.0,0.8602595928775947
481,-0.3799999999999968,0.8747368850924105,2.0,0.8647405072655328
482,-0.3599999999999967,0.8781431734181058,2.0,0.8691280552523262
483,-0.3399999999999967,0.8815494617438009,2.0,0.8734212522550155
484,-0.3199999999999967,0.8849557500694956,2.0,0.8776193178678655
485,-0.2999999999999967,0.8883620383951909,2.0,0.8817216674197847
486,-0.2799999999999967,0.891768326720886,2.0,0.8857279031059306
487,-0.2599999999999967,0.8951746150465809,2.0,0.8896378047985436
488,-0.2399999999999966,0.8985809033722759,2.0,0.8934513206352834
489,-0.2199999999999966,0.9019871916979711,2.0,0.8971685574758197
490,-0.1999999999999966,0.9037261508095888,2.0,0.9007897713094193
491,-0.1799999999999966,0.9040438257783268,2.0,0.9043153576879766
492,-0.1599999999999966,0.9043615007470652,2.0,0.9077458422505345
493,-0.1399999999999965,0.9046791757158036,2.0,0.9110818713970428
494,-0.1199999999999965,0.9049968506845418,2.0,0.9143242031610119
495,-0.0999999999999965,0.90531452565328,2.0,0.9174736983229699
496,-0.0799999999999965,0.9056322006220184,2.0,0.9205313117993421
497,-0.0599999999999965,0.905449691371168,2.0,0.9234980843345628
498,-0.0399999999999964,0.904591939995844,2.0,0.9263751345179878
499,-0.0199999999999964,0.90373418862052,2.0,0.9291636511415149
500,3.552713678800501e-15,0.902876437245196,2.0,0.9318648859087684
501,0.0200000000000031,0.903528025166152,2.0,0.9344801465022046
502,0.0400000000000035,0.9078554570124376,2.0,0.937010790010619
503,0.060000000000004,0.9121828888587228,2.0,0.9394582167161583
504,0.0800000000000036,0.9167008117392188,2.0,0.9418238642371244
505,0.1000000000000032,0.9214572785718416,2.0,0.9441092020204851
506,0.1200000000000036,0.9262137454044652,2.0,0.9463157261760717
507,0.1400000000000041,0.9309702122370884,2.0,0.9484449546429277
508,0.1600000000000037,0.9357266790697116,2.0,0.9504984226770663
509,0.1800000000000032,0.9400560543512176,2.0,0.9524776786490254
510,0.2000000000000037,0.9432333663242248,2.0,0.9543842801389777
511,0.2200000000000042,0.9464106782972316,2.0,0.9562197903167686
512,0.2400000000000037,0.9495879902702384,2.0,0.9579857745940479
513,0.2600000000000033,0.9527653022432456,2.0,0.9596837975356065
514,0.2800000000000038,0.9559426142162524,2.0,0.9613154200171188
515,0.3000000000000042,0.9557557808220424,2.0,0.962882196616667
516,0.3200000000000038,0.9551136843883884,2.0,0.9643856732276819
517,0.3400000000000034,0.9544715879547344,2.0,0.9658273848812671
518,0.3600000000000039,0.9512242299075024,2.0,0.9672088537662209
519,0.3800000000000043,0.9476027624019192,2.0,0.9685315874354787
520,0.4000000000000039,0.9589963682541282,2.0,0.969797077188111
521,0.4200000000000035,0.970124619174874,2.0,0.9710067966164297
522,0.4400000000000039,0.980975723837586,2.0,0.9721622003081876
523,0.4600000000000044,0.9918268285002974,2.0,0.9732647226942825
524,0.480000000000004,0.995199313037858,2.0,0.9743157770327924
525,0.5000000000000036,0.9964113122355592,2.0,0.9753167545205828
526,0.520000000000004,0.9971241576975388,2.0,0.9762690235241225
527,0.5400000000000045,0.9973302308416612,2.0,0.9771739289215335
528,0.560000000000004,0.9975363039857832,2.0,0.9780327915482747
529,0.5800000000000036,0.9977423771299057,2.0,0.9788469077392179
530,0.6000000000000041,0.995259259860486,2.0,0.9796175489602283
531,0.6200000000000045,0.9923556332737824,2.0,0.980345961522695
532,0.6400000000000041,0.989452006687079,2.0,0.9810333663747741
533,0.6600000000000037,0.9865483801003754,2.0,0.9816809589634332
534,0.6800000000000042,0.9840323555449068,2.0,0.9822899091616797
535,0.7000000000000046,0.9851733491511008,2.0,0.9828613612556407
536,0.7200000000000042,0.9863143427572948,2.0,0.9833964339864565
537,0.7400000000000038,0.9874553363634888,2.0,0.9838962206422095
538,0.7600000000000042,0.9885963299696828,2.0,0.9843617891953849
539,0.7800000000000047,0.9897373235758772,2.0,0.9847941824815918
540,0.8000000000000043,0.9908783171820712,2.0,0.9851944184155519
541,0.8200000000000038,0.9918292315935936,2.0,0.9855634902405654
542,0.8400000000000043,0.99249717691633,2.0,0.9859023668079112
543,0.8600000000000048,0.9931651222390668,2.0,0.9862119928828614
544,0.8800000000000043,0.9938330675618032,2.0,0.9864932894741871
545,0.9000000000000039,0.9945010128845396,2.0,0.9867471541842532
546,0.9200000000000044,0.9951689582072766,2.0,0.9869744615769867
547,0.9400000000000048,0.995836903530013,2.0,0.9871760635611919
548,0.9600000000000044,0.9965048488527494,2.0,0.9873527897868752
549,0.980000000000004,0.9971727941754858,2.0,0.9875054480524035
550,1.0000000000000044,0.9978407394982224,2.0,0.9876348247204931
551,1.020000000000005,0.9985086848209588,2.0,0.9877416851411795
552,1.0400000000000045,0.9991766301436954,2.0,0.9878267740800739
553,1.060000000000004,0.9998445754664318,2.0,0.9878908161503388
554,1.0800000000000043,1.0005125207891683,2.0,0.9879345162469786
555,1.100000000000005,0.999999999999992,2.0,0.9879585599821301
556,1.1200000000000043,0.993455456228141,2.0,0.987963614120194
557,1.140000000000004,0.9869109124562898,2.0,0.9879503270117349
558,1.1600000000000046,0.9803663686844384,2.0,0.9879193290251966
559,1.180000000000005,0.9738218249125874,2.0,0.9878712329755801
560,1.2000000000000046,0.9672772811407364,2.0,0.9878066345493102
561,1.2200000000000042,0.9607327373688852,2.0,0.9877261127246204
562,1.2400000000000049,0.9545219586455244,2.0,0.9876302301868556
563,1.2600000000000051,0.9484263206869566,2.0,0.9875195337381708
564,1.2800000000000047,0.9423306827283896,2.0,0.9873945547011687
565,1.3000000000000045,0.936235044769822,2.0,0.9872558093160884
566,1.3200000000000047,0.9301394068112544,2.0,0.9871037991312179
567,1.3400000000000052,0.9240437688526868,2.0,0.9869390113862415
568,1.3600000000000048,0.9179481308941198,2.0,0.9867619193883059
569,1.3800000000000043,0.911852492935552,2.0,0.986572982880616
570,1.4000000000000048,0.9057568549769848,2.0,0.9863726484034177
571,1.4200000000000053,0.8996612170184171,2.0,0.9861613496472683
572,1.4400000000000048,0.8935655790598498,2.0,0.9859395077985167
573,1.4600000000000044,0.8874699411012824,2.0,0.9857075318769597
574,1.4800000000000049,0.8813743031427148,2.0,0.9854658190656562
575,1.500000000000005,0.8752786651841473,2.0,0.985214755032914
576,1.520000000000005,0.8691830272255802,2.0,0.9849547142464792
577,1.5400000000000045,0.8630873892670127,2.0,0.9846860602799854
578,1.560000000000005,0.8569917513084452,2.0,0.9844091461117259
579,1.5800000000000054,0.8508961133498775,2.0,0.9841243144158391
580,1.600000000000005,0.8448004753913102,2.0,0.9838318978460017
581,1.6200000000000043,0.8387048374327427,2.0,0.9835322193117335
582,1.640000000000005,0.8326091994741752,2.0,0.9832255922474449
583,1.6600000000000057,0.8265135615156076,2.0,0.9829123208743371
584,1.680000000000005,0.8204179235570401,2.0,0.9825927004553001
585,1.7000000000000046,0.8143222855984729,2.0,0.98226701754294
586,1.720000000000005,0.8082266476399053,2.0,0.9819355502208793
587,1.7400000000000055,0.8021310096813379,2.0,0.9815985683384814
588,1.7600000000000051,0.7960353717227702,2.0,0.9812563337391396
589,1.7800000000000047,0.7899397337642033,2.0,0.9809091004822861
590,1.8000000000000052,0.7838440958056356,2.0,0.980557115059272
591,1.8200000000000056,0.777748457847068,2.0,0.9802006166032673
592,1.8400000000000047,0.7716528198885009,2.0,0.9798398370933348
593,1.8600000000000048,0.765557181929933,2.0,0.9794750015528255
594,1.8800000000000048,0.7594615439713657,2.0,0.9791063282422487
595,1.9000000000000057,0.7533659060127983,2.0,0.9787340288467616
596,1.9200000000000053,0.7472492664991983,2.0,0.9783583086584242
597,1.9400000000000048,0.7409987190465622,2.0,0.9779793667533665
598,1.9600000000000053,0.734748171593926,2.0,0.9775973961640039
599,1.9800000000000055,0.7284976241412897,2.0,0.9772125840464474
600,-1.9999999999999984,0.9999610041871896,3.0,1.0324915699839285
601,-1.9799999999999984,0.99996061480315,3.0,1.0316919737675603
602,-1.9599999999999984,0.9999602254191104,3.0,1.0308933612432618
603,-1.9399999999999984,0.9999598360350708,3.0,1.0300958082852647
604,-1.9199999999999984,0.9999594466510314,3.0,1.0292993920540605
605,-1.899999999999998,0.999959057266992,3.0,1.028504191014437
606,-1.879999999999998,0.9999586678829522,3.0,1.0277102849537212
607,-1.859999999999998,0.9999582784989128,3.0,1.0269177550002353
608,-1.839999999999998,0.9999578891148732,3.0,1.026126683641957
609,-1.819999999999998,0.9999574997308336,3.0,1.025337154745384
610,-1.799999999999998,0.999957110346794,3.0,1.0245492535745886
611,-1.779999999999998,0.9999567209627546,3.0,1.0237630668104587
612,-1.759999999999998,0.9999563315787148,3.0,1.0229786825701122
613,-1.739999999999998,0.9999559421946752,3.0,1.0221961904264634
614,-1.719999999999998,0.9999555528106356,3.0,1.0214156814279334
615,-1.699999999999998,0.9999551634265964,3.0,1.0206372481182675
616,-1.679999999999998,0.9999547740425566,3.0,1.019860984556439
617,-1.659999999999998,0.999954384658517,3.0,1.0190869863366028
618,-1.639999999999998,0.9999539952744776,3.0,1.0183153506080487
619,-1.619999999999998,0.999953605890438,3.0,1.0175461760951108
620,-1.599999999999998,0.9999532165063983,3.0,1.016779563116963
621,-1.579999999999998,0.9999528271223588,3.0,1.016015613607232
622,-1.5599999999999978,0.9999524377383192,3.0,1.015254431133335
623,-1.5399999999999978,0.9999520483542798,3.0,1.014496120915433
624,-1.5199999999999978,0.99995165897024,3.0,1.013740789844889
625,-1.4999999999999978,0.9999512695862004,3.0,1.0129885465020678
626,-1.4799999999999978,0.999950880202161,3.0,1.0122395011733212
627,-1.4599999999999975,0.9999504908181216,3.0,1.0114937658669483
628,-1.4399999999999975,0.9999500465383692,3.0,1.010751454327897
629,-1.4199999999999977,0.9999494744327582,3.0,1.010012682050947
630,-1.3999999999999977,0.9999489023271472,3.0,1.0092775662920346
631,-1.3799999999999977,0.999948330221536,3.0,1.0085462260773745
632,-1.3599999999999977,0.999947758115925,3.0,1.0078187822099347
633,-1.3399999999999976,0.9999471860103138,3.0,1.0070953572727823
634,-1.3199999999999976,0.9999466139047029,3.0,1.0063760756287292
635,-1.2999999999999976,0.999940434200664,3.0,1.0056610634156158
636,-1.2799999999999976,0.9999310606865636,3.0,1.0049504485364844
637,-1.2599999999999976,0.9997078117576004,3.0,1.0042443606437725
638,-1.2399999999999975,0.998312836674942,3.0,1.0035429311165287
639,-1.2199999999999975,0.9969184424415676,3.0,1.0028462930295063
640,-1.1999999999999975,0.995524048208193,3.0,1.0021545811128307
641,-1.1799999999999975,0.9941296539748185,3.0,1.001467931700741
642,-1.1599999999999977,0.992735259741444,3.0,1.000786482667698
643,-1.1399999999999977,0.9916572780816032,3.0,1.0001103733499026
644,-1.1199999999999974,0.991245490710645,3.0,0.9994397444500087
645,-1.0999999999999974,0.9908337033396868,3.0,0.9987747379224892
646,-1.0799999999999974,0.9903473306666056,3.0,0.9981154968367797
647,-1.0599999999999974,0.9898475807113128,3.0,0.9974621652149236
648,-1.0399999999999974,0.98934783075602,3.0,0.9968148878400074
649,-1.0199999999999974,0.9888480808007272,3.0,0.9961738100311686
650,-0.9999999999999972,0.9883483308454344,3.0,0.9955390773804054
651,-0.9799999999999972,0.9878485808901416,3.0,0.9949108354457944
652,-0.9599999999999972,0.9873488309348488,3.0,0.994289229395011
653,-0.9399999999999972,0.9869186302799228,3.0,0.9936744035922648
654,-0.9199999999999972,0.986582950370155,3.0,0.9930665011208837
655,-0.8999999999999972,0.986383239042876,3.0,0.9924656632328029
656,-0.8799999999999972,0.9862162524867198,3.0,0.9918720287151109
657,-0.8599999999999972,0.986049265930564,3.0,0.9912857331626006
658,-0.8399999999999972,0.9858822793744078,3.0,0.9907069081439198
659,-0.8199999999999972,0.9857152928182517,3.0,0.9901356802474188
660,-0.7999999999999972,0.9855483062620954,3.0,0.9895721699911432
661,-0.7799999999999971,0.9853673874726256,3.0,0.9890164905795967
662,-0.7599999999999971,0.985140641726848,3.0,0.9884687464878918
663,-0.7399999999999971,0.9849138959810704,3.0,0.9879290318517139
664,-0.7199999999999971,0.9846871502352932,3.0,0.9873974286391157
665,-0.6999999999999971,0.9844604044895156,3.0,0.986874004577547
666,-0.679999999999997,0.9842336587437382,3.0,0.986358810806679
667,-0.659999999999997,0.9840069129979608,3.0,0.9858518792245176
668,-0.639999999999997,0.9837801672521834,3.0,0.9853532194910035
669,-0.619999999999997,0.983553421506406,3.0,0.9848628156497774
670,-0.599999999999997,0.9833266757606284,3.0,0.9843806223250349
671,-0.579999999999997,0.9830999300148512,3.0,0.9839065604464762
672,-0.559999999999997,0.9828731842690736,3.0,0.9834405124512281
673,-0.5399999999999969,0.9826464385232964,3.0,0.9829823169073776
674,-0.5199999999999969,0.9824196927775188,3.0,0.9825317624994295
675,-0.4999999999999969,0.9820262905175492,3.0,0.9820885813116758
676,-0.4799999999999969,0.9813197814463872,3.0,0.981652441341202
677,-0.4599999999999968,0.9808691318638112,3.0,0.9812229381682279
678,-0.4399999999999968,0.980590159553656,3.0,0.9807995857077831
679,-0.4199999999999968,0.9803111872435012,3.0,0.9803818059635462
680,-0.3999999999999968,0.9800942770460072,3.0,0.9799689177022751
681,-0.3799999999999968,0.9799871913897276,3.0,0.979560123965867
682,-0.3599999999999967,0.9796009105540804,3.0,0.9791544983379898
683,-0.3399999999999967,0.978603598020536,3.0,0.9787509698838797
684,-0.3199999999999967,0.9775358155813834,3.0,0.9783483066855998
685,-0.2999999999999967,0.976464803991196,3.0,0.9779450979013999
686,-0.2799999999999967,0.9753619394821278,3.0,0.9775397342872597
687,-0.2599999999999967,0.9742590749730596,3.0,0.9771303871318762
688,-0.2399999999999966,0.9731562104639914,3.0,0.9767149855739424
689,-0.2199999999999966,0.972053345954923,3.0,0.9762911922931924
690,-0.1999999999999966,0.9709805634583762,3.0,0.9758563775951504
691,-0.1799999999999966,0.9699223225374798,3.0,0.9754075919445124
692,-0.1599999999999966,0.9688640816165832,3.0,0.9749415370443297
693,-0.1399999999999965,0.9678058406956864,3.0,0.9744545356083137
694,-0.1199999999999965,0.96674759977479,3.0,0.9739425000321603
695,-0.0999999999999965,0.9656893588538932,3.0,0.9734009002372073
696,-0.0799999999999965,0.9646311179329966,3.0,0.9728247310360446
697,-0.0599999999999965,0.9635728770121,3.0,0.9722084794547927
698,-0.0399999999999964,0.9625146360912036,3.0,0.9715460925399072
699,-0.0199999999999964,0.9614563951703068,3.0,0.9708309462775208
700,3.552713678800501e-15,0.9603981542494102,3.0,0.9700558163586488
701,0.0200000000000031,0.9587095856318956,3.0,0.9692128516315957
702,0.0400000000000035,0.9568462132324872,3.0,0.9682935511903523
703,0.060000000000004,0.9549828408330784,3.0,0.9672887461504012
704,0.0800000000000036,0.95311946843367,3.0,0.9661885872562214
705,0.1000000000000032,0.951256096034262,3.0,0.964982539541889
706,0.1200000000000036,0.9493927236348532,3.0,0.9636593853208931
707,0.1400000000000041,0.947566607426614,3.0,0.9622072368063309
708,0.1600000000000037,0.9457836471642642,3.0,0.9606135596504659
709,0.1800000000000032,0.9440006869019142,3.0,0.9588652086356886
710,0.2000000000000037,0.9422177266395644,3.0,0.9569484766402485
711,0.2200000000000042,0.940434766377214,3.0,0.9548491578358351
712,0.2400000000000037,0.9386518061148642,3.0,0.9525526258459903
713,0.2600000000000033,0.9368688458525142,3.0,0.9500439273027047
714,0.2800000000000038,0.935085885590164,3.0,0.9473078908845658
715,0.3000000000000042,0.933302925327814,3.0,0.9443292515083682
716,0.3200000000000038,0.9315199650654642,3.0,0.9410927888859415
717,0.3400000000000034,0.9297370048031142,3.0,0.9375834791621477
718,0.3600000000000039,0.927954044540764,3.0,0.9337866578355545
719,0.3800000000000043,0.926171084278414,3.0,0.9296881916509774
720,0.4000000000000039,0.924388124016064,3.0,0.9252746566663641
721,0.4200000000000035,0.9226051637537144,3.0,0.9205335192606068
722,0.4400000000000039,0.920822203491364,3.0,0.9154533164891665
723,0.4600000000000044,0.9151418837417888,3.0,0.9100238319347858
724,0.480000000000004,0.906704609818532,3.0,0.904236263061648
725,0.5000000000000036,0.8982673358952755,3.0,0.8980833760788501
726,0.520000000000004,0.8898300619720185,3.0,0.8915596444620909
727,0.5400000000000045,0.8813927880487615,3.0,0.8846613675728356
728,0.560000000000004,0.872955514125505,3.0,0.8773867662453831
729,0.5800000000000036,0.8645182402022485,3.0,0.8697360527698275
730,0.6000000000000041,0.8560809662789913,3.0,0.8617114733609448
731,0.6200000000000045,0.8476436923557342,3.0,0.8533173219415927
732,0.6400000000000041,0.8392064184324777,3.0,0.8445599248518773
733,0.6600000000000037,0.830769144509221,3.0,0.8354475968875116
734,0.6800000000000042,0.8223318705859641,3.0,0.8259905698377397
735,0.7000000000000046,0.8138945966627071,3.0,0.8162008954024356
736,0.7200000000000042,0.8054573227394505,3.0,0.8060923249910962
737,0.7400000000000038,0.7970200488161938,3.0,0.7956801694207105
738,0.7600000000000042,0.7885827748929368,3.0,0.7849811419189765
739,0.7800000000000047,0.7801455009696798,3.0,0.7740131880953193
740,0.8000000000000043,0.7717082270464234,3.0,0.7627953066632338
741,0.8200000000000038,0.7632709531231666,3.0,0.7513473646888762
742,0.8400000000000043,0.7548336791999097,3.0,0.7396899110135788
743,0.8600000000000048,0.7459670883224176,3.0,0.7278439912677015
744,0.8800000000000043,0.7365080861661625,3.0,0.7158309675786725
745,0.9000000000000039,0.7273170626274554,3.0,0.7036723456978788
746,0.9200000000000044,0.7209806719392163,3.0,0.691389611850195
747,0.9400000000000048,0.7120386746308721,3.0,0.6790040811667151
748,0.9600000000000044,0.7030966773225283,3.0,0.6665367591143491
749,0.980000000000004,0.6945418701537805,3.0,0.6540082169016088
750,1.0000000000000044,0.688020468916562,3.0,0.6414384814315492
751,1.020000000000005,0.6817147411239531,3.0,0.6288469400008745
752,1.0400000000000045,0.6754090133313446,3.0,0.6162522596159664
753,1.060000000000004,0.6691032855387361,3.0,0.6036723205164845
754,1.0800000000000043,0.6627975577461271,3.0,0.5911241632670698
755,1.100000000000005,0.6564918299535183,3.0,0.5786239485971061
756,1.1200000000000043,0.6501861021609099,3.0,0.5661869290353387
757,1.140000000000004,0.6438803743683014,3.0,0.5538274312966895
758,1.1600000000000046,0.6375746465756925,3.0,0.541558848328461
759,1.180000000000005,0.6312689187830837,3.0,0.5293936399069136
760,1.2000000000000046,0.6245273482120977,3.0,0.5173433406877481
761,1.2200000000000042,0.6177130304541352,3.0,0.5054185746497513
762,1.2400000000000049,0.6108987126961727,3.0,0.49362907492468433
763,1.2600000000000051,0.6040843949382102,3.0,0.48198370807359653
764,1.2800000000000047,0.5972700771802477,3.0,0.4704905019457988
765,1.3000000000000045,0.5904557594222855,3.0,0.4591566763380648
766,1.3200000000000047,0.5836414416643229,3.0,0.44798867575497403
767,1.3400000000000052,0.5768271239063605,3.0,0.436992203654144
768,1.3600000000000048,0.5700128061483981,3.0,0.4261722576403537
769,1.3800000000000043,0.563198488390436,3.0,0.41553316514866445
770,1.4000000000000048,0.5563841706324733,3.0,0.4050786192275034
771,1.4200000000000053,0.5499316407095152,3.0,0.3948117140976092
772,1.4400000000000048,0.54349662239031,3.0,0.38473498022127317
773,1.4600000000000044,0.5376506719544527,3.0,0.3748504186684364
774,1.4800000000000049,0.531895518050361,3.0,0.3651595346119005
775,1.500000000000005,0.5262418130690083,3.0,0.35566336982353197
776,1.520000000000005,0.5208772339862556,3.0,0.34636253407716494
777,1.5400000000000045,0.5155126549035027,3.0,0.3372572353924763
778,1.560000000000005,0.51014807582075,3.0,0.32834730907783105
779,1.5800000000000054,0.5047834967379967,3.0,0.31963224554957853
780,1.600000000000005,0.499418917655244,3.0,0.3111112169209434
781,1.6200000000000043,0.4940543385724914,3.0,0.3027831023661193
782,1.640000000000005,0.4886897594897383,3.0,0.29464651227479055
783,1.6600000000000057,0.4833251804069854,3.0,0.2866998112196242
784,1.680000000000005,0.4779606013242327,3.0,0.27894113976460816
785,1.7000000000000046,0.4725960222414799,3.0,0.271368435145885
786,1.720000000000005,0.4672314431587269,3.0,0.2639794508592214
787,1.7400000000000055,0.4618668640759737,3.0,0.2567717751897218
788,1.7600000000000051,0.4565022849932213,3.0,0.24974284872011748
789,1.7800000000000047,0.4511377059104685,3.0,0.24288998085410124
790,1.8000000000000052,0.4457731268277153,3.0,0.23621036539088086
791,1.8200000000000056,0.4404085477449623,3.0,0.2297010951865671
792,1.8400000000000047,0.4350439686622095,3.0,0.2233591759372399
793,1.8600000000000048,0.4296793895794569,3.0,0.21718153911768515
794,1.8800000000000048,0.4243148104967039,3.0,0.21116505410887784
795,1.9000000000000057,0.418950231413951,3.0,0.2053065395463613
796,1.9200000000000053,0.4135843967721049,3.0,0.19960277392079728
797,1.9400000000000048,0.4082122746226467,3.0,0.19405050546109442
798,1.9600000000000053,0.4028401524731888,3.0,0.18864646132973922
799,1.9800000000000055,0.3974680303237309,3.0,0.18338735615920204
800,-1.9999999999999984,0.9227958865656204,4.0,0.8901050765151247
801,-1.9799999999999984,0.9194414154703876,4.0,0.8881974764478533
802,-1.9599999999999984,0.916086944375155,4.0,0.8862878096689567
803,-1.9399999999999984,0.9127324732799224,4.0,0.8843761496173435
804,-1.9199999999999984,0.9093780021846892,4.0,0.8824625700595439
805,-1.899999999999998,0.9060235310894568,4.0,0.8805471450692445
806,-1.879999999999998,0.902669059994224,4.0,0.8786299490058692
807,-1.859999999999998,0.8993145888989914,4.0,0.8767110564921518
808,-1.839999999999998,0.8959601178037584,4.0,0.8747905423906399
809,-1.819999999999998,0.8933100211015553,4.0,0.872868481779076
810,-1.799999999999998,0.8929172178430977,4.0,0.8709449499245844
811,-1.779999999999998,0.89252441458464,4.0,0.8690200222566118
812,-1.759999999999998,0.8921316113261825,4.0,0.8670937743385361
813,-1.739999999999998,0.8917388080677249,4.0,0.8651662818378809
814,-1.719999999999998,0.8913460048092672,4.0,0.8632376204950574
815,-1.699999999999998,0.8909590481983818,4.0,0.8613078660905514
816,-1.679999999999998,0.8905858878839469,4.0,0.8593770944104736
817,-1.659999999999998,0.8902127275695118,4.0,0.8574453812103829
818,-1.639999999999998,0.8898395672550765,4.0,0.8555128021772939
819,-1.619999999999998,0.8882471001628083,4.0,0.8535794328897768
820,-1.599999999999998,0.886098114203309,4.0,0.8516453487760376
821,-1.579999999999998,0.8839491282438097,4.0,0.849710625069891
822,-1.5599999999999978,0.8818001422843104,4.0,0.8477753367645092
823,-1.5399999999999978,0.8796511563248111,4.0,0.8458395585638351
824,-1.5199999999999978,0.8775021703653116,4.0,0.843903364831549
825,-1.4999999999999978,0.8753531844058123,4.0,0.8419668295374682
826,-1.4799999999999978,0.8732041984463129,4.0,0.8400300262012518
827,-1.4599999999999975,0.8710552124868136,4.0,0.8380930278332912
828,-1.4399999999999975,0.868906226527314,4.0,0.8361559068726468
829,-1.4199999999999977,0.8667572405678149,4.0,0.8342187351219037
830,-1.3999999999999977,0.8646082546083157,4.0,0.8322815836788034
831,-1.3799999999999977,0.8624592686488162,4.0,0.8303445228645141
832,-1.3599999999999977,0.8603102826893166,4.0,0.8284076221483919
833,-1.3399999999999976,0.8581612967298176,4.0,0.8264709500690871
834,-1.3199999999999976,0.856012310770318,4.0,0.8245345741518508
835,-1.2999999999999976,0.8538633248108187,4.0,0.8225985608218797
836,-1.2799999999999976,0.8517143388513195,4.0,0.8206629753135599
837,-1.2599999999999976,0.84956535289182,4.0,0.8187278815754473
838,-1.2399999999999975,0.8474163669323207,4.0,0.8167933421708319
839,-1.2199999999999975,0.8452673809728214,4.0,0.8148594181737359
840,-1.1999999999999975,0.843118395013322,4.0,0.812926169060189
841,-1.1799999999999975,0.8409694090538226,4.0,0.8109936525946365
842,-1.1599999999999977,0.8388204230943233,4.0,0.8090619247113269
843,-1.1399999999999977,0.8366714371348238,4.0,0.8071310393905379
844,-1.1199999999999974,0.8345224511753246,4.0,0.8052010485295085
845,-1.0999999999999974,0.8323734652158251,4.0,0.8032720018079395
846,-1.0799999999999974,0.8302244792563258,4.0,0.801343946547943
847,-1.0599999999999974,0.8280754932968265,4.0,0.79941692756833
848,-1.0399999999999974,0.8259265073373272,4.0,0.7974909870331358
849,-1.0199999999999974,0.8237775213778278,4.0,0.7955661642942912
850,-0.9999999999999972,0.8216285354183285,4.0,0.7936424957283799
851,-0.9799999999999972,0.8194795494588292,4.0,0.7917200145674175
852,-0.9599999999999972,0.8173305634993296,4.0,0.7897987507236354
853,-0.9399999999999972,0.8154525256608973,4.0,0.787878730608253
854,-0.9199999999999972,0.814126026852682,4.0,0.7859599769442618
855,-0.8999999999999972,0.8127995280444669,4.0,0.7840425085732783
856,-0.8799999999999972,0.8107311442968552,4.0,0.782126340256548
857,-0.8599999999999972,0.8083401060463136,4.0,0.7802114824702214
858,-0.8399999999999972,0.8059490677957721,4.0,0.7782979411950803
859,-0.8199999999999972,0.8035580295452306,4.0,0.7763857177009182
860,-0.7999999999999972,0.8012482447185765,4.0,0.7744748083258467
861,-0.7799999999999971,0.7990203617873283,4.0,0.772565204250849
862,-0.7599999999999971,0.7967924788560801,4.0,0.77065689126997
863,-0.7399999999999971,0.7945645959248321,4.0,0.7687498495565904
864,-0.7199999999999971,0.7923367129935838,4.0,0.7668440534263232
865,-0.6999999999999971,0.790108830062336,4.0,0.764939471097124
866,-0.679999999999997,0.7878809471310877,4.0,0.7630360644473305
867,-0.659999999999997,0.7856530641998398,4.0,0.7611337887723952
868,-0.639999999999997,0.7834251812685916,4.0,0.7592325925412147
869,-0.619999999999997,0.7811972983373435,4.0,0.7573324171530338
870,-0.599999999999997,0.7789694154060954,4.0,0.755433196696033
871,-0.579999999999997,0.7767415324748473,4.0,0.7535348577088102
872,-0.559999999999997,0.7745136495435991,4.0,0.7516373189461008
873,-0.5399999999999969,0.7722857666123512,4.0,0.7497404911501984
874,-0.5199999999999969,0.7700578836811031,4.0,0.7478442768296661
875,-0.4999999999999969,0.7678300007498551,4.0,0.7459485700470672
876,-0.4799999999999969,0.7656021178186069,4.0,0.7440532562175564
877,-0.4599999999999968,0.7633742348873589,4.0,0.7421582119203194
878,-0.4399999999999968,0.7606180913556969,4.0,0.7402633047249505
879,-0.4199999999999968,0.7566433353051685,4.0,0.738368393034977
880,-0.3999999999999968,0.7526685792546397,4.0,0.7364733259508326
881,-0.3799999999999968,0.7486938232041112,4.0,0.7345779431546468
882,-0.3599999999999967,0.7447190671535827,4.0,0.7326820748192825
883,-0.3399999999999967,0.7407443111030539,4.0,0.7307855415440367
884,-0.3199999999999967,0.7367695550525255,4.0,0.728888154319404
885,-0.2999999999999967,0.7327947990019968,4.0,0.7269897145231873
886,-0.2799999999999967,0.7288200429514682,4.0,0.7250900139500845
887,-0.2599999999999967,0.7248452869009397,4.0,0.7231888348765988
888,-0.2399999999999966,0.720870530850411,4.0,0.7212859501627562
889,-0.2199999999999966,0.7168957747998825,4.0,0.7193811233915982
890,-0.1999999999999966,0.712921018749354,4.0,0.7174741090467378
891,-0.1799999999999966,0.7089462626988253,4.0,0.7155646527273825
892,-0.1599999999999966,0.7049715066482967,4.0,0.7136524913991285
893,-0.1399999999999965,0.7009967505977682,4.0,0.7117373536774138
894,-0.1199999999999965,0.6970219945472395,4.0,0.709818960138796
895,-0.0999999999999965,0.693047238496711,4.0,0.7078970236530798
896,-0.0799999999999965,0.6890724824461822,4.0,0.7059712497267356
897,-0.0599999999999965,0.6850977263956538,4.0,0.7040413368448962
898,-0.0399999999999964,0.6811229703451254,4.0,0.7021069767954606
899,-0.0199999999999964,0.6771482142945966,4.0,0.7001678549543144
900,3.552713678800501e-15,0.6731734582440679,4.0,0.698223650505335
901,0.0200000000000031,0.6691987021935396,4.0,0.6962740365625043
902,0.0400000000000035,0.665223946143011,4.0,0.6943186801540402
903,0.060000000000004,0.6612491900924822,4.0,0.6923572420197345
904,0.0800000000000036,0.6574867329911454,4.0,0.6903893761625747
905,0.1000000000000032,0.656307873715049,4.0,0.6884147290840107
906,0.1200000000000036,0.655129014438952,4.0,0.6864329386187406
907,0.1400000000000041,0.6539501551628553,4.0,0.6844436322694426
908,0.1600000000000037,0.6527712958867586,4.0,0.682446424924336
909,0.1800000000000032,0.6515924366106622,4.0,0.680440915820607
910,0.2000000000000037,0.6504135773345654,4.0,0.6784266845944912
911,0.2200000000000042,0.6480312640293308,4.0,0.6764032862340791
912,0.2400000000000037,0.6453928685020196,4.0,0.6743702447236686
913,0.2600000000000033,0.6427544729747086,4.0,0.6723270451388241
914,0.2800000000000038,0.6401160774473973,4.0,0.6702731239194515
915,0.3000000000000042,0.6380688157251696,4.0,0.6682078570144732
916,0.3200000000000038,0.6360390494038654,4.0,0.6661305455568048
917,0.3400000000000034,0.634009283082561,4.0,0.664040398692075
918,0.3600000000000039,0.6319795167612564,4.0,0.6619365131502413
919,0.3800000000000043,0.6301031379679428,4.0,0.659817849117545
920,0.4000000000000039,0.6285385062584279,4.0,0.6576832019393639
921,0.4200000000000035,0.6269738745489131,4.0,0.6555311691652631
922,0.4400000000000039,0.6254092428393982,4.0,0.6533601124393856
923,0.4600000000000044,0.6238446111298832,4.0,0.6511681137465893
924,0.480000000000004,0.6222799794203685,4.0,0.6489529255524742
925,0.5000000000000036,0.6207153477108538,4.0,0.6467119144296455
926,0.520000000000004,0.6191507160013389,4.0,0.6444419978499272
927,0.5400000000000045,0.6175860842918238,4.0,0.642139573950254
928,0.560000000000004,0.616021452582309,4.0,0.6398004442564643
929,0.5800000000000036,0.6144568208727943,4.0,0.6374197295821945
930,0.6000000000000041,0.6128921891632794,4.0,0.6349917796169495
931,0.6200000000000045,0.6113275574537643,4.0,0.6325100770844684
932,0.6400000000000041,0.6080543623554799,4.0,0.6299671377936462
933,0.6600000000000037,0.6076535188350962,4.0,0.6273544084200637
934,0.6800000000000042,0.6075621597216524,4.0,0.6246621644421934
935,0.7000000000000046,0.6074708006082086,4.0,0.6218794113017033
936,0.7200000000000042,0.6073794414947647,4.0,0.6189937925430049
937,0.7400000000000038,0.6072880823813209,4.0,0.6159915093846896
938,0.7600000000000042,0.6074169373065939,4.0,0.6128572568455728
939,0.7800000000000047,0.6110468553320393,4.0,0.6095741821404113
940,0.8000000000000043,0.6153595825866135,4.0,0.6061238715143271
941,0.8200000000000038,0.6200281422308835,4.0,0.6024863719315093
942,0.8400000000000043,0.6246967018751539,4.0,0.5986402539992077
943,0.8600000000000048,0.6293652615194246,4.0,0.5945627221197602
944,0.8800000000000043,0.634033821163695,4.0,0.5902297770571375
945,0.9000000000000039,0.6387023808079653,4.0,0.5856164348334592
946,0.9200000000000044,0.6433709404522359,4.0,0.5806970041152894
947,0.9400000000000048,0.6480395000965062,4.0,0.5754454220259376
948,0.9600000000000044,0.6527080597407763,4.0,0.5698356456890549
949,0.980000000000004,0.6573766193850465,4.0,0.5638420938795562
950,1.0000000000000044,0.6620451790293171,4.0,0.5574401300867152
951,1.020000000000005,0.6652911373010885,4.0,0.5506065752788382
952,1.0400000000000045,0.6664097627170548,4.0,0.5433202359245204
953,1.060000000000004,0.6675283881330208,4.0,0.5355624306064098
954,1.0800000000000043,0.668647013548987,4.0,0.5273174970793983
955,1.100000000000005,0.669765638964953,4.0,0.5185732610566262
956,1.1200000000000043,0.6708842643809192,4.0,0.5093214484715501
957,1.140000000000004,0.6720028897968855,4.0,0.4995580244999408
958,1.1600000000000046,0.6731215152128514,4.0,0.4892834451796183
959,1.180000000000005,0.6736784073663673,4.0,0.47850281089603586
960,1.2000000000000046,0.6684667225972363,4.0,0.4672259150889292
961,1.2200000000000042,0.6632550378281052,4.0,0.4554671860024767
962,1.2400000000000049,0.6580433530589739,4.0,0.443245523842833
963,1.2600000000000051,0.6528316682898424,4.0,0.4305840400175897
964,1.2800000000000047,0.6476199835207113,4.0,0.41750970893719186
965,1.3000000000000045,0.6424082987515802,4.0,0.40405294593864355
966,1.3200000000000047,0.637196613982449,4.0,0.39024712709817916
967,1.3400000000000052,0.6319849292133174,4.0,0.3761280679617248
968,1.3600000000000048,0.6267732444441866,4.0,0.36173347854678667
969,1.3800000000000043,0.6215615596750553,4.0,0.3471024114312796
970,1.4000000000000048,0.6166763098881626,4.0,0.3322747184710526
971,1.4200000000000053,0.6117959329153451,4.0,0.3172905298405128
972,1.4400000000000048,0.6069155559425281,4.0,0.30218976684837484
973,1.4600000000000044,0.6020351789697109,4.0,0.2870116975211593
974,1.4800000000000049,0.5971548019968935,4.0,0.27179454143456094
975,1.500000000000005,0.5922744250240761,4.0,0.2565751278468413
976,1.520000000000005,0.5873767258050163,4.0,0.2413886089588864
977,1.5400000000000045,0.5824228937791609,4.0,0.22626822817022899
978,1.560000000000005,0.5774690617533051,4.0,0.2112451415659761
979,1.5800000000000054,0.5725152297274496,4.0,0.1963482895753156
980,1.600000000000005,0.5675613977015943,4.0,0.1816043147840969
981,1.6200000000000043,0.5626075656757383,4.0,0.1670375212404225
982,1.640000000000005,0.557653733649883,4.0,0.1526698702292808
983,1.6600000000000057,0.5526999016240273,4.0,0.138521007368907
984,1.680000000000005,0.5477460695981717,4.0,0.1246083159534715
985,1.7000000000000046,0.5427922375723165,4.0,0.11094699168992528
986,1.720000000000005,0.5378384055464606,4.0,0.09755013431009465
987,1.7400000000000055,0.5328845735206051,4.0,0.08442885194558256
988,1.7600000000000051,0.5279307414947494,4.0,0.071592374601156
989,1.7800000000000047,0.522976909468894,4.0,0.059048173526229986
990,1.8000000000000052,0.5180230774430383,4.0,0.04680208374344211
991,1.8200000000000056,0.5130692454171828,4.0,0.03485842743298556
992,1.8400000000000047,0.5081154133913273,4.0,0.023220136280800607
993,1.8600000000000048,0.503149418504634,4.0,0.011888871271120427
994,1.8800000000000048,0.4981630000314559,4.0,0.0008651387357646589
995,1.9000000000000057,0.4931765815582783,4.0,-0.009851598237164111
996,1.9200000000000053,0.4881901630851011,4.0,-0.020262813682994485
997,1.9400000000000048,0.4832037446119233,4.0,-0.030370818365600127
998,1.9600000000000053,0.4782173261387455,4.0,-0.04017866536964071
999,1.9800000000000055,0.4732309076655681,4.0,-0.049690061798613266
1000,-1.9999999999999984,0.9666005168088998,5.0,0.9604061022785118
1001,-1.9799999999999984,0.9672250828177468,5.0,0.9604206894879086
1002,-1.9599999999999984,0.9678496488265936,5.0,0.9604343055349109
1003,-1.9399999999999984,0.9684742148354408,5.0,0.9604469586038678
1004,-1.9199999999999984,0.9690987808442878,5.0,0.9604586580224506
1005,-1.899999999999998,0.969723346853135,5.0,0.9604694143113277
1006,-1.879999999999998,0.970347912861982,5.0,0.9604792392355987
1007,-1.859999999999998,0.9709724788708288,5.0,0.9604881458580448
1008,-1.839999999999998,0.971597044879676,5.0,0.9604961485942523
1009,-1.819999999999998,0.972221610888523,5.0,0.9605032632696744
1010,-1.799999999999998,0.97284617689737,5.0,0.9605095071786915
1011,-1.779999999999998,0.9734707429062172,5.0,0.9605148991457371
1012,-1.759999999999998,0.974095308915064,5.0,0.9605194595885558
1013,-1.739999999999998,0.9747198749239112,5.0,0.9605232105836641
1014,-1.719999999999998,0.975344440932758,5.0,0.9605261759340864
1015,-1.699999999999998,0.9759690069416052,5.0,0.960528381239443
1016,-1.679999999999998,0.976593572950452,5.0,0.9605298539684608
1017,-1.659999999999998,0.9772181389592992,5.0,0.9605306235339988
1018,-1.639999999999998,0.9778427049681464,5.0,0.9605307213706631
1019,-1.619999999999998,0.9784672709769932,5.0,0.9605301810151003
1020,-1.599999999999998,0.9789702426249628,5.0,0.9605290381890663
1021,-1.579999999999998,0.9793175670723748,5.0,0.960527330885355
1022,-1.5599999999999978,0.9789389534636588,5.0,0.9605250994566965
1023,-1.5399999999999978,0.9781474959237004,5.0,0.9605223867077208
1024,-1.5199999999999978,0.9773560383837416,5.0,0.960519237990098
1025,-1.4999999999999978,0.9765645808437832,5.0,0.9605157013009695
1026,-1.4799999999999978,0.97584107930795,5.0,0.9605118273847895
1027,-1.4599999999999975,0.9752134767045608,5.0,0.9605076698387027
1028,-1.4399999999999975,0.9745858741011724,5.0,0.9605032852215891
1029,-1.4199999999999977,0.9739582714977832,5.0,0.9604987331669226
1030,-1.3999999999999977,0.9733306688943943,5.0,0.9604940764995857
1031,-1.3799999999999977,0.9727030662910056,5.0,0.960489381356803
1032,-1.3599999999999977,0.9720754636876168,5.0,0.960484717313361
1033,-1.3399999999999976,0.971447861084228,5.0,0.9604801575112933
1034,-1.3199999999999976,0.9708202584808387,5.0,0.9604757787942251
1035,-1.2999999999999976,0.9701926558774502,5.0,0.960471661846583
1036,-1.2799999999999976,0.9695650532740612,5.0,0.9604678913378875
1037,-1.2599999999999976,0.969354515273398,5.0,0.9604645560723735
1038,-1.2399999999999975,0.9705915664751984,5.0,0.9604617491441887
1039,-1.2199999999999975,0.9718286176769988,5.0,0.9604595680984489
1040,-1.1999999999999975,0.9730656688787992,5.0,0.960458115098453
1041,-1.1799999999999975,0.9743027200805996,5.0,0.9604574970993769
1042,-1.1599999999999977,0.9755397712824,5.0,0.9604578260288068
1043,-1.1399999999999977,0.9767768224842004,5.0,0.9604592189744849
1044,-1.1199999999999974,0.9780138736860008,5.0,0.9604617983796999
1045,-1.0999999999999974,0.9792509248878012,5.0,0.960465692246758
1046,-1.0799999999999974,0.9804879760896016,5.0,0.9604710343490519
1047,-1.0599999999999974,0.981725027291402,5.0,0.9604779644522525
1048,-1.0399999999999974,0.9819303801101336,5.0,0.9604866285452305
1049,-1.0199999999999974,0.981851497427678,5.0,0.9604971790813419
1050,-0.9999999999999972,0.981772614745222,5.0,0.9605097752308032
1051,-0.9799999999999972,0.9816937320627666,5.0,0.960524583144921
1052,-0.9599999999999972,0.9816148493803108,5.0,0.9605417762330302
1053,-0.9399999999999972,0.9818395251926056,5.0,0.9605615354530754
1054,-0.9199999999999972,0.9826640433933818,5.0,0.9605840496168552
1055,-0.8999999999999972,0.9828789013119448,5.0,0.9606095157110366
1056,-0.8799999999999972,0.9825427575529484,5.0,0.9606381392351782
1057,-0.8599999999999972,0.982206613793952,5.0,0.9606701345580806
1058,-0.8399999999999972,0.981819076561651,5.0,0.9607057252939342
1059,-0.8199999999999972,0.9804852678986944,5.0,0.960745144699855
1060,-0.7999999999999972,0.979151459235738,5.0,0.9607886360965407
1061,-0.7799999999999971,0.9778176505727812,5.0,0.9608364533139462
1062,-0.7599999999999971,0.9764838419098248,5.0,0.9608888611640234
1063,-0.7399999999999971,0.9758392788579668,5.0,0.9609461359427671
1064,-0.7199999999999971,0.9752198707113656,5.0,0.96100856596397
1065,-0.6999999999999971,0.9749945167877626,5.0,0.9610764521273003
1066,-0.679999999999997,0.975147322942022,5.0,0.961150108523507
1067,-0.659999999999997,0.9753001290962812,5.0,0.9612298630797629
1068,-0.639999999999997,0.975550285427976,5.0,0.9613160582483693
1069,-0.619999999999997,0.9760753491842208,5.0,0.961409051742242
1070,-0.599999999999997,0.9766004129404652,5.0,0.9615092173208093
1071,-0.579999999999997,0.97712547669671,5.0,0.9616169456301327
1072,-0.559999999999997,0.9776612894090496,5.0,0.9617326451012296
1073,-0.5399999999999969,0.9789204748440908,5.0,0.9618567429107157
1074,-0.5199999999999969,0.9801937476833664,5.0,0.9619896860079624
1075,-0.4999999999999969,0.981274549326018,5.0,0.9621319422130203
1076,-0.4799999999999969,0.9815812828802284,5.0,0.9622840013894769
1077,-0.4599999999999968,0.9818880164344388,5.0,0.9624463766962863
1078,-0.4399999999999968,0.9821947499886492,5.0,0.9626196059222973
1079,-0.4199999999999968,0.9825014835428596,5.0,0.9628042529067424
1080,-0.3999999999999968,0.98280821709707,5.0,0.963000909048259
1081,-0.3799999999999968,0.9831611531809769,5.0,0.963210194904039
1082,-0.3599999999999967,0.9835698473773072,5.0,0.9634327618793841
1083,-0.3399999999999967,0.9839785415736376,5.0,0.9636692940061948
1084,-0.3199999999999967,0.984387235769968,5.0,0.9639205098066375
1085,-0.2999999999999967,0.9847959299662986,5.0,0.9641871642352786
1086,-0.2799999999999967,0.9852046241626292,5.0,0.9644700506892538
1087,-0.2599999999999967,0.9856133183589596,5.0,0.9647700030712911
1088,-0.2399999999999966,0.98602201255529,5.0,0.9650878978845083
1089,-0.2199999999999966,0.9864307067516204,5.0,0.9654246563305269
1090,-0.1999999999999966,0.986839400947951,5.0,0.9657812463733495
1091,-0.1799999999999966,0.9872480951442814,5.0,0.9661586847202359
1092,-0.1599999999999966,0.987656789340612,5.0,0.9665580386570716
1093,-0.1399999999999965,0.9880654835369423,5.0,0.9669804276589866
1094,-0.1199999999999965,0.988474177733273,5.0,0.9674270246766126
1095,-0.0999999999999965,0.9888828719296032,5.0,0.967899056973758
1096,-0.0799999999999965,0.9892915661259338,5.0,0.9683978063625744
1097,-0.0599999999999965,0.9897002603222642,5.0,0.9689246086466665
1098,-0.0399999999999964,0.9901089545185948,5.0,0.9694808520399394
1099,-0.0199999999999964,0.9905176487149252,5.0,0.970067974278237
1100,3.552713678800501e-15,0.9909263429112556,5.0,0.9706874580806029
1101,0.0200000000000031,0.991335037107586,5.0,0.9713408245459942
1102,0.0400000000000035,0.9917437313039168,5.0,0.9720296239878912
1103,0.060000000000004,0.9921524255002472,5.0,0.9727554236119855
1104,0.0800000000000036,0.9925611196965776,5.0,0.9735197913294078
1105,0.1000000000000032,0.992969813892908,5.0,0.9743242748682746
1106,0.1200000000000036,0.9933785080892384,5.0,0.9751703751985941
1107,0.1400000000000041,0.9937872022855688,5.0,0.9760595131189158
1108,0.1600000000000037,0.9941958964818992,5.0,0.9769929876676238
1109,0.1800000000000032,0.99460459067823,5.0,0.9779719248185512
1110,0.2000000000000037,0.9950132848745604,5.0,0.9789972147024384
1111,0.2200000000000042,0.9954219790708908,5.0,0.9800694353676622
1112,0.2400000000000037,0.9958306732672212,5.0,0.9811887608638936
1113,0.2600000000000033,0.9962393674635516,5.0,0.9823548512129874
1114,0.2800000000000038,0.9965921935858312,5.0,0.9835667216401234
1115,0.3000000000000042,0.9969386105587092,5.0,0.9848225882989383
1116,0.3200000000000038,0.9972850275315877,5.0,0.9861196876692415
1117,0.3400000000000034,0.9976314445044656,5.0,0.9874540668762146
1118,0.3600000000000039,0.997977861477344,5.0,0.9888203424275879
1119,0.3800000000000043,0.9983242784502222,5.0,0.9902114253530272
1120,0.4000000000000039,0.9986706954231004,5.0,0.9916182115311782
1121,0.4200000000000035,0.9990171123959788,5.0,0.9930292371864089
1122,0.4400000000000039,0.9992834249244776,5.0,0.9944303012152733
1123,0.4600000000000044,0.9994137113018454,5.0,0.9958040582444816
1124,0.480000000000004,0.9995439976792132,5.0,0.9971295891951508
1125,0.5000000000000036,0.9996742840565808,5.0,0.9983819596681611
1126,0.520000000000004,0.9998045704339484,5.0,0.9995317806558341
1127,0.5400000000000045,0.9999348568113162,5.0,1.000544790831117
1128,0.560000000000004,1.0000651431886838,5.0,1.00138148476653
1129,0.5800000000000036,1.0001954295660516,5.0,1.001996816559697
1130,0.6000000000000041,0.9998112356967432,5.0,1.002340013008997
1131,0.6200000000000045,0.9986415655040464,5.0,1.002354534059235
1132,0.6400000000000041,0.9974718953113496,5.0,1.0019782199618852
1133,0.6600000000000037,0.9963022251186526,5.0,1.0011436636351057
1134,0.6800000000000042,0.995132554925956,5.0,0.9997788422588214
1135,0.7000000000000046,0.993962884733259,5.0,0.9978080335547526
1136,0.7200000000000042,0.992793214540562,5.0,0.9951530291601685
1137,0.7400000000000038,0.9916235443478654,5.0,0.9917346401779299
1138,0.7600000000000042,0.9901503150444636,5.0,0.9874744691689366
1139,0.7800000000000047,0.9884653723297636,5.0,0.982296900023995
1140,0.8000000000000043,0.9859812541025346,5.0,0.9761312344145487
1141,0.8200000000000038,0.9825294915232088,5.0,0.9689138834137445
1142,0.8400000000000043,0.9790064226760524,5.0,0.9605905080493626
1143,0.8600000000000048,0.9754833538288956,5.0,0.9511179953451958
1144,0.8800000000000043,0.9723399451639834,5.0,0.940466158448289
1145,0.9000000000000039,0.9696051166774092,5.0,0.9286190612750864
1146,0.9200000000000044,0.9668702881908348,5.0,0.9155758890379393
1147,0.9400000000000048,0.9641354597042604,5.0,0.9013513141217473
1148,0.9600000000000044,0.9614006312176864,5.0,0.8859753392079017
1149,0.980000000000004,0.958665802731112,5.0,0.8694926329149049
1150,1.0000000000000044,0.9559309742445378,5.0,0.8519614041679642
1151,1.020000000000005,0.9531961457579634,5.0,0.8334518871357979
1152,1.0400000000000045,0.9504613172713892,5.0,0.8140445268460732
1153,1.060000000000004,0.9477264887848148,5.0,0.793827965516017
1154,1.0800000000000043,0.9449916602982408,5.0,0.7728969312570284
1155,1.100000000000005,0.9422568318116664,5.0,0.751350125059945
1156,1.1200000000000043,0.939309310005669,5.0,0.729288190391685
1157,1.140000000000004,0.9352836206235294,5.0,0.7068118342092597
1158,1.1600000000000046,0.9312579312413896,5.0,0.6840201506416418
1159,1.180000000000005,0.92723224185925,5.0,0.6610091807409295
1160,1.2000000000000046,0.9232065524771104,5.0,0.6378707249697355
1161,1.2200000000000042,0.9191802075720772,5.0,0.6146914104789585
1162,1.2400000000000049,0.9140541218404415,5.0,0.5915520033393251
1163,1.2600000000000051,0.9089450379388244,5.0,0.5685269469565909
1164,1.2800000000000047,0.9039840793818265,5.0,0.5456841018646348
1165,1.3000000000000045,0.8990231208248282,5.0,0.5230846586811824
1166,1.3200000000000047,0.89406216226783,5.0,0.5007831948241479
1167,1.3400000000000052,0.8891012037108319,5.0,0.4788278461582492
1168,1.3600000000000048,0.8841402451538335,5.0,0.4572605666021563
1169,1.3800000000000043,0.8782031346322037,5.0,0.4361174514410797
1170,1.4000000000000048,0.8719283157342347,5.0,0.41542910328287075
1171,1.4200000000000053,0.8656534968362657,5.0,0.3952210229630109
1172,1.4400000000000048,0.8593786779382967,5.0,0.37551401101437976
1173,1.4600000000000044,0.853103859040328,5.0,0.3563245684090086
1174,1.4800000000000049,0.8468290401423589,5.0,0.3376652880485246
1175,1.500000000000005,0.8405542212443897,5.0,0.3195452308740517
1176,1.520000000000005,0.834279402346421,5.0,0.3019702824690053
1177,1.5400000000000045,0.8280045834484523,5.0,0.2849434876509654
1178,1.560000000000005,0.8217297645504831,5.0,0.2684653618211373
1179,1.5800000000000054,0.8154549456525141,5.0,0.25253417880215245
1180,1.600000000000005,0.8091801267545453,5.0,0.23714623559228684
1181,1.6200000000000043,0.8029053078565764,5.0,0.2222960949424286
1182,1.640000000000005,0.7966304889586073,5.0,0.2079768069648646
1183,1.6600000000000057,0.7903556700606383,5.0,0.1941801111496088
1184,1.680000000000005,0.7840808511626696,5.0,0.18089662022899547
1185,1.7000000000000046,0.7778060322647009,5.0,0.16811598732357214
1186,1.720000000000005,0.7715312133667316,5.0,0.15582705774555666
1187,1.7400000000000055,0.7652563944687625,5.0,0.14401800674901838
1188,1.7600000000000051,0.7589815755707938,5.0,0.13267646441279832
1189,1.7800000000000047,0.752706756672825,5.0,0.12178962873349848
1190,1.8000000000000052,0.746431937774856,5.0,0.11134436789904471
1191,1.8200000000000056,0.7401571188768868,5.0,0.10132731261315889
1192,1.8400000000000047,0.7338822999789182,5.0,0.09172493925042266
1193,1.8600000000000048,0.7276074810809495,5.0,0.08252364454183365
1194,1.8800000000000048,0.7213326621829801,5.0,0.07370981242203498
1195,1.9000000000000057,0.7150460453989743,5.0,0.06526987361126427
1196,1.9200000000000053,0.7087261934914558,5.0,0.057190358456560036
1197,1.9400000000000048,0.7024063415839374,5.0,0.04945794351656768
1198,1.9600000000000053,0.6960864896764186,5.0,0.042059492341100596
1199,1.9800000000000055,0.6897666377689,5.0,0.03498209086907905
1200,-1.9999999999999984,3.2751131297530147e-15,6.0,-0.0393698362384658
1201,-1.9799999999999984,0.0009475613368781,6.0,-0.033982452079062524
1202,-1.9599999999999984,0.001895122673753,6.0,-0.028557438151903477
1203,-1.9399999999999984,0.0028426840106278,6.0,-0.02309570495663908
1204,-1.9199999999999984,0.0037833944651579,6.0,-0.017598216523654755
1205,-1.899999999999998,0.0046367166358383,6.0,-0.01206599125137741
1206,-1.879999999999998,0.0054900388065184,6.0,-0.006500102680565813
1207,-1.859999999999998,0.0063433609771987,6.0,-0.0009016802006417968
1208,-1.839999999999998,0.0071966831478789,6.0,0.004728090316886875
1209,-1.819999999999998,0.0080500053185593,6.0,0.010387965962837947
1210,-1.799999999999998,0.0089033274892395,6.0,0.016076646317504474
1211,-1.779999999999998,0.0097566496599197,6.0,0.02179277306536221
1212,-1.759999999999998,0.0106099718305999,6.0,0.027534929702076064
1213,-1.739999999999998,0.0114632940012802,6.0,0.03330164133841834
1214,-1.719999999999998,0.0142948421515737,6.0,0.03909137460556114
1215,-1.699999999999998,0.0239652966473499,6.0,0.04490253766603425
1216,-1.679999999999998,0.0336357511431261,6.0,0.050733480334417075
1217,-1.659999999999998,0.0433062056389022,6.0,0.056582494311609
1218,-1.639999999999998,0.0529766601346782,6.0,0.06244781353623559
1219,-1.619999999999998,0.0626471146304545,6.0,0.06832761465646303
1220,-1.599999999999998,0.0723175691262305,6.0,0.0742200176251575
1221,-1.579999999999998,0.081931054855206,6.0,0.0801230864209642
1222,-1.5599999999999978,0.0893172089394287,6.0,0.08603482989750594
1223,-1.5399999999999978,0.0967033630236512,6.0,0.09195320276248527
1224,-1.5199999999999978,0.1040895171078739,6.0,0.09787610668803769
1225,-1.4999999999999978,0.1114756711920964,6.0,0.1038013915532371
1226,-1.4799999999999978,0.118861825276319,6.0,0.10972685681917237
1227,-1.4599999999999975,0.1262479793605417,6.0,0.11565025303653219
1228,-1.4399999999999975,0.1336341334447643,6.0,0.12156928348512745
1229,-1.4199999999999977,0.1410202875289869,6.0,0.127481605944278
1230,-1.3999999999999977,0.1484064416132094,6.0,0.1333848345924768
1231,-1.3799999999999977,0.1557925956974321,6.0,0.13927654203422069
1232,-1.3599999999999977,0.1631787497816546,6.0,0.14515426145141164
1233,-1.3399999999999976,0.1705649038658773,6.0,0.15101548887621247
1234,-1.3199999999999976,0.1779510579500999,6.0,0.15685768558178104
1235,-1.2999999999999976,0.1853372120343226,6.0,0.16267828058683692
1236,-1.2799999999999976,0.1927233661185454,6.0,0.16847467326959537
1237,-1.2599999999999976,0.2001095202027678,6.0,0.17424423608619993
1238,-1.2399999999999975,0.2061878228644226,6.0,0.17998431738845683
1239,-1.2199999999999975,0.2110281211388832,6.0,0.18569224433534126
1240,-1.1999999999999975,0.2158684194133436,6.0,0.19136532589254412
1241,-1.1799999999999975,0.2207087176878042,6.0,0.19700085591411065
1242,-1.1599999999999977,0.2253331427549505,6.0,0.2025961163001539
1243,-1.1399999999999977,0.2297166195901334,6.0,0.20814838022458648
1244,-1.1199999999999974,0.2341000964253167,6.0,0.2136549154268878
1245,-1.0999999999999974,0.2384835732604996,6.0,0.21911298756210384
1246,-1.0799999999999974,0.2443254851403725,6.0,0.22451986360355058
1247,-1.0599999999999974,0.2518140668221864,6.0,0.22987281529309994
1248,-1.0399999999999974,0.255898025989396,6.0,0.23516912263445333
1249,-1.0199999999999974,0.2592311449420427,6.0,0.24040607742549586
1250,-0.9999999999999972,0.2625642638946894,6.0,0.24558098682663365
1251,-0.9799999999999972,0.2658973828473361,6.0,0.2506911769630297
1252,-0.9599999999999972,0.2692305017999829,6.0,0.2557339965598039
1253,-0.9399999999999972,0.2725636207526294,6.0,0.2607068206106426
1254,-0.9199999999999972,0.2758967397052763,6.0,0.26560705408181545
1255,-0.8999999999999972,0.2792298586579229,6.0,0.27043213565538593
1256,-0.8799999999999972,0.2825629776105697,6.0,0.2751795415174301
1257,-0.8599999999999972,0.2858960965632165,6.0,0.27984678919933725
1258,-0.8399999999999972,0.2892292155158632,6.0,0.284431441482814
1259,-0.8199999999999972,0.29256233446851,6.0,0.2889311103820434
1260,-0.7999999999999972,0.2958954534211567,6.0,0.2933434612195718
1261,-0.7799999999999971,0.2992285723738036,6.0,0.29766621681597205
1262,-0.7599999999999971,0.3025616913264503,6.0,0.3018971618171184
1263,-0.7399999999999971,0.3058948102790971,6.0,0.3060341471870947
1264,-0.7199999999999971,0.3092279292317437,6.0,0.31007509489930446
1265,-0.6999999999999971,0.3125610481843904,6.0,0.3140180028633324
1266,-0.679999999999997,0.315894167137037,6.0,0.31786095013049276
1267,-0.659999999999997,0.319227286089684,6.0,0.32160210242684456
1268,-0.639999999999997,0.3225604050423307,6.0,0.32523971806877455
1269,-0.619999999999997,0.3258935239949773,6.0,0.32877215432300977
1270,-0.599999999999997,0.329226642947624,6.0,0.3321978742802082
1271,-0.579999999999997,0.3325597619002708,6.0,0.33551545431901314
1272,-0.559999999999997,0.3358928808529174,6.0,0.33872359224568727
1273,-0.5399999999999969,0.3392259998055644,6.0,0.3418211162031158
1274,-0.5199999999999969,0.3425591187582111,6.0,0.34480699445205776
1275,-0.4999999999999969,0.3458922377108579,6.0,0.3476803461369821
1276,-0.4799999999999969,0.3492253566635045,6.0,0.3504404531585179
1277,-0.4599999999999968,0.3525584756161513,6.0,0.35308677328443705
1278,-0.4399999999999968,0.3558915945687981,6.0,0.3556189546409258
1279,-0.4199999999999968,0.3592247135214446,6.0,0.358036851735522
1280,-0.3999999999999968,0.3625578324740914,6.0,0.3603405431722234
1281,-0.3799999999999968,0.365890951426738,6.0,0.36253035122748
1282,-0.3599999999999967,0.369224070379385,6.0,0.36460686346271426
1283,-0.3399999999999967,0.3725571893320317,6.0,0.36657095655395056
1284,-0.3199999999999967,0.3758903082846784,6.0,0.36842382252145073
1285,-0.2999999999999967,0.3792234272373253,6.0,0.3701669975409524
1286,-0.2799999999999967,0.382556546189972,6.0,0.37180239351205435
1287,-0.2599999999999967,0.3858896651426188,6.0,0.3733323325471023
1288,-0.2399999999999966,0.3892227840952654,6.0,0.37475958452379887
1289,-0.2199999999999966,0.392555903047912,6.0,0.376087407814604
1290,-0.1999999999999966,0.3958052262519634,6.0,0.3773195932631863
1291,-0.1799999999999966,0.3985930647187345,6.0,0.37846051141959336
1292,-0.1599999999999966,0.4013809031855055,6.0,0.3795151629676291
1293,-0.1399999999999965,0.4041105634994354,6.0,0.38048923217567815
1294,-0.1199999999999965,0.405926338704255,6.0,0.3813891430704528
1295,-0.0999999999999965,0.4069744984366485,6.0,0.38222211786560767
1296,-0.0799999999999965,0.4075819654048835,6.0,0.3829962369664208
1297,-0.0599999999999965,0.4076818698716319,6.0,0.3837204996093789
1298,-0.0399999999999964,0.4077817743383801,6.0,0.3844048838718115
1299,-0.0199999999999964,0.4078816788051282,6.0,0.3850604043911303
1300,3.552713678800501e-15,0.4079815832718761,6.0,0.385699165654164
1301,0.0200000000000031,0.4080814877386244,6.0,0.3863344081426744
1302,0.0400000000000035,0.4081813922053725,6.0,0.38698054393976417
1303,0.060000000000004,0.4082812966721206,6.0,0.38765317760346013
1304,0.0800000000000036,0.4083812011388683,6.0,0.38836910719148604
1305,0.1000000000000032,0.4084811056056167,6.0,0.38914629927419675
1306,0.1200000000000036,0.4085810100723648,6.0,0.39000383060953275
1307,0.1400000000000041,0.4086809145391131,6.0,0.39096178789798497
1308,0.1600000000000037,0.4087808190058611,6.0,0.39204111573149
1309,0.1800000000000032,0.4088807234726092,6.0,0.3932634015722197
1310,0.2000000000000037,0.4089806279393575,6.0,0.3946505854596883
1311,0.2200000000000042,0.4090805324061053,6.0,0.39622458131347765
1312,0.2400000000000037,0.4091804368728532,6.0,0.39800679640430847
1313,0.2600000000000033,0.4092803413396017,6.0,0.40001753611307267
1314,0.2800000000000038,0.4093802458063496,6.0,0.4022752828719789
1315,0.3000000000000042,0.4094801502730976,6.0,0.40479584164818966
1316,0.3200000000000038,0.4095800547398457,6.0,0.40759135000976227
1317,0.3400000000000034,0.4096799592065939,6.0,0.41066915923992897
1318,0.3600000000000039,0.4097798636733422,6.0,0.4140306046021916
1319,0.3800000000000043,0.4098797681400903,6.0,0.41766969797274295
1320,0.4000000000000039,0.4099796726068384,6.0,0.4215717945449604
1321,0.4200000000000035,0.4100795770735865,6.0,0.4257123064843872
1322,0.4400000000000039,0.4101794815403344,6.0,0.43005555876957235
1323,0.4600000000000044,0.4102793860070826,6.0,0.4345539034916759
1324,0.480000000000004,0.410379290473831,6.0,0.4391472250362142
1325,0.5000000000000036,0.4104791949405789,6.0,0.44376297536596254
1326,0.520000000000004,0.4105790994073271,6.0,0.44831687119305336
1327,0.5400000000000045,0.4106790038740752,6.0,0.452714358780846
1328,0.560000000000004,0.4107789083408232,6.0,0.45685290477462714
1329,0.5800000000000036,0.4108788128075715,6.0,0.460625103233198
1330,0.6000000000000041,0.4109787172743194,6.0,0.46392250456182216
1331,0.6200000000000045,0.4110786217410675,6.0,0.46663998063998535
1332,0.6400000000000041,0.4111785262078157,6.0,0.4686803553544314
1333,0.6600000000000037,0.4112784306745635,6.0,0.4699589661330261
1334,0.6800000000000042,0.411378335141312,6.0,0.47040779379072484
1335,0.7000000000000046,0.41147823960806,6.0,0.46997881409880626
1336,0.7200000000000042,0.411578144074808,6.0,0.4686462863938675
1337,0.7400000000000038,0.4116780485415562,6.0,0.46640779493949924
1338,0.7600000000000042,0.4117779530083043,6.0,0.463283982747095
1339,0.7800000000000047,0.4118778574750527,6.0,0.45931704587624494
1340,0.8000000000000043,0.4119777619418006,6.0,0.45456816951280404
1341,0.8200000000000038,0.4120776664085487,6.0,0.44911417003861215
1342,0.8400000000000043,0.4121775708752969,6.0,0.44304365133214474
1343,0.8600000000000048,0.4122774753420449,6.0,0.43645298775788854
1344,0.8800000000000043,0.4126511662023063,6.0,0.4294424163624688
1345,0.9000000000000039,0.4153239015468367,6.0,0.4221124666212784
1346,0.9200000000000044,0.4179966368913673,6.0,0.414560889177947
1347,0.9400000000000048,0.4206693722358977,6.0,0.40688017612561034
1348,0.9600000000000044,0.4233421075804284,6.0,0.3991557028782253
1349,0.980000000000004,0.4260148429249586,6.0,0.3914644709189065
1350,1.0000000000000044,0.428687578269489,6.0,0.38387439406299617
1351,1.020000000000005,0.4313603136140197,6.0,0.3764440482878818
1352,1.0400000000000045,0.4340330489585501,6.0,0.3692227949569918
1353,1.060000000000004,0.4367057843030802,6.0,0.36225118681082574
1354,1.0800000000000043,0.439378519647611,6.0,0.3555615725641113
1355,1.100000000000005,0.4420512549921416,6.0,0.34917882667010003
1356,1.1200000000000043,0.4447239903366719,6.0,0.3431211435647041
1357,1.140000000000004,0.4473967256812024,6.0,0.337400848799747
1358,1.1600000000000046,0.4500694610257327,6.0,0.33202519176646234
1359,1.180000000000005,0.4527421963702633,6.0,0.32699709551333156
1360,1.2000000000000046,0.4554149317147936,6.0,0.32231584815894143
1361,1.2200000000000042,0.4580876670593241,6.0,0.3179777275372839
1362,1.2400000000000049,0.4607604024038549,6.0,0.31397655610814645
1363,1.2600000000000051,0.4634331377483854,6.0,0.3103041870343608
1364,1.2800000000000047,0.4661058730929157,6.0,0.3069509249279107
1365,1.3000000000000045,0.4687786084374462,6.0,0.3039058863591882
1366,1.3200000000000047,0.4714513437819766,6.0,0.30115730604949326
1367,1.3400000000000052,0.4741240791265071,6.0,0.2986927949358981
1368,1.3600000000000048,0.4767968144710375,6.0,0.29649955618299967
1369,1.3800000000000043,0.4794695498155683,6.0,0.29456456485496946
1370,1.4000000000000048,0.4821422851600982,6.0,0.29287471645811947
1371,1.4200000000000053,0.484815020504629,6.0,0.29141694899503734
1372,1.4400000000000048,0.4874877558491592,6.0,0.2901783425895167
1373,1.4600000000000044,0.4901604911936896,6.0,0.28914620018200177
1374,1.4800000000000049,0.4928332265382203,6.0,0.28830811227933806
1375,1.500000000000005,0.4955059618827506,6.0,0.287652008281384
1376,1.520000000000005,0.498178697227281,6.0,0.28716619650451314
1377,1.5400000000000045,0.5008514325718115,6.0,0.2868393946773804
1378,1.560000000000005,0.5035241679163424,6.0,0.2866607523937921
1379,1.5800000000000054,0.5061969032608727,6.0,0.2866198667656417
1380,1.600000000000005,0.5088696386054031,6.0,0.28670679231941515
1381,1.6200000000000043,0.5115423739499337,6.0,0.286912046016465
1382,1.640000000000005,0.5145262738075198,6.0,0.28722660814406187
1383,1.6600000000000057,0.5180367986341745,6.0,0.2876419197157333
1384,1.680000000000005,0.5215473234608291,6.0,0.2881498769307869
1385,1.7000000000000046,0.5250578482874836,6.0,0.28874282317014044
1386,1.720000000000005,0.5285683731141386,6.0,0.2894135389452438
1387,1.7400000000000055,0.5320788979407932,6.0,0.29015523016625233
1388,1.7600000000000051,0.5355894227674479,6.0,0.2909615150524894
1389,1.7800000000000047,0.5390999475941023,6.0,0.2918264099709609
1390,1.8000000000000052,0.5426104724207573,6.0,0.29274431445592364
1391,1.8200000000000056,0.5461209972474125,6.0,0.29370999563334926
1392,1.8400000000000047,0.5496315220740665,6.0,0.29471857224780784
1393,1.8600000000000048,0.5531420469007212,6.0,0.2957654984653796
1394,1.8800000000000048,0.5566525717273764,6.0,0.2968465476042944
1395,1.9000000000000057,0.5601630965540306,6.0,0.29795779592489957
1396,1.9200000000000053,0.5636736213806858,6.0,0.29909560659205026
1397,1.9400000000000048,0.56718414620734,6.0,0.3002566139060695
1398,1.9600000000000053,0.5706946710339951,6.0,0.3014377078828779
1399,1.9800000000000055,0.5742051958606499,6.0,0.302636019249745
1400,-1.9999999999999984,0.4759441701438167,7.0,0.47293304440776474
1401,-1.9799999999999984,0.4706989637053739,7.0,0.4687834133773847
1402,-1.9599999999999984,0.465453757266931,7.0,0.46445139973445565
1403,-1.9399999999999984,0.4602085508284881,7.0,0.45993657506455066
1404,-1.9199999999999984,0.4549633443900452,7.0,0.45523885693052163
1405,-1.899999999999998,0.4497181379516026,7.0,0.45035853025039096
1406,-1.879999999999998,0.4444729315131593,7.0,0.4452962682945004
1407,-1.859999999999998,0.4392277250747171,7.0,0.4400531530968747
1408,-1.839999999999998,0.4339825186362744,7.0,0.43463069506013746
1409,-1.819999999999998,0.4287373121978313,7.0,0.4290308515190402
1410,-1.799999999999998,0.4234921057593885,7.0,0.4232560440151326
1411,-1.779999999999998,0.418246899320946,7.0,0.41730917402487283
1412,-1.759999999999998,0.4130016928825027,7.0,0.4111936368759554
1413,-1.739999999999998,0.4077564864440602,7.0,0.40491333358237913
1414,-1.719999999999998,0.4025112800056175,7.0,0.39847268032822936
1415,-1.699999999999998,0.3971836866286578,7.0,0.3918766153338246
1416,-1.679999999999998,0.3906432101943557,7.0,0.3851306028461013
1417,-1.659999999999998,0.3836192310639838,7.0,0.3782406340083747
1418,-1.639999999999998,0.3765952519336126,7.0,0.37121322438304083
1419,-1.619999999999998,0.3695712728032409,7.0,0.3640554079246916
1420,-1.599999999999998,0.3625472936728695,7.0,0.35677472723045434
1421,-1.579999999999998,0.3555233145424979,7.0,0.34937921992914345
1422,-1.5599999999999978,0.348499335412126,7.0,0.34187740111071613
1423,-1.5399999999999978,0.3414753562817544,7.0,0.33427824174229703
1424,-1.5199999999999978,0.3344513771513828,7.0,0.3265911430659641
1425,-1.4999999999999978,0.3274273980210114,7.0,0.3188259070260675
1426,-1.4799999999999978,0.3204034188906398,7.0,0.31099270282900293
1427,-1.4599999999999975,0.3133794397602681,7.0,0.30310202979527784
1428,-1.4399999999999975,0.3063554606298966,7.0,0.2951646767211023
1429,-1.4199999999999977,0.2993314814995248,7.0,0.2871916780234923
1430,-1.3999999999999977,0.2923075023691531,7.0,0.2791942669976533
1431,-1.3799999999999977,0.2845526157110671,7.0,0.27118382656689544
1432,-1.3599999999999977,0.2753887488095821,7.0,0.2631718379522726
1433,-1.3399999999999976,0.2662248819080978,7.0,0.25516982773025204
1434,-1.3199999999999976,0.2570610150066127,7.0,0.24718931378088949
1435,-1.2999999999999976,0.2478971481051284,7.0,0.23924175065524694
1436,-1.2799999999999976,0.2387332812036435,7.0,0.23133847490830445
1437,-1.2599999999999976,0.2295694143021588,7.0,0.22349065095182363
1438,-1.2399999999999975,0.2204055474006741,7.0,0.21570921798017773
1439,-1.2199999999999975,0.2112416804991894,7.0,0.20800483851097182
1440,-1.1999999999999975,0.2020778135977045,7.0,0.20038784906150667
1441,-1.1799999999999975,0.19291394669622,7.0,0.1928682134522929
1442,-1.1599999999999977,0.1837500797947354,7.0,0.18545547919048902
1443,-1.1399999999999977,0.1746592485361755,7.0,0.1781587373403091
1444,-1.1199999999999974,0.1673069307805731,7.0,0.17098658623520885
1445,-1.0999999999999974,0.159954613024971,7.0,0.16394709932922805
1446,-1.0799999999999974,0.1526022952693687,7.0,0.1570477974236682
1447,-1.0599999999999974,0.1452499775137666,7.0,0.15029562544169425
1448,-1.0399999999999974,0.1378976597581643,7.0,0.14369693385894156
1449,-1.0199999999999974,0.1305453420025622,7.0,0.13725746483418477
1450,-0.9999999999999972,0.12319302424696,7.0,0.1309823430218961
1451,-0.9799999999999972,0.1158407064913577,7.0,0.12487607098934245
1452,-0.9599999999999972,0.1084883887357556,7.0,0.11894252910582762
1453,-0.9399999999999972,0.1045411180821124,7.0,0.11318497972159824
1454,-0.9199999999999972,0.1012540895256979,7.0,0.10760607540967645
1455,-0.8999999999999972,0.097967060969283,7.0,0.1022078710058325
1456,-0.8799999999999972,0.0946800324128684,7.0,0.0969918391505096
1457,-0.8599999999999972,0.0913930038564538,7.0,0.09195888901185867
1458,-0.8399999999999972,0.088105975300039,7.0,0.0871093878511433
1459,-0.8199999999999972,0.0848189467436243,7.0,0.08244318508036028
1460,-0.7999999999999972,0.0818242015718405,7.0,0.0779596384568374
1461,-0.7799999999999971,0.078917150796152,7.0,0.07365764206014921
1462,-0.7599999999999971,0.0760101000204634,7.0,0.06953565570262962
1463,-0.7399999999999971,0.0731030492447749,7.0,0.06559173543530217
1464,-0.7199999999999971,0.0701959984690863,7.0,0.061823564825641185
1465,-0.6999999999999971,0.0672889476933978,7.0,0.058228486701555955
1466,-0.679999999999997,0.0643818969177093,7.0,0.054803535076666195
1467,-0.659999999999997,0.0614748461420207,7.0,0.05154546699474225
1468,-0.639999999999997,0.0585677953663323,7.0,0.04845079405543896
1469,-0.619999999999997,0.0556607445906437,7.0,0.04551581340866486
1470,-0.599999999999997,0.0527536938149551,7.0,0.042736638030554185
1471,-0.579999999999997,0.0498466430392667,7.0,0.04010922611961677
1472,-0.559999999999997,0.0443024548795939,7.0,0.03762940947682935
1473,-0.5399999999999969,0.0366001805401806,7.0,0.0352929207578983
1474,-0.5199999999999969,0.029182850737045,7.0,0.03309541950935886
1475,-0.4999999999999969,0.024341141283828,7.0,0.031032516922434715
1476,-0.4799999999999969,0.0209369421731244,7.0,0.02909979925943893
1477,-0.4599999999999968,0.0176005978283551,7.0,0.02729284992691356
1478,-0.4399999999999968,0.0154005230998104,7.0,0.0256072701875677
1479,-0.4199999999999968,0.0132004483712658,7.0,0.024038698519396377
1480,-0.3999999999999968,0.0110003736427212,7.0,0.02258282864515746
1481,-0.3799999999999968,0.0088002989141766,7.0,0.021235426268644032
1482,-0.3599999999999967,0.006600224185632,7.0,0.01999234456609366
1483,-0.3399999999999967,0.0044001494570874,7.0,0.018849538491529906
1484,-0.3199999999999967,0.0022000747285428,7.0,0.01780307796416889
1485,-0.2999999999999967,-1.785572005073802e-15,7.0,0.01684916001410655
1486,-0.2799999999999967,0.0007270771532522,7.0,0.01598411996968347
1487,-0.2599999999999967,0.0027502325104008,7.0,0.0152044417761351
1488,-0.2399999999999966,0.0053582011294196,7.0,0.01450676754065907
1489,-0.2199999999999966,0.0081730627056931,7.0,0.013887906403900842
1490,-0.1999999999999966,0.0109879242819665,7.0,0.013344842842245075
1491,-0.1799999999999966,0.01380278585824,7.0,0.01287474450934014
1492,-0.1599999999999966,0.0166176474345134,7.0,0.012474969729091775
1493,-0.1399999999999965,0.0216070932318258,7.0,0.01214307475604854
1494,-0.1199999999999965,0.0289593628197307,7.0,0.01187682092285395
1495,-0.0999999999999965,0.0371605662043946,7.0,0.011674181798277838
1496,-0.0799999999999965,0.0453617695890585,7.0,0.011533350483462497
1497,-0.0599999999999965,0.0458620325548841,7.0,0.011452747178489993
1498,-0.0399999999999964,0.0453373900823745,7.0,0.011431027156284107
1499,-0.0199999999999964,0.0448621110644637,7.0,0.01146708928633039
1500,3.552713678800501e-15,0.044386832046553,7.0,0.011560085256763802
1501,0.0200000000000031,0.0439115530286421,7.0,0.011709429650116052
1502,0.0400000000000035,0.0434362740107313,7.0,0.011914811035463511
1503,0.060000000000004,0.0429609949928205,7.0,0.012176204247874307
1504,0.0800000000000036,0.0428629449049829,7.0,0.012493884034916455
1505,0.1000000000000032,0.0452906620864108,7.0,0.012868440259428522
1506,0.1200000000000036,0.0477183792678389,7.0,0.013300794857717735
1507,0.1400000000000041,0.0501460964492671,7.0,0.013792220762511874
1508,0.1600000000000037,0.0549518531711734,7.0,0.014344363010170419
1509,0.1800000000000032,0.0602752350876048,7.0,0.014959262261246872
1510,0.2000000000000037,0.0655986170040366,7.0,0.015639380972037917
1511,0.2200000000000042,0.0709219989204684,7.0,0.016387632461268113
1512,0.2400000000000037,0.0762453808368999,7.0,0.017207413119577422
1513,0.2600000000000033,0.081261441276895,7.0,0.018102638008424113
1514,0.2800000000000038,0.0858902539617623,7.0,0.019077780087635596
1515,0.3000000000000042,0.0824543005657454,7.0,0.02013791329461387
1516,0.3200000000000038,0.0778178281585866,7.0,0.021288759670113892
1517,0.3400000000000034,0.0731813557514277,7.0,0.022536740681634387
1518,0.3600000000000039,0.0685448833442686,7.0,0.023889032830866547
1519,0.3800000000000043,0.0639084109371095,7.0,0.02535362754021412
1520,0.4000000000000039,0.0592719385299506,7.0,0.026939395187518554
1521,0.4200000000000035,0.0575790851415717,7.0,0.02865615298841233
1522,0.4400000000000039,0.057431892038739,7.0,0.03051473620079951
1523,0.4600000000000044,0.0572846989359063,7.0,0.032527071832050794
1524,0.480000000000004,0.0571375058330737,7.0,0.0347062536501973
1525,0.5000000000000036,0.056990312730241,7.0,0.03706661681643073
1526,0.520000000000004,0.0569979717365028,7.0,0.03962380984540144
1527,0.5400000000000045,0.0599115568716538,7.0,0.04239486083704486
1528,0.560000000000004,0.0636229717750263,7.0,0.0453982339817876
1529,0.5800000000000036,0.0673343866783988,7.0,0.048653871191531715
1530,0.6000000000000041,0.0710458015817715,7.0,0.05218321232446884
1531,0.6200000000000045,0.074757216485144,7.0,0.056009185829469
1532,0.6400000000000041,0.0784686313885166,7.0,0.06015615972224007
1533,0.6600000000000037,0.082180046291889,7.0,0.06464984062463144
1534,0.6800000000000042,0.0858914611952616,7.0,0.06951710618297458
1535,0.7000000000000046,0.0899931009868297,7.0,0.07478575360716677
1536,0.7200000000000042,0.0951433487368479,7.0,0.08048414447881314
1537,0.7400000000000038,0.100293596486866,7.0,0.08664072359156913
1538,0.7600000000000042,0.1055721208972281,7.0,0.09328338775472814
1539,0.7800000000000047,0.1113222674057064,7.0,0.10043867970509784
1540,0.8000000000000043,0.1170724139141843,7.0,0.10813078320225361
1541,0.8200000000000038,0.1228225604226624,7.0,0.11638029889141274
1542,0.8400000000000043,0.1285727069311409,7.0,0.12520278765376627
1543,0.8600000000000048,0.134322853439619,7.0,0.13460708010232578
1544,0.8800000000000043,0.1400729999480972,7.0,0.1445933687999536
1545,0.9000000000000039,0.1458231464565751,7.0,0.15515112462755343
1546,0.9200000000000044,0.1515732929650534,7.0,0.16625691089095818
1547,0.9400000000000048,0.1573234394735318,7.0,0.17787220755147232
1548,0.9600000000000044,0.1630735859820098,7.0,0.1899414011143858
1549,0.980000000000004,0.1688237324904878,7.0,0.20239013878156786
1550,1.0000000000000044,0.1745738789989662,7.0,0.21512428156507188
1551,1.020000000000005,0.1803240255074445,7.0,0.2280297109509483
1552,1.0400000000000045,0.1860741720159226,7.0,0.24097323680734578
1553,1.060000000000004,0.1915691646466333,7.0,0.25380481052863335
1554,1.0800000000000043,0.1966821407195592,7.0,0.2663611603409349
1555,1.100000000000005,0.2017951850603882,7.0,0.27847083554002905
1556,1.1200000000000043,0.2069795455808268,7.0,0.28996048316574563
1557,1.140000000000004,0.2121639061012653,7.0,0.3006620049529523
1558,1.1600000000000046,0.2173192064133066,7.0,0.3104200837953541
1559,1.180000000000005,0.2224667498074612,7.0,0.31909946014012647
1560,1.2000000000000046,0.2276142932016152,7.0,0.32659130763005967
1561,1.2200000000000042,0.2327618365957694,7.0,0.3328181186937981
1562,1.2400000000000049,0.237909379989924,7.0,0.33773666057559676
1563,1.2600000000000051,0.2430569233840785,7.0,0.34133877702187776
1564,1.2800000000000047,0.2482044667782326,7.0,0.34365005290007455
1565,1.3000000000000045,0.2533520101723869,7.0,0.34472658616787094
1566,1.3200000000000047,0.2584995535665413,7.0,0.34465028741657805
1567,1.3400000000000052,0.2636470969606958,7.0,0.34352322908285743
1568,1.3600000000000048,0.26879464035485,7.0,0.34146158887604766
1569,1.3800000000000043,0.2739421837490042,7.0,0.3385896849612231
1570,1.4000000000000048,0.2790897271431587,7.0,0.3350345041799283
1571,1.4200000000000053,0.284237270537313,7.0,0.33092100310431555
1572,1.4400000000000048,0.2896414792556691,7.0,0.3263683372067063
1573,1.4600000000000044,0.2955453741788054,7.0,0.3214870626387421
1574,1.4800000000000049,0.301449269101942,7.0,0.3163772679942742
1575,1.500000000000005,0.3073531640250785,7.0,0.311127533557416
1576,1.520000000000005,0.3132570589482149,7.0,0.3058145816414868
1577,1.5400000000000045,0.3191609538713513,7.0,0.30050346944344214
1578,1.560000000000005,0.3250648487944877,7.0,0.2952481798085418
1579,1.5800000000000054,0.3309687437176241,7.0,0.290092479822135
1580,1.600000000000005,0.3368726386407608,7.0,0.2850709373619284
1581,1.6200000000000043,0.3427765335638969,7.0,0.2802100078955592
1582,1.640000000000005,0.3486804284870333,7.0,0.27552912528560447
1583,1.6600000000000057,0.3545843234101701,7.0,0.2710417495783649
1584,1.680000000000005,0.3604882183333066,7.0,0.26675634092078304
1585,1.7000000000000046,0.3663921132564428,7.0,0.2626772416649977
1586,1.720000000000005,0.3722960081795795,7.0,0.25880545854635867
1587,1.7400000000000055,0.3781999031027158,7.0,0.2551393439291724
1588,1.7600000000000051,0.3841037980258521,7.0,0.2516751799640681
1589,1.7800000000000047,0.3900076929489885,7.0,0.24840767256003082
1590,1.8000000000000052,0.395911587872125,7.0,0.24533036377408063
1591,1.8200000000000056,0.4018154827952615,7.0,0.24243597193321598
1592,1.8400000000000047,0.4077193777183979,7.0,0.23971666882968695
1593,1.8600000000000048,0.4136232726415344,7.0,0.2371643029093266
1594,1.8800000000000048,0.4196247274075252,7.0,0.2347705766826202
1595,1.9000000000000057,0.4256558327369272,7.0,0.23252718575937092
1596,1.9200000000000053,0.4315466572562828,7.0,0.23042592603098316
1597,1.9400000000000048,0.4372749071089495,7.0,0.2284587746597533
1598,1.9600000000000053,0.4430031569616165,7.0,0.22661794971980803
1599,1.9800000000000055,0.4487314068142835,7.0,0.22489595259054504
1600,-1.9999999999999984,0.3867449173510671,8.0,0.4275664009218437
1601,-1.9799999999999984,0.3827167347425452,8.0,0.42349335245318137
1602,-1.9599999999999984,0.3788843434932172,8.0,0.4194463122213476
1603,-1.9399999999999984,0.3764375531487404,8.0,0.4154269551029598
1604,-1.9199999999999984,0.3739907628042647,8.0,0.4114369480392271
1605,-1.899999999999998,0.3715439724597884,8.0,0.407477947620996
1606,-1.879999999999998,0.3690971821153123,8.0,0.403551597631645
1607,-1.859999999999998,0.3666503917708359,8.0,0.3996595265500866
1608,-1.839999999999998,0.3642036014263597,8.0,0.395803345015939
1609,-1.819999999999998,0.3617568110818834,8.0,0.39198464325869986
1610,-1.799999999999998,0.3593100207374072,8.0,0.38820498849247165
1611,-1.779999999999998,0.3569004295760715,8.0,0.38446592227745485
1612,-1.759999999999998,0.3548741954529955,8.0,0.38076895784903736
1613,-1.739999999999998,0.3528479613299184,8.0,0.3771155774148666
1614,-1.719999999999998,0.3508217272068419,8.0,0.3735072294197847
1615,-1.699999999999998,0.3487954930837651,8.0,0.3699453257779486
1616,-1.679999999999998,0.346769258960689,8.0,0.36643123907081543
1617,-1.659999999999998,0.3447430248376126,8.0,0.36296629970898814
1618,-1.639999999999998,0.3427167907145352,8.0,0.3595517930551305
1619,-1.619999999999998,0.340690556591459,8.0,0.3561889565043308
1620,-1.599999999999998,0.3386643224683823,8.0,0.35287897651735206
1621,-1.579999999999998,0.3366380883453059,8.0,0.3496229856012091
1622,-1.5599999999999978,0.3346118542222293,8.0,0.34642205923041186
1623,-1.5399999999999978,0.3325856200991517,8.0,0.34327721270102196
1624,-1.5199999999999978,0.3305593859760758,8.0,0.3401893979083832
1625,-1.4999999999999978,0.3285331518529992,8.0,0.3371595000379964
1626,-1.4799999999999978,0.3265069177299226,8.0,0.3341883341574952
1627,-1.4599999999999975,0.3244806836068457,8.0,0.33127664169606735
1628,-1.4399999999999975,0.3224544494837689,8.0,0.32842508679590454
1629,-1.4199999999999977,0.3204282153606927,8.0,0.32563425251838707
1630,-1.3999999999999977,0.3184019812376156,8.0,0.32290463688566184
1631,-1.3799999999999977,0.316375747114539,8.0,0.320236648736097
1632,-1.3599999999999977,0.3143495129914628,8.0,0.3176306033697202
1633,-1.3399999999999976,0.3123232788683855,8.0,0.3150867179572077
1634,-1.3199999999999976,0.3102970447453091,8.0,0.3126051066832386
1635,-1.2999999999999976,0.3082211987520771,8.0,0.3101857755920788
1636,-1.2799999999999976,0.3061175634966619,8.0,0.30782861710003867
1637,-1.2599999999999976,0.3040139282412462,8.0,0.30553340413602254
1638,-1.2399999999999975,0.3019102929858312,8.0,0.3032997838676361
1639,-1.2199999999999975,0.2998066577304151,8.0,0.30112727096630504
1640,-1.1999999999999975,0.2977030224749996,8.0,0.2990152403605123
1641,-1.1799999999999975,0.2955993872195841,8.0,0.29696291942153774
1642,-1.1599999999999977,0.2934957519641685,8.0,0.29496937952105146
1643,-1.1399999999999977,0.2913921167087532,8.0,0.29303352689440054
1644,-1.1199999999999974,0.2892884814533376,8.0,0.2911540927375549
1645,-1.0999999999999974,0.2871848461979219,8.0,0.2893296224593225
1646,-1.0799999999999974,0.2850812109425063,8.0,0.28755846400360846
1647,-1.0599999999999974,0.2829775756870913,8.0,0.2858387551492067
1648,-1.0399999999999974,0.2808739404316758,8.0,0.284168409686777
1649,-1.0199999999999974,0.2787703051762599,8.0,0.2825451023643752
1650,-0.9999999999999972,0.2766666699208443,8.0,0.280966252484105
1651,-0.9799999999999972,0.2745630346654288,8.0,0.27942900602323545
1652,-0.9599999999999972,0.2724593994100133,8.0,0.2779302161435076
1653,-0.9399999999999972,0.2703557641545979,8.0,0.2764664219424753
1654,-0.9199999999999972,0.2710915212794557,8.0,0.2750338252906865
1655,-0.8999999999999972,0.2719720550537444,8.0,0.27362826558858633
1656,-0.8799999999999972,0.2728525888280333,8.0,0.27224519226744703
1657,-0.8599999999999972,0.2737331226023224,8.0,0.27087963484986816
1658,-0.8399999999999972,0.2746136563766113,8.0,0.2695261703779144
1659,-0.8199999999999972,0.2799927454885359,8.0,0.2681788880115731
1660,-0.7999999999999972,0.2862763757689947,8.0,0.26683135059777674
1661,-0.7799999999999971,0.2925600060494536,8.0,0.26547655301206746
1662,-0.7599999999999971,0.2988436363299129,8.0,0.2641068770826298
1663,-0.7399999999999971,0.3051272666103715,8.0,0.26271404292196393
1664,-0.7199999999999971,0.3114108968908307,8.0,0.26128905651762663
1665,-0.6999999999999971,0.3176945271712893,8.0,0.259822153473517
1666,-0.679999999999997,0.3128546863794664,8.0,0.2583027388515449
1667,-0.659999999999997,0.2966267944746293,8.0,0.25671932314557894
1668,-0.639999999999997,0.2803989025697924,8.0,0.2550594545322076
1669,-0.619999999999997,0.2673236472767619,8.0,0.2533096476946773
1670,-0.599999999999997,0.266688408444344,8.0,0.2514553097180997
1671,-0.579999999999997,0.2660531696119255,8.0,0.24948066381893616
1672,-0.559999999999997,0.2654179307795075,8.0,0.24736867201624696
1673,-0.5399999999999969,0.2647826919470892,8.0,0.24510095829620354
1674,-0.5199999999999969,0.2641474531146709,8.0,0.24265773438909832
1675,-0.4999999999999969,0.2635122142822529,8.0,0.24001773099856163
1676,-0.4799999999999969,0.2628769754498349,8.0,0.2371581382300793
1677,-0.4599999999999968,0.2622417366174165,8.0,0.23405456010000888
1678,-0.4399999999999968,0.261606497784998,8.0,0.2306809894121755
1679,-0.4199999999999968,0.2446463045532752,8.0,0.22700981101647974
1680,-0.3999999999999968,0.2269835278653353,8.0,0.22301184356497222
1681,-0.3799999999999968,0.2093207511773946,8.0,0.21865643240669816
1682,-0.3599999999999967,0.1916579744894543,8.0,0.2139116092572304
1683,-0.3399999999999967,0.1739951978015138,8.0,0.2087443377689728
1684,-0.3199999999999967,0.1563324211135736,8.0,0.2031208681089812
1685,-0.2999999999999967,0.1338508047074833,8.0,0.19700722806336288
1686,-0.2799999999999967,0.1099259402044464,8.0,0.19036988288817455
1687,-0.2599999999999967,0.090542314194567,8.0,0.18317660084664658
1688,-0.2399999999999966,0.0760472516419941,8.0,0.17539756566064738
1689,-0.2199999999999966,0.0706340631046804,8.0,0.167006780258434
1690,-0.1999999999999966,0.0739810986498959,8.0,0.1579838071842281
1691,-0.1799999999999966,0.0860163384929093,8.0,0.14831588838421758
1692,-0.1599999999999966,0.0984552521092943,8.0,0.13800047881725108
1693,-0.1399999999999965,0.1108941657256787,8.0,0.12704821189267193
1694,-0.1199999999999965,0.119771447436401,8.0,0.11548628696157606
1695,-0.0999999999999965,0.1275780813991683,8.0,0.10336222636183122
1696,-0.0799999999999965,0.1171936719844422,8.0,0.09074788808148944
1697,-0.0599999999999965,0.1040502009487899,8.0,0.07774353671675244
1698,-0.0399999999999964,0.0909067299131376,8.0,0.06448166846640149
1699,-0.0199999999999964,0.0777632588774853,8.0,0.05113015724248298
1700,3.552713678800501e-15,0.0650155660911961,8.0,0.03789414630563623
1701,0.0200000000000031,0.0585775173381916,8.0,0.025015969930964055
1702,0.0400000000000035,0.0496465689372157,8.0,0.012772281723655741
1703,0.060000000000004,0.0408761669354473,8.0,0.0014675346413348701
1704,0.0800000000000036,0.0329842040533128,8.0,-0.008576938367338341
1705,0.1000000000000032,0.0250922411711783,8.0,-0.017038687454625612
1706,0.1200000000000036,0.0172002782890437,8.0,-0.02361462809651297
1707,0.1400000000000041,0.009302868085492,8.0,-0.028045265372574332
1708,0.1600000000000037,0.0013679619057495,8.0,-0.030140605429533104
1709,0.1800000000000032,-0.0030082927180188,8.0,-0.02980457541137601
1710,0.2000000000000037,6.332160375340121e-15,8.0,-0.02705391921513929
1711,0.2200000000000042,0.0030082927180316,8.0,-0.022027358696494456
1712,0.2400000000000037,0.0060165854360567,8.0,-0.014981670766656028
1713,0.2600000000000033,0.0090248781540819,8.0,-0.0062733457714228506
1714,0.2800000000000038,0.0146036001592663,8.0,0.0036726507736944223
1715,0.3000000000000042,0.0216145913824622,8.0,0.014402554062925071
1716,0.3200000000000038,0.0286255826056584,8.0,0.025475414507687477
1717,0.3400000000000034,0.0356365738288543,8.0,0.036499774230719505
1718,0.3600000000000039,0.0426475650520505,8.0,0.047159973879114025
1719,0.3800000000000043,0.0496585562752469,8.0,0.05722937986668622
1720,0.4000000000000039,0.0566695474984427,8.0,0.06657083986284414
1721,0.4200000000000035,0.0636805387216386,8.0,0.07512704314512438
1722,0.4400000000000039,0.0706915299448346,8.0,0.08290465521307094
1723,0.4600000000000044,0.0777025211680308,8.0,0.08995610816335885
1724,0.480000000000004,0.0847135123912269,8.0,0.09636212439443426
1725,0.5000000000000036,0.0917245036144228,8.0,0.10221691038827074
1726,0.520000000000004,0.0987354948376189,8.0,0.10761687020146096
1727,0.5400000000000045,0.1057464860608153,8.0,0.11265287113749928
1728,0.560000000000004,0.1127574772840111,8.0,0.11740560202516388
1729,0.5800000000000036,0.1197684685072071,8.0,0.12194335133169489
1730,0.6000000000000041,0.1267794597304033,8.0,0.12632151161121694
1731,0.6200000000000045,0.1337904509535998,8.0,0.1305832034763006
1732,0.6400000000000041,0.1408014421767954,8.0,0.13476054188048645
1733,0.6600000000000037,0.1478124333999914,8.0,0.1388761996289112
1734,0.6800000000000042,0.1548234246231876,8.0,0.1429450371719978
1735,0.7000000000000046,0.1618344158463837,8.0,0.14697565674214916
1736,0.7200000000000042,0.1688454070695796,8.0,0.15097180320656026
1737,0.7400000000000038,0.1758563982927756,8.0,0.1549335775261148
1738,0.7600000000000042,0.1828673895159718,8.0,0.15885845628222353
1739,0.7800000000000047,0.1898783807391679,8.0,0.16274212688678
1740,0.8000000000000043,0.1968893719623641,8.0,0.16657915651657598
1741,0.8200000000000038,0.2039003631855599,8.0,0.17036351628221152
1742,0.8400000000000043,0.210911354408756,8.0,0.1740889826092933
1743,0.8600000000000048,0.2179223456319521,8.0,0.17774943659232179
1744,0.8800000000000043,0.2249333368551484,8.0,0.1813390800255226
1745,0.9000000000000039,0.2319443280783444,8.0,0.18485258444009933
1746,0.9200000000000044,0.2389553193015403,8.0,0.18828518708683112
1747,0.9400000000000048,0.2459663105247361,8.0,0.19163274556022925
1748,0.9600000000000044,0.2529773017479328,8.0,0.19489176074331108
1749,0.980000000000004,0.2575468190285622,8.0,0.19805937598712836
1750,1.0000000000000044,0.2618820983638206,8.0,0.20113335892458534
1751,1.020000000000005,0.2662173776990787,8.0,0.2041120710369788
1752,1.0400000000000045,0.2705526570343373,8.0,0.20699442902037843
1753,1.060000000000004,0.2748879363695954,8.0,0.20977986111185468
1754,1.0800000000000043,0.2792232157048535,8.0,0.21246826080733391
1755,1.100000000000005,0.2835584950401117,8.0,0.21505993981021407
1756,1.1200000000000043,0.2878937743753696,8.0,0.21755558157158514
1757,1.140000000000004,0.2922290537106283,8.0,0.21995619640047942
1758,1.1600000000000046,0.2965643330458865,8.0,0.2222630788197384
1759,1.180000000000005,0.3008996123811451,8.0,0.2244777676060096
1760,1.2000000000000046,0.3052348917164029,8.0,0.22660200876910436
1761,1.2200000000000042,0.3095701710516612,8.0,0.22863772158645795
1762,1.2400000000000049,0.3139054503869196,8.0,0.2305869677042695
1763,1.2600000000000051,0.3182407297221778,8.0,0.23245192324095823
1764,1.2800000000000047,0.3225760090574359,8.0,0.23423485377505385
1765,1.3000000000000045,0.3269112883926939,8.0,0.23593809206365135
1766,1.3200000000000047,0.3312465677279522,8.0,0.23756401831518334
1767,1.3400000000000052,0.3355818470632104,8.0,0.23911504282827428
1768,1.3600000000000048,0.3399171263984687,8.0,0.24059359080427672
1769,1.3800000000000043,0.3442524057337269,8.0,0.2420020891426092
1770,1.4000000000000048,0.3485876850689848,8.0,0.24334295503370354
1771,1.4200000000000053,0.3529229644042435,8.0,0.24461858617279908
1772,1.4400000000000048,0.3572582437395016,8.0,0.24583135242812423
1773,1.4600000000000044,0.3615935230747595,8.0,0.24698358880834026
1774,1.4800000000000049,0.3659288024100177,8.0,0.24807758958593643
1775,1.500000000000005,0.3702640817452762,8.0,0.24911560344516898
1776,1.520000000000005,0.3745993610805342,8.0,0.25009982953476567
1777,1.5400000000000045,0.3789346404157923,8.0,0.25103241431681717
1778,1.560000000000005,0.3832699197510511,8.0,0.2519154491138635
1779,1.5800000000000054,0.3876051990863096,8.0,0.25275096826611254
1780,1.600000000000005,0.3919404784215673,8.0,0.2535409478199073
1781,1.6200000000000043,0.3973476361344987,8.0,0.2542873046770258
1782,1.640000000000005,0.4028673400994705,8.0,0.2549918961421206
1783,1.6600000000000057,0.4083870440644426,8.0,0.25565651981263565
1784,1.680000000000005,0.4139067480294142,8.0,0.2562829137618833
1785,1.7000000000000046,0.4194264519943855,8.0,0.25687275697170453
1786,1.720000000000005,0.4249461559593577,8.0,0.25742766997626704
1787,1.7400000000000055,0.4304658599243293,8.0,0.25794921568316936
1788,1.7600000000000051,0.4359855638893009,8.0,0.2584389003421213
1789,1.7800000000000047,0.4415052678542727,8.0,0.25889817463514786
1790,1.8000000000000052,0.4470249718192441,8.0,0.25932843486550566
1791,1.8200000000000056,0.452544675784216,8.0,0.25973102422541017
1792,1.8400000000000047,0.4580643797491878,8.0,0.26010723412521924
1793,1.8600000000000048,0.4635840837141594,8.0,0.26045830556899685
1794,1.8800000000000048,0.4691037876791311,8.0,0.26078543056338244
1795,1.9000000000000057,0.4746234916441031,8.0,0.2610897535484565
1796,1.9200000000000053,0.4801431956090745,8.0,0.26137237284086484
1797,1.9400000000000048,0.485662899574046,8.0,0.26163434208082414
1798,1.9600000000000053,0.4911826035390179,8.0,0.2618766716758552
1799,1.9800000000000055,0.4967023075039898,8.0,0.26210033023514273
1800,-1.9999999999999984,0.9012987170802343,9.0,0.9072599269982938
1801,-1.9799999999999984,0.903224116024046,9.0,0.9079791531097402
1802,-1.9599999999999984,0.9051495149678576,9.0,0.9087271750614939
1803,-1.9399999999999984,0.9070749139116692,9.0,0.9095045030831906
1804,-1.9199999999999984,0.909000312855481,9.0,0.9103116403899767
1805,-1.899999999999998,0.9109257117992928,9.0,0.9111490823127818
1806,-1.879999999999998,0.9128511107431042,9.0,0.9120173153836685
1807,-1.859999999999998,0.914776509686916,9.0,0.9129168163735695
1808,-1.839999999999998,0.9167019086307276,9.0,0.9138480512795365
1809,-1.819999999999998,0.9186273075745393,9.0,0.9148114742583786
1810,-1.799999999999998,0.920552706518351,9.0,0.9158075265033374
1811,-1.779999999999998,0.9223660572564584,9.0,0.9168366350601944
1812,-1.759999999999998,0.9240332282642924,9.0,0.9178992115789031
1813,-1.739999999999998,0.9257003992721266,9.0,0.9189956509965646
1814,-1.719999999999998,0.9273675702799608,9.0,0.9201263301472268
1815,-1.699999999999998,0.929034741287795,9.0,0.9212916062936477
1816,-1.679999999999998,0.930701912295629,9.0,0.9224918155757879
1817,-1.659999999999998,0.9323690833034632,9.0,0.9237272713703994
1818,-1.639999999999998,0.9338705753274752,9.0,0.9249982625556529
1819,-1.619999999999998,0.9351696743312222,9.0,0.9263050516742787
1820,-1.599999999999998,0.9364687733349694,9.0,0.9276478729881997
1821,-1.579999999999998,0.9377678723387164,9.0,0.9290269304171213
1822,-1.5599999999999978,0.9390669713424636,9.0,0.9304423953529461
1823,-1.5399999999999978,0.9403660703462106,9.0,0.9318944043412917
1824,-1.5199999999999978,0.9416651693499576,9.0,0.933383056620713
1825,-1.4999999999999978,0.9429642683537046,9.0,0.9349084115095337
1826,-1.4799999999999978,0.944263367357452,9.0,0.9364704856294345
1827,-1.4599999999999975,0.945562466361199,9.0,0.9380692499540971
1828,-1.4399999999999975,0.946861565364946,9.0,0.9397046266703765
1829,-1.4199999999999977,0.9481606643686932,9.0,0.9413764858384616
1830,-1.3999999999999977,0.94945976337244,9.0,0.9430846418365253
1831,-1.3799999999999977,0.9507588623761872,9.0,0.9448288495742259
1832,-1.3599999999999977,0.9520579613799344,9.0,0.9466088004582616
1833,-1.3399999999999976,0.9533570603836816,9.0,0.9484241180919141
1834,-1.3199999999999976,0.9546561593874284,9.0,0.9502743536891345
1835,-1.2999999999999976,0.9559552583911756,9.0,0.9521589811822756
1836,-1.2799999999999976,0.9572543573949228,9.0,0.9540773920009966
1837,-1.2599999999999976,0.9585534563986698,9.0,0.956028889498158
1838,-1.2399999999999975,0.9598525554024168,9.0,0.9580126829967365
1839,-1.2199999999999975,0.961151654406164,9.0,0.9600278814298286
1840,-1.1999999999999975,0.9624507534099112,9.0,0.962073486543751
1841,-1.1799999999999975,0.963749852413658,9.0,0.9641483856320263
1842,-1.1599999999999977,0.9650489514174052,9.0,0.9662513437657075
1843,-1.1399999999999977,0.9663480504211522,9.0,0.9683809954829968
1844,-1.1199999999999974,0.9676471494248996,9.0,0.9705358358985116
1845,-1.0999999999999974,0.9689462484286464,9.0,0.9727142111897972
1846,-1.0799999999999974,0.9702453474323935,9.0,0.9749143084158479
1847,-1.0599999999999974,0.9715444464361406,9.0,0.9771341446194596
1848,-1.0399999999999974,0.9728435454398876,9.0,0.9793715551622602
1849,-1.0199999999999974,0.9741426444436349,9.0,0.9816241812382743
1850,-0.9999999999999972,0.975441743447382,9.0,0.9838894565089605
1851,-0.9799999999999972,0.9767408424511288,9.0,0.9861645927998949
1852,-0.9599999999999972,0.978039941454876,9.0,0.9884465647967523
1853,-0.9399999999999972,0.9793390404586232,9.0,0.9907320936761664
1854,-0.9199999999999972,0.9806381394623702,9.0,0.9930176296055573
1855,-0.8999999999999972,0.9819372384661172,9.0,0.9952993330453863
1856,-0.8799999999999972,0.9832363374698644,9.0,0.9975730547878648
1857,-0.8599999999999972,0.9845354364736116,9.0,0.9998343146682518
1858,-0.8399999999999972,0.9858345354773586,9.0,1.002078278889099
1859,-0.8199999999999972,0.9871336344811056,9.0,1.0042997359047139
1860,-0.7999999999999972,0.9884327334848528,9.0,1.0064930708235713
1861,-0.7799999999999971,0.9897318324886,9.0,1.0086522383013266
1862,-0.7599999999999971,0.9910309314923468,9.0,1.0107707339177896
1863,-0.7399999999999971,0.992046892673731,9.0,1.0128415640591346
1864,-0.7199999999999971,0.9928020668459706,9.0,1.0148572143637065
1865,-0.6999999999999971,0.9935572410182104,9.0,1.0168096168382563
1866,-0.679999999999997,0.99431241519045,9.0,1.0186901158141932
1867,-0.659999999999997,0.99506758936269,9.0,1.020489432993772
1868,-0.639999999999997,0.9958227635349296,9.0,1.0221976319382988
1869,-0.619999999999997,0.9965779377071696,9.0,1.0238040824792416
1870,-0.599999999999997,0.9973331118794092,9.0,1.0252974256945666
1871,-0.579999999999997,0.998088286051649,9.0,1.0266655402935871
1872,-0.559999999999997,0.9988434602238886,9.0,1.0278955115022088
1873,-0.5399999999999969,0.9995986343961284,9.0,1.0289736038460195
1874,-0.5199999999999969,1.0000817159451196,9.0,1.0298852396016687
1875,-0.4999999999999969,0.9999999999999998,9.0,1.030614985138949
1876,-0.4799999999999969,0.9993453818796576,9.0,1.0311465479190507
1877,-0.4599999999999968,0.9985825168678224,9.0,1.0314627875607818
1878,-0.4399999999999968,0.9978196518559872,9.0,1.0315457451468757
1879,-0.4199999999999968,0.9970567868441522,9.0,1.0313766958245918
1880,-0.3999999999999968,0.9962939218323172,9.0,1.0309362307600098
1881,-0.3799999999999968,0.995531056820482,9.0,1.0302043756246257
1882,-0.3599999999999967,0.9947681918086468,9.0,1.0291607539996492
1883,-0.3399999999999967,0.9940053267968116,9.0,1.02778480532514
1884,-0.3199999999999967,0.9936819288290089,9.0,1.0260560682058273
1885,-0.2999999999999967,0.9934693118455584,9.0,1.0239545408650048
1886,-0.2799999999999967,0.993256694862108,9.0,1.0214611310852395
1887,-0.2599999999999967,0.9930440778786576,9.0,1.0185582077565236
1888,-0.2399999999999966,0.9928314608952072,9.0,1.0152302646967548
1889,-0.2199999999999966,0.9927115396841726,9.0,1.0114647040719715
1890,-0.1999999999999966,0.9922120684355225,9.0,1.0072527406810425
1891,-0.1799999999999966,0.9909549407943016,9.0,1.0025904185324543
1892,-0.1599999999999966,0.9896978131530813,9.0,0.9974797163148245
1893,-0.1399999999999965,0.9877563541948104,9.0,0.9919296972949813
1894,-0.1199999999999965,0.9813364511520491,9.0,0.9859576308509256
1895,-0.0999999999999965,0.9714494288533324,9.0,0.9795899769783882
1896,-0.0799999999999965,0.9615624065546154,9.0,0.9728630829505516
1897,-0.0599999999999965,0.953132438469247,9.0,0.9658233967962367
1898,-0.0399999999999964,0.9469718033407076,9.0,0.9585269634378072
1899,-0.0199999999999964,0.9384743798236784,9.0,0.9510379497365823
1900,3.552713678800501e-15,0.9294503498895008,9.0,0.943425963977613
1901,0.0200000000000031,0.92118408225475,9.0,0.935762017800819
1902,0.0400000000000035,0.913919097968816,9.0,0.9281131480211451
1903,0.060000000000004,0.9066541136828824,9.0,0.9205359848926559
1904,0.0800000000000036,0.8989240508297472,9.0,0.9130699081426276
1905,0.1000000000000032,0.8911199519493639,9.0,0.9057308148769381
1906,0.1200000000000036,0.8833158530689803,9.0,0.8985068243017619
1907,0.1400000000000041,0.8755595690337008,9.0,0.8913573142836874
1908,0.1600000000000037,0.867816588963319,9.0,0.8842163827609716
1909,0.1800000000000032,0.8600736088929373,9.0,0.8770010942856469
1910,0.2000000000000037,0.8520397674178564,9.0,0.8696238063570687
1911,0.2200000000000042,0.8427847538739878,9.0,0.8620067476862009
1912,0.2400000000000037,0.8335297403301197,9.0,0.8540962231556735
1913,0.2600000000000033,0.8242747267862515,9.0,0.8458736788222387
1914,0.2800000000000038,0.8150197132423829,9.0,0.8373614866315178
1915,0.3000000000000042,0.8057646996985144,9.0,0.828622519930946
1916,0.3200000000000038,0.7965096861546462,9.0,0.8197539836708271
1917,0.3400000000000034,0.7872546726107782,9.0,0.8108770962038798
1918,0.3600000000000039,0.7782650721585312,9.0,0.8021247998542964
1919,0.3800000000000043,0.7732084690790412,9.0,0.7936296493209652
1920,0.4000000000000039,0.7681518659995512,9.0,0.7855135392078874
1921,0.4200000000000035,0.7630952629200614,9.0,0.7778802293816709
1922,0.4400000000000039,0.7580386598405714,9.0,0.7708109389056996
1923,0.4600000000000044,0.7529820567610812,9.0,0.7643627535801802
1924,0.480000000000004,0.7479254536815916,9.0,0.7585692817478332
1925,0.5000000000000036,0.7428688506021016,9.0,0.7534428799141735
1926,0.520000000000004,0.7378122475226115,9.0,0.7489777993874013
1927,0.5400000000000045,0.7327556444431215,9.0,0.7451537160748826
1928,0.560000000000004,0.7287344998582602,9.0,0.7419392467403166
1929,0.5800000000000036,0.7251833225120774,9.0,0.7392951921932824
1930,0.6000000000000041,0.7212388193537876,9.0,0.7371773627966886
1931,0.6200000000000045,0.7171196270027164,9.0,0.7355389280094333
1932,0.6400000000000041,0.7130544606349667,9.0,0.7343322904504548
1933,0.6600000000000037,0.7091483260946293,9.0,0.7335105207962074
1934,0.6800000000000042,0.7052421915542915,9.0,0.7330284084026387
1935,0.7000000000000046,0.7013360570139539,9.0,0.7328431892241005
1936,0.7200000000000042,0.6974299224736162,9.0,0.7329150117587014
1937,0.7400000000000038,0.6935237879332787,9.0,0.7332071966380653
1938,0.7600000000000042,0.6896176533929409,9.0,0.733686338345448
1939,0.7800000000000047,0.6859535052506238,9.0,0.734322289830875
1940,0.8000000000000043,0.6815295803488508,9.0,0.7350880633469523
1941,0.8200000000000038,0.6769330102998483,9.0,0.7359596741018158
1942,0.8400000000000043,0.6723364402508455,9.0,0.7369159475040818
1943,0.8600000000000048,0.6677398702018428,9.0,0.7379383058898537
1944,0.8800000000000043,0.6631433001528401,9.0,0.7390105466185695
1945,0.9000000000000039,0.6585467301038375,9.0,0.7401186202059948
1946,0.9200000000000044,0.654113266357652,9.0,0.741250414617779
1947,0.9400000000000048,0.6511123670898971,9.0,0.7423955498655923
1948,0.9600000000000044,0.6481114678221421,9.0,0.7435451855289062
1949,0.980000000000004,0.6451105685543873,9.0,0.7446918426800853
1950,1.0000000000000044,0.6421096692866323,9.0,0.7458292408431156
1951,1.020000000000005,0.6391087700188772,9.0,0.7469521500037912
1952,1.0400000000000045,0.6361078707511224,9.0,0.7480562572597145
1953,1.060000000000004,0.6331069714833675,9.0,0.749138047409898
1954,1.0800000000000043,0.6301060722156125,9.0,0.7501946966022937
1955,1.100000000000005,0.6271051729478574,9.0,0.751223978056287
1956,1.1200000000000043,0.6241042736801027,9.0,0.7522241788348186
1957,1.140000000000004,0.6211033744123476,9.0,0.7531940266407932
1958,1.1600000000000046,0.6181024751445925,9.0,0.7541326256418824
1959,1.180000000000005,0.6151015758768377,9.0,0.7550394003769367
1960,1.2000000000000046,0.6121006766090827,9.0,0.7559140468585583
1961,1.2200000000000042,0.6090997773413278,9.0,0.7567564900543735
1962,1.2400000000000049,0.6060988780735729,9.0,0.7575668470001914
1963,1.2600000000000051,0.6030979788058178,9.0,0.7583453948686145
1964,1.2800000000000047,0.600097079538063,9.0,0.7590925433848245
1965,1.3000000000000045,0.5970961802703081,9.0,0.7598088110458519
1966,1.3200000000000047,0.5940952810025532,9.0,0.7604948046598923
1967,1.3400000000000052,0.591094381734798,9.0,0.7611512017777115
1968,1.3600000000000048,0.5880934824670432,9.0,0.7617787356387193
1969,1.3800000000000043,0.5845757337292999,9.0,0.7623781823000015
1970,1.4000000000000048,0.5806423569550989,9.0,0.7629503496575644
1971,1.4200000000000053,0.5767089801808976,9.0,0.7634960681056232
1972,1.4400000000000048,0.5727756034066964,9.0,0.7640161826121844
1973,1.4600000000000044,0.5688422266324954,9.0,0.764511546017857
1974,1.4800000000000049,0.564908849858294,9.0,0.7649830133900319
1975,1.500000000000005,0.5609754730840929,9.0,0.7654314372867236
1976,1.520000000000005,0.5570420963098917,9.0,0.7658576638037228
1977,1.5400000000000045,0.5531087195356904,9.0,0.7662625292956199
1978,1.560000000000005,0.5491753427614895,9.0,0.7666468576759872
1979,1.5800000000000054,0.5452419659872881,9.0,0.7670114582148012
1980,1.600000000000005,0.541308589213087,9.0,0.7673571237623263
1981,1.6200000000000043,0.5373752124388859,9.0,0.7676846293382922
1982,1.640000000000005,0.5334418356646845,9.0,0.7679947310335702
1983,1.6600000000000057,0.5295084588904834,9.0,0.7682881651787772
1984,1.680000000000005,0.5255750821162822,9.0,0.7685656477404629
1985,1.7000000000000046,0.5216417053420812,9.0,0.7688278739109701
1986,1.720000000000005,0.5177083285678798,9.0,0.7690755178626981
1987,1.7400000000000055,0.5137749517936785,9.0,0.7693092326415402
1988,1.7600000000000051,0.5098415750194778,9.0,0.7695296501777326
1989,1.7800000000000047,0.5059081982452762,9.0,0.7697373813953785
1990,1.8000000000000052,0.5019748214710749,9.0,0.7699330164044766
1991,1.8200000000000056,0.4980414446968735,9.0,0.7701171247615444
1992,1.8400000000000047,0.4941080679226729,9.0,0.7702902557868391
1993,1.8600000000000048,0.4901746911484715,9.0,0.7704529389278697
1994,1.8800000000000048,0.4862413143742703,9.0,0.7706056841603146
1995,1.9000000000000057,0.4823079376000693,9.0,0.7707489824187198
1996,1.9200000000000053,0.478374560825868,9.0,0.7708833060504229
1997,1.9400000000000048,0.474441184051667,9.0,0.7710091092870781
1998,1.9600000000000053,0.4705078072774658,9.0,0.771126828728969
1999,1.9800000000000055,0.4665744305032643,9.0,0.7712368838379785
