,x1,y,rep,ymodel
0,-1.9999999999999984,0.0482946606443019,0.0,-0.07277011685683958
1,-1.9799999999999984,0.04979362852617,0.0,-0.06363314475658409
2,-1.9599999999999984,0.0513679877402244,0.0,-0.05438325537659275
3,-1.9399999999999984,0.0530239708659428,0.0,-0.0450221153072246
4,-1.9199999999999984,0.0547684153314587,0.0,-0.03555158356491736
5,-1.899999999999998,0.0566088255799036,0.0,-0.025973715052333493
6,-1.879999999999998,0.0585534416324917,0.0,-0.016290763406139032
7,-1.859999999999998,0.0606113145928786,0.0,-0.006505183177254108
8,-1.839999999999998,0.0627923896319794,0.0,0.003380368709969246
9,-1.819999999999998,0.0651075969633698,0.0,0.013363032270839466
10,-1.799999999999998,0.0675689512566437,0.0,0.023439744593791025
11,-1.779999999999998,0.0701896598265648,0.0,0.03360724083844741
12,-1.759999999999998,0.072984239762378,0.0,0.04386205613787217
13,-1.739999999999998,0.0759686439020596,0.0,0.05420052843916895
14,-1.719999999999998,0.0791603951822995,0.0,0.06461880231041615
15,-1.699999999999998,0.0825787283708551,0.0,0.07511283373503465
16,-1.679999999999998,0.0862447374692665,0.0,0.08567839590710233
17,-1.659999999999998,0.0901815261067083,0.0,0.0963110860329882
18,-1.639999999999998,0.0944143569656643,0.0,0.10700633313595727
19,-1.619999999999998,0.0989707946131693,0.0,0.11775940685129416
20,-1.599999999999998,0.1038808339761591,0.0,0.1285654271900759
21,-1.579999999999998,0.1091770040127054,0.0,0.13941937524006692
22,-1.5599999999999978,0.1148944328175084,0.0,0.15031610476258175
23,-1.5399999999999978,0.1210708564102878,0.0,0.16125035463452803
24,-1.5199999999999978,0.1277465487922121,0.0,0.17221676207552453
25,-1.4999999999999978,0.1349641456127861,0.0,0.18320987659100346
26,-1.4799999999999978,0.1427683282090589,0.0,0.19422417455379018
27,-1.4599999999999975,0.1512053293203922,0.0,0.2052540743389091
28,-1.4399999999999975,0.1603222172078964,0.0,0.21629395191944475
29,-1.4199999999999977,0.17016591237109,0.0,0.22733815682531158
30,-1.3999999999999977,0.1807818921668509,0.0,0.2383810283618938
31,-1.3799999999999977,0.1922125454769697,0.0,0.2494169119817482
32,-1.3599999999999977,0.2044951545806377,0.0,0.2604401757000724
33,-1.3399999999999976,0.2176595070675399,0.0,0.2714452264434063
34,-1.3199999999999976,0.231725178968173,0.0,0.28242652622112957
35,-1.2999999999999976,0.2466985818851426,0.0,0.2933786080107564
36,-1.2799999999999976,0.2625699298568996,0.0,0.3042960912507479
37,-1.2599999999999976,0.2793103503217807,0.0,0.3151736968385651
38,-1.2399999999999975,0.2968694276709082,0.0,0.3260062615368817
39,-1.2199999999999975,0.3151735128875437,0.0,0.33678875169718697
40,-1.1999999999999975,0.3341251414832462,0.0,0.3475162762173134
41,-1.1799999999999975,0.3536038583869691,0.0,0.35818409865761536
42,-1.1599999999999977,0.3734686433021581,0.0,0.3687876484494621
43,-1.1399999999999977,0.393561966318756,0.0,0.3793225311392198
44,-1.1199999999999974,0.4137153001668401,0.0,0.38978453762086324
45,-1.0999999999999974,0.4337557063673159,0.0,0.4001696523205886
46,-1.0799999999999974,0.4535129400441601,0.0,0.41047406030715716
47,-1.0599999999999974,0.4728264219403293,0.0,0.42069415331201077
48,-1.0399999999999974,0.4915514309656757,0.0,0.4308265346533297
49,-1.0199999999999974,0.5095639778895603,0.0,0.4408680230680235
50,-0.9999999999999972,0.5267640078390433,0.0,0.4508156554649825
51,-0.9799999999999972,0.5430768060584681,0.0,0.460666688621739
52,-0.9599999999999972,0.5584527026151365,0.0,0.4704185998547937
53,-0.9399999999999972,0.5728653490780157,0.0,0.480069086701293
54,-0.9199999999999972,0.5863089506644553,0.0,0.48961606565631555
55,-0.8999999999999972,0.5987948757019933,0.0,0.4990576700158052
56,-0.8799999999999972,0.6103480401043586,0.0,0.5083922468800436
57,-0.8599999999999972,0.6210033964876569,0.0,0.5176183533765818
58,-0.8399999999999972,0.6308027667582728,0.0,0.5267347521646565
59,-0.8199999999999972,0.639792162393134,0.0,0.5357404062853857
60,-0.7999999999999972,0.6480196520358648,0.0,0.5446344734234683
61,-0.7799999999999971,0.6555337694394695,0.0,0.5534162996467785
62,-0.7599999999999971,0.6623824089900858,0.0,0.5620854126901395
63,-0.7399999999999971,0.6686121299997586,0.0,0.5706415148488236
64,-0.7199999999999971,0.6742677812902754,0.0,0.5790844755459494
65,-0.6999999999999971,0.6793923599464308,0.0,0.5874143236360346
66,-0.679999999999997,0.6840270281313462,0.0,0.5956312395045869
67,-0.659999999999997,0.6882112257680303,0.0,0.6037355470208288
68,-0.639999999999997,0.6919828318284429,0.0,0.611727705397544
69,-0.619999999999997,0.6953783409958212,0.0,0.6196083010086502
70,-0.599999999999997,0.6984330344673151,0.0,0.6273780392115358
71,-0.579999999999997,0.7011811331784594,0.0,0.6350377362174948
72,-0.559999999999997,0.7036559287447791,0.0,0.6425883110497949
73,-0.5399999999999969,0.7058898921865255,0.0,0.6500307776251181
74,-0.5199999999999969,0.7079147634189533,0.0,0.6573662369903005
75,-0.4999999999999969,0.7097616259733581,0.0,0.6645958697425928
76,-0.4799999999999969,0.7114609718551854,0.0,0.67172092865801
77,-0.4599999999999968,0.7130427611760952,0.0,0.6787427315488435
78,-0.4399999999999968,0.7145364804770294,0.0,0.6856626543680598
79,-0.4199999999999968,0.7159712026797173,0.0,0.6924821245751338
80,-0.3999999999999968,0.7173756504945241,0.0,0.6992026147748767
81,-0.3799999999999968,0.7187782639530534,0.0,0.7058256366380266
82,-0.3599999999999967,0.7202072715654854,0.0,0.7123527351098105
83,-0.3399999999999967,0.7216907634373357,0.0,0.7187854829102965
84,-0.3199999999999967,0.7232567635093261,0.0,0.7251254753282182
85,-0.2999999999999967,0.7249332968850114,0.0,0.731374325308001
86,-0.2799999999999967,0.7267484469535711,0.0,0.7375336588279818
87,-0.2599999999999967,0.7287303956679705,0.0,0.7436051105662788
88,-0.2399999999999966,0.7309074388742166,0.0,0.7495903198494097
89,-0.2199999999999966,0.7333079669904693,0.0,0.7554909268775931
90,-0.1999999999999966,0.7359603996118074,0.0,0.7613085692196745
91,-0.1799999999999966,0.7388930608085925,0.0,0.7670448785697771
92,-0.1599999999999966,0.7421339800860951,0.0,0.7727014777570858
93,-0.1399999999999965,0.7457106023461753,0.0,0.7782799779996322
94,-0.1199999999999965,0.749649389004322,0.0,0.7837819763925129
95,-0.0999999999999965,0.753975292064681,0.0,0.7892090536206686
96,-0.0799999999999965,0.7587110840024631,0.0,0.794562771886136
97,-0.0599999999999965,0.7638765294965627,0.0,0.7998446730395801
98,-0.0399999999999964,0.769487391337325,0.0,0.8050562769058595
99,-0.0199999999999964,0.7755542733002347,0.0,0.8101990797934383
100,3.552713678800501e-15,0.7820813185539746,0.0,0.8152745531775383
101,0.0200000000000031,0.7890648041771291,0.0,0.8202841425470847
102,0.0400000000000035,0.7964917008777769,0.0,0.8252292664057029
103,0.060000000000004,0.8043383010838677,0.0,0.8301113154172578
104,0.0800000000000036,0.8125690552218487,0.0,0.8349316516866871
105,0.1000000000000032,0.8211357894824755,0.0,0.8396916081672001
106,0.1200000000000036,0.8299774998221497,0.0,0.8443924881851942
107,0.1400000000000041,0.8390209149880099,0.0,0.8490355650746076
108,0.1600000000000037,0.8481819842668482,0.0,0.8536220819127378
109,0.1800000000000032,0.8573683653826915,0.0,0.8581532513499252
110,0.2000000000000037,0.8664828653153247,0.0,0.8626302555258368
111,0.2200000000000042,0.8754276359904257,0.0,0.8670542460654461
112,0.2400000000000037,0.8841087763889562,0.0,0.8714263441481497
113,0.2600000000000033,0.8924408805265316,0.0,0.8757476406438109
114,0.2800000000000038,0.900351032865892,0.0,0.8800191963098526
115,0.3000000000000042,0.9077818090498052,0.0,0.8842420420438583
116,0.3200000000000038,0.9146929843233872,0.0,0.8884171791864562
117,0.3400000000000034,0.921061851987721,0.0,0.8925455798695878
118,0.3600000000000039,0.9268822608544552,0.0,0.8966281874055303
119,0.3800000000000043,0.9321626459275564,0.0,0.9006659167123833
120,0.4000000000000039,0.9369234188606258,0.0,0.9046596547719479
121,0.4200000000000035,0.941194096712014,0.0,0.9086102611162463
122,0.4400000000000039,0.9450104936453506,0.0,0.9125185683391468
123,0.4600000000000044,0.9484122076797724,0.0,0.9163853826298136
124,0.480000000000004,0.9514405322469554,0.0,0.9202114843249369
125,0.5000000000000036,0.9541368324353856,0.0,0.923997628476903
126,0.520000000000004,0.95654136050214,0.0,0.9277445454352732
127,0.5400000000000045,0.9586924470844116,0.0,0.9314529414391465
128,0.560000000000004,0.9606259896317998,0.0,0.935123499218143
129,0.5800000000000036,0.9623751610336626,0.0,0.9387568785999404
130,0.6000000000000041,0.9639702721820148,0.0,0.9423537171224368
131,0.6200000000000045,0.9654387366355696,0.0,0.9459146306487839
132,0.6400000000000041,0.9668050998907696,0.0,0.9494402139836662
133,0.6600000000000037,0.968091108018897,0.0,0.952931041489338
134,0.6800000000000042,0.9693157998695496,0.0,0.9563876677000611
135,0.7000000000000046,0.9704956137246772,0.0,0.9598106279336923
136,0.7200000000000042,0.9716445036510644,0.0,0.9632004388992963
137,0.7400000000000038,0.972774063397868,0.0,0.9665575992997416
138,0.7600000000000042,0.9738936570463064,0.0,0.9698825904283517
139,0.7800000000000047,0.9750105561744268,0.0,0.9731758767587616
140,0.8000000000000043,0.9761300833765982,0.0,0.9764379065272106
141,0.8200000000000038,0.9772557618026242,0.0,0.9796691123065987
142,0.8400000000000043,0.9783894701042746,0.0,0.9828699115716764
143,0.8600000000000048,0.9795316018889418,0.0,0.9860407072548307
144,0.8800000000000043,0.9806812285321868,0.0,0.9891818882919815
145,0.9000000000000039,0.9818362640179156,0.0,0.9922938301581596
146,0.9200000000000044,0.982993630364627,0.0,0.995376895392392
147,0.9400000000000048,0.9841494221561188,0.0,0.9984314341115764
148,0.9600000000000044,0.9852990687161056,0.0,1.0014577845130663
149,0.980000000000004,0.9864374925354435,0.0,1.0044562733657314
150,1.0000000000000044,0.9875592626625952,0.0,1.0074272164893086
151,1.020000000000005,0.988658741886222,0.0,1.0103709192218728
152,1.0400000000000045,0.9897302266573011,0.0,1.0132876768753278
153,1.060000000000004,0.9907680788027168,0.0,1.016177775178806
154,1.0800000000000043,0.9917668481621358,0.0,1.0190414907099317
155,1.100000000000005,0.9927213853292468,0.0,1.0218790913139169
156,1.1200000000000043,0.9936269436970988,0.0,1.0246908365104659
157,1.140000000000004,0.9944792700017488,0.0,1.0274769778885307
158,1.1600000000000046,0.9952746825409828,0.0,1.0302377594889343
159,1.180000000000005,0.9960101362327898,0.0,1.0329734181749322
160,1.2000000000000046,0.9966832736914772,0.0,1.035684183990784
161,1.2200000000000042,0.9972924615582056,0.0,1.0383702805084334
162,1.2400000000000049,0.9978368114450916,0.0,1.0410319251624027
163,1.2600000000000051,0.998316185050398,0.0,1.0436693295730277
164,1.2800000000000047,0.9987311832816492,0.0,1.046282699858168
165,1.3000000000000045,0.999083119579512,0.0,1.0488722369335497
166,1.3200000000000047,0.9993739780541244,0.0,1.0514381368018908
167,1.3400000000000052,0.9996063575043518,0.0,1.0539805908309832
168,1.3600000000000048,0.9997834028592636,0.0,1.0564997860209169
169,1.3800000000000043,0.9999087260257232,0.0,1.05899590526063
170,1.4000000000000048,0.9999863185114376,0.0,1.0614691275739705
171,1.4200000000000053,1.000020458487224,0.0,1.0639196283554906
172,1.4400000000000048,1.000015615130259,0.0,1.0663475795961643
173,1.4600000000000044,0.999976353135686,0.0,1.06875315009925
174,1.4800000000000049,0.9999072401920828,0.0,1.0711365056865114
175,1.500000000000005,0.9998127599933754,0.0,1.0734978093950203
176,1.520000000000005,0.9996972330224952,0.0,1.0758372216647618
177,1.5400000000000045,0.9995647469156872,0.0,1.0781549005172755
178,1.560000000000005,0.9994190977314366,0.0,1.0804510017255533
179,1.5800000000000054,0.9992637429375494,0.0,1.082725678975433
180,1.600000000000005,0.9991017664259156,0.0,1.0849790840187121
181,1.6200000000000043,0.9989358553954876,0.0,1.087211366818221
182,1.640000000000005,0.9987682885327024,0.0,1.0894226756850842
183,1.6600000000000057,0.9986009345810588,0.0,1.0916131574084054
184,1.680000000000005,0.9984352601366472,0.0,1.0937829573776054
185,1.7000000000000046,0.998272345336246,0.0,1.0959322196976504
186,1.720000000000005,0.9981129060154662,0.0,1.098061087297393
187,1.7400000000000055,0.9979573208981836,0.0,1.1001697020312624
188,1.7600000000000051,0.9978056624239066,0.0,1.1022582047745246
189,1.7800000000000047,0.9976577299139,0.0,1.1043267355123465
190,1.8000000000000052,0.997513083906576,0.0,1.106375433422875
191,1.8200000000000056,0.9973710806450864,0.0,1.1084044369545603
192,1.8400000000000047,0.9972309058639108,0.0,1.1104138838979358
193,1.8600000000000048,0.9970916071867992,0.0,1.1124039114520758
194,1.8800000000000048,0.9969521246080876,0.0,1.1143746562859282
195,1.9000000000000057,0.9968113186774546,0.0,1.1163262545947488
196,1.9200000000000053,0.9966679961407708,0.0,1.1182588421518238
197,1.9400000000000048,0.9965209329046428,0.0,1.1201725543556913
198,1.9600000000000053,0.9963688942886822,0.0,1.1220675262730562
199,1.9800000000000055,0.9962106526076852,0.0,1.12394389267759
200,-1.9999999999999984,0.7003427668140649,1.0,0.5416222890317651
201,-1.9799999999999984,0.6917638833908979,1.0,0.5378414590540486
202,-1.9599999999999984,0.6830161569854758,1.0,0.5340355465012869
203,-1.9399999999999984,0.6741047129201552,1.0,0.5302056187695992
204,-1.9199999999999984,0.665035739708013,1.0,0.5263527784430991
205,-1.899999999999998,0.6558165524517464,1.0,0.5224781622447516
206,-1.879999999999998,0.646455650846956,1.0,0.5185829398795792
207,-1.859999999999998,0.6369627701517736,1.0,0.5146683127717716
208,-1.839999999999998,0.6273489234481396,1.0,0.5107355126979015
209,-1.819999999999998,0.6176264335433136,1.0,0.506785800319062
210,-1.799999999999998,0.6078089529538226,1.0,0.5028204636153865
211,-1.779999999999998,0.5979114705847117,1.0,0.49884081622703397
212,-1.759999999999998,0.5879503039651639,1.0,0.4948481957063294
213,-1.739999999999998,0.5779430762183817,1.0,0.490843961686346
214,-1.719999999999998,0.5679086773065045,1.0,0.48682949397178277
215,-1.699999999999998,0.557867209459531,1.0,0.48280619055851465
216,-1.679999999999998,0.5478399170063382,1.0,0.4787754655887017
217,-1.659999999999998,0.5378491009823103,1.0,0.47473874724878207
218,-1.639999999999998,0.5279180187634943,1.0,0.47069747561808517
219,-1.619999999999998,0.5180707684041781,1.0,0.46665310047614794
220,-1.599999999999998,0.5083321561249394,1.0,0.4626070790771076
221,-1.579999999999998,0.4987275432652304,1.0,0.4585608738997793
222,-1.5599999999999978,0.4892826657055821,1.0,0.4545159503821918
223,-1.5399999999999978,0.4800234140058871,1.0,0.45047377464946536
224,-1.5199999999999978,0.470975556071608,1.0,0.44643581124393944
225,-1.4999999999999978,0.4621643759531075,1.0,0.44240352086644447
226,-1.4799999999999978,0.4536141925734795,1.0,0.43837835813750947
227,-1.4599999999999975,0.4453477114095741,1.0,0.4343617693871351
228,-1.4399999999999975,0.4373851518429261,1.0,0.4303551904815457
229,-1.4199999999999977,0.4297430856865477,1.0,0.4263600446950511
230,-1.3999999999999977,0.4224329226782315,1.0,0.4223777406348089
231,-1.3799999999999977,0.4154589932930607,1.0,0.4184096702258883
232,-1.3599999999999977,0.408816217731135,1.0,0.41445720676360315
233,-1.3399999999999976,0.4024874248669364,1.0,0.4105217030395907
234,-1.3199999999999976,0.3964405101383792,1.0,0.40660448954761097
235,-1.2999999999999976,0.3906258076903003,1.0,0.40270687277447503
236,-1.2799999999999976,0.3849742984860789,1.0,0.39883013358094366
237,-1.2599999999999976,0.3793975541688223,1.0,0.394975525676851
238,-1.2399999999999975,0.3737905496400232,1.0,0.3911442741940726
239,-1.2199999999999975,0.3680385219888308,1.0,0.3873375743603774
240,-1.1999999999999975,0.3620287010479205,1.0,0.38355659027654815
241,-1.1799999999999975,0.3556667698711355,1.0,0.3798024537985651
242,-1.1599999999999977,0.3488962458085545,1.0,0.3760762635260299
243,-1.1399999999999977,0.3417168640347593,1.0,0.3723790838974147
244,-1.1199999999999974,0.3341962712648178,1.0,0.36871194439215055
245,-1.0999999999999974,0.326469084822534,1.0,0.3650758388390174
246,-1.0799999999999974,0.3187196552362563,1.0,0.3614717248297688
247,-1.0599999999999974,0.3111496229072042,1.0,0.3579005232364345
248,-1.0399999999999974,0.303936899497091,1.0,0.3543631178302852
249,-1.0199999999999974,0.2971963586200664,1.0,0.3508603549999946
250,-0.9999999999999972,0.2909523081792932,1.0,0.3473930435661785
251,-0.9799999999999972,0.2851288968244896,1.0,0.34396195468910096
252,-0.9599999999999972,0.2795591386378285,1.0,0.3405678218660465
253,-0.9399999999999972,0.2740087875276206,1.0,0.3372113410145738
254,-0.9199999999999972,0.2682092303971509,1.0,0.33389317063762636
255,-0.8999999999999972,0.2618936757450901,1.0,0.3306139320662874
256,-0.8799999999999972,0.254832076321207,1.0,0.3273742097757955
257,-0.8599999999999972,0.2468613780622368,1.0,0.3241745517703209
258,-0.8399999999999972,0.237908365365119,1.0,0.32101547003191355
259,-0.8199999999999972,0.228002731184447,1.0,0.317897441028979
260,-0.7999999999999972,0.217278532797282,1.0,0.3148209062796151
261,-0.7799999999999971,0.2059633469112634,1.0,0.3117862729651538
262,-0.7599999999999971,0.1943562883300975,1.0,0.3087939145892794
263,-0.7399999999999971,0.1827981838766723,1.0,0.30584417167817357
264,-0.7199999999999971,0.1716388357359237,1.0,0.30293735251719556
265,-0.6999999999999971,0.1612067604439492,1.0,0.30007373391973585
266,-0.679999999999997,0.1517858153790015,1.0,0.2972535620239925
267,-0.659999999999997,0.1436011049937206,1.0,0.2944770531135573
268,-0.639999999999997,0.1368142717479196,1.0,0.29174439445787087
269,-0.619999999999997,0.1315264752150386,1.0,0.28905574516873883
270,-0.599999999999997,0.1277864468137139,1.0,0.2864112370693183
271,-0.579999999999997,0.1256009550079468,1.0,0.28381097557213075
272,-0.559999999999997,0.1249455340936964,1.0,0.28125504056286804
273,-0.5399999999999969,0.1257740682345394,1.0,0.27874348728694665
274,-0.5199999999999969,0.1280265182677255,1.0,0.27627634723595396
275,-0.4999999999999969,0.1316346009980776,1.0,0.27385362903133814
276,-0.4799999999999969,0.1365255551307117,1.0,0.2714753193028807
277,-0.4599999999999968,0.1426242895141284,1.0,0.2691413835596862
278,-0.4399999999999968,0.1498542612657009,1.0,0.26685176705161645
279,-0.4199999999999968,0.1581374219603077,1.0,0.26460639561928484
280,-0.3999999999999968,0.1673935339332949,1.0,0.26240517653090095
281,-0.3799999999999968,0.1775391163790581,1.0,0.2602479993044461
282,-0.3599999999999967,0.1884862419447125,1.0,0.2581347365138111
283,-0.3399999999999967,0.2001413714265032,1.0,0.25606524457771307
284,-0.3199999999999967,0.2124043854698997,1.0,0.2540393645303443
285,-0.2999999999999967,0.2251679446160291,1.0,0.25205692277287006
286,-0.2799999999999967,0.2383172792429596,1.0,0.25011773180502295
287,-0.2599999999999967,0.2517304764821584,1.0,0.24822159093618273
288,-0.2399999999999966,0.2652792912724223,1.0,0.2463682869754447
289,-0.2199999999999966,0.2788304645860107,1.0,0.2445575949003093
290,-0.1999999999999966,0.2922474867259986,1.0,0.24278927850372597
291,-0.1799999999999966,0.3053927021233852,1.0,0.2410630910193244
292,-0.1599999999999966,0.3181296195253452,1.0,0.2393787757247712
293,-0.1399999999999965,0.3303252726217191,1.0,0.2377360665232555
294,-0.1199999999999965,0.3418524741754014,1.0,0.23613468850320868
295,-0.0999999999999965,0.3525918224018056,1.0,0.23457435847641414
296,-0.0799999999999965,0.3624333498332435,1.0,0.23305478549474318
297,-0.0599999999999965,0.3712777480086499,1.0,0.23157567134579662
298,-0.0399999999999964,0.3790371502810492,1.0,0.2301367110277978
299,-0.0199999999999964,0.3856355035298881,1.0,0.2287375932041182
300,3.552713678800501e-15,0.3910086017730053,1.0,0.22737800063785563
301,0.0200000000000031,0.3951038860074378,1.0,0.22605761060693258
302,0.0400000000000035,0.397880132137648,1.0,0.22477609530019632
303,0.060000000000004,0.3993071513563754,1.0,0.22353312219503269
304,0.0800000000000036,0.3993656151355159,1.0,0.22232835441703797
305,0.1000000000000032,0.3980470915986455,1.0,0.2211614510822861
306,0.1200000000000036,0.3953543439612063,1.0,0.22003206762276722
307,0.1400000000000041,0.3913018981499095,1.0,0.21893985609556005
308,0.1600000000000037,0.3859168394650222,1.0,0.21788446547632861
309,0.1800000000000032,0.3792397515525271,1.0,0.21686554193771365
310,0.2000000000000037,0.371325669706359,1.0,0.21588272911321624
311,0.2200000000000042,0.3622448894526461,1.0,0.21493566834714206
312,0.2400000000000037,0.3520834550401333,1.0,0.2140239989311959
313,0.2600000000000033,0.340943154616837,1.0,0.21314735832829182
314,0.2800000000000038,0.3289408717763744,1.0,0.21230538238414912
315,0.3000000000000042,0.3162071869217659,1.0,0.21149770552722663
316,0.3200000000000038,0.3028841839471709,1.0,0.210723960957544
317,0.3400000000000034,0.2891224925954294,1.0,0.2099837808249252
318,0.3600000000000039,0.2750776763726423,1.0,0.20927679639718386
319,0.3800000000000043,0.2609061501407839,1.0,0.2086026382187645
320,0.4000000000000039,0.2467608701190361,1.0,0.2079609362603307
321,0.4200000000000035,0.2327870730527212,1.0,0.20735132005978243
322,0.4400000000000039,0.219118345004243,1.0,0.20677341885517006
323,0.4600000000000044,0.2058732723898327,1.0,0.20622686170995277
324,0.480000000000004,0.1931528723800151,1.0,0.20571127763104124
325,0.5000000000000036,0.181038924887193,1.0,0.20522629568003573
326,0.520000000000004,0.1695932451839555,1.0,0.20477154507807208
327,0.5400000000000045,0.1588578564179253,1.0,0.20434665530465618
328,0.560000000000004,0.1488559549278473,1.0,0.20395125619086327
329,0.5800000000000036,0.1395935149653575,1.0,0.20358497800725245
330,0.6000000000000041,0.1310613557010149,1.0,0.20324745154684418
331,0.6200000000000045,0.1232374908702859,1.0,0.20293830820347838
332,0.6400000000000041,0.116089595862584,1.0,0.20265718004586672
333,0.6600000000000037,0.1095774527808166,1.0,0.2024036998876327
334,0.6800000000000042,0.1036552652047922,1.0,0.20217750135362236
335,0.7000000000000046,0.0982737661938765,1.0,0.2019782189427435
336,0.7200000000000042,0.0933820720198667,1.0,0.2018054880875977
337,0.7400000000000038,0.0889292583121265,1.0,0.2016589452111312
338,0.7600000000000042,0.084865654092356,1.0,0.20153822778053884
339,0.7800000000000047,0.0811438628385272,1.0,0.20144297435862657
340,0.8000000000000043,0.0777195289974838,1.0,0.20137282465283934
341,0.8200000000000038,0.0745518741766062,1.0,0.2013274195621326
342,0.8400000000000043,0.0716040304508989,1.0,0.2013064012218786
343,0.8600000000000048,0.0688431995360918,1.0,0.20130941304695338
344,0.8800000000000043,0.0662406665405859,1.0,0.20133609977317377
345,0.9000000000000039,0.0637716960082352,1.0,0.20138610749722502
346,0.9200000000000044,0.0614153362768164,1.0,0.20145908371520482
347,0.9400000000000048,0.0591541560059677,1.0,0.20155467735992108
348,0.9600000000000044,0.0569739342296714,1.0,0.20167253883704558
349,0.980000000000004,0.0548633225906416,1.0,0.20181232006023925
350,1.0000000000000044,0.0528134956282362,1.0,0.2019736744853417
351,1.020000000000005,0.0508178022155963,1.0,0.2021562571437177
352,1.0400000000000045,0.0488714285614245,1.0,0.20235972467483948
353,1.060000000000004,0.0469710806799371,1.0,0.20258373535818383
354,1.0800000000000043,0.0451146919472756,1.0,0.2028279491445071
355,1.100000000000005,0.0433011593459847,1.0,0.20309202768656362
356,1.1200000000000043,0.0415301102759908,1.0,0.2033756343693209
357,1.140000000000004,0.0398017003890955,1.0,0.20367843433971705
358,1.1600000000000046,0.0381164417776069,1.0,0.20400009453601237
359,1.180000000000005,0.0364750599973303,1.0,0.20434028371676363
360,1.2000000000000046,0.0348783778028779,1.0,0.20469867248945844
361,1.2200000000000042,0.0333272230858248,1.0,0.20507493333884072
362,1.2400000000000049,0.0318223582982304,1.0,0.20546874065494478
363,1.2600000000000051,0.0303644285804593,1.0,0.205879770760863
364,1.2800000000000047,0.0289539258604257,1.0,0.20630770194026038
365,1.3000000000000045,0.0275911663221526,1.0,0.2067522144646482
366,1.3200000000000047,0.0262762788297458,1.0,0.20721299062042497
367,1.3400000000000052,0.025009202117517,1.0,0.20768971473569095
368,1.3600000000000048,0.0237896888009829,1.0,0.20818207320684018
369,1.3800000000000043,0.0226173145133493,1.0,0.2086897545249256
370,1.4000000000000048,0.0214914907175639,1.0,0.20921244930179825
371,1.4200000000000053,0.0204114799775053,1.0,0.20974985029601298
372,1.4400000000000048,0.0193764126881492,1.0,0.21030165243849674
373,1.4600000000000044,0.0183853044602755,1.0,0.21086755285796502
374,1.4800000000000049,0.0174370735287337,1.0,0.21144725090607827
375,1.500000000000005,0.0165305577039785,1.0,0.21204044818233397
376,1.520000000000005,0.0156645305150209,1.0,0.21264684855865737
377,1.5400000000000045,0.0148377162993192,1.0,0.21326615820370612
378,1.560000000000005,0.0140488040831319,1.0,0.21389808560684667
379,1.5800000000000054,0.0132964601664703,1.0,0.21454234160180086
380,1.600000000000005,0.0125793393821396,1.0,0.21519863938993766
381,1.6200000000000043,0.0118960950405874,1.0,0.21586669456319138
382,1.640000000000005,0.0112453876034191,1.0,0.2165462251265916
383,1.6600000000000057,0.0106258921504561,1.0,0.21723695152038053
384,1.680000000000005,0.0100363047197748,1.0,0.2179385966416989
385,1.7000000000000046,0.0094753476088507,1.0,0.21865088586581893
386,1.720000000000005,0.0089417737290164,1.0,0.21937354706691012
387,1.7400000000000055,0.0084343701060642,1.0,0.22010631063830763
388,1.7600000000000051,0.0079519606178796,1.0,0.22084890951226885
389,1.7800000000000047,0.0074934080562502,1.0,0.2216010791792002
390,1.8000000000000052,0.0070576155950269,1.0,0.22236255770632715
391,1.8200000000000056,0.0066435277411102,1.0,0.22313308575579363
392,1.8400000000000047,0.0062501308386374,1.0,0.22391240660216824
393,1.8600000000000048,0.0058764531905258,1.0,0.22470026614934294
394,1.8800000000000048,0.005521564855382,1.0,0.2254964129467985
395,1.9000000000000057,0.0051845771718496,1.0,0.22630059820522688
396,1.9200000000000053,0.004864642056837,1.0,0.227112575811488
397,1.9400000000000048,0.0045609511187877,1.0,0.22793210234288902
398,1.9600000000000053,0.0042727346222734,1.0,0.22875893708076406
399,1.9800000000000055,0.003999260335705,1.0,0.22959284202334806
400,-1.9999999999999984,0.7004827891945709,2.0,0.7117345510236383
401,-1.9799999999999984,0.6955882818572217,2.0,0.7078192142274439
402,-1.9599999999999984,0.6906837313675391,2.0,0.7038961674179108
403,-1.9399999999999984,0.6857718301681138,2.0,0.699967004035249
404,-1.9199999999999984,0.6808553571871366,2.0,0.696033377374915
405,-1.899999999999998,0.6759371789859001,2.0,0.6920970005592969
406,-1.879999999999998,0.6710202514859134,2.0,0.688159646336286
407,-1.859999999999998,0.6661076223307991,2.0,0.6842231466897233
408,-1.839999999999998,0.6612024339286102,2.0,0.680289392245827
409,-1.819999999999998,0.656307927208317,2.0,0.6763603314587575
410,-1.799999999999998,0.6514274461098837,2.0,0.6724379695574739
411,-1.779999999999998,0.6465644428105831,2.0,0.6685243672348897
412,-1.759999999999998,0.6417224836709016,2.0,0.6646216390591664
413,-1.739999999999998,0.6369052558616476,2.0,0.6607319515856184
414,-1.719999999999998,0.632116574609727,2.0,0.6568575211462677
415,-1.699999999999998,0.6273603909734848,2.0,0.6530006112924402
416,-1.679999999999998,0.622640800029721,2.0,0.649163529864035
417,-1.659999999999998,0.6179620493234773,2.0,0.6453486256570713
418,-1.639999999999998,0.6133285473986271,2.0,0.641558284658907
419,-1.619999999999998,0.6087448721923119,2.0,0.6377949258180682
420,-1.599999999999998,0.6042157790394443,2.0,0.6340609963128099
421,-1.579999999999998,0.5997462079950558,2.0,0.630358966279516
422,-1.5599999999999978,0.5953412901423335,2.0,0.6266913229585511
423,-1.5399999999999978,0.5910063525129893,2.0,0.6230605642113946
424,-1.5199999999999978,0.586746921204328,2.0,0.6194691913586409
425,-1.4999999999999978,0.5825687222344205,2.0,0.6159197012837474
426,-1.4799999999999978,0.5784776796334358,2.0,0.6124145777422583
427,-1.4599999999999975,0.5744799102260145,2.0,0.6089562818105335
428,-1.4399999999999975,0.5705817145172236,2.0,0.6055472414018249
429,-1.4199999999999977,0.566789563054077,2.0,0.6021898397707937
430,-1.3999999999999977,0.5631100775969405,2.0,0.5988864029203023
431,-1.3799999999999977,0.559550006401963,2.0,0.5956391858165339
432,-1.3599999999999977,0.5561161928889793,2.0,0.5924503573102663
433,-1.3399999999999976,0.5528155369515375,2.0,0.5893219836535084
434,-1.3199999999999976,0.5496549481599633,2.0,0.5862560104918138
435,-1.2999999999999976,0.5466412901183746,2.0,0.5832542432035845
436,-1.2799999999999976,0.5437813152668456,2.0,0.5803183254487921
437,-1.2599999999999976,0.5410815894755503,2.0,0.577449715781039
438,-1.2399999999999975,0.538548405864705,2.0,0.5746496621691548
439,-1.2199999999999975,0.5361876874088309,2.0,0.5719191742680879
440,-1.1999999999999975,0.5340048780531607,2.0,0.5692589932742047
441,-1.1799999999999975,0.532004822290837,2.0,0.5666695591981733
442,-1.1599999999999977,0.5301916334283064,2.0,0.5641509753901468
443,-1.1399999999999977,0.5285685511085713,2.0,0.5617029701582208
444,-1.1199999999999974,0.5271377890711745,2.0,0.5593248553334058
445,-1.0999999999999974,0.5259003746049359,2.0,0.5570154816542944
446,-1.0799999999999974,0.5248559816912923,2.0,0.5547731908740475
447,-1.0599999999999974,0.5240027604344718,2.0,0.5525957645335369
448,-1.0399999999999974,0.5233371660152497,2.0,0.5504803693999031
449,-1.0199999999999974,0.522853791065987,2.0,0.5484234996422713
450,-0.9999999999999972,0.5225452060165456,2.0,0.5464209159089812
451,-0.9799999999999972,0.5224018125660232,2.0,0.5444675815867551
452,-0.9599999999999972,0.5224117159493402,2.0,0.5425575966651341
453,-0.9399999999999972,0.5225606220402051,2.0,0.5406841298026814
454,-0.9199999999999972,0.5228317655097878,2.0,0.5388393493979603
455,-0.8999999999999972,0.5232058751915397,2.0,0.5370143547105892
456,-0.8799999999999972,0.5236611824411397,2.0,0.535199108357303
457,-0.8599999999999972,0.5241734775922497,2.0,0.5333823718246199
458,-0.8399999999999972,0.5247162185768337,2.0,0.5315516459911263
459,-0.8199999999999972,0.5252606944090803,2.0,0.5296931190328134
460,-0.7999999999999972,0.5257762445564973,2.0,0.5277916244847899
461,-0.7799999999999971,0.5262305333006089,2.0,0.525830612637186
462,-0.7599999999999971,0.5265898761092018,2.0,0.5237921388312511
463,-0.7399999999999971,0.5268196129105448,2.0,0.5216568725654839
464,-0.7199999999999971,0.5268845210996155,2.0,0.5194041315853225
465,-0.6999999999999971,0.526749259243126,2.0,0.517011945269876
466,-0.679999999999997,0.5263788309020095,2.0,0.5144571515944762
467,-0.659999999999997,0.525739056855438,2.0,0.5117155316823071
468,-0.639999999999997,0.5247970433583841,2.0,0.5087619854037325
469,-0.619999999999997,0.5235216339279852,2.0,0.5055707505828565
470,-0.599999999999997,0.5218838325267998,2.0,0.5021156670821322
471,-0.579999999999997,0.5198571868513321,2.0,0.49837048533116013
472,-0.559999999999997,0.5174181216701527,2.0,0.49430921674808914
473,-0.5399999999999969,0.5145462136962464,2.0,0.4899065210142159
474,-0.5199999999999969,0.511224401223842,2.0,0.48513812239669774
475,-0.4999999999999969,0.5074391236166901,2.0,0.4799812444191973
476,-0.4799999999999969,0.5031803876233252,2.0,0.474415049360344
477,-0.4599999999999968,0.498441759358827,2.0,0.4684210665692044
478,-0.4399999999999968,0.4932202826017731,2.0,0.46198359171097947
479,-0.4199999999999968,0.4875163258043921,2.0,0.4550900380848299
480,-0.3999999999999968,0.4813333619185546,2.0,0.4477312213466722
481,-0.3799999999999968,0.4746776868268316,2.0,0.4399015605077959
482,-0.3599999999999967,0.4675580838637286,2.0,0.43159918103804734
483,-0.3399999999999967,0.4599854436339025,2.0,0.4228259102123063
484,-0.3199999999999967,0.4519723500764079,2.0,0.41358716028097564
485,-0.2999999999999967,0.4435326454516853,2.0,0.40389170125961804
486,-0.2799999999999967,0.4346809885713499,2.0,0.39375133165746146
487,-0.2599999999999967,0.4254324220461036,2.0,0.38318046179334975
488,-0.2399999999999966,0.4158019654620458,2.0,0.3721956300013763
489,-0.2199999999999966,0.4058042520608952,2.0,0.3608149766236133
490,-0.1999999999999966,0.3954532265443062,2.0,0.34905770399060226
491,-0.1799999999999966,0.3847619209132362,2.0,0.33694355254547165
492,-0.1599999999999966,0.3737423236946021,2.0,0.32449232398824335
493,-0.1399999999999965,0.3624053554604022,2.0,0.3117234820458427
494,-0.1199999999999965,0.3507609602412773,2.0,0.2986558605132815
495,-0.0999999999999965,0.3388183183882011,2.0,0.2853075068390002
496,-0.0799999999999965,0.3265861818295128,2.0,0.2716956879038355
497,-0.0599999999999965,0.3140733277534888,2.0,0.2578370827336005
498,-0.0399999999999964,0.3012891217990953,2.0,0.2437481844010257
499,-0.0199999999999964,0.28824417713012,2.0,0.2294459297443704
500,3.552713678800501e-15,0.2749510915121498,2.0,0.21494856992643596
501,0.0200000000000031,0.2614252408092128,2.0,0.20027678626024628
502,0.0400000000000035,0.2476856041191554,2.0,0.18545504307439384
503,0.060000000000004,0.2337555928644236,2.0,0.17051315180105966
504,0.0800000000000036,0.2196638532115186,2.0,0.15548799754939127
505,0.1000000000000032,0.2054450078401645,2.0,0.1404253516380266
506,0.1200000000000036,0.191140299086312,2.0,0.12538166259590922
507,0.1400000000000041,0.1767980909571562,2.0,0.11042568720857725
508,0.1600000000000037,0.16247418316871,2.0,0.09563979706493597
509,0.1800000000000032,0.148231887681611,2.0,0.08112078075677229
510,0.2000000000000037,0.1341418195488614,2.0,0.06697996379821111
511,0.2200000000000042,0.1202813622455582,2.0,0.053342492896128205
512,0.2400000000000037,0.1067337861929436,2.0,0.04034568120111997
513,0.2600000000000033,0.0935870304042126,2.0,0.02813638515053405
514,0.2800000000000038,0.0809322017913128,2.0,0.016867474852755828
515,0.3000000000000042,0.0688619025694654,2.0,0.006693557109203217
516,0.3200000000000038,0.057468557751902,2.0,-0.002233801610552289
517,0.3400000000000034,0.0468429729040825,2.0,-0.009771040581101509
518,0.3600000000000039,0.0370733957832882,2.0,-0.015787418148156703
519,0.3800000000000043,0.0282453724647727,2.0,-0.020169344627945607
520,0.4000000000000039,0.0204426687158087,2.0,-0.022823957265973745
521,0.4200000000000035,0.0137494623003871,2.0,-0.023681739978945203
522,0.4400000000000039,0.0082538927707154,2.0,-0.022698086335107014
523,0.4600000000000044,0.0040528671458778,2.0,-0.01985380031770487
524,0.480000000000004,0.0012577334260339,2.0,-0.015154612790414548
525,0.5000000000000036,-7.095959110823973e-16,2.0,-0.008629853503502255
526,0.520000000000004,0.0004356371414586,2.0,-0.0003304553680902118
527,0.5400000000000045,0.0027456195233527,2.0,0.009673519343917754
528,0.560000000000004,0.0071293727523376,2.0,0.021295647904815362
529,0.5800000000000036,0.0137871233708857,2.0,0.034436048541376475
530,0.6000000000000041,0.0228877875585531,2.0,0.04898427974826672
531,0.6200000000000045,0.0345223159375711,2.0,0.06482213337305215
532,0.6400000000000041,0.0486491260252855,2.0,0.08182624652897241
533,0.6600000000000037,0.0650468246170093,2.0,0.09987048300587015
534,0.6800000000000042,0.0832947406558816,2.0,0.11882805585440258
535,0.7000000000000046,0.1027974609121829,2.0,0.13857337909513553
536,0.7200000000000042,0.1228540051167137,2.0,0.1589836485002565
537,0.7400000000000038,0.1427530318180292,2.0,0.17994015983247735
538,0.7600000000000042,0.1618647788396545,2.0,0.20132937858558997
539,0.7800000000000047,0.1797047563839756,2.0,0.22304377886886867
540,0.8000000000000043,0.1959589559389297,2.0,0.24498247119868385
541,0.8200000000000038,0.2104753082189603,2.0,0.2670516400468416
542,0.8400000000000043,0.2232341986687523,2.0,0.28916481235767466
543,0.8600000000000048,0.2343113454536913,2.0,0.3112429780924175
544,0.8800000000000043,0.2438425139114564,2.0,0.3332145833236821
545,0.9000000000000039,0.2519948764481833,2.0,0.3550154155711888
546,0.9200000000000044,0.2589462658553523,2.0,0.3765884000018266
547,0.9400000000000048,0.2648715571109516,2.0,0.39788332385942554
548,0.9600000000000044,0.2699346233179322,2.0,0.41885650508474037
549,0.980000000000004,0.274284245719793,2.0,0.439470419575943
550,1.0000000000000044,0.2780526170901302,2.0,0.4596932999667517
551,1.020000000000005,0.2813554224122153,2.0,0.4794987172046146
552,1.0400000000000045,0.2842927961126024,2.0,0.4988651546344157
553,1.060000000000004,0.2869507020925114,2.0,0.5177755827689904
554,1.0800000000000043,0.2894024594413723,2.0,0.5362170414858345
555,1.100000000000005,0.2917102553015047,2.0,0.5541802350528142
556,1.1200000000000043,0.2939265620042122,2.0,0.571659144170837
557,1.140000000000004,0.2960954216085028,2.0,0.5886506581380418
558,1.1600000000000046,0.2982535875193123,2.0,0.6051542292921624
559,1.180000000000005,0.3004315271480237,2.0,0.6211715510741317
560,1.2000000000000046,0.3026542964498161,2.0,0.6367062603716117
561,1.2200000000000042,0.3049422997626746,2.0,0.6517636642376575
562,1.2400000000000049,0.307311948638216,2.0,0.6663504906269945
563,1.2600000000000051,0.3097762324739884,2.0,0.680474662438738
564,1.2800000000000047,0.3123452124114639,2.0,0.6941450938878246
565,1.3000000000000045,0.3150264485241404,2.0,0.7073715080358923
566,1.3200000000000047,0.3178253689692279,2.0,0.7201642741843065
567,1.3400000000000052,0.3207455885890899,2.0,0.7325342637566941
568,1.3600000000000048,0.3237891834404113,2.0,0.7444927232658969
569,1.3800000000000043,0.3269569268862011,2.0,0.7560511629619385
570,1.4000000000000048,0.3302484921826937,2.0,0.7672212597857947
571,1.4200000000000053,0.3336626259024166,2.0,0.7780147733018514
572,1.4400000000000048,0.3371972960312188,2.0,0.788443473344436
573,1.4600000000000044,0.3408498181406961,2.0,0.7985190781860617
574,1.4800000000000049,0.3446169626527756,2.0,0.8082532021133209
575,1.500000000000005,0.3484950458692816,2.0,0.817657311377652
576,1.520000000000005,0.3524800071285337,2.0,0.8267426875701605
577,1.5400000000000045,0.3565674741685344,2.0,0.8355203975504328
578,1.560000000000005,0.360752818518916,2.0,0.8440012691375695
579,1.5800000000000054,0.3650312025095353,2.0,0.8521958718464202
580,1.600000000000005,0.3693976192710264,2.0,0.8601145020226573
581,1.6200000000000043,0.3738469269106606,2.0,0.8677671717964207
582,1.640000000000005,0.3783738778745493,2.0,0.8751636013356033
583,1.6600000000000057,0.3829731443535718,2.0,0.8823132139363731
584,1.680000000000005,0.3876393404542751,2.0,0.8892251335403389
585,1.7000000000000046,0.3923670417362873,2.0,0.8959081843149125
586,1.720000000000005,0.397150802613244,2.0,0.9023708919762115
587,1.7400000000000055,0.4019851720235909,2.0,0.9086214865724743
588,1.7600000000000051,0.4068647076996305,2.0,0.9146679064806685
589,1.7800000000000047,0.4117839892965498,2.0,0.9205178034001278
590,1.8000000000000052,0.4167376305867235,2.0,0.9261785481548247
591,1.8200000000000056,0.4217202908771571,2.0,0.9316572371406626
592,1.8400000000000047,0.4267266857684539,2.0,0.9369606992761556
593,1.8600000000000048,0.4317515973411796,2.0,0.9420955033343335
594,1.8800000000000048,0.4367898838290332,2.0,0.9470679655509131
595,1.9000000000000057,0.4418364888170368,2.0,0.9518841574189363
596,1.9200000000000053,0.4468864499862394,2.0,0.9565499135934151
597,1.9400000000000048,0.4519349074135925,2.0,0.9610708398411998
598,1.9600000000000053,0.4569771114260862,2.0,0.9654523209815318
599,1.9800000000000055,0.4620084300014191,2.0,0.9696995287716605
600,-1.9999999999999984,0.3531674061958826,3.0,0.34999518126848483
601,-1.9799999999999984,0.3397389945276281,3.0,0.3428447651830685
602,-1.9599999999999984,0.3264113182162605,3.0,0.3356117781177656
603,-1.9399999999999984,0.3132081765379771,3.0,0.3282973585332722
604,-1.9199999999999984,0.3001532537823406,3.0,0.32090281531948023
605,-1.899999999999998,0.2872699272317293,3.0,0.3134296370015792
606,-1.879999999999998,0.2745810716196833,3.0,0.30587950111249146
607,-1.859999999999998,0.2621088633814236,3.0,0.298254283705547
608,-1.839999999999998,0.2498745881889557,3.0,0.29055606897878344
609,-1.819999999999998,0.2378984553445685,3.0,0.2827871589798952
610,-1.799999999999998,0.2261994225809576,3.0,0.2749500833588166
611,-1.779999999999998,0.2147950346789609,3.0,0.2670476091332953
612,-1.759999999999998,0.203701279065269,3.0,0.25908275043168344
613,-1.739999999999998,0.1929324611981315,3.0,0.2510587781767471
614,-1.719999999999998,0.1825011020998579,3.0,0.242979229674684
615,-1.699999999999998,0.1724178598664583,3.0,0.23484791807492114
616,-1.679999999999998,0.1626914763967852,3.0,0.22666894166884866
617,-1.659999999999998,0.1533287499586876,3.0,0.21844669299962705
618,-1.639999999999998,0.1443345335723859,3.0,0.2101858677608035
619,-1.619999999999998,0.1357117585662612,3.0,0.2018914734689351
620,-1.599999999999998,0.1274614820712871,3.0,0.19356883790498397
621,-1.579999999999998,0.1195829566887777,3.0,0.18522361733116705
622,-1.5599999999999978,0.1120737201100166,3.0,0.17686180450452543
623,-1.5399999999999978,0.1049297020993837,3.0,0.16848973652591615
624,-1.5199999999999978,0.0981453459837491,3.0,0.1601141025837586
625,-1.4999999999999978,0.0917137416241901,3.0,0.15174195167589272
626,-1.4799999999999978,0.0856267667806126,3.0,0.14338070042060647
627,-1.4599999999999975,0.0798752338103822,3.0,0.13503814109943013
628,-1.4399999999999975,0.0744490387595711,3.0,0.1267224501099306
629,-1.4199999999999977,0.0693373100979178,3.0,0.11844219704649037
630,-1.3999999999999977,0.0645285546020965,3.0,0.11020635467112624
631,-1.3799999999999977,0.0600107981912611,3.0,0.1020243100846116
632,-1.3599999999999977,0.0557717198487781,3.0,0.09390587746054413
633,-1.3399999999999976,0.0517987771097188,3.0,0.08586131276110807
634,-1.3199999999999976,0.0480793219415638,3.0,0.0779013309127389
635,-1.2999999999999976,0.0446007061836757,3.0,0.0700371259819141
636,-1.2799999999999976,0.0413503760295909,3.0,0.06228039495472501
637,-1.2599999999999976,0.0383159553272996,3.0,0.05464336578723806
638,-1.2399999999999975,0.0354853177309224,3.0,0.04713883045455874
639,-1.2199999999999975,0.0328466479590794,3.0,0.03978018378199759
640,-1.1999999999999975,0.0303884925992922,3.0,0.03258146888734253
641,-1.1799999999999975,0.0280998010440458,3.0,0.02555743009314175
642,-1.1599999999999977,0.0259699572541785,3.0,0.018723574173810976
643,-1.1399999999999977,0.0239888031215949,3.0,0.012096240773142102
644,-1.1199999999999974,0.0221466542492076,3.0,0.005692682748065392
645,-1.0999999999999974,0.0204343089853066,3.0,-0.00046884295669121504
646,-1.0799999999999974,0.0188430515462398,3.0,-0.0063689735494583495
647,-1.0599999999999974,0.0173646500394201,3.0,-0.011987127783994096
648,-1.0399999999999974,0.0159913501621711,3.0,-0.01730138311946388
649,-1.0199999999999974,0.0147158653044342,3.0,-0.022288344104628967
650,-0.9999999999999972,0.0135313637281958,3.0,-0.026923004636735477
651,-0.9799999999999972,0.0124314534365551,3.0,-0.031178608415825874
652,-0.9599999999999972,0.0114101652831194,3.0,-0.035026514222128116
653,-0.9399999999999972,0.0104619348099437,3.0,-0.03843607579416636
654,-0.9199999999999972,0.0095815832411585,3.0,-0.04137455033855718
655,-0.8999999999999972,0.0087642980010307,3.0,-0.043807055378331516
656,-0.8799999999999972,0.0080056130703985,3.0,-0.0456966011217794
657,-0.8599999999999972,0.0073013894448376,3.0,-0.04700423522612687
658,-0.8399999999999972,0.006647795911945,3.0,-0.047689349156388
659,-0.8199999999999972,0.0060412903239297,3.0,-0.047710210626433144
660,-0.7999999999999972,0.0054786015052883,3.0,-0.04702480493140755
661,-0.7799999999999971,0.0049567119036073,3.0,-0.045592088884553204
662,-0.7599999999999971,0.0044728410642496,3.0,-0.04337378313540901
663,-0.7399999999999971,0.004024429986594,3.0,-0.040336848824887556
664,-0.7199999999999971,0.003609126400273,3.0,-0.03645680725245635
665,-0.6999999999999971,0.0032247709841838,3.0,-0.03172205727066358
666,-0.679999999999997,0.0028693845385906,3.0,-0.02613931046430273
667,-0.659999999999997,0.0025411561110656,3.0,-0.01974017929502619
668,-0.639999999999997,0.0022384320700541,3.0,-0.012588793951708515
669,-0.619999999999997,0.0019597061151911,3.0,-0.0047900640825983805
670,-0.599999999999997,0.0017036102109432,3.0,0.0035021762245752205
671,-0.579999999999997,0.0014689064294607,3.0,0.012078392823216684
672,-0.559999999999997,0.0012544796895698,3.0,0.02066975040131587
673,-0.5399999999999969,0.0010593313814759,3.0,0.028949980320344893
674,-0.5199999999999969,0.0008825738709147,3.0,0.036545222178091995
675,-0.4999999999999969,0.0007234258821557,3.0,0.04305398342763302
676,-0.4799999999999969,0.0005812087664314,3.0,0.048078138210712856
677,-0.4599999999999968,0.0004553436711277,3.0,0.051263663403164184
678,-0.4399999999999968,0.0003453496355272,3.0,0.05234680985432031
679,-0.4199999999999968,0.0002508426512455,3.0,0.051198366457411985
680,-0.3999999999999968,0.0001715357399844,3.0,0.04785677746575749
681,-0.3799999999999968,0.00010724011817,3.0,0.04254133575898581
682,-0.3599999999999967,5.7867537869436334e-05,3.0,0.035640064123729345
683,-0.3399999999999967,2.343391659035486e-05,3.0,0.02767255825998633
684,-0.3199999999999967,4.064395796515291e-06,3.0,0.01923414714618609
685,-0.2999999999999967,0.0,3.0,0.010931981634644053
686,-0.2799999999999967,1.160610602154945e-05,3.0,0.003324605848065708
687,-0.2599999999999967,3.938297657962577e-05,3.0,-0.0031257890495612656
688,-0.2399999999999966,8.39786650914334e-05,3.0,-0.00808354197776053
689,-0.2199999999999966,0.0001462046610065,3.0,-0.011351709516554653
690,-0.1999999999999966,0.0002270547189893,3.0,-0.012869097340419945
691,-0.1799999999999966,0.0003277274029033,3.0,-0.012696503060755017
692,-0.1599999999999966,0.000449652979229,3.0,-0.010996584013800144
693,-0.1399999999999965,0.0005945254168372,3.0,-0.008010906746675853
694,-0.1199999999999965,0.0007643403936994,3.0,-0.00403656248574626
695,-0.0999999999999965,0.0009614403787451,3.0,0.0005963477404487632
696,-0.0799999999999965,0.0011885680508756,3.0,0.005545840349088943
697,-0.0599999999999965,0.0014489295381779,3.0,0.010477708491098787
698,-0.0399999999999964,0.0017462692076473,3.0,0.015083752539343586
699,-0.0199999999999964,0.0020849580044571,3.0,0.019098489421798363
700,3.552713678800501e-15,0.0024700976190857,3.0,0.02231395112714966
701,0.0200000000000031,0.0029076430295021,3.0,0.02459182111629477
702,0.0400000000000035,0.0034045461877851,3.0,0.025871850955005004
703,0.060000000000004,0.0039689237361866,3.0,0.026175377139553462
704,0.0800000000000036,0.0046102515524251,3.0,0.02560293154944884
705,0.1000000000000032,0.0053395884939979,3.0,0.024325460568491077
706,0.1200000000000036,0.006169830724054,3.0,0.022569489066454024
707,0.1400000000000041,0.0071159961536335,3.0,0.020597521681822908
708,0.1600000000000037,0.0081955354113383,3.0,0.01868581821192424
709,0.1800000000000032,0.009428660812272,3.0,0.017102163485052092
710,0.2000000000000037,0.0108386773962634,3.0,0.016086220528068625
711,0.2200000000000042,0.0124522895637528,3.0,0.015834513703607337
712,0.2400000000000037,0.0142998426386306,3.0,0.01649119623488912
713,0.2600000000000033,0.0164154408420518,3.0,0.018144762389784852
714,0.2800000000000038,0.0188368628202401,3.0,0.020830008826315225
715,0.3000000000000042,0.0216051761718773,3.0,0.02453398846782507
716,0.3200000000000038,0.0247639394102726,3.0,0.02920447798570474
717,0.3400000000000034,0.0283578829104583,3.0,0.03475954714976697
718,0.3600000000000039,0.0324309916397322,3.0,0.04109707521480508
719,0.3800000000000043,0.0370239831805243,3.0,0.04810339945888759
720,0.4000000000000039,0.0421712890923307,3.0,0.05566061905445059
721,0.4200000000000035,0.0478977952597537,3.0,0.06365236141323116
722,0.4400000000000039,0.0542157456044837,3.0,0.0719680262246574
723,0.4600000000000044,0.0611223126464856,3.0,0.0805056546328857
724,0.480000000000004,0.0685983337566052,3.0,0.08917363956625678
725,0.5000000000000036,0.0766085720378603,3.0,0.09789151481247872
726,0.520000000000004,0.0851036005989851,3.0,0.10659005126320166
727,0.5400000000000045,0.0940230947842055,3.0,0.11521086221403594
728,0.560000000000004,0.1033000433065801,3.0,0.12370568550109541
729,0.5800000000000036,0.112865238416219,3.0,0.13203547504815366
730,0.6000000000000041,0.1226514118326203,3.0,0.1401694018814851
731,0.6200000000000045,0.1325965246031666,3.0,0.14808383670580036
732,0.6400000000000041,0.1426459338892073,3.0,0.15576136331711268
733,0.6600000000000037,0.1527533791459018,3.0,0.16318985429101332
734,0.6800000000000042,0.1628809040409695,3.0,0.1703616269655768
735,0.7000000000000046,0.1729979373104798,3.0,0.17727268801643012
736,0.7200000000000042,0.1830797987118104,3.0,0.1839220681618432
737,0.7400000000000038,0.1931058919896149,3.0,0.19031124406439598
738,0.7600000000000042,0.2030578149393769,3.0,0.19644364173651627
739,0.7800000000000047,0.2129175732158139,3.0,0.20232421423894065
740,0.8000000000000043,0.2226660395432889,3.0,0.20795908581312325
741,0.8200000000000038,0.2322817581257385,3.0,0.21335525452735288
742,0.8400000000000043,0.2417401564181792,3.0,0.2185203458312864
743,0.8600000000000048,0.2510131923986278,3.0,0.22346240995219918
744,0.8800000000000043,0.2600694341941961,3.0,0.22818975672114433
745,0.9000000000000039,0.2688745400831001,3.0,0.23271082211526845
746,0.9200000000000044,0.2773920811218335,3.0,0.23703406149564124
747,0.9400000000000048,0.2855846273051794,3.0,0.24116786517846464
748,0.9600000000000044,0.2934150029848383,3.0,0.24512049258441737
749,0.980000000000004,0.3008476098047962,3.0,0.24890002175811354
750,1.0000000000000044,0.3078497165398621,3.0,0.25251431153490966
751,1.020000000000005,0.3143926248224068,3.0,0.2559709740571491
752,1.0400000000000045,0.3204526365899731,3.0,0.2592773557100338
753,1.060000000000004,0.3260117710361406,3.0,0.26244052486365255
754,1.0800000000000043,0.3310582031977419,3.0,0.26546726507762325
755,1.100000000000005,0.3355864202751009,3.0,0.26836407265391193
756,1.1200000000000043,0.3395971129274386,3.0,0.2711371576167827
757,1.140000000000004,0.3430968353632155,3.0,0.27379244736149305
758,1.1600000000000046,0.3460974791388291,3.0,0.2763355923496136
759,1.180000000000005,0.3486156110872689,3.0,0.2787719733426408
760,1.2000000000000046,0.3506717262828955,3.0,0.28110670976032776
761,1.2200000000000042,0.3522894634114397,3.0,0.2833446688288278
762,1.2400000000000049,0.3534948235616417,3.0,0.2854904752489083
763,1.2600000000000051,0.3543154254933355,3.0,0.28754852116834884
764,1.2800000000000047,0.3547798219273164,3.0,0.28952297628697493
765,1.3000000000000045,0.3549168931778992,3.0,0.291417797959265
766,1.3200000000000047,0.3547553270872845,3.0,0.29323674118937026
767,1.3400000000000052,0.3543231880580845,3.0,0.2949833684378045
768,1.3600000000000048,0.3536475731509151,3.0,0.2966610591789848
769,1.3800000000000043,0.3527543496995987,3.0,0.29827301916495647
770,1.4000000000000048,0.3516679665768323,3.0,0.2998222893637062
771,1.4200000000000053,0.350411329939452,3.0,0.3013117545509696
772,1.4400000000000048,0.3490057337926086,3.0,0.30274415154286016
773,1.4600000000000044,0.3474708358359965,3.0,0.30412207706329625
774,1.4800000000000049,0.3458246696102685,3.0,0.30544799524549177
775,1.500000000000005,0.3440836847921761,3.0,0.3067242447708516
776,1.520000000000005,0.3422628084669455,3.0,0.3079530456517716
777,1.5400000000000045,0.34037552123961,3.0,0.30913650566721185
778,1.560000000000005,0.3384339430638733,3.0,0.3102766264616796
779,1.5800000000000054,0.3364489246206456,3.0,0.3113753093194826
780,1.600000000000005,0.3344301409402253,3.0,0.3124343606269654
781,1.6200000000000043,0.332386184717826,3.0,0.31345549703595105
782,1.640000000000005,0.330324657417807,3.0,0.3144403503418681
783,1.6600000000000057,0.3282522568007439,3.0,0.31539047209007276
784,1.680000000000005,0.3261748599471989,3.0,0.3163073379238065
785,1.7000000000000046,0.3240976012030663,3.0,0.31719235168694687
786,1.720000000000005,0.32202494474528,3.0,0.3180468492944339
787,1.7400000000000055,0.3199607516750973,3.0,0.31887210238282454
788,1.7600000000000051,0.3179083417002202,3.0,0.31966932175300866
789,1.7800000000000047,0.3158705495768517,3.0,0.32043966061663637
790,1.8000000000000052,0.313849776557292,3.0,0.32118421765730987
791,1.8200000000000056,0.3118480371356411,3.0,0.32190403991709543
792,1.8400000000000047,0.309867001410002,3.0,0.3226001255183991
793,1.8600000000000048,0.3079080333896477,3.0,0.3232734262307387
794,1.8800000000000048,0.3059722255742564,3.0,0.323924849891462
795,1.9000000000000057,0.3040604301229138,3.0,0.3245552626889702
796,1.9200000000000053,0.3021732869158668,3.0,0.3251654913165375
797,1.9400000000000048,0.3003112487939466,3.0,0.32575632500436325
798,1.9600000000000053,0.2984746042408089,3.0,0.3263285174370644
799,1.9800000000000055,0.2966634977526154,3.0,0.32688278856339975
800,-1.9999999999999984,4.186957966465888e-05,4.0,0.022810589865285846
801,-1.9799999999999984,3.505274831680797e-05,4.0,0.02202227769120749
802,-1.9599999999999984,2.876816236022131e-05,4.0,0.02122499638693806
803,-1.9399999999999984,2.3036474066043766e-05,4.0,0.020418660059758294
804,-1.9199999999999984,1.787822646142611e-05,4.0,0.01960317963951406
805,-1.899999999999998,1.331380934500142e-05,4.0,0.01877846258580205
806,-1.879999999999998,9.363415341102348e-06,4.0,0.017944412566495954
807,-1.859999999999998,6.046996183768754e-06,4.0,0.01710092910485625
808,-1.839999999999998,3.3842194266173016e-06,4.0,0.016247907192258406
809,-1.819999999999998,1.394425785262427e-06,4.0,0.015385236863386737
810,-1.799999999999998,9.658733863542659e-08,4.0,0.014512802730565369
811,-1.779999999999998,-4.907331586960739e-07,4.0,0.01363048347374277
812,-1.759999999999998,-3.494215599259811e-07,4.0,0.012738151282506856
813,-1.739999999999998,5.38150135220269e-07,4.0,0.011835671246422323
814,-1.719999999999998,2.189088395202627e-06,4.0,0.010922900689933497
815,-1.699999999999998,4.619945413004479e-06,4.0,0.00999968844812639
816,-1.679999999999998,7.846689590512925e-06,4.0,0.00906587407972487
817,-1.659999999999998,1.1884679951863e-05,4.0,0.008121287013980748
818,-1.639999999999998,1.6748645325417055e-05,4.0,0.007165745628459774
819,-1.619999999999998,2.245266928442224e-05,4.0,0.006199056255310939
820,-1.599999999999998,2.9010182017538244e-05,4.0,0.005221012114393994
821,-1.579999999999998,3.643396049269656e-05,4.0,0.0042313921726956655
822,-1.5599999999999978,4.473613850108625e-05,4.0,0.0032299599308932268
823,-1.5399999999999978,5.392822840689115e-05,4.0,0.0022164621397269173
824,-1.5199999999999978,6.402115669679083e-05,4.0,0.0011906274511683192
825,-1.4999999999999978,7.50253157110682e-05,4.0,0.00015216501229662995
826,-1.4799999999999978,8.695063425863845e-05,4.0,-0.0008992369865550334
827,-1.4599999999999975,9.980667016411218e-05,4.0,-0.001963912793328269
828,-1.4399999999999975,0.0001136027281776,4.0,-0.0030422205838168577
829,-1.4199999999999977,0.0001283480070966,4.0,-0.00413454393092403
830,-1.3999999999999977,0.0001440517804161,4.0,-0.00524129321697909
831,-1.3799999999999977,0.0001607236153403,4.0,-0.00636290694255661
832,-1.3599999999999977,0.0001783736355755,4.0,-0.007499852873251854
833,-1.3399999999999976,0.0001970128339838,4.0,-0.008652628951482519
834,-1.3199999999999976,0.0002166534419363,4.0,-0.009821763883195694
835,-1.2999999999999976,0.0002373093630778,4.0,-0.011007817288858818
836,-1.2799999999999976,0.000258996680232,4.0,-0.012211379283742918
837,-1.2599999999999976,0.0002817342453646,4.0,-0.013433069323638054
838,-1.2399999999999975,0.0003055443639273,4.0,-0.014673534117996526
839,-1.2199999999999975,0.0003304535865657,4.0,-0.015933444372230755
840,-1.1999999999999975,0.0003564936231597,4.0,-0.017213490073530492
841,-1.1799999999999975,0.0003837023965391,4.0,-0.018514373978966235
842,-1.1599999999999977,0.0004121252560727,4.0,-0.019836802899555
843,-1.1399999999999977,0.0004418163747834,4.0,-0.02118147629791752
844,-1.1199999999999974,0.0004728403578277,4.0,-0.022549071628593088
845,-1.0999999999999974,0.0005052740952751,4.0,-0.023940225747135627
846,-1.0799999999999974,0.0005392088983593,4.0,-0.025355511594924683
847,-1.0599999999999974,0.0005747529660236,4.0,-0.026795409228995676
848,-1.0399999999999974,0.0006120342380126,4.0,-0.028260270107982443
849,-1.0199999999999974,0.0006512037024367,4.0,-0.02975027336424883
850,-0.9999999999999972,0.0006924392402381,4.0,-0.03126537258636112
851,-0.9799999999999972,0.0007359501070944,4.0,-0.03280523140358152
852,-0.9599999999999972,0.0007819821759912,4.0,-0.03436914590409988
853,-0.9399999999999972,0.0008308240922744,4.0,-0.035955951631711926
854,-0.9199999999999972,0.0008828145291403,4.0,-0.03756391259429647
855,-0.8999999999999972,0.0009383507774529,4.0,-0.039190589387982526
856,-0.8799999999999972,0.0009978989624052,4.0,-0.04083268320514981
857,-0.8599999999999972,0.0010620062547375,4.0,-0.04248585217257623
858,-0.8399999999999972,0.0011313155411182,4.0,-0.04414449619084507
859,-0.8199999999999972,0.00120658314375,4.0,-0.045801506268731716
860,-0.7999999999999972,0.0012887003425039,4.0,-0.04744797434449458
861,-0.7799999999999971,0.0013787196663139,4.0,-0.049072859875633985
862,-0.7599999999999971,0.0014778872010027,4.0,-0.05066261022873935
863,-0.7399999999999971,0.0015876825309939,4.0,-0.05220073335351446
864,-0.7199999999999971,0.0017098684236539,4.0,-0.053667323718919364
865,-0.6999999999999971,0.0018465530199127,4.0,-0.055038546488191564
866,-0.679999999999997,0.0020002681717644,4.0,-0.05628609102740044
867,-0.659999999999997,0.0021740687464449,4.0,-0.057376613858990504
868,-0.639999999999997,0.0023716593085971,4.0,-0.05827120401713877
869,-0.619999999999997,0.0025975567463332,4.0,-0.05892492143281357
870,-0.599999999999997,0.0028573003303149,4.0,-0.05928648232867839
871,-0.579999999999997,0.0031577246646731,4.0,-0.059298194922995026
872,-0.559999999999997,0.0035073163752726,4.0,-0.05889628296699309
873,-0.5399999999999969,0.0039166826676684,4.0,-0.05801177009168963
874,-0.5199999999999969,0.004399169682001,4.0,-0.056572126434170894
875,-0.4999999999999969,0.0049716815945584,4.0,-0.054503885432499594
876,-0.4799999999999969,0.0056557684242065,4.0,-0.051736398513059424
877,-0.4599999999999968,0.0064790720964277,4.0,-0.04820677366143705
878,-0.4399999999999968,0.0074772465052914,4.0,-0.04386579821544286
879,-0.4199999999999968,0.0086964966551572,4.0,-0.03868423864096199
880,-0.3999999999999968,0.0101969100506845,4.0,-0.032658332338559866
881,-0.3799999999999968,0.0120567704995917,4.0,-0.025812601805423226
882,-0.3599999999999967,0.0143780316839483,4.0,-0.018197514241158928
883,-0.3399999999999967,0.0172930539163054,4.0,-0.009879317142586738
884,-0.3199999999999967,0.0209725270051023,4.0,-0.0009200535327484176
885,-0.2999999999999967,0.0256341621948831,4.0,0.008652305124499724
886,-0.2799999999999967,0.0315512007593725,4.0,0.018880447046408993
887,-0.2599999999999967,0.0390590892146894,4.0,0.029914038509873758
888,-0.2399999999999966,0.0485579896435292,4.0,0.04203582962486627
889,-0.2199999999999966,0.060508506847468,4.0,0.055667344801897674
890,-0.1999999999999966,0.07541862836558,4.0,0.07134749856914263
891,-0.1799999999999966,0.0938216963807576,4.0,0.08968420747901792
892,-0.1599999999999966,0.1162478104684667,4.0,0.11128653336481674
893,-0.1399999999999965,0.1431927841534304,4.0,0.13669000820649008
894,-0.1199999999999965,0.1750873445997552,4.0,0.16628863139032574
895,-0.0999999999999965,0.2122634238152271,4.0,0.20028385283184444
896,-0.0799999999999965,0.254906195358108,4.0,0.23865563544589705
897,-0.0599999999999965,0.3029762923032555,4.0,0.28115572265588035
898,-0.0399999999999964,0.3560951103929021,4.0,0.32731994740755205
899,-0.0199999999999964,0.4134128684944468,4.0,0.37649505473139777
900,3.552713678800501e-15,0.4735178418653645,4.0,0.4278755419563724
901,0.0200000000000031,0.5344701212086882,4.0,0.4805467285243681
902,0.0400000000000035,0.5940175470384237,4.0,0.533531107975803
903,0.060000000000004,0.6499636317512528,4.0,0.5858357293077098
904,0.0800000000000036,0.700557584548186,4.0,0.6364988103850325
905,0.1000000000000032,0.7447497190359681,4.0,0.6846339893452811
906,0.1200000000000036,0.7822314996671792,4.0,0.7294705823983008
907,0.1400000000000041,0.8132940138827688,4.0,0.7703879803069416
908,0.1600000000000037,0.8386049002984193,4.0,0.8069419943091298
909,0.1800000000000032,0.8589967254156491,4.0,0.8388807677247427
910,0.2000000000000037,0.8753146473928304,4.0,0.8661480849695875
911,0.2200000000000042,0.8883295648824563,4.0,0.888872781439266
912,0.2400000000000037,0.8987016855816616,4.0,0.9073445379711946
913,0.2600000000000033,0.9069752148774624,4.0,0.9219783702288202
914,0.2800000000000038,0.9135887471770644,4.0,0.9332720419863881
915,0.3000000000000042,0.9188915314805408,4.0,0.9417618003382294
916,0.3200000000000038,0.9231603081584938,4.0,0.9479818224786413
917,0.3400000000000034,0.9266143288974318,4.0,0.9524315812569132
918,0.3600000000000039,0.9294277912621336,4.0,0.955553407398712
919,0.3800000000000043,0.9317397066320496,4.0,0.9577204796642683
920,0.4000000000000039,0.9336615400051648,4.0,0.9592338564719215
921,0.4200000000000035,0.9352830439665412,4.0,0.9603262512377937
922,0.4400000000000039,0.93667668730874,4.0,0.9611700392861707
923,0.4600000000000044,0.9379010183176806,4.0,0.9618872721109387
924,0.480000000000004,0.9390032350424232,4.0,0.9625600173129527
925,0.5000000000000036,0.9400211730046846,4.0,0.9632399332189537
926,0.520000000000004,0.9409848689723042,4.0,0.9639564984960803
927,0.5400000000000045,0.9419178179183444,4.0,0.9647236958957691
928,0.560000000000004,0.942838007934332,4.0,0.9655451933855499
929,0.5800000000000036,0.9437587931087436,4.0,0.9664181991931032
930,0.6000000000000041,0.944689645743634,4.0,0.967336221383092
931,0.6200000000000045,0.9456368155088646,4.0,0.9682909667977248
932,0.6400000000000041,0.946603913205532,4.0,0.9692735912138584
933,0.6600000000000037,0.9475924299089108,4.0,0.9702754779545553
934,0.6800000000000042,0.9486021977225136,4.0,0.9712886854754568
935,0.7000000000000046,0.9496317956503764,4.0,0.9723061707566478
936,0.7200000000000042,0.9506789027231703,4.0,0.9733218668992683
937,0.7400000000000038,0.9517406001033945,4.0,0.9743306706538536
938,0.7600000000000042,0.9528136241142032,4.0,0.9753283782801758
939,0.7800000000000047,0.9538945727106573,4.0,0.9763115953450865
940,0.8000000000000043,0.9549800686223028,4.0,0.977277636898417
941,0.8200000000000038,0.956066883077912,4.0,0.978224428080281
942,0.8400000000000043,0.9571520245652244,4.0,0.9791504108863162
943,0.8600000000000048,0.958232797416684,4.0,0.9800544599740237
944,0.8800000000000043,0.959306835123246,4.0,0.9809358085912679
945,0.9000000000000039,0.9603721131711048,4.0,0.9817939846186942
946,0.9200000000000044,0.9614269459021088,4.0,0.9826287561042253
947,0.9400000000000048,0.9624699714624062,4.0,0.9834400853624841
948,0.9600000000000044,0.9635001283754324,4.0,0.9842280905995985
949,0.980000000000004,0.9645166267033052,4.0,0.9849930140266081
950,1.0000000000000044,0.9655189161875756,4.0,0.985735195491322
951,1.020000000000005,0.9665066532199584,4.0,0.9864550507562987
952,1.0400000000000045,0.9674796680101484,4.0,0.987153053659302
953,1.060000000000004,0.9684379329056092,4.0,0.9878297215002796
954,1.0800000000000043,0.969381532483293,4.0,0.9884856030990967
955,1.100000000000005,0.9703106357749004,4.0,0.9891212690578628
956,1.1200000000000043,0.9712254707997338,4.0,0.9897373038397292
957,1.140000000000004,0.9721263014534866,4.0,0.9903342993427626
958,1.1600000000000046,0.97301340672675,4.0,0.9909128497037559
959,1.180000000000005,0.973887062192344,4.0,0.9914735471137793
960,1.2000000000000046,0.9747475236949268,4.0,0.9920169784662293
961,1.2200000000000042,0.9755950131896652,4.0,0.9925437226901573
962,1.2400000000000049,0.97642970670033,4.0,0.9930543486480211
963,1.2600000000000051,0.977251724393558,4.0,0.9935494134985486
964,1.2800000000000047,0.9780611227892564,4.0,0.9940294614430298
965,1.3000000000000045,0.978857889142563,4.0,0.9944950227877634
966,1.3200000000000047,0.97964193803714,4.0,0.9949466132671487
967,1.3400000000000052,0.9804131102209158,4.0,0.9953847335815469
968,1.3600000000000048,0.981171173692912,4.0,0.9958098691119017
969,1.3800000000000043,0.981915827014009,4.0,0.9962224897795962
970,1.4000000000000048,0.9826467047670282,4.0,0.9966230500253118
971,1.4200000000000053,0.9833633850350492,4.0,0.9970119888850477
972,1.4400000000000048,0.9840653987050174,4.0,0.9973897301450664
973,1.4600000000000044,0.9847522403407648,4.0,0.9977566825605225
974,1.4800000000000049,0.9854233803102164,4.0,0.9981132401250227
975,1.500000000000005,0.9860782778005592,4.0,0.9984597823804257
976,1.520000000000005,0.9867163943168238,4.0,0.998796674757937
977,1.5400000000000045,0.9873372072373396,4.0,0.9991242689429709
978,1.560000000000005,0.987940222996298,4.0,0.9994429032575003
979,1.5800000000000054,0.9885249894803602,4.0,0.9997529030546164
980,1.600000000000005,0.989091107262422,4.0,1.0000545811208876
981,1.6200000000000043,0.9896382393493895,4.0,1.0003482380828452
982,1.640000000000005,0.9901661191888348,4.0,1.0006341628145219
983,1.6600000000000057,0.9906745567573916,4.0,1.000912632843523
984,1.680000000000005,0.9911634426367424,4.0,1.001183914753522
985,1.7000000000000046,0.9916327500659072,4.0,1.0014482645814748
986,1.720000000000005,0.9920825350364472,4.0,1.0017059282081555
987,1.7400000000000055,0.9925129345659364,4.0,1.0019571417409032
988,1.7600000000000051,0.9929241633414696,4.0,1.002202131887682
989,1.7800000000000047,0.9933165089670364,4.0,1.0024411163217772
990,1.8000000000000052,0.9936903260754556,4.0,1.0026743040366033
991,1.8200000000000056,0.9940460295775728,4.0,1.0029018956902456
992,1.8400000000000047,0.994384087319796,4.0,1.003124083939484
993,1.8600000000000048,0.9947050124077882,4.0,1.0033410537631404
994,1.8800000000000048,0.9950093554316578,4.0,1.003552982774684
995,1.9000000000000057,0.995297696798928,4.0,1.0037600415241
996,1.9200000000000053,0.9955706393484784,4.0,1.003962393789078
997,1.9400000000000048,0.9958288013839224,4.0,1.0041601968556448
998,1.9600000000000053,0.9960728102305084,4.0,1.0043536017883856
999,1.9800000000000055,0.996303296387205,4.0,1.00454275369045
1000,-1.9999999999999984,0.9999999999999954,5.0,0.9586228213337366
1001,-1.9799999999999984,0.9999959741594115,5.0,0.961335211128873
1002,-1.9599999999999984,0.9999883537867332,5.0,0.9640515704049476
1003,-1.9399999999999984,0.9999770646155772,5.0,0.9667689212042225
1004,-1.9199999999999984,0.9999620290580185,5.0,0.9694840260221663
1005,-1.899999999999998,0.9999431659377764,5.0,0.9721933713145063
1006,-1.879999999999998,0.9999203901913628,5.0,0.9748931502365674
1007,-1.859999999999998,0.9998936125340336,5.0,0.97757924460352
1008,-1.839999999999998,0.9998627390872462,5.0,0.98024720606255
1009,-1.819999999999998,0.9998276709641942,5.0,0.9828922364707126
1010,-1.799999999999998,0.9997883038098588,5.0,0.9855091674754282
1011,-1.779999999999998,0.9997445272918792,5.0,0.9880924392982826
1012,-1.759999999999998,0.9996962245384016,5.0,0.9906360787271815
1013,-1.739999999999998,0.9996432715189048,5.0,0.9931336763272064
1014,-1.719999999999998,0.9995855363638108,5.0,0.9955783628869549
1015,-1.699999999999998,0.9995228786184626,5.0,0.9979627851252089
1016,-1.679999999999998,0.9994551484267806,5.0,1.0002790806929127
1017,-1.659999999999998,0.999382185639578,5.0,1.002518852518451
1018,-1.639999999999998,0.9993038188421074,5.0,1.0046731425610538
1019,-1.619999999999998,0.9992198642949426,5.0,1.0067324050591238
1020,-1.599999999999998,0.999130124781718,5.0,1.0086864793890782
1021,-1.579999999999998,0.9990343883566116,5.0,1.0105245626882577
1022,-1.5599999999999978,0.9989324269836948,5.0,1.0122351824454192
1023,-1.5399999999999978,0.9988239950594632,5.0,1.0138061693282907
1024,-1.5199999999999978,0.9987088278089638,5.0,1.0152246306045227
1025,-1.4999999999999978,0.9985866395449752,5.0,1.0164769246266747
1026,-1.4799999999999978,0.9984571217787478,5.0,1.0175486370020081
1027,-1.4599999999999975,0.99831994116983,5.0,1.0184245592646197
1028,-1.4399999999999975,0.9981747373015806,5.0,1.0190886711247666
1029,-1.4199999999999977,0.9980211202681452,5.0,1.0195241277060119
1030,-1.3999999999999977,0.9978586680579548,5.0,1.0197132536179339
1031,-1.3799999999999977,0.9976869237182748,5.0,1.0196375462799372
1032,-1.3599999999999977,0.997505392285041,5.0,1.019277691647491
1033,-1.3399999999999976,0.9973135374621644,5.0,1.018613596443297
1034,-1.3199999999999976,0.9971107780347858,5.0,1.0176244422222482
1035,-1.2999999999999976,0.9968964840015778,5.0,1.0162887681753714
1036,-1.2799999999999976,0.9966699724122212,5.0,1.0145845915968892
1037,-1.2599999999999976,0.996430502897623,5.0,1.0124895775128904
1038,-1.2399999999999975,0.9961772728823466,5.0,1.009981272234321
1039,-1.2199999999999975,0.9959094124711184,5.0,1.0070374197057663
1040,-1.1999999999999975,0.9956259790042032,5.0,1.0036363846437564
1041,-1.1799999999999975,0.9953259512799556,5.0,0.9997577127614325
1042,-1.1599999999999977,0.9950082234470208,5.0,0.9953828659949512
1043,-1.1399999999999977,0.9946715985735584,5.0,0.9904961796245231
1044,-1.1199999999999974,0.9943147819065932,5.0,0.9850860983719144
1045,-1.0999999999999974,0.9939363738412852,5.0,0.9791467594519686
1046,-1.0799999999999974,0.9935348626276848,5.0,0.9726800010356074
1047,-1.0599999999999974,0.9931086168515454,5.0,0.9656978825100275
1048,-1.0399999999999974,0.9926558777361382,5.0,0.9582258045834052
1049,-1.0199999999999974,0.9921747513238685,5.0,0.9503063066262946
1050,-0.9999999999999972,0.9916632006098912,5.0,0.9420035863779272
1051,-0.9799999999999972,0.9911190377148388,5.0,0.9334087198596039
1052,-0.9599999999999972,0.990539916200038,5.0,0.9246454390885108
1053,-0.9399999999999972,0.9899233236458764,5.0,0.9158761304782831
1054,-0.9199999999999972,0.9892665746316452,5.0,0.9073074265234408
1055,-0.8999999999999972,0.9885668042723076,5.0,0.8991943659335662
1056,-0.8799999999999972,0.987820962482825,5.0,0.891841607897316
1057,-0.8599999999999972,0.98702580915204,5.0,0.8855996726621131
1058,-0.8399999999999972,0.9861779104131316,5.0,0.8808537961427483
1059,-0.8199999999999972,0.9852736361930876,5.0,0.8780029925009704
1060,-0.7999999999999972,0.9843091592055028,5.0,0.8774276710702014
1061,-0.7799999999999971,0.983280455514462,5.0,0.8794460047110597
1062,-0.7599999999999971,0.9821833067367102,5.0,0.884262330093072
1063,-0.7399999999999971,0.9810133038584752,5.0,0.8919147902916374
1064,-0.7199999999999971,0.9797658525154302,5.0,0.9022330630961853
1065,-0.6999999999999971,0.9784361794125848,5.0,0.9148185653819743
1066,-0.679999999999997,0.9770193393390006,5.0,0.9290572476665777
1067,-0.659999999999997,0.975510221955028,5.0,0.9441684611830058
1068,-0.639999999999997,0.9739035571942496,5.0,0.9592839730302352
1069,-0.619999999999997,0.9721939177288076,5.0,0.9735424689456698
1070,-0.599999999999997,0.9703757165000436,5.0,0.9861804802045753
1071,-0.579999999999997,0.968443196826868,5.0,0.9966023976745492
1072,-0.559999999999997,0.9663904120892952,5.0,1.0044190362098078
1073,-0.5399999999999969,0.9642111914687852,5.0,1.0094529841857633
1074,-0.5199999999999969,0.9618990877426122,5.0,1.0117164201348343
1075,-0.4999999999999969,0.9594473027152952,5.0,1.0113712357655147
1076,-0.4799999999999969,0.95684858556979,5.0,1.0086819478803999
1077,-0.4599999999999968,0.9540950992802312,5.0,1.003970001338299
1078,-0.4399999999999968,0.9511782502902184,5.0,0.997575042100331
1079,-0.4199999999999968,0.9480884769639236,5.0,0.9898257257461676
1080,-0.3999999999999968,0.9448149928905564,5.0,0.9810202903853115
1081,-0.3799999999999968,0.9413454819849164,5.0,0.9714156728531941
1082,-0.3599999999999967,0.9376657434895826,5.0,0.9612232906515807
1083,-0.3399999999999967,0.9337592864607032,5.0,0.9506095225810798
1084,-0.3199999999999967,0.9296068751390492,5.0,0.9396991588227472
1085,-0.2999999999999967,0.9251860288401328,5.0,0.9285804661817985
1086,-0.2799999999999967,0.9204704827798929,5.0,0.9173109027484163
1087,-0.2599999999999967,0.9154296198248512,5.0,0.9059228532638812
1088,-0.2399999999999966,0.9100278878873164,5.0,0.8944290180113437
1089,-0.2199999999999966,0.9042242240932382,5.0,0.8828272741212501
1090,-0.1999999999999966,0.8979715155845592,5.0,0.8711049500260625
1091,-0.1799999999999966,0.8912161386096982,5.0,0.8592425257484984
1092,-0.1599999999999966,0.8838976330849297,5.0,0.8472168068710606
1093,-0.1399999999999965,0.8759485894728842,5.0,0.835003628464632
1094,-0.1199999999999965,0.8672948483677313,5.0,0.8225801335209172
1095,-0.0999999999999965,0.8578561391633621,5.0,0.8099266419040769
1096,-0.0799999999999965,0.8475473093070413,5.0,0.7970280812972187
1097,-0.0599999999999965,0.8362803139769324,5.0,0.7838748901695199
1098,-0.0399999999999964,0.8239671384012033,5.0,0.77046322316317
1099,-0.0199999999999964,0.8105237990178358,5.0,0.7567941919693689
1100,3.552713678800501e-15,0.7958755007340294,5.0,0.7428717653922987
1101,0.0200000000000031,0.7799629022855479,5.0,0.7286988472458072
1102,0.0400000000000035,0.7627492536393585,5.0,0.7142709852847473
1103,0.060000000000004,0.7442279270023899,5.0,0.6995672039400039
1104,0.0800000000000036,0.7244295979360827,5.0,0.6845377062775829
1105,0.1000000000000032,0.7034281042003998,5.0,0.6690888154402802
1106,0.1200000000000036,0.6813438974979146,5.0,0.6530667229575223
1107,0.1400000000000041,0.6583440887151157,5.0,0.6362435643759742
1108,0.1600000000000037,0.6346384204082904,5.0,0.6183120654989552
1109,0.1800000000000032,0.610471064889839,5.0,0.5988980335907915
1110,0.2000000000000037,0.5861088424503438,5.0,0.577601911942512
1111,0.2200000000000042,0.5618271148510985,5.0,0.5540787534225933
1112,0.2400000000000037,0.5378950521076616,5.0,0.5281566227818365
1113,0.2600000000000033,0.5145620672530846,5.0,0.499974272820956
1114,0.2800000000000038,0.4920469409433046,5.0,0.4700937474944621
1115,0.3000000000000042,0.4705306048996756,5.0,0.43952673321356295
1116,0.3200000000000038,0.4501528828372496,5.0,0.40962625062789887
1117,0.3400000000000034,0.4310128711146054,5.0,0.3818476033790289
1118,0.3600000000000039,0.4131722025221258,5.0,0.35745198633620606
1119,0.3800000000000043,0.3966602247163439,5.0,0.3372640015611037
1120,0.4000000000000039,0.3814801209748475,5.0,0.3215677273145906
1121,0.4200000000000035,0.3676151446450859,5.0,0.31015395783758243
1122,0.4400000000000039,0.3550343576648379,5.0,0.3024667450967428
1123,0.4600000000000044,0.343697495932289,5.0,0.2977765586270961
1124,0.480000000000004,0.3335587887537902,5.0,0.2953258851130424
1125,0.5000000000000036,0.3245697159059757,5.0,0.29442483080390147
1126,0.520000000000004,0.3166807902096454,5.0,0.2944986350128497
1127,0.5400000000000045,0.3098425122040287,5.0,0.29510008632842183
1128,0.560000000000004,0.3040056673707195,5.0,0.2959011190970728
1129,0.5800000000000036,0.2991211369139421,5.0,0.29667468984568385
1130,0.6000000000000041,0.2951393803390971,5.0,0.29727402263856806
1131,0.6200000000000045,0.2920097294374744,5.0,0.2976130585200497
1132,0.6400000000000041,0.2896796135367717,5.0,0.29764978379928736
1133,0.6600000000000037,0.2880938173719017,5.0,0.2973728640061856
1134,0.6800000000000042,0.2871938561671948,5.0,0.29679138154870643
1135,0.7000000000000046,0.2869175367813449,5.0,0.29592721670712174
1136,0.7200000000000042,0.287198757776603,5.0,0.29480955287311217
1137,0.7400000000000038,0.2879675838203296,5.0,0.2934710236302547
1138,0.7600000000000042,0.289150610261675,5.0,0.2919450929966469
1139,0.7800000000000047,0.2906716122901234,5.0,0.2902643408846619
1140,0.8000000000000043,0.2924524509910784,5.0,0.28845939981356983
1141,0.8200000000000038,0.2944141878747246,5.0,0.2865583511047906
1142,0.8400000000000043,0.2964783424553908,5.0,0.28458643850494963
1143,0.8600000000000048,0.2985682164169584,5.0,0.28256599564455276
1144,0.8800000000000043,0.3006102043223035,5.0,0.28051651282972767
1145,0.9000000000000039,0.302535015125642,5.0,0.27845479030273407
1146,0.9200000000000044,0.3042787401296356,5.0,0.27639514099745116
1147,0.9400000000000048,0.3057837196591877,5.0,0.274349617363169
1148,0.9600000000000044,0.306999180126058,5.0,0.2723282451427952
1149,0.980000000000004,0.3078816327229155,5.0,0.27033925292181976
1150,1.0000000000000044,0.3083950424380132,5.0,0.26838929045394383
1151,1.020000000000005,0.3085107898144046,5.0,0.26648363169586414
1152,1.0400000000000045,0.3082074570875771,5.0,0.26462636049923266
1153,1.060000000000004,0.3074704749818917,5.0,0.26282053827009555
1154,1.0800000000000043,0.3062916670798585,5.0,0.2610683538028715
1155,1.100000000000005,0.3046687262097921,5.0,0.2593712560634531
1156,1.1200000000000043,0.3026046527707037,5.0,0.2577300710328453
1157,1.140000000000004,0.3001071793236814,5.0,0.25614510389990336
1158,1.1600000000000046,0.2971881999557279,5.0,0.25461622796018596
1159,1.180000000000005,0.2938632174736805,5.0,0.25314296157418537
1160,1.2000000000000046,0.2901508167959082,5.0,0.2517245344880335
1161,1.2200000000000042,0.2860721691640629,5.0,0.2503599447415411
1162,1.2400000000000049,0.2816505690289544,5.0,0.249048007294709
1163,1.2600000000000051,0.2769110036002129,5.0,0.2477873954035055
1164,1.2800000000000047,0.2718797539522089,5.0,0.24657667567443134
1165,1.3000000000000045,0.266584026083474,5.0,0.24541433762916073
1166,1.3200000000000047,0.2610516102648935,5.0,0.24429881851762889
1167,1.3400000000000052,0.2553105672277546,5.0,0.24322852403169073
1168,1.3600000000000048,0.2493889401037509,5.0,0.24220184549257448
1169,1.3800000000000043,0.2433144914299149,5.0,0.24121717401394505
1170,1.4000000000000048,0.2371144648950716,5.0,0.24027291207830329
1171,1.4200000000000053,0.2308153717798447,5.0,0.2393674829073995
1172,1.4400000000000048,0.2244428022020872,5.0,0.2384993379567339
1173,1.4600000000000044,0.2180212613155917,5.0,0.23766696281970093
1174,1.4800000000000049,0.2115740305289533,5.0,0.23686888178778212
1175,1.500000000000005,0.2051230536312062,5.0,0.23610366127898008
1176,1.520000000000005,0.198688847455772,5.0,0.23536991231684876
1177,1.5400000000000045,0.1922904364120486,5.0,0.23466629221650515
1178,1.560000000000005,0.1859453098925101,5.0,0.2339915056114845
1179,1.5800000000000054,0.1796694012481739,5.0,0.2333443049357875
1180,1.600000000000005,0.1734770867385929,5.0,0.2327234904586163
1181,1.6200000000000043,0.1673812026210245,5.0,0.23212790995472665
1182,1.640000000000005,0.1613930783587167,5.0,0.23155645808080774
1183,1.6600000000000057,0.1555225838065785,5.0,0.23100807551749994
1184,1.680000000000005,0.1497781881752891,5.0,0.23048174792741244
1185,1.7000000000000046,0.1441670285795147,5.0,0.2299765047715483
1186,1.720000000000005,0.1386949860364649,5.0,0.22949141801973802
1187,1.7400000000000055,0.1333667668894124,5.0,0.2290256007848693
1188,1.7600000000000051,0.1281859877776303,5.0,0.22857820590571923
1189,1.7800000000000047,0.1231552624494924,5.0,0.22814842449895553
1190,1.8000000000000052,0.1182762889095148,5.0,0.2277354844972619
1191,1.8200000000000056,0.1135499355937959,5.0,0.22733864918747979
1192,1.8400000000000047,0.1089763254737088,5.0,0.22695721576003092
1193,1.8600000000000048,0.1045549171880723,5.0,0.22659051387870793
1194,1.8800000000000048,0.1002845824941095,5.0,0.22623790427803306
1195,1.9000000000000057,0.0961636795032879,5.0,0.22589877739381292
1196,1.9200000000000053,0.0921901213270246,5.0,0.2255725520312165
1197,1.9400000000000048,0.0883614398976174,5.0,0.2252586740735701
1198,1.9600000000000053,0.0846748448511164,5.0,0.22495661523415433
1199,1.9800000000000055,0.0811272774613335,5.0,0.22466587185251402
1200,-1.9999999999999984,0.9536504466036712,6.0,0.915569141759186
1201,-1.9799999999999984,0.954139427844218,6.0,0.9188620216496406
1202,-1.9599999999999984,0.9546578759943234,6.0,0.9221718160186864
1203,-1.9399999999999984,0.9552088018905772,6.0,0.925495737798729
1204,-1.9199999999999984,0.9557950939986548,6.0,0.9288307379463316
1205,-1.899999999999998,0.9564194813219754,6.0,0.9321734890796276
1206,-1.879999999999998,0.9570844961719815,6.0,0.9355203684864473
1207,-1.859999999999998,0.9577924374611634,6.0,0.9388674405234719
1208,-1.839999999999998,0.9585453351922916,6.0,0.9422104384346085
1209,-1.819999999999998,0.9593449168056272,6.0,0.9455447456258849
1210,-1.799999999999998,0.9601925760092272,6.0,0.9488653764445973
1211,-1.779999999999998,0.9610893446561342,6.0,0.9521669565225392
1212,-1.759999999999998,0.9620358681477024,6.0,0.9554437027571319
1213,-1.739999999999998,0.9630323847373504,6.0,0.9586894030205616
1214,-1.719999999999998,0.9640787089873134,6.0,0.9618973957060971
1215,-1.699999999999998,0.9651742194971352,6.0,0.9650605492432025
1216,-1.679999999999998,0.9663178508817372,6.0,0.9681712417396546
1217,-1.659999999999998,0.9675080898342312,6.0,0.9712213409406351
1218,-1.639999999999998,0.9687429749694164,6.0,0.9742021847328994
1219,-1.619999999999998,0.9700201000127964,6.0,0.9771045624682847
1220,-1.599999999999998,0.9713366197810884,6.0,0.9799186974370055
1221,-1.579999999999998,0.9726892582965668,6.0,0.9826342308899371
1222,-1.5599999999999978,0.9740743182914334,6.0,0.9852402080937214
1223,-1.5399999999999978,0.97548769129048,6.0,0.9877250670070302
1224,-1.5199999999999978,0.9769248674106276,6.0,0.9900766302958537
1225,-1.4999999999999978,0.9783809439832332,6.0,0.9922821015666429
1226,-1.4799999999999978,0.9798506320872566,6.0,0.994328066896438
1227,-1.4599999999999975,0.981328260075737,6.0,0.9962005029886614
1228,-1.4399999999999975,0.9828077731811216,6.0,0.9978847935942458
1229,-1.4199999999999977,0.9842827282931108,6.0,0.9993657562250615
1230,-1.3999999999999977,0.985746283011928,6.0,1.0006276816685131
1231,-1.3799999999999977,0.9871911780863049,6.0,1.0016543894105605
1232,-1.3599999999999977,0.9886097123451792,6.0,1.0024293028155014
1233,-1.3399999999999976,0.9899937092214312,6.0,1.0029355488254055
1234,-1.3199999999999976,0.991334473941579,6.0,1.003156088065186
1235,-1.2999999999999976,0.9926227404141866,6.0,1.0030738826100325
1236,-1.2799999999999976,0.993848606789146,6.0,1.0026721103310685
1237,-1.2599999999999976,0.995001458577868,6.0,1.0019344367212786
1238,-1.2399999999999975,0.9960698781191116,6.0,1.0008453574461078
1239,-1.2199999999999975,0.9970415390459504,6.0,0.9993906275681516
1240,-1.1999999999999975,0.9979030842562884,6.0,0.9975577964250992
1241,-1.1799999999999975,0.9986399857141176,6.0,0.9953368703768539
1242,-1.1599999999999977,0.999236384214822,6.0,0.9927211288275134
1243,-1.1399999999999977,0.9996749070419378,6.0,0.9897081215936647
1244,-1.1199999999999974,0.9999364612354916,6.0,0.9863008770009004
1245,-1.0999999999999974,0.999999999999998,6.0,0.982509348668479
1246,-1.0799999999999974,0.9998422596284118,6.0,0.9783521225948079
1247,-1.0599999999999974,0.9994374642432908,6.0,0.9738583915148331
1248,-1.0399999999999974,0.9987569957105208,6.0,0.9690701755753591
1249,-1.0199999999999974,0.9977690263377852,6.0,0.9640447200851312
1250,-0.9999999999999972,0.9964381125312904,6.0,0.9588569229319815
1251,-0.9799999999999972,0.994724748587943,6.0,0.9536015244233567
1252,-0.9599999999999972,0.9925848814297572,6.0,0.9483946180274093
1253,-0.9399999999999972,0.9899693895810324,6.0,0.9433738016481367
1254,-0.9199999999999972,0.9868235333484152,6.0,0.9386959858367491
1255,-0.8999999999999972,0.9830863883575732,6.0,0.9345315318778199
1256,-0.8799999999999972,0.9786902817568464,6.0,0.9310530780981545
1257,-0.8599999999999972,0.973560259983976,6.0,0.9284172672678163
1258,-0.8399999999999972,0.967613629456606,6.0,0.9267378442662093
1259,-0.8199999999999972,0.9607596272263548,6.0,0.926049568844596
1260,-0.7999999999999972,0.9528992975894652,6.0,0.926264409746206
1261,-0.7799999999999971,0.9439256724154312,6.0,0.9271247022923965
1262,-0.7599999999999971,0.9337243762277534,6.0,0.928162034330616
1263,-0.7399999999999971,0.9221747992755528,6.0,0.928674471501241
1264,-0.7199999999999971,0.9091519987076696,6.0,0.9277364250761289
1265,-0.6999999999999971,0.8945294932272618,6.0,0.9242528207368024
1266,-0.679999999999997,0.8781831019874132,6.0,0.9170609947733227
1267,-0.659999999999997,0.8599959343572978,6.0,0.9050709424250902
1268,-0.639999999999997,0.8398645542036669,6.0,0.8874209152993344
1269,-0.619999999999997,0.817706214320627,6.0,0.8636162374414792
1270,-0.599999999999997,0.7934668846106079,6.0,0.8336190942258381
1271,-0.579999999999997,0.7671295941775105,6.0,0.7978672935343051
1272,-0.559999999999997,0.7387224000929691,6.0,0.7572177738981122
1273,-0.5399999999999969,0.7083251263800358,6.0,0.7128298058275087
1274,-0.5199999999999969,0.6760739368011924,6.0,0.666016520043737
1275,-0.4999999999999969,0.6421628621894735,6.0,0.6180971538560678
1276,-0.4799999999999969,0.6068416253497707,6.0,0.5702762561740632
1277,-0.4599999999999968,0.57040948642311,6.0,0.5235640427868842
1278,-0.4399999999999968,0.5332053182178536,6.0,0.4787395554659942
1279,-0.4199999999999968,0.4955946265732812,6.0,0.43634928236279386
1280,-0.3999999999999968,0.4579546516795286,6.0,0.3967298273545212
1281,-0.3799999999999968,0.4206589326349426,6.0,0.36004326049768476
1282,-0.3599999999999967,0.3840627405720095,6.0,0.32631617936036195
1283,-0.3399999999999967,0.3484905912599897,6.0,0.29547661842527606
1284,-0.3199999999999967,0.3142266917643198,6.0,0.26738572191551213
1285,-0.2999999999999967,0.281508742518866,6.0,0.241863116452886
1286,-0.2799999999999967,0.2505250940318837,6.0,0.21870616136894389
1287,-0.2599999999999967,0.221414914923088,6.0,0.19770388107237966
1288,-0.2399999999999966,0.1942708022702048,6.0,0.17864660098012605
1289,-0.2199999999999966,0.1691431619069761,6.0,0.16133229065713553
1290,-0.1999999999999966,0.1460456872943537,6.0,0.14557048787231694
1291,-0.1799999999999966,0.1249613403971284,6.0,0.13118451075804607
1292,-0.1599999999999966,0.105848353971516,6.0,0.11801250275831356
1293,-0.1399999999999965,0.0886459038936285,6.0,0.1059077147672031
1294,-0.1199999999999965,0.0732792227076123,6.0,0.094738316158116
1295,-0.0999999999999965,0.059664029806949,6.0,0.08438694014576487
1296,-0.0799999999999965,0.0477102348097194,6.0,0.07475010524380607
1297,-0.0599999999999965,0.037324928767068,6.0,0.06573760893052104
1298,-0.0399999999999964,0.0284147156617559,6.0,0.057271957742962794
1299,-0.0199999999999964,0.02088745823222,6.0,0.04928787625763435
1300,3.552713678800501e-15,0.0146535216741077,6.0,0.041731922841833184
1301,0.0200000000000031,0.0096265999573413,6.0,0.03456223031978711
1302,0.0400000000000035,0.0057242053756195,6.0,0.02774838287024007
1303,0.060000000000004,0.0028678947876401,6.0,0.02127143491353236
1304,0.0800000000000036,0.0009832974077418,6.0,0.015124071968875122
1305,0.1000000000000032,-2.418757474599177e-16,6.0,0.0093109060849868
1306,0.1200000000000036,-0.0001486634492461,6.0,0.003848888269365718
1307,0.1400000000000041,0.0004741212761707,6.0,-0.0012321933737649187
1308,0.1600000000000037,0.0018083563105589,6.0,-0.005889178017786256
1309,0.1800000000000032,0.0037969386532855,6.0,-0.010065024976370459
1310,0.2000000000000037,0.0063853849070141,6.0,-0.013688413712414648
1311,0.2200000000000042,0.0095215869780999,6.0,-0.01667352629632812
1312,0.2400000000000037,0.01315560719419,6.0,-0.018920051504927645
1313,0.2600000000000033,0.0172395171993098,6.0,-0.020313360865449413
1314,0.2800000000000038,0.0217272815017558,6.0,-0.020724651749420092
1315,0.3000000000000042,0.0265746836732601,6.0,-0.02001064707753517
1316,0.3200000000000038,0.0317392909303498,6.0,-0.018012272079673933
1317,0.3400000000000034,0.0371804511665181,6.0,-0.014551808437371454
1318,0.3600000000000039,0.0428593154305668,6.0,-0.009428729390027582
1319,0.3800000000000043,0.0487388783288733,6.0,-0.002416211848655793
1320,0.4000000000000039,0.0547840288147342,6.0,0.006736565598625523
1321,0.4200000000000035,0.0609616042452526,6.0,0.0182875027901303
1322,0.4400000000000039,0.0672404413495355,6.0,0.032459366905989266
1323,0.4600000000000044,0.0735914187660658,6.0,0.049366007347812164
1324,0.480000000000004,0.0799874869741907,6.0,0.06891492331347863
1325,0.5000000000000036,0.0864036826713013,6.0,0.09071553246118526
1326,0.520000000000004,0.0928171258500704,6.0,0.11403825463661535
1327,0.5400000000000045,0.0992069989408278,6.0,0.13786227265830342
1328,0.560000000000004,0.10555450835186,6.0,0.16101449317356495
1329,0.5800000000000036,0.1118428295329482,6.0,0.18235771266127584
1330,0.6000000000000041,0.11805703729002,6.0,0.20096299668210066
1331,0.6200000000000045,0.1241840234921326,6.0,0.216214559261687
1332,0.6400000000000041,0.1302124045490384,6.0,0.22783157765798967
1333,0.6600000000000037,0.1361324211199964,6.0,0.2358245405277587
1334,0.6800000000000042,0.1419358324692347,6.0,0.2404181363404263
1335,0.7000000000000046,0.1476158077395329,6.0,0.2419693920952153
1336,0.7200000000000042,0.1531668162012948,6.0,0.24089838655556084
1337,0.7400000000000038,0.158584518276489,6.0,0.23763783770726188
1338,0.7600000000000042,0.1638656588572846,6.0,0.2326008329090282
1339,0.7800000000000047,0.1690079641566157,6.0,0.22616290347890355
1340,0.8000000000000043,0.1740100430560371,6.0,0.2186541254773315
1341,0.8200000000000038,0.1788712936649608,6.0,0.21035758606086072
1342,0.8400000000000043,0.1835918155808142,6.0,0.20151152905417044
1343,0.8600000000000048,0.1881723281450555,6.0,0.19231338126520164
1344,0.8800000000000043,0.192614094825928,6.0,0.18292453650782808
1345,0.9000000000000039,0.1969188537245481,6.0,0.1734752397374466
1346,0.9200000000000044,0.2010887540940711,6.0,0.16406921437921612
1347,0.9400000000000048,0.2051262986795405,6.0,0.1547878609173629
1348,0.9600000000000044,0.2090342916252759,6.0,0.1456939637336515
1349,0.980000000000004,0.2128157916541196,6.0,0.13683490422910655
1350,1.0000000000000044,0.216474070195344,6.0,0.12824541016546626
1351,1.020000000000005,0.2200125741226783,6.0,0.11994988584428816
1352,1.0400000000000045,0.2234348927581828,6.0,0.11196437257426135
1353,1.060000000000004,0.2267447287993927,6.0,0.10429818831909077
1354,1.0800000000000043,0.229945872834366,6.0,0.09695529211175254
1355,1.100000000000005,0.2330421811205806,6.0,0.08993541429818329
1356,1.1200000000000043,0.2360375563176822,6.0,0.08323498879825877
1357,1.140000000000004,0.2389359308799945,6.0,0.07684791881024278
1358,1.1600000000000046,0.2417412528316648,6.0,0.07076620297035584
1359,1.180000000000005,0.244457473664803,6.0,0.064980445011317
1360,1.2000000000000046,0.2470885381184604,6.0,0.05948026646774372
1361,1.2200000000000042,0.2496383756135758,6.0,0.054254638937095784
1362,1.2400000000000049,0.2521108931358155,6.0,0.04929214978765018
1363,1.2600000000000051,0.2545099693743953,6.0,0.04458121296678175
1364,1.2800000000000047,0.2568394499404509,6.0,0.04011023465880328
1365,1.3000000000000045,0.2591031435032227,6.0,0.035867741928645766
1366,1.3200000000000047,0.2613048186962584,6.0,0.031842481125917727
1367,1.3400000000000052,0.2634482016589985,6.0,0.028023491677511052
1368,1.3600000000000048,0.2655369740915292,6.0,0.024400159934397373
1369,1.3800000000000043,0.2675747717119665,6.0,0.020962256931818017
1370,1.4000000000000048,0.2695651830169825,6.0,0.017699963247892737
1371,1.4200000000000053,0.2715117482563316,6.0,0.014603883583097768
1372,1.4400000000000048,0.2734179585420576,6.0,0.011665053214544674
1373,1.4600000000000044,0.275287255022274,6.0,0.008874938089420893
1374,1.4800000000000049,0.2771230280581771,6.0,0.006225429998680729
1375,1.500000000000005,0.2789286163511709,6.0,0.0037088380042105905
1376,1.520000000000005,0.2807073059748621,6.0,0.0013178770711653376
1377,1.5400000000000045,0.282462329274061,6.0,-0.0009543453257251748
1378,1.560000000000005,0.284196863600026,6.0,-0.003114344003774098
1379,1.5800000000000054,0.2859140298578094,6.0,-0.005168271787747829
1380,1.600000000000005,0.2876168908480015,6.0,-0.007121935746653902
1381,1.6200000000000043,0.2893084493911048,6.0,-0.00898081364280101
1382,1.640000000000005,0.2909916462285321,6.0,-0.010750070352079793
1383,1.6600000000000057,0.2926693576995624,6.0,-0.012434574069825328
1384,1.680000000000005,0.2943443931986843,6.0,-0.014038912161661024
1385,1.7000000000000046,0.2960194924224497,6.0,-0.015567406555115041
1386,1.720000000000005,0.2976973224193872,6.0,-0.017024128597169917
1387,1.7400000000000055,0.2993804744605856,6.0,-0.018412913326421795
1388,1.7600000000000051,0.3010714607522441,6.0,-0.019737373127305013
1389,1.7800000000000047,0.302772711014821,6.0,-0.021000910748674315
1390,1.8000000000000052,0.3044865689564029,6.0,-0.022206731680718912
1391,1.8200000000000056,0.3062152886704346,6.0,-0.02335785589322285
1392,1.8400000000000047,0.3079610309901386,6.0,-0.024457128945150692
1393,1.8600000000000048,0.309725859833701,6.0,-0.025507232480738887
1394,1.8800000000000048,0.3115117385756014,6.0,-0.026510694131143493
1395,1.9000000000000057,0.3133205264803904,6.0,-0.0274698968434023
1396,1.9200000000000053,0.3151539752356524,6.0,-0.028387087660310936
1397,1.9400000000000048,0.3170137256209594,6.0,-0.02926438597595132
1398,1.9600000000000053,0.3189013043492009,6.0,-0.030103791292157168
1399,1.9800000000000055,0.3208181211159015,6.0,-0.030907190501357245
1400,-1.9999999999999984,0.0009405933431629,7.0,-0.010936844371382693
1401,-1.9799999999999984,0.0008598579014835,7.0,-0.009353812132943727
1402,-1.9599999999999984,0.0007806452351653,7.0,-0.007809685252777258
1403,-1.9399999999999984,0.0007032032329792,7.0,-0.0063087100182319155
1404,-1.9199999999999984,0.000627799186454,7.0,-0.004855309811311245
1405,-1.899999999999998,0.0005547213277901,7.0,-0.003454075911677343
1406,-1.879999999999998,0.0004842805521127,7.0,-0.002109754991038877
1407,-1.859999999999998,0.0004168123555124,7.0,-0.000827232797692668
1408,-1.839999999999998,0.0003526790260955,7.0,0.00038848652221258866
1409,-1.819999999999998,0.0002922721321201,7.0,0.001532306074487747
1410,-1.799999999999998,0.0002360153593991,7.0,0.0025990675015490636
1411,-1.779999999999998,0.0001843677597866,7.0,0.003583588622136806
1412,-1.759999999999998,0.0001378274840148,7.0,0.004480708202086593
1413,-1.739999999999998,9.693608578712366e-05,7.0,0.005285338685410652
1414,-1.719999999999998,6.228350030872839e-05,7.0,0.005992527763497989
1415,-1.699999999999998,3.451381990372264e-05,7.0,0.006597529701262606
1416,-1.679999999999998,1.433201269443038e-05,7.0,0.007095887369032367
1417,-1.659999999999998,2.5117583385623216e-06,7.0,0.007483525943439985
1418,-1.639999999999998,-9.539145210515949e-08,7.0,0.007756859234252414
1419,-1.619999999999998,7.450720795863124e-06,7.0,0.007912909560409232
1420,-1.599999999999998,2.6191462792151004e-05,7.0,0.007949442029833805
1421,-1.579999999999998,5.728424484805433e-05,7.0,0.007865113964620491
1422,-1.5599999999999978,0.0001020200094667,7.0,0.007659640045350787
1423,-1.5399999999999978,0.0001618438951883,7.0,0.007333973513255874
1424,-1.5199999999999978,0.0002383796983124,7.0,0.00689050345293472
1425,-1.4999999999999978,0.0003334588857443,7.0,0.006333267765965211
1426,-1.4799999999999978,0.0004491550698206,7.0,0.005668180920739961
1427,-1.4599999999999975,0.0005878250474608,7.0,0.004903274908987701
1428,-1.4399999999999975,0.0007521577382296,7.0,0.004048951038043983
1429,-1.4199999999999977,0.0009452326367997,7.0,0.0031182392246831524
1430,-1.3999999999999977,0.0011705897336043,7.0,0.002127060319303478
1431,-1.3799999999999977,0.0014323132624768,7.0,0.001094485672434866
1432,-1.3599999999999977,0.0017351321148331,7.0,4.298666175859687e-05
1433,-1.3399999999999976,0.0020845403239211,7.0,-0.001001334756903599
1434,-1.3199999999999976,0.0024869416733795,7.0,-0.002008545193300386
1435,-1.2999999999999976,0.002949823217506,7.0,-0.0029447212327352924
1436,-1.2799999999999976,0.0034819632980371,7.0,-0.003771847522642296
1437,-1.2599999999999976,0.0040936804623328,7.0,-0.004447787652626213
1438,-1.2399999999999975,0.0047971304517121,7.0,-0.0049263453646958685
1439,-1.2199999999999975,0.0056066589996191,7.0,-0.0051574345727946344
1440,-1.1999999999999975,0.0065392183344775,7.0,-0.005087376912990534
1441,-1.1799999999999975,0.0076148546744599,7.0,-0.0046593448451214565
1442,-1.1599999999999977,0.0088572721120398,7.0,-0.0038139664402963573
1443,-1.1399999999999977,0.0102944743698647,7.0,-0.0024901047026431346
1444,-1.1199999999999974,0.0119594789431356,7.0,-0.0006258194414252235
1445,-1.0999999999999974,0.0138910867986007,7.0,0.0018404867045123479
1446,-1.0799999999999974,0.0161346734773566,7.0,0.004968744365260908
1447,-1.0599999999999974,0.0187429424414179,7.0,0.008815730970082793
1448,-1.0399999999999974,0.0217765473843076,7.0,0.013433446700467434
1449,-1.0199999999999974,0.0253044465697706,7.0,0.01886738750257938
1450,-0.9999999999999972,0.0294038008226632,7.0,0.025154758605694452
1451,-0.9799999999999972,0.0341591731364568,7.0,0.03232267916988323
1452,-0.9599999999999972,0.0396607432399471,7.0,0.040386433585317356
1453,-0.9399999999999972,0.0460012333177966,7.0,0.04934782724901488
1454,-0.9199999999999972,0.0532712768769256,7.0,0.05919370451693961
1455,-0.8999999999999972,0.0615530804587898,7.0,0.06989468471169644
1456,-0.8799999999999972,0.0709124512985366,7.0,0.08140416986189027
1457,-0.8599999999999972,0.0813895975361422,7.0,0.09365767695304451
1458,-0.8399999999999972,0.0929895194117795,7.0,0.10657254961561567
1459,-0.8199999999999972,0.1056732201469889,7.0,0.12004811060179048
1460,-0.7999999999999972,0.1193512500158937,7.0,0.13396632717528603
1461,-0.7799999999999971,0.1338811177872688,7.0,0.14819307482166288
1462,-0.7599999999999971,0.1490697599916862,7.0,0.1625800961283968
1463,-0.7399999999999971,0.1646815470322108,7.0,0.1769677541668047
1464,-0.7199999999999971,0.1804513520802962,7.0,0.19118866380798452
1465,-0.6999999999999971,0.1961012479945354,7.0,0.20507223992793397
1466,-0.679999999999997,0.2113586939737032,7.0,0.218450120308021
1467,-0.659999999999997,0.2259738223141349,7.0,0.2311623012954953
1468,-0.639999999999997,0.2397336879586522,7.0,0.24306367466220022
1469,-0.619999999999997,0.2524719971061934,7.0,0.2540304970342875
1470,-0.599999999999997,0.2640736827139097,7.0,0.26396619435816693
1471,-0.579999999999997,0.2744745231273582,7.0,0.2728058455431643
1472,-0.559999999999997,0.2836566376250707,7.0,0.2805187387004879
1473,-0.5399999999999969,0.2916410590596803,7.0,0.2871085667748448
1474,-0.5199999999999969,0.2984786816230694,7.0,0.29261111088248576
1475,-0.4999999999999969,0.3042407689809973,7.0,0.2970895989765028
1476,-0.4799999999999969,0.3090099653230639,7.0,0.3006282513645045
1477,-0.4599999999999968,0.3128724572035678,7.0,0.3033247592919437
1478,-0.4399999999999968,0.3159116479826244,7.0,0.30528253793037435
1479,-0.4199999999999968,0.3182034674330551,7.0,0.30660353931247325
1480,-0.3999999999999968,0.3198132639285013,7.0,0.30738223225650696
1481,-0.3799999999999968,0.3207941166194038,7.0,0.3077011096330306
1482,-0.3599999999999967,0.3211863507424355,7.0,0.307627829231829
1483,-0.3399999999999967,0.3210180262630654,7.0,0.307213882125528
1484,-0.3199999999999967,0.3203061831619561,7.0,0.3064945393974333
1485,-0.2999999999999967,0.3190586524820595,7.0,0.30548975974955556
1486,-0.2799999999999967,0.3172762706064967,7.0,0.30420573570078424
1487,-0.2599999999999967,0.3149553584623322,7.0,0.30263679541369454
1488,-0.2399999999999966,0.3120903438868623,7.0,0.3007674402217072
1489,-0.2199999999999966,0.3086764132557538,7.0,0.29857436785899305
1490,-0.1999999999999966,0.3047120787129685,7.0,0.29602839691223987
1491,-0.1799999999999966,0.3002015426937875,7.0,0.2930962631349073
1492,-0.1599999999999966,0.2951567359807654,7.0,0.289742301087967
1493,-0.1399999999999965,0.2895989042807442,7.0,0.2859300557069401
1494,-0.1199999999999965,0.2835596264645734,7.0,0.2816238895468799
1495,-0.0999999999999965,0.2770811695305173,7.0,0.2767906643185406
1496,-0.0799999999999965,0.2702161232929683,7.0,0.2714015807885897
1497,-0.0599999999999965,0.2630263107524603,7.0,0.2654342586721127
1498,-0.0399999999999964,0.2555810331868627,7.0,0.25887512542223945
1499,-0.0199999999999964,0.2479547737951483,7.0,0.25172215512680346
1500,3.552713678800501e-15,0.2402245397271737,7.0,0.24398794865078183
1501,0.0200000000000031,0.2324670593335289,7.0,0.2357030634096027
1502,0.0400000000000035,0.2247560621662779,7.0,0.2269193728893303
1503,0.060000000000004,0.2171598513028212,7.0,0.21771304850547307
1504,0.0800000000000036,0.2097393342803577,7.0,0.20818649895357313
1505,0.1000000000000032,0.2025466184657814,7.0,0.19846827531690817
1506,0.1200000000000036,0.1956242098597603,7.0,0.1887095797958576
1507,0.1400000000000041,0.189004791936066,7.0,0.1790756765221046
1508,0.1600000000000037,0.1827115115650195,7.0,0.16973035091875963
1509,0.1800000000000032,0.1767586670329942,7.0,0.16081187854041096
1510,0.2000000000000037,0.1711526793815732,7.0,0.1524001810894099
1511,0.2200000000000042,0.1658932303264509,7.0,0.14447754552372202
1512,0.2400000000000037,0.1609744635859652,7.0,0.1368900303821518
1513,0.2600000000000033,0.1563861667156731,7.0,0.1293235715615536
1514,0.2800000000000038,0.1521148731482461,7.0,0.12131643152297385
1515,0.3000000000000042,0.1481448457748696,7.0,0.11233356575788112
1516,0.3200000000000038,0.1444589220022072,7.0,0.10192008293432778
1517,0.3400000000000034,0.1410392148138139,7.0,0.08991995729922113
1518,0.3600000000000039,0.1378676748317959,7.0,0.0766915305163
1519,0.3800000000000043,0.1349265251233768,7.0,0.06319949025296902
1520,0.4000000000000039,0.1321985842062024,7.0,0.050870869294074826
1521,0.4200000000000035,0.1296674941262881,7.0,0.04121177609056435
1522,0.4400000000000039,0.1273178703130895,7.0,0.0353419222412137
1523,0.4600000000000044,0.1251353887432159,7.0,0.033678410172045946
1524,0.480000000000004,0.1231068242202949,7.0,0.035906175087930585
1525,0.5000000000000036,0.1212200516287215,7.0,0.041192646358596055
1526,0.520000000000004,0.1194640200608878,7.0,0.048492641830120836
1527,0.5400000000000045,0.1178287078839922,7.0,0.056803675427361595
1528,0.560000000000004,0.1163050651750114,7.0,0.06531196821389702
1529,0.5800000000000036,0.1148849485397683,7.0,0.07343815975863122
1530,0.6000000000000041,0.1135610521458733,7.0,0.08082000465613663
1531,0.6200000000000045,0.1123268378251848,7.0,0.08726767916195399
1532,0.6400000000000041,0.1111764663164766,7.0,0.09271469330283427
1533,0.6600000000000037,0.1101047310972617,7.0,0.09717544327862661
1534,0.6800000000000042,0.1091069957691622,7.0,0.10071276348215515
1535,0.7000000000000046,0.108179135589676,7.0,0.10341502426767632
1536,0.7200000000000042,0.1073174834631886,7.0,0.1053809278457787
1537,0.7400000000000038,0.1065187804971587,7.0,0.10670997253892724
1538,0.7600000000000042,0.105780131080079,7.0,0.10749685337500087
1539,0.7800000000000047,0.1050989623333398,7.0,0.1078284798355551
1540,0.8000000000000043,0.1044729877191524,7.0,0.10778266898743627
1541,0.8200000000000038,0.1039001745429585,7.0,0.10742786942724364
1542,0.8400000000000043,0.1033787150646788,7.0,0.10682348830048673
1543,0.8600000000000048,0.1029070009236115,7.0,0.10602054479752171
1544,0.8800000000000043,0.1024836005827557,7.0,0.1050624757469469
1545,0.9000000000000039,0.1021072395067116,7.0,0.10398598655997884
1546,0.9200000000000044,0.1017767828007404,7.0,0.10282188473864722
1547,0.9400000000000048,0.1014912200552281,7.0,0.10159586126220416
1548,0.9600000000000044,0.1012496521583577,7.0,0.1003292028092111
1549,0.980000000000004,0.1010512798592233,7.0,0.09903942860173229
1550,1.0000000000000044,0.1008953938831914,7.0,0.09774085209526127
1551,1.020000000000005,0.1007813664204905,7.0,0.09644507137556581
1552,1.0400000000000045,0.1007086438274107,7.0,0.09516139399984604
1553,1.060000000000004,0.1006767403968809,7.0,0.09389720280672383
1554,1.0800000000000043,0.1006852330713923,7.0,0.09265826935034248
1555,1.100000000000005,0.1007337569861673,7.0,0.09144902136461476
1556,1.1200000000000043,0.1008220017441016,7.0,0.09027277020945547
1557,1.140000000000004,0.1009497083363259,7.0,0.08913190370093185
1558,1.1600000000000046,0.1011166666332988,7.0,0.08802804914867111
1559,1.180000000000005,0.101322713381161,7.0,0.08696221085626764
1560,1.2000000000000046,0.1015677306467853,7.0,0.08593488580621057
1561,1.2200000000000042,0.1018516446625491,7.0,0.0849461607613316
1562,1.2400000000000049,0.1021744250284791,7.0,0.08399579357444817
1563,1.2600000000000051,0.1025360842351194,7.0,0.08308328110708071
1564,1.2800000000000047,0.1029366774753473,7.0,0.08220791581472092
1565,1.3000000000000045,0.1033763027174876,7.0,0.08136883275667846
1566,1.3200000000000047,0.1038551010155436,7.0,0.0805650485290172
1567,1.3400000000000052,0.104373257035226,7.0,0.07979549339518606
1568,1.3600000000000048,0.104930999776815,7.0,0.07905903769661858
1569,1.3800000000000043,0.1055286034777857,7.0,0.07835451346078331
1570,1.4000000000000048,0.1061663886796285,7.0,0.07768073198346077
1571,1.4200000000000053,0.1068447234444707,7.0,0.07703649804202127
1572,1.4400000000000048,0.1075640247079841,7.0,0.07642062129443479
1573,1.4600000000000044,0.1083247597557153,7.0,0.07583192533204342
1574,1.4800000000000049,0.1091274478104267,7.0,0.07526925478057322
1575,1.500000000000005,0.109972661718331,7.0,0.07473148078154059
1576,1.520000000000005,0.1108610297222686,7.0,0.07421750513346553
1577,1.5400000000000045,0.1117932373099467,7.0,0.07372626332768013
1578,1.560000000000005,0.1127700291253567,7.0,0.07325672667581207
1579,1.5800000000000054,0.1137922109314243,7.0,0.07280790369419805
1580,1.600000000000005,0.1148606516118478,7.0,0.07237884088358844
1581,1.6200000000000043,0.115976285199961,7.0,0.07196862301986016
1582,1.640000000000005,0.1171401129223109,7.0,0.07157637305234063
1583,1.6600000000000057,0.1183532052444975,7.0,0.07120125169025585
1584,1.680000000000005,0.1196167039066631,7.0,0.07084245674427322
1585,1.7000000000000046,0.1209318239358686,7.0,0.07049922227870224
1586,1.720000000000005,0.1222998556224271,7.0,0.07017081762034916
1587,1.7400000000000055,0.1237221664471088,7.0,0.06985654626196393
1588,1.7600000000000051,0.1252002029459588,7.0,0.06955574469146042
1589,1.7800000000000047,0.1267354924992925,7.0,0.06926778117243787
1590,1.8000000000000052,0.1283296450312366,7.0,0.0689920544967804
1591,1.8200000000000056,0.1299843546059824,7.0,0.06872799272614548
1592,1.8400000000000047,0.1317014009066732,7.0,0.06847505193583686
1593,1.8600000000000048,0.1334826505826069,7.0,0.06823271497180249
1594,1.8800000000000048,0.1353300584501261,7.0,0.06800049022918543
1595,1.9000000000000057,0.1372456685322664,7.0,0.06777791045896248
1596,1.9200000000000053,0.1392316149218711,7.0,0.0675645316076085
1597,1.9400000000000048,0.1412901224524867,7.0,0.06735993169343367
1598,1.9600000000000053,0.1434235071609398,7.0,0.06716370972216446
1599,1.9800000000000055,0.1456341765250276,7.0,0.0669754846434448
1600,-1.9999999999999984,0.0268921272327928,8.0,0.03540909816728645
1601,-1.9799999999999984,0.0278332970804815,8.0,0.037335074721032924
1602,-1.9599999999999984,0.0287846224987186,8.0,0.03922735303375531
1603,-1.9399999999999984,0.0297456760238955,8.0,0.041081328386140495
1604,-1.9199999999999984,0.0307160285930147,8.0,0.04289213694300194
1605,-1.899999999999998,0.0316952501513222,8.0,0.04465465384921165
1606,-1.879999999999998,0.0326829102543869,8.0,0.04636349343262381
1607,-1.859999999999998,0.0336785786605265,8.0,0.048013011922187904
1608,-1.839999999999998,0.0346818259089453,8.0,0.04959731314186631
1609,-1.819999999999998,0.0356922238783572,8.0,0.051110257697779805
1610,-1.799999999999998,0.0367093463202504,8.0,0.0525454762371082
1611,-1.779999999999998,0.0377327693602683,8.0,0.053896387422433065
1612,-1.759999999999998,0.0387620719604587,8.0,0.055156221333896735
1613,-1.739999999999998,0.0397968363343798,8.0,0.056318049083053344
1614,-1.719999999999998,0.0408366483062231,8.0,0.05737481949544562
1615,-1.699999999999998,0.0418810976042595,8.0,0.058319403792200096
1616,-1.679999999999998,0.0429297780779961,8.0,0.05914464927207748
1617,-1.659999999999998,0.0439822878274947,8.0,0.059843443061615126
1618,-1.639999999999998,0.0450382292323086,8.0,0.06040878705840288
1619,-1.619999999999998,0.0460972088664949,8.0,0.06083388523623385
1620,-1.599999999999998,0.0471588372851303,8.0,0.061112244504654224
1621,-1.579999999999998,0.048222728666732,8.0,0.06123779031132452
1622,-1.5599999999999978,0.0492885002949777,8.0,0.06120499813383247
1623,-1.5399999999999978,0.0503557718621422,8.0,0.06100904191600266
1624,-1.5199999999999978,0.0514241645757666,8.0,0.060645960347582004
1625,-1.4999999999999978,0.0524933000492631,8.0,0.06011284164776881
1626,-1.4799999999999978,0.0535627989564959,8.0,0.05940802717141061
1627,-1.4599999999999975,0.0546322794299056,8.0,0.058531333687551014
1628,-1.4399999999999975,0.0557013551815123,8.0,0.057484293555753664
1629,-1.4199999999999977,0.0567696333262383,8.0,0.056270411215866636
1630,-1.3999999999999977,0.0578367118874786,8.0,0.054895433379468374
1631,-1.3799999999999977,0.0589021769658572,8.0,0.05336762903406164
1632,-1.3599999999999977,0.0599655995537076,8.0,0.051698073815299034
1633,-1.3399999999999976,0.0610265319801757,8.0,0.049900931446944685
1634,-1.3199999999999976,0.0620845039750675,8.0,0.04799372278606426
1635,-1.2999999999999976,0.0631390183438611,8.0,0.04599757055843844
1636,-1.2799999999999976,0.0641895462518072,8.0,0.04393740517733506
1637,-1.2599999999999976,0.0652355221220074,8.0,0.041842114207021296
1638,-1.2399999999999975,0.0662763381609537,8.0,0.03974461522422766
1639,-1.2199999999999975,0.0673113385355145,8.0,0.037681829289328
1640,-1.1999999999999975,0.068339813237975,8.0,0.035694530299868556
1641,-1.1799999999999975,0.0693609916907562,8.0,0.03382704459548622
1642,-1.1599999999999977,0.070374036160079,8.0,0.03212677583791243
1643,-1.1399999999999977,0.071378035068365,8.0,0.030643532985486794
1644,-1.1199999999999974,0.0723719963187487,8.0,0.0294286447038937
1645,-1.0999999999999974,0.0733548407719203,8.0,0.028533852300672336
1646,-1.0799999999999974,0.0743253960456678,8.0,0.028009985524741626
1647,-1.0599999999999974,0.0752823908409873,8.0,0.027905441257531003
1648,-1.0399999999999974,0.0762244500353006,8.0,0.028264503653446793
1649,-1.0199999999999974,0.0771500908228831,8.0,0.0291255644542827
1650,-0.9999999999999972,0.0780577202245625,8.0,0.03051932213692275
1651,-0.9799999999999972,0.0789456343322956,8.0,0.03246705582463633
1652,-0.9599999999999972,0.0798120196983522,8.0,0.03497908175826182
1653,-0.9399999999999972,0.0806549573220937,8.0,0.038053503946378436
1654,-0.9199999999999972,0.0814724297279571,8.0,0.0416753643801276
1655,-0.8999999999999972,0.0822623316640477,8.0,0.045816281050134924
1656,-0.8799999999999972,0.0830224849791121,8.0,0.05043463463764929
1657,-0.8599999999999972,0.0837506582535857,8.0,0.0554763295578707
1658,-0.8399999999999972,0.0844445917645999,8.0,0.06087611586465255
1659,-0.8199999999999972,0.085102028351673,8.0,0.06655942010894467
1660,-0.7999999999999972,0.0857207507157171,8.0,0.07244460030677206
1661,-0.7799999999999971,0.0862986256254414,8.0,0.07844551647636896
1662,-0.7599999999999971,0.0868336554191955,8.0,0.0844742956934401
1663,-0.7399999999999971,0.087324037074515,8.0,0.09044416891394054
1664,-0.7199999999999971,0.0877682289710352,8.0,0.09627226324324767
1665,-0.6999999999999971,0.0881650252956184,8.0,0.10188224353069841
1666,-0.679999999999997,0.0885136378341183,8.0,0.10720670634518503
1667,-0.659999999999997,0.0888137846672302,8.0,0.11218923398394359
1668,-0.639999999999997,0.0890657850461056,8.0,0.11678601555175754
1669,-0.619999999999997,0.0892706594772221,8.0,0.12096693966873213
1670,-0.599999999999997,0.0894302338083232,8.0,0.12471606604531113
1671,-0.579999999999997,0.0895472458927515,8.0,0.12803139963243945
1672,-0.559999999999997,0.0896254532337886,8.0,0.13092392802415379
1673,-0.5399999999999969,0.0896697398886218,8.0,0.1334159413066155
1674,-0.5199999999999969,0.089686220855902,8.0,0.13553872679568615
1675,-0.4999999999999969,0.0896823421897837,8.0,0.13732980519327803
1676,-0.4799999999999969,0.0896669751787351,8.0,0.13882993259501283
1677,-0.4599999999999968,0.0896505030930897,8.0,0.14008012000507852
1678,-0.4399999999999968,0.0896448992259261,8.0,0.1411189115875178
1679,-0.4199999999999968,0.0896637952026593,8.0,0.1419801175455886
1680,-0.3999999999999968,0.0897225387827334,8.0,0.1426911283615562
1681,-0.3799999999999968,0.0898382405829819,8.0,0.14327185957390526
1682,-0.3599999999999967,0.0900298092753571,8.0,0.1437343052988954
1683,-0.3399999999999967,0.0903179748128352,8.0,0.1440826251441148
1684,-0.3199999999999967,0.0907252990848509,8.0,0.1443136580343978
1685,-0.2999999999999967,0.0912761730784233,8.0,0.14441774737503713
1686,-0.2799999999999967,0.0919967991203627,8.0,0.14437977077685463
1687,-0.2599999999999967,0.092915156115672,8.0,0.14418028845894618
1688,-0.2399999999999966,0.0940609449131248,8.0,0.1437967517108255
1689,-0.2199999999999966,0.09546551007488,8.0,0.14320474190337734
1690,-0.1999999999999966,0.0971617334721316,8.0,0.14237923856865062
1691,-0.1799999999999966,0.0991838943537664,8.0,0.14129594064815065
1692,-0.1599999999999966,0.1015674899275627,8.0,0.13993268796047573
1693,-0.1399999999999965,0.1043490101447124,8.0,0.13827105083251282
1694,-0.1199999999999965,0.1075656603798447,8.0,0.13629817555036888
1695,-0.0999999999999965,0.1112550261400076,8.0,0.13400899259573681
1696,-0.0799999999999965,0.1154546749029699,8.0,0.1314089138345168
1697,-0.0599999999999965,0.1202016917562557,8.0,0.1285171632922605
1698,-0.0399999999999964,0.1255321477486691,8.0,0.1253709017715264
1699,-0.0199999999999964,0.1314805028170183,8.0,0.12203031392464
1700,3.552713678800501e-15,0.1380789488142272,8.0,0.11858481960054856
1701,0.0200000000000031,0.1453567024832188,8.0,0.11516053631482283
1702,0.0400000000000035,0.1533392630537641,8.0,0.11192903618227058
1703,0.060000000000004,0.1620476542439667,8.0,0.10911727816165519
1704,0.0800000000000036,0.1714976754666957,8.0,0.10701831154498635
1705,0.1000000000000032,0.1816991915060177,8.0,0.10600188061552548
1706,0.1200000000000036,0.1926554932878292,8.0,0.10652334004367602
1707,0.1400000000000041,0.2043627640399858,8.0,0.10912823595785448
1708,0.1600000000000037,0.2168096845847502,8.0,0.11444845618334082
1709,0.1800000000000032,0.2299772083354659,8.0,0.12318401683918784
1710,0.2000000000000037,0.2438385306202003,8.0,0.13606253796026832
1711,0.2200000000000042,0.2583592683782036,8.0,0.1537668999547834
1712,0.2400000000000037,0.2734978555662641,8.0,0.17682191663910574
1713,0.2600000000000033,0.2892061475924382,8.0,0.20543592337260475
1714,0.2800000000000038,0.3054302158295033,8.0,0.23930750518098395
1715,0.3000000000000042,0.3221113019262495,8.0,0.27743643053696243
1716,0.3200000000000038,0.3391868923555303,8.0,0.31802189840364176
1717,0.3400000000000034,0.3565918673224127,8.0,0.358573582077576
1718,0.3600000000000039,0.3742596753658687,8.0,0.39635086515682283
1719,0.3800000000000043,0.3921234858659468,8.0,0.4291094621925132
1720,0.4000000000000039,0.4101172759359695,8.0,0.4558674142306918
1721,0.4200000000000035,0.42817681519975,8.0,0.47720433408193774
1722,0.4400000000000039,0.4462405208487336,8.0,0.49480076118648725
1723,0.4600000000000044,0.4642501651624765,8.0,0.5104915412567815
1724,0.480000000000004,0.4821514274110373,8.0,0.5254823952807238
1725,0.5000000000000036,0.4998942909379052,8.0,0.5401388387742782
1726,0.520000000000004,0.5174332936615783,8.0,0.5542397976035051
1727,0.5400000000000045,0.534727645892439,8.0,0.5673523741272941
1728,0.560000000000004,0.5517412331329035,8.0,0.5790948905184655
1729,0.5800000000000036,0.5684425235030272,8.0,0.5892439646887307
1730,0.6000000000000041,0.5848043998427516,8.0,0.59773762007272
1731,0.6200000000000045,0.6008039357018251,8.0,0.6046348868479735
1732,0.6400000000000041,0.6164221326863568,8.0,0.610068964996465
1733,0.6600000000000037,0.6316436343233689,8.0,0.6142092314591929
1734,0.6800000000000042,0.6464564290279272,8.0,0.6172352008382433
1735,0.7000000000000046,0.6608515521513786,8.0,0.6193206867617691
1736,0.7200000000000042,0.6748227946314816,8.0,0.6206252874758598
1737,0.7400000000000038,0.6883664235734621,8.0,0.6212906372048734
1738,0.7600000000000042,0.7014809182302923,8.0,0.6214395367084145
1739,0.7800000000000047,0.7141667233433113,8.0,0.6211766966363876
1740,0.8000000000000043,0.7264260206414541,8.0,0.6205902929235484
1741,0.8200000000000038,0.7382625184482462,8.0,0.6197538514843693
1742,0.8400000000000043,0.7496812587670588,8.0,0.6187281851232658
1743,0.8600000000000048,0.7606884408582343,8.0,0.6175632336509927
1744,0.8800000000000043,0.7712912601376405,8.0,0.6162997354751029
1745,0.9000000000000039,0.7814977611695973,8.0,0.6149707040405215
1746,0.9200000000000044,0.7913167035581812,8.0,0.6136027077282004
1747,0.9400000000000048,0.8007574396267526,8.0,0.6122169650328705
1748,0.9600000000000044,0.8098298028901006,8.0,0.6108302729511512
1749,0.980000000000004,0.8185440064476343,8.0,0.6094557885435472
1750,1.0000000000000044,0.826910550546046,8.0,0.6081036834218977
1751,1.020000000000005,0.8349401386674021,8.0,0.6067816895513072
1752,1.0400000000000045,0.8426436015891019,8.0,0.6054955528821659
1753,1.060000000000004,0.8500318289340669,8.0,0.6042494093070988
1754,1.0800000000000043,0.8571157077834353,8.0,0.6030460954674398
1755,1.100000000000005,0.8639060679618435,8.0,0.6018874051136792
1756,1.1200000000000043,0.8704136336298265,8.0,0.600774300096683
1757,1.140000000000004,0.8766489808318626,8.0,0.5997070836415153
1758,1.1600000000000046,0.8826225006551215,8.0,0.5986855423260858
1759,1.180000000000005,0.8883443676557738,8.0,0.5977090621365958
1760,1.2000000000000046,0.8938245132089723,8.0,0.596776723081452
1761,1.2200000000000042,0.8990726034373093,8.0,0.5958873760947371
1762,1.2400000000000049,0.9040980213719751,8.0,0.5950397053302312
1763,1.2600000000000051,0.9089098530020564,8.0,0.5942322784197354
1764,1.2800000000000047,0.913516876870946,8.0,0.5934635868293662
1765,1.3000000000000045,0.9179275568850364,8.0,0.5927320780809409
1766,1.3200000000000047,0.922150038008716,8.0,0.5920361813006658
1767,1.3400000000000052,0.926192144531096,8.0,0.5913743273041211
1768,1.3600000000000048,0.9300613806035374,8.0,0.5907449642163747
1769,1.3800000000000043,0.933764932762571,8.0,0.5901465694518202
1770,1.4000000000000048,0.9373096741698382,8.0,0.5895776587339837
1771,1.4200000000000053,0.9407021703187546,8.0,0.5890367927159583
1772,1.4400000000000048,0.9439486859763628,8.0,0.5885225816631933
1773,1.4600000000000044,0.9470551931478844,8.0,0.5880336885784798
1774,1.4800000000000049,0.9500273798704776,8.0,0.5875688310812478
1775,1.500000000000005,0.9528706596613824,8.0,0.5871267822973248
1776,1.520000000000005,0.9555901814637228,8.0,0.586706370969015
1777,1.5400000000000045,0.9581908399505492,8.0,0.5863064809571525
1778,1.560000000000005,0.960677286064111,8.0,0.5859260502752222
1779,1.5800000000000054,0.9630539376827164,8.0,0.5855640697695715
1780,1.600000000000005,0.965324990321804,8.0,0.5852195815382903
1781,1.6200000000000043,0.9674944277889906,8.0,0.5848916771635964
1782,1.640000000000005,0.9695660327248464,8.0,0.5845794958180065
1783,1.6600000000000057,0.9715433969719932,8.0,0.5842822222925709
1784,1.680000000000005,0.973429931724882,8.0,0.5839990849855958
1785,1.7000000000000046,0.9752288774212824,8.0,0.5837293538821933
1786,1.720000000000005,0.9769433133442108,8.0,0.583472338548382
1787,1.7400000000000055,0.9785761669097688,8.0,0.5832273861580467
1788,1.7600000000000051,0.9801302226222308,8.0,0.5829938795666558
1789,1.7800000000000047,0.9816081306828144,8.0,0.5827712354420481
1790,1.8000000000000052,0.9830124152428928,8.0,0.5825589024596977
1791,1.8200000000000056,0.9843454822961196,8.0,0.5823563595675255
1792,1.8400000000000047,0.9856096272070412,8.0,0.5821631143234388
1793,1.8600000000000048,0.986807041876352,8.0,0.581978701307287
1794,1.8800000000000048,0.9879398215450946,8.0,0.5818026806077412
1795,1.9000000000000057,0.9890099712418444,8.0,0.5816346363836588
1796,1.9200000000000053,0.990019411878314,8.0,0.581474175498797
1797,1.9400000000000048,0.9909699859999418,8.0,0.581320926228176
1798,1.9600000000000053,0.9918634631988836,8.0,0.5811745370339826
1799,1.9800000000000055,0.992701545197527,8.0,0.5810346754086326
1800,-1.9999999999999984,0.0083293821870357,9.0,0.03070674490237463
1801,-1.9799999999999984,0.0087082526756413,9.0,0.028179161786009536
1802,-1.9599999999999984,0.009101210234378,9.0,0.02563418140243377
1803,-1.9399999999999984,0.0095087574719031,9.0,0.023077608068431166
1804,-1.9199999999999984,0.0099314177121576,9.0,0.020515949582325065
1805,-1.899999999999998,0.0103697360545912,9.0,0.0179564672066726
1806,-1.879999999999998,0.0108242805075587,9.0,0.015407225674164516
1807,-1.859999999999998,0.0112956431998762,9.0,0.012877142380450388
1808,-1.839999999999998,0.0117844416757157,9.0,0.01037603473318399
1809,-1.819999999999998,0.0122913202782229,9.0,0.00791466440589248
1810,-1.799999999999998,0.0128169516274345,9.0,0.00550477699813346
1811,-1.779999999999998,0.0133620381982747,9.0,0.0031591353307342295
1812,-1.759999999999998,0.0139273140046042,9.0,0.0008915443094221707
1813,-1.739999999999998,0.0145135463954994,9.0,-0.0012831350232401957
1814,-1.719999999999998,0.0151215379701309,9.0,-0.0033489849511605537
1815,-1.699999999999998,0.0157521286178176,9.0,-0.005289047088834451
1816,-1.679999999999998,0.0164061976900251,9.0,-0.007085358256465174
1817,-1.659999999999998,0.0170846663112773,9.0,-0.008719009822288256
1818,-1.639999999999998,0.0177884998361449,9.0,-0.010170234308522375
1819,-1.619999999999998,0.0185187104596618,9.0,-0.011418523158054425
1820,-1.599999999999998,0.0192763599887016,9.0,-0.012442779519941657
1821,-1.579999999999998,0.0200625627820163,9.0,-0.013221509686435536
1822,-1.5599999999999978,0.0208784888667854,9.0,-0.013733056351415435
1823,-1.5399999999999978,0.0217253672396501,9.0,-0.013955876106024069
1824,-1.5199999999999978,0.0226044893602965,9.0,-0.013868862490062698
1825,-1.4999999999999978,0.0235172128456922,9.0,-0.013451714432525826
1826,-1.4799999999999978,0.0244649653730684,9.0,-0.012685348011615773
1827,-1.4599999999999975,0.0254492487996443,9.0,-0.011552347137816535
1828,-1.4399999999999975,0.0264716435069051,9.0,-0.010037446041772457
1829,-1.4199999999999977,0.0275338129769371,9.0,-0.008128033405791771
1830,-1.3999999999999977,0.0286375086078707,9.0,-0.0058146647428188826
1831,-1.3799999999999977,0.0297845747748569,9.0,-0.0030915663900375843
1832,-1.3599999999999977,0.0309769541421544,9.0,4.288850174897836e-05
1833,-1.3399999999999976,0.0322166932308144,9.0,0.0035857540307168063
1834,-1.3199999999999976,0.0335059482450475,9.0,0.0075291592361629925
1835,-1.2999999999999976,0.0348469911586052,9.0,0.011860053281701758
1836,-1.2799999999999976,0.0362422160603482,9.0,0.0165600707192927
1837,-1.2599999999999976,0.0376941457555215,9.0,0.021605536373984147
1838,-1.2399999999999975,0.0392054386160721,9.0,0.026967624477752875
1839,-1.2199999999999975,0.0407788956695126,9.0,0.032612680008892676
1840,-1.1999999999999975,0.0424174679113027,9.0,0.038502702074886944
1841,-1.1799999999999975,0.0441242638203782,9.0,0.04459598013997138
1842,-1.1599999999999977,0.0459025570512159,9.0,0.050847864654654074
1843,-1.1399999999999977,0.0477557942685867,9.0,0.05721164502124195
1844,-1.1199999999999974,0.0496876030828187,9.0,0.0636395006773533
1845,-1.0999999999999974,0.0517018000338557,9.0,0.07008348616224329
1846,-1.0799999999999974,0.0538023985615953,9.0,0.07649650891990264
1847,-1.0599999999999974,0.0559936168877936,9.0,0.08283325958430884
1848,-1.0399999999999974,0.0582798857212142,9.0,0.08905105856382571
1849,-1.0199999999999974,0.06066585568259,9.0,0.09511058955820213
1850,-0.9999999999999972,0.0631564043293765,9.0,0.10097649960717928
1851,-0.9799999999999972,0.0657566426422212,9.0,0.10661785561623782
1852,-0.9599999999999972,0.0684719208156287,9.0,0.1120084581979169
1853,-0.9399999999999972,0.0713078331746459,9.0,0.11712702430689796
1854,-0.9199999999999972,0.0742702220177299,9.0,0.1219572598477446
1855,-0.8999999999999972,0.0773651801636525,9.0,0.1264878516651358
1856,-0.8799999999999972,0.0805990519577634,9.0,0.1307124147122246
1857,-0.8599999999999972,0.0839784324708023,9.0,0.13462943447392473
1858,-0.8399999999999972,0.087510164602388,9.0,0.1382422466861116
1859,-0.8199999999999972,0.0912013337822754,9.0,0.14155909578930265
1860,-0.7999999999999972,0.0950592599464392,9.0,0.1445933100174256
1861,-0.7799999999999971,0.0990914864532657,9.0,0.1473636240014064
1862,-0.7599999999999971,0.1033057655989234,9.0,0.14989466852636663
1863,-0.7399999999999971,0.1077100403917994,9.0,0.15221763075859995
1864,-0.7199999999999971,0.1123124222552258,9.0,0.15437106604179912
1865,-0.6999999999999971,0.1171211643470504,9.0,0.15640181379951779
1866,-0.679999999999997,0.1221446302153004,9.0,0.15836593554031897
1867,-0.659999999999997,0.1273912575523249,9.0,0.16032955420924513
1868,-0.639999999999997,0.1328695168661403,9.0,0.1623694349231841
1869,-0.619999999999997,0.1385878649573302,9.0,0.1645731136378971
1870,-0.599999999999997,0.1445546931722338,9.0,0.16703836104576839
1871,-0.579999999999997,0.1507782704967405,9.0,0.16987177401496187
1872,-0.559999999999997,0.1572666816572686,9.0,0.17318632575745818
1873,-0.5399999999999969,0.1640277605026909,9.0,0.17709778493628414
1874,-0.5199999999999969,0.1710690190482194,9.0,0.18172003266855968
1875,-0.4999999999999969,0.1783975726635922,9.0,0.18715945494232586
1876,-0.4799999999999969,0.1860200619765185,9.0,0.1935087461380275
1877,-0.4599999999999968,0.1939425721309635,9.0,0.20084059893429307
1878,-0.4399999999999968,0.2021705500814042,9.0,0.20920184632733593
1879,-0.4199999999999968,0.2107087206123727,9.0,0.2186086376963626
1880,-0.3999999999999968,0.2195610017429976,9.0,0.22904316075915024
1881,-0.3799999999999968,0.2287304201071375,9.0,0.24045227060042607
1882,-0.3599999999999967,0.2382190267931518,9.0,0.2527481790866754
1883,-0.3399999999999967,0.2480278139901028,9.0,0.2658111287995358
1884,-0.3199999999999967,0.258156632631275,9.0,0.2794937650497988
1885,-0.2999999999999967,0.2686041110689562,9.0,0.2936267623756689
1886,-0.2799999999999967,0.2793675746793561,9.0,0.308025180787208
1887,-0.2599999999999967,0.2904429662105084,9.0,0.3224950290843854
1888,-0.2399999999999966,0.3018247666787529,9.0,0.33683959061812313
1889,-0.2199999999999966,0.313505916720538,9.0,0.35086520351462497
1890,-0.1999999999999966,0.3254777385420532,9.0,0.3643863610397031
1891,-0.1799999999999966,0.3377298589983786,9.0,0.3772301883548865
1892,-0.1599999999999966,0.3502501348836879,9.0,0.3892405450897983
1893,-0.1399999999999965,0.3630245822158646,9.0,0.40028219239382967
1894,-0.1199999999999965,0.3760373121249131,9.0,0.41024564930290797
1895,-0.0999999999999965,0.389270476855406,9.0,0.4190535518615389
1896,-0.0799999999999965,0.4027042302979519,9.0,0.42666952427290605
1897,-0.0599999999999965,0.4163167082828682,9.0,0.43311076977772256
1898,-0.0399999999999964,0.4300840344965327,9.0,0.438465761862149
1899,-0.0199999999999964,0.4439803582070919,9.0,0.4429184893555838
1900,3.552713678800501e-15,0.4579779299068947,9.0,0.44678052463009416
1901,0.0200000000000031,0.4720472204085234,9.0,0.45053144465933237
1902,0.0400000000000035,0.486157087816822,9.0,0.4548663151843043
1903,0.060000000000004,0.500274995133589,9.0,0.46074517103345847
1904,0.0800000000000036,0.5143672790823871,9.0,0.46943228737730314
1905,0.1000000000000032,0.5283994681748327,9.0,0.482500393111004
1906,0.1200000000000036,0.5423366452394764,9.0,0.5017537848852618
1907,0.1400000000000041,0.556143846807362,9.0,0.5289910646947789
1908,0.1600000000000037,0.5697864891283901,9.0,0.565482406381781
1909,0.1800000000000032,0.5832308084155905,9.0,0.6109947978890143
1910,0.2000000000000037,0.5964443013911768,9.0,0.6622433488193215
1911,0.2200000000000042,0.6093961514988213,9.0,0.7110312313641571
1912,0.2400000000000037,0.6220576263391716,9.0,0.74354347410122
1913,0.2600000000000033,0.6344024329845168,9.0,0.7441956842521641
1914,0.2800000000000038,0.6464070197525832,9.0,0.706627803433219
1915,0.3000000000000042,0.6580508156115575,9.0,0.6445757489940627
1916,0.3200000000000038,0.6693164014346407,9.0,0.5860913287681107
1917,0.3400000000000034,0.6801896105774441,9.0,0.5528796483906773
1918,0.3600000000000039,0.6906595594666366,9.0,0.549177339467133
1919,0.3800000000000043,0.7007186118376462,9.0,0.5674990794415686
1920,0.4000000000000039,0.7103622827608913,9.0,0.597929504379671
1921,0.4200000000000035,0.7195890905251934,9.0,0.6327821939739713
1922,0.4400000000000039,0.7284003657413038,9.0,0.6673668228869055
1923,0.4600000000000044,0.7368000276848552,9.0,0.6992950980973861
1924,0.480000000000004,0.7447943379640334,9.0,0.7276182540507486
1925,0.5000000000000036,0.7523916411579264,9.0,0.7521813545322973
1926,0.520000000000004,0.7596021012349221,9.0,0.7732183708834384
1927,0.5400000000000045,0.7664374414438561,9.0,0.7911221031196726
1928,0.560000000000004,0.7729106940881151,9.0,0.8063232190408333
1929,0.5800000000000036,0.7790359652469581,9.0,0.819232070427924
1930,0.6000000000000041,0.7848282181838699,9.0,0.8302145840115636
1931,0.6200000000000045,0.7903030779433152,9.0,0.8395856357458615
1932,0.6400000000000041,0.7954766585290962,9.0,0.8476107554429805
1933,0.6600000000000037,0.8003654131050056,9.0,0.8545113129239451
1934,0.6800000000000042,0.8049860068711886,9.0,0.8604707317493753
1935,0.7000000000000046,0.8093552116444026,9.0,0.8656405678622768
1936,0.7200000000000042,0.8134898206948642,9.0,0.8701459648921469
1937,0.7400000000000038,0.8174065820479433,9.0,0.8740903362730499
1938,0.7600000000000042,0.8211221482234462,9.0,0.8775592840193966
1939,0.7800000000000047,0.8246530402347071,9.0,0.8806238311913087
1940,0.8000000000000043,0.8280156235803989,9.0,0.8833430661278612
1941,0.8200000000000038,0.831226093911077,9.0,0.8857662958743802
1942,0.8400000000000043,0.8343004700193133,9.0,0.8879347964535403
1943,0.8600000000000048,0.8372545917691538,9.0,0.8898832349730822
1944,0.8800000000000043,0.8401041205335791,9.0,0.8916408259514956
1945,0.9000000000000039,0.8428645396388867,9.0,0.8932322729039488
1946,0.9200000000000044,0.8455511522198823,9.0,0.8946785365505826
1947,0.9400000000000048,0.8481790737749636,9.0,0.895997462982254
1948,0.9600000000000044,0.8507632165905422,9.0,0.8972042985754192
1949,0.980000000000004,0.8533182631055802,9.0,0.8983121131675327
1950,1.0000000000000044,0.8558586252465316,9.0,0.8993321487680435
1951,1.020000000000005,0.8583983868287776,9.0,0.9002741076916078
1952,1.0400000000000045,0.8609512263492893,9.0,0.9011463912931679
1953,1.060000000000004,0.8635303179473128,9.0,0.9019562983219632
1954,1.0800000000000043,0.866148209042806,9.0,0.9027101901824602
1955,1.100000000000005,0.8688166742211261,9.0,0.9034136290058105
1956,1.1200000000000043,0.8715465463383363,9.0,0.9040714933251404
1957,1.140000000000004,0.8743475275602153,9.0,0.9046880752557176
1958,1.1600000000000046,0.8772279850593229,9.0,0.9052671623624728
1959,1.180000000000005,0.8801947382648406,9.0,0.9058121068174235
1960,1.2000000000000046,0.8832528467215952,9.0,0.9063258839803776
1961,1.2200000000000042,0.8864054095525924,9.0,0.9068111421559473
1962,1.2400000000000049,0.8896533889875441,9.0,0.9072702449707492
1963,1.2600000000000051,0.8929954711672661,9.0,0.907705307562913
1964,1.2800000000000047,0.8964279772379509,9.0,0.9081182275704393
1965,1.3000000000000045,0.8999448364532924,9.0,0.9085107117367685
1966,1.3200000000000047,0.9035376305501622,9.0,0.9088842988139905
1967,1.3400000000000052,0.9071957151262736,9.0,0.909240379330729
1968,1.3600000000000048,0.9109064193358374,9.0,0.9095802126983865
1969,1.3800000000000043,0.9146553202713938,9.0,0.9099049420522921
1970,1.4000000000000048,0.9184265833559434,9.0,0.9102156071605467
1971,1.4200000000000053,0.9222033554178488,9.0,0.9105131556804363
1972,1.4400000000000048,0.9259681933371154,9.0,0.9107984529983559
1973,1.4600000000000044,0.9297035086321944,9.0,0.9110722908525755
1974,1.4800000000000049,0.9333920073625,9.0,0.9113353949076466
1975,1.500000000000005,0.9370171053414762,9.0,0.911588431423691
1976,1.520000000000005,0.940563300792364,9.0,0.9118320131424286
1977,1.5400000000000045,0.9440164899713368,9.0,0.9120667044938029
1978,1.560000000000005,0.9473642155433588,9.0,0.9122930262119403
1979,1.5800000000000054,0.9505958421718488,9.0,0.9125114594364391
1980,1.600000000000005,0.9537026584181728,9.0,0.9127224493641578
1981,1.6200000000000043,0.956677908239952,9.0,0.9129264085075925
1982,1.640000000000005,0.9595167588241764,9.0,0.9131237196081501
1983,1.6600000000000057,0.9622162140079628,9.0,0.913314738246038
1984,1.680000000000005,0.9647749840645312,9.0,0.913499795182901
1985,1.7000000000000046,0.9671933232102712,9.0,0.913679198468512
1986,1.720000000000005,0.9694728459477584,9.0,0.9138532353387464
1987,1.7400000000000055,0.9716163324768652,9.0,0.9140221739285439
1988,1.7600000000000051,0.9736275320791766,9.0,0.9141862648205435
1989,1.7800000000000047,0.9755109718017364,9.0,0.9143457424474843
1990,1.8000000000000052,0.9772717761027192,9.0,0.9145008263642237
1991,1.8200000000000056,0.978915501507434,9.0,0.9146517224032775
1992,1.8400000000000047,0.9804479888533432,9.0,0.9147986237261374
1993,1.8600000000000048,0.9818752344361992,9.0,0.9149417117811366
1994,1.8800000000000048,0.9832032803331432,9.0,0.9150811571773935
1995,1.9000000000000057,0.984438123375311,9.0,0.9152171204832669
1996,1.9200000000000053,0.98558564165744,9.0,0.9153497529567703
1997,1.9400000000000048,0.9866515370797274,9.0,0.9154791972145955
1998,1.9600000000000053,0.9876412921870268,9.0,0.915605587845627
1999,1.9800000000000055,0.988560139470544,9.0,0.9157290519742074
