,x1,y,rep,ymodel
0,-1.9999999999999984,0.0482946606443019,0.0,0.1180555001571387
1,-1.9799999999999984,0.04979362852617,0.0,0.12362593288314401
2,-1.9599999999999984,0.0513679877402244,0.0,0.1292281371139689
3,-1.9399999999999984,0.0530239708659428,0.0,0.13486200445812094
4,-1.9199999999999984,0.0547684153314587,0.0,0.14052741814624814
5,-1.899999999999998,0.0566088255799036,0.0,0.14622425288715143
6,-1.879999999999998,0.0585534416324917,0.0,0.15195237472498796
7,-1.859999999999998,0.0606113145928786,0.0,0.15771164089784215
8,-1.839999999999998,0.0627923896319794,0.0,0.1635018996978519
9,-1.819999999999998,0.0651075969633698,0.0,0.1693229903330694
10,-1.799999999999998,0.0675689512566437,0.0,0.17517474279127418
11,-1.779999999999998,0.0701896598265648,0.0,0.18105697770591503
12,-1.759999999999998,0.072984239762378,0.0,0.1869695062244087
13,-1.739999999999998,0.0759686439020596,0.0,0.19291212987899495
14,-1.719999999999998,0.0791603951822995,0.0,0.19888464046037405
15,-1.699999999999998,0.0825787283708551,0.0,0.20488681989434257
16,-1.679999999999998,0.0862447374692665,0.0,0.2109184401216615
17,-1.659999999999998,0.0901815261067083,0.0,0.2169792629813832
18,-1.639999999999998,0.0944143569656643,0.0,0.22306904009787995
19,-1.619999999999998,0.0989707946131693,0.0,0.22918751277180988
20,-1.599999999999998,0.1038808339761591,0.0,0.2353344118752681
21,-1.579999999999998,0.1091770040127054,0.0,0.2415094577513701
22,-1.5599999999999978,0.1148944328175084,0.0,0.24771236011852016
23,-1.5399999999999978,0.1210708564102878,0.0,0.25394281797961926
24,-1.5199999999999978,0.1277465487922121,0.0,0.26020051953646867
25,-1.4999999999999978,0.1349641456127861,0.0,0.2664851421096328
26,-1.4799999999999978,0.1427683282090589,0.0,0.2727963520640146
27,-1.4599999999999975,0.1512053293203922,0.0,0.27913380474041694
28,-1.4399999999999975,0.1603222172078964,0.0,0.285497144393342
29,-1.4199999999999977,0.17016591237109,0.0,0.2918860041353034
30,-1.3999999999999977,0.1807818921668509,0.0,0.2983000058879078
31,-1.3799999999999977,0.1922125454769697,0.0,0.304738760339972
32,-1.3599999999999977,0.2044951545806377,0.0,0.3112018669129345
33,-1.3399999999999976,0.2176595070675399,0.0,0.31768891373382735
34,-1.3199999999999976,0.231725178968173,0.0,0.32419947761606255
35,-1.2999999999999976,0.2466985818851426,0.0,0.33073312404828303
36,-1.2799999999999976,0.2625699298568996,0.0,0.337289407191542
37,-1.2599999999999976,0.2793103503217807,0.0,0.3438678698850413
38,-1.2399999999999975,0.2968694276709082,0.0,0.35046804366068535
39,-1.2199999999999975,0.3151735128875437,0.0,0.35708944876667476
40,-1.1999999999999975,0.3341251414832462,0.0,0.3637315942003777
41,-1.1799999999999975,0.3536038583869691,0.0,0.37039397775069355
42,-1.1599999999999977,0.3734686433021581,0.0,0.37707608605013204
43,-1.1399999999999977,0.393561966318756,0.0,0.38377739463680355
44,-1.1199999999999974,0.4137153001668401,0.0,0.390497368026524
45,-1.0999999999999974,0.4337557063673159,0.0,0.39723545979521785
46,-1.0799999999999974,0.4535129400441601,0.0,0.40399111267179416
47,-1.0599999999999974,0.4728264219403293,0.0,0.41076375864165693
48,-1.0399999999999974,0.4915514309656757,0.0,0.4175528190610026
49,-1.0199999999999974,0.5095639778895603,0.0,0.4243577047820424
50,-0.9999999999999972,0.5267640078390433,0.0,0.4311778162892691
51,-0.9799999999999972,0.5430768060584681,0.0,0.4380125438468812
52,-0.9599999999999972,0.5584527026151365,0.0,0.44486126765745343
53,-0.9399999999999972,0.5728653490780157,0.0,0.45172335803193026
54,-0.9199999999999972,0.5863089506644553,0.0,0.458598175571006
55,-0.8999999999999972,0.5987948757019933,0.0,0.4654850713579278
56,-0.8799999999999972,0.6103480401043586,0.0,0.47238338716274886
57,-0.8599999999999972,0.6210033964876569,0.0,0.4792924556580343
58,-0.8399999999999972,0.6308027667582728,0.0,0.48621160064600455
59,-0.8199999999999972,0.639792162393134,0.0,0.4931401372970854
60,-0.7999999999999972,0.6480196520358648,0.0,0.5000773723998021
61,-0.7799999999999971,0.6555337694394695,0.0,0.5070226046219464
62,-0.7599999999999971,0.6623824089900858,0.0,0.5139751247829177
63,-0.7399999999999971,0.6686121299997586,0.0,0.5209342161371127
64,-0.7199999999999971,0.6742677812902754,0.0,0.5278991546682311
65,-0.6999999999999971,0.6793923599464308,0.0,0.5348692093943255
66,-0.679999999999997,0.6840270281313462,0.0,0.541843642683407
67,-0.659999999999997,0.6882112257680303,0.0,0.5488217105794062
68,-0.639999999999997,0.6919828318284429,0.0,0.5558026631382428
69,-0.619999999999997,0.6953783409958212,0.0,0.5627857447737621
70,-0.599999999999997,0.6984330344673151,0.0,0.5697701946132476
71,-0.579999999999997,0.7011811331784594,0.0,0.5767552468622184
72,-0.559999999999997,0.7036559287447791,0.0,0.5837401311781805
73,-0.5399999999999969,0.7058898921865255,0.0,0.5907240730529876
74,-0.5199999999999969,0.7079147634189533,0.0,0.597706294203447
75,-0.4999999999999969,0.7097616259733581,0.0,0.604686012969777
76,-0.4799999999999969,0.7114609718551854,0.0,0.6116624447215068
77,-0.4599999999999968,0.7130427611760952,0.0,0.6186348022703871
78,-0.4399999999999968,0.7145364804770294,0.0,0.6256022962898625
79,-0.4199999999999968,0.7159712026797173,0.0,0.632564135740636
80,-0.3999999999999968,0.7173756504945241,0.0,0.6395195283018333
81,-0.3799999999999968,0.7187782639530534,0.0,0.6464676808072668
82,-0.3599999999999967,0.7202072715654854,0.0,0.6534077996862739
83,-0.3399999999999967,0.7216907634373357,0.0,0.6603390914085939
84,-0.3199999999999967,0.7232567635093261,0.0,0.667260762932729
85,-0.2999999999999967,0.7249332968850114,0.0,0.6741720221572265
86,-0.2799999999999967,0.7267484469535711,0.0,0.6810720783743051
87,-0.2599999999999967,0.7287303956679705,0.0,0.687960142725233
88,-0.2399999999999966,0.7309074388742166,0.0,0.6948354286568654
89,-0.2199999999999966,0.7333079669904693,0.0,0.7016971523787282
90,-0.1999999999999966,0.7359603996118074,0.0,0.708544533320045
91,-0.1799999999999966,0.7388930608085925,0.0,0.7153767945860767
92,-0.1599999999999966,0.7421339800860951,0.0,0.7221931634131616
93,-0.1399999999999965,0.7457106023461753,0.0,0.7289928716218232
94,-0.1199999999999965,0.749649389004322,0.0,0.7357751560673271
95,-0.0999999999999965,0.753975292064681,0.0,0.7425392590870546
96,-0.0799999999999965,0.7587110840024631,0.0,0.7492844289440759
97,-0.0599999999999965,0.7638765294965627,0.0,0.7560099202662963
98,-0.0399999999999964,0.769487391337325,0.0,0.7627149944805693
99,-0.0199999999999964,0.7755542733002347,0.0,0.769398920241162
100,3.552713678800501e-15,0.7820813185539746,0.0,0.7760609738519793
101,0.0200000000000031,0.7890648041771291,0.0,0.7827004396819511
102,0.0400000000000035,0.7964917008777769,0.0,0.7893166105730084
103,0.060000000000004,0.8043383010838677,0.0,0.795908788240084
104,0.0800000000000036,0.8125690552218487,0.0,0.8024762836625853
105,0.1000000000000032,0.8211357894824755,0.0,0.8090184174667998
106,0.1200000000000036,0.8299774998221497,0.0,0.8155345202987221
107,0.1400000000000041,0.8390209149880099,0.0,0.8220239331867957
108,0.1600000000000037,0.8481819842668482,0.0,0.8284860078940909
109,0.1800000000000032,0.8573683653826915,0.0,0.8349201072594641
110,0.2000000000000037,0.8664828653153247,0.0,0.8413256055272474
111,0.2200000000000042,0.8754276359904257,0.0,0.8477018886650665
112,0.2400000000000037,0.8841087763889562,0.0,0.8540483546693842
113,0.2600000000000033,0.8924408805265316,0.0,0.8603644138584126
114,0.2800000000000038,0.900351032865892,0.0,0.8666494891520424
115,0.3000000000000042,0.9077818090498052,0.0,0.8729030163384773
116,0.3200000000000038,0.9146929843233872,0.0,0.8791244443272901
117,0.3400000000000034,0.921061851987721,0.0,0.8853132353886298
118,0.3600000000000039,0.9268822608544552,0.0,0.8914688653783528
119,0.3800000000000043,0.9321626459275564,0.0,0.8975908239488687
120,0.4000000000000039,0.9369234188606258,0.0,0.9036786147455267
121,0.4200000000000035,0.941194096712014,0.0,0.9097317555883943
122,0.4400000000000039,0.9450104936453506,0.0,0.9157497786393016
123,0.4600000000000044,0.9484122076797724,0.0,0.9217322305540722
124,0.480000000000004,0.9514405322469554,0.0,0.9276786726198661
125,0.5000000000000036,0.9541368324353856,0.0,0.933588680877612
126,0.520000000000004,0.95654136050214,0.0,0.9394618462295102
127,0.5400000000000045,0.9586924470844116,0.0,0.9452977745316424
128,0.560000000000004,0.9606259896317998,0.0,0.9510960866717263
129,0.5800000000000036,0.9623751610336626,0.0,0.9568564186320977
130,0.6000000000000041,0.9639702721820148,0.0,0.962578421538021
131,0.6200000000000045,0.9654387366355696,0.0,0.9682617616914564
132,0.6400000000000041,0.9668050998907696,0.0,0.9739061205904356
133,0.6600000000000037,0.968091108018897,0.0,0.9795111949342279
134,0.6800000000000042,0.9693157998695496,0.0,0.9850766966144939
135,0.7000000000000046,0.9704956137246772,0.0,0.9906023526926444
136,0.7200000000000042,0.9716445036510644,0.0,0.9960879053636692
137,0.7400000000000038,0.972774063397868,0.0,1.0015331119066728
138,0.7600000000000042,0.9738936570463064,0.0,1.0069377446224241
139,0.7800000000000047,0.9750105561744268,0.0,1.0123015907582151
140,0.8000000000000043,0.9761300833765982,0.0,1.0176244524203417
141,0.8200000000000038,0.9772557618026242,0.0,1.022906146474561
142,0.8400000000000043,0.9783894701042746,0.0,1.028146504434855
143,0.8600000000000048,0.9795316018889418,0.0,1.0333453723408834
144,0.8800000000000043,0.9806812285321868,0.0,1.0385026106244908
145,0.9000000000000039,0.9818362640179156,0.0,1.0436180939656687
146,0.9200000000000044,0.982993630364627,0.0,1.0486917111383605
147,0.9400000000000048,0.9841494221561188,0.0,1.0537233648465254
148,0.9600000000000044,0.9852990687161056,0.0,1.0587129715508772
149,0.980000000000004,0.9864374925354435,0.0,1.0636604612867182
150,1.0000000000000044,0.9875592626625952,0.0,1.0685657774733004
151,1.020000000000005,0.988658741886222,0.0,1.073428876715138
152,1.0400000000000045,0.9897302266573011,0.0,1.078249728595726
153,1.060000000000004,0.9907680788027168,0.0,1.0830283154640812
154,1.0800000000000043,0.9917668481621358,0.0,1.087764632214564
155,1.100000000000005,0.9927213853292468,0.0,1.0924586860604086
156,1.1200000000000043,0.9936269436970988,0.0,1.097110496301402
157,1.140000000000004,0.9944792700017488,0.0,1.1017200940861633
158,1.1600000000000046,0.9952746825409828,0.0,1.1062875221694322
159,1.180000000000005,0.9960101362327898,0.0,1.1108128346648163
160,1.2000000000000046,0.9966832736914772,0.0,1.1152960967934198
161,1.2200000000000042,0.9972924615582056,0.0,1.1197373846287695
162,1.2400000000000049,0.9978368114450916,0.0,1.1241367848384534
163,1.2600000000000051,0.998316185050398,0.0,1.1284943944228827
164,1.2800000000000047,0.9987311832816492,0.0,1.132810320451576
165,1.3000000000000045,0.999083119579512,0.0,1.1370846797973577
166,1.3200000000000047,0.9993739780541244,0.0,1.1413175988688482
167,1.3400000000000052,0.9996063575043518,0.0,1.1455092133416331
168,1.3600000000000048,0.9997834028592636,0.0,1.1496596678884585
169,1.3800000000000043,0.9999087260257232,0.0,1.1537691159088255
170,1.4000000000000048,0.9999863185114376,0.0,1.1578377192583054
171,1.4200000000000053,1.000020458487224,0.0,1.1618656479779292
172,1.4400000000000048,1.000015615130259,0.0,1.1658530800239602
173,1.4600000000000044,0.999976353135686,0.0,1.1698002009983604
174,1.4800000000000049,0.9999072401920828,0.0,1.1737072038802556
175,1.500000000000005,0.9998127599933754,0.0,1.1775742887586742
176,1.520000000000005,0.9996972330224952,0.0,1.1814016625668473
177,1.5400000000000045,0.9995647469156872,0.0,1.1851895388183193
178,1.560000000000005,0.9994190977314366,0.0,1.188938137345126
179,1.5800000000000054,0.9992637429375494,0.0,1.1926476840382754
180,1.600000000000005,0.9991017664259156,0.0,1.196318410590761
181,1.6200000000000043,0.9989358553954876,0.0,1.1999505542433044
182,1.640000000000005,0.9987682885327024,0.0,1.2035443575330562
183,1.6600000000000057,0.9986009345810588,0.0,1.207100068045412
184,1.680000000000005,0.9984352601366472,0.0,1.210617938169146
185,1.7000000000000046,0.998272345336246,0.0,1.2140982248550118
186,1.720000000000005,0.9981129060154662,0.0,1.2175411893779686
187,1.7400000000000055,0.9979573208981836,0.0,1.2209470971031773
188,1.7600000000000051,0.9978056624239066,0.0,1.2243162172558881
189,1.7800000000000047,0.9976577299139,0.0,1.2276488226953544
190,1.8000000000000052,0.997513083906576,0.0,1.2309451896928667
191,1.8200000000000056,0.9973710806450864,0.0,1.2342055977140072
192,1.8400000000000047,0.9972309058639108,0.0,1.2374303292052242
193,1.8600000000000048,0.9970916071867992,0.0,1.240619669384793
194,1.8800000000000048,0.9969521246080876,0.0,1.2437739060382345
195,1.9000000000000057,0.9968113186774546,0.0,1.246893329318251
196,1.9200000000000053,0.9966679961407708,0.0,1.2499782315492316
197,1.9400000000000048,0.9965209329046428,0.0,1.2530289070363654
198,1.9600000000000053,0.9963688942886822,0.0,1.2560456518793948
199,1.9800000000000055,0.9962106526076852,0.0,1.2590287637910365
200,-1.9999999999999984,0.7003427668140649,1.0,0.8214588219070081
201,-1.9799999999999984,0.6917638833908979,1.0,0.7978168232486199
202,-1.9599999999999984,0.6830161569854758,1.0,0.7748664273402684
203,-1.9399999999999984,0.6741047129201552,1.0,0.7526089017582964
204,-1.9199999999999984,0.665035739708013,1.0,0.7310434751782544
205,-1.899999999999998,0.6558165524517464,1.0,0.7101675035686686
206,-1.879999999999998,0.646455650846956,1.0,0.6899766363923897
207,-1.859999999999998,0.6369627701517736,1.0,0.6704649807208457
208,-1.839999999999998,0.6273489234481396,1.0,0.651625261472732
209,-1.819999999999998,0.6176264335433136,1.0,0.6334489762878782
210,-1.799999999999998,0.6078089529538226,1.0,0.6159265438326553
211,-1.779999999999998,0.5979114705847117,1.0,0.5990474446003538
212,-1.759999999999998,0.5879503039651639,1.0,0.5828003535149358
213,-1.739999999999998,0.5779430762183817,1.0,0.5671732638672721
214,-1.719999999999998,0.5679086773065045,1.0,0.55215360230837
215,-1.699999999999998,0.557867209459531,1.0,0.5377283347939348
216,-1.679999999999998,0.5478399170063382,1.0,0.5238840635196222
217,-1.659999999999998,0.5378491009823103,1.0,0.5106071150075127
218,-1.639999999999998,0.5279180187634943,1.0,0.49788361960334077
219,-1.619999999999998,0.5180707684041781,1.0,0.4856995827226298
220,-1.599999999999998,0.5083321561249394,1.0,0.47404094824403764
221,-1.579999999999998,0.4987275432652304,1.0,0.46289365449208075
222,-1.5599999999999978,0.4892826657055821,1.0,0.4522436832808366
223,-1.5399999999999978,0.4800234140058871,1.0,0.44207710250739085
224,-1.5199999999999978,0.470975556071608,1.0,0.432380102790374
225,-1.4999999999999978,0.4621643759531075,1.0,0.4231390286468239
226,-1.4799999999999978,0.4536141925734795,1.0,0.4143404046912771
227,-1.4599999999999975,0.4453477114095741,1.0,0.40597095732595206
228,-1.4399999999999975,0.4373851518429261,1.0,0.3980176323713667
229,-1.4199999999999977,0.4297430856865477,1.0,0.3904676090638508
230,-1.3999999999999977,0.4224329226782315,1.0,0.3833083108211965
231,-1.3799999999999977,0.4154589932930607,1.0,0.3765274131508795
232,-1.3599999999999977,0.408816217731135,1.0,0.37011284904765707
233,-1.3399999999999976,0.4024874248669364,1.0,0.36405281219946983
234,-1.3199999999999976,0.3964405101383792,1.0,0.3583357582929116
235,-1.2999999999999976,0.3906258076903003,1.0,0.35295040468247585
236,-1.2799999999999976,0.3849742984860789,1.0,0.34788572866168765
237,-1.2599999999999976,0.3793975541688223,1.0,0.3431309645492343
238,-1.2399999999999975,0.3737905496400232,1.0,0.338675599779594
239,-1.2199999999999975,0.3680385219888308,1.0,0.33450937016546856
240,-1.1999999999999975,0.3620287010479205,1.0,0.33062225447866034
241,-1.1799999999999975,0.3556667698711355,1.0,0.32700446847693726
242,-1.1599999999999977,0.3488962458085545,1.0,0.32364645848693024
243,-1.1399999999999977,0.3417168640347593,1.0,0.3205388946371151
244,-1.1199999999999974,0.3341962712648178,1.0,0.31767266382051185
245,-1.0999999999999974,0.326469084822534,1.0,0.3150388624537498
246,-1.0799999999999974,0.3187196552362563,1.0,0.31262878908758307
247,-1.0599999999999974,0.3111496229072042,1.0,0.3104339369137091
248,-1.0399999999999974,0.303936899497091,1.0,0.3084459862037588
249,-1.0199999999999974,0.2971963586200664,1.0,0.30665679670853224
250,-0.9999999999999972,0.2909523081792932,1.0,0.3050584000388335
251,-0.9799999999999972,0.2851288968244896,1.0,0.3036429920435427
252,-0.9599999999999972,0.2795591386378285,1.0,0.3024029251958187
253,-0.9399999999999972,0.2740087875276206,1.0,0.30133070099435155
254,-0.9199999999999972,0.2682092303971509,1.0,0.3004189623834576
255,-0.8999999999999972,0.2618936757450901,1.0,0.29966048619333013
256,-0.8799999999999972,0.254832076321207,1.0,0.29904817559993657
257,-0.8599999999999972,0.2468613780622368,1.0,0.2985750526027878
258,-0.8399999999999972,0.237908365365119,1.0,0.29823425051804137
259,-0.8199999999999972,0.228002731184447,1.0,0.29801900648410923
260,-0.7999999999999972,0.217278532797282,1.0,0.2979226539770245
261,-0.7799999999999971,0.2059633469112634,1.0,0.2979386153332954
262,-0.7599999999999971,0.1943562883300975,1.0,0.29806039427871855
263,-0.7399999999999971,0.1827981838766723,1.0,0.29828156846270665
264,-0.7199999999999971,0.1716388357359237,1.0,0.2985957819989479
265,-0.6999999999999971,0.1612067604439492,1.0,0.29899673801474547
266,-0.679999999999997,0.1517858153790015,1.0,0.2994781912130693
267,-0.659999999999997,0.1436011049937206,1.0,0.3000339404532167
268,-0.639999999999997,0.1368142717479196,1.0,0.3006578213579751
269,-0.619999999999997,0.1315264752150386,1.0,0.30134369895731616
270,-0.599999999999997,0.1277864468137139,1.0,0.30208546038085765
271,-0.579999999999997,0.1256009550079468,1.0,0.30287700761366937
272,-0.559999999999997,0.1249455340936964,1.0,0.30371225033236043
273,-0.5399999999999969,0.1257740682345394,1.0,0.3045850988408551
274,-0.5199999999999969,0.1280265182677255,1.0,0.3054894571277335
275,-0.4999999999999969,0.1316346009980776,1.0,0.3064192160695275
276,-0.4799999999999969,0.1365255551307117,1.0,0.307368246806902
277,-0.4599999999999968,0.1426242895141284,1.0,0.30833039432315723
278,-0.4399999999999968,0.1498542612657009,1.0,0.309299471256997
279,-0.4199999999999968,0.1581374219603077,1.0,0.3102692519839672
280,-0.3999999999999968,0.1673935339332949,1.0,0.31123346700337795
281,-0.3799999999999968,0.1775391163790581,1.0,0.3121857976698422
282,-0.3599999999999967,0.1884862419447125,1.0,0.3131198713107839
283,-0.3399999999999967,0.2001413714265032,1.0,0.31402925677338395
284,-0.3199999999999967,0.2124043854698997,1.0,0.3149074604463504
285,-0.2999999999999967,0.2251679446160291,1.0,0.3157479228036856
286,-0.2799999999999967,0.2383172792429596,1.0,0.31654401551916295
287,-0.2599999999999967,0.2517304764821584,1.0,0.3172890392015483
288,-0.2399999999999966,0.2652792912724223,1.0,0.31797622180162327
289,-0.2199999999999966,0.2788304645860107,1.0,0.3185987177428014
290,-0.1999999999999966,0.2922474867259986,1.0,0.31914960782750507
291,-0.1799999999999966,0.3053927021233852,1.0,0.3196218999714632
292,-0.1599999999999966,0.3181296195253452,1.0,0.3200085308176647
293,-0.1399999999999965,0.3303252726217191,1.0,0.32030236828082126
294,-0.1199999999999965,0.3418524741754014,1.0,0.32049621507180404
295,-0.0999999999999965,0.3525918224018056,1.0,0.3205828132496203
296,-0.0799999999999965,0.3624333498332435,1.0,0.32055484984600213
297,-0.0599999999999965,0.3712777480086499,1.0,0.32040496360460824
298,-0.0399999999999964,0.3790371502810492,1.0,0.32012575287311645
299,-0.0199999999999964,0.3856355035298881,1.0,0.3197097846821334
300,3.552713678800501e-15,0.3910086017730053,1.0,0.3191496050397551
301,0.0200000000000031,0.3951038860074378,1.0,0.3184377504648902
302,0.0400000000000035,0.397880132137648,1.0,0.3175667607759515
303,0.060000000000004,0.3993071513563754,1.0,0.316529193144321
304,0.0800000000000036,0.3993656151355159,1.0,0.31531763741406743
305,0.1000000000000032,0.3980470915986455,1.0,0.3139247326807162
306,0.1200000000000036,0.3953543439612063,1.0,0.3123431851125147
307,0.1400000000000041,0.3913018981499095,1.0,0.3105657869875654
308,0.1600000000000037,0.3859168394650222,1.0,0.3085854369094835
309,0.1800000000000032,0.3792397515525271,1.0,0.3063951611529071
310,0.2000000000000037,0.371325669706359,1.0,0.3039881360782886
311,0.2200000000000042,0.3622448894526461,1.0,0.3013577115430186
312,0.2400000000000037,0.3520834550401333,1.0,0.2984974352231328
313,0.2600000000000033,0.340943154616837,1.0,0.2954010777467407
314,0.2800000000000038,0.3289408717763744,1.0,0.29206265852697993
315,0.3000000000000042,0.3162071869217659,1.0,0.2884764721689063
316,0.3200000000000038,0.3028841839471709,1.0,0.2846371153113501
317,0.3400000000000034,0.2891224925954294,1.0,0.28053951375164216
318,0.3600000000000039,0.2750776763726423,1.0,0.2761789496883441
319,0.3800000000000043,0.2609061501407839,1.0,0.27155108890490565
320,0.4000000000000039,0.2467608701190361,1.0,0.2666520077057663
321,0.4200000000000035,0.2327870730527212,1.0,0.26147821940596916
322,0.4400000000000039,0.219118345004243,1.0,0.25602670016611906
323,0.4600000000000044,0.2058732723898327,1.0,0.25029491395672987
324,0.480000000000004,0.1931528723800151,1.0,0.24428083642990922
325,0.5000000000000036,0.181038924887193,1.0,0.2379829774721357
326,0.520000000000004,0.1695932451839555,1.0,0.23140040220984898
327,0.5400000000000045,0.1588578564179253,1.0,0.22453275023993954
328,0.560000000000004,0.1488559549278473,1.0,0.21738025286015256
329,0.5800000000000036,0.1395935149653575,1.0,0.20994374808011748
330,0.6000000000000041,0.1310613557010149,1.0,0.20222469320238506
331,0.6200000000000045,0.1232374908702859,1.0,0.1942251747744921
332,0.6400000000000041,0.116089595862584,1.0,0.18594791572788136
333,0.6600000000000037,0.1095774527808166,1.0,0.17739627953740728
334,0.6800000000000042,0.1036552652047922,1.0,0.1685742712561655
335,0.7000000000000046,0.0982737661938765,1.0,0.15948653530433057
336,0.7200000000000042,0.0933820720198667,1.0,0.15013834991748945
337,0.7400000000000038,0.0889292583121265,1.0,0.14053561818923818
338,0.7600000000000042,0.084865654092356,1.0,0.13068485567441598
339,0.7800000000000047,0.0811438628385272,1.0,0.12059317455269311
340,0.8000000000000043,0.0777195289974838,1.0,0.11026826438707228
341,0.8200000000000038,0.0745518741766062,1.0,0.09971836954750253
342,0.8400000000000043,0.0716040304508989,1.0,0.08895226340581514
343,0.8600000000000048,0.0688431995360918,1.0,0.07797921944392044
344,0.8800000000000043,0.0662406665405859,1.0,0.06680897945201054
345,0.9000000000000039,0.0637716960082352,1.0,0.05545171902684171
346,0.9200000000000044,0.0614153362768164,1.0,0.04391801061132433
347,0.9400000000000048,0.0591541560059677,1.0,0.032218784345077925
348,0.9600000000000044,0.0569739342296714,1.0,0.02036528702075057
349,0.980000000000004,0.0548633225906416,1.0,0.008369039462262268
350,1.0000000000000044,0.0528134956282362,1.0,-0.0037582073417102456
351,1.020000000000005,0.0508178022155963,1.0,-0.016004517003070894
352,1.0400000000000045,0.0488714285614245,1.0,-0.02835781304468517
353,1.060000000000004,0.0469710806799371,1.0,-0.04080592439908622
354,1.0800000000000043,0.0451146919472756,1.0,-0.05333663074078183
355,1.100000000000005,0.0433011593459847,1.0,-0.06593770730431608
356,1.1200000000000043,0.0415301102759908,1.0,-0.07859696885174867
357,1.140000000000004,0.0398017003890955,1.0,-0.09130231246913983
358,1.1600000000000046,0.0381164417776069,1.0,-0.10404175889154897
359,1.180000000000005,0.0364750599973303,1.0,-0.11680349207955062
360,1.2000000000000046,0.0348783778028779,1.0,-0.1295758967968084
361,1.2200000000000042,0.0333272230858248,1.0,-0.14234759396726024
362,1.2400000000000049,0.0318223582982304,1.0,-0.1551074736213868
363,1.2600000000000051,0.0303644285804593,1.0,-0.16784472527323757
364,1.2800000000000047,0.0289539258604257,1.0,-0.1805488656027675
365,1.3000000000000045,0.0275911663221526,1.0,-0.19320976335098963
366,1.3200000000000047,0.0262762788297458,1.0,-0.20581766136797405
367,1.3400000000000052,0.025009202117517,1.0,-0.21836319578523153
368,1.3600000000000048,0.0237896888009829,1.0,-0.23083741231409982
369,1.3800000000000043,0.0226173145133493,1.0,-0.24323177970000515
370,1.4000000000000048,0.0214914907175639,1.0,-0.2555382003885087
371,1.4200000000000053,0.0204114799775053,1.0,-0.26774901848269494
372,1.4400000000000048,0.0193764126881492,1.0,-0.2798570250924387
373,1.4600000000000044,0.0183853044602755,1.0,-0.29185546119429334
374,1.4800000000000049,0.0174370735287337,1.0,-0.3037380181361646
375,1.500000000000005,0.0165305577039785,1.0,-0.31549883593346606
376,1.520000000000005,0.0156645305150209,1.0,-0.32713249951325946
377,1.5400000000000045,0.0148377162993192,1.0,-0.3386340330699805
378,1.560000000000005,0.0140488040831319,1.0,-0.34999889270089696
379,1.5800000000000054,0.0132964601664703,1.0,-0.3612229574916576
380,1.600000000000005,0.0125793393821396,1.0,-0.37230251922229496
381,1.6200000000000043,0.0118960950405874,1.0,-0.38323427086211515
382,1.640000000000005,0.0112453876034191,1.0,-0.3940152940182219
383,1.6600000000000057,0.0106258921504561,1.0,-0.40464304549727076
384,1.680000000000005,0.0100363047197748,1.0,-0.41511534313360227
385,1.7000000000000046,0.0094753476088507,1.0,-0.42543035102941373
386,1.720000000000005,0.0089417737290164,1.0,-0.4355865643443392
387,1.7400000000000055,0.0084343701060642,1.0,-0.44558279376286836
388,1.7600000000000051,0.0079519606178796,1.0,-0.4554181497586749
389,1.7800000000000047,0.0074934080562502,1.0,-0.46509202676532174
390,1.8000000000000052,0.0070576155950269,1.0,-0.47460408735306714
391,1.8200000000000056,0.0066435277411102,1.0,-0.483954246501824
392,1.8400000000000047,0.0062501308386374,1.0,-0.4931426560507924
393,1.8600000000000048,0.0058764531905258,1.0,-0.5021696893959945
394,1.8800000000000048,0.005521564855382,1.0,-0.5110359264979883
395,1.9000000000000057,0.0051845771718496,1.0,-0.51974213925353
396,1.9200000000000053,0.004864642056837,1.0,-0.5282892772768201
397,1.9400000000000048,0.0045609511187877,1.0,-0.5366784541284334
398,1.9600000000000053,0.0042727346222734,1.0,-0.544910934022905
399,1.9800000000000055,0.003999260335705,1.0,-0.552988119039467
400,-1.9999999999999984,0.7004827891945709,2.0,0.9040105912296303
401,-1.9799999999999984,0.6955882818572217,2.0,0.8859271923444791
402,-1.9599999999999984,0.6906837313675391,2.0,0.8683509110439227
403,-1.9399999999999984,0.6857718301681138,2.0,0.8512758471180215
404,-1.9199999999999984,0.6808553571871366,2.0,0.8346953602598627
405,-1.899999999999998,0.6759371789859001,2.0,0.8186021578699084
406,-1.879999999999998,0.6710202514859134,2.0,0.8029883783270387
407,-1.859999999999998,0.6661076223307991,2.0,0.7878456694389127
408,-1.839999999999998,0.6612024339286102,2.0,0.773165261882612
409,-1.819999999999998,0.656307927208317,2.0,0.7589380375338076
410,-1.799999999999998,0.6514274461098837,2.0,0.7451545926588784
411,-1.779999999999998,0.6465644428105831,2.0,0.731805296009955
412,-1.759999999999998,0.6417224836709016,2.0,0.7188803419181767
413,-1.739999999999998,0.6369052558616476,2.0,0.7063697985262355
414,-1.719999999999998,0.632116574609727,2.0,0.6942636513382321
415,-1.699999999999998,0.6273603909734848,2.0,0.6825518422938159
416,-1.679999999999998,0.622640800029721,2.0,0.6712243045952879
417,-1.659999999999998,0.6179620493234773,2.0,0.6602709935316657
418,-1.639999999999998,0.6133285473986271,2.0,0.649681913553415
419,-1.619999999999998,0.6087448721923119,2.0,0.6394471418563961
420,-1.599999999999998,0.6042157790394443,2.0,0.6295568487342941
421,-1.579999999999998,0.5997462079950558,2.0,0.6200013149560313
422,-1.5599999999999978,0.5953412901423335,2.0,0.610770946419021
423,-1.5399999999999978,0.5910063525129893,2.0,0.6018562863211777
424,-1.5199999999999978,0.586746921204328,2.0,0.5932480250847987
425,-1.4999999999999978,0.5825687222344205,2.0,0.5849370082542644
426,-1.4799999999999978,0.5784776796334358,2.0,0.5769142425773246
427,-1.4599999999999975,0.5744799102260145,2.0,0.5691709004668536
428,-1.4399999999999975,0.5705817145172236,2.0,0.5616983230267311
429,-1.4199999999999977,0.566789563054077,2.0,0.554488021812075
430,-1.3999999999999977,0.5631100775969405,2.0,0.5475316794807209
431,-1.3799999999999977,0.559550006401963,2.0,0.5408211494797056
432,-1.3599999999999977,0.5561161928889793,2.0,0.5343484548977394
433,-1.3399999999999976,0.5528155369515375,2.0,0.528105786602351
434,-1.3199999999999976,0.5496549481599633,2.0,0.5220855007686205
435,-1.2999999999999976,0.5466412901183746,2.0,0.5162801158952971
436,-1.2799999999999976,0.5437813152668456,2.0,0.510682309393549
437,-1.2599999999999976,0.5410815894755503,2.0,0.5052849138238583
438,-1.2399999999999975,0.538548405864705,2.0,0.5000809128473914
439,-1.2199999999999975,0.5361876874088309,2.0,0.49506343694979765
440,-1.1999999999999975,0.5340048780531607,2.0,0.49022575898765747
441,-1.1799999999999975,0.532004822290837,2.0,0.48556128960075196
442,-1.1599999999999977,0.5301916334283064,2.0,0.4810635725269424
443,-1.1399999999999977,0.5285685511085713,2.0,0.47672627985069915
444,-1.1199999999999974,0.5271377890711745,2.0,0.4725432072111617
445,-1.0999999999999974,0.5259003746049359,2.0,0.4685082689910502
446,-1.0799999999999974,0.5248559816912923,2.0,0.4646154935036946
447,-1.0599999999999974,0.5240027604344718,2.0,0.4608590181919478
448,-1.0399999999999974,0.5233371660152497,2.0,0.4572330848496639
449,-1.0199999999999974,0.522853791065987,2.0,0.4537320348738304
450,-0.9999999999999972,0.5225452060165456,2.0,0.4503503045532172
451,-0.9799999999999972,0.5224018125660232,2.0,0.44708242039756657
452,-0.9599999999999972,0.5224117159493402,2.0,0.4439229945098618
453,-0.9399999999999972,0.5225606220402051,2.0,0.4408667200029991
454,-0.9199999999999972,0.5228317655097878,2.0,0.43790836646130854
455,-0.8999999999999972,0.5232058751915397,2.0,0.4350427754466997
456,-0.8799999999999972,0.5236611824411397,2.0,0.4322648560487945
457,-0.8599999999999972,0.5241734775922497,2.0,0.429569580478199
458,-0.8399999999999972,0.5247162185768337,2.0,0.4269519797020367
459,-0.8199999999999972,0.5252606944090803,2.0,0.4244071391210027
460,-0.7999999999999972,0.5257762445564973,2.0,0.4219301942874954
461,-0.7799999999999971,0.5262305333006089,2.0,0.419516326664794
462,-0.7599999999999971,0.5265898761092018,2.0,0.41716075942779096
463,-0.7399999999999971,0.5268196129105448,2.0,0.41485875330643135
464,-0.7199999999999971,0.5268845210996155,2.0,0.41260560247375205
465,-0.6999999999999971,0.526749259243126,2.0,0.4103966304812075
466,-0.679999999999997,0.5263788309020095,2.0,0.40822718624488924
467,-0.659999999999997,0.525739056855438,2.0,0.4060926400871677
468,-0.639999999999997,0.5247970433583841,2.0,0.4039883798393046
469,-0.619999999999997,0.5235216339279852,2.0,0.401909807011637
470,-0.599999999999997,0.5218838325267998,2.0,0.39985233303903467
471,-0.579999999999997,0.5198571868513321,2.0,0.39781137561043806
472,-0.559999999999997,0.5174181216701527,2.0,0.3957823550924848
473,-0.5399999999999969,0.5145462136962464,2.0,0.39376069105837436
474,-0.5199999999999969,0.511224401223842,2.0,0.39174179893434974
475,-0.4999999999999969,0.5074391236166901,2.0,0.38972108677736833
476,-0.4799999999999969,0.5031803876233252,2.0,0.38769395219876257
477,-0.4599999999999968,0.498441759358827,2.0,0.38565577944989843
478,-0.4399999999999968,0.4932202826017731,2.0,0.38360193668705017
479,-0.4199999999999968,0.4875163258043921,2.0,0.38152777343389915
480,-0.3999999999999968,0.4813333619185546,2.0,0.37942861826122526
481,-0.3799999999999968,0.4746776868268316,2.0,0.37729977670449666
482,-0.3599999999999967,0.4675580838637286,2.0,0.3751365294411457
483,-0.3399999999999967,0.4599854436339025,2.0,0.37293413075034537
484,-0.3199999999999967,0.4519723500764079,2.0,0.37068780727907097
485,-0.2999999999999967,0.4435326454516853,2.0,0.3683927571391081
486,-0.2799999999999967,0.4346809885713499,2.0,0.36604414936044627
487,-0.2599999999999967,0.4254324220461036,2.0,0.36363712372718554
488,-0.2399999999999966,0.4158019654620458,2.0,0.3611667910226168
489,-0.2199999999999966,0.4058042520608952,2.0,0.3586282337105337
490,-0.1999999999999966,0.3954532265443062,2.0,0.3560165070800843
491,-0.1799999999999966,0.3847619209132362,2.0,0.3533266408814968
492,-0.1599999999999966,0.3737423236946021,2.0,0.35055364147987866
493,-0.1399999999999965,0.3624053554604022,2.0,0.34769249455388723
494,-0.1199999999999965,0.3507609602412773,2.0,0.3447381683654478
495,-0.0999999999999965,0.3388183183882011,2.0,0.3416856176257877
496,-0.0799999999999965,0.3265861818295128,2.0,0.3385297879818483
497,-0.0599999999999965,0.3140733277534888,2.0,0.3352656211456363
498,-0.0399999999999964,0.3012891217990953,2.0,0.3318880606872008
499,-0.0199999999999964,0.28824417713012,2.0,0.3283920585097266
500,3.552713678800501e-15,0.2749510915121498,2.0,0.3247725820226257
501,0.0200000000000031,0.2614252408092128,2.0,0.3210246220255303
502,0.0400000000000035,0.2476856041191554,2.0,0.3171432013126728
503,0.060000000000004,0.2337555928644236,2.0,0.31312338400331924
504,0.0800000000000036,0.2196638532115186,2.0,0.3089602855996515
505,0.1000000000000032,0.2054450078401645,2.0,0.3046490837687833
506,0.1200000000000036,0.191140299086312,2.0,0.300185029840455
507,0.1400000000000041,0.1767980909571562,2.0,0.2955634610063624
508,0.1600000000000037,0.16247418316871,2.0,0.2907798132010647
509,0.1800000000000032,0.148231887681611,2.0,0.2858296346379982
510,0.2000000000000037,0.1341418195488614,2.0,0.28070859996733
511,0.2200000000000042,0.1202813622455582,2.0,0.2754125250152163
512,0.2400000000000037,0.1067337861929436,2.0,0.26993738205660717
513,0.2600000000000033,0.0935870304042126,2.0,0.2642793155659914
514,0.2800000000000038,0.0809322017913128,2.0,0.25843465838260204
515,0.3000000000000042,0.0688619025694654,2.0,0.25239994821857104
516,0.3200000000000038,0.057468557751902,2.0,0.24617194443044543
517,0.3400000000000034,0.0468429729040825,2.0,0.2397476449664915
518,0.3600000000000039,0.0370733957832882,2.0,0.2331243033943375
519,0.3800000000000043,0.0282453724647727,2.0,0.22629944590594203
520,0.4000000000000039,0.0204426687158087,2.0,0.21927088818965842
521,0.4200000000000035,0.0137494623003871,2.0,0.21203675205250144
522,0.4400000000000039,0.0082538927707154,2.0,0.20459548166968855
523,0.4600000000000044,0.0040528671458778,2.0,0.19694585933328657
524,0.480000000000004,0.0012577334260339,2.0,0.18908702056749768
525,0.5000000000000036,-7.095959110823973e-16,2.0,0.18101846847485956
526,0.520000000000004,0.0004356371414586,2.0,0.1727400871756429
527,0.5400000000000045,0.0027456195233527,2.0,0.16425215420200256
528,0.560000000000004,0.0071293727523376,2.0,0.1555553517092339
529,0.5800000000000036,0.0137871233708857,2.0,0.14665077636881893
530,0.6000000000000041,0.0228877875585531,2.0,0.13753994781194417
531,0.6200000000000045,0.0345223159375711,2.0,0.128224815497899
532,0.6400000000000041,0.0486491260252855,2.0,0.11870776388927215
533,0.6600000000000037,0.0650468246170093,2.0,0.10899161582513991
534,0.6800000000000042,0.0832947406558816,2.0,0.09907963399454213
535,0.7000000000000046,0.1027974609121829,2.0,0.08897552042532349
536,0.7200000000000042,0.1228540051167137,2.0,0.07868341391789342
537,0.7400000000000038,0.1427530318180292,2.0,0.06820788536945749
538,0.7600000000000042,0.1618647788396545,2.0,0.05755393095165411
539,0.7800000000000047,0.1797047563839756,2.0,0.04672696312311958
540,0.8000000000000043,0.1959589559389297,2.0,0.035732799478042795
541,0.8200000000000038,0.2104753082189603,2.0,0.024577649452079454
542,0.8400000000000043,0.2232341986687523,2.0,0.01326809892769836
543,0.8600000000000048,0.2343113454536913,2.0,0.0018110928019184794
544,0.8800000000000043,0.2438425139114564,2.0,-0.009786084399919513
545,0.9000000000000039,0.2519948764481833,2.0,-0.0215158297604879
546,0.9200000000000044,0.2589462658553523,2.0,-0.0333702449336795
547,0.9400000000000048,0.2648715571109516,2.0,-0.045341160693230104
548,0.9600000000000044,0.2699346233179322,2.0,-0.057420162908513685
549,0.980000000000004,0.274284245719793,2.0,-0.06959861977424048
550,1.0000000000000044,0.2780526170901302,2.0,-0.0818677101077482
551,1.020000000000005,0.2813554224122153,2.0,-0.09421845251678358
552,1.0400000000000045,0.2842927961126024,2.0,-0.10664173523227721
553,1.060000000000004,0.2869507020925114,2.0,-0.11912834639476001
554,1.0800000000000043,0.2894024594413723,2.0,-0.13166900457987338
555,1.100000000000005,0.2917102553015047,2.0,-0.14425438934790452
556,1.1200000000000043,0.2939265620042122,2.0,-0.15687517160438297
557,1.140000000000004,0.2960954216085028,2.0,-0.1695220435635595
558,1.1600000000000046,0.2982535875193123,2.0,-0.18218574811373445
559,1.180000000000005,0.3004315271480237,2.0,-0.1948571073930111
560,1.2000000000000046,0.3026542964498161,2.0,-0.20752705039567193
561,1.2200000000000042,0.3049422997626746,2.0,-0.22018663944293765
562,1.2400000000000049,0.307311948638216,2.0,-0.2328270953670507
563,1.2600000000000051,0.3097762324739884,2.0,-0.2454398212741226
564,1.2800000000000047,0.3123452124114639,2.0,-0.2580164247687619
565,1.3000000000000045,0.3150264485241404,2.0,-0.2705487385417389
566,1.3200000000000047,0.3178253689692279,2.0,-0.2830288392406732
567,1.3400000000000052,0.3207455885890899,2.0,-0.2954490645625438
568,1.3600000000000048,0.3237891834404113,2.0,-0.30780202852548205
569,1.3800000000000043,0.3269569268862011,2.0,-0.32008063489553434
570,1.4000000000000048,0.3302484921826937,2.0,-0.33227808876163434
571,1.4200000000000053,0.3336626259024166,2.0,-0.34438790626869653
572,1.4400000000000048,0.3371972960312188,2.0,-0.35640392253432657
573,1.4600000000000044,0.3408498181406961,2.0,-0.3683202977890012
574,1.4800000000000049,0.3446169626527756,2.0,-0.38013152179258314
575,1.500000000000005,0.3484950458692816,2.0,-0.39183241659159684
576,1.520000000000005,0.3524800071285337,2.0,-0.40341813769179974
577,1.5400000000000045,0.3565674741685344,2.0,-0.41488417372907316
578,1.560000000000005,0.360752818518916,2.0,-0.42622634472877147
579,1.5800000000000054,0.3650312025095353,2.0,-0.43744079904914335
580,1.600000000000005,0.3693976192710264,2.0,-0.4485240091085798
581,1.6200000000000043,0.3738469269106606,2.0,-0.45947276599916925
582,1.640000000000005,0.3783738778745493,2.0,-0.4702841730904425
583,1.6600000000000057,0.3829731443535718,2.0,-0.4809556387274941
584,1.680000000000005,0.3876393404542751,2.0,-0.4914848681267824
585,1.7000000000000046,0.3923670417362873,2.0,-0.5018698545711259
586,1.720000000000005,0.397150802613244,2.0,-0.5121088700027384
587,1.7400000000000055,0.4019851720235909,2.0,-0.5222004551097436
588,1.7600000000000051,0.4068647076996305,2.0,-0.5321434089975924
589,1.7800000000000047,0.4117839892965498,2.0,-0.5419367785322523
590,1.8000000000000052,0.4167376305867235,2.0,-0.5515798474371107
591,1.8200000000000056,0.4217202908771571,2.0,-0.5610721252202928
592,1.8400000000000047,0.4267266857684539,2.0,-0.5704133360036399
593,1.8600000000000048,0.4317515973411796,2.0,-0.5796034073190246
594,1.8800000000000048,0.4367898838290332,2.0,-0.5886424589320591
595,1.9000000000000057,0.4418364888170368,2.0,-0.597530791747675
596,1.9200000000000053,0.4468864499862394,2.0,-0.6062688768465241
597,1.9400000000000048,0.4519349074135925,2.0,-0.6148573446957982
598,1.9600000000000053,0.4569771114260862,2.0,-0.6232969745728536
599,1.9800000000000055,0.4620084300014191,2.0,-0.6315886842350639
600,-1.9999999999999984,0.3531674061958826,3.0,0.3254013308910601
601,-1.9799999999999984,0.3397389945276281,3.0,0.31360872735247614
602,-1.9599999999999984,0.3264113182162605,3.0,0.3018370526384317
603,-1.9399999999999984,0.3132081765379771,3.0,0.29010021246663004
604,-1.9199999999999984,0.3001532537823406,3.0,0.2784125146145724
605,-1.899999999999998,0.2872699272317293,3.0,0.26678861603851917
606,-1.879999999999998,0.2745810716196833,3.0,0.2552434649805769
607,-1.859999999999998,0.2621088633814236,3.0,0.24379223847120468
608,-1.839999999999998,0.2498745881889557,3.0,0.23245027572334653
609,-1.819999999999998,0.2378984553445685,3.0,0.22123300799744627
610,-1.799999999999998,0.2261994225809576,3.0,0.21015588559146603
611,-1.779999999999998,0.2147950346789609,3.0,0.1992343026742243
612,-1.759999999999998,0.203701279065269,3.0,0.1884835207318697
613,-1.739999999999998,0.1929324611981315,3.0,0.17791859143418834
614,-1.719999999999998,0.1825011020998579,3.0,0.16755427974838974
615,-1.699999999999998,0.1724178598664583,3.0,0.15740498813201304
616,-1.679999999999998,0.1626914763967852,3.0,0.14748468262333772
617,-1.659999999999998,0.1533287499586876,3.0,0.13780682161711438
618,-1.639999999999998,0.1443345335723859,3.0,0.12838428806657076
619,-1.619999999999998,0.1357117585662612,3.0,0.11922932579039994
620,-1.599999999999998,0.1274614820712871,3.0,0.1103534804878099
621,-1.579999999999998,0.1195829566887777,3.0,0.10176754597775733
622,-1.5599999999999978,0.1120737201100166,3.0,0.09348151608273872
623,-1.5399999999999978,0.1049297020993837,3.0,0.08550454247573303
624,-1.5199999999999978,0.0981453459837491,3.0,0.07784489870403473
625,-1.4999999999999978,0.0917137416241901,3.0,0.07050995049858934
626,-1.4799999999999978,0.0856267667806126,3.0,0.06350613237503647
627,-1.4599999999999975,0.0798752338103822,3.0,0.056838930435485414
628,-1.4399999999999975,0.0744490387595711,3.0,0.0505128711906004
629,-1.4199999999999977,0.0693373100979178,3.0,0.04453151614179212
630,-1.3999999999999977,0.0645285546020965,3.0,0.03889746179487372
631,-1.3799999999999977,0.0600107981912611,3.0,0.033612344720622904
632,-1.3599999999999977,0.0557717198487781,3.0,0.02867685123497781
633,-1.3399999999999976,0.0517987771097188,3.0,0.02409073124239362
634,-1.3199999999999976,0.0480793219415638,3.0,0.01985281576997809
635,-1.2999999999999976,0.0446007061836757,3.0,0.0159610377168224
636,-1.2799999999999976,0.0413503760295909,3.0,0.012412455351465422
637,-1.2599999999999976,0.0383159553272996,3.0,0.00920327810949064
638,-1.2399999999999975,0.0354853177309224,3.0,0.006328894271127746
639,-1.2199999999999975,0.0328466479590794,3.0,0.003783900133987824
640,-1.1999999999999975,0.0303884925992922,3.0,0.001562130336595217
641,-1.1799999999999975,0.0280998010440458,3.0,-0.0003433109674946268
642,-1.1599999999999977,0.0259699572541785,3.0,-0.0019400183394380976
643,-1.1399999999999977,0.0239888031215949,3.0,-0.0032362528974767346
644,-1.1199999999999974,0.0221466542492076,3.0,-0.004240909936852732
645,-1.0999999999999974,0.0204343089853066,3.0,-0.0049634864514817
646,-1.0799999999999974,0.0188430515462398,3.0,-0.0054140486454063745
647,-1.0599999999999974,0.0173646500394201,3.0,-0.005603199491266233
648,-1.0399999999999974,0.0159913501621711,3.0,-0.005542046368358989
649,-1.0199999999999974,0.0147158653044342,3.0,-0.005242168794676676
650,-0.9999999999999972,0.0135313637281958,3.0,-0.004715586255730734
651,-0.9799999999999972,0.0124314534365551,3.0,-0.0039747261276799305
652,-0.9599999999999972,0.0114101652831194,3.0,-0.003032391692881699
653,-0.9399999999999972,0.0104619348099437,3.0,-0.0019017302516012985
654,-0.9199999999999972,0.0095815832411585,3.0,-0.0005962013433013664
655,-0.8999999999999972,0.0087642980010307,3.0,0.0008704548965222759
656,-0.8799999999999972,0.0080056130703985,3.0,0.002484249203938734
657,-0.8599999999999972,0.0073013894448376,3.0,0.004230974424458296
658,-0.8399999999999972,0.006647795911945,3.0,0.006096236454358667
659,-0.8199999999999972,0.0060412903239297,3.0,0.008065484808851572
660,-0.7999999999999972,0.0054786015052883,3.0,0.01012404273514391
661,-0.7799999999999971,0.0049567119036073,3.0,0.01225713678892686
662,-0.7599999999999971,0.0044728410642496,3.0,0.014449925800398512
663,-0.7399999999999971,0.004024429986594,3.0,0.016687529171814146
664,-0.7199999999999971,0.003609126400273,3.0,0.01895505447377246
665,-0.6999999999999971,0.0032247709841838,3.0,0.021237624342875086
666,-0.679999999999997,0.0028693845385906,3.0,0.023520402729806843
667,-0.659999999999997,0.0025411561110656,3.0,0.02578862060483805
668,-0.639999999999997,0.0022384320700541,3.0,0.02802760129773192
669,-0.619999999999997,0.0019597061151911,3.0,0.03022278573134491
670,-0.599999999999997,0.0017036102109432,3.0,0.03235975790299533
671,-0.579999999999997,0.0014689064294607,3.0,0.03442427107497392
672,-0.559999999999997,0.0012544796895698,3.0,0.03640227525514943
673,-0.5399999999999969,0.0010593313814759,3.0,0.038279946680054217
674,-0.5199999999999969,0.0008825738709147,3.0,0.040043720155297655
675,-0.4999999999999969,0.0007234258821557,3.0,0.04168032526039593
676,-0.4799999999999969,0.0005812087664314,3.0,0.04317682758518007
677,-0.4599999999999968,0.0004553436711277,3.0,0.04452067633006116
678,-0.4399999999999968,0.0003453496355272,3.0,0.0456997597686922
679,-0.4199999999999968,0.0002508426512455,3.0,0.04670247023345754
680,-0.3999999999999968,0.0001715357399844,3.0,0.047517780434533786
681,-0.3799999999999968,0.00010724011817,3.0,0.04813533305229301
682,-0.3599999999999967,5.7867537869436334e-05,3.0,0.04854554563816771
683,-0.3399999999999967,2.343391659035486e-05,3.0,0.04873973290505171
684,-0.3199999999999967,4.064395796515291e-06,3.0,0.04871024846546622
685,-0.2999999999999967,0.0,3.0,0.048450647960750486
686,-0.2799999999999967,1.160610602154945e-05,3.0,0.04795587528985823
687,-0.2599999999999967,3.938297657962577e-05,3.0,0.04722247326087345
688,-0.2399999999999966,8.39786650914334e-05,3.0,0.04624881941766573
689,-0.2199999999999966,0.0001462046610065,3.0,0.04503538700265504
690,-0.1999999999999966,0.0002270547189893,3.0,0.043585029969455125
691,-0.1799999999999966,0.0003277274029033,3.0,0.041903289626192865
692,-0.1599999999999966,0.000449652979229,3.0,0.03999871885050083
693,-0.1399999999999965,0.0005945254168372,3.0,0.03788321786554587
694,-0.1199999999999965,0.0007643403936994,3.0,0.03557237332085077
695,-0.0999999999999965,0.0009614403787451,3.0,0.03308578993170033
696,-0.0799999999999965,0.0011885680508756,3.0,0.030447401286329393
697,-0.0599999999999965,0.0014489295381779,3.0,0.027685743768382017
698,-0.0399999999999964,0.0017462692076473,3.0,0.024834175053617947
699,-0.0199999999999964,0.0020849580044571,3.0,0.02193101656804966
700,3.552713678800501e-15,0.0024700976190857,3.0,0.019019597929628835
701,0.0200000000000031,0.0029076430295021,3.0,0.016148181058405157
702,0.0400000000000035,0.0034045461877851,3.0,0.013369742656353633
703,0.060000000000004,0.0039689237361866,3.0,0.010741596421032468
704,0.0800000000000036,0.0046102515524251,3.0,0.00832484088120047
705,0.1000000000000032,0.0053395884939979,3.0,0.006183625211728469
706,0.1200000000000036,0.006169830724054,3.0,0.004384233704746952
707,0.1400000000000041,0.0071159961536335,3.0,0.0029939994321356066
708,0.1600000000000037,0.0081955354113383,3.0,0.002080068486404289
709,0.1800000000000032,0.009428660812272,3.0,0.0017080472695682484
710,0.2000000000000037,0.0108386773962634,3.0,0.0019405756824619675
711,0.2200000000000042,0.0124522895637528,3.0,0.0028358777405489187
712,0.2400000000000037,0.0142998426386306,3.0,0.004446347133961752
713,0.2600000000000033,0.0164154408420518,3.0,0.006817227753738166
714,0.2800000000000038,0.0188368628202401,3.0,0.009985447707040187
715,0.3000000000000042,0.0216051761718773,3.0,0.01397865970847867
716,0.3200000000000038,0.0247639394102726,3.0,0.01881453125599931
717,0.3400000000000034,0.0283578829104583,3.0,0.024500315382138756
718,0.3600000000000039,0.0324309916397322,3.0,0.031032718052197084
719,0.3800000000000043,0.0370239831805243,3.0,0.038398062705149845
720,0.4000000000000039,0.0421712890923307,3.0,0.046572737299988246
721,0.4200000000000035,0.0478977952597537,3.0,0.0555238957369031
722,0.4400000000000039,0.0542157456044837,3.0,0.06521037463207027
723,0.4600000000000044,0.0611223126464856,3.0,0.07558377877446312
724,0.480000000000004,0.0685983337566052,3.0,0.08658968445709389
725,0.5000000000000036,0.0766085720378603,3.0,0.09816890917649865
726,0.520000000000004,0.0851036005989851,3.0,0.11025879856095436
727,0.5400000000000045,0.0940230947842055,3.0,0.12279448623535835
728,0.560000000000004,0.1033000433065801,3.0,0.13571008895676454
729,0.5800000000000036,0.112865238416219,3.0,0.14893980702998977
730,0.6000000000000041,0.1226514118326203,3.0,0.16241890805678885
731,0.6200000000000045,0.1325965246031666,3.0,0.1760845799066441
732,0.6400000000000041,0.1426459338892073,3.0,0.1898766459773973
733,0.6600000000000037,0.1527533791459018,3.0,0.20373814203757537
734,0.6800000000000042,0.1628809040409695,3.0,0.21761575904240826
735,0.7000000000000046,0.1729979373104798,3.0,0.23146016024145186
736,0.7200000000000042,0.1830797987118104,3.0,0.24522618368761256
737,0.7400000000000038,0.1931058919896149,3.0,0.25887294301978725
738,0.7600000000000042,0.2030578149393769,3.0,0.27236384026781524
739,0.7800000000000047,0.2129175732158139,3.0,0.2856665045805701
740,0.8000000000000043,0.2226660395432889,3.0,0.29875267036852654
741,0.8200000000000038,0.2322817581257385,3.0,0.3115980075334972
742,0.8400000000000043,0.2417401564181792,3.0,0.3241819153653092
743,0.8600000000000048,0.2510131923986278,3.0,0.3364872904314294
744,0.8800000000000043,0.2600694341941961,3.0,0.3485002774624099
745,0.9000000000000039,0.2688745400831001,3.0,0.36021001091358124
746,0.9200000000000044,0.2773920811218335,3.0,0.3716083536128682
747,0.9400000000000048,0.2855846273051794,3.0,0.3826896377208588
748,0.9600000000000044,0.2934150029848383,3.0,0.3934504121538079
749,0.980000000000004,0.3008476098047962,3.0,0.4038891996643106
750,1.0000000000000044,0.3078497165398621,3.0,0.4140062659409815
751,1.020000000000005,0.3143926248224068,3.0,0.42380340237513836
752,1.0400000000000045,0.3204526365899731,3.0,0.43328372354262157
753,1.060000000000004,0.3260117710361406,3.0,0.442451479953516
754,1.0800000000000043,0.3310582031977419,3.0,0.45131188622129076
755,1.100000000000005,0.3355864202751009,3.0,0.4598709644848287
756,1.1200000000000043,0.3395971129274386,3.0,0.46813540267106235
757,1.140000000000004,0.3430968353632155,3.0,0.47611242700210044
758,1.1600000000000046,0.3460974791388291,3.0,0.48380968801907026
759,1.180000000000005,0.3486156110872689,3.0,0.49123515930664896
760,1.2000000000000046,0.3506717262828955,3.0,0.49839704804949253
761,1.2200000000000042,0.3522894634114397,3.0,0.5053037165275469
762,1.2400000000000049,0.3534948235616417,3.0,0.5119636136556045
763,1.2600000000000051,0.3543154254933355,3.0,0.518385215688264
764,1.2800000000000047,0.3547798219273164,3.0,0.5245769752403365
765,1.3000000000000045,0.3549168931778992,3.0,0.530547277811132
766,1.3200000000000047,0.3547553270872845,3.0,0.5363044050459391
767,1.3400000000000052,0.3543231880580845,3.0,0.5418565040170225
768,1.3600000000000048,0.3536475731509151,3.0,0.5472115618576074
769,1.3800000000000043,0.3527543496995987,3.0,0.5523773851341329
770,1.4000000000000048,0.3516679665768323,3.0,0.5573615833933442
771,1.4200000000000053,0.350411329939452,3.0,0.5621715563706864
772,1.4400000000000048,0.3490057337926086,3.0,0.566814484394287
773,1.4600000000000044,0.3474708358359965,3.0,0.5712973215642007
774,1.4800000000000049,0.3458246696102685,3.0,0.5756267913291591
775,1.500000000000005,0.3440836847921761,3.0,0.5798093841227483
776,1.520000000000005,0.3422628084669455,3.0,0.5838513567575895
777,1.5400000000000045,0.34037552123961,3.0,0.587758733309805
778,1.560000000000005,0.3384339430638733,3.0,0.5915373072568373
779,1.5800000000000054,0.3364489246206456,3.0,0.595192644659664
780,1.600000000000005,0.3344301409402253,3.0,0.598730088205814
781,1.6200000000000043,0.332386184717826,3.0,0.6021547619523957
782,1.640000000000005,0.330324657417807,3.0,0.6054715766288783
783,1.6600000000000057,0.3282522568007439,3.0,0.6086852353777155
784,1.680000000000005,0.3261748599471989,3.0,0.6118002398272547
785,1.7000000000000046,0.3240976012030663,3.0,0.6148208964059494
786,1.720000000000005,0.32202494474528,3.0,0.6177513228197863
787,1.7400000000000055,0.3199607516750973,3.0,0.6205954546262422
788,1.7600000000000051,0.3179083417002202,3.0,0.6233570518481563
789,1.7800000000000047,0.3158705495768517,3.0,0.6260397055797235
790,1.8000000000000052,0.313849776557292,3.0,0.628646844544593
791,1.8200000000000056,0.3118480371356411,3.0,0.6311817415728098
792,1.8400000000000047,0.309867001410002,3.0,0.6336475199692608
793,1.8600000000000048,0.3079080333896477,3.0,0.6360471597514336
794,1.8800000000000048,0.3059722255742564,3.0,0.6383835037387234
795,1.9000000000000057,0.3040604301229138,3.0,0.6406592634794042
796,1.9200000000000053,0.3021732869158668,3.0,0.642877025004671
797,1.9400000000000048,0.3003112487939466,3.0,0.6450392544020267
798,1.9600000000000053,0.2984746042408089,3.0,0.6471483032026781
799,1.9800000000000055,0.2966634977526154,3.0,0.6492064135797245
800,-1.9999999999999984,4.186957966465888e-05,4.0,0.06601529604168023
801,-1.9799999999999984,3.505274831680797e-05,4.0,0.06566750216034066
802,-1.9599999999999984,2.876816236022131e-05,4.0,0.06526344742230238
803,-1.9399999999999984,2.3036474066043766e-05,4.0,0.06479900002501016
804,-1.9199999999999984,1.787822646142611e-05,4.0,0.06426980325827822
805,-1.899999999999998,1.331380934500142e-05,4.0,0.06367127286956331
806,-1.879999999999998,9.363415341102348e-06,4.0,0.06299859626472444
807,-1.859999999999998,6.046996183768754e-06,4.0,0.062246733922798975
808,-1.839999999999998,3.3842194266173016e-06,4.0,0.061410423448920066
809,-1.819999999999998,1.394425785262427e-06,4.0,0.060484186736743974
810,-1.799999999999998,9.658733863542659e-08,4.0,0.059462340759660406
811,-1.779999999999998,-4.907331586960739e-07,4.0,0.058339012557401336
812,-1.759999999999998,-3.494215599259811e-07,4.0,0.05710815902977139
813,-1.739999999999998,5.38150135220269e-07,4.0,0.05576359219000621
814,-1.719999999999998,2.189088395202627e-06,4.0,0.054299010564140014
815,-1.699999999999998,4.619945413004479e-06,4.0,0.05270803744667369
816,-1.679999999999998,7.846689590512925e-06,4.0,0.05098426673307561
817,-1.659999999999998,1.1884679951863e-05,4.0,0.049121317042056724
818,-1.639999999999998,1.6748645325417055e-05,4.0,0.04711289481038195
819,-1.619999999999998,2.245266928442224e-05,4.0,0.04495286698509422
820,-1.599999999999998,2.9010182017538244e-05,4.0,0.042635343846911616
821,-1.579999999999998,3.643396049269656e-05,4.0,0.04015477236871431
822,-1.5599999999999978,4.473613850108625e-05,4.0,0.03750604033909293
823,-1.5399999999999978,5.392822840689115e-05,4.0,0.03468459125813217
824,-1.5199999999999978,6.402115669679083e-05,4.0,0.031686549737305746
825,-1.4999999999999978,7.50253157110682e-05,4.0,0.02850885680554523
826,-1.4799999999999978,8.695063425863845e-05,4.0,0.025149414139552736
827,-1.4599999999999975,9.980667016411218e-05,4.0,0.02160723580163495
828,-1.4399999999999975,0.0001136027281776,4.0,0.017882605589826347
829,-1.4199999999999977,0.0001283480070966,4.0,0.013977237594411019
830,-1.3999999999999977,0.0001440517804161,4.0,0.009894437028503074
831,-1.3799999999999977,0.0001607236153403,4.0,0.0056392578796752016
832,-1.3599999999999977,0.0001783736355755,4.0,0.001218653441343969
833,-1.3399999999999976,0.0001970128339838,4.0,-0.003358384642385308
834,-1.3199999999999976,0.0002166534419363,4.0,-0.008080703512033076
835,-1.2999999999999976,0.0002373093630778,4.0,-0.012934887295795703
836,-1.2799999999999976,0.000258996680232,4.0,-0.017905181293603526
837,-1.2599999999999976,0.0002817342453646,4.0,-0.022973446881722318
838,-1.2399999999999975,0.0003055443639273,4.0,-0.02811915148033647
839,-1.2199999999999975,0.0003304535865657,4.0,-0.03331939729235183
840,-1.1999999999999975,0.0003564936231597,4.0,-0.038548991650368805
841,-1.1799999999999975,0.0003837023965391,4.0,-0.04378056071605113
842,-1.1599999999999977,0.0004121252560727,4.0,-0.04898470699509091
843,-1.1399999999999977,0.0004418163747834,4.0,-0.05413020971165034
844,-1.1199999999999974,0.0004728403578277,4.0,-0.05918426559393086
845,-1.0999999999999974,0.0005052740952751,4.0,-0.06411276613430374
846,-1.0799999999999974,0.0005392088983593,4.0,-0.06888060598661824
847,-1.0599999999999974,0.0005747529660236,4.0,-0.0734520159332954
848,-1.0399999999999974,0.0006120342380126,4.0,-0.0777909128720017
849,-1.0199999999999974,0.0006512037024367,4.0,-0.08186125859877237
850,-0.9999999999999972,0.0006924392402381,4.0,-0.0856274188443724
851,-0.9799999999999972,0.0007359501070944,4.0,-0.08905451407271874
852,-0.9599999999999972,0.0007819821759912,4.0,-0.09210875396784915
853,-0.9399999999999972,0.0008308240922744,4.0,-0.09475774828757687
854,-0.9199999999999972,0.0008828145291403,4.0,-0.09697078779398166
855,-0.8999999999999972,0.0009383507774529,4.0,-0.09871909021230225
856,-0.8799999999999972,0.0009978989624052,4.0,-0.09997600753943328
857,-0.8599999999999972,0.0010620062547375,4.0,-0.10071719243617454
858,-0.8399999999999972,0.0011313155411182,4.0,-0.10092072281260721
859,-0.8199999999999972,0.00120658314375,4.0,-0.10056718498206542
860,-0.7999999999999972,0.0012887003425039,4.0,-0.09963971685928569
861,-0.7799999999999971,0.0013787196663139,4.0,-0.09812401357299567
862,-0.7599999999999971,0.0014778872010027,4.0,-0.09600829853153875
863,-0.7399999999999971,0.0015876825309939,4.0,-0.0932832634192226
864,-0.7199999999999971,0.0017098684236539,4.0,-0.08994198082372275
865,-0.6999999999999971,0.0018465530199127,4.0,-0.08597979322686547
866,-0.679999999999997,0.0020002681717644,4.0,-0.08139418196736453
867,-0.659999999999997,0.0021740687464449,4.0,-0.0761846195448088
868,-0.639999999999997,0.0023716593085971,4.0,-0.07035240832142584
869,-0.619999999999997,0.0025975567463332,4.0,-0.06390050833248105
870,-0.599999999999997,0.0028573003303149,4.0,-0.05683335657417508
871,-0.579999999999997,0.0031577246646731,4.0,-0.04915667983048045
872,-0.559999999999997,0.0035073163752726,4.0,-0.0408773028514312
873,-0.5399999999999969,0.0039166826676684,4.0,-0.03200295352167036
874,-0.5199999999999969,0.004399169682001,4.0,-0.022542066569155843
875,-0.4999999999999969,0.0049716815945584,4.0,-0.01250358736304055
876,-0.4799999999999969,0.0056557684242065,4.0,-0.0018967774345541343
877,-0.4599999999999968,0.0064790720964277,4.0,0.009268976480992269
878,-0.4399999999999968,0.0074772465052914,4.0,0.02098434784851224
879,-0.4199999999999968,0.0086964966551572,4.0,0.033240247857079026
880,-0.3999999999999968,0.0101969100506845,4.0,0.04602799239388104
881,-0.3799999999999968,0.0120567704995917,4.0,0.059339455416830195
882,-0.3599999999999967,0.0143780316839483,4.0,0.0731672052623736
883,-0.3399999999999967,0.0172930539163054,4.0,0.0875046199891103
884,-0.3199999999999967,0.0209725270051023,4.0,0.10234597740281101
885,-0.2999999999999967,0.0256341621948831,4.0,0.117686514937644
886,-0.2799999999999967,0.0315512007593725,4.0,0.1335224540849038
887,-0.2599999999999967,0.0390590892146894,4.0,0.14985098356849513
888,-0.2399999999999966,0.0485579896435292,4.0,0.1666701949735487
889,-0.2199999999999966,0.060508506847468,4.0,0.18397896405441141
890,-0.1999999999999966,0.07541862836558,4.0,0.2017767705042447
891,-0.1799999999999966,0.0938216963807576,4.0,0.22006344859745836
892,-0.1599999999999966,0.1162478104684667,4.0,0.23883886087367442
893,-0.1399999999999965,0.1431927841534304,4.0,0.25810248699765254
894,-0.1199999999999965,0.1750873445997552,4.0,0.27785292021336144
895,-0.0999999999999965,0.2122634238152271,4.0,0.298087264559056
896,-0.0799999999999965,0.254906195358108,4.0,0.3188004274130916
897,-0.0599999999999965,0.3029762923032555,4.0,0.3399843042343137
898,-0.0399999999999964,0.3560951103929021,4.0,0.36162685583201387
899,-0.0199999999999964,0.4134128684944468,4.0,0.3837110834794925
900,3.552713678800501e-15,0.4735178418653645,4.0,0.4062139140343705
901,0.0200000000000031,0.5344701212086882,4.0,0.42910501631391484
902,0.0400000000000035,0.5940175470384237,4.0,0.4523455816161719
903,0.060000000000004,0.6499636317512528,4.0,0.4758871156786611
904,0.0800000000000036,0.700557584548186,4.0,0.49967030649608907
905,0.1000000000000032,0.7447497190359681,4.0,0.5236240518663893
906,0.1200000000000036,0.7822314996671792,4.0,0.5476647513207886
907,0.1400000000000041,0.8132940138827688,4.0,0.5716959874543276
908,0.1600000000000037,0.8386049002984193,4.0,0.5956087388476041
909,0.1800000000000032,0.8589967254156491,4.0,0.61928227684815
910,0.2000000000000037,0.8753146473928304,4.0,0.6425858963956737
911,0.2200000000000042,0.8883295648824563,4.0,0.66538161087376
912,0.2400000000000037,0.8987016855816616,4.0,0.6875278964826329
913,0.2600000000000033,0.9069752148774624,4.0,0.7088844976919152
914,0.2800000000000038,0.9135887471770644,4.0,0.7293181996122556
915,0.3000000000000042,0.9188915314805408,4.0,0.7487093384029097
916,0.3200000000000038,0.9231603081584938,4.0,0.7669586673795771
917,0.3400000000000034,0.9266143288974318,4.0,0.78399404373934
918,0.3600000000000039,0.9294277912621336,4.0,0.7997762772682379
919,0.3800000000000043,0.9317397066320496,4.0,0.8143034225069751
920,0.4000000000000039,0.9336615400051648,4.0,0.82761283327386
921,0.4200000000000035,0.9352830439665412,4.0,0.8397804559606739
922,0.4400000000000039,0.93667668730874,4.0,0.8509171164385511
923,0.4600000000000044,0.9379010183176806,4.0,0.8611619254884558
924,0.480000000000004,0.9390032350424232,4.0,0.8706733297016238
925,0.5000000000000036,0.9400211730046846,4.0,0.8796186890294725
926,0.520000000000004,0.9409848689723042,4.0,0.8881634890613331
927,0.5400000000000045,0.9419178179183444,4.0,0.8964613404600869
928,0.560000000000004,0.942838007934332,4.0,0.9046457676251637
929,0.5800000000000036,0.9437587931087436,4.0,0.9128244795533611
930,0.6000000000000041,0.944689645743634,4.0,0.9210764208816467
931,0.6200000000000045,0.9456368155088646,4.0,0.9294515068729365
932,0.6400000000000041,0.946603913205532,4.0,0.9379726277079993
933,0.6600000000000037,0.9475924299089108,4.0,0.9466393102007176
934,0.6800000000000042,0.9486021977225136,4.0,0.9554323587879282
935,0.7000000000000046,0.9496317956503764,4.0,0.9643188425767495
936,0.7200000000000042,0.9506789027231703,4.0,0.9732569145874839
937,0.7400000000000038,0.9517406001033945,4.0,0.9822001027773697
938,0.7600000000000042,0.9528136241142032,4.0,0.9911008660553744
939,0.7800000000000047,0.9538945727106573,4.0,0.9999133397021444
940,0.8000000000000043,0.9549800686223028,4.0,1.0085952925234702
941,0.8200000000000038,0.956066883077912,4.0,1.017109381173092
942,0.8400000000000043,0.9571520245652244,4.0,1.0254238198060224
943,0.8600000000000048,0.958232797416684,4.0,1.0335125927474291
944,0.8800000000000043,0.959306835123246,4.0,1.0413553317782802
945,0.9000000000000039,0.9603721131711048,4.0,1.0489369645716073
946,0.9200000000000044,0.9614269459021088,4.0,1.0562472218295076
947,0.9400000000000048,0.9624699714624062,4.0,1.0632800712247321
948,0.9600000000000044,0.9635001283754324,4.0,1.0700331284140499
949,0.980000000000004,0.9645166267033052,4.0,1.0765070801905365
950,1.0000000000000044,0.9655189161875756,4.0,1.082705142594912
951,1.020000000000005,0.9665066532199584,4.0,1.0886325673950183
952,1.0400000000000045,0.9674796680101484,4.0,1.094296203423668
953,1.060000000000004,0.9684379329056092,4.0,1.099704114405865
954,1.0800000000000043,0.969381532483293,4.0,1.104865251670809
955,1.100000000000005,0.9703106357749004,4.0,1.1097891781380393
956,1.1200000000000043,0.9712254707997338,4.0,1.1144858388580556
957,1.140000000000004,0.9721263014534866,4.0,1.1189653729089333
958,1.1600000000000046,0.97301340672675,4.0,1.1232379613958305
959,1.180000000000005,0.973887062192344,4.0,1.127313706515988
960,1.2000000000000046,0.9747475236949268,4.0,1.1312025370267507
961,1.2200000000000042,0.9755950131896652,4.0,1.134914135910168
962,1.2400000000000049,0.97642970670033,4.0,1.138457886512178
963,1.2600000000000051,0.977251724393558,4.0,1.1418428339130668
964,1.2800000000000047,0.9780611227892564,4.0,1.1450776587379439
965,1.3000000000000045,0.978857889142563,4.0,1.1481706610298577
966,1.3200000000000047,0.97964193803714,4.0,1.1511297521787296
967,1.3400000000000052,0.9804131102209158,4.0,1.1539624532253598
968,1.3600000000000048,0.981171173692912,4.0,1.1566758981429537
969,1.3800000000000043,0.981915827014009,4.0,1.159276840941863
970,1.4000000000000048,0.9826467047670282,4.0,1.161771665650369
971,1.4200000000000053,0.9833633850350492,4.0,1.1641663983993202
972,1.4400000000000048,0.9840653987050174,4.0,1.1664667209854136
973,1.4600000000000044,0.9847522403407648,4.0,1.1686779854105036
974,1.4800000000000049,0.9854233803102164,4.0,1.170805228996186
975,1.500000000000005,0.9860782778005592,4.0,1.1728531897570413
976,1.520000000000005,0.9867163943168238,4.0,1.1748263217851147
977,1.5400000000000045,0.9873372072373396,4.0,1.1767288104548783
978,1.560000000000005,0.987940222996298,4.0,1.178564587304055
979,1.5800000000000054,0.9885249894803602,4.0,1.1803373444831362
980,1.600000000000005,0.989091107262422,4.0,1.1820505486965927
981,1.6200000000000043,0.9896382393493895,4.0,1.1837074545829824
982,1.640000000000005,0.9901661191888348,4.0,1.1853111175004294
983,1.6600000000000057,0.9906745567573916,4.0,1.1868644056991915
984,1.680000000000005,0.9911634426367424,4.0,1.1883700118749485
985,1.7000000000000046,0.9916327500659072,4.0,1.1898304641056814
986,1.720000000000005,0.9920825350364472,4.0,1.1912481361820473
987,1.7400000000000055,0.9925129345659364,4.0,1.1926252573464378
988,1.7600000000000051,0.9929241633414696,4.0,1.1939639214597568
989,1.7800000000000047,0.9933165089670364,4.0,1.1952660956176508
990,1.8000000000000052,0.9936903260754556,4.0,1.1965336282397268
991,1.8200000000000056,0.9940460295775728,4.0,1.1977682566563765
992,1.8400000000000047,0.994384087319796,4.0,1.198971614218326
993,1.8600000000000048,0.9947050124077882,4.0,1.2001452369541095
994,1.8800000000000048,0.9950093554316578,4.0,1.2012905698004062
995,1.9000000000000057,0.995297696798928,4.0,1.2024089724296423
996,1.9200000000000053,0.9955706393484784,4.0,1.203501724698587
997,1.9400000000000048,0.9958288013839224,4.0,1.2045700317407955
998,1.9600000000000053,0.9960728102305084,4.0,1.2056150287248326
999,1.9800000000000055,0.996303296387205,4.0,1.206637785299239
1000,-1.9999999999999984,0.9999999999999954,5.0,1.174412255533608
1001,-1.9799999999999984,0.9999959741594115,5.0,1.161822246997759
1002,-1.9599999999999984,0.9999883537867332,5.0,1.1492300517656642
1003,-1.9399999999999984,0.9999770646155772,5.0,1.1366617934628573
1004,-1.9199999999999984,0.9999620290580185,5.0,1.124146227193269
1005,-1.899999999999998,0.9999431659377764,5.0,1.1117148938632537
1006,-1.879999999999998,0.9999203901913628,5.0,1.0994022688315377
1007,-1.859999999999998,0.9998936125340336,5.0,1.0872459009317745
1008,-1.839999999999998,0.9998627390872462,5.0,1.075286537085927
1009,-1.819999999999998,0.9998276709641942,5.0,1.0635682267929332
1010,-1.799999999999998,0.9997883038098588,5.0,1.052138399737169
1011,-1.779999999999998,0.9997445272918792,5.0,1.0410479086186744
1012,-1.759999999999998,0.9996962245384016,5.0,1.0303510280704806
1013,-1.739999999999998,0.9996432715189048,5.0,1.0201053992135638
1014,-1.719999999999998,0.9995855363638108,5.0,1.0103719080306945
1015,-1.699999999999998,0.9995228786184626,5.0,1.001214484350654
1016,-1.679999999999998,0.9994551484267806,5.0,0.9926998068690169
1017,-1.659999999999998,0.999382185639578,5.0,0.9848968983482356
1018,-1.639999999999998,0.9993038188421074,5.0,0.9778765940085238
1019,-1.619999999999998,0.9992198642949426,5.0,0.97171086522505
1020,-1.599999999999998,0.999130124781718,5.0,0.9664719800810547
1021,-1.579999999999998,0.9990343883566116,5.0,0.9622314821950606
1022,-1.5599999999999978,0.9989324269836948,5.0,0.9590589696541778
1023,-1.5399999999999978,0.9988239950594632,5.0,0.9570206569582207
1024,-1.5199999999999978,0.9987088278089638,5.0,0.9561777047244705
1025,-1.4999999999999978,0.9985866395449752,5.0,0.9565843046334814
1026,-1.4799999999999978,0.9984571217787478,5.0,0.9582855108310763
1027,-1.4599999999999975,0.99831994116983,5.0,0.9613148138812835
1028,-1.4399999999999975,0.9981747373015806,5.0,0.9656914595874482
1029,-1.4199999999999977,0.9980211202681452,5.0,0.9714175228777465
1030,-1.3999999999999977,0.9978586680579548,5.0,0.9784747570088473
1031,-1.3799999999999977,0.9976869237182748,5.0,0.9868212514349571
1032,-1.3599999999999977,0.997505392285041,5.0,0.9963879491715665
1033,-1.3399999999999976,0.9973135374621644,5.0,1.0070750983710397
1034,-1.3199999999999976,0.9971107780347858,5.0,1.0187487459339744
1035,-1.2999999999999976,0.9968964840015778,5.0,1.031237426916645
1036,-1.2799999999999976,0.9966699724122212,5.0,1.0443292663908088
1037,-1.2599999999999976,0.996430502897623,5.0,1.0577697941382953
1038,-1.2399999999999975,0.9961772728823466,5.0,1.071260879162513
1039,-1.2199999999999975,0.9959094124711184,5.0,1.0844613180150868
1040,-1.1999999999999975,0.9956259790042032,5.0,1.0969897474182164
1041,-1.1799999999999975,0.9953259512799556,5.0,1.1084306730016884
1042,-1.1599999999999977,0.9950082234470208,5.0,1.1183444685417185
1043,-1.1399999999999977,0.9946715985735584,5.0,1.1262821381647286
1044,-1.1199999999999974,0.9943147819065932,5.0,1.1318053634771128
1045,-1.0999999999999974,0.9939363738412852,5.0,1.1345117929736754
1046,-1.0799999999999974,0.9935348626276848,5.0,1.1340646214014116
1047,-1.0599999999999974,0.9931086168515454,5.0,1.13022429043257
1048,-1.0399999999999974,0.9926558777361382,5.0,1.122878805487903
1049,-1.0199999999999974,0.9921747513238685,5.0,1.1120680682685766
1050,-0.9999999999999972,0.9916632006098912,5.0,1.0979972535962006
1051,-0.9799999999999972,0.9911190377148388,5.0,1.081035053196749
1052,-0.9599999999999972,0.990539916200038,5.0,1.0616947245411648
1053,-0.9399999999999972,0.9899233236458764,5.0,1.0405989916638818
1054,-0.9199999999999972,0.9892665746316452,5.0,1.0184331323610674
1055,-0.8999999999999972,0.9885668042723076,5.0,0.9958930240861206
1056,-0.8799999999999972,0.987820962482825,5.0,0.9736357125086258
1057,-0.8599999999999972,0.98702580915204,5.0,0.9522390148205954
1058,-0.8399999999999972,0.9861779104131316,5.0,0.9321742438313584
1059,-0.8199999999999972,0.9852736361930876,5.0,0.9137932134953541
1060,-0.7999999999999972,0.9843091592055028,5.0,0.897328132152338
1061,-0.7799999999999971,0.983280455514462,5.0,0.8829013520703793
1062,-0.7599999999999971,0.9821833067367102,5.0,0.8705413449427428
1063,-0.7399999999999971,0.9810133038584752,5.0,0.8602015098278042
1064,-0.7199999999999971,0.9797658525154302,5.0,0.8517791468411767
1065,-0.6999999999999971,0.9784361794125848,5.0,0.8451328165035785
1066,-0.679999999999997,0.9770193393390006,5.0,0.8400971209975058
1067,-0.659999999999997,0.975510221955028,5.0,0.8364945747380665
1068,-0.639999999999997,0.9739035571942496,5.0,0.8341446521184906
1069,-0.619999999999997,0.9721939177288076,5.0,0.8328703367546434
1070,-0.599999999999997,0.9703757165000436,5.0,0.8325025963603477
1071,-0.579999999999997,0.968443196826868,5.0,0.8328832184506391
1072,-0.559999999999997,0.9663904120892952,5.0,0.8338664033551997
1073,-0.5399999999999969,0.9642111914687852,5.0,0.8353194500526758
1074,-0.5199999999999969,0.9618990877426122,5.0,0.8371228043727341
1075,-0.4999999999999969,0.9594473027152952,5.0,0.8391696776669533
1076,-0.4799999999999969,0.95684858556979,5.0,0.8413653914259133
1077,-0.4599999999999968,0.9540950992802312,5.0,0.8436265606722952
1078,-0.4399999999999968,0.9511782502902184,5.0,0.8458801957476194
1079,-0.4199999999999968,0.9480884769639236,5.0,0.8480627770303698
1080,-0.3999999999999968,0.9448149928905564,5.0,0.8501193386555989
1081,-0.3799999999999968,0.9413454819849164,5.0,0.8520025840001189
1082,-0.3599999999999967,0.9376657434895826,5.0,0.8536720462986824
1083,-0.3399999999999967,0.9337592864607032,5.0,0.8550933012436214
1084,-0.3199999999999967,0.9296068751390492,5.0,0.8562372339941048
1085,-0.2999999999999967,0.9251860288401328,5.0,0.8570793600748446
1086,-0.2799999999999967,0.9204704827798929,5.0,0.8575991977271495
1087,-0.2599999999999967,0.9154296198248512,5.0,0.8577796880589624
1088,-0.2399999999999966,0.9100278878873164,5.0,0.8576066585882812
1089,-0.2199999999999966,0.9042242240932382,5.0,0.8570683253170779
1090,-0.1999999999999966,0.8979715155845592,5.0,0.8561548281905106
1091,-0.1799999999999966,0.8912161386096982,5.0,0.8548577946028125
1092,-0.1599999999999966,0.8838976330849297,5.0,0.853169925444512
1093,-0.1399999999999965,0.8759485894728842,5.0,0.8510845979985793
1094,-0.1199999999999965,0.8672948483677313,5.0,0.8485954797484951
1095,-0.0999999999999965,0.8578561391633621,5.0,0.8456961468271759
1096,-0.0799999999999965,0.8475473093070413,5.0,0.8423797003827198
1097,-0.0599999999999965,0.8362803139769324,5.0,0.8386383735359793
1098,-0.0399999999999964,0.8239671384012033,5.0,0.8344631208257823
1099,-0.0199999999999964,0.8105237990178358,5.0,0.8298431810493127
1100,3.552713678800501e-15,0.7958755007340294,5.0,0.8247656031760048
1101,0.0200000000000031,0.7799629022855479,5.0,0.8192147235142564
1102,0.0400000000000035,0.7627492536393585,5.0,0.8131715805195485
1103,0.060000000000004,0.7442279270023899,5.0,0.8066132515453492
1104,0.0800000000000036,0.7244295979360827,5.0,0.7995120934820302
1105,0.1000000000000032,0.7034281042003998,5.0,0.7918348666904682
1106,0.1200000000000036,0.6813438974979146,5.0,0.7835417191026085
1107,0.1400000000000041,0.6583440887151157,5.0,0.7745850051848301
1108,0.1600000000000037,0.6346384204082904,5.0,0.7649079132647028
1109,0.1800000000000032,0.610471064889839,5.0,0.7544428755599277
1110,0.2000000000000037,0.5861088424503438,5.0,0.7431097398396863
1111,0.2200000000000042,0.5618271148510985,5.0,0.7308136927354671
1112,0.2400000000000037,0.5378950521076616,5.0,0.7174429465745199
1113,0.2600000000000033,0.5145620672530846,5.0,0.7028662407457573
1114,0.2800000000000038,0.4920469409433046,5.0,0.6869302746906517
1115,0.3000000000000042,0.4705306048996756,5.0,0.6694572965291626
1116,0.3200000000000038,0.4501528828372496,5.0,0.6502432381617264
1117,0.3400000000000034,0.4310128711146054,5.0,0.629057038904176
1118,0.3600000000000039,0.4131722025221258,5.0,0.6056421631542117
1119,0.3800000000000043,0.3966602247163439,5.0,0.5797218173698405
1120,0.4000000000000039,0.3814801209748475,5.0,0.5510100110627598
1121,0.4200000000000035,0.3676151446450859,5.0,0.5192313337539827
1122,0.4400000000000039,0.3550343576648379,5.0,0.4841529687079691
1123,0.4600000000000044,0.343697495932289,5.0,0.4456326689468115
1124,0.480000000000004,0.3335587887537902,5.0,0.4036855284102803
1125,0.5000000000000036,0.3245697159059757,5.0,0.3585694395252817
1126,0.520000000000004,0.3166807902096454,5.0,0.3108831177386955
1127,0.5400000000000045,0.3098425122040287,5.0,0.2616610980915136
1128,0.560000000000004,0.3040056673707195,5.0,0.21243863349397288
1129,0.5800000000000036,0.2991211369139421,5.0,0.16525055551889445
1130,0.6000000000000041,0.2951393803390971,5.0,0.12252950557443283
1131,0.6200000000000045,0.2920097294374744,5.0,0.08688768915571415
1132,0.6400000000000041,0.2896796135367717,5.0,0.06080253360887193
1133,0.6600000000000037,0.2880938173719017,5.0,0.04626798715582527
1134,0.6800000000000042,0.2871938561671948,5.0,0.04449815513627416
1135,0.7000000000000046,0.2869175367813449,5.0,0.05576143134822277
1136,0.7200000000000042,0.287198757776603,5.0,0.07938256828871648
1137,0.7400000000000038,0.2879675838203296,5.0,0.11389751566361145
1138,0.7600000000000042,0.289150610261675,5.0,0.15730613315929526
1139,0.7800000000000047,0.2906716122901234,5.0,0.20735446458044915
1140,0.8000000000000043,0.2924524509910784,5.0,0.2617887609636451
1141,0.8200000000000038,0.2944141878747246,5.0,0.3185463960154014
1142,0.8400000000000043,0.2964783424553908,5.0,0.37587262190833093
1143,0.8600000000000048,0.2985682164169584,5.0,0.43236978548026006
1144,0.8800000000000043,0.3006102043223035,5.0,0.4869951099712887
1145,0.9000000000000039,0.302535015125642,5.0,0.5390255886939702
1146,0.9200000000000044,0.3042787401296356,5.0,0.5880064010864945
1147,0.9400000000000048,0.3057837196591877,5.0,0.6336950302437471
1148,0.9600000000000044,0.306999180126058,5.0,0.6760087649192581
1149,0.980000000000004,0.3078816327229155,5.0,0.7149795271346935
1150,1.0000000000000044,0.3083950424380132,5.0,0.7507173301834494
1151,1.020000000000005,0.3085107898144046,5.0,0.7833820786369124
1152,1.0400000000000045,0.3082074570875771,5.0,0.8131626276477081
1153,1.060000000000004,0.3074704749818917,5.0,0.8402617504881734
1154,1.0800000000000043,0.3062916670798585,5.0,0.8648856945837428
1155,1.100000000000005,0.3046687262097921,5.0,0.8872371789992143
1156,1.1200000000000043,0.3026046527707037,5.0,0.9075109035492271
1157,1.140000000000004,0.3001071793236814,5.0,0.9258908497975178
1158,1.1600000000000046,0.2971881999557279,5.0,0.9425488345716583
1159,1.180000000000005,0.2938632174736805,5.0,0.9576439211616277
1160,1.2000000000000046,0.2901508167959082,5.0,0.9713224042024479
1161,1.2200000000000042,0.2860721691640629,5.0,0.983718166733233
1162,1.2400000000000049,0.2816505690289544,5.0,0.994953268082929
1163,1.2600000000000051,0.2769110036002129,5.0,1.0051386644945113
1164,1.2800000000000047,0.2718797539522089,5.0,1.0143749952168555
1165,1.3000000000000045,0.266584026083474,5.0,1.0227533886061193
1166,1.3200000000000047,0.2610516102648935,5.0,1.030356258146883
1167,1.3400000000000052,0.2553105672277546,5.0,1.037258069089113
1168,1.3600000000000048,0.2493889401037509,5.0,1.0435260639337718
1169,1.3800000000000043,0.2433144914299149,5.0,1.049220940234494
1170,1.4000000000000048,0.2371144648950716,5.0,1.0543974777850598
1171,1.4200000000000053,0.2308153717798447,5.0,1.059105114706268
1172,1.4400000000000048,0.2244428022020872,5.0,1.0633884735670496
1173,1.4600000000000044,0.2180212613155917,5.0,1.067287839712295
1174,1.4800000000000049,0.2115740305289533,5.0,1.0708395945948463
1175,1.500000000000005,0.2051230536312062,5.0,1.0740766072440167
1176,1.520000000000005,0.198688847455772,5.0,1.0770285871363527
1177,1.5400000000000045,0.1922904364120486,5.0,1.0797224017300038
1178,1.560000000000005,0.1859453098925101,5.0,1.0821823618280824
1179,1.5800000000000054,0.1796694012481739,5.0,1.0844304777820373
1180,1.600000000000005,0.1734770867385929,5.0,1.086486689357155
1181,1.6200000000000043,0.1673812026210245,5.0,1.0883690718756482
1182,1.640000000000005,0.1613930783587167,5.0,1.0900940210402779
1183,1.6600000000000057,0.1555225838065785,5.0,1.0916764186311416
1184,1.680000000000005,0.1497781881752891,5.0,1.0931297810654643
1185,1.7000000000000046,0.1441670285795147,5.0,1.094466392618389
1186,1.720000000000005,0.1386949860364649,5.0,1.0956974249237406
1187,1.7400000000000055,0.1333667668894124,5.0,1.0968330442085559
1188,1.7600000000000051,0.1281859877776303,5.0,1.0978825075639123
1189,1.7800000000000047,0.1231552624494924,5.0,1.0988542494171256
1190,1.8000000000000052,0.1182762889095148,5.0,1.0997559592460346
1191,1.8200000000000056,0.1135499355937959,5.0,1.1005946514640725
1192,1.8400000000000047,0.1089763254737088,5.0,1.1013767283043718
1193,1.8600000000000048,0.1045549171880723,5.0,1.1021080364411027
1194,1.8800000000000048,0.1002845824941095,5.0,1.1027939180059458
1195,1.9000000000000057,0.0961636795032879,5.0,1.1034392565859314
1196,1.9200000000000053,0.0921901213270246,5.0,1.1040485187250264
1197,1.9400000000000048,0.0883614398976174,5.0,1.104625791395134
1198,1.9600000000000053,0.0846748448511164,5.0,1.1051748158516455
1199,1.9800000000000055,0.0811272774613335,5.0,1.1056990182438347
1200,-1.9999999999999984,0.9536504466036712,6.0,0.7416495393620851
1201,-1.9799999999999984,0.954139427844218,6.0,0.7705338617094273
1202,-1.9599999999999984,0.9546578759943234,6.0,0.7988269397027061
1203,-1.9399999999999984,0.9552088018905772,6.0,0.8264426978383518
1204,-1.9199999999999984,0.9557950939986548,6.0,0.8532924409078791
1205,-1.899999999999998,0.9564194813219754,6.0,0.8792850768331407
1206,-1.879999999999998,0.9570844961719815,6.0,0.9043273702693487
1207,-1.859999999999998,0.9577924374611634,6.0,0.9283242331166743
1208,-1.839999999999998,0.9585453351922916,6.0,0.9511790607146408
1209,-1.819999999999998,0.9593449168056272,6.0,0.9727941258376839
1210,-1.799999999999998,0.9601925760092272,6.0,0.993071046754317
1211,-1.779999999999998,0.9610893446561342,6.0,1.0119113506255435
1212,-1.759999999999998,0.9620358681477024,6.0,1.0292171594282484
1213,-1.739999999999998,0.9630323847373504,6.0,1.0448920323493596
1214,-1.719999999999998,0.9640787089873134,6.0,1.0588420060372004
1215,-1.699999999999998,0.9651742194971352,6.0,1.0709768818560719
1216,-1.679999999999998,0.9663178508817372,6.0,1.0812118167208669
1217,-1.659999999999998,0.9675080898342312,6.0,1.0894692801329726
1218,-1.639999999999998,0.9687429749694164,6.0,1.0956814430792579
1219,-1.619999999999998,0.9700201000127964,6.0,1.0997930621490584
1220,-1.599999999999998,0.9713366197810884,6.0,1.1017649113479762
1221,-1.579999999999998,0.9726892582965668,6.0,1.1015777904650348
1222,-1.5599999999999978,0.9740743182914334,6.0,1.0992370974528467
1223,-1.5399999999999978,0.97548769129048,6.0,1.0947778876787726
1224,-1.5199999999999978,0.9769248674106276,6.0,1.088270250292846
1225,-1.4999999999999978,0.9783809439832332,6.0,1.079824709019776
1226,-1.4799999999999978,0.9798506320872566,6.0,1.0695972045086306
1227,-1.4599999999999975,0.981328260075737,6.0,1.0577930503941875
1228,-1.4399999999999975,0.9828077731811216,6.0,1.0446691015420302
1229,-1.4199999999999977,0.9842827282931108,6.0,1.0305332734860155
1230,-1.3999999999999977,0.985746283011928,6.0,1.0157405656074268
1231,-1.3799999999999977,0.9871911780863049,6.0,1.000684932786077
1232,-1.3599999999999977,0.9886097123451792,6.0,0.9857867729329365
1233,-1.3399999999999976,0.9899937092214312,6.0,0.971476456885005
1234,-1.3199999999999976,0.991334473941579,6.0,0.9581751468361868
1235,-1.2999999999999976,0.9926227404141866,6.0,0.9462749518379479
1236,-1.2799999999999976,0.993848606789146,6.0,0.9361209936827128
1237,-1.2599999999999976,0.995001458577868,6.0,0.9279979384321085
1238,-1.2399999999999975,0.9960698781191116,6.0,0.9221228396998115
1239,-1.2199999999999975,0.9970415390459504,6.0,0.9186448209731104
1240,-1.1999999999999975,0.9979030842562884,6.0,0.9176505342655166
1241,-1.1799999999999975,0.9986399857141176,6.0,0.9191729621320547
1242,-1.1599999999999977,0.999236384214822,6.0,0.9232004183813024
1243,-1.1399999999999977,0.9996749070419378,6.0,0.9296827408945603
1244,-1.1199999999999974,0.9999364612354916,6.0,0.9385325306255514
1245,-1.0999999999999974,0.999999999999998,6.0,0.9496205209787986
1246,-1.0799999999999974,0.9998422596284118,6.0,0.9627653728312049
1247,-1.0599999999999974,0.9994374642432908,6.0,0.9777191320245573
1248,-1.0399999999999974,0.9987569957105208,6.0,0.9941502185227439
1249,-1.0199999999999974,0.9977690263377852,6.0,1.0116262713990694
1250,-0.9999999999999972,0.9964381125312904,6.0,1.0295996463103554
1251,-0.9799999999999972,0.994724748587943,6.0,1.047398984189584
1252,-0.9599999999999972,0.9925848814297572,6.0,1.0642309989548524
1253,-0.9399999999999972,0.9899693895810324,6.0,1.0791971702612233
1254,-0.9199999999999972,0.9868235333484152,6.0,1.0913298019251858
1255,-0.8999999999999972,0.9830863883575732,6.0,1.0996501744987768
1256,-0.8799999999999972,0.9786902817568464,6.0,1.1032476758404242
1257,-0.8599999999999972,0.973560259983976,6.0,1.101372887897328
1258,-0.8399999999999972,0.967613629456606,6.0,1.0935308888323731
1259,-0.8199999999999972,0.9607596272263548,6.0,1.0795560471142542
1260,-0.7999999999999972,0.9528992975894652,6.0,1.059649374543959
1261,-0.7799999999999971,0.9439256724154312,6.0,1.0343658688909279
1262,-0.7599999999999971,0.9337243762277534,6.0,1.0045511085869088
1263,-0.7399999999999971,0.9221747992755528,6.0,0.9712394999587219
1264,-0.7199999999999971,0.9091519987076696,6.0,0.9355357861156245
1265,-0.6999999999999971,0.8945294932272618,6.0,0.8985033200815226
1266,-0.679999999999997,0.8781831019874132,6.0,0.8610773655939549
1267,-0.659999999999997,0.8599959343572978,6.0,0.8240124600145863
1268,-0.639999999999997,0.8398645542036669,6.0,0.7878636206368617
1269,-0.619999999999997,0.817706214320627,6.0,0.752994708217806
1270,-0.599999999999997,0.7934668846106079,6.0,0.7196044742882193
1271,-0.579999999999997,0.7671295941775105,6.0,0.6877610817555987
1272,-0.559999999999997,0.7387224000929691,6.0,0.6574379111150788
1273,-0.5399999999999969,0.7083251263800358,6.0,0.6285460257961047
1274,-0.5199999999999969,0.6760739368011924,6.0,0.6009609692746133
1275,-0.4999999999999969,0.6421628621894735,6.0,0.5745432523353547
1276,-0.4799999999999969,0.6068416253497707,6.0,0.5491529266994358
1277,-0.4599999999999968,0.57040948642311,6.0,0.5246591556251489
1278,-0.4399999999999968,0.5332053182178536,6.0,0.5009458507456657
1279,-0.4199999999999968,0.4955946265732812,6.0,0.47791439620073356
1280,-0.3999999999999968,0.4579546516795286,6.0,0.4554843343751484
1281,-0.3799999999999968,0.4206589326349426,6.0,0.4335927105486366
1282,-0.3599999999999967,0.3840627405720095,6.0,0.41219260391176527
1283,-0.3399999999999967,0.3484905912599897,6.0,0.3912512266443679
1284,-0.3199999999999967,0.3142266917643198,6.0,0.3707478559580113
1285,-0.2999999999999967,0.281508742518866,6.0,0.3506717747969171
1286,-0.2799999999999967,0.2505250940318837,6.0,0.3310203312333869
1287,-0.2599999999999967,0.221414914923088,6.0,0.31179717976880134
1288,-0.2399999999999966,0.1942708022702048,6.0,0.29301073534276056
1289,-0.2199999999999966,0.1691431619069761,6.0,0.2746728491314113
1290,-0.1999999999999966,0.1460456872943537,6.0,0.25679770121733414
1291,-0.1799999999999966,0.1249613403971284,6.0,0.23940089667504455
1292,-0.1599999999999966,0.105848353971516,6.0,0.22249874685874288
1293,-0.1399999999999965,0.0886459038936285,6.0,0.20610771548245144
1294,-0.1199999999999965,0.0732792227076123,6.0,0.1902440085751756
1295,-0.0999999999999965,0.059664029806949,6.0,0.17492328796041504
1296,-0.0799999999999965,0.0477102348097194,6.0,0.16016048912211656
1297,-0.0599999999999965,0.037324928767068,6.0,0.14596972588271928
1298,-0.0399999999999964,0.0284147156617559,6.0,0.13236426603179444
1299,-0.0199999999999964,0.02088745823222,6.0,0.11935656376999654
1300,3.552713678800501e-15,0.0146535216741077,6.0,0.1069583364814168
1301,0.0200000000000031,0.0096265999573413,6.0,0.09518067485717857
1302,0.0400000000000035,0.0057242053756195,6.0,0.08403417672383247
1303,0.060000000000004,0.0028678947876401,6.0,0.07352909605365866
1304,0.0800000000000036,0.0009832974077418,6.0,0.06367549952987069
1305,0.1000000000000032,-2.418757474599177e-16,6.0,0.054483423690712525
1306,0.1200000000000036,-0.0001486634492461,6.0,0.04596302606576429
1307,0.1400000000000041,0.0004741212761707,6.0,0.03812472382673366
1308,0.1600000000000037,0.0018083563105589,6.0,0.030979313281371636
1309,0.1800000000000032,0.0037969386532855,6.0,0.02453806301570905
1310,0.2000000000000037,0.0063853849070141,6.0,0.018812772603574668
1311,0.2200000000000042,0.0095215869780999,6.0,0.013815787514639457
1312,0.2400000000000037,0.01315560719419,6.0,0.009559959119345108
1313,0.2600000000000033,0.0172395171993098,6.0,0.006058536464926726
1314,0.2800000000000038,0.0217272815017558,6.0,0.0033249737379818832
1315,0.3000000000000042,0.0265746836732601,6.0,0.0013726340036596364
1316,0.3200000000000038,0.0317392909303498,6.0,0.00021436591409934976
1317,0.3400000000000034,0.0371804511665181,6.0,-0.00013807434595034597
1318,0.3600000000000039,0.0428593154305668,6.0,0.000325211572882825
1319,0.3800000000000043,0.0487388783288733,6.0,0.0016112740195829247
1320,0.4000000000000039,0.0547840288147342,6.0,0.0037230583681606678
1321,0.4200000000000035,0.0609616042452526,6.0,0.006657835986221826
1322,0.4400000000000039,0.0672404413495355,6.0,0.01040527742940022
1323,0.4600000000000044,0.0735914187660658,6.0,0.014945126794542988
1324,0.480000000000004,0.0799874869741907,6.0,0.020244449625497117
1325,0.5000000000000036,0.0864036826713013,6.0,0.026254454712731246
1326,0.520000000000004,0.0928171258500704,6.0,0.032906941131472925
1327,0.5400000000000045,0.0992069989408278,6.0,0.04011050859782524
1328,0.560000000000004,0.10555450835186,6.0,0.04774680993167877
1329,0.5800000000000036,0.1118428295329482,6.0,0.05566734433379828
1330,0.6000000000000041,0.11805703729002,6.0,0.06369162205055824
1331,0.6200000000000045,0.1241840234921326,6.0,0.0716080126054326
1332,0.6400000000000041,0.1302124045490384,6.0,0.07917925333053262
1333,0.6600000000000037,0.1361324211199964,6.0,0.08615544661038006
1334,0.6800000000000042,0.1419358324692347,6.0,0.09229833733205567
1335,0.7000000000000046,0.1476158077395329,6.0,0.09742149085839999
1336,0.7200000000000042,0.1531668162012948,6.0,0.10145113990267757
1337,0.7400000000000038,0.158584518276489,6.0,0.1045109569612167
1338,0.7600000000000042,0.1638656588572846,6.0,0.10702942804986794
1339,0.7800000000000047,0.1690079641566157,6.0,0.10985942460176852
1340,0.8000000000000043,0.1740100430560371,6.0,0.11438571121809986
1341,0.8200000000000038,0.1788712936649608,6.0,0.1225803124845789
1342,0.8400000000000043,0.1835918155808142,6.0,0.13695557109219317
1343,0.8600000000000048,0.1881723281450555,6.0,0.16037189815747674
1344,0.8800000000000043,0.192614094825928,6.0,0.19569067166042106
1345,0.9000000000000039,0.1969188537245481,6.0,0.24531869189396438
1346,0.9200000000000044,0.2010887540940711,6.0,0.3107467805827073
1347,0.9400000000000048,0.2051262986795405,6.0,0.39220979139701734
1348,0.9600000000000044,0.2090342916252759,6.0,0.488569012633529
1349,0.980000000000004,0.2128157916541196,6.0,0.5974497142070361
1350,1.0000000000000044,0.216474070195344,6.0,0.7155885979143363
1351,1.020000000000005,0.2200125741226783,6.0,0.8392918214325983
1352,1.0400000000000045,0.2234348927581828,6.0,0.9648908683033871
1353,1.060000000000004,0.2267447287993927,6.0,1.0891070257676267
1354,1.0800000000000043,0.229945872834366,6.0,1.2092786699969766
1355,1.100000000000005,0.2330421811205806,6.0,1.323449383993222
1356,1.1200000000000043,0.2360375563176822,6.0,1.430345318010784
1357,1.140000000000004,0.2389359308799945,6.0,1.5292826479168689
1358,1.1600000000000046,0.2417412528316648,6.0,1.6200438173108713
1359,1.180000000000005,0.244457473664803,6.0,1.7027512324860228
1360,1.2000000000000046,0.2470885381184604,6.0,1.7777553907657961
1361,1.2200000000000042,0.2496383756135758,6.0,1.8455447432945722
1362,1.2400000000000049,0.2521108931358155,6.0,1.9066781622963729
1363,1.2600000000000051,0.2545099693743953,6.0,1.9617374287048988
1364,1.2800000000000047,0.2568394499404509,6.0,2.0112958231286227
1365,1.3000000000000045,0.2591031435032227,6.0,2.055898822360603
1366,1.3200000000000047,0.2613048186962584,6.0,2.0960534240908966
1367,1.3400000000000052,0.2634482016589985,6.0,2.132223339120154
1368,1.3600000000000048,0.2655369740915292,6.0,2.1648279895730003
1369,1.3800000000000043,0.2675747717119665,6.0,2.194243842731989
1370,1.4000000000000048,0.2695651830169825,6.0,2.2208070707913277
1371,1.4200000000000053,0.2715117482563316,6.0,2.244816867065418
1372,1.4400000000000048,0.2734179585420576,6.0,2.266538990800973
1373,1.4600000000000044,0.275287255022274,6.0,2.2862092790285717
1374,1.4800000000000049,0.2771230280581771,6.0,2.304036975228692
1375,1.500000000000005,0.2789286163511709,6.0,2.3202077971543993
1376,1.520000000000005,0.2807073059748621,6.0,2.3348867120649333
1377,1.5400000000000045,0.282462329274061,6.0,2.348220415612778
1378,1.560000000000005,0.284196863600026,6.0,2.3603395268099114
1379,1.5800000000000054,0.2859140298578094,6.0,2.3713605200725247
1380,1.600000000000005,0.2876168908480015,6.0,2.3813874191330746
1381,1.6200000000000043,0.2893084493911048,6.0,2.390513278486099
1382,1.640000000000005,0.2909916462285321,6.0,2.3988214772199297
1383,1.6600000000000057,0.2926693576995624,6.0,2.406386848361302
1384,1.680000000000005,0.2943443931986843,6.0,2.4132766647130994
1385,1.7000000000000046,0.2960194924224497,6.0,2.4195514998947747
1386,1.720000000000005,0.2976973224193872,6.0,2.425265981073931
1387,1.7400000000000055,0.2993804744605856,6.0,2.430469447800753
1388,1.7600000000000051,0.3010714607522441,6.0,2.4352065294695184
1389,1.7800000000000047,0.302772711014821,6.0,2.439517652248379
1390,1.8000000000000052,0.3044865689564029,6.0,2.4434394848373837
1391,1.8200000000000056,0.3062152886704346,6.0,2.4470053311231315
1392,1.8400000000000047,0.3079610309901386,6.0,2.4502454766794606
1393,1.8600000000000048,0.309725859833701,6.0,2.453187495098576
1394,1.8800000000000048,0.3115117385756014,6.0,2.455856519307416
1395,1.9000000000000057,0.3133205264803904,6.0,2.4582754823122865
1396,1.9200000000000053,0.3151539752356524,6.0,2.460465331204857
1397,1.9400000000000048,0.3170137256209594,6.0,2.462445217740226
1398,1.9600000000000053,0.3189013043492009,6.0,2.464232668350468
1399,1.9800000000000055,0.3208181211159015,6.0,2.4658437360737655
1400,-1.9999999999999984,0.0009405933431629,7.0,-0.05455654199454355
1401,-1.9799999999999984,0.0008598579014835,7.0,-0.0637327972931952
1402,-1.9599999999999984,0.0007806452351653,7.0,-0.0719886618081951
1403,-1.9399999999999984,0.0007032032329792,7.0,-0.07926723413852063
1404,-1.9199999999999984,0.000627799186454,7.0,-0.08551174545938686
1405,-1.899999999999998,0.0005547213277901,7.0,-0.0906661214050458
1406,-1.879999999999998,0.0004842805521127,7.0,-0.09467568240591025
1407,-1.859999999999998,0.0004168123555124,7.0,-0.09748801361025383
1408,-1.839999999999998,0.0003526790260955,7.0,-0.0990540417213111
1409,-1.819999999999998,0.0002922721321201,7.0,-0.09932936310844805
1410,-1.799999999999998,0.0002360153593991,7.0,-0.09827587532127036
1411,-1.779999999999998,0.0001843677597866,7.0,-0.09586377243149004
1412,-1.759999999999998,0.0001378274840148,7.0,-0.0920739730318341
1413,-1.739999999999998,9.693608578712366e-05,7.0,-0.08690105751629264
1414,-1.719999999999998,6.228350030872839e-05,7.0,-0.08035679729919144
1415,-1.699999999999998,3.451381990372264e-05,7.0,-0.07247436113356104
1416,-1.679999999999998,1.433201269443038e-05,7.0,-0.0633132800422855
1417,-1.659999999999998,2.5117583385623216e-06,7.0,-0.052965238806677035
1418,-1.639999999999998,-9.539145210515949e-08,7.0,-0.04156073317329443
1419,-1.619999999999998,7.450720795863124e-06,7.0,-0.029276580688918526
1420,-1.599999999999998,2.6191462792151004e-05,7.0,-0.016344189653200128
1421,-1.579999999999998,5.728424484805433e-05,7.0,-0.0030583624265798303
1422,-1.5599999999999978,0.0001020200094667,7.0,0.010213779829099903
1423,-1.5399999999999978,0.0001618438951883,7.0,0.023024433716285105
1424,-1.5199999999999978,0.0002383796983124,7.0,0.034838367885863926
1425,-1.4999999999999978,0.0003334588857443,7.0,0.04502935438792699
1426,-1.4799999999999978,0.0004491550698206,7.0,0.052881992873960705
1427,-1.4599999999999975,0.0005878250474608,7.0,0.057601968789129696
1428,-1.4399999999999975,0.0007521577382296,7.0,0.058338771588156334
1429,-1.4199999999999977,0.0009452326367997,7.0,0.05422597793087851
1430,-1.3999999999999977,0.0011705897336043,7.0,0.044445198329055496
1431,-1.3799999999999977,0.0014323132624768,7.0,0.0283203018170392
1432,-1.3599999999999977,0.0017351321148331,7.0,0.0054478158063917355
1433,-1.3399999999999976,0.0020845403239211,7.0,-0.024133869241595683
1434,-1.3199999999999976,0.0024869416733795,7.0,-0.05974172940675016
1435,-1.2999999999999976,0.002949823217506,7.0,-0.09983221704024882
1436,-1.2799999999999976,0.0034819632980371,7.0,-0.1418179381173308
1437,-1.2599999999999976,0.0040936804623328,7.0,-0.18199822544458968
1438,-1.2399999999999975,0.0047971304517121,7.0,-0.21572368737248127
1439,-1.2199999999999975,0.0056066589996191,7.0,-0.23793210038563894
1440,-1.1999999999999975,0.0065392183344775,7.0,-0.24413684743022857
1441,-1.1799999999999975,0.0076148546744599,7.0,-0.23175195961255277
1442,-1.1599999999999977,0.0088572721120398,7.0,-0.20129836879756952
1443,-1.1399999999999977,0.0102944743698647,7.0,-0.15676766083268928
1444,-1.1199999999999974,0.0119594789431356,7.0,-0.10463433394757324
1445,-1.0999999999999974,0.0138910867986007,7.0,-0.05182844372513205
1446,-1.0799999999999974,0.0161346734773566,7.0,-0.0037525633653410564
1447,-1.0599999999999974,0.0187429424414179,7.0,0.03667991056351802
1448,-1.0399999999999974,0.0217765473843076,7.0,0.06884972330391068
1449,-1.0199999999999974,0.0253044465697706,7.0,0.09361885835510515
1450,-0.9999999999999972,0.0294038008226632,7.0,0.11249100166275136
1451,-0.9799999999999972,0.0341591731364568,7.0,0.12703746151021492
1452,-0.9599999999999972,0.0396607432399471,7.0,0.1386113804475212
1453,-0.9399999999999972,0.0460012333177966,7.0,0.14825997478385095
1454,-0.9199999999999972,0.0532712768769256,7.0,0.15673911275818608
1455,-0.8999999999999972,0.0615530804587898,7.0,0.16456607294479098
1456,-0.8799999999999972,0.0709124512985366,7.0,0.1720772165966568
1457,-0.8599999999999972,0.0813895975361422,7.0,0.179477266012874
1458,-0.8399999999999972,0.0929895194117795,7.0,0.18687714865295532
1459,-0.8199999999999972,0.1056732201469889,7.0,0.1943216179671863
1460,-0.7999999999999972,0.1193512500158937,7.0,0.20180904899234559
1461,-0.7799999999999971,0.1338811177872688,7.0,0.20930569511279673
1462,-0.7599999999999971,0.1490697599916862,7.0,0.2167561723846998
1463,-0.7399999999999971,0.1646815470322108,7.0,0.22409139389355745
1464,-0.7199999999999971,0.1804513520802962,7.0,0.2312347406578038
1465,-0.6999999999999971,0.1961012479945354,7.0,0.23810694916213235
1466,-0.679999999999997,0.2113586939737032,7.0,0.24463000001381544
1467,-0.659999999999997,0.2259738223141349,7.0,0.25073017920708895
1468,-0.639999999999997,0.2397336879586522,7.0,0.25634042678097335
1469,-0.619999999999997,0.2524719971061934,7.0,0.26140206623115136
1470,-0.599999999999997,0.2640736827139097,7.0,0.2658660062381154
1471,-0.579999999999997,0.2744745231273582,7.0,0.26969351305823375
1472,-0.559999999999997,0.2836566376250707,7.0,0.27285665993823033
1473,-0.5399999999999969,0.2916410590596803,7.0,0.27533856464922574
1474,-0.5199999999999969,0.2984786816230694,7.0,0.27713352528364765
1475,-0.4999999999999969,0.3042407689809973,7.0,0.2782471568373073
1476,-0.4799999999999969,0.3090099653230639,7.0,0.27869661668067425
1477,-0.4599999999999968,0.3128724572035678,7.0,0.2785109860482315
1478,-0.4399999999999968,0.3159116479826244,7.0,0.2777318473814294
1479,-0.4199999999999968,0.3182034674330551,7.0,0.2764140637248159
1480,-0.3999999999999968,0.3198132639285013,7.0,0.27462672593504595
1481,-0.3799999999999968,0.3207941166194038,7.0,0.2724541851953169
1482,-0.3599999999999967,0.3211863507424355,7.0,0.2699970305160994
1483,-0.3399999999999967,0.3210180262630654,7.0,0.2673728009370649
1484,-0.3199999999999967,0.3203061831619561,7.0,0.26471613620775053
1485,-0.2999999999999967,0.3190586524820595,7.0,0.262177962363316
1486,-0.2799999999999967,0.3172762706064967,7.0,0.2599231723296074
1487,-0.2599999999999967,0.3149553584623322,7.0,0.2581260869936802
1488,-0.2399999999999966,0.3120903438868623,7.0,0.25696275917371
1489,-0.2199999999999966,0.3086764132557538,7.0,0.25659890701951915
1490,-0.1999999999999966,0.3047120787129685,7.0,0.2571719504441665
1491,-0.1799999999999966,0.3002015426937875,7.0,0.2587653460988209
1492,-0.1599999999999966,0.2951567359807654,7.0,0.2613733765109725
1493,-0.1399999999999965,0.2895989042807442,7.0,0.2648552261254712
1494,-0.1199999999999965,0.2835596264645734,7.0,0.26887955717487727
1495,-0.0999999999999965,0.2770811695305173,7.0,0.2728666255688925
1496,-0.0799999999999965,0.2702161232929683,7.0,0.2759466461543221
1497,-0.0599999999999965,0.2630263107524603,7.0,0.27697212723007814
1498,-0.0399999999999964,0.2555810331868627,7.0,0.27464394606416886
1499,-0.0199999999999964,0.2479547737951483,7.0,0.26781694676399026
1500,3.552713678800501e-15,0.2402245397271737,7.0,0.256001755857827
1501,0.0200000000000031,0.2324670593335289,7.0,0.23994008174737833
1502,0.0400000000000035,0.2247560621662779,7.0,0.22194391457600865
1503,0.060000000000004,0.2171598513028212,7.0,0.20563610623152356
1504,0.0800000000000036,0.2097393342803577,7.0,0.19500151808253363
1505,0.1000000000000032,0.2025466184657814,7.0,0.19314287875856684
1506,0.1200000000000036,0.1956242098597603,7.0,0.20138797539383255
1507,0.1400000000000041,0.189004791936066,7.0,0.2191418132342925
1508,0.1600000000000037,0.1827115115650195,7.0,0.24438383438481262
1509,0.1800000000000032,0.1767586670329942,7.0,0.2744203940142708
1510,0.2000000000000037,0.1711526793815732,7.0,0.30654272220881396
1511,0.2200000000000042,0.1658932303264509,7.0,0.3384350483290042
1512,0.2400000000000037,0.1609744635859652,7.0,0.3683399648001676
1513,0.2600000000000033,0.1563861667156731,7.0,0.39505846575299713
1514,0.2800000000000038,0.1521148731482461,7.0,0.4178654792456822
1515,0.3000000000000042,0.1481448457748696,7.0,0.4363982551992153
1516,0.3200000000000038,0.1444589220022072,7.0,0.4505495867872965
1517,0.3400000000000034,0.1410392148138139,7.0,0.4603795868728076
1518,0.3600000000000039,0.1378676748317959,7.0,0.4660492154994395
1519,0.3800000000000043,0.1349265251233768,7.0,0.46777379168429356
1520,0.4000000000000039,0.1321985842062024,7.0,0.4657930357602367
1521,0.4200000000000035,0.1296674941262881,7.0,0.4603541530939724
1522,0.4400000000000039,0.1273178703130895,7.0,0.4517051297913574
1523,0.4600000000000044,0.1251353887432159,7.0,0.44009627623743636
1524,0.480000000000004,0.1231068242202949,7.0,0.42578890898604355
1525,0.5000000000000036,0.1212200516287215,7.0,0.40907082768139447
1526,0.520000000000004,0.1194640200608878,7.0,0.39027889265056426
1527,0.5400000000000045,0.1178287078839922,7.0,0.3698294915362017
1528,0.560000000000004,0.1163050651750114,7.0,0.3482578443484668
1529,0.5800000000000036,0.1148849485397683,7.0,0.3262665171301019
1530,0.6000000000000041,0.1135610521458733,7.0,0.30478119374510443
1531,0.6200000000000045,0.1123268378251848,7.0,0.28500546215232986
1532,0.6400000000000041,0.1111764663164766,7.0,0.26845142243600845
1533,0.6600000000000037,0.1101047310972617,7.0,0.2568901915910854
1534,0.6800000000000042,0.1091069957691622,7.0,0.25210028426498926
1535,0.7000000000000046,0.108179135589676,7.0,0.2551737533937986
1536,0.7200000000000042,0.1073174834631886,7.0,0.2649798081231376
1537,0.7400000000000038,0.1065187804971587,7.0,0.27535364748560887
1538,0.7600000000000042,0.105780131080079,7.0,0.27137295107785997
1539,0.7800000000000047,0.1050989623333398,7.0,0.22833525766930496
1540,0.8000000000000043,0.1044729877191524,7.0,0.12307106795881353
1541,0.8200000000000038,0.1039001745429585,7.0,-0.03580306110913952
1542,0.8400000000000043,0.1033787150646788,7.0,-0.186739632972444
1543,0.8600000000000048,0.1029070009236115,7.0,-0.2525592367375699
1544,0.8800000000000043,0.1024836005827557,7.0,-0.20317005050662298
1545,0.9000000000000039,0.1021072395067116,7.0,-0.0633556222232376
1546,0.9200000000000044,0.1017767828007404,7.0,0.12263678543459833
1547,0.9400000000000048,0.1014912200552281,7.0,0.3185187087909056
1548,0.9600000000000044,0.1012496521583577,7.0,0.5031761588175502
1549,0.980000000000004,0.1010512798592233,7.0,0.6675953928672244
1550,1.0000000000000044,0.1008953938831914,7.0,0.8098742222895837
1551,1.020000000000005,0.1007813664204905,7.0,0.9314631592449409
1552,1.0400000000000045,0.1007086438274107,7.0,1.0349962191585094
1553,1.060000000000004,0.1006767403968809,7.0,1.1232424516573456
1554,1.0800000000000043,0.1006852330713923,7.0,1.1986871439974367
1555,1.100000000000005,0.1007337569861673,7.0,1.2634187394694363
1556,1.1200000000000043,0.1008220017441016,7.0,1.3191444198714246
1557,1.140000000000004,0.1009497083363259,7.0,1.3672485350871695
1558,1.1600000000000046,0.1011166666332988,7.0,1.4088566951966495
1559,1.180000000000005,0.101322713381161,7.0,1.4448918445328227
1560,1.2000000000000046,0.1015677306467853,7.0,1.4761190233939778
1561,1.2200000000000042,0.1018516446625491,7.0,1.5031795846211344
1562,1.2400000000000049,0.1021744250284791,7.0,1.5266168564814653
1563,1.2600000000000051,0.1025360842351194,7.0,1.5468953096020703
1564,1.2800000000000047,0.1029366774753473,7.0,1.5644149568656922
1565,1.3000000000000045,0.1033763027174876,7.0,1.5795223127558784
1566,1.3200000000000047,0.1038551010155436,7.0,1.5925188815677223
1567,1.3400000000000052,0.104373257035226,7.0,1.603667863499384
1568,1.3600000000000048,0.104930999776815,7.0,1.613199560900161
1569,1.3800000000000043,0.1055286034777857,7.0,1.6213158200808357
1570,1.4000000000000048,0.1061663886796285,7.0,1.6281937421436221
1571,1.4200000000000053,0.1068447234444707,7.0,1.633988826531391
1572,1.4400000000000048,0.1075640247079841,7.0,1.638837663642272
1573,1.4600000000000044,0.1083247597557153,7.0,1.6428602607922622
1574,1.4800000000000049,0.1091274478104267,7.0,1.6461620640419077
1575,1.500000000000005,0.109972661718331,7.0,1.6488357235088291
1576,1.520000000000005,0.1108610297222686,7.0,1.650962639457178
1577,1.5400000000000045,0.1117932373099467,7.0,1.65261431914914
1578,1.560000000000005,0.1127700291253567,7.0,1.6538535691474676
1579,1.5800000000000054,0.1137922109314243,7.0,1.6547355438056461
1580,1.600000000000005,0.1148606516118478,7.0,1.6553086676394433
1581,1.6200000000000043,0.115976285199961,7.0,1.6556154468577242
1582,1.640000000000005,0.1171401129223109,7.0,1.6556931833570183
1583,1.6600000000000057,0.1183532052444975,7.0,1.6555746028336844
1584,1.680000000000005,0.1196167039066631,7.0,1.6552884072598932
1585,1.7000000000000046,0.1209318239358686,7.0,1.6548597607521869
1586,1.720000000000005,0.1222998556224271,7.0,1.6543107167978375
1587,1.7400000000000055,0.1237221664471088,7.0,1.6536605938687352
1588,1.7600000000000051,0.1252002029459588,7.0,1.652926305626537
1589,1.7800000000000047,0.1267354924992925,7.0,1.6521226511916975
1590,1.8000000000000052,0.1283296450312366,7.0,1.6512625703013795
1591,1.8200000000000056,0.1299843546059824,7.0,1.6503573676075065
1592,1.8400000000000047,0.1317014009066732,7.0,1.6494169098581757
1593,1.8600000000000048,0.1334826505826069,7.0,1.6484497992562228
1594,1.8800000000000048,0.1353300584501261,7.0,1.6474635258914376
1595,1.9000000000000057,0.1372456685322664,7.0,1.6464646017922673
1596,1.9200000000000053,0.1392316149218711,7.0,1.6454586788334944
1597,1.9400000000000048,0.1412901224524867,7.0,1.6444506524638751
1598,1.9600000000000053,0.1434235071609398,7.0,1.6434447529778928
1599,1.9800000000000055,0.1456341765250276,7.0,1.6424446258448329
1600,-1.9999999999999984,0.0268921272327928,8.0,0.11549710020191264
1601,-1.9799999999999984,0.0278332970804815,8.0,0.1194636713603685
1602,-1.9599999999999984,0.0287846224987186,8.0,0.12323977096433276
1603,-1.9399999999999984,0.0297456760238955,8.0,0.12679098296837443
1604,-1.9199999999999984,0.0307160285930147,8.0,0.130079867041785
1605,-1.899999999999998,0.0316952501513222,8.0,0.13306589409584157
1606,-1.879999999999998,0.0326829102543869,8.0,0.13570543434949048
1607,-1.859999999999998,0.0336785786605265,8.0,0.1379518166235457
1608,-1.839999999999998,0.0346818259089453,8.0,0.13975548235832935
1609,-1.819999999999998,0.0356922238783572,8.0,0.14106426369778977
1610,-1.799999999999998,0.0367093463202504,8.0,0.14182382203284546
1611,-1.779999999999998,0.0377327693602683,8.0,0.14197829179060312
1612,-1.759999999999998,0.0387620719604587,8.0,0.1414711840855723
1613,-1.739999999999998,0.0397968363343798,8.0,0.14024661609927683
1614,-1.719999999999998,0.0408366483062231,8.0,0.13825094451081224
1615,-1.699999999999998,0.0418810976042595,8.0,0.13543489440268136
1616,-1.679999999999998,0.0429297780779961,8.0,0.13175628768217057
1617,-1.659999999999998,0.0439822878274947,8.0,0.1271834851456062
1618,-1.639999999999998,0.0450382292323086,8.0,0.12169966041394407
1619,-1.619999999999998,0.0460972088664949,8.0,0.11530801649060768
1620,-1.599999999999998,0.0471588372851303,8.0,0.10803802790118773
1621,-1.579999999999998,0.048222728666732,8.0,0.09995273004512056
1622,-1.5599999999999978,0.0492885002949777,8.0,0.09115696310803377
1623,-1.5399999999999978,0.0503557718621422,8.0,0.08180628309989835
1624,-1.5199999999999978,0.0514241645757666,8.0,0.07211593978120572
1625,-1.4999999999999978,0.0524933000492631,8.0,0.06236884210883775
1626,-1.4799999999999978,0.0535627989564959,8.0,0.052920729303185796
1627,-1.4599999999999975,0.0546322794299056,8.0,0.04419978228087118
1628,-1.4399999999999975,0.0557013551815123,8.0,0.036696609190474086
1629,-1.4199999999999977,0.0567696333262383,8.0,0.030938947347386028
1630,-1.3999999999999977,0.0578367118874786,8.0,0.027443713084711878
1631,-1.3799999999999977,0.0589021769658572,8.0,0.026637647399539097
1632,-1.3599999999999977,0.0599655995537076,8.0,0.028737659991677274
1633,-1.3399999999999976,0.0610265319801757,8.0,0.03358466349794434
1634,-1.3199999999999976,0.0620845039750675,8.0,0.04043264689890199
1635,-1.2999999999999976,0.0631390183438611,8.0,0.047711122627416655
1636,-1.2799999999999976,0.0641895462518072,8.0,0.05280719791896079
1637,-1.2599999999999976,0.0652355221220074,8.0,0.05195584782849675
1638,-1.2399999999999975,0.0662763381609537,8.0,0.04038474875039604
1639,-1.2199999999999975,0.0673113385355145,8.0,0.012934949672836276
1640,-1.1999999999999975,0.068339813237975,8.0,-0.03452483807493667
1641,-1.1799999999999975,0.0693609916907562,8.0,-0.10245994253477293
1642,-1.1599999999999977,0.070374036160079,8.0,-0.18334525549226946
1643,-1.1399999999999977,0.071378035068365,8.0,-0.2557139400630405
1644,-1.1199999999999974,0.0723719963187487,8.0,-0.27926205856036757
1645,-1.0999999999999974,0.0733548407719203,8.0,-0.20153955761548234
1646,-1.0799999999999974,0.0743253960456678,8.0,0.003081166815085306
1647,-1.0599999999999974,0.0752823908409873,8.0,0.27046359933274555
1648,-1.0399999999999974,0.0762244500353006,8.0,0.4650079887388291
1649,-1.0199999999999974,0.0771500908228831,8.0,0.509518952475733
1650,-0.9999999999999972,0.0780577202245625,8.0,0.4323889133259542
1651,-0.9799999999999972,0.0789456343322956,8.0,0.3004550472941469
1652,-0.9599999999999972,0.0798120196983522,8.0,0.16591712094271796
1653,-0.9399999999999972,0.0806549573220937,8.0,0.05647321326890252
1654,-0.9199999999999972,0.0814724297279571,8.0,-0.01767539065836732
1655,-0.8999999999999972,0.0822623316640477,8.0,-0.055955556564389414
1656,-0.8799999999999972,0.0830224849791121,8.0,-0.06251220240549943
1657,-0.8599999999999972,0.0837506582535857,8.0,-0.043824140817146424
1658,-0.8399999999999972,0.0844445917645999,8.0,-0.007691290610199748
1659,-0.8199999999999972,0.085102028351673,8.0,0.03734353584645279
1660,-0.7999999999999972,0.0857207507157171,8.0,0.08269944483526928
1661,-0.7799999999999971,0.0862986256254414,8.0,0.1207509945506532
1662,-0.7599999999999971,0.0868336554191955,8.0,0.14590574529820463
1663,-0.7399999999999971,0.087324037074515,8.0,0.15536065010630146
1664,-0.7199999999999971,0.0877682289710352,8.0,0.14921156564682111
1665,-0.6999999999999971,0.0881650252956184,8.0,0.12988885834252933
1666,-0.679999999999997,0.0885136378341183,8.0,0.10118907739461815
1667,-0.659999999999997,0.0888137846672302,8.0,0.06727721157987655
1668,-0.639999999999997,0.0890657850461056,8.0,0.0319340526381667
1669,-0.619999999999997,0.0892706594772221,8.0,-0.0018569065676689411
1670,-0.599999999999997,0.0894302338083232,8.0,-0.03202801169850363
1671,-0.579999999999997,0.0895472458927515,8.0,-0.05735435728928312
1672,-0.559999999999997,0.0896254532337886,8.0,-0.07728891914946898
1673,-0.5399999999999969,0.0896697398886218,8.0,-0.09177655652809866
1674,-0.5199999999999969,0.089686220855902,8.0,-0.10108620705529185
1675,-0.4999999999999969,0.0896823421897837,8.0,-0.10567722994061932
1676,-0.4799999999999969,0.0896669751787351,8.0,-0.10610187325129918
1677,-0.4599999999999968,0.0896505030930897,8.0,-0.10293913422699577
1678,-0.4399999999999968,0.0896448992259261,8.0,-0.09675310720769799
1679,-0.4199999999999968,0.0896637952026593,8.0,-0.08806908865282584
1680,-0.3999999999999968,0.0897225387827334,8.0,-0.07736183968477785
1681,-0.3799999999999968,0.0898382405829819,8.0,-0.0650517415041649
1682,-0.3599999999999967,0.0900298092753571,8.0,-0.051505779687374846
1683,-0.3399999999999967,0.0903179748128352,8.0,-0.03704124973542689
1684,-0.3199999999999967,0.0907252990848509,8.0,-0.021930786299949004
1685,-0.2999999999999967,0.0912761730784233,8.0,-0.006407821545535313
1686,-0.2799999999999967,0.0919967991203627,8.0,0.009328077865563464
1687,-0.2599999999999967,0.092915156115672,8.0,0.025106317383128737
1688,-0.2399999999999966,0.0940609449131248,8.0,0.040780999930217963
1689,-0.2199999999999966,0.09546551007488,8.0,0.05622735359576022
1690,-0.1999999999999966,0.0971617334721316,8.0,0.07133889062895654
1691,-0.1799999999999966,0.0991838943537664,8.0,0.08602529604449496
1692,-0.1599999999999966,0.1015674899275627,8.0,0.10021102835751342
1693,-0.1399999999999965,0.1043490101447124,8.0,0.11383460769184435
1694,-0.1199999999999965,0.1075656603798447,8.0,0.12684856320457602
1695,-0.0999999999999965,0.1112550261400076,8.0,0.13922000909828466
1696,-0.0799999999999965,0.1154546749029699,8.0,0.15093181391172228
1697,-0.0599999999999965,0.1202016917562557,8.0,0.16198431937058774
1698,-0.0399999999999964,0.1255321477486691,8.0,0.17239755148995775
1699,-0.0199999999999964,0.1314805028170183,8.0,0.18221384704790905
1700,3.552713678800501e-15,0.1380789488142272,8.0,0.1915007925700671
1701,0.0200000000000031,0.1453567024832188,8.0,0.20035433987882947
1702,0.0400000000000035,0.1533392630537641,8.0,0.20890191960046398
1703,0.060000000000004,0.1620476542439667,8.0,0.21730531498070002
1704,0.0800000000000036,0.1714976754666957,8.0,0.22576296861040568
1705,0.1000000000000032,0.1816991915060177,8.0,0.23451125056593133
1706,0.1200000000000036,0.1926554932878292,8.0,0.24382398896769175
1707,0.1400000000000041,0.2043627640399858,8.0,0.25400923451876184
1708,0.1600000000000037,0.2168096845847502,8.0,0.26540182412917074
1709,0.1800000000000032,0.2299772083354659,8.0,0.27834993929262736
1710,0.2000000000000037,0.2438385306202003,8.0,0.2931937600101248
1711,0.2200000000000042,0.2583592683782036,8.0,0.31023483264944146
1712,0.2400000000000037,0.2734978555662641,8.0,0.3296962099593645
1713,0.2600000000000033,0.2892061475924382,8.0,0.3516758339645086
1714,0.2800000000000038,0.3054302158295033,8.0,0.376098580943074
1715,0.3000000000000042,0.3221113019262495,8.0,0.40267491831960234
1716,0.3200000000000038,0.3391868923555303,8.0,0.43087508334958685
1717,0.3400000000000034,0.3565918673224127,8.0,0.4599263228561471
1718,0.3600000000000039,0.3742596753658687,8.0,0.4888371887237378
1719,0.3800000000000043,0.3921234858659468,8.0,0.5164483071908271
1720,0.4000000000000039,0.4101172759359695,8.0,0.5415050645187943
1721,0.4200000000000035,0.42817681519975,8.0,0.5627456420147634
1722,0.4400000000000039,0.4462405208487336,8.0,0.5789983256864961
1723,0.4600000000000044,0.4642501651624765,8.0,0.5892846350189664
1724,0.480000000000004,0.4821514274110373,8.0,0.5929285979144946
1725,0.5000000000000036,0.4998942909379052,8.0,0.5896763230441229
1726,0.520000000000004,0.5174332936615783,8.0,0.5798328535213755
1727,0.5400000000000045,0.534727645892439,8.0,0.5644240748709023
1728,0.560000000000004,0.5517412331329035,8.0,0.5453885567197012
1729,0.5800000000000036,0.5684425235030272,8.0,0.5257941668252913
1730,0.6000000000000041,0.5848043998427516,8.0,0.5100494295891154
1731,0.6200000000000045,0.6008039357018251,8.0,0.5040237759610979
1732,0.6400000000000041,0.6164221326863568,8.0,0.5148734677782897
1733,0.6600000000000037,0.6316436343233689,8.0,0.550144127865311
1734,0.6800000000000042,0.6464564290279272,8.0,0.6153545987273372
1735,0.7000000000000046,0.6608515521513786,8.0,0.7089102007859445
1736,0.7200000000000042,0.6748227946314816,8.0,0.8137182461630291
1737,0.7400000000000038,0.6883664235734621,8.0,0.8888505890194995
1738,0.7600000000000042,0.7014809182302923,8.0,0.8751123521724967
1739,0.7800000000000047,0.7141667233433113,8.0,0.7357911245931951
1740,0.8000000000000043,0.7264260206414541,8.0,0.516346466965502
1741,0.8200000000000038,0.7382625184482462,8.0,0.3330685537788764
1742,0.8400000000000043,0.7496812587670588,8.0,0.2727244698295691
1743,0.8600000000000048,0.7606884408582343,8.0,0.3393534716261776
1744,0.8800000000000043,0.7712912601376405,8.0,0.48989458473888614
1745,0.9000000000000039,0.7814977611695973,8.0,0.6789585358502455
1746,0.9200000000000044,0.7913167035581812,8.0,0.8758007056609892
1747,0.9400000000000048,0.8007574396267526,8.0,1.0638683504478221
1748,0.9600000000000044,0.8098298028901006,8.0,1.2358904109018702
1749,0.980000000000004,0.8185440064476343,8.0,1.3896798755973756
1750,1.0000000000000044,0.826910550546046,8.0,1.5255209352509542
1751,1.020000000000005,0.8349401386674021,8.0,1.6447558678298555
1752,1.0400000000000045,0.8426436015891019,8.0,1.7490827448768747
1753,1.060000000000004,0.8500318289340669,8.0,1.840229769872522
1754,1.0800000000000043,0.8571157077834353,8.0,1.919816765059169
1755,1.100000000000005,0.8639060679618435,8.0,1.9893055184121051
1756,1.1200000000000043,0.8704136336298265,8.0,2.04999052191067
1757,1.140000000000004,0.8766489808318626,8.0,2.1030069754510934
1758,1.1600000000000046,0.8826225006551215,8.0,2.149345306369015
1759,1.180000000000005,0.8883443676557738,8.0,2.1898673448994135
1760,1.2000000000000046,0.8938245132089723,8.0,2.2253220506088636
1761,1.2200000000000042,0.8990726034373093,8.0,2.256359954927142
1762,1.2400000000000049,0.9040980213719751,8.0,2.2835460613297442
1763,1.2600000000000051,0.9089098530020564,8.0,2.3073711996547113
1764,1.2800000000000047,0.913516876870946,8.0,2.328261937688885
1765,1.3000000000000045,0.9179275568850364,8.0,2.3465891917038433
1766,1.3200000000000047,0.922150038008716,8.0,2.3626756851552253
1767,1.3400000000000052,0.926192144531096,8.0,2.3768023985214186
1768,1.3600000000000048,0.9300613806035374,8.0,2.389214141330415
1769,1.3800000000000043,0.933764932762571,8.0,2.4001243636311993
1770,1.4000000000000048,0.9373096741698382,8.0,2.409719310322826
1771,1.4200000000000053,0.9407021703187546,8.0,2.4181616087051103
1772,1.4400000000000048,0.9439486859763628,8.0,2.425593367721491
1773,1.4600000000000044,0.9470551931478844,8.0,2.4321388567444275
1774,1.4800000000000049,0.9500273798704776,8.0,2.437906822396631
1775,1.500000000000005,0.9528706596613824,8.0,2.4429924937332945
1776,1.520000000000005,0.9555901814637228,8.0,2.4474793190270856
1777,1.5400000000000045,0.9581908399505492,8.0,2.4514404712838247
1778,1.560000000000005,0.960677286064111,8.0,2.4549401543573772
1779,1.5800000000000054,0.9630539376827164,8.0,2.4580347370186155
1780,1.600000000000005,0.965324990321804,8.0,2.4607737384652064
1781,1.6200000000000043,0.9674944277889906,8.0,2.4632006854474393
1782,1.640000000000005,0.9695660327248464,8.0,2.465353858351209
1783,1.6600000000000057,0.9715433969719932,8.0,2.467266941154016
1784,1.680000000000005,0.973429931724882,8.0,2.4689695880938625
1785,1.7000000000000046,0.9752288774212824,8.0,2.4704879181133115
1786,1.720000000000005,0.9769433133442108,8.0,2.471844946617551
1787,1.7400000000000055,0.9785761669097688,8.0,2.4730609627792344
1788,1.7600000000000051,0.9801302226222308,8.0,2.4741538595017882
1789,1.7800000000000047,0.9816081306828144,8.0,2.4751394221901046
1790,1.8000000000000052,0.9830124152428928,8.0,2.47603158164968
1791,1.8200000000000056,0.9843454822961196,8.0,2.4768426357230844
1792,1.8400000000000047,0.9856096272070412,8.0,2.4775834436590753
1793,1.8600000000000048,0.986807041876352,8.0,2.4782635966808453
1794,1.8800000000000048,0.9879398215450946,8.0,2.478891567763576
1795,1.9000000000000057,0.9890099712418444,8.0,2.4794748432372984
1796,1.9200000000000053,0.990019411878314,8.0,2.4800200384904807
1797,1.9400000000000048,0.9909699859999418,8.0,2.480532999754982
1798,1.9600000000000053,0.9918634631988836,8.0,2.4810188936978164
1799,1.9800000000000055,0.992701545197527,8.0,2.481482286324041
1800,-1.9999999999999984,0.0083293821870357,9.0,-0.01660135557614262
1801,-1.9799999999999984,0.0087082526756413,9.0,-0.02092320341616001
1802,-1.9599999999999984,0.009101210234378,9.0,-0.02513050119469996
1803,-1.9399999999999984,0.0095087574719031,9.0,-0.029210489274370817
1804,-1.9199999999999984,0.0099314177121576,9.0,-0.03315029204521632
1805,-1.899999999999998,0.0103697360545912,9.0,-0.03693705541271828
1806,-1.879999999999998,0.0108242805075587,9.0,-0.040558111793832965
1807,-1.859999999999998,0.0112956431998762,9.0,-0.04400117573659866
1808,-1.839999999999998,0.0117844416757157,9.0,-0.04725457323754245
1809,-1.819999999999998,0.0122913202782229,9.0,-0.05030750761682894
1810,-1.799999999999998,0.0128169516274345,9.0,-0.053150364345664794
1811,-1.779999999999998,0.0133620381982747,9.0,-0.05577505639831718
1812,-1.759999999999998,0.0139273140046042,9.0,-0.0581754103799862
1813,-1.739999999999998,0.0145135463954994,9.0,-0.06034759167177913
1814,-1.719999999999998,0.0151215379701309,9.0,-0.062290563882700975
1815,-1.699999999999998,0.0157521286178176,9.0,-0.0640065736726519
1816,-1.679999999999998,0.0164061976900251,9.0,-0.06550164607291374
1817,-1.659999999999998,0.0170846663112773,9.0,-0.0667860672123582
1818,-1.639999999999998,0.0177884998361449,9.0,-0.06787482012382837
1819,-1.619999999999998,0.0185187104596618,9.0,-0.06878792411711407
1820,-1.599999999999998,0.0192763599887016,9.0,-0.06955060787984993
1821,-1.579999999999998,0.0200625627820163,9.0,-0.07019321954321682
1822,-1.5599999999999978,0.0208784888667854,9.0,-0.07075074166836419
1823,-1.5399999999999978,0.0217253672396501,9.0,-0.07126173345416349
1824,-1.5199999999999978,0.0226044893602965,9.0,-0.0717664642999538
1825,-1.4999999999999978,0.0235172128456922,9.0,-0.07230393028233943
1826,-1.4799999999999978,0.0244649653730684,9.0,-0.07290735725340433
1827,-1.4599999999999975,0.0254492487996443,9.0,-0.0735976928902622
1828,-1.4399999999999975,0.0264716435069051,9.0,-0.07437448259612923
1829,-1.4199999999999977,0.0275338129769371,9.0,-0.07520342973660492
1830,-1.3999999999999977,0.0286375086078707,9.0,-0.07599990081539663
1831,-1.3799999999999977,0.0297845747748569,9.0,-0.07660773456014427
1832,-1.3599999999999977,0.0309769541421544,9.0,-0.07677311139825806
1833,-1.3399999999999976,0.0322166932308144,9.0,-0.0761142348375996
1834,-1.3199999999999976,0.0335059482450475,9.0,-0.0740897039457984
1835,-1.2999999999999976,0.0348469911586052,9.0,-0.0699726393469575
1836,-1.2799999999999976,0.0362422160603482,9.0,-0.0628453700728532
1837,-1.2599999999999976,0.0376941457555215,9.0,-0.05164303621370572
1838,-1.2399999999999975,0.0392054386160721,9.0,-0.035296567996601455
1839,-1.2199999999999975,0.0407788956695126,9.0,-0.013057926566318802
1840,-1.1999999999999975,0.0424174679113027,9.0,0.014870861761041387
1841,-1.1799999999999975,0.0441242638203782,9.0,0.04626012455751345
1842,-1.1599999999999977,0.0459025570512159,9.0,0.07523421632686388
1843,-1.1399999999999977,0.0477557942685867,9.0,0.09027132166608913
1844,-1.1199999999999974,0.0496876030828187,9.0,0.07261429519588372
1845,-1.0999999999999974,0.0517018000338557,9.0,-0.0028935345312262233
1846,-1.0799999999999974,0.0538023985615953,9.0,-0.16049418605311333
1847,-1.0599999999999974,0.0559936168877936,9.0,-0.4025815844308531
1848,-1.0399999999999974,0.0582798857212142,9.0,-0.6662834102744345
1849,-1.0199999999999974,0.06066585568259,9.0,-0.7700254362789367
1850,-0.9999999999999972,0.0631564043293765,9.0,-0.4909886305748608
1851,-0.9799999999999972,0.0657566426422212,9.0,0.0043387237551812865
1852,-0.9599999999999972,0.0684719208156287,9.0,0.25190442925643386
1853,-0.9399999999999972,0.0713078331746459,9.0,0.23699122254437996
1854,-0.9199999999999972,0.0742702220177299,9.0,0.14265797261522026
1855,-0.8999999999999972,0.0773651801636525,9.0,0.06312364093296717
1856,-0.8799999999999972,0.0805990519577634,9.0,0.021108077049799803
1857,-0.8599999999999972,0.0839784324708023,9.0,0.012469537959369972
1858,-0.8399999999999972,0.087510164602388,9.0,0.026285863929418354
1859,-0.8199999999999972,0.0912013337822754,9.0,0.051748965516274156
1860,-0.7999999999999972,0.0950592599464392,9.0,0.08029303291808569
1861,-0.7799999999999971,0.0990914864532657,9.0,0.1061040782367091
1862,-0.7599999999999971,0.1033057655989234,9.0,0.12596323466758622
1863,-0.7399999999999971,0.1077100403917994,9.0,0.13874173387403071
1864,-0.7199999999999971,0.1123124222552258,9.0,0.14474905420633924
1865,-0.6999999999999971,0.1171211643470504,9.0,0.14510475501705022
1866,-0.679999999999997,0.1221446302153004,9.0,0.14124462878709554
1867,-0.659999999999997,0.1273912575523249,9.0,0.13459730171529133
1868,-0.639999999999997,0.1328695168661403,9.0,0.12641206345986336
1869,-0.619999999999997,0.1385878649573302,9.0,0.11769459015011925
1870,-0.599999999999997,0.1445546931722338,9.0,0.10920688982178033
1871,-0.579999999999997,0.1507782704967405,9.0,0.10149842228389284
1872,-0.559999999999997,0.1572666816572686,9.0,0.09494759011058237
1873,-0.5399999999999969,0.1640277605026909,9.0,0.08980244798232198
1874,-0.5199999999999969,0.1710690190482194,9.0,0.0862157309740559
1875,-0.4999999999999969,0.1783975726635922,9.0,0.084272812494974
1876,-0.4799999999999969,0.1860200619765185,9.0,0.0840129113105969
1877,-0.4599999999999968,0.1939425721309635,9.0,0.08544454129686493
1878,-0.4399999999999968,0.2021705500814042,9.0,0.08855634232450874
1879,-0.4199999999999968,0.2107087206123727,9.0,0.09332433929700182
1880,-0.3999999999999968,0.2195610017429976,9.0,0.09971650355113988
1881,-0.3799999999999968,0.2287304201071375,9.0,0.10769531049142075
1882,-0.3599999999999967,0.2382190267931518,9.0,0.1172188301108338
1883,-0.3399999999999967,0.2480278139901028,9.0,0.1282407620878661
1884,-0.3199999999999967,0.258156632631275,9.0,0.1407097337847595
1885,-0.2999999999999967,0.2686041110689562,9.0,0.15456811315475888
1886,-0.2799999999999967,0.2793675746793561,9.0,0.16975054361147085
1887,-0.2599999999999967,0.2904429662105084,9.0,0.1861823786663774
1888,-0.2399999999999966,0.3018247666787529,9.0,0.20377817539118137
1889,-0.2199999999999966,0.313505916720538,9.0,0.22244039286215203
1890,-0.1999999999999966,0.3254777385420532,9.0,0.24205843065642982
1891,-0.1799999999999966,0.3377298589983786,9.0,0.26250812984607086
1892,-0.1599999999999966,0.3502501348836879,9.0,0.2836518422546905
1893,-0.1399999999999965,0.3630245822158646,9.0,0.3053391514878878
1894,-0.1199999999999965,0.3760373121249131,9.0,0.3274083010610442
1895,-0.0999999999999965,0.389270476855406,9.0,0.34968835166772916
1896,-0.0799999999999965,0.4027042302979519,9.0,0.37200205316525736
1897,-0.0599999999999965,0.4163167082828682,9.0,0.3941693797998635
1898,-0.0399999999999964,0.4300840344965327,9.0,0.41601164222597786
1899,-0.0199999999999964,0.4439803582070919,9.0,0.4373560589349079
1900,3.552713678800501e-15,0.4579779299068947,9.0,0.4580406431349776
1901,0.0200000000000031,0.4720472204085234,9.0,0.4779192368809968
1902,0.0400000000000035,0.486157087816822,9.0,0.4968664974842231
1903,0.060000000000004,0.500274995133589,9.0,0.514782604431633
1904,0.0800000000000036,0.5143672790823871,9.0,0.5315973991192713
1905,0.1000000000000032,0.5283994681748327,9.0,0.5472735864609084
1906,0.1200000000000036,0.5423366452394764,9.0,0.5618085139590427
1907,0.1400000000000041,0.556143846807362,9.0,0.5752339094297048
1908,0.1600000000000037,0.5697864891283901,9.0,0.5876128346310485
1909,0.1800000000000032,0.5832308084155905,9.0,0.5990330642187496
1910,0.2000000000000037,0.5964443013911768,9.0,0.6095962394887584
1911,0.2200000000000042,0.6093961514988213,9.0,0.6194026361121073
1912,0.2400000000000037,0.6220576263391716,9.0,0.6285324173415857
1913,0.2600000000000033,0.6344024329845168,9.0,0.6370259745484237
1914,0.2800000000000038,0.6464070197525832,9.0,0.6448683529696516
1915,0.3000000000000042,0.6580508156115575,9.0,0.6519853497834119
1916,0.3200000000000038,0.6693164014346407,9.0,0.6582604444652034
1917,0.3400000000000034,0.6801896105774441,9.0,0.6635802183081078
1918,0.3600000000000039,0.6906595594666366,9.0,0.6679089697425156
1919,0.3800000000000043,0.7007186118376462,9.0,0.6713798416882041
1920,0.4000000000000039,0.7103622827608913,9.0,0.6743729686807572
1921,0.4200000000000035,0.7195890905251934,9.0,0.6775396110933449
1922,0.4400000000000039,0.7284003657413038,9.0,0.6817365705928701
1923,0.4600000000000044,0.7368000276848552,9.0,0.6878633007147332
1924,0.480000000000004,0.7447943379640334,9.0,0.6966362297482368
1925,0.5000000000000036,0.7523916411579264,9.0,0.708368404417292
1926,0.520000000000004,0.7596021012349221,9.0,0.722826536108623
1927,0.5400000000000045,0.7664374414438561,9.0,0.7392093237904689
1928,0.560000000000004,0.7729106940881151,9.0,0.7562485475429502
1929,0.5800000000000036,0.7790359652469581,9.0,0.7724014857427577
1930,0.6000000000000041,0.7848282181838699,9.0,0.7860923865921854
1931,0.6200000000000045,0.7903030779433152,9.0,0.7959693385202443
1932,0.6400000000000041,0.7954766585290962,9.0,0.8011595008689965
1933,0.6600000000000037,0.8003654131050056,9.0,0.8015181613266605
1934,0.6800000000000042,0.8049860068711886,9.0,0.7978656639718886
1935,0.7000000000000046,0.8093552116444026,9.0,0.7921810565134922
1936,0.7200000000000042,0.8134898206948642,9.0,0.7876579702575827
1937,0.7400000000000038,0.8174065820479433,9.0,0.788406963169317
1938,0.7600000000000042,0.8211221482234462,9.0,0.7984038673380426
1939,0.7800000000000047,0.8246530402347071,9.0,0.8191408578324992
1940,0.8000000000000043,0.8280156235803989,9.0,0.8458537315723266
1941,0.8200000000000038,0.831226093911077,9.0,0.864615998238193
1942,0.8400000000000043,0.8343004700193133,9.0,0.8584403988415514
1943,0.8600000000000048,0.8372545917691538,9.0,0.832746350776055
1944,0.8800000000000043,0.8401041205335791,9.0,0.8436416952566785
1945,0.9000000000000039,0.8428645396388867,9.0,0.9708027139464028
1946,0.9200000000000044,0.8455511522198823,9.0,1.2391963626202485
1947,0.9400000000000048,0.8481790737749636,9.0,1.5969831394094263
1948,0.9600000000000044,0.8507632165905422,9.0,1.969543145766274
1949,0.980000000000004,0.8533182631055802,9.0,2.3068679405526367
1950,1.0000000000000044,0.8558586252465316,9.0,2.590293148834391
1951,1.020000000000005,0.8583983868287776,9.0,2.8201627000382814
1952,1.0400000000000045,0.8609512263492893,9.0,3.0042596351089412
1953,1.060000000000004,0.8635303179473128,9.0,3.1516464594819196
1954,1.0800000000000043,0.866148209042806,9.0,3.2703088122267165
1955,1.100000000000005,0.8688166742211261,9.0,3.3666094495832146
1956,1.1200000000000043,0.8715465463383363,9.0,3.4454157576092705
1957,1.140000000000004,0.8743475275602153,9.0,3.51040191426081
1958,1.1600000000000046,0.8772279850593229,9.0,3.5643437120595647
1959,1.180000000000005,0.8801947382648406,9.0,3.609355844756221
1960,1.2000000000000046,0.8832528467215952,9.0,3.6470690256555174
1961,1.2200000000000042,0.8864054095525924,9.0,3.678757991567082
1962,1.2400000000000049,0.8896533889875441,9.0,3.7054329515974733
1963,1.2600000000000051,0.8929954711672661,9.0,3.727904922278358
1964,1.2800000000000047,0.8964279772379509,9.0,3.7468327303387565
1965,1.3000000000000045,0.8999448364532924,9.0,3.762757203902746
1966,1.3200000000000047,0.9035376305501622,9.0,3.7761263811595267
1967,1.3400000000000052,0.9071957151262736,9.0,3.7873143694887075
1968,1.3600000000000048,0.9109064193358374,9.0,3.7966356653025857
1969,1.3800000000000043,0.9146553202713938,9.0,3.804356185792253
1970,1.4000000000000048,0.9184265833559434,9.0,3.8107018850292613
1971,1.4200000000000053,0.9222033554178488,9.0,3.815865569618335
1972,1.4400000000000048,0.9259681933371154,9.0,3.8200123532046875
1973,1.4600000000000044,0.9297035086321944,9.0,3.8232840677676987
1974,1.4800000000000049,0.9333920073625,9.0,3.825802864960911
1975,1.500000000000005,0.9370171053414762,9.0,3.8276741809745065
1976,1.520000000000005,0.940563300792364,9.0,3.8289891956494895
1977,1.5400000000000045,0.9440164899713368,9.0,3.8298268856133286
1978,1.560000000000005,0.9473642155433588,9.0,3.830255748496701
1979,1.5800000000000054,0.9505958421718488,9.0,3.8303352584233967
1980,1.600000000000005,0.9537026584181728,9.0,3.830117100285506
1981,1.6200000000000043,0.956677908239952,9.0,3.829646220673338
1982,1.640000000000005,0.9595167588241764,9.0,3.8289617259159336
1983,1.6600000000000057,0.9622162140079628,9.0,3.8280976519285304
1984,1.680000000000005,0.9647749840645312,9.0,3.8270836260448835
1985,1.7000000000000046,0.9671933232102712,9.0,3.825945437434895
1986,1.720000000000005,0.9694728459477584,9.0,3.8247055298508874
1987,1.7400000000000055,0.9716163324768652,9.0,3.8233834281458408
1988,1.7600000000000051,0.9736275320791766,9.0,3.821996108141326
1989,1.7800000000000047,0.9755109718017364,9.0,3.8205583178992364
1990,1.8000000000000052,0.9772717761027192,9.0,3.8190828571990387
1991,1.8200000000000056,0.978915501507434,9.0,3.817580820986737
1992,1.8400000000000047,0.9804479888533432,9.0,3.816061811700958
1993,1.8600000000000048,0.9818752344361992,9.0,3.814534124662371
1994,1.8800000000000048,0.9832032803331432,9.0,3.813004910109125
1995,1.9000000000000057,0.984438123375311,9.0,3.811480314952348
1996,1.9200000000000053,0.98558564165744,9.0,3.8099656068955885
1997,1.9400000000000048,0.9866515370797274,9.0,3.8084652831968455
1998,1.9600000000000053,0.9876412921870268,9.0,3.8069831660410136
1999,1.9800000000000055,0.988560139470544,9.0,3.8055224862250236
