,x1,y,rep,ymodel
0,-1.9999999999999984,0.0034001868839712,0.0,-0.011962382047055381
1,-1.9799999999999984,0.0034014272920896,0.0,-0.011335125469439405
2,-1.9599999999999984,0.0034026677002079,0.0,-0.010697084744512114
3,-1.9399999999999984,0.0034039081083263,0.0,-0.010048047367854307
4,-1.9199999999999984,0.0034051485164447,0.0,-0.00938779582892621
5,-1.899999999999998,0.003406388924563,0.0,-0.008716107489568803
6,-1.879999999999998,0.0034076293326814,0.0,-0.00803275446019408
7,-1.859999999999998,0.0034088697407998,0.0,-0.007337503473677176
8,-1.839999999999998,0.0034101101489181,0.0,-0.006630115756953242
9,-1.819999999999998,0.0034113505570366,0.0,-0.005910346900340202
10,-1.799999999999998,0.0034125909651549,0.0,-0.005177946724606919
11,-1.779999999999998,0.0034138313732732,0.0,-0.004432659145810536
12,-1.759999999999998,0.0034150717813916,0.0,-0.0036742220379389623
13,-1.739999999999998,0.00341631218951,0.0,-0.00290236709339195
14,-1.719999999999998,0.0034175525976284,0.0,-0.0021168196813498297
15,-1.699999999999998,0.0034187930057467,0.0,-0.001317298704078318
16,-1.679999999999998,0.0034200334138651,0.0,-0.0005035164512312562
17,-1.659999999999998,0.0034212738219834,0.0,0.0003248215477815175
18,-1.639999999999998,0.0034225142301018,0.0,0.001168016673289557
19,-1.619999999999998,0.0034237546382202,0.0,0.002026377366623755
20,-1.599999999999998,0.0034249950463386,0.0,0.0029002192830648865
21,-1.579999999999998,0.0034262354544569,0.0,0.003789865446360674
22,-1.5599999999999978,0.0034274758625753,0.0,0.004695646404700438
23,-1.5399999999999978,0.0034287162706937,0.0,0.00561790038802043
24,-1.5199999999999978,0.003429956678812,0.0,0.006556973466495253
25,-1.4999999999999978,0.0034311970869304,0.0,0.0075132197100653275
26,-1.4799999999999978,0.0034324374950488,0.0,0.008487001348832207
27,-1.4599999999999975,0.0034336779031672,0.0,0.009478688934135782
28,-1.4399999999999975,0.0034349183112855,0.0,0.010488661500125784
29,-1.4199999999999977,0.0033384958729553,0.0,0.011517306725603
30,-1.3999999999999977,0.0030994305075011,0.0,0.012565021095907458
31,-1.3799999999999977,0.002860365142047,0.0,0.01363221006459997
32,-1.3599999999999977,0.0026212997765928,0.0,0.01471928821467483
33,-1.3399999999999976,0.0023822344111386,0.0,0.01582667941901164
34,-1.3199999999999976,0.0021431690456845,0.0,0.016954816999761257
35,-1.2999999999999976,0.0019041036802304,0.0,0.018104143886334162
36,-1.2799999999999976,0.0016650383147762,0.0,0.01927511277164204
37,-1.2599999999999976,0.0014259729493221,0.0,0.02046818626621083
38,-1.2399999999999975,0.0011869075838679,0.0,0.021683837049769478
39,-1.2199999999999975,0.0009478422184138,0.0,0.022922548019884914
40,-1.1999999999999975,0.0007087768529596,0.0,0.024184812437186787
41,-1.1799999999999975,0.0004697114875055,0.0,0.02547113406670279
42,-1.1599999999999977,0.0002306461220513,0.0,0.02678202731479229
43,-1.1399999999999977,0.0001044282739967,0.0,0.028118017361134173
44,-1.1199999999999974,5.221413699946877e-05,0.0,0.029479640285196562
45,-1.0999999999999974,2.1997458212885635e-15,0.0,0.030867443186580884
46,-1.0799999999999974,0.0004650269657651,0.0,0.032281984298602434
47,-1.0599999999999974,0.0010001512747502,0.0,0.03372383309443133
48,-1.0399999999999974,0.0015352755837353,0.0,0.035193570385076894
49,-1.0199999999999974,0.0045331448373588,0.0,0.036691788408481446
50,-0.9999999999999972,0.0089682420311233,0.0,0.03821909090892156
51,-0.9799999999999972,0.0134033392248879,0.0,0.039776093205901836
52,-0.9599999999999972,0.0165341212180885,0.0,0.04136342225167439
53,-0.9399999999999972,0.0194363819876216,0.0,0.04298171667647574
54,-0.9199999999999972,0.0223386427571548,0.0,0.04463162682053831
55,-0.8999999999999972,0.0270697967916116,0.0,0.046313814751882065
56,-0.8799999999999972,0.0321787761881173,0.0,0.04802895426886161
57,-0.8599999999999972,0.0372877555846229,0.0,0.049777730886386456
58,-0.8399999999999972,0.0423967349811286,0.0,0.05156084180470202
59,-0.8199999999999972,0.0475057143776343,0.0,0.053378995859566375
60,-0.7999999999999972,0.0526146937741399,0.0,0.05523291345261927
61,-0.7799999999999971,0.0577236731706456,0.0,0.05712332646069426
62,-0.7599999999999971,0.0628326525671513,0.0,0.0590509781227814
63,-0.7399999999999971,0.067941631963657,0.0,0.061016622903310946
64,-0.7199999999999971,0.0730506113601626,0.0,0.0630210263303787
65,-0.6999999999999971,0.0781595907566683,0.0,0.06506496480750312
66,-0.679999999999997,0.083268570153174,0.0,0.06714922539745594
67,-0.659999999999997,0.0883775495496797,0.0,0.06927460557668244
68,-0.639999999999997,0.0934865289461854,0.0,0.07144191295878399
69,-0.619999999999997,0.098595508342691,0.0,0.0736519649855073
70,-0.599999999999997,0.1037044877391967,0.0,0.0759055885836562
71,-0.579999999999997,0.1086969514722888,0.0,0.07820361978632001
72,-0.559999999999997,0.1136310860956522,0.0,0.08054690331678105
73,-0.5399999999999969,0.1185652207190157,0.0,0.08293629213346027
74,-0.5199999999999969,0.1234993553423792,0.0,0.08537264693423735
75,-0.4999999999999969,0.1284334899657427,0.0,0.087856835618483
76,-0.4799999999999969,0.1333676245891062,0.0,0.09038973270513505
77,-0.4599999999999968,0.1383017592124697,0.0,0.09297221870516488
78,-0.4399999999999968,0.1432358938358332,0.0,0.09560517944678441
79,-0.4199999999999968,0.1481700284591967,0.0,0.0982895053517781
80,-0.3999999999999968,0.1531041630825601,0.0,0.10102609066136566
81,-0.3799999999999968,0.1565298125291255,0.0,0.10381583261005005
82,-0.3599999999999967,0.1599099469149406,0.0,0.10665963054595229
83,-0.3399999999999967,0.1632900813007556,0.0,0.10955838499620105
84,-0.3199999999999967,0.1666702156865707,0.0,0.11251299667601236
85,-0.2999999999999967,0.1694456940656042,0.0,0.1155243654401926
86,-0.2799999999999967,0.1720627798676181,0.0,0.1185933891758911
87,-0.2599999999999967,0.1746798656696318,0.0,0.1217209626355456
88,-0.2399999999999966,0.1772969514716458,0.0,0.12490797620909373
89,-0.2199999999999966,0.1799140372736595,0.0,0.12815531463467145
90,-0.1999999999999966,0.1825311230756732,0.0,0.13146385564717955
91,-0.1799999999999966,0.1851482088776871,0.0,0.13483446856427925
92,-0.1599999999999966,0.1877652946797009,0.0,0.13826801280957363
93,-0.1399999999999965,0.1903823804817147,0.0,0.14176533637295052
94,-0.1199999999999965,0.1929994662837286,0.0,0.14532727420829067
95,-0.0999999999999965,0.1956165520857423,0.0,0.14895464656900467
96,-0.0799999999999965,0.1982336378877562,0.0,0.15264825728212478
97,-0.0599999999999965,0.2008507236897699,0.0,0.1564088919619816
98,-0.0399999999999964,0.2034678094917837,0.0,0.16023731616479076
99,-0.0199999999999964,0.2060848952937976,0.0,0.16413427348582021
100,3.552713678800501e-15,0.2087019810958114,0.0,0.1681004836011433
101,0.0200000000000031,0.2113190668978251,0.0,0.17213664025635966
102,0.0400000000000035,0.2139361526998391,0.0,0.1762434092050425
103,0.060000000000004,0.2165532385018529,0.0,0.18042142610007508
104,0.0800000000000036,0.2191703243038666,0.0,0.18467129434145277
105,0.1000000000000032,0.2217874101058804,0.0,0.18899358288456108
106,0.1200000000000036,0.2244044959078943,0.0,0.1933888240133672
107,0.1400000000000041,0.2270215817099082,0.0,0.19785751108343375
108,0.1600000000000037,0.2296386675119219,0.0,0.2024000962401055
109,0.1800000000000032,0.2322557533139357,0.0,0.2070169881176894
110,0.2000000000000037,0.2348728391159495,0.0,0.21170854952591542
111,0.2200000000000042,0.2374899249179633,0.0,0.21647509513042543
112,0.2400000000000037,0.2401070107199772,0.0,0.2213168891345061
113,0.2600000000000033,0.2427240965219909,0.0,0.22623414296972033
114,0.2800000000000038,0.2453411823240048,0.0,0.23122701300354342
115,0.3000000000000042,0.2479582681260186,0.0,0.23629559827252697
116,0.3200000000000038,0.2505753539280325,0.0,0.24143993824991575
117,0.3400000000000034,0.2531924397300461,0.0,0.24666001065701873
118,0.3600000000000039,0.255934229124617,0.0,0.2519557293279824
119,0.3800000000000043,0.2586924234235962,0.0,0.25732694213791896
120,0.4000000000000039,0.2614506177225754,0.0,0.26277342900462275
121,0.4200000000000035,0.2642088120215543,0.0,0.26829489997431216
122,0.4400000000000039,0.2669670063205336,0.0,0.2738909934020285
123,0.4600000000000044,0.2697252006195128,0.0,0.2795612742374203
124,0.480000000000004,0.2724833949184918,0.0,0.28530523242671346
125,0.5000000000000036,0.275241589217471,0.0,0.29112228144165087
126,0.520000000000004,0.2779997835164502,0.0,0.2970117569461027
127,0.5400000000000045,0.2807579778154294,0.0,0.30297291561091005
128,0.560000000000004,0.2835161721144085,0.0,0.3090049340872867
129,0.5800000000000036,0.2864078229614903,0.0,0.315106908148803
130,0.6000000000000041,0.2899719146581762,0.0,0.32127785201157977
131,0.6200000000000045,0.2935360063548621,0.0,0.32751669784186
132,0.6400000000000041,0.2971000980515481,0.0,0.3338222954595639
133,0.6600000000000037,0.3006641897482338,0.0,0.3401934122457969
134,0.6800000000000042,0.3042282814449197,0.0,0.3466287332615575
135,0.7000000000000046,0.3077923731416059,0.0,0.35312686158409345
136,0.7200000000000042,0.3113564648382916,0.0,0.3596863188664741
137,0.7400000000000038,0.3149205565349776,0.0,0.36630554612499233
138,0.7600000000000042,0.3184846482316635,0.0,0.37298290475798607
139,0.7800000000000047,0.3220487399283495,0.0,0.3797166777985863
140,0.8000000000000043,0.3256128316250353,0.0,0.38650507140275536
141,0.8200000000000038,0.3291769233217211,0.0,0.393346216572783
142,0.8400000000000043,0.332741015018407,0.0,0.40023817111518123
143,0.8600000000000048,0.3363051067150928,0.0,0.4071789218306495
144,0.8800000000000043,0.3398691984117787,0.0,0.4141663869325054
145,0.9000000000000039,0.3434332901084647,0.0,0.42119841868867364
146,0.9200000000000044,0.3469973818051508,0.0,0.4282728062810286
147,0.9400000000000048,0.3505614735018365,0.0,0.43538727887461603
148,0.9600000000000044,0.3541255651985224,0.0,0.44253950888800714
149,0.980000000000004,0.3576896568952081,0.0,0.4497271154548228
150,1.0000000000000044,0.3612537485918942,0.0,0.45694766806528225
151,1.020000000000005,0.3648178402885803,0.0,0.4641986903755192
152,1.0400000000000045,0.3683819319852659,0.0,0.4714776641713575
153,1.060000000000004,0.3724177879016289,0.0,0.4787820334722675
154,1.0800000000000043,0.3764697297983719,0.0,0.4861092087603453
155,1.100000000000005,0.3805216716951148,0.0,0.4934565713183779
156,1.1200000000000043,0.3845736135918578,0.0,0.5008214776603861
157,1.140000000000004,0.3886255554886007,0.0,0.5082012640374692
158,1.1600000000000046,0.3926774973853438,0.0,0.5155932510013351
159,1.180000000000005,0.3967294392820866,0.0,0.5229947480075814
160,1.2000000000000046,0.4007813811788296,0.0,0.5304030580406054
161,1.2200000000000042,0.4048333230755723,0.0,0.5378154822419405
162,1.2400000000000049,0.4088852649723156,0.0,0.545229324523892
163,1.2600000000000051,0.4129372068690582,0.0,0.5526418961505272
164,1.2800000000000047,0.4173208882198458,0.0,0.5600505202683905
165,1.3000000000000045,0.4225083999952609,0.0,0.5674525363697427
166,1.3200000000000047,0.4276959117706763,0.0,0.5748453046716707
167,1.3400000000000052,0.4328834235460916,0.0,0.5822262103950746
168,1.3600000000000048,0.4380709353215067,0.0,0.5895926679282868
169,1.3800000000000043,0.4432584470969217,0.0,0.5969421248609355
170,1.4000000000000048,0.4484459588723371,0.0,0.6042720658745839
171,1.4200000000000053,0.4530937271236777,0.0,0.6115800164776966
172,1.4400000000000048,0.45719945740089,0.0,0.6188635465735377
173,1.4600000000000044,0.4613051876781023,0.0,0.6261202738507354
174,1.4800000000000049,0.465410917955315,0.0,0.6333478669874004
175,1.500000000000005,0.4695166482325275,0.0,0.6405440486608791
176,1.520000000000005,0.4736223785097399,0.0,0.6477065983564314
177,1.5400000000000045,0.4777281087869522,0.0,0.6548333549693355
178,1.560000000000005,0.4818338390641651,0.0,0.6619222191961405
179,1.5800000000000054,0.4856741915585026,0.0,0.6689711557119769
180,1.600000000000005,0.4897239580539336,0.0,0.6759781951320303
181,1.6200000000000043,0.4940667328790062,0.0,0.6829414357564106
182,1.640000000000005,0.4984095077040787,0.0,0.6898590450987687
183,1.6600000000000057,0.5027522825291516,0.0,0.6967292612000604
184,1.680000000000005,0.5070950573542241,0.0,0.7035503937298779
185,1.7000000000000046,0.5114378321792965,0.0,0.7103208248787043
186,1.720000000000005,0.5157806070043696,0.0,0.7170390100453239
187,1.7400000000000055,0.5201233818294423,0.0,0.7237034783244591
188,1.7600000000000051,0.5244661566545146,0.0,0.7303128328004178
189,1.7800000000000047,0.5288089314795873,0.0,0.7368657506532332
190,1.8000000000000052,0.5331517063046597,0.0,0.7433609830843604
191,1.8200000000000056,0.5374944811297324,0.0,0.7497973550695145
192,1.8400000000000047,0.541837255954805,0.0,0.7561737649466969
193,1.8600000000000048,0.5461800307798779,0.0,0.7624891838478203
194,1.8800000000000048,0.5505228056049505,0.0,0.7687426549826424
195,1.9000000000000057,0.554865580430023,0.0,0.7749332927839703
196,1.9200000000000053,0.5592083552550956,0.0,0.7810602819232395
197,1.9400000000000048,0.5635511300801681,0.0,0.7871228762057032
198,1.9600000000000053,0.5678939049052406,0.0,0.7931203973544778
199,1.9800000000000055,0.5722366797303136,0.0,0.7990522336927082
200,-1.9999999999999984,0.9728819537572266,1.0,0.86639671151792
201,-1.9799999999999984,0.971380115987868,1.0,0.8667945121102729
202,-1.9599999999999984,0.9698782782185088,1.0,0.8671955590718161
203,-1.9399999999999984,0.9683764404491496,1.0,0.867599918612167
204,-1.9199999999999984,0.9668746026797904,1.0,0.8680076588433874
205,-1.899999999999998,0.9653727649104312,1.0,0.8684188498316394
206,-1.879999999999998,0.9638709271410724,1.0,0.8688335636500369
207,-1.859999999999998,0.9623690893717136,1.0,0.869251874432707
208,-1.839999999999998,0.960867251602354,1.0,0.8696738584300775
209,-1.819999999999998,0.9593654138329952,1.0,0.8700995940654055
210,-1.799999999999998,0.957863576063636,1.0,0.8705291619925575
211,-1.779999999999998,0.9563617382942776,1.0,0.870962645155054
212,-1.759999999999998,0.9548599005249174,1.0,0.8714001288463936
213,-1.739999999999998,0.9533580627555588,1.0,0.8718417007716601
214,-1.719999999999998,0.9518562249862,1.0,0.8722874511104274
215,-1.699999999999998,0.9503543872168412,1.0,0.8727374725809651
216,-1.679999999999998,0.948852549447482,1.0,0.873191860505756
217,-1.659999999999998,0.9473507116781228,1.0,0.8736507128783235
218,-1.639999999999998,0.9458488739087636,1.0,0.8741141304313776
219,-1.619999999999998,0.9446913793128142,1.0,0.8745822167062774
220,-1.599999999999998,0.9428693946020488,1.0,0.875055078123808
221,-1.579999999999998,0.9408281309775072,1.0,0.8755328240562726
222,-1.5599999999999978,0.938786867352965,1.0,0.8760155669008877
223,-1.5399999999999978,0.9367456037284232,1.0,0.8765034221544828
224,-1.5199999999999978,0.9347043401038811,1.0,0.8769965084894812
225,-1.4999999999999978,0.9326630764793395,1.0,0.8774949478311614
226,-1.4799999999999978,0.9306218128547976,1.0,0.877998865436172
227,-1.4599999999999975,0.928580549230256,1.0,0.8785083899722866
228,-1.4399999999999975,0.9265392856057144,1.0,0.8790236535993723
229,-1.4199999999999977,0.9244980219811716,1.0,0.8795447920515447
230,-1.3999999999999977,0.9224567583566304,1.0,0.8800719447204791
231,-1.3799999999999977,0.9204154947320888,1.0,0.8806052547398436
232,-1.3599999999999977,0.9183742311075466,1.0,0.8811448690708108
233,-1.3399999999999976,0.9163329674830044,1.0,0.8816909385886076
234,-1.3199999999999976,0.9142917038584624,1.0,0.8822436181700505
235,-1.2999999999999976,0.912250440233921,1.0,0.882803066782015
236,-1.2799999999999976,0.910209176609379,1.0,0.8833694475707732
237,-1.2599999999999976,0.9081679129848372,1.0,0.8839429279521402
238,-1.2399999999999975,0.9061266493602952,1.0,0.8845236797023516
239,-1.2199999999999975,0.9040853857357533,1.0,0.8851118790495935
240,-1.1999999999999975,0.905120952646787,1.0,0.8857077067661032
241,-1.1799999999999975,0.9137146763187576,1.0,0.8863113482607399
242,-1.1599999999999977,0.9223083999907288,1.0,0.8869229936719322
243,-1.1399999999999977,0.9309021236626998,1.0,0.8875428379608881
244,-1.1199999999999974,0.9394958473346708,1.0,0.8881710810049507
245,-1.0999999999999974,0.9480895710066416,1.0,0.8888079276909765
246,-1.0799999999999974,0.9540941505308708,1.0,0.8894535880085959
247,-1.0599999999999974,0.9572107018466804,1.0,0.8901082771432148
248,-1.0399999999999974,0.9603272531624902,1.0,0.8907722155685983
249,-1.0199999999999974,0.9634438044782996,1.0,0.8914456291388743
250,-0.9999999999999972,0.9665603557941091,1.0,0.8921287491797769
251,-0.9799999999999972,0.9696769071099192,1.0,0.892821812578941
252,-0.9599999999999972,0.9727934584257288,1.0,0.8935250618750503
253,-0.9399999999999972,0.9756070651926442,1.0,0.8942387453456252
254,-0.9199999999999972,0.9753740517274536,1.0,0.8949631170932192
255,-0.8999999999999972,0.9751410382622634,1.0,0.8956984371297961
256,-0.8799999999999972,0.9749080247970728,1.0,0.8964449714590204
257,-0.8599999999999972,0.9746750113318824,1.0,0.8972029921562081
258,-0.8399999999999972,0.9744419978666922,1.0,0.8979727774456437
259,-0.8199999999999972,0.9742089844015016,1.0,0.8987546117749736
260,-0.7999999999999972,0.9739759709363112,1.0,0.8995487858863597
261,-0.7799999999999971,0.9737429574711206,1.0,0.900355596884062
262,-0.7599999999999971,0.9735099440059304,1.0,0.9011753482981094
263,-0.7399999999999971,0.9736220446676708,1.0,0.9020083501436892
264,-0.7199999999999971,0.9739075741183446,1.0,0.9028549189758802
265,-0.6999999999999971,0.9741931035690184,1.0,0.9037153779393255
266,-0.679999999999997,0.9744786330196924,1.0,0.9045900568124354
267,-0.659999999999997,0.974764162470366,1.0,0.9054792920456772
268,-0.639999999999997,0.9750496919210396,1.0,0.9063834267935039
269,-0.619999999999997,0.9753352213717138,1.0,0.907302810939446
270,-0.599999999999997,0.9756207508223876,1.0,0.9082378011138764
271,-0.579999999999997,0.9759062802730614,1.0,0.909188760703933
272,-0.559999999999997,0.976191809723735,1.0,0.9101560598550713
273,-0.5399999999999969,0.9790769753083044,1.0,0.9111400754636971
274,-0.5199999999999969,0.9820341076803706,1.0,0.9121411911603065
275,-0.4999999999999969,0.9847210982060686,1.0,0.9131597972825443
276,-0.4799999999999969,0.9874080887317664,1.0,0.9141962908375771
277,-0.4599999999999968,0.9900950792574644,1.0,0.9152510754531491
278,-0.4399999999999968,0.9927820697831624,1.0,0.91632456131668
279,-0.4199999999999968,0.99546906030886,1.0,0.9174171651017382
280,-0.3999999999999968,0.9988506669145544,1.0,0.918529309881212
281,-0.3799999999999968,0.9989142520444524,1.0,0.9196614250264867
282,-0.3599999999999967,0.99897783717435,1.0,0.9208139460919095
283,-0.3399999999999967,0.999041422304248,1.0,0.9219873146838217
284,-0.3199999999999967,0.9991050074341457,1.0,0.9231819783134215
285,-0.2999999999999967,0.9991657561860868,1.0,0.9243983902327061
286,-0.2799999999999967,0.9992144936277934,1.0,0.9256370092527338
287,-0.2599999999999967,0.999187825494916,1.0,0.926898299543444
288,-0.2399999999999966,0.999161532813298,1.0,0.928182730414257
289,-0.2199999999999966,0.99913524013168,1.0,0.9294907760746848
290,-0.1999999999999966,0.9991089474500618,1.0,0.9308229153741707
291,-0.1799999999999966,0.9990826547684436,1.0,0.9321796315203867
292,-0.1599999999999966,0.9990563620868256,1.0,0.9335614117752188
293,-0.1399999999999965,0.9990300694052072,1.0,0.9349687471276791
294,-0.1199999999999965,0.9990037767235892,1.0,0.9364021319429908
295,-0.0999999999999965,0.9989774840419712,1.0,0.937862063587123
296,-0.0799999999999965,0.998951191360353,1.0,0.9393490420260484
297,-0.0599999999999965,0.9989248986787348,1.0,0.9408635693990451
298,-0.0399999999999964,0.9988986059971168,1.0,0.9424061495653745
299,-0.0199999999999964,0.9988723133154987,1.0,0.9439772876237139
300,3.552713678800501e-15,0.9988460206338806,1.0,0.945577489403752
301,0.0200000000000031,0.9980421119313784,1.0,0.9472072609294098
302,0.0400000000000035,0.9954128437695662,1.0,0.9488671078531915
303,0.060000000000004,0.9933787310573434,1.0,0.9505575348612352
304,0.0800000000000036,0.9915062618199,1.0,0.9522790450486883
305,0.1000000000000032,0.9896337925824572,1.0,0.9540321392651144
306,0.1200000000000036,0.9877613233450132,1.0,0.9558173154297024
307,0.1400000000000041,0.98588885410757,1.0,0.957635067816145
308,0.1600000000000037,0.984016384870127,1.0,0.9594858863071377
309,0.1800000000000032,0.982143915632684,1.0,0.9613702556185564
310,0.2000000000000037,0.9802714463952404,1.0,0.9632886544934703
311,0.2200000000000042,0.9786359621846225,1.0,0.9652415548662707
312,0.2400000000000037,0.9771056786456094,1.0,0.9672294209973125
313,0.2600000000000033,0.9755753951065976,1.0,0.9692527085786019
314,0.2800000000000038,0.9740451115675858,1.0,0.9713118638111978
315,0.3000000000000042,0.9725148280285733,1.0,0.9734073224551426
316,0.3200000000000038,0.9709845444895608,1.0,0.9755395088528904
317,0.3400000000000034,0.969915500324932,1.0,0.9777088349273662
318,0.3600000000000039,0.9690104969998729,1.0,0.9799156991559494
319,0.3800000000000043,0.9681054936748132,1.0,0.9821604855218558
320,0.4000000000000039,0.9672004903497536,1.0,0.9844435624445659
321,0.4200000000000035,0.9662954870246944,1.0,0.9867652816911422
322,0.4400000000000039,0.9653904836996356,1.0,0.9891259772704512
323,0.4600000000000044,0.967164825329213,1.0,0.9915259643125162
324,0.480000000000004,0.9671022408916752,1.0,0.9939655379354086
325,0.5000000000000036,0.9642850185654508,1.0,0.9964449721022948
326,0.520000000000004,0.9614677962392258,1.0,0.9989645184714389
327,0.5400000000000045,0.9586505739130012,1.0,1.0015244052421726
328,0.560000000000004,0.9558333515867762,1.0,1.0041248360000288
329,0.5800000000000036,0.9530161292605518,1.0,1.006765988564431
330,0.6000000000000041,0.9501989069343272,1.0,1.009448013842511
331,0.6200000000000045,0.9473816846081023,1.0,1.0121710346928179
332,0.6400000000000041,0.9445644622818774,1.0,1.0149351448028323
333,0.6600000000000037,0.9417472399556528,1.0,1.0177404075843852
334,0.6800000000000042,0.938930017629428,1.0,1.0205868550912016
335,0.7000000000000046,0.9361127953032028,1.0,1.0234744869629488
336,0.7200000000000042,0.9332955729769786,1.0,1.0264032694002623
337,0.7400000000000038,0.9304783506507538,1.0,1.0293731341753456
338,0.7600000000000042,0.927661128324529,1.0,1.0323839776828034
339,0.7800000000000047,0.924843905998304,1.0,1.0354356600354309
340,0.8000000000000043,0.9220266836720798,1.0,1.0385280042097236
341,0.8200000000000038,0.9192094613458548,1.0,1.0416607952458712
342,0.8400000000000043,0.91639223901963,1.0,1.0448337795069933
343,0.8600000000000048,0.9135750166934054,1.0,1.0480466640023165
344,0.8800000000000043,0.9107577943671804,1.0,1.0512991157789315
345,0.9000000000000039,0.9079405720409558,1.0,1.0545907613866539
346,0.9200000000000044,0.9051233497147306,1.0,1.0579211864203781
347,0.9400000000000048,0.9023061273885066,1.0,1.0612899351441456
348,0.9600000000000044,0.8994889050622817,1.0,1.0646965102009414
349,0.980000000000004,0.8878057565662338,1.0,1.0681403724120075
350,1.0000000000000044,0.8735650332863645,1.0,1.0716209406691808
351,1.020000000000005,0.8593243100064938,1.0,1.0751375919234727
352,1.0400000000000045,0.8450835867266245,1.0,1.0786896612727719
353,1.060000000000004,0.8308428634467551,1.0,1.082276442151191
354,1.0800000000000043,0.8166021401668857,1.0,1.0858971866221863
355,1.100000000000005,0.8023614168870155,1.0,1.0895511057771534
356,1.1200000000000043,0.7910897163410653,1.0,1.0932373702407798
357,1.140000000000004,0.7826951644366678,1.0,1.0969551107839457
358,1.1600000000000046,0.7743006125322699,1.0,1.1007034190444926
359,1.180000000000005,0.7659060606278724,1.0,1.1044813483556766
360,1.2000000000000046,0.7575115087234747,1.0,1.1082879146816071
361,1.2200000000000042,0.7491169568190774,1.0,1.1121220976584478
362,1.2400000000000049,0.74072240491468,1.0,1.1159828417396254
363,1.2600000000000051,0.7323278530102821,1.0,1.1198690574427654
364,1.2800000000000047,0.7239333011058846,1.0,1.1237796226955452
365,1.3000000000000045,0.7155387492014869,1.0,1.1277133842771234
366,1.3200000000000047,0.7071441972970888,1.0,1.1316691593513126
367,1.3400000000000052,0.6987496453926916,1.0,1.1356457370871482
368,1.3600000000000048,0.690053054329501,1.0,1.139641880362046
369,1.3800000000000043,0.6795890473999094,1.0,1.1436563275422829
370,1.4000000000000048,0.669125040470317,1.0,1.1476877943351118
371,1.4200000000000053,0.658661033540726,1.0,1.1517349757064292
372,1.4400000000000048,0.6481970266111339,1.0,1.155796547857562
373,1.4600000000000044,0.6377330196815427,1.0,1.1598711702544153
374,1.4800000000000049,0.6326867806879362,1.0,1.1639574877019436
375,1.500000000000005,0.6277335750252699,1.0,1.1680541324566813
376,1.520000000000005,0.6227803693626043,1.0,1.172159726369868
377,1.5400000000000045,0.6178271636999385,1.0,1.1762728830535707
378,1.560000000000005,0.6128739580372731,1.0,1.1803922100621012
379,1.5800000000000054,0.6079207523746069,1.0,1.1845163110809884
380,1.600000000000005,0.6029675467119419,1.0,1.1886437881157643
381,1.6200000000000043,0.5980143410492769,1.0,1.1927732436728737
382,1.640000000000005,0.5930611353866106,1.0,1.1969032829251134
383,1.6600000000000057,0.5881079297239445,1.0,1.2010325158541555
384,1.680000000000005,0.5831547240612792,1.0,1.2051595593628988
385,1.7000000000000046,0.5782015183986131,1.0,1.2092830393506215
386,1.720000000000005,0.5732483127359472,1.0,1.213401592744182
387,1.7400000000000055,0.5682951070732816,1.0,1.217513869478819
388,1.7600000000000051,0.5633419014106158,1.0,1.2216185344224626
389,1.7800000000000047,0.5583886957479505,1.0,1.225714269237815
390,1.8000000000000052,0.5534354900852848,1.0,1.2297997741768874
391,1.8200000000000056,0.5484822844226186,1.0,1.2338737698030842
392,1.8400000000000047,0.5435290787599534,1.0,1.2379349986363866
393,1.8600000000000048,0.5385758730972875,1.0,1.2419822267176315
394,1.8800000000000048,0.5336226674346217,1.0,1.2460142450883664
395,1.9000000000000057,0.528669461771956,1.0,1.2500298711832307
396,1.9200000000000053,0.5237162561092895,1.0,1.254027950132301
397,1.9400000000000048,0.5187630504466247,1.0,1.2580073559713254
398,1.9600000000000053,0.5138026244656551,1.0,1.2619669927582335
399,1.9800000000000055,0.5088169650047454,1.0,1.2659057955948054
400,-1.9999999999999984,0.4474324861395036,2.0,0.47643982445366617
401,-1.9799999999999984,0.4519068110008987,2.0,0.479029836355381
402,-1.9599999999999984,0.4563811358622937,2.0,0.4816822756506722
403,-1.9399999999999984,0.4608554607236887,2.0,0.48439844737578197
404,-1.9199999999999984,0.465329785585084,2.0,0.4871796589536945
405,-1.899999999999998,0.469804110446479,2.0,0.49002721764292895
406,-1.879999999999998,0.4742784353078738,2.0,0.4929424277501684
407,-1.859999999999998,0.4787527601692692,2.0,0.49592658759408004
408,-1.839999999999998,0.4832270850306639,2.0,0.4989809862077167
409,-1.819999999999998,0.4877014098920592,2.0,0.5021068997670165
410,-1.799999999999998,0.4921757347534543,2.0,0.5053055877332147
411,-1.779999999999998,0.4966500596148492,2.0,0.508578288697388
412,-1.759999999999998,0.5011243844762441,2.0,0.511926215915965
413,-1.739999999999998,0.5055987093376392,2.0,0.5153505525268268
414,-1.719999999999998,0.5100730341990345,2.0,0.5188524464366188
415,-1.699999999999998,0.5145473590604295,2.0,0.5224330048711653
416,-1.679999999999998,0.5190216839218246,2.0,0.5260932885823683
417,-1.659999999999998,0.5234960087832191,2.0,0.5298343057067887
418,-1.639999999999998,0.5279703336446145,2.0,0.5336570052732204
419,-1.619999999999998,0.5324446585060096,2.0,0.5375622703590235
420,-1.599999999999998,0.5372125697614336,2.0,0.5415509108977932
421,-1.579999999999998,0.5420510634713872,2.0,0.545623656144151
422,-1.5599999999999978,0.5468895571813417,2.0,0.5497811468050462
423,-1.5399999999999978,0.5517280508912958,2.0,0.5540239268509686
424,-1.5199999999999978,0.5565665446012503,2.0,0.5583524350249432
425,-1.4999999999999978,0.5614050383112049,2.0,0.5627669960720512
426,-1.4799999999999978,0.5662435320211593,2.0,0.5672678117175602
427,-1.4599999999999975,0.5710820257311133,2.0,0.5718549514274878
428,-1.4399999999999975,0.5759205194410677,2.0,0.5765283429915918
429,-1.4199999999999977,0.5807590131510219,2.0,0.5812877629753141
430,-1.3999999999999977,0.5855975068609767,2.0,0.5861328270940847
431,-1.3799999999999977,0.5904599854792393,2.0,0.591062980570547
432,-1.3599999999999977,0.5956845309659754,2.0,0.5960774885426325
433,-1.3399999999999976,0.6009090764527107,2.0,0.6011754265979041
434,-1.3199999999999976,0.6065037424961737,2.0,0.6063556715170897
435,-1.2999999999999976,0.6132458397706622,2.0,0.6116168923171239
436,-1.2799999999999976,0.6199879370451512,2.0,0.6169575416911757
437,-1.2599999999999976,0.6267300343196394,2.0,0.6223758479498659
438,-1.2399999999999975,0.6334721315941283,2.0,0.627869807574049
439,-1.2199999999999975,0.6402142288686168,2.0,0.6334371784949002
440,-1.1999999999999975,0.6469563261431053,2.0,0.6390754742214461
441,-1.1799999999999975,0.6536984234175939,2.0,0.644781958938865
442,-1.1599999999999977,0.6604405206920827,2.0,0.6505536437026571
443,-1.1399999999999977,0.6671826179665713,2.0,0.6563872838538989
444,-1.1199999999999974,0.6739247152410596,2.0,0.6622793777790652
445,-1.0999999999999974,0.6806668125155484,2.0,0.6682261671340892
446,-1.0799999999999974,0.687408909790037,2.0,0.6742236386462861
447,-1.0599999999999974,0.6941510070645255,2.0,0.6802675275992915
448,-1.0399999999999974,0.7008931043390142,2.0,0.6863533230952027
449,-1.0199999999999974,0.7083391594270564,2.0,0.6924762751745277
450,-0.9999999999999972,0.7175165941634992,2.0,0.6986314038583833
451,-0.9799999999999972,0.7266940288999415,2.0,0.7048135101586472
452,-0.9599999999999972,0.7358714636363839,2.0,0.7110171890806181
453,-0.9399999999999972,0.7450488983728264,2.0,0.7172368446193327
454,-0.9199999999999972,0.7542263331092691,2.0,0.7234667067253289
455,-0.8999999999999972,0.7634037678457114,2.0,0.7297008501886799
456,-0.8799999999999972,0.7725812025821539,2.0,0.7359332153619804
457,-0.8599999999999972,0.7817586373185967,2.0,0.7421576306141442
458,-0.8399999999999972,0.790936072055039,2.0,0.7483678363779648
459,-0.8199999999999972,0.8001135067914814,2.0,0.7545575106259702
460,-0.7999999999999972,0.807969170707576,2.0,0.7607202955818713
461,-0.7799999999999971,0.8108887959357021,2.0,0.7668498254494946
462,-0.7599999999999971,0.813083983592753,2.0,0.7729397549181896
463,-0.7399999999999971,0.8152791712498034,2.0,0.7789837881839454
464,-0.7199999999999971,0.817474358906854,2.0,0.7849757082094329
465,-0.6999999999999971,0.8196695465639044,2.0,0.7909094059344439
466,-0.679999999999997,0.8218647342209554,2.0,0.7967789091411304
467,-0.659999999999997,0.8240599218780056,2.0,0.8025784106764116
468,-0.639999999999997,0.826255109535056,2.0,0.8083022957370903
469,-0.619999999999997,0.8284502971921064,2.0,0.8139451679316617
470,-0.599999999999997,0.8306454848491571,2.0,0.8195018738464271
471,-0.579999999999997,0.8333510988908475,2.0,0.8249675258621338
472,-0.559999999999997,0.8368227444832383,2.0,0.8303375229905418
473,-0.5399999999999969,0.8398246479720701,2.0,0.8356075695276315
474,-0.5199999999999969,0.8438561885735885,2.0,0.8407736913509591
475,-0.4999999999999969,0.8487720015812804,2.0,0.8458322497222656
476,-0.4799999999999969,0.8536878145889724,2.0,0.85077995249209
477,-0.4599999999999968,0.8586036275966651,2.0,0.855613862639989
478,-0.4399999999999968,0.863519440604357,2.0,0.8603314041212171
479,-0.4199999999999968,0.8679243084410204,2.0,0.8649303650275604
480,-0.3999999999999968,0.8713305967667153,2.0,0.8694088981056322
481,-0.3799999999999968,0.8747368850924105,2.0,0.8737655187096396
482,-0.3599999999999967,0.8781431734181058,2.0,0.8779991002967562
483,-0.3399999999999967,0.8815494617438009,2.0,0.8821088676012397
484,-0.3199999999999967,0.8849557500694956,2.0,0.8860943876478747
485,-0.2999999999999967,0.8883620383951909,2.0,0.8899555587858873
486,-0.2799999999999967,0.891768326720886,2.0,0.8936925979409417
487,-0.2599999999999967,0.8951746150465809,2.0,0.8973060262951084
488,-0.2399999999999966,0.8985809033722759,2.0,0.9007966536128154
489,-0.2199999999999966,0.9019871916979711,2.0,0.9041655614348582
490,-0.1999999999999966,0.9037261508095888,2.0,0.9074140853627792
491,-0.1799999999999966,0.9040438257783268,2.0,0.9105437966526039
492,-0.1599999999999966,0.9043615007470652,2.0,0.9135564833303993
493,-0.1399999999999965,0.9046791757158036,2.0,0.9164541310327742
494,-0.1199999999999965,0.9049968506845418,2.0,0.9192389037637085
495,-0.0999999999999965,0.90531452565328,2.0,0.9219131247454098
496,-0.0799999999999965,0.9056322006220184,2.0,0.9244792575256789
497,-0.0599999999999965,0.905449691371168,2.0,0.9269398874879782
498,-0.0399999999999964,0.904591939995844,2.0,0.9292977038934042
499,-0.0199999999999964,0.90373418862052,2.0,0.9315554825664931
500,3.552713678800501e-15,0.902876437245196,2.0,0.9337160693195357
501,0.0200000000000031,0.903528025166152,2.0,0.9357823641931887
502,0.0400000000000035,0.9078554570124376,2.0,0.9377573065748738
503,0.060000000000004,0.9121828888587228,2.0,0.9396438612409785
504,0.0800000000000036,0.9167008117392188,2.0,0.9414450053544167
505,0.1000000000000032,0.9214572785718416,2.0,0.9431637164357387
506,0.1200000000000036,0.9262137454044652,2.0,0.9448029613138759
507,0.1400000000000041,0.9309702122370884,2.0,0.946365686051733
508,0.1600000000000037,0.9357266790697116,2.0,0.947854806832304
509,0.1800000000000032,0.9400560543512176,2.0,0.9492732017827119
510,0.2000000000000037,0.9432333663242248,2.0,0.9506237037065792
511,0.2200000000000042,0.9464106782972316,2.0,0.9519090936893411
512,0.2400000000000037,0.9495879902702384,2.0,0.9531320955364686
513,0.2600000000000033,0.9527653022432456,2.0,0.9542953710009886
514,0.2800000000000038,0.9559426142162524,2.0,0.9554015157540822
515,0.3000000000000042,0.9557557808220424,2.0,0.9564530560508319
516,0.3200000000000038,0.9551136843883884,2.0,0.9574524460422587
517,0.3400000000000034,0.9544715879547344,2.0,0.958402065684556
518,0.3600000000000039,0.9512242299075024,2.0,0.9593042191968091
519,0.3800000000000043,0.9476027624019192,2.0,0.9601611340193555
520,0.4000000000000039,0.9589963682541282,2.0,0.9609749602262705
521,0.4200000000000035,0.970124619174874,2.0,0.9617477703470996
522,0.4400000000000039,0.980975723837586,2.0,0.9624815595549044
523,0.4600000000000044,0.9918268285002974,2.0,0.9631782461798242
524,0.480000000000004,0.995199313037858,2.0,0.9638396725096362
525,0.5000000000000036,0.9964113122355592,2.0,0.9644676058411978
526,0.520000000000004,0.9971241576975388,2.0,0.9650637397490732
527,0.5400000000000045,0.9973302308416612,2.0,0.9656296955401054
528,0.560000000000004,0.9975363039857832,2.0,0.9661670238651211
529,0.5800000000000036,0.9977423771299057,2.0,0.96667720646133
530,0.6000000000000041,0.995259259860486,2.0,0.9671616580012931
531,0.6200000000000045,0.9923556332737824,2.0,0.9676217280265521
532,0.6400000000000041,0.989452006687079,2.0,0.9680587029461397
533,0.6600000000000037,0.9865483801003754,2.0,0.968473808082184
534,0.6800000000000042,0.9840323555449068,2.0,0.9688682097467322
535,0.7000000000000046,0.9851733491511008,2.0,0.9692430173356721
536,0.7200000000000042,0.9863143427572948,2.0,0.9695992854272915
537,0.7400000000000038,0.9874553363634888,2.0,0.9699380158745317
538,0.7600000000000042,0.9885963299696828,2.0,0.9702601598814115
539,0.7800000000000047,0.9897373235758772,2.0,0.9705666200553716
540,0.8000000000000043,0.9908783171820712,2.0,0.9708582524284899
541,0.8200000000000038,0.9918292315935936,2.0,0.9711358684415636
542,0.8400000000000043,0.99249717691633,2.0,0.9714002368860519
543,0.8600000000000048,0.9931651222390668,2.0,0.9716520857997246
544,0.8800000000000043,0.9938330675618032,2.0,0.9718921043126588
545,0.9000000000000039,0.9945010128845396,2.0,0.9721209444409271
546,0.9200000000000044,0.9951689582072766,2.0,0.9723392228259389
547,0.9400000000000048,0.995836903530013,2.0,0.9725475224179557
548,0.9600000000000044,0.9965048488527494,2.0,0.9727463941027844
549,0.980000000000004,0.9971727941754858,2.0,0.9729363582710856
550,1.0000000000000044,0.9978407394982224,2.0,0.9731179063300989
551,1.020000000000005,0.9985086848209588,2.0,0.9732915021579206
552,1.0400000000000045,0.9991766301436954,2.0,0.9734575835007396
553,1.060000000000004,0.9998445754664318,2.0,0.973616563313683
554,1.0800000000000043,1.0005125207891683,2.0,0.9737688310461171
555,1.100000000000005,0.999999999999992,2.0,0.9739147538724303
556,1.1200000000000043,0.993455456228141,2.0,0.9740546778694528
557,1.140000000000004,0.9869109124562898,2.0,0.9741889291417941
558,1.1600000000000046,0.9803663686844384,2.0,0.9743178148964663
559,1.180000000000005,0.9738218249125874,2.0,0.9744416244682306
560,1.2000000000000046,0.9672772811407364,2.0,0.9745606302971682
561,1.2200000000000042,0.9607327373688852,2.0,0.9746750888600059
562,1.2400000000000049,0.9545219586455244,2.0,0.9747852415567574
563,1.2600000000000051,0.9484263206869566,2.0,0.9748913155542563
564,1.2800000000000047,0.9423306827283896,2.0,0.9749935245881535
565,1.3000000000000045,0.936235044769822,2.0,0.9750920697249524
566,1.3200000000000047,0.9301394068112544,2.0,0.9751871400856473
567,1.3400000000000052,0.9240437688526868,2.0,0.9752789135324914
568,1.3600000000000048,0.9179481308941198,2.0,0.9753675573204255
569,1.3800000000000043,0.911852492935552,2.0,0.975453228714641
570,1.4000000000000048,0.9057568549769848,2.0,0.9755360755757427
571,1.4200000000000053,0.8996612170184171,2.0,0.9756162369139209
572,1.4400000000000048,0.8935655790598498,2.0,0.9756938434135197
573,1.4600000000000044,0.8874699411012824,2.0,0.975769017929343
574,1.4800000000000049,0.8813743031427148,2.0,0.9758418759559951
575,1.500000000000005,0.8752786651841473,2.0,0.975912526071519
576,1.520000000000005,0.8691830272255802,2.0,0.9759810703565478
577,1.5400000000000045,0.8630873892670127,2.0,0.9760476047901412
578,1.560000000000005,0.8569917513084452,2.0,0.9761122196234395
579,1.5800000000000054,0.8508961133498775,2.0,0.9761749997322268
580,1.600000000000005,0.8448004753913102,2.0,0.9762360249494444
581,1.6200000000000043,0.8387048374327427,2.0,0.9762953703786634
582,1.640000000000005,0.8326091994741752,2.0,0.9763531066894815
583,1.6600000000000057,0.8265135615156076,2.0,0.9764093003957639
584,1.680000000000005,0.8204179235570401,2.0,0.9764640141176182
585,1.7000000000000046,0.8143222855984729,2.0,0.9765173068279486
586,1.720000000000005,0.8082266476399053,2.0,0.9765692340843981
587,1.7400000000000055,0.8021310096813379,2.0,0.9766198482474544
588,1.7600000000000051,0.7960353717227702,2.0,0.9766691986854557
589,1.7800000000000047,0.7899397337642033,2.0,0.9767173319672053
590,1.8000000000000052,0.7838440958056356,2.0,0.9767642920428641
591,1.8200000000000056,0.777748457847068,2.0,0.9768101204137601
592,1.8400000000000047,0.7716528198885009,2.0,0.9768548562917322
593,1.8600000000000048,0.765557181929933,2.0,0.9768985367485796
594,1.8800000000000048,0.7594615439713657,2.0,0.9769411968561762
595,1.9000000000000057,0.7533659060127983,2.0,0.9769828698177734
596,1.9200000000000053,0.7472492664991983,2.0,0.9770235870909899
597,1.9400000000000048,0.7409987190465622,2.0,0.9770633785029648
598,1.9600000000000053,0.734748171593926,2.0,0.9771022723581206
599,1.9800000000000055,0.7284976241412897,2.0,0.9771402955389714
600,-1.9999999999999984,0.9999610041871896,3.0,1.019016021204381
601,-1.9799999999999984,0.99996061480315,3.0,1.0192884316867639
602,-1.9599999999999984,0.9999602254191104,3.0,1.019560599633991
603,-1.9399999999999984,0.9999598360350708,3.0,1.0198320760146409
604,-1.9199999999999984,0.9999594466510314,3.0,1.0201023777750908
605,-1.899999999999998,0.999959057266992,3.0,1.0203709862395565
606,-1.879999999999998,0.9999586678829522,3.0,1.0206373454923856
607,-1.859999999999998,0.9999582784989128,3.0,1.0209008607492396
608,-1.839999999999998,0.9999578891148732,3.0,1.0211608967246937
609,-1.819999999999998,0.9999574997308336,3.0,1.021416776004759
610,-1.799999999999998,0.999957110346794,3.0,1.021667777433838
611,-1.779999999999998,0.9999567209627546,3.0,1.0219131345266916
612,-1.759999999999998,0.9999563315787148,3.0,1.022152033917124
613,-1.739999999999998,0.9999559421946752,3.0,1.0223836138562428
614,-1.719999999999998,0.9999555528106356,3.0,1.0226069627743488
615,-1.699999999999998,0.9999551634265964,3.0,1.0228211179217326
616,-1.679999999999998,0.9999547740425566,3.0,1.0230250641048888
617,-1.659999999999998,0.999954384658517,3.0,1.023217732535909
618,-1.639999999999998,0.9999539952744776,3.0,1.0233979998140232
619,-1.619999999999998,0.999953605890438,3.0,1.0235646870594746
620,-1.599999999999998,0.9999532165063983,3.0,1.0237165592210544
621,-1.579999999999998,0.9999528271223588,3.0,1.0238523245796989
622,-1.5599999999999978,0.9999524377383192,3.0,1.0239706344715376
623,-1.5399999999999978,0.9999520483542798,3.0,1.0240700832546383
624,-1.5199999999999978,0.99995165897024,3.0,1.0241492085444095
625,-1.4999999999999978,0.9999512695862004,3.0,1.024206491743143
626,-1.4799999999999978,0.999950880202161,3.0,1.0242403588894988
627,-1.4599999999999975,0.9999504908181216,3.0,1.0242491818537927
628,-1.4399999999999975,0.9999500465383692,3.0,1.0242312799047397
629,-1.4199999999999977,0.9999494744327582,3.0,1.0241849216727597
630,-1.3999999999999977,0.9999489023271472,3.0,1.0241083275340603
631,-1.3799999999999977,0.999948330221536,3.0,1.0239996724384437
632,-1.3599999999999977,0.999947758115925,3.0,1.0238570892020626
633,-1.3399999999999976,0.9999471860103138,3.0,1.0236786722842197
634,-1.3199999999999976,0.9999466139047029,3.0,1.0234624820646534
635,-1.2999999999999976,0.999940434200664,3.0,1.0232065496346483
636,-1.2799999999999976,0.9999310606865636,3.0,1.0229088821116468
637,-1.2599999999999976,0.9997078117576004,3.0,1.022567468482896
638,-1.2399999999999975,0.998312836674942,3.0,1.0221802859789775
639,-1.2199999999999975,0.9969184424415676,3.0,1.0217453069728881
640,-1.1999999999999975,0.995524048208193,3.0,1.0212605063946718
641,-1.1799999999999975,0.9941296539748185,3.0,1.020723869645487
642,-1.1599999999999977,0.992735259741444,3.0,1.0201334009884686
643,-1.1399999999999977,0.9916572780816032,3.0,1.019487132386902
644,-1.1199999999999974,0.991245490710645,3.0,1.0187831327530743
645,-1.0999999999999974,0.9908337033396868,3.0,1.018019517563899
646,-1.0799999999999974,0.9903473306666056,3.0,1.0171944587920017
647,-1.0599999999999974,0.9898475807113128,3.0,1.0163061950936423
648,-1.0399999999999974,0.98934783075602,3.0,1.0153530421876626
649,-1.0199999999999974,0.9888480808007272,3.0,1.0143334033527878
650,-0.9999999999999972,0.9883483308454344,3.0,1.0132457799641847
651,-0.9799999999999972,0.9878485808901416,3.0,1.0120887819843523
652,-0.9599999999999972,0.9873488309348488,3.0,1.0108611383183272
653,-0.9399999999999972,0.9869186302799228,3.0,1.0095617069390035
654,-0.9199999999999972,0.986582950370155,3.0,1.008189484685197
655,-0.8999999999999972,0.986383239042876,3.0,1.006743616633087
656,-0.8799999999999972,0.9862162524867198,3.0,1.0052234049409607
657,-0.8599999999999972,0.986049265930564,3.0,1.0036283170678595
658,-0.8399999999999972,0.9858822793744078,3.0,1.0019579932688438
659,-0.8199999999999972,0.9857152928182517,3.0,1.0002122532732658
660,-0.7999999999999972,0.9855483062620954,3.0,0.9983911020575884
661,-0.7799999999999971,0.9853673874726256,3.0,0.9964947346310274
662,-0.7599999999999971,0.985140641726848,3.0,0.9945235397604666
663,-0.7399999999999971,0.9849138959810704,3.0,0.9924781025707025
664,-0.7199999999999971,0.9846871502352932,3.0,0.99035920596697
665,-0.6999999999999971,0.9844604044895156,3.0,0.9881678308387387
666,-0.679999999999997,0.9842336587437382,3.0,0.9859051550167898
667,-0.659999999999997,0.9840069129979608,3.0,0.9835725509693629
668,-0.639999999999997,0.9837801672521834,3.0,0.9811715822374871
669,-0.619999999999997,0.983553421506406,3.0,0.9787039986242152
670,-0.599999999999997,0.9833266757606284,3.0,0.9761717301671284
671,-0.579999999999997,0.9830999300148512,3.0,0.9735768799378841
672,-0.559999999999997,0.9828731842690736,3.0,0.9709217157264658
673,-0.5399999999999969,0.9826464385232964,3.0,0.9682086606809547
674,-0.5199999999999969,0.9824196927775188,3.0,0.9654402829857456
675,-0.4999999999999969,0.9820262905175492,3.0,0.9626192846720519
676,-0.4799999999999969,0.9813197814463872,3.0,0.9597484896639956
677,-0.4599999999999968,0.9808691318638112,3.0,0.9568308311714698
678,-0.4399999999999968,0.980590159553656,3.0,0.9538693385471048
679,-0.4199999999999968,0.9803111872435012,3.0,0.9508671237290333
680,-0.3999999999999968,0.9800942770460072,3.0,0.9478273673936191
681,-0.3799999999999968,0.9799871913897276,3.0,0.9447533049429653
682,-0.3599999999999967,0.9796009105540804,3.0,0.9416482124507983
683,-0.3399999999999967,0.978603598020536,3.0,0.9385153926873846
684,-0.3199999999999967,0.9775358155813834,3.0,0.9353581613395359
685,-0.2999999999999967,0.976464803991196,3.0,0.9321798335356587
686,-0.2799999999999967,0.9753619394821278,3.0,0.928983710778376
687,-0.2599999999999967,0.9742590749730596,3.0,0.9257730683786697
688,-0.2399999999999966,0.9731562104639914,3.0,0.9225511434759753
689,-0.2199999999999966,0.972053345954923,3.0,0.919321123718422
690,-0.1999999999999966,0.9709805634583762,3.0,0.9160861366666574
691,-0.1799999999999966,0.9699223225374798,3.0,0.912849239973655
692,-0.1599999999999966,0.9688640816165832,3.0,0.9096134123817733
693,-0.1399999999999965,0.9678058406956864,3.0,0.9063815455673184
694,-0.1199999999999965,0.96674759977479,3.0,0.9031564368521271
695,-0.0999999999999965,0.9656893588538932,3.0,0.8999407827914163
696,-0.0799999999999965,0.9646311179329966,3.0,0.8967371736374403
697,-0.0599999999999965,0.9635728770121,3.0,0.8935480886695201
698,-0.0399999999999964,0.9625146360912036,3.0,0.8903758923728006
699,-0.0199999999999964,0.9614563951703068,3.0,0.8872228314407729
700,3.552713678800501e-15,0.9603981542494102,3.0,0.8840910325701569
701,0.0200000000000031,0.9587095856318956,3.0,0.8809825010112534
702,0.0400000000000035,0.9568462132324872,3.0,0.8778991198323067
703,0.060000000000004,0.9549828408330784,3.0,0.8748426498527618
704,0.0800000000000036,0.95311946843367,3.0,0.8718147301975493
705,0.1000000000000032,0.951256096034262,3.0,0.868816879422588
706,0.1200000000000036,0.9493927236348532,3.0,0.8658504971605723
707,0.1400000000000041,0.947566607426614,3.0,0.8629168662356765
708,0.1600000000000037,0.9457836471642642,3.0,0.8600171551960466
709,0.1800000000000032,0.9440006869019142,3.0,0.8571524212137527
710,0.2000000000000037,0.9422177266395644,3.0,0.8543236133031867
711,0.2200000000000042,0.940434766377214,3.0,0.8515315758106283
712,0.2400000000000037,0.9386518061148642,3.0,0.8487770521297868
713,0.2600000000000033,0.9368688458525142,3.0,0.8460606886005043
714,0.2800000000000038,0.935085885590164,3.0,0.8433830385503999
715,0.3000000000000042,0.933302925327814,3.0,0.8407445664419773
716,0.3200000000000038,0.9315199650654642,3.0,0.8381456520905666
717,0.3400000000000034,0.9297370048031142,3.0,0.8355865949213737
718,0.3600000000000039,0.927954044540764,3.0,0.8330676182368084
719,0.3800000000000043,0.926171084278414,3.0,0.8305888734681355
720,0.4000000000000039,0.924388124016064,3.0,0.8281504443882974
721,0.4200000000000035,0.9226051637537144,3.0,0.8257523512654652
722,0.4400000000000039,0.920822203491364,3.0,0.8233945549394779
723,0.4600000000000044,0.9151418837417888,3.0,0.821076960805788
724,0.480000000000004,0.906704609818532,3.0,0.8187994226938522
725,0.5000000000000036,0.8982673358952755,3.0,0.8165617466290769
726,0.520000000000004,0.8898300619720185,3.0,0.8143636944694272
727,0.5400000000000045,0.8813927880487615,3.0,0.8122049874096627
728,0.560000000000004,0.872955514125505,3.0,0.8100853093478406
729,0.5800000000000036,0.8645182402022485,3.0,0.8080043101102581
730,0.6000000000000041,0.8560809662789913,3.0,0.8059616085323803
731,0.6200000000000045,0.8476436923557342,3.0,0.8039567953945189
732,0.6400000000000041,0.8392064184324777,3.0,0.8019894362121188
733,0.6600000000000037,0.830769144509221,3.0,0.8000590738814516
734,0.6800000000000042,0.8223318705859641,3.0,0.7981652311823514
735,0.7000000000000046,0.8138945966627071,3.0,0.7963074131403256
736,0.7200000000000042,0.8054573227394505,3.0,0.7944851092509846
737,0.7400000000000038,0.7970200488161938,3.0,0.7926977955702341
738,0.7600000000000042,0.7885827748929368,3.0,0.7909449366740857
739,0.7800000000000047,0.7801455009696798,3.0,0.7892259874922751
740,0.8000000000000043,0.7717082270464234,3.0,0.7875403950201388
741,0.8200000000000038,0.7632709531231666,3.0,0.7858875999133826
742,0.8400000000000043,0.7548336791999097,3.0,0.7842670379705265
743,0.8600000000000048,0.7459670883224176,3.0,0.7826781415078785
744,0.8800000000000043,0.7365080861661625,3.0,0.7811203406319398
745,0.9000000000000039,0.7273170626274554,3.0,0.7795930644141369
746,0.9200000000000044,0.7209806719392163,3.0,0.7780957419727441
747,0.9400000000000048,0.7120386746308721,3.0,0.7766278034668028
748,0.9600000000000044,0.7030966773225283,3.0,0.7751886810067492
749,0.980000000000004,0.6945418701537805,3.0,0.7737778094863597
750,1.0000000000000044,0.688020468916562,3.0,0.7723946273405043
751,1.020000000000005,0.6817147411239531,3.0,0.7710385772330572
752,1.0400000000000045,0.6754090133313446,3.0,0.7697091066791684
753,1.060000000000004,0.6691032855387361,3.0,0.7684056686059489
754,1.0800000000000043,0.6627975577461271,3.0,0.7671277218554675
755,1.100000000000005,0.6564918299535183,3.0,0.7658747316337795
756,1.1200000000000043,0.6501861021609099,3.0,0.764646169909565
757,1.140000000000004,0.6438803743683014,3.0,0.7634415157657686
758,1.1600000000000046,0.6375746465756925,3.0,0.7622602557074885
759,1.180000000000005,0.6312689187830837,3.0,0.7611018839291843
760,1.2000000000000046,0.6245273482120977,3.0,0.7599659025441264
761,1.2200000000000042,0.6177130304541352,3.0,0.7588518217788494
762,1.2400000000000049,0.6108987126961727,3.0,0.7577591601352172
763,1.2600000000000051,0.6040843949382102,3.0,0.756687444522574
764,1.2800000000000047,0.5972700771802477,3.0,0.7556362103622944
765,1.3000000000000045,0.5904557594222855,3.0,0.754605001666929
766,1.3200000000000047,0.5836414416643229,3.0,0.7535933710959947
767,1.3400000000000052,0.5768271239063605,3.0,0.7526008799903452
768,1.3600000000000048,0.5700128061483981,3.0,0.7516270983869304
769,1.3800000000000043,0.563198488390436,3.0,0.7506716050156363
770,1.4000000000000048,0.5563841706324733,3.0,0.7497339872798001
771,1.4200000000000053,0.5499316407095152,3.0,0.7488138412218749
772,1.4400000000000048,0.54349662239031,3.0,0.7479107714756337
773,1.4600000000000044,0.5376506719544527,3.0,0.7470243912061993
774,1.4800000000000049,0.531895518050361,3.0,0.7461543220391083
775,1.500000000000005,0.5262418130690083,3.0,0.7453001939795209
776,1.520000000000005,0.5208772339862556,3.0,0.7444616453226238
777,1.5400000000000045,0.5155126549035027,3.0,0.7436383225561882
778,1.560000000000005,0.51014807582075,3.0,0.74282988025618
779,1.5800000000000054,0.5047834967379967,3.0,0.7420359809762537
780,1.600000000000005,0.499418917655244,3.0,0.7412562951318991
781,1.6200000000000043,0.4940543385724914,3.0,0.74049050087995
782,1.640000000000005,0.4886897594897383,3.0,0.739738283994113
783,1.6600000000000057,0.4833251804069854,3.0,0.7389993377371227
784,1.680000000000005,0.4779606013242327,3.0,0.7382733627300779
785,1.7000000000000046,0.4725960222414799,3.0,0.7375600668194785
786,1.720000000000005,0.4672314431587269,3.0,0.7368591649424263
787,1.7400000000000055,0.4618668640759737,3.0,0.7361703789904321
788,1.7600000000000051,0.4565022849932213,3.0,0.7354934376722182
789,1.7800000000000047,0.4511377059104685,3.0,0.7348280763758821
790,1.8000000000000052,0.4457731268277153,3.0,0.734174037030752
791,1.8200000000000056,0.4404085477449623,3.0,0.7335310679692368
792,1.8400000000000047,0.4350439686622095,3.0,0.7328989237889423
793,1.8600000000000048,0.4296793895794569,3.0,0.7322773652153054
794,1.8800000000000048,0.4243148104967039,3.0,0.7316661589649692
795,1.9000000000000057,0.418950231413951,3.0,0.7310650776101049
796,1.9200000000000053,0.4135843967721049,3.0,0.7304738994438588
797,1.9400000000000048,0.4082122746226467,3.0,0.7298924083470935
798,1.9600000000000053,0.4028401524731888,3.0,0.7293203936565675
799,1.9800000000000055,0.3974680303237309,3.0,0.728757650034683
800,-1.9999999999999984,0.9227958865656204,4.0,0.8949826612517222
801,-1.9799999999999984,0.9194414154703876,4.0,0.8939872614522695
802,-1.9599999999999984,0.916086944375155,4.0,0.8929781928818612
803,-1.9399999999999984,0.9127324732799224,4.0,0.8919552304723587
804,-1.9199999999999984,0.9093780021846892,4.0,0.89091814480717
805,-1.899999999999998,0.9060235310894568,4.0,0.8898667020860719
806,-1.879999999999998,0.902669059994224,4.0,0.8888006640963856
807,-1.859999999999998,0.8993145888989914,4.0,0.8877197881912323
808,-1.839999999999998,0.8959601178037584,4.0,0.886623827275666
809,-1.819999999999998,0.8933100211015553,4.0,0.8855125298015354
810,-1.799999999999998,0.8929172178430977,4.0,0.8843856397719959
811,-1.779999999999998,0.89252441458464,4.0,0.8832428967566586
812,-1.759999999999998,0.8921316113261825,4.0,0.8820840359184378
813,-1.739999999999998,0.8917388080677249,4.0,0.880908788053246
814,-1.719999999999998,0.8913460048092672,4.0,0.8797168796437496
815,-1.699999999999998,0.8909590481983818,4.0,0.8785080329285107
816,-1.679999999999998,0.8905858878839469,4.0,0.8772819659879124
817,-1.659999999999998,0.8902127275695118,4.0,0.8760383928483823
818,-1.639999999999998,0.8898395672550765,4.0,0.874777023606522
819,-1.619999999999998,0.8882471001628083,4.0,0.8734975645748652
820,-1.599999999999998,0.886098114203309,4.0,0.8721997184511073
821,-1.579999999999998,0.8839491282438097,4.0,0.8708831845127704
822,-1.5599999999999978,0.8818001422843104,4.0,0.8695476588393959
823,-1.5399999999999978,0.8796511563248111,4.0,0.8681928345644986
824,-1.5199999999999978,0.8775021703653116,4.0,0.8668184021596566
825,-1.4999999999999978,0.8753531844058123,4.0,0.8654240497532659
826,-1.4799999999999978,0.8732041984463129,4.0,0.8640094634866399
827,-1.4599999999999975,0.8710552124868136,4.0,0.8625743279103082
828,-1.4399999999999975,0.868906226527314,4.0,0.861118326423537
829,-1.4199999999999977,0.8667572405678149,4.0,0.8596411417602687
830,-1.3999999999999977,0.8646082546083157,4.0,0.858142456524875
831,-1.3799999999999977,0.8624592686488162,4.0,0.8566219537812989
832,-1.3599999999999977,0.8603102826893166,4.0,0.8550793176993721
833,-1.3399999999999976,0.8581612967298176,4.0,0.8535142342622912
834,-1.3199999999999976,0.856012310770318,4.0,0.8519263920394486
835,-1.2999999999999976,0.8538633248108187,4.0,0.8503154830290305
836,-1.2799999999999976,0.8517143388513195,4.0,0.8486812035750159
837,-1.2599999999999976,0.84956535289182,4.0,0.8470232553634242
838,-1.2399999999999975,0.8474163669323207,4.0,0.8453413465028862
839,-1.2199999999999975,0.8452673809728214,4.0,0.8436351926948379
840,-1.1999999999999975,0.843118395013322,4.0,0.8419045184988476
841,-1.1799999999999975,0.8409694090538226,4.0,0.8401490586988105
842,-1.1599999999999977,0.8388204230943233,4.0,0.838368559775941
843,-1.1399999999999977,0.8366714371348238,4.0,0.8365627814947014
844,-1.1199999999999974,0.8345224511753246,4.0,0.8347314986079775
845,-1.0999999999999974,0.8323734652158251,4.0,0.8328745026879766
846,-1.0799999999999974,0.8302244792563258,4.0,0.8309916040894697
847,-1.0599999999999974,0.8280754932968265,4.0,0.8290826340520946
848,-1.0399999999999974,0.8259265073373272,4.0,0.827147446948535
849,-1.0199999999999974,0.8237775213778278,4.0,0.8251859226853919
850,-0.9999999999999972,0.8216285354183285,4.0,0.8231979692635764
851,-0.9799999999999972,0.8194795494588292,4.0,0.8211835255049421
852,-0.9599999999999972,0.8173305634993296,4.0,0.8191425639517514
853,-0.9399999999999972,0.8154525256608973,4.0,0.8170750939453095
854,-0.9199999999999972,0.814126026852682,4.0,0.8149811648897879
855,-0.8999999999999972,0.8127995280444669,4.0,0.8128608697068037
856,-0.8799999999999972,0.8107311442968552,4.0,0.8107143484857453
857,-0.8599999999999972,0.8083401060463136,4.0,0.8085417923341226
858,-0.8399999999999972,0.8059490677957721,4.0,0.8063434474313182
859,-0.8199999999999972,0.8035580295452306,4.0,0.8041196192880288
860,-0.7999999999999972,0.8012482447185765,4.0,0.8018706772123909
861,-0.7799999999999971,0.7990203617873283,4.0,0.7995970589822159
862,-0.7599999999999971,0.7967924788560801,4.0,0.7972992757209291
863,-0.7399999999999971,0.7945645959248321,4.0,0.7949779169726602
864,-0.7199999999999971,0.7923367129935838,4.0,0.7926336559694038
865,-0.6999999999999971,0.790108830062336,4.0,0.7902672550802851
866,-0.679999999999997,0.7878809471310877,4.0,0.7878795714295886
867,-0.659999999999997,0.7856530641998398,4.0,0.7854715626663787
868,-0.639999999999997,0.7834251812685916,4.0,0.7830442928641245
869,-0.619999999999997,0.7811972983373435,4.0,0.7805989385237457
870,-0.599999999999997,0.7789694154060954,4.0,0.778136794647807
871,-0.579999999999997,0.7767415324748473,4.0,0.7756592808471673
872,-0.559999999999997,0.7745136495435991,4.0,0.7731679474341648
873,-0.5399999999999969,0.7722857666123512,4.0,0.7706644814482984
874,-0.5199999999999969,0.7700578836811031,4.0,0.7681507125512822
875,-0.4999999999999969,0.7678300007498551,4.0,0.7656286187182522
876,-0.4799999999999969,0.7656021178186069,4.0,0.7631003316406403
877,-0.4599999999999968,0.7633742348873589,4.0,0.7605681417438231
878,-0.4399999999999968,0.7606180913556969,4.0,0.7580345027089405
879,-0.4199999999999968,0.7566433353051685,4.0,0.7555020353732353
880,-0.3999999999999968,0.7526685792546397,4.0,0.7529735308668566
881,-0.3799999999999968,0.7486938232041112,4.0,0.7504519528261734
882,-0.3599999999999967,0.7447190671535827,4.0,0.7479404385043597
883,-0.3399999999999967,0.7407443111030539,4.0,0.7454422985792256
884,-0.3199999999999967,0.7367695550525255,4.0,0.7429610154361181
885,-0.2999999999999967,0.7327947990019968,4.0,0.7405002396802316
886,-0.2799999999999967,0.7288200429514682,4.0,0.7380637846080518
887,-0.2599999999999967,0.7248452869009397,4.0,0.7356556183420795
888,-0.2399999999999966,0.720870530850411,4.0,0.7332798533068209
889,-0.2199999999999966,0.7168957747998825,4.0,0.7309407326976594
890,-0.1999999999999966,0.712921018749354,4.0,0.7286426135682467
891,-0.1799999999999966,0.7089462626988253,4.0,0.7263899461371612
892,-0.1599999999999966,0.7049715066482967,4.0,0.7241872488916999
893,-0.1399999999999965,0.7009967505977682,4.0,0.7220390790469096
894,-0.1199999999999965,0.6970219945472395,4.0,0.7199499979027074
895,-0.0999999999999965,0.693047238496711,4.0,0.7179245306328237
896,-0.0799999999999965,0.6890724824461822,4.0,0.7159671200382934
897,-0.0599999999999965,0.6850977263956538,4.0,0.7140820738076166
898,-0.0399999999999964,0.6811229703451254,4.0,0.7122735048481543
899,-0.0199999999999964,0.6771482142945966,4.0,0.7105452642918346
900,3.552713678800501e-15,0.6731734582440679,4.0,0.7089008668361865
901,0.0200000000000031,0.6691987021935396,4.0,0.7073434081627906
902,0.0400000000000035,0.665223946143011,4.0,0.7058754742833613
903,0.060000000000004,0.6612491900924822,4.0,0.7044990428029692
904,0.0800000000000036,0.6574867329911454,4.0,0.7032153762644506
905,0.1000000000000032,0.656307873715049,4.0,0.7020249079516443
906,0.1200000000000036,0.655129014438952,4.0,0.7009271207851193
907,0.1400000000000041,0.6539501551628553,4.0,0.699920420244788
908,0.1600000000000037,0.6527712958867586,4.0,0.699002002600319
909,0.1800000000000032,0.6515924366106622,4.0,0.6981677201214891
910,0.2000000000000037,0.6504135773345654,4.0,0.6974119453730176
911,0.2200000000000042,0.6480312640293308,4.0,0.6967274371650402
912,0.2400000000000037,0.6453928685020196,4.0,0.6961052112203077
913,0.2600000000000033,0.6427544729747086,4.0,0.6955344191168649
914,0.2800000000000038,0.6401160774473973,4.0,0.6950022395495693
915,0.3000000000000042,0.6380688157251696,4.0,0.6944937863992384
916,0.3200000000000038,0.6360390494038654,4.0,0.6939920384729781
917,0.3400000000000034,0.634009283082561,4.0,0.6934777960472456
918,0.3600000000000039,0.6319795167612564,4.0,0.6929296694671181
919,0.3800000000000043,0.6301031379679428,4.0,0.6923241049903284
920,0.4000000000000039,0.6285385062584279,4.0,0.6916354527738922
921,0.4200000000000035,0.6269738745489131,4.0,0.6908360813505992
922,0.4400000000000039,0.6254092428393982,4.0,0.689896542107613
923,0.4600000000000044,0.6238446111298832,4.0,0.6887857861487687
924,0.480000000000004,0.6222799794203685,4.0,0.6874714345025441
925,0.5000000000000036,0.6207153477108538,4.0,0.6859201009567659
926,0.520000000000004,0.6191507160013389,4.0,0.6840977649098279
927,0.5400000000000045,0.6175860842918238,4.0,0.6819701896005469
928,0.560000000000004,0.616021452582309,4.0,0.6795033790099346
929,0.5800000000000036,0.6144568208727943,4.0,0.6766640647293463
930,0.6000000000000041,0.6128921891632794,4.0,0.6734202122810777
931,0.6200000000000045,0.6113275574537643,4.0,0.6697415348797644
932,0.6400000000000041,0.6080543623554799,4.0,0.6656000015460144
933,0.6600000000000037,0.6076535188350962,4.0,0.6609703259173922
934,0.6800000000000042,0.6075621597216524,4.0,0.6558304221067708
935,0.7000000000000046,0.6074708006082086,4.0,0.6501618145591893
936,0.7200000000000042,0.6073794414947647,4.0,0.6439499900417023
937,0.7400000000000038,0.6072880823813209,4.0,0.6371846816138056
938,0.7600000000000042,0.6074169373065939,4.0,0.629860076581908
939,0.7800000000000047,0.6110468553320393,4.0,0.6219749429257859
940,0.8000000000000043,0.6153595825866135,4.0,0.6135326713659457
941,0.8200000000000038,0.6200281422308835,4.0,0.6045412329790515
942,0.8400000000000043,0.6246967018751539,4.0,0.5950130549278441
943,0.8600000000000048,0.6293652615194246,4.0,0.5849648193286952
944,0.8800000000000043,0.634033821163695,4.0,0.5744171924303152
945,0.9000000000000039,0.6387023808079653,4.0,0.563394493042396
946,0.9200000000000044,0.6433709404522359,4.0,0.5519243104816858
947,0.9400000000000048,0.6480395000965062,4.0,0.5400370831713683
948,0.9600000000000044,0.6527080597407763,4.0,0.5277656494395656
949,0.980000000000004,0.6573766193850465,4.0,0.5151447820387884
950,1.0000000000000044,0.6620451790293171,4.0,0.5022107174928028
951,1.020000000000005,0.6652911373010885,4.0,0.4890006906268711
952,1.0400000000000045,0.6664097627170548,4.0,0.4755524836165848
953,1.060000000000004,0.6675283881330208,4.0,0.4619039976687076
954,1.0800000000000043,0.668647013548987,4.0,0.44809285409395405
955,1.100000000000005,0.669765638964953,4.0,0.43415603011265247
956,1.1200000000000043,0.6708842643809192,4.0,0.42012953331011926
957,1.140000000000004,0.6720028897968855,4.0,0.406048117281669
958,1.1600000000000046,0.6731215152128514,4.0,0.3919450397208398
959,1.180000000000005,0.6736784073663673,4.0,0.3778518630419665
960,1.2000000000000046,0.6684667225972363,4.0,0.36379829661334456
961,1.2200000000000042,0.6632550378281052,4.0,0.3498120788240223
962,1.2400000000000049,0.6580433530589739,4.0,0.33591889652127666
963,1.2600000000000051,0.6528316682898424,4.0,0.32214233883521654
964,1.2800000000000047,0.6476199835207113,4.0,0.3085038820436295
965,1.3000000000000045,0.6424082987515802,4.0,0.2950229019114272
966,1.3200000000000047,0.637196613982449,4.0,0.28171670984858077
967,1.3400000000000052,0.6319849292133174,4.0,0.26860060925013124
968,1.3600000000000048,0.6267732444441866,4.0,0.2556879684925664
969,1.3800000000000043,0.6215615596750553,4.0,0.24299030724352524
970,1.4000000000000048,0.6166763098881626,4.0,0.23051739297828502
971,1.4200000000000053,0.6117959329153451,4.0,0.21827734487015604
972,1.4400000000000048,0.6069155559425281,4.0,0.20627674251787373
973,1.4600000000000044,0.6020351789697109,4.0,0.19452073727874214
974,1.4800000000000049,0.5971548019968935,4.0,0.18301316428099773
975,1.500000000000005,0.5922744250240761,4.0,0.17175665348432617
976,1.520000000000005,0.5873767258050163,4.0,0.16075273843723195
977,1.5400000000000045,0.5824228937791609,4.0,0.15000196163953064
978,1.560000000000005,0.5774690617533051,4.0,0.13950397565459216
979,1.5800000000000054,0.5725152297274496,4.0,0.12925763932752543
980,1.600000000000005,0.5675613977015943,4.0,0.1192611086517568
981,1.6200000000000043,0.5626075656757383,4.0,0.10951192198777003
982,1.640000000000005,0.557653733649883,4.0,0.10000707947522262
983,1.6600000000000057,0.5526999016240273,4.0,0.09074311659465228
984,1.680000000000005,0.5477460695981717,4.0,0.08171617192947442
985,1.7000000000000046,0.5427922375723165,4.0,0.07292204925483878
986,1.720000000000005,0.5378384055464606,4.0,0.0643562741393045
987,1.7400000000000055,0.5328845735206051,4.0,0.05601414529022389
988,1.7600000000000051,0.5279307414947494,4.0,0.047890780906189034
989,1.7800000000000047,0.522976909468894,4.0,0.0399811603217986
990,1.8000000000000052,0.5180230774430383,4.0,0.032280161242983246
991,1.8200000000000056,0.5130692454171828,4.0,0.02478259287684023
992,1.8400000000000047,0.5081154133913273,4.0,0.01748322525967058
993,1.8600000000000048,0.503149418504634,4.0,0.010376815081994673
994,1.8800000000000048,0.4981630000314559,4.0,0.003458128300728447
995,1.9000000000000057,0.4931765815582783,4.0,-0.0032780401826250083
996,1.9200000000000053,0.4881901630851011,4.0,-0.009836849512195739
997,1.9400000000000048,0.4832037446119233,4.0,-0.016223398285444834
998,1.9600000000000053,0.4782173261387455,4.0,-0.022442712142813404
999,1.9800000000000055,0.4732309076655681,4.0,-0.028499733319622966
1000,-1.9999999999999984,0.9666005168088998,5.0,1.0615227458989223
1001,-1.9799999999999984,0.9672250828177468,5.0,1.0598610472711663
1002,-1.9599999999999984,0.9678496488265936,5.0,1.0581795554972515
1003,-1.9399999999999984,0.9684742148354408,5.0,1.056478200417335
1004,-1.9199999999999984,0.9690987808442878,5.0,1.054756925650635
1005,-1.899999999999998,0.969723346853135,5.0,1.0530156897772835
1006,-1.879999999999998,0.970347912861982,5.0,1.051254467605311
1007,-1.859999999999998,0.9709724788708288,5.0,1.0494732515291478
1008,-1.839999999999998,0.971597044879676,5.0,1.0476720529865433
1009,-1.819999999999998,0.972221610888523,5.0,1.0458509040213508
1010,-1.799999999999998,0.97284617689737,5.0,1.0440098589602667
1011,-1.779999999999998,0.9734707429062172,5.0,1.0421489962122699
1012,-1.759999999999998,0.974095308915064,5.0,1.0402684202002348
1013,-1.739999999999998,0.9747198749239112,5.0,1.038368263434987
1014,-1.719999999999998,0.975344440932758,5.0,1.036448688742943
1015,-1.699999999999998,0.9759690069416052,5.0,1.0345098916593973
1016,-1.679999999999998,0.976593572950452,5.0,1.0325521030005633
1017,-1.659999999999998,0.9772181389592992,5.0,1.0305755916285773
1018,-1.639999999999998,0.9778427049681464,5.0,1.0285806674248867
1019,-1.619999999999998,0.9784672709769932,5.0,1.0265676844887683
1020,-1.599999999999998,0.9789702426249628,5.0,1.0245370445791542
1021,-1.579999999999998,0.9793175670723748,5.0,1.0224892008194986
1022,-1.5599999999999978,0.9789389534636588,5.0,1.020424661687115
1023,-1.5399999999999978,0.9781474959237004,5.0,1.0183439953102624
1024,-1.5199999999999978,0.9773560383837416,5.0,1.0162478340982328
1025,-1.4999999999999978,0.9765645808437832,5.0,1.0141368797318824
1026,-1.4799999999999978,0.97584107930795,5.0,1.0120119085443762
1027,-1.4599999999999975,0.9752134767045608,5.0,1.009873777324457
1028,-1.4399999999999975,0.9745858741011724,5.0,1.0077234295772906
1029,-1.4199999999999977,0.9739582714977832,5.0,1.005561902280892
1030,-1.3999999999999977,0.9733306688943943,5.0,1.0033903331793206
1031,-1.3799999999999977,0.9727030662910056,5.0,1.0012099686572455
1032,-1.3599999999999977,0.9720754636876168,5.0,0.9990221722441455
1033,-1.3399999999999976,0.971447861084228,5.0,0.9968284338003119
1034,-1.3199999999999976,0.9708202584808387,5.0,0.9946303794409863
1035,-1.2999999999999976,0.9701926558774502,5.0,0.9924297822593573
1036,-1.2799999999999976,0.9695650532740612,5.0,0.9902285739137868
1037,-1.2599999999999976,0.969354515273398,5.0,0.988028857149468
1038,-1.2399999999999975,0.9705915664751984,5.0,0.9858329193297684
1039,-1.2199999999999975,0.9718286176769988,5.0,0.9836432470576408
1040,-1.1999999999999975,0.9730656688787992,5.0,0.9814625419727216
1041,-1.1799999999999975,0.9743027200805996,5.0,0.9792937378149018
1042,-1.1599999999999977,0.9755397712824,5.0,0.977140018850166
1043,-1.1399999999999977,0.9767768224842004,5.0,0.9750048397591491
1044,-1.1199999999999974,0.9780138736860008,5.0,0.9728919470929283
1045,-1.0999999999999974,0.9792509248878012,5.0,0.9708054024037511
1046,-1.0799999999999974,0.9804879760896016,5.0,0.9687496071602708
1047,-1.0599999999999974,0.981725027291402,5.0,0.966729329556931
1048,-1.0399999999999974,0.9819303801101336,5.0,0.9647497333246942
1049,-1.0199999999999974,0.981851497427678,5.0,0.9628164086445283
1050,-0.9999999999999972,0.981772614745222,5.0,0.9609354052547738
1051,-0.9799999999999972,0.9816937320627666,5.0,0.9591132678273495
1052,-0.9599999999999972,0.9816148493803108,5.0,0.957357073663845
1053,-0.9399999999999972,0.9818395251926056,5.0,0.9556744727285706
1054,-0.9199999999999972,0.9826640433933818,5.0,0.9540737299886684
1055,-0.8999999999999972,0.9828789013119448,5.0,0.9525637699675733
1056,-0.8799999999999972,0.9825427575529484,5.0,0.951154223332725
1057,-0.8599999999999972,0.982206613793952,5.0,0.9498554752253321
1058,-0.8399999999999972,0.981819076561651,5.0,0.9486787148914144
1059,-0.8199999999999972,0.9804852678986944,5.0,0.9476359859795693
1060,-0.7999999999999972,0.979151459235738,5.0,0.9467402366194151
1061,-0.7799999999999971,0.9778176505727812,5.0,0.9460053680698672
1062,-0.7599999999999971,0.9764838419098248,5.0,0.9454462803084973
1063,-0.7399999999999971,0.9758392788579668,5.0,0.9450789123973926
1064,-0.7199999999999971,0.9752198707113656,5.0,0.9449202747760472
1065,-0.6999999999999971,0.9749945167877626,5.0,0.9449884697589643
1066,-0.679999999999997,0.975147322942022,5.0,0.9453026954066392
1067,-0.659999999999997,0.9753001290962812,5.0,0.9458832265337067
1068,-0.639999999999997,0.975550285427976,5.0,0.9467513648443731
1069,-0.619999999999997,0.9760753491842208,5.0,0.9479293479542845
1070,-0.599999999999997,0.9766004129404652,5.0,0.9494402042639654
1071,-0.579999999999997,0.97712547669671,5.0,0.9513075371677009
1072,-0.559999999999997,0.9776612894090496,5.0,0.9535552177712574
1073,-0.5399999999999969,0.9789204748440908,5.0,0.9562069599954868
1074,-0.5199999999999969,0.9801937476833664,5.0,0.9592857454980379
1075,-0.4999999999999969,0.981274549326018,5.0,0.9628130580998415
1076,-0.4799999999999969,0.9815812828802284,5.0,0.9668078782447564
1077,-0.4599999999999968,0.9818880164344388,5.0,0.9712853774281733
1078,-0.4399999999999968,0.9821947499886492,5.0,0.9762552406536456
1079,-0.4199999999999968,0.9825014835428596,5.0,0.9817195322657792
1080,-0.3999999999999968,0.98280821709707,5.0,0.9876700079097391
1081,-0.3799999999999968,0.9831611531809769,5.0,0.9940847646243032
1082,-0.3599999999999967,0.9835698473773072,5.0,1.000924115164011
1083,-0.3399999999999967,0.9839785415736376,5.0,1.0081255764256574
1084,-0.3199999999999967,0.984387235769968,5.0,1.0155978829937369
1085,-0.2999999999999967,0.9847959299662986,5.0,1.0232139871057346
1086,-0.2799999999999967,0.9852046241626292,5.0,1.0308031034737355
1087,-0.2599999999999967,0.9856133183589596,5.0,1.038142027355151
1088,-0.2399999999999966,0.98602201255529,5.0,1.0449462341083153
1089,-0.2199999999999966,0.9864307067516204,5.0,1.0508617091133081
1090,-0.1999999999999966,0.986839400947951,5.0,1.0554591241888274
1091,-0.1799999999999966,0.9872480951442814,5.0,1.058232946472137
1092,-0.1599999999999966,0.987656789340612,5.0,1.0586094051391775
1093,-0.1399999999999965,0.9880654835369423,5.0,1.0559689579917153
1094,-0.1199999999999965,0.988474177733273,5.0,1.0496908325885186
1095,-0.0999999999999965,0.9888828719296032,5.0,1.0392288276933945
1096,-0.0799999999999965,0.9892915661259338,5.0,1.0242275985991522
1097,-0.0599999999999965,0.9897002603222642,5.0,1.0046847082486596
1098,-0.0399999999999964,0.9901089545185948,5.0,0.9811519220201312
1099,-0.0199999999999964,0.9905176487149252,5.0,0.954944655636585
1100,3.552713678800501e-15,0.9909263429112556,5.0,0.9282879512143589
1101,0.0200000000000031,0.991335037107586,5.0,0.9042768349218941
1102,0.0400000000000035,0.9917437313039168,5.0,0.8864976765865622
1103,0.060000000000004,0.9921524255002472,5.0,0.8782112319386104
1104,0.0800000000000036,0.9925611196965776,5.0,0.8812173480714224
1105,0.1000000000000032,0.992969813892908,5.0,0.8948819391499687
1106,0.1200000000000036,0.9933785080892384,5.0,0.9160185383674457
1107,0.1400000000000041,0.9937872022855688,5.0,0.9399559858275159
1108,0.1600000000000037,0.9941958964818992,5.0,0.9622659436631005
1109,0.1800000000000032,0.99460459067823,5.0,0.9801053787978511
1110,0.2000000000000037,0.9950132848745604,5.0,0.9925431388313848
1111,0.2200000000000042,0.9954219790708908,5.0,1.0000608446961432
1112,0.2400000000000037,0.9958306732672212,5.0,1.003805541963261
1113,0.2600000000000033,0.9962393674635516,5.0,1.0050120397280429
1114,0.2800000000000038,0.9965921935858312,5.0,1.0047060940051933
1115,0.3000000000000042,0.9969386105587092,5.0,1.0036213198764399
1116,0.3200000000000038,0.9972850275315877,5.0,1.0022273739026486
1117,0.3400000000000034,0.9976314445044656,5.0,1.0007955708006102
1118,0.3600000000000039,0.997977861477344,5.0,0.9994641152216657
1119,0.3800000000000043,0.9983242784502222,5.0,0.9982892818588287
1120,0.4000000000000039,0.9986706954231004,5.0,0.9972809144474488
1121,0.4200000000000035,0.9990171123959788,5.0,0.9964251034704976
1122,0.4400000000000039,0.9992834249244776,5.0,0.9956977390211215
1123,0.4600000000000044,0.9994137113018454,5.0,0.9950720898850842
1124,0.480000000000004,0.9995439976792132,5.0,0.9945227014023352
1125,0.5000000000000036,0.9996742840565808,5.0,0.9940271401735936
1126,0.520000000000004,0.9998045704339484,5.0,0.9935665461729908
1127,0.5400000000000045,0.9999348568113162,5.0,0.9931255691165852
1128,0.560000000000004,1.0000651431886838,5.0,0.9926920212937049
1129,0.5800000000000036,1.0001954295660516,5.0,0.9922564296019549
1130,0.6000000000000041,0.9998112356967432,5.0,0.9918115814015072
1131,0.6200000000000045,0.9986415655040464,5.0,0.9913521086128354
1132,0.6400000000000041,0.9974718953113496,5.0,0.9908741270068517
1133,0.6600000000000037,0.9963022251186526,5.0,0.9903749333809937
1134,0.6800000000000042,0.995132554925956,5.0,0.98985275652964
1135,0.7000000000000046,0.993962884733259,5.0,0.9893065552074543
1136,0.7200000000000042,0.992793214540562,5.0,0.9887358556923993
1137,0.7400000000000038,0.9916235443478654,5.0,0.9881406219812836
1138,0.7600000000000042,0.9901503150444636,5.0,0.9875211524960501
1139,0.7800000000000047,0.9884653723297636,5.0,0.9868779981321003
1140,0.8000000000000043,0.9859812541025346,5.0,0.9862118973899601
1141,0.8200000000000038,0.9825294915232088,5.0,0.9855237251351023
1142,0.8400000000000043,0.9790064226760524,5.0,0.9848144522097808
1143,0.8600000000000048,0.9754833538288956,5.0,0.9840851136795414
1144,0.8800000000000043,0.9723399451639834,5.0,0.983336783949238
1145,0.9000000000000039,0.9696051166774092,5.0,0.9825705573454457
1146,0.9200000000000044,0.9668702881908348,5.0,0.9817875330501791
1147,0.9400000000000048,0.9641354597042604,5.0,0.9809888034991261
1148,0.9600000000000044,0.9614006312176864,5.0,0.9801754455383302
1149,0.980000000000004,0.958665802731112,5.0,0.9793485137762521
1150,1.0000000000000044,0.9559309742445378,5.0,0.9785090356814512
1151,1.020000000000005,0.9531961457579634,5.0,0.9776580080660542
1152,1.0400000000000045,0.9504613172713892,5.0,0.9767963946666813
1153,1.060000000000004,0.9477264887848148,5.0,0.9759251245915419
1154,1.0800000000000043,0.9449916602982408,5.0,0.9750450914479774
1155,1.100000000000005,0.9422568318116664,5.0,0.9741571530012891
1156,1.1200000000000043,0.939309310005669,5.0,0.9732621312450096
1157,1.140000000000004,0.9352836206235294,5.0,0.9723608127864345
1158,1.1600000000000046,0.9312579312413896,5.0,0.9714539494702803
1159,1.180000000000005,0.92723224185925,5.0,0.9705422591787431
1160,1.2000000000000046,0.9232065524771104,5.0,0.9696264267586869
1161,1.2200000000000042,0.9191802075720772,5.0,0.9687071050367844
1162,1.2400000000000049,0.9140541218404415,5.0,0.9677849158915983
1163,1.2600000000000051,0.9089450379388244,5.0,0.9668604513582002
1164,1.2800000000000047,0.9039840793818265,5.0,0.9659342747462818
1165,1.3000000000000045,0.8990231208248282,5.0,0.9650069217570363
1166,1.3200000000000047,0.89406216226783,5.0,0.9640789015875721
1167,1.3400000000000052,0.8891012037108319,5.0,0.9631506980144329
1168,1.3600000000000048,0.8841402451538335,5.0,0.9622227704500486
1169,1.3800000000000043,0.8782031346322037,5.0,0.9612955549677333
1170,1.4000000000000048,0.8719283157342347,5.0,0.9603694652922863
1171,1.4200000000000053,0.8656534968362657,5.0,0.9594448937543705
1172,1.4400000000000048,0.8593786779382967,5.0,0.9585222122077302
1173,1.4600000000000044,0.853103859040328,5.0,0.9576017729089923
1174,1.4800000000000049,0.8468290401423589,5.0,0.9566839093603206
1175,1.500000000000005,0.8405542212443897,5.0,0.9557689371155873
1176,1.520000000000005,0.834279402346421,5.0,0.954857154551011
1177,1.5400000000000045,0.8280045834484523,5.0,0.9539488436014198
1178,1.560000000000005,0.8217297645504831,5.0,0.9530442704634372
1179,1.5800000000000054,0.8154549456525141,5.0,0.9521436862669717
1180,1.600000000000005,0.8091801267545453,5.0,0.9512473277164402
1181,1.6200000000000043,0.8029053078565764,5.0,0.9503554177031663
1182,1.640000000000005,0.7966304889586073,5.0,0.9494681658903836
1183,1.6600000000000057,0.7903556700606383,5.0,0.9485857692722464
1184,1.680000000000005,0.7840808511626696,5.0,0.9477084127082036
1185,1.7000000000000046,0.7778060322647009,5.0,0.9468362694340497
1186,1.720000000000005,0.7715312133667316,5.0,0.9459695015508878
1187,1.7400000000000055,0.7652563944687625,5.0,0.9451082604932037
1188,1.7600000000000051,0.7589815755707938,5.0,0.944252687477166
1189,1.7800000000000047,0.752706756672825,5.0,0.9434029139302047
1190,1.8000000000000052,0.746431937774856,5.0,0.9425590619028719
1191,1.8200000000000056,0.7401571188768868,5.0,0.9417212444639067
1192,1.8400000000000047,0.7338822999789182,5.0,0.9408895660793759
1193,1.8600000000000048,0.7276074810809495,5.0,0.9400641229767084
1194,1.8800000000000048,0.7213326621829801,5.0,0.9392450034943773
1195,1.9000000000000057,0.7150460453989743,5.0,0.9384322884179377
1196,1.9200000000000053,0.7087261934914558,5.0,0.9376260513030839
1197,1.9400000000000048,0.7024063415839374,5.0,0.9368263587863346
1198,1.9600000000000053,0.6960864896764186,5.0,0.9360332708839227
1199,1.9800000000000055,0.6897666377689,5.0,0.935246841279423
1200,-1.9999999999999984,3.2751131297530147e-15,6.0,-0.08297036946582141
1201,-1.9799999999999984,0.0009475613368781,6.0,-0.0753531310952172
1202,-1.9599999999999984,0.001895122673753,6.0,-0.06764717739831494
1203,-1.9399999999999984,0.0028426840106278,6.0,-0.059856103304888816
1204,-1.9199999999999984,0.0037833944651579,6.0,-0.051983820984157186
1205,-1.899999999999998,0.0046367166358383,6.0,-0.04403456271652325
1206,-1.879999999999998,0.0054900388065184,6.0,-0.036012882218565294
1207,-1.859999999999998,0.0063433609771987,6.0,-0.027923654311387935
1208,-1.839999999999998,0.0071966831478789,6.0,-0.019772072832960133
1209,-1.819999999999998,0.0080500053185593,6.0,-0.011563646708030902
1210,-1.799999999999998,0.0089033274892395,6.0,-0.003304194104435068
1211,-1.779999999999998,0.0097566496599197,6.0,0.0050001653778797145
1212,-1.759999999999998,0.0106099718305999,6.0,0.013343020519181112
1213,-1.739999999999998,0.0114632940012802,6.0,0.02171768030624982
1214,-1.719999999999998,0.0142948421515737,6.0,0.030117187762200112
1215,-1.699999999999998,0.0239652966473499,6.0,0.0385343357450523
1216,-1.679999999999998,0.0336357511431261,6.0,0.04696168465515199
1217,-1.659999999999998,0.0433062056389022,6.0,0.055391581965975545
1218,-1.639999999999998,0.0529766601346782,6.0,0.06381618346742224
1219,-1.619999999999998,0.0626471146304545,6.0,0.07222747608590854
1220,-1.599999999999998,0.0723175691262305,6.0,0.0806173021219436
1221,-1.579999999999998,0.081931054855206,6.0,0.08897738472398997
1222,-1.5599999999999978,0.0893172089394287,6.0,0.09729935439776924
1223,-1.5399999999999978,0.0967033630236512,6.0,0.10557477633331305
1224,-1.5199999999999978,0.1040895171078739,6.0,0.11379517831840744
1225,-1.4999999999999978,0.1114756711920964,6.0,0.12195207899702654
1226,-1.4799999999999978,0.118861825276319,6.0,0.13003701622526131
1227,-1.4599999999999975,0.1262479793605417,6.0,0.13804157527527333
1228,-1.4399999999999975,0.1336341334447643,6.0,0.145957416640172
1229,-1.4199999999999977,0.1410202875289869,6.0,0.15377630319937113
1230,-1.3999999999999977,0.1484064416132094,6.0,0.1614901265149486
1231,-1.3799999999999977,0.1557925956974321,6.0,0.16909093204457573
1232,-1.3599999999999977,0.1631787497816546,6.0,0.17657094307549775
1233,-1.3399999999999976,0.1705649038658773,6.0,0.1839225832064713
1234,-1.3199999999999976,0.1779510579500999,6.0,0.19113849723009627
1235,-1.2999999999999976,0.1853372120343226,6.0,0.19821157029613382
1236,-1.2799999999999976,0.1927233661185454,6.0,0.2051349452667591
1237,-1.2599999999999976,0.2001095202027678,6.0,0.21190203820656892
1238,-1.2399999999999975,0.2061878228644226,6.0,0.2185065519832516
1239,-1.2199999999999975,0.2110281211388832,6.0,0.22494248798841218
1240,-1.1999999999999975,0.2158684194133436,6.0,0.23120415602178593
1241,-1.1799999999999975,0.2207087176878042,6.0,0.23728618241553315
1242,-1.1599999999999977,0.2253331427549505,6.0,0.24318351650805473
1243,-1.1399999999999977,0.2297166195901334,6.0,0.24889143560865282
1244,-1.1199999999999974,0.2341000964253167,6.0,0.2544055486250699
1245,-1.0999999999999974,0.2384835732604996,6.0,0.25972179855546684
1246,-1.0799999999999974,0.2443254851403725,6.0,0.26483646407472616
1247,-1.0599999999999974,0.2518140668221864,6.0,0.2697461604722049
1248,-1.0399999999999974,0.255898025989396,6.0,0.2744478402244541
1249,-1.0199999999999974,0.2592311449420427,6.0,0.27893879351230166
1250,-0.9999999999999972,0.2625642638946894,6.0,0.2832166490175442
1251,-0.9799999999999972,0.2658973828473361,6.0,0.28727937536085035
1252,-0.9599999999999972,0.2692305017999829,6.0,0.29112528357010514
1253,-0.9399999999999972,0.2725636207526294,6.0,0.29475303099809236
1254,-0.9199999999999972,0.2758967397052763,6.0,0.2981616271412082
1255,-0.8999999999999972,0.2792298586579229,6.0,0.301350441847855
1256,-0.8799999999999972,0.2825629776105697,6.0,0.30431921644771476
1257,-0.8599999999999972,0.2858960965632165,6.0,0.30706807838274575
1258,-0.8399999999999972,0.2892292155158632,6.0,0.3095975599792846
1259,-0.8199999999999972,0.29256233446851,6.0,0.31190862207018266
1260,-0.7999999999999972,0.2958954534211567,6.0,0.3140026832588557
1261,-0.7799999999999971,0.2992285723738036,6.0,0.3158816557163969
1262,-0.7599999999999971,0.3025616913264503,6.0,0.31754798852174515
1263,-0.7399999999999971,0.3058948102790971,6.0,0.31900471969730504
1264,-0.7199999999999971,0.3092279292317437,6.0,0.32025553826290165
1265,-0.6999999999999971,0.3125610481843904,6.0,0.3213048578348825
1266,-0.679999999999997,0.315894167137037,6.0,0.3221579035407728
1267,-0.659999999999997,0.319227286089684,6.0,0.32282081431030474
1268,-0.639999999999997,0.3225604050423307,6.0,0.3233007629491079
1269,-0.619999999999997,0.3258935239949773,6.0,0.3236060968111353
1270,-0.599999999999997,0.329226642947624,6.0,0.32374650237028346
1271,-0.579999999999997,0.3325597619002708,6.0,0.3237331975617279
1272,-0.559999999999997,0.3358928808529174,6.0,0.3235791564307253
1273,-0.5399999999999969,0.3392259998055644,6.0,0.3232993714020338
1274,-0.5199999999999969,0.3425591187582111,6.0,0.32291115937602677
1275,-0.4999999999999969,0.3458922377108579,6.0,0.32243451887333663
1276,-0.4799999999999969,0.3492253566635045,6.0,0.32189254658633004
1277,-0.4599999999999968,0.3525584756161513,6.0,0.3213119229378847
1278,-0.4399999999999968,0.3558915945687981,6.0,0.3207234775592164
1279,-0.4199999999999968,0.3592247135214446,6.0,0.3201628469081593
1280,-0.3999999999999968,0.3625578324740914,6.0,0.3196712374323144
1281,-0.3799999999999968,0.365890951426738,6.0,0.31929630852892055
1282,-0.3599999999999967,0.369224070379385,6.0,0.31909318972735345
1283,-0.3399999999999967,0.3725571893320317,6.0,0.3191256454859276
1284,-0.3199999999999967,0.3758903082846784,6.0,0.31946739791891043
1285,-0.2999999999999967,0.3792234272373253,6.0,0.32020361136868747
1286,-0.2799999999999967,0.382556546189972,6.0,0.3214325310524022
1287,-0.2599999999999967,0.3858896651426188,6.0,0.32326724807569773
1288,-0.2399999999999966,0.3892227840952654,6.0,0.3258375304637522
1289,-0.2199999999999966,0.392555903047912,6.0,0.3292916078843505
1290,-0.1999999999999966,0.3958052262519634,6.0,0.3337977166837056
1291,-0.1799999999999966,0.3985930647187345,6.0,0.33954508761503743
1292,-0.1599999999999966,0.4013809031855055,6.0,0.34674387123355566
1293,-0.1399999999999965,0.4041105634994354,6.0,0.3556232179685894
1294,-0.1199999999999965,0.405926338704255,6.0,0.3664263256564467
1295,-0.0999999999999965,0.4069744984366485,6.0,0.37940069410598065
1296,-0.0799999999999965,0.4075819654048835,6.0,0.394781041161019
1297,-0.0599999999999965,0.4076818698716319,6.0,0.41276131338821165
1298,-0.0399999999999964,0.4077817743383801,6.0,0.4334510036849667
1299,-0.0199999999999964,0.4078816788051282,6.0,0.45680975211731334
1300,3.552713678800501e-15,0.4079815832718761,6.0,0.4825534516112824
1301,0.0200000000000031,0.4080814877386244,6.0,0.5100259126835964
1302,0.0400000000000035,0.4081813922053725,6.0,0.5380347949864084
1303,0.060000000000004,0.4082812966721206,6.0,0.5646632174981344
1304,0.0800000000000036,0.4083812011388683,6.0,0.5870967527424862
1305,0.1000000000000032,0.4084811056056167,6.0,0.601561569102254
1306,0.1200000000000036,0.4085810100723648,6.0,0.6035684969022203
1307,0.1400000000000041,0.4086809145391131,6.0,0.588802207888689
1308,0.1600000000000037,0.4087808190058611,6.0,0.5551146828392135
1309,0.1800000000000032,0.4088807234726092,6.0,0.5058819402629481
1310,0.2000000000000037,0.4089806279393575,6.0,0.4537011635253779
1311,0.2200000000000042,0.4090805324061053,6.0,0.4200697161043364
1312,0.2400000000000037,0.4091804368728532,6.0,0.4236301912811635
1313,0.2600000000000033,0.4092803413396017,6.0,0.459646185236814
1314,0.2800000000000038,0.4093802458063496,6.0,0.4985371921549797
1315,0.3000000000000042,0.4094801502730976,6.0,0.514988700903164
1316,0.3200000000000038,0.4095800547398457,6.0,0.5066593349564326
1317,0.3400000000000034,0.4096799592065939,6.0,0.4844525092875127
1318,0.3600000000000039,0.4097798636733422,6.0,0.4590728308879557
1319,0.3800000000000043,0.4098797681400903,6.0,0.43660092515873716
1320,0.4000000000000039,0.4099796726068384,6.0,0.41929903993350903
1321,0.4200000000000035,0.4100795770735865,6.0,0.4073223333676492
1322,0.4400000000000039,0.4101794815403344,6.0,0.39993235967083907
1323,0.4600000000000044,0.4102793860070826,6.0,0.3961465742497511
1324,0.480000000000004,0.410379290473831,6.0,0.39503010265479355
1325,0.5000000000000036,0.4104791949405789,6.0,0.3958004607475297
1326,0.520000000000004,0.4105790994073271,6.0,0.3978455054465504
1327,0.5400000000000045,0.4106790038740752,6.0,0.40070621282522945
1328,0.560000000000004,0.4107789083408232,6.0,0.40404872789471324
1329,0.5800000000000036,0.4108788128075715,6.0,0.40763630337811996
1330,0.6000000000000041,0.4109787172743194,6.0,0.41130509186494135
1331,0.6200000000000045,0.4110786217410675,6.0,0.414944733850686
1332,0.6400000000000041,0.4111785262078157,6.0,0.4184834311999718
1333,0.6600000000000037,0.4112784306745635,6.0,0.4218767718862434
1334,0.6800000000000042,0.411378335141312,6.0,0.42509951481547803
1335,0.7000000000000046,0.41147823960806,6.0,0.42813963102222563
1336,0.7200000000000042,0.411578144074808,6.0,0.43099402697963807
1337,0.7400000000000038,0.4116780485415562,6.0,0.43366550312420105
1338,0.7600000000000042,0.4117779530083043,6.0,0.43616060975874993
1339,0.7800000000000047,0.4118778574750527,6.0,0.4384881497136408
1340,0.8000000000000043,0.4119777619418006,6.0,0.44065814419495875
1341,0.8200000000000038,0.4120776664085487,6.0,0.44268112853863384
1342,0.8400000000000043,0.4121775708752969,6.0,0.4445676817058274
1343,0.8600000000000048,0.4122774753420449,6.0,0.4463281204540286
1344,0.8800000000000043,0.4126511662023063,6.0,0.4479723087589108
1345,0.9000000000000039,0.4153239015468367,6.0,0.44950954722576975
1346,0.9200000000000044,0.4179966368913673,6.0,0.4509485174085638
1347,0.9400000000000048,0.4206693722358977,6.0,0.4522972632526192
1348,0.9600000000000044,0.4233421075804284,6.0,0.4535631971002234
1349,0.980000000000004,0.4260148429249586,6.0,0.4547531214311359
1350,1.0000000000000044,0.428687578269489,6.0,0.4558732601740163
1351,1.020000000000005,0.4313603136140197,6.0,0.4569292953228894
1352,1.0400000000000045,0.4340330489585501,6.0,0.457926405942478
1353,1.060000000000004,0.4367057843030802,6.0,0.45886930760326805
1354,1.0800000000000043,0.439378519647611,6.0,0.45976229096323895
1355,1.100000000000005,0.4420512549921416,6.0,0.46060925868823377
1356,1.1200000000000043,0.4447239903366719,6.0,0.461413760234326
1357,1.140000000000004,0.4473967256812024,6.0,0.46217902424437796
1358,1.1600000000000046,0.4500694610257327,6.0,0.4629079884667755
1359,1.180000000000005,0.4527421963702633,6.0,0.4636033272082466
1360,1.2000000000000046,0.4554149317147936,6.0,0.4642674763999103
1361,1.2200000000000042,0.4580876670593241,6.0,0.46490265639716355
1362,1.2400000000000049,0.4607604024038549,6.0,0.46551089265750767
1363,1.2600000000000051,0.4634331377483854,6.0,0.46609403445153996
1364,1.2800000000000047,0.4661058730929157,6.0,0.46665377176505696
1365,1.3000000000000045,0.4687786084374462,6.0,0.46719165054742073
1366,1.3200000000000047,0.4714513437819766,6.0,0.46770908645497966
1367,1.3400000000000052,0.4741240791265071,6.0,0.46820737722987016
1368,1.3600000000000048,0.4767968144710375,6.0,0.46868771384491836
1369,1.3800000000000043,0.4794695498155683,6.0,0.46915119053528
1370,1.4000000000000048,0.4821422851600982,6.0,0.46959881382737545
1371,1.4200000000000053,0.484815020504629,6.0,0.4700315106658801
1372,1.4400000000000048,0.4874877558491592,6.0,0.4704501357301982
1373,1.4600000000000044,0.4901604911936896,6.0,0.47085547802311567
1374,1.4800000000000049,0.4928332265382203,6.0,0.471248266806211
1375,1.500000000000005,0.4955059618827506,6.0,0.47162917694915485
1376,1.520000000000005,0.498178697227281,6.0,0.4719988337532145
1377,1.5400000000000045,0.5008514325718115,6.0,0.47235781730308946
1378,1.560000000000005,0.5035241679163424,6.0,0.4727066663956093
1379,1.5800000000000054,0.5061969032608727,6.0,0.4730458820887511
1380,1.600000000000005,0.5088696386054031,6.0,0.47337593090990604
1381,1.6200000000000043,0.5115423739499337,6.0,0.473697247758216
1382,1.640000000000005,0.5145262738075198,6.0,0.47401023853215085
1383,1.6600000000000057,0.5180367986341745,6.0,0.47431528251020816
1384,1.680000000000005,0.5215473234608291,6.0,0.4746127345096782
1385,1.7000000000000046,0.5250578482874836,6.0,0.47490292684579893
1386,1.720000000000005,0.5285683731141386,6.0,0.47518617111127226
1387,1.7400000000000055,0.5320788979407932,6.0,0.47546275979402375
1388,1.7600000000000051,0.5355894227674479,6.0,0.47573296774921126
1389,1.7800000000000047,0.5390999475941023,6.0,0.4759970535398267
1390,1.8000000000000052,0.5426104724207573,6.0,0.4762552606587346
1391,1.8200000000000056,0.5461209972474125,6.0,0.47650781864366853
1392,1.8400000000000047,0.5496315220740665,6.0,0.476754944095516
1393,1.8600000000000048,0.5531420469007212,6.0,0.47699684160915656
1394,1.8800000000000048,0.5566525717273764,6.0,0.4772337046251821
1395,1.9000000000000057,0.5601630965540306,6.0,0.4774657162099666
1396,1.9200000000000053,0.5636736213806858,6.0,0.4776930497708125
1397,1.9400000000000048,0.56718414620734,6.0,0.47791586971220923
1398,1.9600000000000053,0.5706946710339951,6.0,0.4781343320386474
1399,1.9800000000000055,0.5742051958606499,6.0,0.4783485849088802
1400,-1.9999999999999984,0.4759441701438167,7.0,0.5464805930094846
1401,-1.9799999999999984,0.4706989637053739,7.0,0.5148593975384781
1402,-1.9599999999999984,0.465453757266931,7.0,0.4845506204220669
1403,-1.9399999999999984,0.4602085508284881,7.0,0.45577820794368074
1404,-1.9199999999999984,0.4549633443900452,7.0,0.4287385476583768
1405,-1.899999999999998,0.4497181379516026,7.0,0.4035950818153665
1406,-1.879999999999998,0.4444729315131593,7.0,0.3804743315428242
1407,-1.859999999999998,0.4392277250747171,7.0,0.35946348749079443
1408,-1.839999999999998,0.4339825186362744,7.0,0.34060961103331844
1409,-1.819999999999998,0.4287373121978313,7.0,0.3239203858738317
1410,-1.799999999999998,0.4234921057593885,7.0,0.30936627096602864
1411,-1.779999999999998,0.418246899320946,7.0,0.2968838368574508
1412,-1.759999999999998,0.4130016928825027,7.0,0.2863800209741898
1413,-1.739999999999998,0.4077564864440602,7.0,0.27773701309784793
1414,-1.719999999999998,0.4025112800056175,7.0,0.2708174790845673
1415,-1.699999999999998,0.3971836866286578,7.0,0.2654698464841667
1416,-1.679999999999998,0.3906432101943557,7.0,0.26153340702090755
1417,-1.659999999999998,0.3836192310639838,7.0,0.2588430340096676
1418,-1.639999999999998,0.3765952519336126,7.0,0.25723336322739165
1419,-1.619999999999998,0.3695712728032409,7.0,0.2565423388250946
1420,-1.599999999999998,0.3625472936728695,7.0,0.2566140770694995
1421,-1.579999999999998,0.3555233145424979,7.0,0.2573010462818813
1422,-1.5599999999999978,0.348499335412126,7.0,0.2584655986188799
1423,-1.5399999999999978,0.3414753562817544,7.0,0.2599809169005613
1424,-1.5199999999999978,0.3344513771513828,7.0,0.261731457338486
1425,-1.4999999999999978,0.3274273980210114,7.0,0.26361297755595614
1426,-1.4799999999999978,0.3204034188906398,7.0,0.2655322402131446
1427,-1.4599999999999975,0.3133794397602681,7.0,0.26740647768547476
1428,-1.4399999999999975,0.3063554606298966,7.0,0.26916269447631586
1429,-1.4199999999999977,0.2993314814995248,7.0,0.27073687308516287
1430,-1.3999999999999977,0.2923075023691531,7.0,0.2720731373076232
1431,-1.3799999999999977,0.2845526157110671,7.0,0.2731229154668285
1432,-1.3599999999999977,0.2753887488095821,7.0,0.27384413557346216
1433,-1.3399999999999976,0.2662248819080978,7.0,0.27420047528770347
1434,-1.3199999999999976,0.2570610150066127,7.0,0.2741606819768309
1435,-1.2999999999999976,0.2478971481051284,7.0,0.2736979721198174
1436,-1.2799999999999976,0.2387332812036435,7.0,0.2727895146851458
1437,-1.2599999999999976,0.2295694143021588,7.0,0.2714159997160298
1438,-1.2399999999999975,0.2204055474006741,7.0,0.2695612909862367
1439,-1.2199999999999975,0.2112416804991894,7.0,0.26721216002485043
1440,-1.1999999999999975,0.2020778135977045,7.0,0.2643580978471472
1441,-1.1799999999999975,0.19291394669622,7.0,0.2609912001893634
1442,-1.1599999999999977,0.1837500797947354,7.0,0.25710612176928216
1443,-1.1399999999999977,0.1746592485361755,7.0,0.2527000949473433
1444,-1.1199999999999974,0.1673069307805731,7.0,0.24777300803111546
1445,-1.0999999999999974,0.159954613024971,7.0,0.24232753825520228
1446,-1.0799999999999974,0.1526022952693687,7.0,0.23636933410161243
1447,-1.0599999999999974,0.1452499775137666,7.0,0.22990724104045412
1448,-1.0399999999999974,0.1378976597581643,7.0,0.2229535639208396
1449,-1.0199999999999974,0.1305453420025622,7.0,0.21552435809717593
1450,-0.9999999999999972,0.12319302424696,7.0,0.20763973992588525
1451,-0.9799999999999972,0.1158407064913577,7.0,0.19932420552518038
1452,-0.9599999999999972,0.1084883887357556,7.0,0.19060694469815287
1453,-0.9399999999999972,0.1045411180821124,7.0,0.18152213475472448
1454,-0.9199999999999972,0.1012540895256979,7.0,0.17210919674998976
1455,-0.8999999999999972,0.097967060969283,7.0,0.16241299454966937
1456,-0.8799999999999972,0.0946800324128684,7.0,0.15248395534935316
1457,-0.8599999999999972,0.0913930038564538,7.0,0.14237808906769245
1458,-0.8399999999999972,0.088105975300039,7.0,0.1321568836918893
1459,-0.8199999999999972,0.0848189467436243,7.0,0.12188705447722861
1460,-0.7999999999999972,0.0818242015718405,7.0,0.11164012717590599
1461,-0.7799999999999971,0.078917150796152,7.0,0.10149183942595405
1462,-0.7599999999999971,0.0760101000204634,7.0,0.09152135020377447
1463,-0.7399999999999971,0.0731030492447749,7.0,0.08181025482667481
1464,-0.7199999999999971,0.0701959984690863,7.0,0.07244141219662259
1465,-0.6999999999999971,0.0672889476933978,7.0,0.06349760140857005
1466,-0.679999999999997,0.0643818969177093,7.0,0.05506003590372974
1467,-0.659999999999997,0.0614748461420207,7.0,0.04720677424879696
1468,-0.639999999999997,0.0585677953663323,7.0,0.040011076467707796
1469,-0.619999999999997,0.0556607445906437,7.0,0.03353976271893419
1470,-0.599999999999997,0.0527536938149551,7.0,0.027851636159101273
1471,-0.579999999999997,0.0498466430392667,7.0,0.02299603342051909
1472,-0.559999999999997,0.0443024548795939,7.0,0.01901156390536013
1473,-0.5399999999999969,0.0366001805401806,7.0,0.01592509305914283
1474,-0.5199999999999969,0.029182850737045,7.0,0.013751015279496653
1475,-0.4999999999999969,0.024341141283828,7.0,0.012490849791633507
1476,-0.4799999999999969,0.0209369421731244,7.0,0.012133178530350064
1477,-0.4599999999999968,0.0176005978283551,7.0,0.012653929735118391
1478,-0.4399999999999968,0.0154005230998104,7.0,0.01401699546062532
1479,-0.4199999999999968,0.0132004483712658,7.0,0.016175156238369404
1480,-0.3999999999999968,0.0110003736427212,7.0,0.019071272174806808
1481,-0.3799999999999968,0.0088002989141766,7.0,0.02263968706615971
1482,-0.3599999999999967,0.006600224185632,7.0,0.026807780640913575
1483,-0.3399999999999967,0.0044001494570874,7.0,0.031497593593644374
1484,-0.3199999999999967,0.0022000747285428,7.0,0.03662744025118961
1485,-0.2999999999999967,-1.785572005073802e-15,7.0,0.04211341393317475
1486,-0.2799999999999967,0.0007270771532522,7.0,0.04787067954144128
1487,-0.2599999999999967,0.0027502325104008,7.0,0.053814435600567784
1488,-0.2399999999999966,0.0053582011294196,7.0,0.05986041260450664
1489,-0.2199999999999966,0.0081730627056931,7.0,0.06592475473456477
1490,-0.1999999999999966,0.0109879242819665,7.0,0.07192310673023342
1491,-0.1799999999999966,0.01380278585824,7.0,0.07776869701610442
1492,-0.1599999999999966,0.0166176474345134,7.0,0.08336917512940864
1493,-0.1399999999999965,0.0216070932318258,7.0,0.08862193530299281
1494,-0.1199999999999965,0.0289593628197307,7.0,0.09340766040296478
1495,-0.0999999999999965,0.0371605662043946,7.0,0.09758189671009684
1496,-0.0799999999999965,0.0453617695890585,7.0,0.10096470986331116
1497,-0.0599999999999965,0.0458620325548841,7.0,0.10332904540851251
1498,-0.0399999999999964,0.0453373900823745,7.0,0.10438963456343242
1499,-0.0199999999999964,0.0448621110644637,7.0,0.10379669404020128
1500,3.552713678800501e-15,0.044386832046553,7.0,0.10114317705472653
1501,0.0200000000000031,0.0439115530286421,7.0,0.096002299102114
1502,0.0400000000000035,0.0434362740107313,7.0,0.08802504735850877
1503,0.060000000000004,0.0429609949928205,7.0,0.07714559712173827
1504,0.0800000000000036,0.0428629449049829,7.0,0.06395928274730975
1505,0.1000000000000032,0.0452906620864108,7.0,0.05032362084384742
1506,0.1200000000000036,0.0477183792678389,7.0,0.04010249273762456
1507,0.1400000000000041,0.0501460964492671,7.0,0.039556651037884805
1508,0.1600000000000037,0.0549518531711734,7.0,0.056078239497069055
1509,0.1800000000000032,0.0602752350876048,7.0,0.09354281825777502
1510,0.2000000000000037,0.0655986170040366,7.0,0.14519353543545482
1511,0.2200000000000042,0.0709219989204684,7.0,0.1915703704251408
1512,0.2400000000000037,0.0762453808368999,7.0,0.21094881674185806
1513,0.2600000000000033,0.081261441276895,7.0,0.19417764972730672
1514,0.2800000000000038,0.0858902539617623,7.0,0.14811744458302784
1515,0.3000000000000042,0.0824543005657454,7.0,0.08752471078564744
1516,0.3200000000000038,0.0778178281585866,7.0,0.026288143018250165
1517,0.3400000000000034,0.0731813557514277,7.0,-0.026465958643952375
1518,0.3600000000000039,0.0685448833442686,7.0,-0.06646499507155038
1519,0.3800000000000043,0.0639084109371095,7.0,-0.09291974718053744
1520,0.4000000000000039,0.0592719385299506,7.0,-0.10705306969217818
1521,0.4200000000000035,0.0575790851415717,7.0,-0.1109954927607307
1522,0.4400000000000039,0.057431892038739,7.0,-0.10709198806132245
1523,0.4600000000000044,0.0572846989359063,7.0,-0.09752669438531139
1524,0.480000000000004,0.0571375058330737,7.0,-0.08415637695785025
1525,0.5000000000000036,0.056990312730241,7.0,-0.068466200159267
1526,0.520000000000004,0.0569979717365028,7.0,-0.05158950327535841
1527,0.5400000000000045,0.0599115568716538,7.0,-0.03435590527649021
1528,0.560000000000004,0.0636229717750263,7.0,-0.01734759820478124
1529,0.5800000000000036,0.0673343866783988,7.0,-0.000953438519387062
1530,0.6000000000000041,0.0710458015817715,7.0,0.01458380871848225
1531,0.6200000000000045,0.074757216485144,7.0,0.029128524316576476
1532,0.6400000000000041,0.0784686313885166,7.0,0.04262139063802123
1533,0.6600000000000037,0.082180046291889,7.0,0.05505569957927403
1534,0.6800000000000042,0.0858914611952616,7.0,0.06645961109324278
1535,0.7000000000000046,0.0899931009868297,7.0,0.07688316770380307
1536,0.7200000000000042,0.0951433487368479,7.0,0.08638899890487459
1537,0.7400000000000038,0.100293596486866,7.0,0.09504582134812525
1538,0.7600000000000042,0.1055721208972281,7.0,0.10292401526293479
1539,0.7800000000000047,0.1113222674057064,7.0,0.11009271506044396
1540,0.8000000000000043,0.1170724139141843,7.0,0.11661798513050509
1541,0.8200000000000038,0.1228225604226624,7.0,0.12256175951570192
1542,0.8400000000000043,0.1285727069311409,7.0,0.12798130865994628
1543,0.8600000000000048,0.134322853439619,7.0,0.1329290612463433
1544,0.8800000000000043,0.1400729999480972,7.0,0.1374526579455394
1545,0.9000000000000039,0.1458231464565751,7.0,0.14159515009145382
1546,0.9200000000000044,0.1515732929650534,7.0,0.14539528279415964
1547,0.9400000000000048,0.1573234394735318,7.0,0.14888782116219457
1548,0.9600000000000044,0.1630735859820098,7.0,0.15210389201188243
1549,0.980000000000004,0.1688237324904878,7.0,0.1550713231336901
1550,1.0000000000000044,0.1745738789989662,7.0,0.15781496895842112
1551,1.020000000000005,0.1803240255074445,7.0,0.160357016134958
1552,1.0400000000000045,0.1860741720159226,7.0,0.1627172656978193
1553,1.060000000000004,0.1915691646466333,7.0,0.16491339060613275
1554,1.0800000000000043,0.1966821407195592,7.0,0.1669611687936955
1555,1.100000000000005,0.2017951850603882,7.0,0.1688746927108869
1556,1.1200000000000043,0.2069795455808268,7.0,0.17066655682617712
1557,1.140000000000004,0.2121639061012653,7.0,0.17234802480305744
1558,1.1600000000000046,0.2173192064133066,7.0,0.1739291781584204
1559,1.180000000000005,0.2224667498074612,7.0,0.1754190481971486
1560,1.2000000000000046,0.2276142932016152,7.0,0.17682573294387682
1561,1.2200000000000042,0.2327618365957694,7.0,0.17815650068311184
1562,1.2400000000000049,0.237909379989924,7.0,0.1794178815909843
1563,1.2600000000000051,0.2430569233840785,7.0,0.18061574880761289
1564,1.2800000000000047,0.2482044667782326,7.0,0.1817553901658645
1565,1.3000000000000045,0.2533520101723869,7.0,0.18284157166484408
1566,1.3200000000000047,0.2584995535665413,7.0,0.18387859365735354
1567,1.3400000000000052,0.2636470969606958,7.0,0.18487034061111599
1568,1.3600000000000048,0.26879464035485,7.0,0.18582032520422886
1569,1.3800000000000043,0.2739421837490042,7.0,0.186731727425956
1570,1.4000000000000048,0.2790897271431587,7.0,0.18760742927415405
1571,1.4200000000000053,0.284237270537313,7.0,0.18845004556967468
1572,1.4400000000000048,0.2896414792556691,7.0,0.18926195134532012
1573,1.4600000000000044,0.2955453741788054,7.0,0.19004530621150334
1574,1.4800000000000049,0.301449269101942,7.0,0.19080207605199168
1575,1.500000000000005,0.3073531640250785,7.0,0.191534052360254
1576,1.520000000000005,0.3132570589482149,7.0,0.19224286948927968
1577,1.5400000000000045,0.3191609538713513,7.0,0.19293002005476087
1578,1.560000000000005,0.3250648487944877,7.0,0.1935968687025956
1579,1.5800000000000054,0.3309687437176241,7.0,0.19424466442632907
1580,1.600000000000005,0.3368726386407608,7.0,0.19487455159795222
1581,1.6200000000000043,0.3427765335638969,7.0,0.19548757985602297
1582,1.640000000000005,0.3486804284870333,7.0,0.19608471297803776
1583,1.6600000000000057,0.3545843234101701,7.0,0.19666683684902928
1584,1.680000000000005,0.3604882183333066,7.0,0.19723476662527306
1585,1.7000000000000046,0.3663921132564428,7.0,0.19778925318048615
1586,1.720000000000005,0.3722960081795795,7.0,0.19833098891179768
1587,1.7400000000000055,0.3781999031027158,7.0,0.19886061297392466
1588,1.7600000000000051,0.3841037980258521,7.0,0.19937871600217033
1589,1.7800000000000047,0.3900076929489885,7.0,0.19988584437801107
1590,1.8000000000000052,0.395911587872125,7.0,0.20038250408500696
1591,1.8200000000000056,0.4018154827952615,7.0,0.20086916419743672
1592,1.8400000000000047,0.4077193777183979,7.0,0.2013462600393716
1593,1.8600000000000048,0.4136232726415344,7.0,0.2018141960477639
1594,1.8800000000000048,0.4196247274075252,7.0,0.202273348369454
1595,1.9000000000000057,0.4256558327369272,7.0,0.20272406721878108
1596,1.9200000000000053,0.4315466572562828,7.0,0.20316667901959726
1597,1.9400000000000048,0.4372749071089495,7.0,0.2036014883529691
1598,1.9600000000000053,0.4430031569616165,7.0,0.20402877972958874
1599,1.9800000000000055,0.4487314068142835,7.0,0.20444881920391617
1600,-1.9999999999999984,0.3867449173510671,8.0,0.5890506611535924
1601,-1.9799999999999984,0.3827167347425452,8.0,0.5507855482798746
1602,-1.9599999999999984,0.3788843434932172,8.0,0.5149814676945823
1603,-1.9399999999999984,0.3764375531487404,8.0,0.4821652133666564
1604,-1.9199999999999984,0.3739907628042647,8.0,0.45273397827066864
1605,-1.899999999999998,0.3715439724597884,8.0,0.42693346553225764
1606,-1.879999999999998,0.3690971821153123,8.0,0.40485204072174674
1607,-1.859999999999998,0.3666503917708359,8.0,0.3864302992213173
1608,-1.839999999999998,0.3642036014263597,8.0,0.371482869936501
1609,-1.819999999999998,0.3617568110818834,8.0,0.3597278142786888
1610,-1.799999999999998,0.3593100207374072,8.0,0.3508187497912204
1611,-1.779999999999998,0.3569004295760715,8.0,0.3443755736852597
1612,-1.759999999999998,0.3548741954529955,8.0,0.340010931279969
1613,-1.739999999999998,0.3528479613299184,8.0,0.3373509321904379
1614,-1.719999999999998,0.3508217272068419,8.0,0.33604976678503307
1615,-1.699999999999998,0.3487954930837651,8.0,0.3357986843492546
1616,-1.679999999999998,0.346769258960689,8.0,0.3363302557250765
1617,-1.659999999999998,0.3447430248376126,8.0,0.3374190200205485
1618,-1.639999999999998,0.3427167907145352,8.0,0.3388795939530484
1619,-1.619999999999998,0.340690556591459,8.0,0.34056318544528213
1620,-1.599999999999998,0.3386643224683823,8.0,0.34235326475612254
1621,-1.579999999999998,0.3366380883453059,8.0,0.34416095097319827
1622,-1.5599999999999978,0.3346118542222293,8.0,0.3459204953789261
1623,-1.5399999999999978,0.3325856200991517,8.0,0.3475850984464165
1624,-1.5199999999999978,0.3305593859760758,8.0,0.3491231870245089
1625,-1.4999999999999978,0.3285331518529992,8.0,0.35051520002542585
1626,-1.4799999999999978,0.3265069177299226,8.0,0.3517508793160052
1627,-1.4599999999999975,0.3244806836068457,8.0,0.35282703145210687
1628,-1.4399999999999975,0.3224544494837689,8.0,0.3537457096822808
1629,-1.4199999999999977,0.3204282153606927,8.0,0.35451275950260563
1630,-1.3999999999999977,0.3184019812376156,8.0,0.3551366712699936
1631,-1.3799999999999977,0.316375747114539,8.0,0.355627687288667
1632,-1.3599999999999977,0.3143495129914628,8.0,0.3559971165298034
1633,-1.3399999999999976,0.3123232788683855,8.0,0.35625681653356606
1634,-1.3199999999999976,0.3102970447453091,8.0,0.3564188083524287
1635,-1.2999999999999976,0.3082211987520771,8.0,0.3564949962252436
1636,-1.2799999999999976,0.3061175634966619,8.0,0.35649696883454957
1637,-1.2599999999999976,0.3040139282412462,8.0,0.3564358634380382
1638,-1.2399999999999975,0.3019102929858312,8.0,0.3563222778974842
1639,-1.2199999999999975,0.2998066577304151,8.0,0.35616621871337334
1640,-1.1999999999999975,0.2977030224749996,8.0,0.3559770756865782
1641,-1.1799999999999975,0.2955993872195841,8.0,0.35576361584932764
1642,-1.1599999999999977,0.2934957519641685,8.0,0.3555339909119636
1643,-1.1399999999999977,0.2913921167087532,8.0,0.3552957537279087
1644,-1.1199999999999974,0.2892884814533376,8.0,0.35505588024583284
1645,-1.0999999999999974,0.2871848461979219,8.0,0.3548207941449511
1646,-1.0799999999999974,0.2850812109425063,8.0,0.3545963918773964
1647,-1.0599999999999974,0.2829775756870913,8.0,0.3543880662029233
1648,-1.0399999999999974,0.2808739404316758,8.0,0.3542007265205537
1649,-1.0199999999999974,0.2787703051762599,8.0,0.3540388143968498
1650,-0.9999999999999972,0.2766666699208443,8.0,0.35390631267250366
1651,-0.9799999999999972,0.2745630346654288,8.0,0.3538067464031686
1652,-0.9599999999999972,0.2724593994100133,8.0,0.35374317365614927
1653,-0.9399999999999972,0.2703557641545979,8.0,0.35371816383520893
1654,-0.9199999999999972,0.2710915212794557,8.0,0.35373376072872753
1655,-0.8999999999999972,0.2719720550537444,8.0,0.3537914268525151
1656,-0.8799999999999972,0.2728525888280333,8.0,0.35389196486164903
1657,-0.8599999999999972,0.2737331226023224,8.0,0.354035410801724
1658,-0.8399999999999972,0.2746136563766113,8.0,0.35422089271638524
1659,-0.8199999999999972,0.2799927454885359,8.0,0.3544464465734202
1660,-0.7999999999999972,0.2862763757689947,8.0,0.354708779554951
1661,-0.7799999999999971,0.2925600060494536,8.0,0.355002968409011
1662,-0.7599999999999971,0.2988436363299129,8.0,0.3553220777042064
1663,-0.7399999999999971,0.3051272666103715,8.0,0.35565667939026846
1664,-0.7199999999999971,0.3114108968908307,8.0,0.35599425097945026
1665,-0.6999999999999971,0.3176945271712893,8.0,0.35631842489219645
1666,-0.679999999999997,0.3128546863794664,8.0,0.35660805608641927
1667,-0.659999999999997,0.2966267944746293,8.0,0.3568360691690976
1668,-0.639999999999997,0.2803989025697924,8.0,0.3569680401511118
1669,-0.619999999999997,0.2673236472767619,8.0,0.35696046261161424
1670,-0.599999999999997,0.266688408444344,8.0,0.3567586446811908
1671,-0.579999999999997,0.2660531696119255,8.0,0.35629418435520127
1672,-0.559999999999997,0.2654179307795075,8.0,0.35548198025996214
1673,-0.5399999999999969,0.2647826919470892,8.0,0.3542167596807662
1674,-0.5199999999999969,0.2641474531146709,8.0,0.352369155756277
1675,-0.4999999999999969,0.2635122142822529,8.0,0.34978145698427954
1676,-0.4799999999999969,0.2628769754498349,8.0,0.3462633075383179
1677,-0.4599999999999968,0.2622417366174165,8.0,0.3415878879052251
1678,-0.4399999999999968,0.261606497784998,8.0,0.3354894911825005
1679,-0.4199999999999968,0.2446463045532752,8.0,0.3276639706454559
1680,-0.3999999999999968,0.2269835278653353,8.0,0.31777428826936693
1681,-0.3799999999999968,0.2093207511773946,8.0,0.3054642951409745
1682,-0.3599999999999967,0.1916579744894543,8.0,0.29038472738999294
1683,-0.3399999999999967,0.1739951978015138,8.0,0.2722357409085189
1684,-0.3199999999999967,0.1563324211135736,8.0,0.25082929364559153
1685,-0.2999999999999967,0.1338508047074833,8.0,0.22617115144339417
1686,-0.2799999999999967,0.1099259402044464,8.0,0.1985552378057519
1687,-0.2599999999999967,0.090542314194567,8.0,0.1686527609035856
1688,-0.2399999999999966,0.0760472516419941,8.0,0.13756808567392131
1689,-0.2199999999999966,0.0706340631046804,8.0,0.10682885521756674
1690,-0.1999999999999966,0.0739810986498959,8.0,0.0782859815862102
1691,-0.1799999999999966,0.0860163384929093,8.0,0.05392110397591987
1692,-0.1599999999999966,0.0984552521092943,8.0,0.03558701972610051
1693,-0.1399999999999965,0.1108941657256787,8.0,0.024727112732533973
1694,-0.1199999999999965,0.119771447436401,8.0,0.022124441978503884
1695,-0.0999999999999965,0.1275780813991683,8.0,0.0277226695193164
1696,-0.0799999999999965,0.1171936719844422,8.0,0.040548836478375816
1697,-0.0599999999999965,0.1040502009487899,8.0,0.058757769853692854
1698,-0.0399999999999964,0.0909067299131376,8.0,0.07980615166937483
1699,-0.0199999999999964,0.0777632588774853,8.0,0.10074352653146487
1700,3.552713678800501e-15,0.0650155660911961,8.0,0.11857726075529293
1701,0.0200000000000031,0.0585775173381916,8.0,0.1306413820222609
1702,0.0400000000000035,0.0496465689372157,8.0,0.13489425487065745
1703,0.060000000000004,0.0408761669354473,8.0,0.13009621245162536
1704,0.0800000000000036,0.0329842040533128,8.0,0.11586496472910643
1705,0.1000000000000032,0.0250922411711783,8.0,0.09265080166442474
1706,0.1200000000000036,0.0172002782890437,8.0,0.06169624002479973
1707,0.1400000000000041,0.009302868085492,8.0,0.02503993826981593
1708,0.1600000000000037,0.0013679619057495,8.0,-0.01440493252536218
1709,0.1800000000000032,-0.0030082927180188,8.0,-0.05272303874944201
1710,0.2000000000000037,6.332160375340121e-15,8.0,-0.08493890675719634
1711,0.2200000000000042,0.0030082927180316,8.0,-0.10529204989994728
1712,0.2400000000000037,0.0060165854360567,8.0,-0.1082512736682601
1713,0.2600000000000033,0.0090248781540819,8.0,-0.09056804950630981
1714,0.2800000000000038,0.0146036001592663,8.0,-0.05388091664510791
1715,0.3000000000000042,0.0216145913824622,8.0,-0.006000393000067661
1716,0.3200000000000038,0.0286255826056584,8.0,0.041265616929921645
1717,0.3400000000000034,0.0356365738288543,8.0,0.07722349325504435
1718,0.3600000000000039,0.0426475650520505,8.0,0.09660386753106642
1719,0.3800000000000043,0.0496585562752469,8.0,0.10014491465162176
1720,0.4000000000000039,0.0566695474984427,8.0,0.09223633910820916
1721,0.4200000000000035,0.0636805387216386,8.0,0.0781470684006299
1722,0.4400000000000039,0.0706915299448346,8.0,0.06232268289485593
1723,0.4600000000000044,0.0777025211680308,8.0,0.047820711005828076
1724,0.480000000000004,0.0847135123912269,8.0,0.036401082981557975
1725,0.5000000000000036,0.0917245036144228,8.0,0.02884835876091657
1726,0.520000000000004,0.0987354948376189,8.0,0.025302708654034
1727,0.5400000000000045,0.1057464860608153,8.0,0.025520857504562677
1728,0.560000000000004,0.1127574772840111,8.0,0.02905786960478063
1729,0.5800000000000036,0.1197684685072071,8.0,0.03538471060815035
1730,0.6000000000000041,0.1267794597304033,8.0,0.04396011060233246
1731,0.6200000000000045,0.1337904509535998,8.0,0.054271974698297865
1732,0.6400000000000041,0.1408014421767954,8.0,0.06585920848317017
1733,0.6600000000000037,0.1478124333999914,8.0,0.07832122106835032
1734,0.6800000000000042,0.1548234246231876,8.0,0.0913198354924451
1735,0.7000000000000046,0.1618344158463837,8.0,0.10457667325743669
1736,0.7200000000000042,0.1688454070695796,8.0,0.1178680113730636
1737,0.7400000000000038,0.1758563982927756,8.0,0.1310184182776359
1738,0.7600000000000042,0.1828673895159718,8.0,0.14389401566762927
1739,0.7800000000000047,0.1898783807391679,8.0,0.1563959001989819
1740,0.8000000000000043,0.1968893719623641,8.0,0.16845404214970117
1741,0.8200000000000038,0.2039003631855599,8.0,0.18002182797518337
1742,0.8400000000000043,0.210911354408756,8.0,0.19107131169567848
1743,0.8600000000000048,0.2179223456319521,8.0,0.20158917343494964
1744,0.8800000000000043,0.2249333368551484,8.0,0.21157334264732544
1745,0.9000000000000039,0.2319443280783444,8.0,0.22103022124374472
1746,0.9200000000000044,0.2389553193015403,8.0,0.2299724322183855
1747,0.9400000000000048,0.2459663105247361,8.0,0.2384170181118072
1748,0.9600000000000044,0.2529773017479328,8.0,0.24638401749140626
1749,0.980000000000004,0.2575468190285622,8.0,0.2538953542852542
1750,1.0000000000000044,0.2618820983638206,8.0,0.2609739827048082
1751,1.020000000000005,0.2662173776990787,8.0,0.2676432386235693
1752,1.0400000000000045,0.2705526570343373,8.0,0.2739263560324853
1753,1.060000000000004,0.2748879363695954,8.0,0.27984611423813094
1754,1.0800000000000043,0.2792232157048535,8.0,0.2854245876618259
1755,1.100000000000005,0.2835584950401117,8.0,0.2906829754094598
1756,1.1200000000000043,0.2878937743753696,8.0,0.29564149225468533
1757,1.140000000000004,0.2922290537106283,8.0,0.30031930639057597
1758,1.1600000000000046,0.2965643330458865,8.0,0.3047345123504697
1759,1.180000000000005,0.3008996123811451,8.0,0.3089041299735773
1760,1.2000000000000046,0.3052348917164029,8.0,0.31284412228593456
1761,1.2200000000000042,0.3095701710516612,8.0,0.3165694267644585
1762,1.2400000000000049,0.3139054503869196,8.0,0.32009399572288244
1763,1.2600000000000051,0.3182407297221778,8.0,0.3234308425642459
1764,1.2800000000000047,0.3225760090574359,8.0,0.32659209143668483
1765,1.3000000000000045,0.3269112883926939,8.0,0.32958902844984417
1766,1.3200000000000047,0.3312465677279522,8.0,0.33243215309305335
1767,1.3400000000000052,0.3355818470632104,8.0,0.3351312288716083
1768,1.3600000000000048,0.3399171263984687,8.0,0.33769533246687444
1769,1.3800000000000043,0.3442524057337269,8.0,0.340132900947623
1770,1.4000000000000048,0.3485876850689848,8.0,0.34245177672864907
1771,1.4200000000000053,0.3529229644042435,8.0,0.3446592500998522
1772,1.4400000000000048,0.3572582437395016,8.0,0.34676209924374035
1773,1.4600000000000044,0.3615935230747595,8.0,0.34876662772901657
1774,1.4800000000000049,0.3659288024100177,8.0,0.35067869951824177
1775,1.500000000000005,0.3702640817452762,8.0,0.3525037715629686
1776,1.520000000000005,0.3745993610805342,8.0,0.3542469240838107
1777,1.5400000000000045,0.3789346404157923,8.0,0.355912888648303
1778,1.560000000000005,0.3832699197510511,8.0,0.35750607416834085
1779,1.5800000000000054,0.3876051990863096,8.0,0.35903059094306633
1780,1.600000000000005,0.3919404784215673,8.0,0.3604902728736141
1781,1.6200000000000043,0.3973476361344987,8.0,0.361888697974126
1782,1.640000000000005,0.4028673400994705,8.0,0.363229207299637
1783,1.6600000000000057,0.4083870440644426,8.0,0.36451492240642946
1784,1.680000000000005,0.4139067480294142,8.0,0.36574876145466967
1785,1.7000000000000046,0.4194264519943855,8.0,0.3669334540569188
1786,1.720000000000005,0.4249461559593577,8.0,0.3680715549696885
1787,1.7400000000000055,0.4304658599243293,8.0,0.36916545671878165
1788,1.7600000000000051,0.4359855638893009,8.0,0.3702174012428326
1789,1.7800000000000047,0.4415052678542727,8.0,0.3712294906333416
1790,1.8000000000000052,0.4470249718192441,8.0,0.3722036970436398
1791,1.8200000000000056,0.452544675784216,8.0,0.3731418718336714
1792,1.8400000000000047,0.4580643797491878,8.0,0.3740457540122348
1793,1.8600000000000048,0.4635840837141594,8.0,0.37491697803344237
1794,1.8800000000000048,0.4691037876791311,8.0,0.37575708099956906
1795,1.9000000000000057,0.4746234916441031,8.0,0.37656750931822675
1796,1.9200000000000053,0.4801431956090745,8.0,0.377349624857879
1797,1.9400000000000048,0.485662899574046,8.0,0.3781047106420649
1798,1.9600000000000053,0.4911826035390179,8.0,0.37883397611937353
1799,1.9800000000000055,0.4967023075039898,8.0,0.37953856204312075
1800,-1.9999999999999984,0.9012987170802343,9.0,0.9756762481888732
1801,-1.9799999999999984,0.903224116024046,9.0,0.9466889125428211
1802,-1.9599999999999984,0.9051495149678576,9.0,0.9190187106664509
1803,-1.9399999999999984,0.9070749139116692,9.0,0.8932579852142759
1804,-1.9199999999999984,0.909000312855481,9.0,0.8699402919003427
1805,-1.899999999999998,0.9109257117992928,9.0,0.8494950238815339
1806,-1.879999999999998,0.9128511107431042,9.0,0.8322122080165084
1807,-1.859999999999998,0.914776509686916,9.0,0.8182233743424503
1808,-1.839999999999998,0.9167019086307276,9.0,0.807501032196374
1809,-1.819999999999998,0.9186273075745393,9.0,0.799875399834719
1810,-1.799999999999998,0.920552706518351,9.0,0.7950638768132213
1811,-1.779999999999998,0.9223660572564584,9.0,0.7927071466054911
1812,-1.759999999999998,0.9240332282642924,9.0,0.7924058848966763
1813,-1.739999999999998,0.9257003992721266,9.0,0.7937533794649148
1814,-1.719999999999998,0.9273675702799608,9.0,0.7963612487241651
1815,-1.699999999999998,0.929034741287795,9.0,0.7998772644409287
1816,-1.679999999999998,0.930701912295629,9.0,0.8039956715300709
1817,-1.659999999999998,0.9323690833034632,9.0,0.8084612377703566
1818,-1.639999999999998,0.9338705753274752,9.0,0.8130686145298145
1819,-1.619999999999998,0.9351696743312222,9.0,0.8176585810705027
1820,-1.599999999999998,0.9364687733349694,9.0,0.8221125256613016
1821,-1.579999999999998,0.9377678723387164,9.0,0.8263462072894499
1822,-1.5599999999999978,0.9390669713424636,9.0,0.8303035255483748
1823,-1.5399999999999978,0.9403660703462106,9.0,0.8339507509678303
1824,-1.5199999999999978,0.9416651693499576,9.0,0.837271453636413
1825,-1.4999999999999978,0.9429642683537046,9.0,0.8402622161476143
1826,-1.4799999999999978,0.944263367357452,9.0,0.8429291193575167
1827,-1.4599999999999975,0.945562466361199,9.0,0.8452849339310742
1828,-1.4399999999999975,0.946861565364946,9.0,0.847346924833132
1829,-1.4199999999999977,0.9481606643686932,9.0,0.8491351693040482
1830,-1.3999999999999977,0.94945976337244,9.0,0.8506712934774752
1831,-1.3799999999999977,0.9507588623761872,9.0,0.8519775431027043
1832,-1.3599999999999977,0.9520579613799344,9.0,0.853076116268122
1833,-1.3399999999999976,0.9533570603836816,9.0,0.8539886984967305
1834,-1.3199999999999976,0.9546561593874284,9.0,0.8547361520083867
1835,-1.2999999999999976,0.9559552583911756,9.0,0.8553383208542837
1836,-1.2799999999999976,0.9572543573949228,9.0,0.8558139219306624
1837,-1.2599999999999976,0.9585534563986698,9.0,0.8561804986661692
1838,-1.2399999999999975,0.9598525554024168,9.0,0.856454419631188
1839,-1.2199999999999975,0.961151654406164,9.0,0.8566509086427669
1840,-1.1999999999999975,0.9624507534099112,9.0,0.8567840963328915
1841,-1.1799999999999975,0.963749852413658,9.0,0.8568670857867957
1842,-1.1599999999999977,0.9650489514174052,9.0,0.8569120268917736
1843,-1.1399999999999977,0.9663480504211522,9.0,0.8569301955900158
1844,-1.1199999999999974,0.9676471494248996,9.0,0.8569320754029742
1845,-1.0999999999999974,0.9689462484286464,9.0,0.8569274394716662
1846,-1.0799999999999974,0.9702453474323935,9.0,0.8569254320028159
1847,-1.0599999999999974,0.9715444464361406,9.0,0.8569346484769274
1848,-1.0399999999999974,0.9728435454398876,9.0,0.8569632143022282
1849,-1.0199999999999974,0.9741426444436349,9.0,0.8570188618196657
1850,-0.9999999999999972,0.975441743447382,9.0,0.8571090057027101
1851,-0.9799999999999972,0.9767408424511288,9.0,0.8572408168690664
1852,-0.9599999999999972,0.978039941454876,9.0,0.8574212950410587
1853,-0.9399999999999972,0.9793390404586232,9.0,0.857657340063898
1854,-0.9199999999999972,0.9806381394623702,9.0,0.8579558220176956
1855,-0.8999999999999972,0.9819372384661172,9.0,0.8583236500363691
1856,-0.8799999999999972,0.9832363374698644,9.0,0.8587678395657401
1857,-0.8599999999999972,0.9845354364736116,9.0,0.8592955775391891
1858,-0.8399999999999972,0.9858345354773586,9.0,0.8599142846002663
1859,-0.8199999999999972,0.9871336344811056,9.0,0.8606316730268945
1860,-0.7999999999999972,0.9884327334848528,9.0,0.861455798369442
1861,-0.7799999999999971,0.9897318324886,9.0,0.8623951019492705
1862,-0.7599999999999971,0.9910309314923468,9.0,0.8634584402016674
1863,-0.7399999999999971,0.992046892673731,9.0,0.8646550952907645
1864,-0.7199999999999971,0.9928020668459706,9.0,0.8659947593483932
1865,-0.6999999999999971,0.9935572410182104,9.0,0.8674874819310592
1866,-0.679999999999997,0.99431241519045,9.0,0.8691435666406229
1867,-0.659999999999997,0.99506758936269,9.0,0.8709733980492669
1868,-0.639999999999997,0.9958227635349296,9.0,0.8729871737748273
1869,-0.619999999999997,0.9965779377071696,9.0,0.8751945083579944
1870,-0.599999999999997,0.9973331118794092,9.0,0.8776038650066369
1871,-0.579999999999997,0.998088286051649,9.0,0.8802217577330109
1872,-0.559999999999997,0.9988434602238886,9.0,0.8830516493312359
1873,-0.5399999999999969,0.9995986343961284,9.0,0.8860924495336493
1874,-0.5199999999999969,1.0000817159451196,9.0,0.8893364924163634
1875,-0.4999999999999969,0.9999999999999998,9.0,0.8927668434970086
1876,-0.4799999999999969,0.9993453818796576,9.0,0.8963537578663663
1877,-0.4599999999999968,0.9985825168678224,9.0,0.9000500883751282
1878,-0.4399999999999968,0.9978196518559872,9.0,0.903785443382797
1879,-0.4199999999999968,0.9970567868441522,9.0,0.9074589498739678
1880,-0.3999999999999968,0.9962939218323172,9.0,0.9109306544726308
1881,-0.3799999999999968,0.995531056820482,9.0,0.9140120123766384
1882,-0.3599999999999967,0.9947681918086468,9.0,0.9164567826007823
1883,-0.3399999999999967,0.9940053267968116,9.0,0.9179552977587335
1884,-0.3199999999999967,0.9936819288290089,9.0,0.9181379292810121
1885,-0.2999999999999967,0.9934693118455584,9.0,0.9165978830256214
1886,-0.2799999999999967,0.993256694862108,9.0,0.912948514542287
1887,-0.2599999999999967,0.9930440778786576,9.0,0.9069326709523775
1888,-0.2399999999999966,0.9928314608952072,9.0,0.8985926289862245
1889,-0.2199999999999966,0.9927115396841726,9.0,0.8884762437153209
1890,-0.1999999999999966,0.9922120684355225,9.0,0.877792989941406
1891,-0.1799999999999966,0.9909549407943016,9.0,0.8683722061848702
1892,-0.1599999999999966,0.9896978131530813,9.0,0.8622925909332486
1893,-0.1399999999999965,0.9877563541948104,9.0,0.8612132829240281
1894,-0.1199999999999965,0.9813364511520491,9.0,0.8656770083342127
1895,-0.0999999999999965,0.9714494288533324,9.0,0.8747649022427553
1896,-0.0799999999999965,0.9615624065546154,9.0,0.886315335145938
1897,-0.0599999999999965,0.953132438469247,9.0,0.8975890325600684
1898,-0.0399999999999964,0.9469718033407076,9.0,0.9060355349916105
1899,-0.0199999999999964,0.9384743798236784,9.0,0.9098367713389073
1900,3.552713678800501e-15,0.9294503498895008,9.0,0.9080959329606337
1901,0.0200000000000031,0.92118408225475,9.0,0.9007335924783519
1902,0.0400000000000035,0.913919097968816,9.0,0.8882426813532724
1903,0.060000000000004,0.9066541136828824,9.0,0.8714418937770234
1904,0.0800000000000036,0.8989240508297472,9.0,0.8513097085039764
1905,0.1000000000000032,0.8911199519493639,9.0,0.8289272945309869
1906,0.1200000000000036,0.8833158530689803,9.0,0.8055260562824266
1907,0.1400000000000041,0.8755595690337008,9.0,0.7826179596829907
1908,0.1600000000000037,0.867816588963319,9.0,0.7621662114045253
1909,0.1800000000000032,0.8600736088929373,9.0,0.7467109458271457
1910,0.2000000000000037,0.8520397674178564,9.0,0.7392898935401286
1911,0.2200000000000042,0.8427847538739878,9.0,0.7429167772569965
1912,0.2400000000000037,0.8335297403301197,9.0,0.7594199009673211
1913,0.2600000000000033,0.8242747267862515,9.0,0.7878118299451341
1914,0.2800000000000038,0.8150197132423829,9.0,0.823102471320454
1915,0.3000000000000042,0.8057646996985144,9.0,0.8569320626838814
1916,0.3200000000000038,0.7965096861546462,9.0,0.8804632810935149
1917,0.3400000000000034,0.7872546726107782,9.0,0.8879115208836583
1918,0.3600000000000039,0.7782650721585312,9.0,0.8783042712656206
1919,0.3800000000000043,0.7732084690790412,9.0,0.8547061140344987
1920,0.4000000000000039,0.7681518659995512,9.0,0.8221191495878469
1921,0.4200000000000035,0.7630952629200614,9.0,0.7855752591540588
1922,0.4400000000000039,0.7580386598405714,9.0,0.749082579075081
1923,0.4600000000000044,0.7529820567610812,9.0,0.7153352537529682
1924,0.480000000000004,0.7479254536815916,9.0,0.6858517584634203
1925,0.5000000000000036,0.7428688506021016,9.0,0.6612661665628391
1926,0.520000000000004,0.7378122475226115,9.0,0.6416213760491064
1927,0.5400000000000045,0.7327556444431215,9.0,0.6266055299853039
1928,0.560000000000004,0.7287344998582602,9.0,0.6157215460068273
1929,0.5800000000000036,0.7251833225120774,9.0,0.6083992943081988
1930,0.6000000000000041,0.7212388193537876,9.0,0.6040648013743829
1931,0.6200000000000045,0.7171196270027164,9.0,0.6021796451310044
1932,0.6400000000000041,0.7130544606349667,9.0,0.6022607542090552
1933,0.6600000000000037,0.7091483260946293,9.0,0.6038879017989598
1934,0.6800000000000042,0.7052421915542915,9.0,0.6067038464319248
1935,0.7000000000000046,0.7013360570139539,9.0,0.6104103698043568
1936,0.7200000000000042,0.6974299224736162,9.0,0.6147622835022873
1937,0.7400000000000038,0.6935237879332787,9.0,0.619560684941269
1938,0.7600000000000042,0.6896176533929409,9.0,0.624646221764535
1939,0.7800000000000047,0.6859535052506238,9.0,0.629892786812329
1940,0.8000000000000043,0.6815295803488508,9.0,0.635201851849389
1941,0.8200000000000038,0.6769330102998483,9.0,0.6404975160199102
1942,0.8400000000000043,0.6723364402508455,9.0,0.6457222664639396
1943,0.8600000000000048,0.6677398702018428,9.0,0.6508334048307736
1944,0.8800000000000043,0.6631433001528401,9.0,0.65580007192701
1945,0.9000000000000039,0.6585467301038375,9.0,0.6606007950058069
1946,0.9200000000000044,0.654113266357652,9.0,0.6652214826588311
1947,0.9400000000000048,0.6511123670898971,9.0,0.6696537972719816
1948,0.9600000000000044,0.6481114678221421,9.0,0.6738938422232318
1949,0.980000000000004,0.6451105685543873,9.0,0.6779411089934633
1950,1.0000000000000044,0.6421096692866323,9.0,0.6817976372744747
1951,1.020000000000005,0.6391087700188772,9.0,0.6854673485219773
1952,1.0400000000000045,0.6361078707511224,9.0,0.688955519989432
1953,1.060000000000004,0.6331069714833675,9.0,0.6922683720162155
1954,1.0800000000000043,0.6301060722156125,9.0,0.6954127462443218
1955,1.100000000000005,0.6271051729478574,9.0,0.6983958565634159
1956,1.1200000000000043,0.6241042736801027,9.0,0.7012250980186104
1957,1.140000000000004,0.6211033744123476,9.0,0.7039079017499938
1958,1.1600000000000046,0.6181024751445925,9.0,0.7064516263563151
1959,1.180000000000005,0.6151015758768377,9.0,0.708863477969264
1960,1.2000000000000046,0.6121006766090827,9.0,0.7111504528618322
1961,1.2200000000000042,0.6090997773413278,9.0,0.7133192976571978
1962,1.2400000000000049,0.6060988780735729,9.0,0.7153764832066238
1963,1.2600000000000051,0.6030979788058178,9.0,0.7173281890107548
1964,1.2800000000000047,0.600097079538063,9.0,0.7191802957053934
1965,1.3000000000000045,0.5970961802703081,9.0,0.7209383836508851
1966,1.3200000000000047,0.5940952810025532,9.0,0.7226077360785046
1967,1.3400000000000052,0.591094381734798,9.0,0.7241933455780111
1968,1.3600000000000048,0.5880934824670432,9.0,0.7256999229742662
1969,1.3800000000000043,0.5845757337292999,9.0,0.7271319078507266
1970,1.4000000000000048,0.5806423569550989,9.0,0.7284934801444944
1971,1.4200000000000053,0.5767089801808976,9.0,0.7297885723699737
1972,1.4400000000000048,0.5727756034066964,9.0,0.7310208821330084
1973,1.4600000000000044,0.5688422266324954,9.0,0.7321938846801921
1974,1.4800000000000049,0.564908849858294,9.0,0.733310845293283
1975,1.500000000000005,0.5609754730840929,9.0,0.7343748313899259
1976,1.520000000000005,0.5570420963098917,9.0,0.735388724231952
1977,1.5400000000000045,0.5531087195356904,9.0,0.7363552301737937
1978,1.560000000000005,0.5491753427614895,9.0,0.7372768914077075
1979,1.5800000000000054,0.5452419659872881,9.0,0.7381560961811043
1980,1.600000000000005,0.541308589213087,9.0,0.7389950884754616
1981,1.6200000000000043,0.5373752124388859,9.0,0.7397959771469482
1982,1.640000000000005,0.5334418356646845,9.0,0.7405607445368352
1983,1.6600000000000057,0.5295084588904834,9.0,0.7412912545654996
1984,1.680000000000005,0.5255750821162822,9.0,0.7419892603279117
1985,1.7000000000000046,0.5216417053420812,9.0,0.7426564112112336
1986,1.720000000000005,0.5177083285678798,9.0,0.7432942595568877
1987,1.7400000000000055,0.5137749517936785,9.0,0.7439042668904081
1988,1.7600000000000051,0.5098415750194778,9.0,0.7444878097427232
1989,1.7800000000000047,0.5059081982452762,9.0,0.745046185086444
1990,1.8000000000000052,0.5019748214710749,9.0,0.7455806154102864
1991,1.8200000000000056,0.4980414446968735,9.0,0.7460922534541059
1992,1.8400000000000047,0.4941080679226729,9.0,0.7465821866261844
1993,1.8600000000000048,0.4901746911484715,9.0,0.7470514411234663
1994,1.8800000000000048,0.4862413143742703,9.0,0.7475009857744348
1995,1.9000000000000057,0.4823079376000693,9.0,0.7479317356232653
1996,1.9200000000000053,0.478374560825868,9.0,0.7483445552728426
1997,1.9400000000000048,0.474441184051667,9.0,0.7487402620031784
1998,1.9600000000000053,0.4705078072774658,9.0,0.7491196286807394
1999,1.9800000000000055,0.4665744305032643,9.0,0.7494833864732018
